Pos.;Leistung;Menge;Einheit;Quelle;Datei
10;Aufgrabeschein lösen, einschl. Erstellung aller dafür notwendigen Unterlagen.;1,0;psch;gaeb;leistungsbeschreibungen/139 LV Gewässerverrohrung_Lachsbach.X83
20;Geräte, Werkzeuge und sonstige Betriebsmittel, die zur;1,0;psch;gaeb;leistungsbeschreibungen/139 LV Gewässerverrohrung_Lachsbach.X83
30;Baustelle betreiben;140,0;d;gaeb;leistungsbeschreibungen/139 LV Gewässerverrohrung_Lachsbach.X83
40;Baustelle von allen Geräten, Anlagen, Einrichtungen und;1,0;psch;gaeb;leistungsbeschreibungen/139 LV Gewässerverrohrung_Lachsbach.X83
50;Räume (doppelwandig) für den AG aufbauen.;1,0;psch;gaeb;leistungsbeschreibungen/139 LV Gewässerverrohrung_Lachsbach.X83
60;Räumlichkeit für den AG vorhalten;140,0;d;gaeb;leistungsbeschreibungen/139 LV Gewässerverrohrung_Lachsbach.X83
70;Räumlichkeit für den AG umsetzen.;1,0;St;gaeb;leistungsbeschreibungen/139 LV Gewässerverrohrung_Lachsbach.X83
80;Bauzeitenplan vor Baubeginn aufstellen.;1,0;psch;gaeb;leistungsbeschreibungen/139 LV Gewässerverrohrung_Lachsbach.X83
90;Für die Abrechnung ist eine Abrechnungszeichnung;1,0;psch;gaeb;leistungsbeschreibungen/139 LV Gewässerverrohrung_Lachsbach.X83
100;Technische Bearbeitung;1,0;psch;gaeb;leistungsbeschreibungen/139 LV Gewässerverrohrung_Lachsbach.X83
110;Information der Anlieger über Baudurchführung / Bauablauf.;1,0;Stk;gaeb;leistungsbeschreibungen/139 LV Gewässerverrohrung_Lachsbach.X83
120;Bestandsplan erstellen und liefern, in dem alle im Leistungsverzeichnis aufgeführten Flächen einzutragen sind.;1,0;psch;gaeb;leistungsbeschreibungen/139 LV Gewässerverrohrung_Lachsbach.X83
10;Verkehrsführungspläne für 6 Bauphasen und 1 Hinweistafelpläne gemäß Baubeschreibung und Bauphasen-/Hinweistafelpläne als Verkehrszeichenpläne aufstellen und fortschreiben, mit den zuständigen Dienststellen und Beteiligten abstimmen und anordnen lassen.;1,0;psch;gaeb;leistungsbeschreibungen/139 LV Gewässerverrohrung_Lachsbach.X83
20;Verkehrsführung und Verkehrssicherung, einschließlich;1,0;psch;gaeb;leistungsbeschreibungen/139 LV Gewässerverrohrung_Lachsbach.X83
30;Verkehrsführung der Vorposition während der gesamten vorhalten.;40,0;d;gaeb;leistungsbeschreibungen/139 LV Gewässerverrohrung_Lachsbach.X83
40;Verkehrsführung und Verkehrssicherung, einschließlich;1,0;psch;gaeb;leistungsbeschreibungen/139 LV Gewässerverrohrung_Lachsbach.X83
50;Verkehrsführung und Verkehrssicherung, einschließlich;1,0;psch;gaeb;leistungsbeschreibungen/139 LV Gewässerverrohrung_Lachsbach.X83
60;Verkehrsführung der Vorposition während der gesamten vorhalten.;10,0;d;gaeb;leistungsbeschreibungen/139 LV Gewässerverrohrung_Lachsbach.X83
70;Verkehrsführung und Verkehrssicherung, einschließlich;1,0;psch;gaeb;leistungsbeschreibungen/139 LV Gewässerverrohrung_Lachsbach.X83
80;Einrichtung und Beschilderung zur großräumigen;1,0;psch;gaeb;leistungsbeschreibungen/139 LV Gewässerverrohrung_Lachsbach.X83
90;Einrichtung und Beschilderung zur großräumigen;7,0;d;gaeb;leistungsbeschreibungen/139 LV Gewässerverrohrung_Lachsbach.X83
100;Einrichtung und Beschilderung zur großräumigen;1,0;psch;gaeb;leistungsbeschreibungen/139 LV Gewässerverrohrung_Lachsbach.X83
110;Kontrolle der Arbeitsstellensicherung gem. ZTV-SA;40,0;d;gaeb;leistungsbeschreibungen/139 LV Gewässerverrohrung_Lachsbach.X83
120;Bauzaun liefern, standsicher aufstellen und nach Beendigung abbauen, einschließlich der erforderlichen Pfosten und Aufstellvorrichtungen.;100,0;m;gaeb;leistungsbeschreibungen/139 LV Gewässerverrohrung_Lachsbach.X83
130;Bauzaun, einschließlich der erforderlichen Pfosten und Aufstellvorrichtungen, während der gesamten Bauzeit vorhalten, kontrollieren, warten, betreiben und soweit erforderlich versetzen.;4000,0;m*d;gaeb;leistungsbeschreibungen/139 LV Gewässerverrohrung_Lachsbach.X83
140;Zusätzliche Verkehrszeichen verschiedener Art;1,0;St;gaeb;leistungsbeschreibungen/139 LV Gewässerverrohrung_Lachsbach.X83
150;Zusätzliche Verkehrszeichen verschiedener Art;40,0;St*d;gaeb;leistungsbeschreibungen/139 LV Gewässerverrohrung_Lachsbach.X83
10;Oberbodenfläche, Vegetationsdecke aus Grassoden, Wurzeln etc. aus einer ehemaligen Grünlandfläche in ebenen bis flach geneigten Flächen abschieben, laden, innerhalb der Baustelle fördern, abladen, zu regelmäßig geformten und DIN-gerechten Mieten locker aufsetzen, aufladen, abfahren und einer geeigne;250,0;m2;gaeb;leistungsbeschreibungen/139 LV Gewässerverrohrung_Lachsbach.X83
20;Hecken und Buschwerk jeder Art mit Wurzelwerk roden, aufladen und entsorgen bzw. einer geeigneten Wiederverwendung zuführen.;135,0;m2;gaeb;leistungsbeschreibungen/139 LV Gewässerverrohrung_Lachsbach.X83
30;Wurzelstock einschließlich Wurzelansätzen roden.;21,0;Stck;gaeb;leistungsbeschreibungen/139 LV Gewässerverrohrung_Lachsbach.X83
40;Probeaufgrabung;5,0;m;gaeb;leistungsbeschreibungen/139 LV Gewässerverrohrung_Lachsbach.X83
50;Probeaufgrabung;5,0;m;gaeb;leistungsbeschreibungen/139 LV Gewässerverrohrung_Lachsbach.X83
60;Handschachtung.;20,0;m3;gaeb;leistungsbeschreibungen/139 LV Gewässerverrohrung_Lachsbach.X83
70;Fremdleitungen sichern.;5,0;m;gaeb;leistungsbeschreibungen/139 LV Gewässerverrohrung_Lachsbach.X83
80;Fremdleitungen sichern.;10,0;m;gaeb;leistungsbeschreibungen/139 LV Gewässerverrohrung_Lachsbach.X83
90;Bäume fällen.;2,0;Stck;gaeb;leistungsbeschreibungen/139 LV Gewässerverrohrung_Lachsbach.X83
100;Bäume fällen.;18,0;Stck;gaeb;leistungsbeschreibungen/139 LV Gewässerverrohrung_Lachsbach.X83
110;Bäume fällen.;2,0;Stck;gaeb;leistungsbeschreibungen/139 LV Gewässerverrohrung_Lachsbach.X83
120;Zulage: Bäume fällen Du 51-70 cm;2,0;Stck;gaeb;leistungsbeschreibungen/139 LV Gewässerverrohrung_Lachsbach.X83
130;Freigelegte Wurzelbereiche während der Bauzeit gegen;30,0;m2;gaeb;leistungsbeschreibungen/139 LV Gewässerverrohrung_Lachsbach.X83
140;Baumschutz herstellen.;11,0;Stck;gaeb;leistungsbeschreibungen/139 LV Gewässerverrohrung_Lachsbach.X83
150;Wurzelschaden des Baumes unter Berücksichtigung des na-;2,0;St;gaeb;leistungsbeschreibungen/139 LV Gewässerverrohrung_Lachsbach.X83
160;Lichtraumprofilschnitt durchführen. Äste erforderlichen;6,0;St;gaeb;leistungsbeschreibungen/139 LV Gewässerverrohrung_Lachsbach.X83
170;Totholz am Baum nach Unterlagen des AG beseitigen. Tote;6,0;St;gaeb;leistungsbeschreibungen/139 LV Gewässerverrohrung_Lachsbach.X83
180;An- und Abfahrt pro Einsatz eines Baumpflegers für die;2,0;Stck;gaeb;leistungsbeschreibungen/139 LV Gewässerverrohrung_Lachsbach.X83
190;Baumpflegerische Begleitung aller Maßnahmen im Baumumfeld wie Baustelleneinrichtung, Aufnahme des Oberflächenbelages, Aufgrabungen, Saugwageneinsatz, Verfüllungen und Verdichtungen im Wurzelbereich.;16,0;h;gaeb;leistungsbeschreibungen/139 LV Gewässerverrohrung_Lachsbach.X83
200;An- und Abfahrt eines Saugbaggers.;1,0;Stck;gaeb;leistungsbeschreibungen/139 LV Gewässerverrohrung_Lachsbach.X83
210;Stundenlohnarbeiten durch Baugeräte;4,0;h;gaeb;leistungsbeschreibungen/139 LV Gewässerverrohrung_Lachsbach.X83
220;Bodenaushub mittels Erdsauger;10,0;m3;gaeb;leistungsbeschreibungen/139 LV Gewässerverrohrung_Lachsbach.X83
230;Findlinge im Zuge des Bodenabtrags lösen, aufnehmen, aufladen und entsorgen bzw. einer geeigneten Wiederverwendung zuführen, einschließlich aller Nebenarbeiten.;4,0;Stck;gaeb;leistungsbeschreibungen/139 LV Gewässerverrohrung_Lachsbach.X83
240;Findlinge im Zuge des Bodenabtrags lösen, aufnehmen, aufladen und entsorgen bzw. einer geeigneten Wiederverwendung zuführen, einschließlich aller Nebenarbeiten.;4,0;Stck;gaeb;leistungsbeschreibungen/139 LV Gewässerverrohrung_Lachsbach.X83
250;Litfaßsäule einschließlich Fundament und ggf. vorhandener Einbauten fachgerecht aufnehmen.;1,0;Stck;gaeb;leistungsbeschreibungen/139 LV Gewässerverrohrung_Lachsbach.X83
260;Straßenraumbegrenzungspoller aus Naturstein oder Stahl, aufnehmen, aufladen und seitl. lagern.;1,0;Stck;gaeb;leistungsbeschreibungen/139 LV Gewässerverrohrung_Lachsbach.X83
270;Straßenbeleuchtungskörper einschließlich Mast, Leuchtenkopf und ggf. Fundament fachgerecht aufnehmen.;1,0;Stck;gaeb;leistungsbeschreibungen/139 LV Gewässerverrohrung_Lachsbach.X83
280;Schicht ohne Bindemittel in der Fahrbahn und den Nebenflächen lösen, aufnehmen und beseitigen.;20,0;m3;gaeb;leistungsbeschreibungen/139 LV Gewässerverrohrung_Lachsbach.X83
290;Beprobung vorhandener Asphaltbefestigungen zur Untersuchung auf pechhaltige Bestandteile (PAK) einschließlich fachgerechter Probenahme (z. B. Bohrkern oder Stemmprobe) gemäß DIN EN 932-1 sowie RuVA-StB, sachgerechtem Verpacken, Kennzeichnen und Transport der Proben zu einem akkreditierten Prüflabor,;1,0;psch;gaeb;leistungsbeschreibungen/139 LV Gewässerverrohrung_Lachsbach.X83
300;Asphaltbefestigung geradlinig trennen.;40,0;m;gaeb;leistungsbeschreibungen/139 LV Gewässerverrohrung_Lachsbach.X83
310;Zulage: Asphaltbefest. trennen, pechhaltig;10,0;m;gaeb;leistungsbeschreibungen/139 LV Gewässerverrohrung_Lachsbach.X83
320;Asphaltbefestigung aufbrechen und aufnehmen.;50,0;m2;gaeb;leistungsbeschreibungen/139 LV Gewässerverrohrung_Lachsbach.X83
330;Zulage: Asphaltbefestigung aufbrechen, pechhaltig;15,0;m2;gaeb;leistungsbeschreibungen/139 LV Gewässerverrohrung_Lachsbach.X83
340;Zu verschiedenen Zeiten und je nach Baufortschritt Asphaltbefestigung (auf LKW des AN aufgeladen) entsorgen.;100,0;t;gaeb;leistungsbeschreibungen/139 LV Gewässerverrohrung_Lachsbach.X83
350;Zulage: Asphaltbefest. entsorgen, pechhaltig.;20,0;t;gaeb;leistungsbeschreibungen/139 LV Gewässerverrohrung_Lachsbach.X83
10;Zwischenlagerung für Aushub- / Aufbruchmaterial.;1,0;psch;gaeb;leistungsbeschreibungen/139 LV Gewässerverrohrung_Lachsbach.X83
20;Boden des u.g. Homogenbereiches mit den Kennwerten nach Baubeschreibung und Baugrundgutachten unterhalb der Vegetationsdecke profilgerecht lösen, laden, innerhalb der Baustelle fördern, abladen, zu regelmäßig geformten und DIN-gerechten Mieten locker aufsetzen.;180,0;m3;gaeb;leistungsbeschreibungen/139 LV Gewässerverrohrung_Lachsbach.X83
30;Boden des u.g. Homogenbereiches mit den Kennwerten nach Baubeschreibung und Baugrundgutachten, im Baustellenbereich (zwischen-) lagernd, aufladen, zum Einbauort fördern und lagenweise einbauen und verdichten.;150,0;m3;gaeb;leistungsbeschreibungen/139 LV Gewässerverrohrung_Lachsbach.X83
40;Boden des u.g. Homogenbereiches mit den Kennwerten nach Baubeschreibung und Baugrundgutachten unterhalb des Homogenbereiches 1 profilgerecht lösen, laden, innerhalb der Baustelle fördern, abladen, zu regelmäßig geformten und DIN-gerechten Mieten locker aufsetzen.;20,0;m3;gaeb;leistungsbeschreibungen/139 LV Gewässerverrohrung_Lachsbach.X83
50;Boden des u.g. Homogenbereiches mit den Kennwerten nach Baubeschreibung und Baugrundgutachten unterhalb des Homogenbereiches 1 profilgerecht lösen, laden, innerhalb der Baustelle fördern, abladen, zu regelmäßig geformten und DIN-gerechten Mieten locker aufsetzen.;5,0;m3;gaeb;leistungsbeschreibungen/139 LV Gewässerverrohrung_Lachsbach.X83
60;Untersuchung zur Abfalldeklaration nach EBV Mindestuntersu- chungsprogramm für Boden vor der Aufbereitung bei unspezifi- schem Verdacht, Untersuchung im Feststoff und Ealuat aus  Haufwerken. Ausführung wie folgt:;2,0;St;gaeb;leistungsbeschreibungen/139 LV Gewässerverrohrung_Lachsbach.X83
70;Ergänzende Analytik von Bodenaushub gemäß DepV, Anhang 3, Tabelle 2, bei Überschreitung der EBV-Zuordnung  Probenvorbereitung, Analysen und gutachterlicher  Bericht / abfallrechtliche Einstufung gem. DepV sind in  das Angebot einzupreisen.  Durchführung dieser Untersuchungen nur mit  ausdrücklicher ;2,0;St;gaeb;leistungsbeschreibungen/139 LV Gewässerverrohrung_Lachsbach.X83
80;Boden, nicht gefährlich, Zuordnung BM-F0 nach Ersatzbau- stoffverordnung (EBV), Art und Umfang der Belastung gem.  noch durchzuführender Deklarationsanalyse, auf Fahrzeug la- gernd, mit LKW des AN transportieren, entsorgen, zum La- ger/zur Anlage nach Wahl des AN, Vergütung der Entsorgung  übernimmt;870,0;t;gaeb;leistungsbeschreibungen/139 LV Gewässerverrohrung_Lachsbach.X83
90;Zulageposition zur Position Boden abtransportieren und entsorgen, BM-F0:;65,0;t;gaeb;leistungsbeschreibungen/139 LV Gewässerverrohrung_Lachsbach.X83
100;Zulageposition zur Position Boden abtransportieren und entsorgen, BM-F0:;261,0;t;gaeb;leistungsbeschreibungen/139 LV Gewässerverrohrung_Lachsbach.X83
110;Zulageposition zur Position Boden abtransportieren und entsorgen, BM-F0:;44,0;t;gaeb;leistungsbeschreibungen/139 LV Gewässerverrohrung_Lachsbach.X83
120;Zulageposition zur Position Boden abtransportieren und entsorgen, BM-F0:;22,0;t;gaeb;leistungsbeschreibungen/139 LV Gewässerverrohrung_Lachsbach.X83
130;Zulageposition zur Position Boden abtransportieren und entsorgen, BM-F0:;22,0;t;gaeb;leistungsbeschreibungen/139 LV Gewässerverrohrung_Lachsbach.X83
140;Zulageposition zur Position Boden abtransportieren und entsorgen, BM-F0:;22,0;t;gaeb;leistungsbeschreibungen/139 LV Gewässerverrohrung_Lachsbach.X83
10;Technische Bearbeitung;1,0;psch;gaeb;leistungsbeschreibungen/139 LV Gewässerverrohrung_Lachsbach.X83
20;Baugrube für offene Bauweise;1,0;Stck;gaeb;leistungsbeschreibungen/139 LV Gewässerverrohrung_Lachsbach.X83
30;Kanaldielenverbau für die Herstellung einer Schachtbaugrube Schacht Nr. '7022021' DN 1500 mit einer Tiefe von ca. 6,10 m in beengten Verhältnissen sowie unter Berücksichtigung vorhandener und zu sichernder Fremdleitungen frei Baustelle liefern, einbauen, vorhalten und nach Beendigung der Arbeiten wi;1,0;Stck;gaeb;leistungsbeschreibungen/139 LV Gewässerverrohrung_Lachsbach.X83
40;Baugrube für offene Bauweise, gem. DIN 4124 und;13,0;m;gaeb;leistungsbeschreibungen/139 LV Gewässerverrohrung_Lachsbach.X83
50;Baugrube für offene Bauweise wie vor, jedoch:;8,0;m;gaeb;leistungsbeschreibungen/139 LV Gewässerverrohrung_Lachsbach.X83
60;Verbau mit großflächigen Stahlverbauplatten im Einstell- oder Absenkverfahren unter Berücksichtigung der Arbeitsraumbreiten nach DIN 4124 und DIN EN 1610 frei Baustelle liefern, einbauen, vorhalten und nach Beendigung entfernen.;13,0;m;gaeb;leistungsbeschreibungen/139 LV Gewässerverrohrung_Lachsbach.X83
70;Verbau wie vor, jedoch:;8,0;m;gaeb;leistungsbeschreibungen/139 LV Gewässerverrohrung_Lachsbach.X83
80;Absenkschacht DN 3500 aus Stahlbetonfertigteilen gem. Ausführungsplanung liefern und herstellen, entsprechend den statischen Erfordernissen.;1,0;Stck;gaeb;leistungsbeschreibungen/139 LV Gewässerverrohrung_Lachsbach.X83
90;Zulage zur vorherigen Position:;1,0;psch;gaeb;leistungsbeschreibungen/139 LV Gewässerverrohrung_Lachsbach.X83
100;Einsteigeschacht liefern und einbauen;1,0;Stk;gaeb;leistungsbeschreibungen/139 LV Gewässerverrohrung_Lachsbach.X83
110;Absturz mittels eines Edelstahl –Formteils, für Schacht DN1500 Schacht Nr. '7022022' liefern und einbauen, Werkstoffnr. 1.4301.;1,0;Stck;gaeb;leistungsbeschreibungen/139 LV Gewässerverrohrung_Lachsbach.X83
120;Polypropylen Hochlastkanalrohre, Vollwandrohre;3,0;m;gaeb;leistungsbeschreibungen/139 LV Gewässerverrohrung_Lachsbach.X83
130;Rohrleitung fachgerecht trennen, einschl. alle erforderlichen Nebenarbeiten und Erdarbeiten. In der Baugrube.;3,0;Stck;gaeb;leistungsbeschreibungen/139 LV Gewässerverrohrung_Lachsbach.X83
140;Formstück in Rohrleitung liefern und einbauen. Vergütet wird der Mehraufwand für die Lieferung und den Einbau des Formstückes gegenüber der bis zur Innenfläche der Sammelrohrleitung durchgemessenen Rohrleitung.;1,0;Stck;gaeb;leistungsbeschreibungen/139 LV Gewässerverrohrung_Lachsbach.X83
150;Formstück in Rohrleitung liefern und einbauen wie vor, jedoch:;3,0;Stck;gaeb;leistungsbeschreibungen/139 LV Gewässerverrohrung_Lachsbach.X83
160;Rohrleitung fachgerecht trennen wie vor, jedoch:;1,0;Stck;gaeb;leistungsbeschreibungen/139 LV Gewässerverrohrung_Lachsbach.X83
170;Formstück wie vor, jedoch:;1,0;Stck;gaeb;leistungsbeschreibungen/139 LV Gewässerverrohrung_Lachsbach.X83
180;Entwässerungsleitung aus GFK-Rohren gemäß DIN EN 14364 / DIN EN ISO 23856 liefern, zwischenlagern, zur Verwendungsstelle transportieren und unter Beachtung der DIN EN 1610 sowie der Verlegevorschriften des Herstellers fachgerecht auf einer mindestens 10 cm dicken, steinfreien Sandschicht in den fert;8,0;m;gaeb;leistungsbeschreibungen/139 LV Gewässerverrohrung_Lachsbach.X83
190;Manschettendichtung für das Verbinden von Rohren;1,0;Stck;gaeb;leistungsbeschreibungen/139 LV Gewässerverrohrung_Lachsbach.X83
200;Manschettendichtung für das Verbinden von Rohren;2,0;Stck;gaeb;leistungsbeschreibungen/139 LV Gewässerverrohrung_Lachsbach.X83
210;Rohrleitung fachgerecht trennen, einschl. alle erforderlichen Nebenarbeiten und Erdarbeiten. In der Baugrube.;1,0;Stck;gaeb;leistungsbeschreibungen/139 LV Gewässerverrohrung_Lachsbach.X83
220;Böschungsstück mit rundem Kopf, mit fest in der Muffe integrierter Dichtung, zur Aufnahme von Ablaufrohren DN800 GFK, aus Beton, inkl. Transportanker, in der Schalung erhärtet hergestellt.;1,0;Stck;gaeb;leistungsbeschreibungen/139 LV Gewässerverrohrung_Lachsbach.X83
230;Polypropylen Hochlastkanalrohre, Vollwandrohre;10,0;m;gaeb;leistungsbeschreibungen/139 LV Gewässerverrohrung_Lachsbach.X83
240;Rohrleitung fachgerecht trennen, einschl. alle erforderlichen Nebenarbeiten und Erdarbeiten. In der Baugrube.;2,0;Stck;gaeb;leistungsbeschreibungen/139 LV Gewässerverrohrung_Lachsbach.X83
250;Formstück in Rohrleitung liefern und einbauen. Vergütet wird der Mehraufwand für die Lieferung und den Einbau des Formstückes gegenüber der bis zur Innenfläche der Sammelrohrleitung durchgemessenen Rohrleitung.;2,0;Stck;gaeb;leistungsbeschreibungen/139 LV Gewässerverrohrung_Lachsbach.X83
260;Formstück in Rohrleitung liefern und einbauen wie vor, jedoch:;3,0;Stck;gaeb;leistungsbeschreibungen/139 LV Gewässerverrohrung_Lachsbach.X83
270;Formstück in Rohrleitung liefern und einbauen wie vor, jedoch:;4,0;Stck;gaeb;leistungsbeschreibungen/139 LV Gewässerverrohrung_Lachsbach.X83
280;Einsteigeschacht von Unterfläche Fundament;1,0;Stck;gaeb;leistungsbeschreibungen/139 LV Gewässerverrohrung_Lachsbach.X83
290;Vorhandene Schachtbauwerke Rund oder Rechtecksbauwerk DN 1000 aus Beton und Mauerwerk, einschl. der Schachtabdeckungen, bis in eine Höhe von 1,0 m unter GOK abbrechen und die Schächte mit sandigen Füllboden mit der Ungleichförmigkeitsziffer (U) von mind. 3, einem Trockenraumgewicht bei 100 % Proctor;1,0;Stck;gaeb;leistungsbeschreibungen/139 LV Gewässerverrohrung_Lachsbach.X83
300;Vorhandene Schachtbauwerke teilweise abbrechen und verfüllen, wie vor, jedoch:;1,0;Stck;gaeb;leistungsbeschreibungen/139 LV Gewässerverrohrung_Lachsbach.X83
310;Schachtabdeckung ausbauen und abfahren,;3,0;Stck;gaeb;leistungsbeschreibungen/139 LV Gewässerverrohrung_Lachsbach.X83
320;Rohre im Baugrubenbereich ausbauen und abfahren,;10,0;m;gaeb;leistungsbeschreibungen/139 LV Gewässerverrohrung_Lachsbach.X83
330;Rohre im Baugrubenbereich ausbauen und abfahren,;13,0;m;gaeb;leistungsbeschreibungen/139 LV Gewässerverrohrung_Lachsbach.X83
340;Rohre im Baugrubenbereich ausbauen und abfahren,;6,0;m;gaeb;leistungsbeschreibungen/139 LV Gewässerverrohrung_Lachsbach.X83
350;Polypropylen-Rohre DN 160, gem. DIN 8077/8078 sowie;20,0;m;gaeb;leistungsbeschreibungen/139 LV Gewässerverrohrung_Lachsbach.X83
360;Vorhandene Gewässerverrohrung fachgerecht verfüllen.;65,0;m;gaeb;leistungsbeschreibungen/139 LV Gewässerverrohrung_Lachsbach.X83
370;Vorhandene Gewässerverrohrung verfüllen wie vor, jedoch:;32,0;m;gaeb;leistungsbeschreibungen/139 LV Gewässerverrohrung_Lachsbach.X83
380;Schachtanschluss im Bestandsschacht 6045029 zurückbaue.;1,0;Stck;gaeb;leistungsbeschreibungen/139 LV Gewässerverrohrung_Lachsbach.X83
390;Bodenaushub in Handschachtung, auf Anordnung;5,0;m3;gaeb;leistungsbeschreibungen/139 LV Gewässerverrohrung_Lachsbach.X83
400;Beseitigen von Hindernissen bei der Herstellung;1,0;St;gaeb;leistungsbeschreibungen/139 LV Gewässerverrohrung_Lachsbach.X83
410;Nichttragfähigen Boden nach Anweisung der Bauaufsicht;5,0;m3;gaeb;leistungsbeschreibungen/139 LV Gewässerverrohrung_Lachsbach.X83
420;Füllboden,;100,0;m3;gaeb;leistungsbeschreibungen/139 LV Gewässerverrohrung_Lachsbach.X83
430;Erdplanum im Bereich der herzustellenden Einleitstelle nach Ausführungszeichnungen herstellen und zur Standfestigkeit verdichten (100 % Proctordichte).;220,0;m2;gaeb;leistungsbeschreibungen/139 LV Gewässerverrohrung_Lachsbach.X83
440;Geotextil als Trenn- und Filtervlies im Böschungsbereich der Einleitstelle liefern und fachgerecht unterhalb der Steinschüttungen einbauen.;220,0;m2;gaeb;leistungsbeschreibungen/139 LV Gewässerverrohrung_Lachsbach.X83
450;Zwischengelagerten Oberboden aufnehmen und andecken;100,0;m2;gaeb;leistungsbeschreibungen/139 LV Gewässerverrohrung_Lachsbach.X83
460;Vorhandene Steinschüttung aus Natursteinen im Böschungsbereich vom freien Auslass zum Lachsbach aufnehmen, seitlich lagern und nach Einbau des Trenn- und Filtervlieses wieder einbauen.;20,0;m2;gaeb;leistungsbeschreibungen/139 LV Gewässerverrohrung_Lachsbach.X83
470;Raubettmulde aus Natursteinschüttung herstellen.;160,0;m2;gaeb;leistungsbeschreibungen/139 LV Gewässerverrohrung_Lachsbach.X83
480;Zulageposition zur vorherigen Pos.:;10,0;m2;gaeb;leistungsbeschreibungen/139 LV Gewässerverrohrung_Lachsbach.X83
490;Seitliche Einfassung als Natursteinprallwand gem. Detailplan der Rauhbettmulde mit Naturstein;25,0;m;gaeb;leistungsbeschreibungen/139 LV Gewässerverrohrung_Lachsbach.X83
500;Profilierung eines offenen Gewässerabschnitts zwischen den Stationen 9022019 und 9022018 gemäß Lageplan.;60,0;m2;gaeb;leistungsbeschreibungen/139 LV Gewässerverrohrung_Lachsbach.X83
510;Gestellung eines geeigneten Spezialbaggers (z. B. Schreitbagger oder glw), einschließlich Bedienpersonal, zur Ausführung von Erdarbeiten für die Herstellung eines offenen, natürlich geformten Gewässerverlaufs in starker Hanglage gem.  Ausführungsplanung.;30,0;d;gaeb;leistungsbeschreibungen/139 LV Gewässerverrohrung_Lachsbach.X83
520;Offene Wasserhaltung;5,0;m;gaeb;leistungsbeschreibungen/139 LV Gewässerverrohrung_Lachsbach.X83
530;Offene Wasserhaltungwie vor, jedoch:;8,0;m;gaeb;leistungsbeschreibungen/139 LV Gewässerverrohrung_Lachsbach.X83
540;Zur Sicherstellung der Vorflut ist während der gesamten Dauer der Bauarbeiten die ordnungsgemäße Ab- bzw. Umleitung des Gewässers gemäß Baubeschreibung aufrechtzuerhalten.;1,0;psch;gaeb;leistungsbeschreibungen/139 LV Gewässerverrohrung_Lachsbach.X83
550;Vorhalten, Aufrechterhalten und Betreiben der Vorflutanlage.;30,0;d;gaeb;leistungsbeschreibungen/139 LV Gewässerverrohrung_Lachsbach.X83
560;Abbauen der gesamten Vorflutanlage einschl. sämtlicher Geräte, Hilfsmittel, und  Absperreinrichtungen.;1,0;psch;gaeb;leistungsbeschreibungen/139 LV Gewässerverrohrung_Lachsbach.X83
10;Technische Bearbeitung;1,0;psch;gaeb;leistungsbeschreibungen/139 LV Gewässerverrohrung_Lachsbach.X83
20;Technische Bearbeitung;1,0;psch;gaeb;leistungsbeschreibungen/139 LV Gewässerverrohrung_Lachsbach.X83
30;Technische Bearbeitung;1,0;psch;gaeb;leistungsbeschreibungen/139 LV Gewässerverrohrung_Lachsbach.X83
40;Bestandsplan erstellen und liefern, in dem alle im Leistungsverzeichnis aufgeführten Flächen einzutragen sind.;1,0;psch;gaeb;leistungsbeschreibungen/139 LV Gewässerverrohrung_Lachsbach.X83
50;Baustelle für den Rohrvortrieb betriebsfertig einrichten und räumen, dazu gehören u. a. sämtliche An- und Abtransporte, sämtliche baulichen Anlagen und Einrichtungen zur Aufnahme der Geräte, Maschinen und Hilfseinrichtungen, das Heranführen von Strom und Wasser einschließlich zusätzlicher Transforma;1,0;psch;gaeb;leistungsbeschreibungen/139 LV Gewässerverrohrung_Lachsbach.X83
60;Baustelleneinrichtung für die Rohrvortriebsarbeiten vorhalten.;7,0;Wo;gaeb;leistungsbeschreibungen/139 LV Gewässerverrohrung_Lachsbach.X83
70;Umsetzen, einschließlich Aus- und Abbau, Zwischentransporte, Umrüsten und Wiederaufbau aller für den Rohrvortrieb benötigten Geräte, Maschinen, Hilfseinbauten und -einrichtungen, betrieblichen und baulichen Anlagen.;1,0;Stck;gaeb;leistungsbeschreibungen/139 LV Gewässerverrohrung_Lachsbach.X83
80;Sämtliche Anlagen zum Rohrvortrieb mit Stützflüssigkeit;1,0;psch;gaeb;leistungsbeschreibungen/139 LV Gewässerverrohrung_Lachsbach.X83
90;Für den Rohrvortrieb im Bereich des FHH-Gebietes ist auf einer Vortriebslänge von ca. 17 m eine Stützflüssigkeit auf Naturbasis einsetzen.;1,0;psch;gaeb;leistungsbeschreibungen/139 LV Gewässerverrohrung_Lachsbach.X83
100;Sämtliche Anlagen zum Rohrvortrieb mit Stützflüssigkeit;5,0;Wo;gaeb;leistungsbeschreibungen/139 LV Gewässerverrohrung_Lachsbach.X83
110;Herstellung der Startbaugrube für den Rohrvortrieb entsprechend Ausführungsplanung und Baugrundgutachten einschließlich Vorhaltung bis zum Abschluss der Vortriebsarbeiten sowie anschließender Verfüllung und Verdichtung. Die Leistung umfasst:;1,0;Stck;gaeb;leistungsbeschreibungen/139 LV Gewässerverrohrung_Lachsbach.X83
120;Der Einsatz umfasst das einmalige Aufstellen und Abbauen sowie das Umsetzen der erforderlichen Geräte im Baubereich.;1,0;psch;gaeb;leistungsbeschreibungen/139 LV Gewässerverrohrung_Lachsbach.X83
130;Vorbohren entlang der Spundwandachse zur Erleichterung der Einbringung der Stahlspundbohlen, einschließlich Herstellen der Bohrung bis zur erforderlichen Tiefe, Aufnehmen und Beseitigen des Bohrgutes.;22,0;m;gaeb;leistungsbeschreibungen/139 LV Gewässerverrohrung_Lachsbach.X83
140;Einbringplanum entlang der Spundwandtrasse für die Herstellung der Vorbohrungen und das anschließende Einbringen der Stahlspundbohlen herstellen.;22,0;m;gaeb;leistungsbeschreibungen/139 LV Gewässerverrohrung_Lachsbach.X83
150;Stahlspundwand entsprechend den statischen und konstruktiven Erfordernissen einschließlich Eck-, Abzweig-, Pass- und Keilbohlen als Verbaukonstruktion herstellen.;22,0;m;gaeb;leistungsbeschreibungen/139 LV Gewässerverrohrung_Lachsbach.X83
160;Herstellen und Montieren der Gurtungs- und Aussteifungskonstruktion gemäß Statik und Baugrundgutachten.;26,0;m;gaeb;leistungsbeschreibungen/139 LV Gewässerverrohrung_Lachsbach.X83
170;Gurtungen und Aussteifungen wie vor, jedoch:;26,0;m;gaeb;leistungsbeschreibungen/139 LV Gewässerverrohrung_Lachsbach.X83
180;Öffungen in die Spundwand Az 12-770 od. glw. brennen.;2,0;Stck;gaeb;leistungsbeschreibungen/139 LV Gewässerverrohrung_Lachsbach.X83
190;Öffungen auf Anweisung des AG;1,0;Stck;gaeb;leistungsbeschreibungen/139 LV Gewässerverrohrung_Lachsbach.X83
200;Rückbau der Gurtungs- und Aussteifungskonstruktion einschließlich aller Schraub-, Brenn- und Schweißarbeiten sowie aller erforderlichen Hilfsmaßnahmen, Geräte und Gerüste.;26,0;m;gaeb;leistungsbeschreibungen/139 LV Gewässerverrohrung_Lachsbach.X83
210;Rückbau Gurtungen und Aussteifungen wie vor, jedoch:;26,0;m;gaeb;leistungsbeschreibungen/139 LV Gewässerverrohrung_Lachsbach.X83
220;Sohle aus Stahlbeton;13,0;m3;gaeb;leistungsbeschreibungen/139 LV Gewässerverrohrung_Lachsbach.X83
230;Kürzen der eingebauten Stahlspundbohlen (AZ 12-770 oder gleichwertig, einschließlich ggf. Eck- und Passbohlen) mittels Brennschnitt.;22,0;m;gaeb;leistungsbeschreibungen/139 LV Gewässerverrohrung_Lachsbach.X83
240;Herstellung eines Presswiderlagers in der Startbaugrube einschließlich erforderlicher Bewehrung, Schalung, Ausfahröffnung mit Ausfahrdichtung sowie erforderlicher Öffnungen für Leitungsanschlüsse.;1,0;psch;gaeb;leistungsbeschreibungen/139 LV Gewässerverrohrung_Lachsbach.X83
250;Herstellung eines zusätzlichen Presswiderlagers wie vor, jedoch:;1,0;Stck;gaeb;leistungsbeschreibungen/139 LV Gewässerverrohrung_Lachsbach.X83
260;Umbau und Anpassung der vorhandenen (Vortriebs-) Startbaugrube Nr. 7022022 einschließlich erforderlicher Anpassungen der Vortriebseinrichtung und Baugrubeneinrichtung für den Vortrieb in eine geänderte Richtung.;1,0;Stck;gaeb;leistungsbeschreibungen/139 LV Gewässerverrohrung_Lachsbach.X83
270;Liefern und fachgerechtes Einbauen einer Verbauleiter zur Herstellung eines sicheren Ein- und Ausstiegs in Baugruben und Gräben mit Spundwandverbau, z. B. Fabrikat TIBATEK oder gleichwertig.;1,0;psch;gaeb;leistungsbeschreibungen/139 LV Gewässerverrohrung_Lachsbach.X83
280;Abbau der an der Spundwand befestigten Verbauleiter nach Abschluss der Bauarbeiten, inkl. Lösen der Befestigungen, Ausbau aus der Baugrube sowie Abtransport von der Baustelle.;1,0;psch;gaeb;leistungsbeschreibungen/139 LV Gewässerverrohrung_Lachsbach.X83
290;Steckgeländer oberhalb an Stahlspundverbau herstellen und vorhalten.;24,0;m;gaeb;leistungsbeschreibungen/139 LV Gewässerverrohrung_Lachsbach.X83
300;Steckgeländer oberhalb Stahlspundverbau entfernen.;24,0;m;gaeb;leistungsbeschreibungen/139 LV Gewässerverrohrung_Lachsbach.X83
310;Zielbaugrube für die Aufnahme der Vortriebsanlage sowie zur Herstellung des freien Auslasses einschließlich Böschungsstück in den für die Ausführung erforderlichen Abmessungen herstellen, während der Bauzeit vorhalten und nach Abschluss der Arbeiten wieder verfüllen.;1,0;Stck;gaeb;leistungsbeschreibungen/139 LV Gewässerverrohrung_Lachsbach.X83
320;Zielbaugrube Rohrvortrieb wie vor, jedoch zusätzlich für die Herstellung des Zielschachtes Nr. 7022020 als Absenkschacht DN 3500.;1,0;Stck;gaeb;leistungsbeschreibungen/139 LV Gewässerverrohrung_Lachsbach.X83
330;Zulage: Herstellung beengten Verhältnissen, Zielbaugrube, Schacht '70220020'.;1,0;Stck;gaeb;leistungsbeschreibungen/139 LV Gewässerverrohrung_Lachsbach.X83
340;Zulage für den Rohrvortrieb im Bereich der Zielbaugrube einschließlich erhöhtem Aufwand infolge beengter Verhältnisse sowie der erforderlichen Bergung des Vortriebs im FHH-Gebiet im Böschungsbereich. Einschließlich Bereitstellung und Einsatz der erforderlichen Baumaschinen sowie eines Telekrans.;1,0;psch;gaeb;leistungsbeschreibungen/139 LV Gewässerverrohrung_Lachsbach.X83
350;Sohle aus Stahlbeton;8,0;m3;gaeb;leistungsbeschreibungen/139 LV Gewässerverrohrung_Lachsbach.X83
360;Baugrube zur Beseitigung eines Vortriebshindernisses oder zur Bergung des Bohrkopfes bei unüberwindlichen Hindernissen,;1,0;Stck;gaeb;leistungsbeschreibungen/139 LV Gewässerverrohrung_Lachsbach.X83
370;Boden der Vortriebsstrecke gemäß DIN 18319 und beigefügtem Bodengutachten unabhängig von der Tiefe lösen, fördern und laden. Einschl. erforderliche Maßnahmen zur Flüssigkeitsrückgewinnung.;160,0;m;gaeb;leistungsbeschreibungen/139 LV Gewässerverrohrung_Lachsbach.X83
380;Boden der Vortriebsstrecke gemäß DIN 18319 und beigefügtem Bodengutachten unabhängig von der Tiefe lösen, fördern und laden. Einschl. erforderliche Maßnahmen zur Flüssigkeitsrückgewinnung.;5,0;m;gaeb;leistungsbeschreibungen/139 LV Gewässerverrohrung_Lachsbach.X83
390;Boden der Vortriebsstrecke gemäß DIN 18319 und beigefügtem Bodengutachten unabhängig von der Tiefe lösen, fördern und laden. Einschl. erforderliche Maßnahmen zur Flüssigkeitsrückgewinnung.;5,0;m;gaeb;leistungsbeschreibungen/139 LV Gewässerverrohrung_Lachsbach.X83
400;Liefern, herstellen und im Rohrvortrieb einbauen von Stahlbetonvortriebsrohren DN 800 einschließlich erforderlicher Kurz-, Pass- und Sonderrohre sowie Rohre für Zwischenpressstationen.;168,0;m;gaeb;leistungsbeschreibungen/139 LV Gewässerverrohrung_Lachsbach.X83
410;Stillstand der Vortriebseinheit ( Geräte ) DN;8,0;h;gaeb;leistungsbeschreibungen/139 LV Gewässerverrohrung_Lachsbach.X83
420;Stillstand der Vortriebskolonne ( nur Lohnstunden ) aus;8,0;h;gaeb;leistungsbeschreibungen/139 LV Gewässerverrohrung_Lachsbach.X83
430;"Zulage zu Pos. ""Vortriebsrohr DN 800 StB herstellen und einbauen""";1,0;Stck;gaeb;leistungsbeschreibungen/139 LV Gewässerverrohrung_Lachsbach.X83
440;Zulageposition zur Rohrvortriebsposition:;2,0;Stck;gaeb;leistungsbeschreibungen/139 LV Gewässerverrohrung_Lachsbach.X83
450;Trennschnitt an einem vorhandenem;3,0;Stck;gaeb;leistungsbeschreibungen/139 LV Gewässerverrohrung_Lachsbach.X83
460;Hindernis beim Auffahren des Ausbruchquerschnittes;8,0;Std;gaeb;leistungsbeschreibungen/139 LV Gewässerverrohrung_Lachsbach.X83
470;Herstellung einer Oto-Filteranlage zur Absenkung des Grundwassers für Baugrube / Doppelbaugrube im Bereich der Startbaugrube.;1,0;psch;gaeb;leistungsbeschreibungen/139 LV Gewässerverrohrung_Lachsbach.X83
480;Herstellung einer Oto-Filteranlage herstellen wie vor, jedoch für:;1,0;psch;gaeb;leistungsbeschreibungen/139 LV Gewässerverrohrung_Lachsbach.X83
490;Oto Filteranlage für Baugrube/Doppelbazugrube betreiben und vorhalten.;70,0;d;gaeb;leistungsbeschreibungen/139 LV Gewässerverrohrung_Lachsbach.X83
500;Oto Filteranlage für Baugrube/Doppelbazugrube betreiben und vorhalten, wie vor, jedoch für:;40,0;d;gaeb;leistungsbeschreibungen/139 LV Gewässerverrohrung_Lachsbach.X83
510;Oto Filteranlage für Baugrube/Doppelbazugrube zurückbauen.;1,0;psch;gaeb;leistungsbeschreibungen/139 LV Gewässerverrohrung_Lachsbach.X83
520;Oto Filteranlage für Baugrube/Doppelbazugrube zurückbauen.;1,0;psch;gaeb;leistungsbeschreibungen/139 LV Gewässerverrohrung_Lachsbach.X83
530;Oto Filteranlage für Baugrube/Doppelbazugrube zurückbauen wie vor, jedoch;1,0;psch;gaeb;leistungsbeschreibungen/139 LV Gewässerverrohrung_Lachsbach.X83
540;Oto Filteranlage für Baugrube/Doppelbazugrube zurückbauen wie vor, jedoch;1,0;psch;gaeb;leistungsbeschreibungen/139 LV Gewässerverrohrung_Lachsbach.X83
550;Einrichtung einer Pumpenanlage für die geschlossene Wasserhaltung zum Freihalten der Baugrube von Bodenwasser nach geologischen und hydraulischen Erfordernissen einschl. sämtlicher Geräte und Hilfsmittel und liefern der notwendigen Materialien.;1,0;psch;gaeb;leistungsbeschreibungen/139 LV Gewässerverrohrung_Lachsbach.X83
560;Pumpenanlage betriebsbereit vorhalten und betreieben.;70,0;d;gaeb;leistungsbeschreibungen/139 LV Gewässerverrohrung_Lachsbach.X83
570;Pumpenanlage innerhalb des Baufeldes abbauen, innerhalb des Baufelds umsetzen und betriebsbereit aufbauen.;2,0;Stck;gaeb;leistungsbeschreibungen/139 LV Gewässerverrohrung_Lachsbach.X83
580;Aufstellen eines Kompakt-Sandfangs zur Rückhaltung von Sedimenten einschl. aller erforderlichen Anschlüsse, Schläuche, Armaturen sowie witterungs- und verkehrssicherem Aufbau.;1,0;psch;gaeb;leistungsbeschreibungen/139 LV Gewässerverrohrung_Lachsbach.X83
590;Vorhalten eines Kompakt-Sandfangs.;70,0;d;gaeb;leistungsbeschreibungen/139 LV Gewässerverrohrung_Lachsbach.X83
600;Rückbau eines Kompakt-Sandfangs.;1,0;psch;gaeb;leistungsbeschreibungen/139 LV Gewässerverrohrung_Lachsbach.X83
610;Zur Sicherstellung der Regenwasservorflut ist während der gesamten Dauer der Bauarbeiten die ordnungsgemäße Ableitung des anfallenden Regenwassers gemäß Baubeschreibung aufrechtzuerhalten.;1,0;psch;gaeb;leistungsbeschreibungen/139 LV Gewässerverrohrung_Lachsbach.X83
620;Vorhalten, Aufrechterhalten und Betreiben der Vorflutanlage.;70,0;d;gaeb;leistungsbeschreibungen/139 LV Gewässerverrohrung_Lachsbach.X83
630;Abbauen der gesamten Vorflutanlage einschl. sämtlicher Geräte, Hilfsmittel, und  Absperreinrichtungen.;1,0;psch;gaeb;leistungsbeschreibungen/139 LV Gewässerverrohrung_Lachsbach.X83
10;Erdplanum im Bereich der geplanten Verkehrsflächen nach Ausführungszeichnungen herstellen und zur Standfestigkeit verdichten (100 % Proctordichte).;20,0;m2;gaeb;leistungsbeschreibungen/139 LV Gewässerverrohrung_Lachsbach.X83
20;Schicht aus frostunempfindlichem Material gemäß ZTV-SoB-StB liefern, profilgerecht einbauen, Grob- und Feinplanum herstellen und entsprechend ZTV-SoB-StB mit geeignetem Gerät verdichten.;6,0;m3;gaeb;leistungsbeschreibungen/139 LV Gewässerverrohrung_Lachsbach.X83
30;Schottertragschicht gemäß ZTV SoB-StB liefern und nach Zeichnung im Bereich der Verkehrsflächen planumsgerecht einbauen, Grob- und Feinplanum herstellen und entsprechend ZTV-SoB-StB mit geeignetem Gerät verdichten.;6,0;m3;gaeb;leistungsbeschreibungen/139 LV Gewässerverrohrung_Lachsbach.X83
40;Schicht ohne Bindemittel in den Nebenflächen aufnehmen,  wiedereinbauen und verdichten.;6,0;m3;gaeb;leistungsbeschreibungen/139 LV Gewässerverrohrung_Lachsbach.X83
50;Bordsteine aus Beton liefern und höhen- und fluchtgerecht einbauen.;5,0;m;gaeb;leistungsbeschreibungen/139 LV Gewässerverrohrung_Lachsbach.X83
60;Bordsteine aus Beton liefern und höhen- und fluchtgerecht einbauen wie vor, jedoch:;1,0;m;gaeb;leistungsbeschreibungen/139 LV Gewässerverrohrung_Lachsbach.X83
70;Bordsteine aus Beton liefern und höhen- und fluchtgerecht einbauen wie vor, jedoch:;1,0;m;gaeb;leistungsbeschreibungen/139 LV Gewässerverrohrung_Lachsbach.X83
80;Bordsteine jeglicher Art (Hoch-, Rund- und Tiefbordsteine) quer auf Passmaß oder auf Gehrung an Eckverbindungen und an Absenksteine trennen.;3,0;Stck;gaeb;leistungsbeschreibungen/139 LV Gewässerverrohrung_Lachsbach.X83
90;Pflaster aus seitl. Lagerung aufnehmen und fachgerecht wiedereinbauen.;5,0;m2;gaeb;leistungsbeschreibungen/139 LV Gewässerverrohrung_Lachsbach.X83
100;Vorhandene Pflaster aus Beton mit Bettung ohne Bindemittel aus- und wieder einbauen.;5,0;m2;gaeb;leistungsbeschreibungen/139 LV Gewässerverrohrung_Lachsbach.X83
110;Herstellen von Schnittkanten;5,0;m;gaeb;leistungsbeschreibungen/139 LV Gewässerverrohrung_Lachsbach.X83
120;Betonrechteckspflaster DI, gem. DIN EN 1338  liefern und herstellen, einschließlich handelsüblicher Ergänzungssteinen liefern und mit unter Beachtung der DIN 18318 und ZTV P-StB fachgerecht verlegen, verfugen und abrütteln.;5,0;m2;gaeb;leistungsbeschreibungen/139 LV Gewässerverrohrung_Lachsbach.X83
130;Betonrechteckspflaster DI, gem. DIN EN 1338  liefern und herstellen, einschließlich handelsüblicher Ergänzungssteinen liefern und mit unter Beachtung der DIN 18318 und ZTV P-StB fachgerecht verlegen, verfugen und abrütteln.;5,0;m2;gaeb;leistungsbeschreibungen/139 LV Gewässerverrohrung_Lachsbach.X83
140;Asphalttragschicht aus Mischgut AC 22 TD, gem. ZTV Asphalt-StB 07/13 liefern, heiß einbauen und fachgerecht verdichten.;50,0;m2;gaeb;leistungsbeschreibungen/139 LV Gewässerverrohrung_Lachsbach.X83
150;Zulage für den Handeinbau:;50,0;m2;gaeb;leistungsbeschreibungen/139 LV Gewässerverrohrung_Lachsbach.X83
160;Unterlage reinigen. Anfallendes Material der Verwertung;50,0;m2;gaeb;leistungsbeschreibungen/139 LV Gewässerverrohrung_Lachsbach.X83
170;Bitumenemulsion zur Herstellung des Schichtenverbundes;50,0;m2;gaeb;leistungsbeschreibungen/139 LV Gewässerverrohrung_Lachsbach.X83
180;Asphaltdeckschicht aus Mischgut AC 8 DS, gem. ZTV Asphalt-StB 07/13 liefern, heiß einbauen und fachgerecht verdichten.;50,0;m2;gaeb;leistungsbeschreibungen/139 LV Gewässerverrohrung_Lachsbach.X83
190;Zulage für den Handeinbau:;50,0;m2;gaeb;leistungsbeschreibungen/139 LV Gewässerverrohrung_Lachsbach.X83
200;Naht in Asphaltschicht gem. ZTV Asphalt-StB herstellen.;40,0;m;gaeb;leistungsbeschreibungen/139 LV Gewässerverrohrung_Lachsbach.X83
210;Naht in Asphaltschicht gem. ZTV Asphalt-StB herstellen.;40,0;m;gaeb;leistungsbeschreibungen/139 LV Gewässerverrohrung_Lachsbach.X83
220;Anschluss als Fuge mit Fugenmasse herstellen.;40,0;m;gaeb;leistungsbeschreibungen/139 LV Gewässerverrohrung_Lachsbach.X83
230;Abstumpfungsmaßnahme zur Erhöhung der Anfangsgriffigkeit;50,0;m2;gaeb;leistungsbeschreibungen/139 LV Gewässerverrohrung_Lachsbach.X83
240;Erschwernis infolge Einbauten wie Entwässerungsschächte.;1,0;Stck;gaeb;leistungsbeschreibungen/139 LV Gewässerverrohrung_Lachsbach.X83
250;Abdeckungen oder Aufsätze regulieren.;1,0;Stck;gaeb;leistungsbeschreibungen/139 LV Gewässerverrohrung_Lachsbach.X83
260;Zwischengelagerte Litfaßsäule einschließlich Fundament an ursprünglicher oder vorgegebener Stelle fachgerecht wiedereinbauen.;1,0;Stck;gaeb;leistungsbeschreibungen/139 LV Gewässerverrohrung_Lachsbach.X83
270;Wie vor jedoch:;1,0;Stck;gaeb;leistungsbeschreibungen/139 LV Gewässerverrohrung_Lachsbach.X83
280;Zwischengelagerter Straßenbeleuchtungskörper einschließlich Mast, Leuchtenkopf und ggf. Fundament an vorgegebener Stelle fachgerecht wiedereinbauen.;1,0;Stck;gaeb;leistungsbeschreibungen/139 LV Gewässerverrohrung_Lachsbach.X83
10;Entwässerungsrohrleitung auf Dichtheit nach DIN EN 1610 / DWA-A 139 prüfen, inkl. Gestellung des automatischen Druckschreiber-Protokolls und aller erforderlichen Geräte und Nebenarbeiten.;10,0;m;gaeb;leistungsbeschreibungen/139 LV Gewässerverrohrung_Lachsbach.X83
20;Entwässerungsrohrleitung auf Dichtheit prüfen wie vor, jedoch:;3,0;m;gaeb;leistungsbeschreibungen/139 LV Gewässerverrohrung_Lachsbach.X83
30;Entwässerungsrohrleitung auf Dichtheit prüfen wie vor, jedoch:;167,0;m;gaeb;leistungsbeschreibungen/139 LV Gewässerverrohrung_Lachsbach.X83
40;Entwässerungsrohrleitung auf Dichtheit prüfen wie vor, jedoch:;8,0;m;gaeb;leistungsbeschreibungen/139 LV Gewässerverrohrung_Lachsbach.X83
50;Kontrollschächte auf Dichtheit nach DIN EN 1610 (mit Wasser) prüfen,  inkl. Gestellung des automatischen Druckschreiber-Protokolls und aller erforderlichen Geräte und Nebenarbeiten.;1,0;Stck;gaeb;leistungsbeschreibungen/139 LV Gewässerverrohrung_Lachsbach.X83
60;Kontrollschächte auf Dichtheit nach DIN EN 1610 prüfen,  wie vor, jedoch:;1,0;Stck;gaeb;leistungsbeschreibungen/139 LV Gewässerverrohrung_Lachsbach.X83
70;Reinigen der Kanäle/Schächte mittels Hochdruckspülgerät;10,0;m;gaeb;leistungsbeschreibungen/139 LV Gewässerverrohrung_Lachsbach.X83
80;Reinigen wie vor, jedoch:;3,0;m;gaeb;leistungsbeschreibungen/139 LV Gewässerverrohrung_Lachsbach.X83
90;Reinigen wie vor, jedoch:;175,0;m;gaeb;leistungsbeschreibungen/139 LV Gewässerverrohrung_Lachsbach.X83
100;Inspektion von Rohrleitungen gemäß dem Merkblatt für die Untersuchung von öffentlichen Entwässerungsanlagen in der Stadt Flensburg, Kodierung gemäß DIN EN 13508/DWA M149-2, durchführen. Herstellung und Lieferung einer Videoaufzeichnung einschließlich Antransport, Vorhalten, Betrieb und Abtransport d;10,0;m;gaeb;leistungsbeschreibungen/139 LV Gewässerverrohrung_Lachsbach.X83
110;Inspektion von Rohrleitungen wie vor, jedoch:;3,0;m;gaeb;leistungsbeschreibungen/139 LV Gewässerverrohrung_Lachsbach.X83
120;Inspektion von Rohrleitungen wie vor, jedoch:;175,0;m;gaeb;leistungsbeschreibungen/139 LV Gewässerverrohrung_Lachsbach.X83
130;Durchführung einer Deformationsanalyse an neu verlegten biegeweichen Rohrleitungen aus Polypropylen (PP) zur Überprüfung der Einbausituation und der zulässigen Rohrverformung. Die Messung der Rohrverformung (Ovalität) ist nach Abschluss der Verfüll- und Verdichtungsarbeiten durchzuführen. Die Ermitt;10,0;m;gaeb;leistungsbeschreibungen/139 LV Gewässerverrohrung_Lachsbach.X83
140;Durchführung einer Deformationsanalyse wie vor, jedoch:;3,0;m;gaeb;leistungsbeschreibungen/139 LV Gewässerverrohrung_Lachsbach.X83
150;Nochmalige An- und Abfahrt zur Reinigung von;1,0;psch;gaeb;leistungsbeschreibungen/139 LV Gewässerverrohrung_Lachsbach.X83
160;Es ist eine Fotodokumentation der Gewässerprofilierung/offenes Gewässer zu erstellten.;1,0;psch;gaeb;leistungsbeschreibungen/139 LV Gewässerverrohrung_Lachsbach.X83
170;Verdichtungsnachweis durch ein anerkanntes unabhängiges Erd- und Grundbaulabor, mit Künzelstab, i. M. 2,0 m, nach Anweisung der Bauaufsicht herstellen, einschließlich Lieferung des Prüfberichtes.;10,0;Stck;gaeb;leistungsbeschreibungen/139 LV Gewässerverrohrung_Lachsbach.X83
180;Statischen Lastplattendruckversuch auf verdichtetem Erdplanum gemäß DIN 18134 durchführen, einschließlich aller Nebenarbeiten, dazu zählt auch das Bereitstellen des Belastungsfahrzeugs.;1,0;Stck;gaeb;leistungsbeschreibungen/139 LV Gewässerverrohrung_Lachsbach.X83
190;Statischen Lastplattendruckversuch auf verdichteter Schottertragschicht gemäß DIN 18134 durchführen, einschließlich aller Nebenarbeiten, dazu zählt auch das Bereitstellen des Belastungsfahrzeugs.;1,0;Stck;gaeb;leistungsbeschreibungen/139 LV Gewässerverrohrung_Lachsbach.X83
200;Statischen Lastplattendruckversuch gemäß DIN 18134 durchführen, einschließlich aller Nebenarbeiten, dazu zählt auch das Bereitstellen des Belastungsfahrzeugs.;1,0;Stck;gaeb;leistungsbeschreibungen/139 LV Gewässerverrohrung_Lachsbach.X83
10;Aufgrabeschein lösen, einschl. Erstellung aller dafür notwendigen Unterlagen.;1,0;psch;gaeb;leistungsbeschreibungen/139 LV Gewässerverrohrung_Lachsbach.X83
20;Geräte, Werkzeuge und sonstige Betriebsmittel, die zur;1,0;psch;gaeb;leistungsbeschreibungen/139 LV Gewässerverrohrung_Lachsbach.X83
30;Baustelle betreiben;28,0;d;gaeb;leistungsbeschreibungen/139 LV Gewässerverrohrung_Lachsbach.X83
40;Baustelle von allen Geräten, Anlagen, Einrichtungen und;1,0;psch;gaeb;leistungsbeschreibungen/139 LV Gewässerverrohrung_Lachsbach.X83
50;Räume (doppelwandig) für den AG aufbauen.;1,0;psch;gaeb;leistungsbeschreibungen/139 LV Gewässerverrohrung_Lachsbach.X83
60;Räumlichkeit für den AG vorhalten;28,0;d;gaeb;leistungsbeschreibungen/139 LV Gewässerverrohrung_Lachsbach.X83
70;Räumlichkeit für den AG umsetzen.;1,0;St;gaeb;leistungsbeschreibungen/139 LV Gewässerverrohrung_Lachsbach.X83
80;Bauzeitenplan vor Baubeginn aufstellen.;1,0;psch;gaeb;leistungsbeschreibungen/139 LV Gewässerverrohrung_Lachsbach.X83
90;Für die Abrechnung ist eine Abrechnungszeichnung;1,0;psch;gaeb;leistungsbeschreibungen/139 LV Gewässerverrohrung_Lachsbach.X83
100;Technische Bearbeitung;1,0;psch;gaeb;leistungsbeschreibungen/139 LV Gewässerverrohrung_Lachsbach.X83
110;Information der Anlieger über Baudurchführung / Bauablauf.;1,0;St;gaeb;leistungsbeschreibungen/139 LV Gewässerverrohrung_Lachsbach.X83
120;Bestandsplan erstellen und liefern, in dem alle im Leistungsverzeichnis aufgeführten Flächen einzutragen sind.;1,0;psch;gaeb;leistungsbeschreibungen/139 LV Gewässerverrohrung_Lachsbach.X83
10;Verkehrsführungspläne für 6 Bauphasen und 1 Hinweistafelpläne gemäß Baubeschreibung und Bauphasen-/Hinweistafelpläne als Verkehrszeichenpläne aufstellen und fortschreiben, mit den zuständigen Dienststellen und Beteiligten abstimmen und anordnen lassen.;1,0;psch;gaeb;leistungsbeschreibungen/139 LV Gewässerverrohrung_Lachsbach.X83
20;Verkehrsführung und Verkehrssicherung, einschließlich;1,0;psch;gaeb;leistungsbeschreibungen/139 LV Gewässerverrohrung_Lachsbach.X83
30;Verkehrsführung der Vorposition während der gesamten vorhalten.;21,0;d;gaeb;leistungsbeschreibungen/139 LV Gewässerverrohrung_Lachsbach.X83
40;Verkehrsführung und Verkehrssicherung, einschließlich;1,0;psch;gaeb;leistungsbeschreibungen/139 LV Gewässerverrohrung_Lachsbach.X83
50;Hinweistafeln verschiedener Art,;1,0;St;gaeb;leistungsbeschreibungen/139 LV Gewässerverrohrung_Lachsbach.X83
60;Hinweistafeln vorhalten.;21,0;St*d;gaeb;leistungsbeschreibungen/139 LV Gewässerverrohrung_Lachsbach.X83
70;Kontrolle der Arbeitsstellensicherung gem. ZTV-SA;21,0;d;gaeb;leistungsbeschreibungen/139 LV Gewässerverrohrung_Lachsbach.X83
80;Bauzaun liefern, standsicher aufstellen und nach Beendigung abbauen, einschließlich der erforderlichen Pfosten und Aufstellvorrichtungen.;10,0;m;gaeb;leistungsbeschreibungen/139 LV Gewässerverrohrung_Lachsbach.X83
90;Bauzaun, einschließlich der erforderlichen Pfosten und Aufstellvorrichtungen, während der gesamten Bauzeit vorhalten, kontrollieren, warten, betreiben und soweit erforderlich versetzen.;210,0;m*d;gaeb;leistungsbeschreibungen/139 LV Gewässerverrohrung_Lachsbach.X83
100;Reflektierende Absperrschranken anfahren, aufstellen,;10,0;m;gaeb;leistungsbeschreibungen/139 LV Gewässerverrohrung_Lachsbach.X83
110;Reflektierende Absperrschranken vorhalten.;210,0;m*d;gaeb;leistungsbeschreibungen/139 LV Gewässerverrohrung_Lachsbach.X83
120;Reflektierende Leitbaken anfahren, aufstellen,;10,0;St;gaeb;leistungsbeschreibungen/139 LV Gewässerverrohrung_Lachsbach.X83
130;Reflektierende Leitbaken vorhalten.;210,0;St*d;gaeb;leistungsbeschreibungen/139 LV Gewässerverrohrung_Lachsbach.X83
140;Lampen mit Batterie anfahren, anbringen, nach Bedarf;1,0;St;gaeb;leistungsbeschreibungen/139 LV Gewässerverrohrung_Lachsbach.X83
150;Lampen mit Batterie vorhalten und betreiben einschl.;21,0;St*d;gaeb;leistungsbeschreibungen/139 LV Gewässerverrohrung_Lachsbach.X83
160;Verkehrszeichen verschiedener Art auf Ständer mit;1,0;St;gaeb;leistungsbeschreibungen/139 LV Gewässerverrohrung_Lachsbach.X83
170;Verkehrszeichen verschiedener Art auf Ständer mit;21,0;St*d;gaeb;leistungsbeschreibungen/139 LV Gewässerverrohrung_Lachsbach.X83
180;Zusätzliche Verkehrszeichen verschiedener Art;1,0;St;gaeb;leistungsbeschreibungen/139 LV Gewässerverrohrung_Lachsbach.X83
190;Zusätzliche Verkehrszeichen verschiedener Art;21,0;St*d;gaeb;leistungsbeschreibungen/139 LV Gewässerverrohrung_Lachsbach.X83
10;Oberbodenfläche, Vegetationsdecke aus Grassoden, Wurzeln etc. aus einer ehemaligen Grünlandfläche in ebenen bis flach geneigten Flächen abschieben, laden, innerhalb der Baustelle fördern, abladen, zu regelmäßig geformten und DIN-gerechten Mieten locker aufsetzen, aufladen, abfahren und einer geeigne;25,0;m2;gaeb;leistungsbeschreibungen/139 LV Gewässerverrohrung_Lachsbach.X83
20;Hecken und Buschwerk jeder Art mit Wurzelwerk roden, aufladen und entsorgen bzw. einer geeigneten Wiederverwendung zuführen.;3,0;m2;gaeb;leistungsbeschreibungen/139 LV Gewässerverrohrung_Lachsbach.X83
30;Wurzelstock einschließlich Wurzelansätzen roden.;1,0;Stck;gaeb;leistungsbeschreibungen/139 LV Gewässerverrohrung_Lachsbach.X83
40;Probeaufgrabung;10,0;m;gaeb;leistungsbeschreibungen/139 LV Gewässerverrohrung_Lachsbach.X83
50;Probeaufgrabung;20,0;m;gaeb;leistungsbeschreibungen/139 LV Gewässerverrohrung_Lachsbach.X83
60;Handschachtung.;30,0;m3;gaeb;leistungsbeschreibungen/139 LV Gewässerverrohrung_Lachsbach.X83
70;Fremdleitungen sichern.;8,0;m;gaeb;leistungsbeschreibungen/139 LV Gewässerverrohrung_Lachsbach.X83
80;Fremdleitungen sichern.;50,0;m;gaeb;leistungsbeschreibungen/139 LV Gewässerverrohrung_Lachsbach.X83
90;Freigelegte Wurzelbereiche während der Bauzeit gegen;2,0;m2;gaeb;leistungsbeschreibungen/139 LV Gewässerverrohrung_Lachsbach.X83
100;Wurzelschaden des Baumes unter Berücksichtigung des na-;1,0;St;gaeb;leistungsbeschreibungen/139 LV Gewässerverrohrung_Lachsbach.X83
110;Lichtraumprofilschnitt durchführen. Äste erforderlichen;4,0;St;gaeb;leistungsbeschreibungen/139 LV Gewässerverrohrung_Lachsbach.X83
120;Totholz am Baum nach Unterlagen des AG beseitigen. Tote;4,0;St;gaeb;leistungsbeschreibungen/139 LV Gewässerverrohrung_Lachsbach.X83
130;An- und Abfahrt pro Einsatz eines Baumpfegers für die;1,0;Stck;gaeb;leistungsbeschreibungen/139 LV Gewässerverrohrung_Lachsbach.X83
140;Baumpflegerische Begleitung aller Maßnahmen im Baumumfeld wie Baustelleneinrichtung, Aufnahme des Oberflächenbelages, Aufgrabungen, Saugwageneinsatz, Verfüllungen und Verdichtungen im Wurzelbereich.;4,0;h;gaeb;leistungsbeschreibungen/139 LV Gewässerverrohrung_Lachsbach.X83
150;Baumschutz herstellen.;2,0;Stck;gaeb;leistungsbeschreibungen/139 LV Gewässerverrohrung_Lachsbach.X83
160;An- und Abfahrt eines Saugbaggers.;1,0;Stck;gaeb;leistungsbeschreibungen/139 LV Gewässerverrohrung_Lachsbach.X83
170;Stundenlohnarbeiten durch Baugeräte;4,0;h;gaeb;leistungsbeschreibungen/139 LV Gewässerverrohrung_Lachsbach.X83
180;Bodenaushub mittels Erdsauger;5,0;m3;gaeb;leistungsbeschreibungen/139 LV Gewässerverrohrung_Lachsbach.X83
190;Straßenraumbegrenzungspoller aus Naturstein oder Stahl, aufnehmen, aufladen und seitl. lagern.;2,0;Stck;gaeb;leistungsbeschreibungen/139 LV Gewässerverrohrung_Lachsbach.X83
200;Findlinge im Zuge des Bodenabtrags lösen, aufnehmen, aufladen und entsorgen bzw. einer geeigneten Wiederverwendung zuführen, einschließlich aller Nebenarbeiten.;2,0;Stck;gaeb;leistungsbeschreibungen/139 LV Gewässerverrohrung_Lachsbach.X83
210;Findlinge im Zuge des Bodenabtrags lösen, aufnehmen, aufladen und entsorgen bzw. einer geeigneten Wiederverwendung zuführen, einschließlich aller Nebenarbeiten.;2,0;Stck;gaeb;leistungsbeschreibungen/139 LV Gewässerverrohrung_Lachsbach.X83
220;Infoschilder einschließlich Pfosten mit Fundament, Höhe bis 2,0m, Breite bis 2,0 m, aufnehmen, aufladen und seitl. lagern.;1,0;Stck;gaeb;leistungsbeschreibungen/139 LV Gewässerverrohrung_Lachsbach.X83
230;Stahlrohrpfosten einschließlich Verkehrsschild aufnehmen, aufladen und seitl. lagern.;3,0;Stck;gaeb;leistungsbeschreibungen/139 LV Gewässerverrohrung_Lachsbach.X83
240;Straßenablauf ausbauen und entsorgen.;1,0;Stck;gaeb;leistungsbeschreibungen/139 LV Gewässerverrohrung_Lachsbach.X83
250;Bordsteine aus Beton jeglicher Art (Hoch-, Rund-, Tief- und Rasenbordsteine) in Beton versetzt, aufnehmen, aufladen und entsorgen bzw. einer geeigneten Wiederverwendung zuführen, einschließlich Unterbeton (Fundament und Rückenstütze) der Bordsteine.;10,0;m;gaeb;leistungsbeschreibungen/139 LV Gewässerverrohrung_Lachsbach.X83
260;Pflasterdecke aus Beton in Sand versetzt, aufnehmen, aufladen und entsorgen bzw. einer geeigneten Wiederverwendung zuführen.;10,0;m2;gaeb;leistungsbeschreibungen/139 LV Gewässerverrohrung_Lachsbach.X83
270;Pflaster aufnehmen und seitl. lagern.;10,0;m2;gaeb;leistungsbeschreibungen/139 LV Gewässerverrohrung_Lachsbach.X83
280;Schicht ohne Bindemittel in der Fahrbahn und den Nebenflächen lösen, aufnehmen und beseitigen.;50,0;m3;gaeb;leistungsbeschreibungen/139 LV Gewässerverrohrung_Lachsbach.X83
290;Beprobung vorhandener Asphaltbefestigungen zur Untersuchung auf pechhaltige Bestandteile (PAK) einschließlich fachgerechter Probenahme (z. B. Bohrkern oder Stemmprobe) gemäß DIN EN 932-1 sowie RuVA-StB, sachgerechtem Verpacken, Kennzeichnen und Transport der Proben zu einem akkreditierten Prüflabor,;1,0;psch;gaeb;leistungsbeschreibungen/139 LV Gewässerverrohrung_Lachsbach.X83
300;Asphaltbefestigung geradlinig trennen.;100,0;m;gaeb;leistungsbeschreibungen/139 LV Gewässerverrohrung_Lachsbach.X83
310;Zulage: Asphaltbefest. trennen, pechhaltig;20,0;m;gaeb;leistungsbeschreibungen/139 LV Gewässerverrohrung_Lachsbach.X83
320;Asphaltbefestigung aufbrechen und aufnehmen.;130,0;m2;gaeb;leistungsbeschreibungen/139 LV Gewässerverrohrung_Lachsbach.X83
330;Zulage: Asphaltbefestigung aufbrechen, pechhaltig;30,0;m2;gaeb;leistungsbeschreibungen/139 LV Gewässerverrohrung_Lachsbach.X83
340;Zu verschiedenen Zeiten und je nach Baufortschritt Asphaltbefestigung (auf LKW des AN aufgeladen) entsorgen.;75,0;t;gaeb;leistungsbeschreibungen/139 LV Gewässerverrohrung_Lachsbach.X83
350;Zulage: Asphaltbefest. entsorgen, pechhaltig.;15,0;t;gaeb;leistungsbeschreibungen/139 LV Gewässerverrohrung_Lachsbach.X83
10;Zwischenlagerung für Aushub- / Aufbruchmaterial.;1,0;psch;gaeb;leistungsbeschreibungen/139 LV Gewässerverrohrung_Lachsbach.X83
20;Boden des u.g. Homogenbereiches mit den Kennwerten nach Baubeschreibung und Baugrundgutachten unterhalb der Vegetationsdecke profilgerecht lösen, laden, innerhalb der Baustelle fördern, abladen, zu regelmäßig geformten und DIN-gerechten Mieten locker aufsetzen.;10,0;m3;gaeb;leistungsbeschreibungen/139 LV Gewässerverrohrung_Lachsbach.X83
30;Boden des u.g. Homogenbereiches mit den Kennwerten nach Baubeschreibung und Baugrundgutachten, im Baustellenbereich (zwischen-) lagernd, aufladen, zum Einbauort fördern und lagenweise einbauen und verdichten.;10,0;m3;gaeb;leistungsbeschreibungen/139 LV Gewässerverrohrung_Lachsbach.X83
40;Boden des u.g. Homogenbereiches mit den Kennwerten nach Baubeschreibung und Baugrundgutachten unterhalb des Homogenbereiches 1 profilgerecht lösen, laden, innerhalb der Baustelle fördern, abladen, zu regelmäßig geformten und DIN-gerechten Mieten locker aufsetzen.;88,0;m3;gaeb;leistungsbeschreibungen/139 LV Gewässerverrohrung_Lachsbach.X83
50;Boden des u.g. Homogenbereiches mit den Kennwerten nach Baubeschreibung und Baugrundgutachten unterhalb des Homogenbereiches 1 profilgerecht lösen, laden, innerhalb der Baustelle fördern, abladen, zu regelmäßig geformten und DIN-gerechten Mieten locker aufsetzen.;88,0;m3;gaeb;leistungsbeschreibungen/139 LV Gewässerverrohrung_Lachsbach.X83
60;Untersuchung zur Abfalldeklaration nach EBV Mindestuntersu- chungsprogramm für Boden vor der Aufbereitung bei unspezifi- schem Verdacht, Untersuchung im Feststoff und Ealuat aus  Haufwerken. Ausführung wie folgt:;2,0;St;gaeb;leistungsbeschreibungen/139 LV Gewässerverrohrung_Lachsbach.X83
70;Ergänzende Analytik von Bodenaushub gemäß DepV, Anhang 3, Tabelle 2, bei Überschreitung der EBV-Zuordnung  Probenvorbereitung, Analysen und gutachterlicher  Bericht / abfallrechtliche Einstufung gem. DepV sind in  das Angebot einzupreisen.  Durchführung dieser Untersuchungen nur mit  ausdrücklicher ;2,0;St;gaeb;leistungsbeschreibungen/139 LV Gewässerverrohrung_Lachsbach.X83
80;Boden, nicht gefährlich, Zuordnung BM-F0 nach Ersatzbau- stoffverordnung (EBV), Art und Umfang der Belastung gem.  noch durchzuführender Deklarationsanalyse, auf Fahrzeug la- gernd, mit LKW des AN transportieren, entsorgen, zum La- ger/zur Anlage nach Wahl des AN, Vergütung der Entsorgung  übernimmt;750,0;t;gaeb;leistungsbeschreibungen/139 LV Gewässerverrohrung_Lachsbach.X83
90;Zulageposition zur Position Boden abtransportieren und entsorgen, BM-F0:;56,0;t;gaeb;leistungsbeschreibungen/139 LV Gewässerverrohrung_Lachsbach.X83
100;Zulageposition zur Position Boden abtransportieren und entsorgen, BM-F0:;226,0;t;gaeb;leistungsbeschreibungen/139 LV Gewässerverrohrung_Lachsbach.X83
110;Zulageposition zur Position Boden abtransportieren und entsorgen, BM-F0:;38,0;t;gaeb;leistungsbeschreibungen/139 LV Gewässerverrohrung_Lachsbach.X83
120;Zulageposition zur Position Boden abtransportieren und entsorgen, BM-F0:;19,0;t;gaeb;leistungsbeschreibungen/139 LV Gewässerverrohrung_Lachsbach.X83
130;Zulageposition zur Position Boden abtransportieren und entsorgen, BM-F0:;19,0;t;gaeb;leistungsbeschreibungen/139 LV Gewässerverrohrung_Lachsbach.X83
140;Zulageposition zur Position Boden abtransportieren und entsorgen, BM-F0:;19,0;t;gaeb;leistungsbeschreibungen/139 LV Gewässerverrohrung_Lachsbach.X83
150;Stahlplatte (Eisenplatte) zur Lastverteilung im Bereich von festgestellten Versackungen liefern, zur Einbaustelle transportieren und fachgerecht einbauen.;5,0;m2;gaeb;leistungsbeschreibungen/139 LV Gewässerverrohrung_Lachsbach.X83
10;Baugrube für offene Bauweise, gem. DIN 4124 und;20,0;m;gaeb;leistungsbeschreibungen/139 LV Gewässerverrohrung_Lachsbach.X83
20;Baugrube wie vor, jedoch:;13,0;m;gaeb;leistungsbeschreibungen/139 LV Gewässerverrohrung_Lachsbach.X83
30;Baugrube wie vor, jedoch:;20,0;m;gaeb;leistungsbeschreibungen/139 LV Gewässerverrohrung_Lachsbach.X83
40;Baugrube wie vor, jedoch:;5,0;m;gaeb;leistungsbeschreibungen/139 LV Gewässerverrohrung_Lachsbach.X83
50;Verbau mit großflächigen Stahlverbauplatten im Einstell- oder Absenkverfahren unter Berücksichtigung der Arbeitsraumbreiten nach DIN 4124 und DIN EN 1610 frei Baustelle liefern, einbauen, vorhalten und nach Beendigung entfernen.;20,0;m;gaeb;leistungsbeschreibungen/139 LV Gewässerverrohrung_Lachsbach.X83
60;Verbau wie vor, jedoch:;13,0;m;gaeb;leistungsbeschreibungen/139 LV Gewässerverrohrung_Lachsbach.X83
70;Verbau wie vor, jedoch:;20,0;m;gaeb;leistungsbeschreibungen/139 LV Gewässerverrohrung_Lachsbach.X83
80;Verbau wie vor, jedoch:;5,0;m;gaeb;leistungsbeschreibungen/139 LV Gewässerverrohrung_Lachsbach.X83
90;Baugrube für offene Bauweise;1,0;Stck;gaeb;leistungsbeschreibungen/139 LV Gewässerverrohrung_Lachsbach.X83
100;Baugrube;1,0;Stck;gaeb;leistungsbeschreibungen/139 LV Gewässerverrohrung_Lachsbach.X83
110;Baugrube;1,0;Stck;gaeb;leistungsbeschreibungen/139 LV Gewässerverrohrung_Lachsbach.X83
120;Baugrube;1,0;Stck;gaeb;leistungsbeschreibungen/139 LV Gewässerverrohrung_Lachsbach.X83
130;Baugrube;1,0;Stck;gaeb;leistungsbeschreibungen/139 LV Gewässerverrohrung_Lachsbach.X83
140;Baugrube;1,0;Stck;gaeb;leistungsbeschreibungen/139 LV Gewässerverrohrung_Lachsbach.X83
150;Baugr.offene Bauw wie vor, jedoch:;1,0;Stck;gaeb;leistungsbeschreibungen/139 LV Gewässerverrohrung_Lachsbach.X83
160;Schachtverbau mit großflächigen Stahlverbauplatten im Einstell- oder Absenkverfahren unter Berücksichtigung der Arbeitsraumbreiten nach DIN 4124 und DIN EN 1610 frei Baustelle liefern, einbauen, vorhalten und entfernen.;1,0;Stck;gaeb;leistungsbeschreibungen/139 LV Gewässerverrohrung_Lachsbach.X83
170;Schachtverbau wie vor, jedoch:;1,0;Stck;gaeb;leistungsbeschreibungen/139 LV Gewässerverrohrung_Lachsbach.X83
180;Schachtverbau wie vor, jedoch:;1,0;Stck;gaeb;leistungsbeschreibungen/139 LV Gewässerverrohrung_Lachsbach.X83
190;Schachtverbau wie vor, jedoch:;1,0;Stck;gaeb;leistungsbeschreibungen/139 LV Gewässerverrohrung_Lachsbach.X83
200;Schachtverbau wie vor, jedoch:;1,0;Stck;gaeb;leistungsbeschreibungen/139 LV Gewässerverrohrung_Lachsbach.X83
210;Schachtverbau wie vor, jedoch:;1,0;Stck;gaeb;leistungsbeschreibungen/139 LV Gewässerverrohrung_Lachsbach.X83
220;Baugrube für offene Bauweise;35,0;m;gaeb;leistungsbeschreibungen/139 LV Gewässerverrohrung_Lachsbach.X83
230;Verbau mit großflächigen Stahlverbauplatten im Einstell- oder Absenkverfahren unter Berücksichtigung der Arbeitsraumbreiten nach DIN 4124 und DIN EN 1610 frei Baustelle liefern, einbauen, vorhalten und nach Beendigung entfernen.;35,0;m;gaeb;leistungsbeschreibungen/139 LV Gewässerverrohrung_Lachsbach.X83
240;Bodenaushub in Handschachtung, auf Anordnung;20,0;m3;gaeb;leistungsbeschreibungen/139 LV Gewässerverrohrung_Lachsbach.X83
250;"Zulage zu Position/en ""Verbau liefern, einbauen, vorhalten und entfernen""Jedoch Mehraufwand für die Verwendung von Trägerbohlenwänden als Verbau im Bereich von querenden Ver- und Entsorgungsleitungen.";150,0;m2;gaeb;leistungsbeschreibungen/139 LV Gewässerverrohrung_Lachsbach.X83
260;Füllboden,;590,0;m3;gaeb;leistungsbeschreibungen/139 LV Gewässerverrohrung_Lachsbach.X83
270;Nichttragfähigen Boden nach Anweisung der Bauaufsicht;40,0;m3;gaeb;leistungsbeschreibungen/139 LV Gewässerverrohrung_Lachsbach.X83
280;Polypropylen Hochlastkanalrohre, Vollwandrohre;20,0;m;gaeb;leistungsbeschreibungen/139 LV Gewässerverrohrung_Lachsbach.X83
290;Polypropylen Hochlastkanalrohre, Vollwandrohre;5,0;m;gaeb;leistungsbeschreibungen/139 LV Gewässerverrohrung_Lachsbach.X83
300;Rohrleitung fachgerecht trennen, einschl. alle erforderlichen Nebenarbeiten und Erdarbeiten. In der Baugrube.;2,0;Stck;gaeb;leistungsbeschreibungen/139 LV Gewässerverrohrung_Lachsbach.X83
310;Rohrleitung fachgerecht trennen, einschl. alle erforderlichen Nebenarbeiten und Erdarbeiten. In der Baugrube.;1,0;Stck;gaeb;leistungsbeschreibungen/139 LV Gewässerverrohrung_Lachsbach.X83
320;Rohrleitung fachgerecht trennen wie vor, jedoch:;1,0;Stck;gaeb;leistungsbeschreibungen/139 LV Gewässerverrohrung_Lachsbach.X83
330;Rohrleitung fachgerecht trennen wie vor, jedoch:;2,0;Stck;gaeb;leistungsbeschreibungen/139 LV Gewässerverrohrung_Lachsbach.X83
340;Rohrleitung fachgerecht trennen wie vor, jedoch:;2,0;Stck;gaeb;leistungsbeschreibungen/139 LV Gewässerverrohrung_Lachsbach.X83
350;Rohrleitung fachgerecht trennen wie vor, jedoch:;4,0;Stck;gaeb;leistungsbeschreibungen/139 LV Gewässerverrohrung_Lachsbach.X83
360;Rohrleitung fachgerecht trennen wie vor, jedoch:;4,0;Stck;gaeb;leistungsbeschreibungen/139 LV Gewässerverrohrung_Lachsbach.X83
370;Rohrleitung fachgerecht trennen wie vor, jedoch:;2,0;Stck;gaeb;leistungsbeschreibungen/139 LV Gewässerverrohrung_Lachsbach.X83
380;Formstück in Rohrleitung liefern und einbauen. Vergütet wird der Mehraufwand für die Lieferung und den Einbau des Formstückes gegenüber der bis zur Innenfläche der Sammelrohrleitung durchgemessenen Rohrleitung.;2,0;Stck;gaeb;leistungsbeschreibungen/139 LV Gewässerverrohrung_Lachsbach.X83
390;Formstück in Rohrleitung liefern und einbauen. Vergütet wird der Mehraufwand für die Lieferung und den Einbau des Formstückes gegenüber der bis zur Innenfläche der Sammelrohrleitung durchgemessenen Rohrleitung.;2,0;Stck;gaeb;leistungsbeschreibungen/139 LV Gewässerverrohrung_Lachsbach.X83
400;Formstück wie vor, jedoch:;4,0;Stck;gaeb;leistungsbeschreibungen/139 LV Gewässerverrohrung_Lachsbach.X83
410;Entwässerungsleitung aus Betonrohren gemäß DIN EN 1916/ DIN V 1201, Typ 2, nach erhöhten Anforderungen der FBS-Qualitätsrichtlinien liefern, zwischenlagern, zur Verwendungsstelle transportieren und unter Beachtung der DIN EN 1610 sowie der Verlegevorschriften des Herstellers fachgerecht auf einer mi;23,0;m;gaeb;leistungsbeschreibungen/139 LV Gewässerverrohrung_Lachsbach.X83
420;Entwässerungsleitung aus GFK-Rohren gemäß DIN EN 14364 / DIN EN ISO 23856 liefern, zwischenlagern, zur Verwendungsstelle transportieren und unter Beachtung der DIN EN 1610 sowie der Verlegevorschriften des Herstellers fachgerecht auf einer mindestens 10 cm dicken, steinfreien Sandschicht in den fert;4,0;m;gaeb;leistungsbeschreibungen/139 LV Gewässerverrohrung_Lachsbach.X83
430;Formstück liefern und einbauen.;5,0;Stck;gaeb;leistungsbeschreibungen/139 LV Gewässerverrohrung_Lachsbach.X83
440;Formstück liefern und einbauen.;1,0;Stck;gaeb;leistungsbeschreibungen/139 LV Gewässerverrohrung_Lachsbach.X83
450;Formstück liefern und einbauen.;1,0;Stck;gaeb;leistungsbeschreibungen/139 LV Gewässerverrohrung_Lachsbach.X83
460;Formstück liefern und einbauen.;1,0;Stck;gaeb;leistungsbeschreibungen/139 LV Gewässerverrohrung_Lachsbach.X83
470;Formstück, zum Anschluss der Rohrleitung an die Sammelrohrleitung, liefern und Rohranschluss an Sammelrohrleitung herstellen, Anschluss dichten.;4,0;Stck;gaeb;leistungsbeschreibungen/139 LV Gewässerverrohrung_Lachsbach.X83
480;Manschettendichtung für das Verbinden von Rohren;1,0;Stck;gaeb;leistungsbeschreibungen/139 LV Gewässerverrohrung_Lachsbach.X83
490;Manschettendichtung für das Verbinden von Rohren;1,0;Stck;gaeb;leistungsbeschreibungen/139 LV Gewässerverrohrung_Lachsbach.X83
500;Manschettendichtung für das Verbinden von Rohren;1,0;Stck;gaeb;leistungsbeschreibungen/139 LV Gewässerverrohrung_Lachsbach.X83
510;Manschettendichtung für das Verbinden von Rohren;2,0;Stck;gaeb;leistungsbeschreibungen/139 LV Gewässerverrohrung_Lachsbach.X83
520;Manschettendichtung für das Verbinden von Rohren;2,0;Stck;gaeb;leistungsbeschreibungen/139 LV Gewässerverrohrung_Lachsbach.X83
530;Polypropylen Hochlastkanalrohre, Vollwandrohre;35,0;m;gaeb;leistungsbeschreibungen/139 LV Gewässerverrohrung_Lachsbach.X83
540;Rohrleitung fachgerecht trennen, einschl. alle erforderlichen Nebenarbeiten und Erdarbeiten. In der Baugrube.;3,0;Stck;gaeb;leistungsbeschreibungen/139 LV Gewässerverrohrung_Lachsbach.X83
550;Formstück in Rohrleitung liefern und einbauen. Vergütet wird der Mehraufwand für die Lieferung und den Einbau des Formstückes gegenüber der bis zur Innenfläche der Sammelrohrleitung durchgemessenen Rohrleitung.;3,0;Stck;gaeb;leistungsbeschreibungen/139 LV Gewässerverrohrung_Lachsbach.X83
560;Formstück in Rohrleitung liefern und einbauen wie vor, jedoch:;15,0;Stck;gaeb;leistungsbeschreibungen/139 LV Gewässerverrohrung_Lachsbach.X83
570;Manschettendichtung für das Verbinden von Rohren;1,0;Stck;gaeb;leistungsbeschreibungen/139 LV Gewässerverrohrung_Lachsbach.X83
580;Einsteigeschacht aus Betonfertigteilen mit Schachtunterteil DN 1000, Normschacht gem. DIN-EN-1917, Typ 2, DIN 4034-1 und der FBS-Qualitätsrichtlinie liefern und herstellen.;1,0;Stk;gaeb;leistungsbeschreibungen/139 LV Gewässerverrohrung_Lachsbach.X83
590;Einsteigeschacht aus Betonfertigteilen wie vor jedoch:;1,0;Stk;gaeb;leistungsbeschreibungen/139 LV Gewässerverrohrung_Lachsbach.X83
600;Einsteigeschacht aus Betonfertigteilen wie vor jedoch:;1,0;Stk;gaeb;leistungsbeschreibungen/139 LV Gewässerverrohrung_Lachsbach.X83
610;Einsteigeschacht wie vor jedoch:;1,0;Stk;gaeb;leistungsbeschreibungen/139 LV Gewässerverrohrung_Lachsbach.X83
620;Einsteigeschacht aus Stahlbetonfertigteilen gem. Ausführungsplanung liefern und;1,0;Stck;gaeb;leistungsbeschreibungen/139 LV Gewässerverrohrung_Lachsbach.X83
630;Einsteigeschacht von Unterfläche Fundament;1,0;Stck;gaeb;leistungsbeschreibungen/139 LV Gewässerverrohrung_Lachsbach.X83
640;Einsteigeschacht von Unterfläche Fundament;1,0;Stck;gaeb;leistungsbeschreibungen/139 LV Gewässerverrohrung_Lachsbach.X83
650;Kanalanlagen abbrechen,;5,0;m3;gaeb;leistungsbeschreibungen/139 LV Gewässerverrohrung_Lachsbach.X83
660;Vorhandene Schachtbauwerke Rechtecksbauwerk b/l=ca. 2,5m/ca. 3,3m bis ca. 9,05 m aus Beton und Mauerwerk, einschl. der Schachtabdeckungen, bis in eine Höhe von 3,9 m unter GOK abbrechen und die Schächte mit sandigen Füllboden mit der Ungleichförmigkeitsziffer (U) von mind. 3, einem Trockenraumgewich;1,0;Stck;gaeb;leistungsbeschreibungen/139 LV Gewässerverrohrung_Lachsbach.X83
670;Schachtabdeckung ausbauen und abfahren,;3,0;Stck;gaeb;leistungsbeschreibungen/139 LV Gewässerverrohrung_Lachsbach.X83
680;Rohre im Baugrubenbereich ausbauen und abfahren,;55,0;m;gaeb;leistungsbeschreibungen/139 LV Gewässerverrohrung_Lachsbach.X83
690;Rohre im Baugrubenbereich ausbauen und abfahren,;4,0;m;gaeb;leistungsbeschreibungen/139 LV Gewässerverrohrung_Lachsbach.X83
700;Polypropylen-Rohre DN 160, gem. DIN 8077/8078 sowie;8,0;m;gaeb;leistungsbeschreibungen/139 LV Gewässerverrohrung_Lachsbach.X83
710;Vorhandene Regenwasserleitung fachgerecht verfüllen.;30,0;m;gaeb;leistungsbeschreibungen/139 LV Gewässerverrohrung_Lachsbach.X83
720;Schachtanschluss im Bestandsschacht 6045029 zurückbaue.;1,0;Stck;gaeb;leistungsbeschreibungen/139 LV Gewässerverrohrung_Lachsbach.X83
730;Offene Wasserhaltung;20,0;m;gaeb;leistungsbeschreibungen/139 LV Gewässerverrohrung_Lachsbach.X83
740;Offene Wasserhaltung;5,0;m;gaeb;leistungsbeschreibungen/139 LV Gewässerverrohrung_Lachsbach.X83
750;Offene Wasserhaltung;23,0;m;gaeb;leistungsbeschreibungen/139 LV Gewässerverrohrung_Lachsbach.X83
760;Zur Sicherstellung der Regenwasservorflut ist während der gesamten Dauer der Bauarbeiten die ordnungsgemäße Ableitung des anfallenden Regenwassers gemäß Baubeschreibung aufrechtzuerhalten.;1,0;psch;gaeb;leistungsbeschreibungen/139 LV Gewässerverrohrung_Lachsbach.X83
770;Vorhalten, Aufrechterhalten und Betreiben der Vorflutanlage.;40,0;d;gaeb;leistungsbeschreibungen/139 LV Gewässerverrohrung_Lachsbach.X83
780;Abbauen der gesamten Vorflutanlage einschl. sämtlicher Geräte, Hilfsmittel, und  Absperreinrichtungen.;1,0;psch;gaeb;leistungsbeschreibungen/139 LV Gewässerverrohrung_Lachsbach.X83
10;Erdplanum im Bereich der geplanten Verkehrsflächen nach Ausführungszeichnungen herstellen und zur Standfestigkeit verdichten (100 % Proctordichte).;120,0;m2;gaeb;leistungsbeschreibungen/139 LV Gewässerverrohrung_Lachsbach.X83
20;Schicht aus frostunempfindlichem Material gemäß ZTV-SoB-StB liefern, profilgerecht einbauen, Grob- und Feinplanum herstellen und entsprechend ZTV-SoB-StB mit geeignetem Gerät verdichten.;30,0;m3;gaeb;leistungsbeschreibungen/139 LV Gewässerverrohrung_Lachsbach.X83
30;Schottertragschicht gemäß ZTV SoB-StB liefern und nach Zeichnung im Bereich der Verkehrsflächen planumsgerecht einbauen, Grob- und Feinplanum herstellen und entsprechend ZTV-SoB-StB mit geeignetem Gerät verdichten.;5,0;m3;gaeb;leistungsbeschreibungen/139 LV Gewässerverrohrung_Lachsbach.X83
40;Schicht ohne Bindemittel in den Nebenflächen aufnehmen,  wiedereinbauen und verdichten.;50,0;m3;gaeb;leistungsbeschreibungen/139 LV Gewässerverrohrung_Lachsbach.X83
50;Bordsteine aus Beton liefern und höhen- und fluchtgerecht einbauen.;10,0;m;gaeb;leistungsbeschreibungen/139 LV Gewässerverrohrung_Lachsbach.X83
60;Bordsteine aus Beton liefern und höhen- und fluchtgerecht einbauen wie vor, jedoch:;2,0;m;gaeb;leistungsbeschreibungen/139 LV Gewässerverrohrung_Lachsbach.X83
70;Bordsteine aus Beton liefern und höhen- und fluchtgerecht einbauen wie vor, jedoch:;2,0;m;gaeb;leistungsbeschreibungen/139 LV Gewässerverrohrung_Lachsbach.X83
80;Bordsteine jeglicher Art (Hoch-, Rund- und Tiefbordsteine) quer auf Passmaß oder auf Gehrung an Eckverbindungen und an Absenksteine trennen.;2,0;Stck;gaeb;leistungsbeschreibungen/139 LV Gewässerverrohrung_Lachsbach.X83
90;Pflaster aus seitl. Lagerung aufnehmen und fachgerecht wiedereinbauen.;10,0;m2;gaeb;leistungsbeschreibungen/139 LV Gewässerverrohrung_Lachsbach.X83
100;Vorhandene Pflaster aus Beton mit Bettung ohne Bindemittel aus- und wieder einbauen.;5,0;m2;gaeb;leistungsbeschreibungen/139 LV Gewässerverrohrung_Lachsbach.X83
110;Herstellen von Schnittkanten;10,0;m;gaeb;leistungsbeschreibungen/139 LV Gewässerverrohrung_Lachsbach.X83
120;Betonrechteckspflaster DI, gem. DIN EN 1338  liefern und herstellen, einschließlich handelsüblicher Ergänzungssteinen liefern und mit unter Beachtung der DIN 18318 und ZTV P-StB fachgerecht verlegen, verfugen und abrütteln.;10,0;m2;gaeb;leistungsbeschreibungen/139 LV Gewässerverrohrung_Lachsbach.X83
130;Betonrechteckspflaster DI, gem. DIN EN 1338  liefern und herstellen, einschließlich handelsüblicher Ergänzungssteinen liefern und mit unter Beachtung der DIN 18318 und ZTV P-StB fachgerecht verlegen, verfugen und abrütteln.;10,0;m2;gaeb;leistungsbeschreibungen/139 LV Gewässerverrohrung_Lachsbach.X83
140;Asphalttragschicht aus Mischgut AC 22 TD, gem. ZTV Asphalt-StB 07/13 liefern, heiß einbauen und fachgerecht verdichten.;130,0;m2;gaeb;leistungsbeschreibungen/139 LV Gewässerverrohrung_Lachsbach.X83
150;Zulage für den Handeinbau:;130,0;m2;gaeb;leistungsbeschreibungen/139 LV Gewässerverrohrung_Lachsbach.X83
160;Unterlage reinigen. Anfallendes Material der Verwertung;130,0;m2;gaeb;leistungsbeschreibungen/139 LV Gewässerverrohrung_Lachsbach.X83
170;Bitumenemulsion zur Herstellung des Schichtenverbundes;130,0;m2;gaeb;leistungsbeschreibungen/139 LV Gewässerverrohrung_Lachsbach.X83
180;Asphaltbinderschicht aus Mischgut AC 16 BS, gem. ZTV Asphalt-StB 07/13 liefern, heiß einbauen und fachgerecht verdichten.;130,0;m2;gaeb;leistungsbeschreibungen/139 LV Gewässerverrohrung_Lachsbach.X83
190;Zulage für den Handeinbau:;130,0;m2;gaeb;leistungsbeschreibungen/139 LV Gewässerverrohrung_Lachsbach.X83
200;Asphaltbinderschicht reinigen;130,0;m2;gaeb;leistungsbeschreibungen/139 LV Gewässerverrohrung_Lachsbach.X83
210;Bitumenemulsion zur Herstellung des Schichtenverbundes;130,0;m2;gaeb;leistungsbeschreibungen/139 LV Gewässerverrohrung_Lachsbach.X83
220;Asphaltdeckschicht aus Mischgut AC 8 DS, gem. ZTV Asphalt-StB 07/13 liefern, heiß einbauen und fachgerecht verdichten.;130,0;m2;gaeb;leistungsbeschreibungen/139 LV Gewässerverrohrung_Lachsbach.X83
230;Zulage für den Handeinbau:;130,0;m2;gaeb;leistungsbeschreibungen/139 LV Gewässerverrohrung_Lachsbach.X83
240;Naht in Asphaltschicht gem. ZTV Asphalt-StB herstellen.;70,0;m;gaeb;leistungsbeschreibungen/139 LV Gewässerverrohrung_Lachsbach.X83
250;Naht in Asphaltschicht gem. ZTV Asphalt-StB herstellen.;70,0;m;gaeb;leistungsbeschreibungen/139 LV Gewässerverrohrung_Lachsbach.X83
260;Anschluss als Fuge mit Fugenmasse herstellen.;70,0;m;gaeb;leistungsbeschreibungen/139 LV Gewässerverrohrung_Lachsbach.X83
270;Abstumpfungsmaßnahme zur Erhöhung der Anfangsgriffigkeit;130,0;m2;gaeb;leistungsbeschreibungen/139 LV Gewässerverrohrung_Lachsbach.X83
280;Erschwernis infolge Einbauten wie Entwässerungsschächte.;2,0;Stck;gaeb;leistungsbeschreibungen/139 LV Gewässerverrohrung_Lachsbach.X83
290;Abdeckungen oder Aufsätze regulieren.;2,0;Stck;gaeb;leistungsbeschreibungen/139 LV Gewässerverrohrung_Lachsbach.X83
300;Fläche für Markierung auf Anordnung des AG schonend;5,0;m2;gaeb;leistungsbeschreibungen/139 LV Gewässerverrohrung_Lachsbach.X83
310;Längsmarkierung Typ II einschl. evtl. Sperrflächenum-;5,0;m;gaeb;leistungsbeschreibungen/139 LV Gewässerverrohrung_Lachsbach.X83
320;Farbige Kennzeichnung von Radwegen randscharf herstel-;5,0;m2;gaeb;leistungsbeschreibungen/139 LV Gewässerverrohrung_Lachsbach.X83
330;Baugrube für Einbau Straßenablauf  in offener Bauweise profilgerecht herstellen, verfüllen und verdichten.;1,0;Stck;gaeb;leistungsbeschreibungen/139 LV Gewässerverrohrung_Lachsbach.X83
340;Bodenaushub in Handschachtung, auf Anordnung;5,0;m3;gaeb;leistungsbeschreibungen/139 LV Gewässerverrohrung_Lachsbach.X83
350;Straßenablauf aus hochwertigem Polypropylen nach DIN 1852 liefern und fachgerecht einbauen.;1,0;Stck;gaeb;leistungsbeschreibungen/139 LV Gewässerverrohrung_Lachsbach.X83
360;Generalreinigung der Straßenabläufe auf Anweisung der örtlichen Bauüberwachung herstellen, einschließlich aller Nebenarbeiten sowie Abfuhr des Reinigungsgutes zur eigenen Verwendung.;1,0;Stck;gaeb;leistungsbeschreibungen/139 LV Gewässerverrohrung_Lachsbach.X83
10;Entwässerungsrohrleitung auf Dichtheit nach DIN EN 1610 / DWA-A 139 prüfen, inkl. Gestellung des automatischen Druckschreiber-Protokolls und aller erforderlichen Geräte und Nebenarbeiten.;20,0;m;gaeb;leistungsbeschreibungen/139 LV Gewässerverrohrung_Lachsbach.X83
20;Entwässerungsrohrleitung auf Dichtheit prüfen wie vor, jedoch:;5,0;m;gaeb;leistungsbeschreibungen/139 LV Gewässerverrohrung_Lachsbach.X83
30;Entwässerungsrohrleitung auf Dichtheit prüfen wie vor, jedoch:;23,0;m;gaeb;leistungsbeschreibungen/139 LV Gewässerverrohrung_Lachsbach.X83
40;Entwässerungsrohrleitung auf Dichtheit prüfen wie vor, jedoch:;4,0;m;gaeb;leistungsbeschreibungen/139 LV Gewässerverrohrung_Lachsbach.X83
50;Kontrollschächte auf Dichtheit nach DIN EN 1610 (mit Wasser) prüfen,  inkl. Gestellung des automatischen Druckschreiber-Protokolls und aller erforderlichen Geräte und Nebenarbeiten.;3,0;Stck;gaeb;leistungsbeschreibungen/139 LV Gewässerverrohrung_Lachsbach.X83
60;Kontrollschächte auf Dichtheit nach DIN EN 1610 prüfen,  wie vor, jedoch:;2,0;Stck;gaeb;leistungsbeschreibungen/139 LV Gewässerverrohrung_Lachsbach.X83
70;Kontrollschächte auf Dichtheit nach DIN EN 1610 prüfen,  wie vor, jedoch:;1,0;Stck;gaeb;leistungsbeschreibungen/139 LV Gewässerverrohrung_Lachsbach.X83
80;Reinigen der Kanäle/Schächte mittels Hochdruckspülgerät;20,0;m;gaeb;leistungsbeschreibungen/139 LV Gewässerverrohrung_Lachsbach.X83
90;Reinigen der Kanäle/Schächte mittels Hochdruckspülgerät;5,0;m;gaeb;leistungsbeschreibungen/139 LV Gewässerverrohrung_Lachsbach.X83
100;Reinigen der Kanäle/Schächte mittels Hochdruckspülgerät;23,0;m;gaeb;leistungsbeschreibungen/139 LV Gewässerverrohrung_Lachsbach.X83
110;Reinigen der Kanäle/Schächte mittels Hochdruckspülgerät;4,0;m;gaeb;leistungsbeschreibungen/139 LV Gewässerverrohrung_Lachsbach.X83
120;Inspektion von Rohrleitungen gemäß dem Merkblatt für die Untersuchung von öffentlichen Entwässerungsanlagen in der Stadt Flensburg, Kodierung gemäß DIN EN 13508/DWA M149-2, durchführen. Herstellung und Lieferung einer Videoaufzeichnung einschließlich Antransport, Vorhalten, Betrieb und Abtransport d;20,0;m;gaeb;leistungsbeschreibungen/139 LV Gewässerverrohrung_Lachsbach.X83
130;Inspektion von Rohrleitungen wie vor, jedoch:;5,0;m;gaeb;leistungsbeschreibungen/139 LV Gewässerverrohrung_Lachsbach.X83
140;Inspektion von Rohrleitungen wie vor, jedoch:;23,0;m;gaeb;leistungsbeschreibungen/139 LV Gewässerverrohrung_Lachsbach.X83
150;Inspektion von Rohrleitungen wie vor, jedoch:;4,0;m;gaeb;leistungsbeschreibungen/139 LV Gewässerverrohrung_Lachsbach.X83
160;Durchführung einer Deformationsanalyse an neu verlegten biegeweichen Rohrleitungen aus Polypropylen (PP) zur Überprüfung der Einbausituation und der zulässigen Rohrverformung. Die Messung der Rohrverformung (Ovalität) ist nach Abschluss der Verfüll- und Verdichtungsarbeiten durchzuführen. Die Ermitt;20,0;m;gaeb;leistungsbeschreibungen/139 LV Gewässerverrohrung_Lachsbach.X83
170;Durchführung einer Deformationsanalyse wie vor, jedoch:;5,0;m;gaeb;leistungsbeschreibungen/139 LV Gewässerverrohrung_Lachsbach.X83
180;Nochmalige An- und Abfahrt zur Reinigung von;1,0;psch;gaeb;leistungsbeschreibungen/139 LV Gewässerverrohrung_Lachsbach.X83
190;Es ist eine Fotodokumentation der Kanalbauarbeiten zu erstellten.;1,0;psch;gaeb;leistungsbeschreibungen/139 LV Gewässerverrohrung_Lachsbach.X83
200;Verdichtungsnachweis durch ein anerkanntes unabhängiges Erd- und Grundbaulabor, mit Künzelstab, i. M. 2,0 m, nach Anweisung der Bauaufsicht herstellen, einschließlich Lieferung des Prüfberichtes.;4,0;Stck;gaeb;leistungsbeschreibungen/139 LV Gewässerverrohrung_Lachsbach.X83
210;Nachweis der Kornverteilung für ungebundene Tragschichten gemäß DIN EN 933 durch ein anerkanntes Erd- und Grundbaulabor nach Anweisung der Bauaufsicht durchführen, einschließlich Lieferung des Prüfberichtes.;1,0;Stck;gaeb;leistungsbeschreibungen/139 LV Gewässerverrohrung_Lachsbach.X83
220;Statischen Lastplattendruckversuch auf verdichtetem Erdplanum gemäß DIN 18134 durchführen, einschließlich aller Nebenarbeiten, dazu zählt auch das Bereitstellen des Belastungsfahrzeugs.;1,0;Stck;gaeb;leistungsbeschreibungen/139 LV Gewässerverrohrung_Lachsbach.X83
230;Statischen Lastplattendruckversuch auf verdichteter Schottertragschicht gemäß DIN 18134 durchführen, einschließlich aller Nebenarbeiten, dazu zählt auch das Bereitstellen des Belastungsfahrzeugs.;1,0;Stck;gaeb;leistungsbeschreibungen/139 LV Gewässerverrohrung_Lachsbach.X83
240;Statischen Lastplattendruckversuch gemäß DIN 18134 durchführen, einschließlich aller Nebenarbeiten, dazu zählt auch das Bereitstellen des Belastungsfahrzeugs.;1,0;Stck;gaeb;leistungsbeschreibungen/139 LV Gewässerverrohrung_Lachsbach.X83
250;Bohrkernserie aus bituminösen Schichten, Kern-Durchmesser 0,15 m, Bohrtiefe ca. 0,15 m, entnehmen und Bohrlöcher fachgerecht wieder verschließen. Eine Bohrkernserie besteht aus 4 Bohrkernen an einem Standort.;1,0;Stck;gaeb;leistungsbeschreibungen/139 LV Gewässerverrohrung_Lachsbach.X83
260;Eine Bohrkernserie aus bituminösen Schichten auf Bindemittelgehalt, Erweichungspunkt, elastische Rückstellung bei Verwendung von PmB-Bitumen, Art des Minerals, Korngrößenverteilung, Hohlraum, Marshall-Stabilität und Fließwert, Druckfestigkeit, und Verdichtungsnachweis, gemäß DIN 1996/1995 untersuche;1,0;Stck;gaeb;leistungsbeschreibungen/139 LV Gewässerverrohrung_Lachsbach.X83
270;Bohrkernlöcher schließen.;1,0;Stck;gaeb;leistungsbeschreibungen/139 LV Gewässerverrohrung_Lachsbach.X83
280;Messreflektoren links und rechts der Fahrbahn, aus;1,0;Stck;gaeb;leistungsbeschreibungen/139 LV Gewässerverrohrung_Lachsbach.X83
290;Messreflektoren am linken und rechten Fahrbahnrand, aus;1,0;Stck;gaeb;leistungsbeschreibungen/139 LV Gewässerverrohrung_Lachsbach.X83
300;Messreflektoren am linken und rechten Fahrbahnrand, aus;1,0;Stck;gaeb;leistungsbeschreibungen/139 LV Gewässerverrohrung_Lachsbach.X83
310;Elektromagnetische Schichtendickenmessung nach TPD-StB 89 bzw. Anforderungen nach ZTV T StB 95/02 und ZTV Asphalt-StB 07 durchführen (linker und rechter Fahrbahnrand),;1,0;psch;gaeb;leistungsbeschreibungen/139 LV Gewässerverrohrung_Lachsbach.X83
10;Aufgrabeschein lösen, einschl. Erstellung aller dafür notwendigen Unterlagen.;1,0;psch;gaeb;leistungsbeschreibungen/139 LV Gewässerverrohrung_Lachsbach.X83
20;Geräte, Werkzeuge und sonstige Betriebsmittel, die zur;1,0;psch;gaeb;leistungsbeschreibungen/139 LV Gewässerverrohrung_Lachsbach.X83
30;Baustelle betreiben;45,0;d;gaeb;leistungsbeschreibungen/139 LV Gewässerverrohrung_Lachsbach.X83
40;Baustelle von allen Geräten, Anlagen, Einrichtungen und;1,0;psch;gaeb;leistungsbeschreibungen/139 LV Gewässerverrohrung_Lachsbach.X83
50;Räume (doppelwandig) für den AG aufbauen.;1,0;psch;gaeb;leistungsbeschreibungen/139 LV Gewässerverrohrung_Lachsbach.X83
60;Räumlichkeit für den AG vorhalten;45,0;d;gaeb;leistungsbeschreibungen/139 LV Gewässerverrohrung_Lachsbach.X83
70;Räumlichkeit für den AG umsetzen.;1,0;St;gaeb;leistungsbeschreibungen/139 LV Gewässerverrohrung_Lachsbach.X83
80;Bauzeitenplan vor Baubeginn aufstellen.;1,0;psch;gaeb;leistungsbeschreibungen/139 LV Gewässerverrohrung_Lachsbach.X83
90;Für die Abrechnung ist eine Abrechnungszeichnung;1,0;psch;gaeb;leistungsbeschreibungen/139 LV Gewässerverrohrung_Lachsbach.X83
100;Technische Bearbeitung;1,0;psch;gaeb;leistungsbeschreibungen/139 LV Gewässerverrohrung_Lachsbach.X83
110;Bestandsplan erstellen und liefern, in dem alle im Leistungsverzeichnis aufgeführten Flächen einzutragen sind.;1,0;psch;gaeb;leistungsbeschreibungen/139 LV Gewässerverrohrung_Lachsbach.X83
10;Verkehrsführungspläne für 6 Bauphasen und 1 Hinweistafelpläne gemäß Baubeschreibung und Bauphasen-/Hinweistafelpläne als Verkehrszeichenpläne aufstellen und fortschreiben, mit den zuständigen Dienststellen und Beteiligten abstimmen und anordnen lassen.;1,0;psch;gaeb;leistungsbeschreibungen/139 LV Gewässerverrohrung_Lachsbach.X83
20;Verkehrsführung und Verkehrssicherung, einschließlich;1,0;psch;gaeb;leistungsbeschreibungen/139 LV Gewässerverrohrung_Lachsbach.X83
30;Verkehrsführung und Verkehrssicherung wie vor, jedoch umsetzen.;1,0;psch;gaeb;leistungsbeschreibungen/139 LV Gewässerverrohrung_Lachsbach.X83
40;Verkehrsführung der Vorposition während der gesamten vorhalten.;45,0;d;gaeb;leistungsbeschreibungen/139 LV Gewässerverrohrung_Lachsbach.X83
50;Verkehrsführung und Verkehrssicherung, einschließlich;1,0;psch;gaeb;leistungsbeschreibungen/139 LV Gewässerverrohrung_Lachsbach.X83
60;Kontrolle der Arbeitsstellensicherung gem. ZTV-SA;45,0;d;gaeb;leistungsbeschreibungen/139 LV Gewässerverrohrung_Lachsbach.X83
70;Reflektierende Absperrschranken anfahren, aufstellen,;5,0;m;gaeb;leistungsbeschreibungen/139 LV Gewässerverrohrung_Lachsbach.X83
80;Reflektierende Absperrschranken vorhalten.;50,0;m*d;gaeb;leistungsbeschreibungen/139 LV Gewässerverrohrung_Lachsbach.X83
90;Reflektierende Leitbaken anfahren, aufstellen,;5,0;St;gaeb;leistungsbeschreibungen/139 LV Gewässerverrohrung_Lachsbach.X83
100;Reflektierende Leitbaken vorhalten.;50,0;St*d;gaeb;leistungsbeschreibungen/139 LV Gewässerverrohrung_Lachsbach.X83
110;Lampen mit Batterie anfahren, anbringen, nach Bedarf;5,0;St;gaeb;leistungsbeschreibungen/139 LV Gewässerverrohrung_Lachsbach.X83
120;Lampen mit Batterie vorhalten und betreiben einschl.;50,0;St*d;gaeb;leistungsbeschreibungen/139 LV Gewässerverrohrung_Lachsbach.X83
130;Verkehrszeichen verschiedener Art auf Ständer mit;1,0;St;gaeb;leistungsbeschreibungen/139 LV Gewässerverrohrung_Lachsbach.X83
140;Verkehrszeichen verschiedener Art auf Ständer mit;45,0;St*d;gaeb;leistungsbeschreibungen/139 LV Gewässerverrohrung_Lachsbach.X83
150;Zusätzliche Verkehrszeichen verschiedener Art;1,0;St;gaeb;leistungsbeschreibungen/139 LV Gewässerverrohrung_Lachsbach.X83
160;Zusätzliche Verkehrszeichen verschiedener Art;45,0;St*d;gaeb;leistungsbeschreibungen/139 LV Gewässerverrohrung_Lachsbach.X83
170;Liefern, montieren und verkehrssicher aufstellen einer temporären Leitungsbrücke zur Überführung von Schmutzwasserleitungen (Vorflut) über die Mad-Clausen-Straße.;1,0;psch;gaeb;leistungsbeschreibungen/139 LV Gewässerverrohrung_Lachsbach.X83
180;Vorhalten, Betreiben und Überwachen der betriebsfähigen Leitungsbrücke zur Schmutzwasservorflutsicherung inkl. regelmäßiger Sichtkontrollen und Sicherstellung der Standsicherheit.;7,0;Wo;gaeb;leistungsbeschreibungen/139 LV Gewässerverrohrung_Lachsbach.X83
190;Demontieren, abbauen und abtransportieren der Leitungsbrücke inkl. aller Systembauteile sowie Wiederherstellung der Aufstellflächen im Bereich der Leitungsbrücke.;1,0;psch;gaeb;leistungsbeschreibungen/139 LV Gewässerverrohrung_Lachsbach.X83
10;Oberbodenfläche, Vegetationsdecke aus Grassoden, Wurzeln etc. aus einer ehemaligen Grünlandfläche in ebenen bis flach geneigten Flächen abschieben, laden, innerhalb der Baustelle fördern, abladen, zu regelmäßig geformten und DIN-gerechten Mieten locker aufsetzen, aufladen, abfahren und einer geeigne;10,0;m2;gaeb;leistungsbeschreibungen/139 LV Gewässerverrohrung_Lachsbach.X83
20;Hecken und Buschwerk jeder Art mit Wurzelwerk roden, aufladen und entsorgen bzw. einer geeigneten Wiederverwendung zuführen.;5,0;m2;gaeb;leistungsbeschreibungen/139 LV Gewässerverrohrung_Lachsbach.X83
30;Wurzelstock einschließlich Wurzelansätzen roden.;1,0;Stck;gaeb;leistungsbeschreibungen/139 LV Gewässerverrohrung_Lachsbach.X83
40;Probeaufgrabung;10,0;m;gaeb;leistungsbeschreibungen/139 LV Gewässerverrohrung_Lachsbach.X83
50;Probeaufgrabung;10,0;m;gaeb;leistungsbeschreibungen/139 LV Gewässerverrohrung_Lachsbach.X83
60;Handschachtung.;20,0;m3;gaeb;leistungsbeschreibungen/139 LV Gewässerverrohrung_Lachsbach.X83
70;Fremdleitungen sichern.;20,0;m;gaeb;leistungsbeschreibungen/139 LV Gewässerverrohrung_Lachsbach.X83
80;Fremdleitungen sichern.;50,0;m;gaeb;leistungsbeschreibungen/139 LV Gewässerverrohrung_Lachsbach.X83
90;Straßenraumbegrenzungspoller aus Naturstein oder Stahl, aufnehmen, aufladen und seitl. lagern.;2,0;Stck;gaeb;leistungsbeschreibungen/139 LV Gewässerverrohrung_Lachsbach.X83
100;Findlinge im Zuge des Bodenabtrags lösen, aufnehmen, aufladen und entsorgen bzw. einer geeigneten Wiederverwendung zuführen, einschließlich aller Nebenarbeiten.;3,0;Stck;gaeb;leistungsbeschreibungen/139 LV Gewässerverrohrung_Lachsbach.X83
110;Findlinge im Zuge des Bodenabtrags lösen, aufnehmen, aufladen und entsorgen bzw. einer geeigneten Wiederverwendung zuführen, einschließlich aller Nebenarbeiten.;3,0;Stck;gaeb;leistungsbeschreibungen/139 LV Gewässerverrohrung_Lachsbach.X83
120;Infoschilder einschließlich Pfosten mit Fundament, Höhe bis 2,0m, Breite bis 2,0 m, aufnehmen, aufladen und seitl. lagern.;1,0;Stck;gaeb;leistungsbeschreibungen/139 LV Gewässerverrohrung_Lachsbach.X83
130;Stahlrohrpfosten einschließlich Verkehrsschild aufnehmen, aufladen und seitl. lagern.;1,0;Stck;gaeb;leistungsbeschreibungen/139 LV Gewässerverrohrung_Lachsbach.X83
140;Straßenablauf ausbauen und entsorgen.;1,0;Stck;gaeb;leistungsbeschreibungen/139 LV Gewässerverrohrung_Lachsbach.X83
150;Bordsteine aus Beton jeglicher Art (Hoch-, Rund-, Tief- und Rasenbordsteine) in Beton versetzt, aufnehmen, aufladen und entsorgen bzw. einer geeigneten Wiederverwendung zuführen, einschließlich Unterbeton (Fundament und Rückenstütze) der Bordsteine.;50,0;m;gaeb;leistungsbeschreibungen/139 LV Gewässerverrohrung_Lachsbach.X83
160;Pflasterdecke aus Beton in Sand versetzt, aufnehmen, aufladen und entsorgen bzw. einer geeigneten Wiederverwendung zuführen.;20,0;m2;gaeb;leistungsbeschreibungen/139 LV Gewässerverrohrung_Lachsbach.X83
170;Pflaster aufnehmen und seitl. lagern.;10,0;m2;gaeb;leistungsbeschreibungen/139 LV Gewässerverrohrung_Lachsbach.X83
180;Schicht ohne Bindemittel in der Fahrbahn und den Nebenflächen lösen, aufnehmen und beseitigen.;30,0;m3;gaeb;leistungsbeschreibungen/139 LV Gewässerverrohrung_Lachsbach.X83
190;Beprobung vorhandener Asphaltbefestigungen zur Untersuchung auf pechhaltige Bestandteile (PAK) einschließlich fachgerechter Probenahme (z. B. Bohrkern oder Stemmprobe) gemäß DIN EN 932-1 sowie RuVA-StB, sachgerechtem Verpacken, Kennzeichnen und Transport der Proben zu einem akkreditierten Prüflabor,;1,0;psch;gaeb;leistungsbeschreibungen/139 LV Gewässerverrohrung_Lachsbach.X83
200;Asphaltbefestigung geradlinig trennen.;80,0;m;gaeb;leistungsbeschreibungen/139 LV Gewässerverrohrung_Lachsbach.X83
210;Zulage: Asphaltbefest. trennen, pechhaltig;20,0;m;gaeb;leistungsbeschreibungen/139 LV Gewässerverrohrung_Lachsbach.X83
220;Asphaltbefestigung aufbrechen und aufnehmen.;85,0;m2;gaeb;leistungsbeschreibungen/139 LV Gewässerverrohrung_Lachsbach.X83
230;Zulage: Asphaltbefestigung aufbrechen, pechhaltig;25,0;m2;gaeb;leistungsbeschreibungen/139 LV Gewässerverrohrung_Lachsbach.X83
240;Zu verschiedenen Zeiten und je nach Baufortschritt Asphaltbefestigung (auf LKW des AN aufgeladen) entsorgen.;40,0;t;gaeb;leistungsbeschreibungen/139 LV Gewässerverrohrung_Lachsbach.X83
250;Zulage: Asphaltbefest. entsorgen, pechhaltig.;10,0;t;gaeb;leistungsbeschreibungen/139 LV Gewässerverrohrung_Lachsbach.X83
10;Zwischenlagerung für Aushub- / Aufbruchmaterial.;1,0;psch;gaeb;leistungsbeschreibungen/139 LV Gewässerverrohrung_Lachsbach.X83
20;Boden des u.g. Homogenbereiches mit den Kennwerten nach Baubeschreibung und Baugrundgutachten unterhalb der Vegetationsdecke profilgerecht lösen, laden, innerhalb der Baustelle fördern, abladen, zu regelmäßig geformten und DIN-gerechten Mieten locker aufsetzen.;5,0;m3;gaeb;leistungsbeschreibungen/139 LV Gewässerverrohrung_Lachsbach.X83
30;Boden des u.g. Homogenbereiches mit den Kennwerten nach Baubeschreibung und Baugrundgutachten, im Baustellenbereich (zwischen-) lagernd, aufladen, zum Einbauort fördern und lagenweise einbauen und verdichten.;5,0;m3;gaeb;leistungsbeschreibungen/139 LV Gewässerverrohrung_Lachsbach.X83
40;Boden des u.g. Homogenbereiches mit den Kennwerten nach Baubeschreibung und Baugrundgutachten unterhalb des Homogenbereiches 1 profilgerecht lösen, laden, innerhalb der Baustelle fördern, abladen, zu regelmäßig geformten und DIN-gerechten Mieten locker aufsetzen.;110,0;m3;gaeb;leistungsbeschreibungen/139 LV Gewässerverrohrung_Lachsbach.X83
50;Boden des u.g. Homogenbereiches mit den Kennwerten nach Baubeschreibung und Baugrundgutachten unterhalb des Homogenbereiches 1 profilgerecht lösen, laden, innerhalb der Baustelle fördern, abladen, zu regelmäßig geformten und DIN-gerechten Mieten locker aufsetzen.;110,0;m3;gaeb;leistungsbeschreibungen/139 LV Gewässerverrohrung_Lachsbach.X83
60;Untersuchung zur Abfalldeklaration nach EBV Mindestuntersu- chungsprogramm für Boden vor der Aufbereitung bei unspezifi- schem Verdacht, Untersuchung im Feststoff und Ealuat aus  Haufwerken. Ausführung wie folgt:;1,0;St;gaeb;leistungsbeschreibungen/139 LV Gewässerverrohrung_Lachsbach.X83
70;Ergänzende Analytik von Bodenaushub gemäß DepV, Anhang 3, Tabelle 2, bei Überschreitung der EBV-Zuordnung  Probenvorbereitung, Analysen und gutachterlicher  Bericht / abfallrechtliche Einstufung gem. DepV sind in  das Angebot einzupreisen.  Durchführung dieser Untersuchungen nur mit  ausdrücklicher ;1,0;St;gaeb;leistungsbeschreibungen/139 LV Gewässerverrohrung_Lachsbach.X83
80;Boden, nicht gefährlich, Zuordnung BM-F0 nach Ersatzbau- stoffverordnung (EBV), Art und Umfang der Belastung gem.  noch durchzuführender Deklarationsanalyse, auf Fahrzeug la- gernd, mit LKW des AN transportieren, entsorgen, zum La- ger/zur Anlage nach Wahl des AN, Vergütung der Entsorgung  übernimmt;440,0;t;gaeb;leistungsbeschreibungen/139 LV Gewässerverrohrung_Lachsbach.X83
90;Zulageposition zur Position Boden abtransportieren und entsorgen, BM-F0:;33,0;t;gaeb;leistungsbeschreibungen/139 LV Gewässerverrohrung_Lachsbach.X83
100;Zulageposition zur Position Boden abtransportieren und entsorgen, BM-F0:;131,0;t;gaeb;leistungsbeschreibungen/139 LV Gewässerverrohrung_Lachsbach.X83
110;Zulageposition zur Position Boden abtransportieren und entsorgen, BM-F0:;22,0;t;gaeb;leistungsbeschreibungen/139 LV Gewässerverrohrung_Lachsbach.X83
120;Zulageposition zur Position Boden abtransportieren und entsorgen, BM-F0:;11,0;t;gaeb;leistungsbeschreibungen/139 LV Gewässerverrohrung_Lachsbach.X83
130;Zulageposition zur Position Boden abtransportieren und entsorgen, BM-F0:;11,0;t;gaeb;leistungsbeschreibungen/139 LV Gewässerverrohrung_Lachsbach.X83
140;Zulageposition zur Position Boden abtransportieren und entsorgen, BM-F0:;11,0;t;gaeb;leistungsbeschreibungen/139 LV Gewässerverrohrung_Lachsbach.X83
150;Stahlplatte (Eisenplatte) zur Lastverteilung im Bereich von festgestellten Versackungen liefern, zur Einbaustelle transportieren und fachgerecht einbauen.;5,0;m2;gaeb;leistungsbeschreibungen/139 LV Gewässerverrohrung_Lachsbach.X83
10;Baugrube für offene Bauweise, gem. DIN 4124 und;50,0;m;gaeb;leistungsbeschreibungen/139 LV Gewässerverrohrung_Lachsbach.X83
20;Baugrube für offene Bauweise, wie vor, jedoch:;17,0;m;gaeb;leistungsbeschreibungen/139 LV Gewässerverrohrung_Lachsbach.X83
30;Verbau mit großflächigen Stahlverbauplatten im Einstell- oder Absenkverfahren unter Berücksichtigung der Arbeitsraumbreiten nach DIN 4124 und DIN EN 1610 frei Baustelle liefern, einbauen, vorhalten und nach Beendigung entfernen.;50,0;m;gaeb;leistungsbeschreibungen/139 LV Gewässerverrohrung_Lachsbach.X83
40;Verbau liefern, einbauen, vorhalten und entfernen, wie vor, jedoch:;17,0;m;gaeb;leistungsbeschreibungen/139 LV Gewässerverrohrung_Lachsbach.X83
50;Baugrube für offene Bauweise;1,0;Stck;gaeb;leistungsbeschreibungen/139 LV Gewässerverrohrung_Lachsbach.X83
60;Baugr.offene Bauw wie vor, jedoch:;1,0;Stck;gaeb;leistungsbeschreibungen/139 LV Gewässerverrohrung_Lachsbach.X83
70;Schachtverbau mit großflächigen Stahlverbauplatten im Einstell- oder Absenkverfahren unter Berücksichtigung der Arbeitsraumbreiten nach DIN 4124 und DIN EN 1610 frei Baustelle liefern, einbauen, vorhalten und entfernen.;1,0;Stck;gaeb;leistungsbeschreibungen/139 LV Gewässerverrohrung_Lachsbach.X83
80;Schachtverbau liefern, einbauen, vorhalten und entfernen, wie vor, jedoch:;1,0;Stck;gaeb;leistungsbeschreibungen/139 LV Gewässerverrohrung_Lachsbach.X83
90;Bodenaushub in Handschachtung, auf Anordnung;60,0;m3;gaeb;leistungsbeschreibungen/139 LV Gewässerverrohrung_Lachsbach.X83
100;"Zulage zu Position/en ""Verbau liefern, einbauen, vorhalten und entfernen""Jedoch Mehraufwand für die Verwendung von Trägerbohlenwänden als Verbau im Bereich von querenden Ver- und Entsorgungsleitungen.";90,0;m2;gaeb;leistungsbeschreibungen/139 LV Gewässerverrohrung_Lachsbach.X83
110;Füllboden,;320,0;m3;gaeb;leistungsbeschreibungen/139 LV Gewässerverrohrung_Lachsbach.X83
120;Nichttragfähigen Boden nach Anweisung der Bauaufsicht;60,0;m3;gaeb;leistungsbeschreibungen/139 LV Gewässerverrohrung_Lachsbach.X83
130;Polypropylen Hochlastkanalrohre, Vollwandrohre;65,0;m;gaeb;leistungsbeschreibungen/139 LV Gewässerverrohrung_Lachsbach.X83
140;Rohrleitung fachgerecht trennen, einschl. alle erforderlichen Nebenarbeiten und Erdarbeiten. In der Baugrube.;4,0;Stck;gaeb;leistungsbeschreibungen/139 LV Gewässerverrohrung_Lachsbach.X83
150;Rohrleitung fachgerecht trennen wie vor, jedoch:;2,0;Stck;gaeb;leistungsbeschreibungen/139 LV Gewässerverrohrung_Lachsbach.X83
160;Rohrleitung fachgerecht trennen wie vor, jedoch:;3,0;Stck;gaeb;leistungsbeschreibungen/139 LV Gewässerverrohrung_Lachsbach.X83
170;Rohrleitung fachgerecht trennen wie vor, jedoch:;1,0;Stck;gaeb;leistungsbeschreibungen/139 LV Gewässerverrohrung_Lachsbach.X83
180;Formstück in Rohrleitung liefern und einbauen. Vergütet wird der Mehraufwand für die Lieferung und den Einbau des Formstückes gegenüber der bis zur Innenfläche der Sammelrohrleitung durchgemessenen Rohrleitung.;4,0;Stck;gaeb;leistungsbeschreibungen/139 LV Gewässerverrohrung_Lachsbach.X83
190;Formstück liefern und einbauen.;1,0;Stck;gaeb;leistungsbeschreibungen/139 LV Gewässerverrohrung_Lachsbach.X83
200;Formstück liefern und einbauen.;1,0;Stck;gaeb;leistungsbeschreibungen/139 LV Gewässerverrohrung_Lachsbach.X83
210;Formstück liefern und einbauen.;1,0;Stck;gaeb;leistungsbeschreibungen/139 LV Gewässerverrohrung_Lachsbach.X83
220;Manschettendichtung für das Verbinden von Rohren;1,0;Stck;gaeb;leistungsbeschreibungen/139 LV Gewässerverrohrung_Lachsbach.X83
230;Manschettendichtung wie vor, jedoch:;1,0;Stck;gaeb;leistungsbeschreibungen/139 LV Gewässerverrohrung_Lachsbach.X83
240;Manschettendichtung wie vor, jedoch:;1,0;Stck;gaeb;leistungsbeschreibungen/139 LV Gewässerverrohrung_Lachsbach.X83
250;Einsteigeschacht aus Betonfertigteilen mit Schachtunterteil DN 1000, Normschacht gem. DIN-EN-1917, Typ 2, DIN 4034-1 und der FBS-Qualitätsrichtlinie liefern und herstellen.;1,0;Stck;gaeb;leistungsbeschreibungen/139 LV Gewässerverrohrung_Lachsbach.X83
260;Einsteigeschacht aus Betonfertigteilen wie vor, jedoch:;1,0;Stck;gaeb;leistungsbeschreibungen/139 LV Gewässerverrohrung_Lachsbach.X83
270;Schachtumbau, Anschluss neu herstellen;1,0;psch;gaeb;leistungsbeschreibungen/139 LV Gewässerverrohrung_Lachsbach.X83
280;Einsteigeschacht von Unterfläche Fundament;1,0;Stck;gaeb;leistungsbeschreibungen/139 LV Gewässerverrohrung_Lachsbach.X83
290;Einsteigeschacht von Unterfläche Fundament;1,0;Stck;gaeb;leistungsbeschreibungen/139 LV Gewässerverrohrung_Lachsbach.X83
300;Kanalanlagen abbrechen,;2,0;m3;gaeb;leistungsbeschreibungen/139 LV Gewässerverrohrung_Lachsbach.X83
310;Schachtabdeckung ausbauen und abfahren,;2,0;Stck;gaeb;leistungsbeschreibungen/139 LV Gewässerverrohrung_Lachsbach.X83
320;Rohre im Baugrubenbereich ausbauen und abfahren,;65,0;m;gaeb;leistungsbeschreibungen/139 LV Gewässerverrohrung_Lachsbach.X83
330;Offene Wasserhaltung;65,0;m;gaeb;leistungsbeschreibungen/139 LV Gewässerverrohrung_Lachsbach.X83
340;Zur Sicherstellung der Schmutzwasservorflut ist während der gesamten Dauer der Bauarbeiten die ordnungsgemäße Ableitung des anfallenden Schmutzwassers gemäß Baubeschreibung aufrechtzuerhalten.;1,0;psch;gaeb;leistungsbeschreibungen/139 LV Gewässerverrohrung_Lachsbach.X83
350;Vorflutanlage wie vor, jedoch:;3,0;Stck;gaeb;leistungsbeschreibungen/139 LV Gewässerverrohrung_Lachsbach.X83
360;Vorhalten, Aufrechterhalten und Betreiben der Vorflutanlage.;45,0;d;gaeb;leistungsbeschreibungen/139 LV Gewässerverrohrung_Lachsbach.X83
370;Abbauen der gesamten Vorflutanlage einschl. sämtlicher Geräte, Hilfsmittel, und  Absperreinrichtungen.;1,0;psch;gaeb;leistungsbeschreibungen/139 LV Gewässerverrohrung_Lachsbach.X83
10;Erdplanum im Bereich der geplanten Verkehrsflächen nach Ausführungszeichnungen herstellen und zur Standfestigkeit verdichten (100 % Proctordichte).;100,0;m2;gaeb;leistungsbeschreibungen/139 LV Gewässerverrohrung_Lachsbach.X83
20;Schicht aus frostunempfindlichem Material gemäß ZTV-SoB-StB liefern, profilgerecht einbauen, Grob- und Feinplanum herstellen und entsprechend ZTV-SoB-StB mit geeignetem Gerät verdichten.;30,0;m3;gaeb;leistungsbeschreibungen/139 LV Gewässerverrohrung_Lachsbach.X83
30;Schottertragschicht gemäß ZTV SoB-StB liefern und nach Zeichnung im Bereich der Verkehrsflächen planumsgerecht einbauen, Grob- und Feinplanum herstellen und entsprechend ZTV-SoB-StB mit geeignetem Gerät verdichten.;30,0;m3;gaeb;leistungsbeschreibungen/139 LV Gewässerverrohrung_Lachsbach.X83
40;Schicht ohne Bindemittel in den Nebenflächen aufnehmen,  wiedereinbauen und verdichten.;10,0;m3;gaeb;leistungsbeschreibungen/139 LV Gewässerverrohrung_Lachsbach.X83
50;Bordsteine aus Beton liefern und höhen- und fluchtgerecht einbauen.;50,0;m;gaeb;leistungsbeschreibungen/139 LV Gewässerverrohrung_Lachsbach.X83
60;Bordsteine aus Beton liefern und höhen- und fluchtgerecht einbauen wie vor, jedoch:;2,0;m;gaeb;leistungsbeschreibungen/139 LV Gewässerverrohrung_Lachsbach.X83
70;Bordsteine aus Beton liefern und höhen- und fluchtgerecht einbauen wie vor, jedoch:;2,0;m;gaeb;leistungsbeschreibungen/139 LV Gewässerverrohrung_Lachsbach.X83
80;Bordsteine jeglicher Art (Hoch-, Rund- und Tiefbordsteine) quer auf Passmaß oder auf Gehrung an Eckverbindungen und an Absenksteine trennen.;8,0;Stck;gaeb;leistungsbeschreibungen/139 LV Gewässerverrohrung_Lachsbach.X83
90;Pflaster aus seitl. Lagerung aufnehmen und fachgerecht wiedereinbauen.;10,0;m2;gaeb;leistungsbeschreibungen/139 LV Gewässerverrohrung_Lachsbach.X83
100;Vorhandene Pflaster aus Beton mit Bettung ohne Bindemittel aus- und wieder einbauen.;25,0;m2;gaeb;leistungsbeschreibungen/139 LV Gewässerverrohrung_Lachsbach.X83
110;Herstellen von Schnittkanten;30,0;m;gaeb;leistungsbeschreibungen/139 LV Gewässerverrohrung_Lachsbach.X83
120;Betonrechteckspflaster DI, gem. DIN EN 1338  liefern und herstellen, einschließlich handelsüblicher Ergänzungssteinen liefern und mit unter Beachtung der DIN 18318 und ZTV P-StB fachgerecht verlegen, verfugen und abrütteln.;12,0;m2;gaeb;leistungsbeschreibungen/139 LV Gewässerverrohrung_Lachsbach.X83
130;Betonrechteckspflaster DI, gem. DIN EN 1338  liefern und herstellen, einschließlich handelsüblicher Ergänzungssteinen liefern und mit unter Beachtung der DIN 18318 und ZTV P-StB fachgerecht verlegen, verfugen und abrütteln.;8,0;m2;gaeb;leistungsbeschreibungen/139 LV Gewässerverrohrung_Lachsbach.X83
140;Asphalttragschicht aus Mischgut AC 22 TD, gem. ZTV Asphalt-StB 07/13 liefern, heiß einbauen und fachgerecht verdichten.;85,0;m2;gaeb;leistungsbeschreibungen/139 LV Gewässerverrohrung_Lachsbach.X83
150;Zulage für den Handeinbau:;85,0;m2;gaeb;leistungsbeschreibungen/139 LV Gewässerverrohrung_Lachsbach.X83
160;Unterlage reinigen. Anfallendes Material der Verwertung;85,0;m2;gaeb;leistungsbeschreibungen/139 LV Gewässerverrohrung_Lachsbach.X83
170;Bitumenemulsion zur Herstellung des Schichtenverbundes;85,0;m2;gaeb;leistungsbeschreibungen/139 LV Gewässerverrohrung_Lachsbach.X83
180;Asphaltbinderschicht aus Mischgut AC 16 BS, gem. ZTV Asphalt-StB 07/13 liefern, heiß einbauen und fachgerecht verdichten.;85,0;m2;gaeb;leistungsbeschreibungen/139 LV Gewässerverrohrung_Lachsbach.X83
190;Zulage für den Handeinbau:;85,0;m2;gaeb;leistungsbeschreibungen/139 LV Gewässerverrohrung_Lachsbach.X83
200;Asphaltbinderschicht reinigen;85,0;m2;gaeb;leistungsbeschreibungen/139 LV Gewässerverrohrung_Lachsbach.X83
210;Bitumenemulsion zur Herstellung des Schichtenverbundes;85,0;m2;gaeb;leistungsbeschreibungen/139 LV Gewässerverrohrung_Lachsbach.X83
220;Asphaltdeckschicht aus Mischgut AC 8 DS, gem. ZTV Asphalt-StB 07/13 liefern, heiß einbauen und fachgerecht verdichten.;85,0;m2;gaeb;leistungsbeschreibungen/139 LV Gewässerverrohrung_Lachsbach.X83
230;Zulage für den Handeinbau:;85,0;m2;gaeb;leistungsbeschreibungen/139 LV Gewässerverrohrung_Lachsbach.X83
240;Naht in Asphaltschicht gem. ZTV Asphalt-StB herstellen.;80,0;m;gaeb;leistungsbeschreibungen/139 LV Gewässerverrohrung_Lachsbach.X83
250;Naht in Asphaltschicht gem. ZTV Asphalt-StB herstellen.;80,0;m;gaeb;leistungsbeschreibungen/139 LV Gewässerverrohrung_Lachsbach.X83
260;Anschluss als Fuge mit Fugenmasse herstellen.;80,0;m;gaeb;leistungsbeschreibungen/139 LV Gewässerverrohrung_Lachsbach.X83
270;Abstumpfungsmaßnahme zur Erhöhung der Anfangsgriffigkeit;85,0;m2;gaeb;leistungsbeschreibungen/139 LV Gewässerverrohrung_Lachsbach.X83
280;Erschwernis infolge Einbauten wie Entwässerungsschächte.;4,0;Stck;gaeb;leistungsbeschreibungen/139 LV Gewässerverrohrung_Lachsbach.X83
290;Abdeckungen oder Aufsätze regulieren.;4,0;Stck;gaeb;leistungsbeschreibungen/139 LV Gewässerverrohrung_Lachsbach.X83
300;Fläche für Markierung auf Anordnung des AG schonend;10,0;m2;gaeb;leistungsbeschreibungen/139 LV Gewässerverrohrung_Lachsbach.X83
310;Sonstiges Markierungszeichen Typ II nach Unterlagen des;1,0;Stck;gaeb;leistungsbeschreibungen/139 LV Gewässerverrohrung_Lachsbach.X83
320;Längsmarkierung Typ II einschl. evtl. Sperrflächenum-;50,0;m;gaeb;leistungsbeschreibungen/139 LV Gewässerverrohrung_Lachsbach.X83
330;Farbige Kennzeichnung von Radwegen randscharf herstel-;10,0;m2;gaeb;leistungsbeschreibungen/139 LV Gewässerverrohrung_Lachsbach.X83
340;Baugrube für Einbau Straßenablauf  in offener Bauweise profilgerecht herstellen, verfüllen und verdichten.;1,0;Stck;gaeb;leistungsbeschreibungen/139 LV Gewässerverrohrung_Lachsbach.X83
350;Bodenaushub in Handschachtung, auf Anordnung;5,0;m3;gaeb;leistungsbeschreibungen/139 LV Gewässerverrohrung_Lachsbach.X83
360;Straßenablauf aus hochwertigem Polypropylen nach DIN 1852 liefern und fachgerecht einbauen.;1,0;Stck;gaeb;leistungsbeschreibungen/139 LV Gewässerverrohrung_Lachsbach.X83
370;Generalreinigung der Straßenabläufe auf Anweisung der örtlichen Bauüberwachung herstellen, einschließlich aller Nebenarbeiten sowie Abfuhr des Reinigungsgutes zur eigenen Verwendung.;1,0;Stck;gaeb;leistungsbeschreibungen/139 LV Gewässerverrohrung_Lachsbach.X83
10;Entwässerungsrohrleitung auf Dichtheit nach DIN EN 1610 / DWA-A 139 prüfen, inkl. Gestellung des automatischen Druckschreiber-Protokolls und aller erforderlichen Geräte und Nebenarbeiten.;65,0;m;gaeb;leistungsbeschreibungen/139 LV Gewässerverrohrung_Lachsbach.X83
20;Kontrollschächte auf Dichtheit nach DIN EN 1610 (mit Wasser) prüfen,  inkl. Gestellung des automatischen Druckschreiber-Protokolls und aller erforderlichen Geräte und Nebenarbeiten.;3,0;Stck;gaeb;leistungsbeschreibungen/139 LV Gewässerverrohrung_Lachsbach.X83
30;Reinigen der Kanäle/Schächte mittels Hochdruckspülgerät;65,0;m;gaeb;leistungsbeschreibungen/139 LV Gewässerverrohrung_Lachsbach.X83
40;Inspektion von Rohrleitungen gemäß dem Merkblatt für die Untersuchung von öffentlichen Entwässerungsanlagen in der Stadt Flensburg, Kodierung gemäß DIN EN 13508/DWA M149-2, durchführen. Herstellung und Lieferung einer Videoaufzeichnung einschließlich Antransport, Vorhalten, Betrieb und Abtransport d;65,0;m;gaeb;leistungsbeschreibungen/139 LV Gewässerverrohrung_Lachsbach.X83
50;Durchführung einer Deformationsanalyse an neu verlegten biegeweichen Rohrleitungen aus Polypropylen (PP) zur Überprüfung der Einbausituation und der zulässigen Rohrverformung. Die Messung der Rohrverformung (Ovalität) ist nach Abschluss der Verfüll- und Verdichtungsarbeiten durchzuführen. Die Ermitt;65,0;m;gaeb;leistungsbeschreibungen/139 LV Gewässerverrohrung_Lachsbach.X83
60;Nochmalige An- und Abfahrt zur Reinigung von;1,0;psch;gaeb;leistungsbeschreibungen/139 LV Gewässerverrohrung_Lachsbach.X83
70;Es ist eine Fotodokumentation der Kanalbaumaßnahme zu erstellten.;1,0;psch;gaeb;leistungsbeschreibungen/139 LV Gewässerverrohrung_Lachsbach.X83
80;Verdichtungsnachweis durch ein anerkanntes unabhängiges Erd- und Grundbaulabor, mit Künzelstab, i. M. 2,0 m, nach Anweisung der Bauaufsicht herstellen, einschließlich Lieferung des Prüfberichtes.;3,0;Stck;gaeb;leistungsbeschreibungen/139 LV Gewässerverrohrung_Lachsbach.X83
90;Nachweis der Kornverteilung für ungebundene Tragschichten gemäß DIN EN 933 durch ein anerkanntes Erd- und Grundbaulabor nach Anweisung der Bauaufsicht durchführen, einschließlich Lieferung des Prüfberichtes.;1,0;Stck;gaeb;leistungsbeschreibungen/139 LV Gewässerverrohrung_Lachsbach.X83
100;Statischen Lastplattendruckversuch auf verdichtetem Erdplanum gemäß DIN 18134 durchführen, einschließlich aller Nebenarbeiten, dazu zählt auch das Bereitstellen des Belastungsfahrzeugs.;2,0;Stck;gaeb;leistungsbeschreibungen/139 LV Gewässerverrohrung_Lachsbach.X83
110;Statischen Lastplattendruckversuch auf verdichteter Schottertragschicht gemäß DIN 18134 durchführen, einschließlich aller Nebenarbeiten, dazu zählt auch das Bereitstellen des Belastungsfahrzeugs.;2,0;Stck;gaeb;leistungsbeschreibungen/139 LV Gewässerverrohrung_Lachsbach.X83
120;Statischen Lastplattendruckversuch gemäß DIN 18134 durchführen, einschließlich aller Nebenarbeiten, dazu zählt auch das Bereitstellen des Belastungsfahrzeugs.;2,0;Stck;gaeb;leistungsbeschreibungen/139 LV Gewässerverrohrung_Lachsbach.X83
130;Bohrkernserie aus bituminösen Schichten, Kern-Durchmesser 0,15 m, Bohrtiefe ca. 0,15 m, entnehmen und Bohrlöcher fachgerecht wieder verschließen. Eine Bohrkernserie besteht aus 4 Bohrkernen an einem Standort.;1,0;Stck;gaeb;leistungsbeschreibungen/139 LV Gewässerverrohrung_Lachsbach.X83
140;Eine Bohrkernserie aus bituminösen Schichten auf Bindemittelgehalt, Erweichungspunkt, elastische Rückstellung bei Verwendung von PmB-Bitumen, Art des Minerals, Korngrößenverteilung, Hohlraum, Marshall-Stabilität und Fließwert, Druckfestigkeit, und Verdichtungsnachweis, gemäß DIN 1996/1995 untersuche;1,0;Stck;gaeb;leistungsbeschreibungen/139 LV Gewässerverrohrung_Lachsbach.X83
150;Bohrkernlöcher schließen.;1,0;Stck;gaeb;leistungsbeschreibungen/139 LV Gewässerverrohrung_Lachsbach.X83
160;Messreflektoren links und rechts der Fahrbahn, aus;1,0;Stck;gaeb;leistungsbeschreibungen/139 LV Gewässerverrohrung_Lachsbach.X83
170;Messreflektoren am linken und rechten Fahrbahnrand, aus;1,0;Stck;gaeb;leistungsbeschreibungen/139 LV Gewässerverrohrung_Lachsbach.X83
180;Messreflektoren am linken und rechten Fahrbahnrand, aus;1,0;Stck;gaeb;leistungsbeschreibungen/139 LV Gewässerverrohrung_Lachsbach.X83
190;Elektromagnetische Schichtendickenmessung nach TPD-StB 89 bzw. Anforderungen nach ZTV T StB 95/02 und ZTV Asphalt-StB 07 durchführen (linker und rechter Fahrbahnrand),;1,0;psch;gaeb;leistungsbeschreibungen/139 LV Gewässerverrohrung_Lachsbach.X83
