Pos.;Leistung;Menge;Einheit;Quelle;Datei
1;Aushubtiefe bis ca. 3,5 m u. vorh. GOK (0,20 bzw. -0,05 m NHN);3249,0;m3;gaeb;vom_unternehmen_auszufuellende_dokumente/260618_ITZ_Neue Störschleife_LOS01 Tief-Landschaftsbauarbeiten.X83
2;profilgerecht entsprechend Zeichnung ausheben und seitlich lagern.;6727,0;m3;gaeb;vom_unternehmen_auszufuellende_dokumente/260618_ITZ_Neue Störschleife_LOS01 Tief-Landschaftsbauarbeiten.X83
3;gelagerten, natürlichen, steinfreien, verdichtungsfähigen und nichtbindigen Boden BM-0 zur Baustelle wieder aufnehmen und lagenweise einbauen und verdichten.;2184,0;m3;gaeb;vom_unternehmen_auszufuellende_dokumente/260618_ITZ_Neue Störschleife_LOS01 Tief-Landschaftsbauarbeiten.X83
4;steinfreien, verdichtungsfähigen, nichtbindigen und versickerungsfähigen Boden BM-0 liefern, in Lagen einbauen und entsprechend der geforderten Lagerungsdichte verdichten (der Nachweis über Materialklasse ist dem AG vorzulegen).;300,0;m3;gaeb;vom_unternehmen_auszufuellende_dokumente/260618_ITZ_Neue Störschleife_LOS01 Tief-Landschaftsbauarbeiten.X83
5;Aushub Aufnehmen, Abfahren zur Lagerstädte (erweiterte BE) und nach organoleptischer Kontrolle getrennt nach Bodenarten (natürlicher Boden bzw. bauschutthaltige Auffüllung) lagern.;9976,0;m3;gaeb;vom_unternehmen_auszufuellende_dokumente/260618_ITZ_Neue Störschleife_LOS01 Tief-Landschaftsbauarbeiten.X83
6;steinfreien, verdichtungsfähigen, nichtbindigen und versickerungsfähigen Boden  BM-0 in Lagerstädte (erweiterte BE) aufnehmen, abfahren zur Baustelle und seitlich lagern;2184,0;m3;gaeb;vom_unternehmen_auszufuellende_dokumente/260618_ITZ_Neue Störschleife_LOS01 Tief-Landschaftsbauarbeiten.X83
7;Lastplattendruckversuche für den Bereichen Wasserbecken und Bepflanzten Bodenfilter durchführen. Auswertung und Dokumentation der Ergebnisse. Dokumentation 2-fach übergeben.;15,0;St;gaeb;vom_unternehmen_auszufuellende_dokumente/260618_ITZ_Neue Störschleife_LOS01 Tief-Landschaftsbauarbeiten.X83
8;Beim Antreffen vorhandener Fundamentreste aus Beton oder Stahlbeton im Bereich der Aushub- und Baugrubenarbeiten sind diese nach Freigabe durch die Bauleitung abzubrechen, aufzunehmen und aus dem Baufeld zu entfernen.;10,0;m3;gaeb;vom_unternehmen_auszufuellende_dokumente/260618_ITZ_Neue Störschleife_LOS01 Tief-Landschaftsbauarbeiten.X83
1;Aushubtiefe bis ca. 1,8 m ab vorh. GOK,;300,0;m3;gaeb;vom_unternehmen_auszufuellende_dokumente/260618_ITZ_Neue Störschleife_LOS01 Tief-Landschaftsbauarbeiten.X83
2;Aushubtiefe bis ca. 1,2 m ab vorh. GOK,;240,0;m3;gaeb;vom_unternehmen_auszufuellende_dokumente/260618_ITZ_Neue Störschleife_LOS01 Tief-Landschaftsbauarbeiten.X83
3;steinfreien, verdichtungsfähigen, nichtbindigen und versickerungsfähigen Boden BM-0 (Z0) liefern, in Lagen einbauen und entsprechend der geforderten Lagerungsdichte verdichten (der Nachweis über Materialklasse ist dem AG vorzulegen).;292,0;m3;gaeb;vom_unternehmen_auszufuellende_dokumente/260618_ITZ_Neue Störschleife_LOS01 Tief-Landschaftsbauarbeiten.X83
4;Aushub Aufnehmen, Abfahren zur Lagerstädte und nach organoleptischer Kontrolle getrennt nach Bodenarten (natürlicher Boden bzw. bauschutthaltige Auffüllung) lagern.;300,0;m3;gaeb;vom_unternehmen_auszufuellende_dokumente/260618_ITZ_Neue Störschleife_LOS01 Tief-Landschaftsbauarbeiten.X83
5;im Projektgebiet gelagerten Boden, steinfreien, verdichtungsfähigen, nichtbindigen und versickerungsfähigen BM-0 (Z0), in Lagen einbauen und entsprechend der geforderten Lagerungsdichte verdichten (der Nachweis über Materialklasse ist dem AG vorzulegen).;300,0;m3;gaeb;vom_unternehmen_auszufuellende_dokumente/260618_ITZ_Neue Störschleife_LOS01 Tief-Landschaftsbauarbeiten.X83
6;Verbau nach Wahl des AN für Leitungsgraben herstellen, vorhalten u. zurückbauen.;400,0;m;gaeb;vom_unternehmen_auszufuellende_dokumente/260618_ITZ_Neue Störschleife_LOS01 Tief-Landschaftsbauarbeiten.X83
7;Pflasterbelag  im Bereich der Leitungsgräben aufnehmen, seitlich lagern und wiedereinbauen;216,0;m2;gaeb;vom_unternehmen_auszufuellende_dokumente/260618_ITZ_Neue Störschleife_LOS01 Tief-Landschaftsbauarbeiten.X83
1;Aushubtiefe bis -1,20 m NHN;140,0;m3;gaeb;vom_unternehmen_auszufuellende_dokumente/260618_ITZ_Neue Störschleife_LOS01 Tief-Landschaftsbauarbeiten.X83
2;Verbau nach Wahl des AN für Entnahmebauwerk herstellen, vorhalten u. zurückbauen.;100,0;m2;gaeb;vom_unternehmen_auszufuellende_dokumente/260618_ITZ_Neue Störschleife_LOS01 Tief-Landschaftsbauarbeiten.X83
3;gelagerten, natürlichen, steinfreien, verdichtungsfähigen und nichtbindigen Boden BM-0 (Z0) zur Baustelle wieder aufnehmen und lagenweise einbauen und verdichten.;50,0;m3;gaeb;vom_unternehmen_auszufuellende_dokumente/260618_ITZ_Neue Störschleife_LOS01 Tief-Landschaftsbauarbeiten.X83
4;steinfreien, verdichtungsfähigen, nichtbindigen und versickerungsfähigen Boden BM-0 (Z0) liefern, in Lagen einbauen und entsprechend der geforderten Lagerungsdichte verdichten (der Nachweis über Materialklasse ist dem AG vorzulegen).;50,0;m3;gaeb;vom_unternehmen_auszufuellende_dokumente/260618_ITZ_Neue Störschleife_LOS01 Tief-Landschaftsbauarbeiten.X83
5;Aushub Aufnehmen, Abfahren zur Lagerstädte (erweiterte BE) und nach organoleptischer Kontrolle getrennt nach Bodenarten (natürlicher Boden bzw. bauschutthaltige Auffüllung) lagern.;50,0;m3;gaeb;vom_unternehmen_auszufuellende_dokumente/260618_ITZ_Neue Störschleife_LOS01 Tief-Landschaftsbauarbeiten.X83
1;Einrichten einer offenen Wasserhaltung zur Ableitung von Oberflächen-, Sicker- und Schichtenwasser für den Einbau der Tragschichten, der Sauberkeitsschicht sowie für das Anschweißen der Bewehrung und die Herstellung der Stahlbetonsohlplatte zwischen den Spundwänden.;1,0;psch;gaeb;vom_unternehmen_auszufuellende_dokumente/260618_ITZ_Neue Störschleife_LOS01 Tief-Landschaftsbauarbeiten.X83
2;Betreiben, Vorhalten und Überwachen der offenen Wasserhaltung während der Bauzeit.;30,0;d;gaeb;vom_unternehmen_auszufuellende_dokumente/260618_ITZ_Neue Störschleife_LOS01 Tief-Landschaftsbauarbeiten.X83
3;Rückbau der offenen Wasserhaltung nach Abschluss der Bauarbeiten.;1,0;psch;gaeb;vom_unternehmen_auszufuellende_dokumente/260618_ITZ_Neue Störschleife_LOS01 Tief-Landschaftsbauarbeiten.X83
1;Einrichten einer offenen Wasserhaltung zur Ableitung von Oberflächen-, Sicker- und Schichtenwasser für den Einbau der Tragschichten, der Sauberkeitsschicht sowie für das Anschweißen der Bewehrung und die Herstellung der Stahlbetonsohlplatte zwischen den Spundwänden.;1,0;psch;gaeb;vom_unternehmen_auszufuellende_dokumente/260618_ITZ_Neue Störschleife_LOS01 Tief-Landschaftsbauarbeiten.X83
2;Betreiben, Vorhalten und Überwachen der offenen Wasserhaltung während der Bauzeit.;30,0;d;gaeb;vom_unternehmen_auszufuellende_dokumente/260618_ITZ_Neue Störschleife_LOS01 Tief-Landschaftsbauarbeiten.X83
3;Rückbau der offenen Wasserhaltung nach Abschluss der Bauarbeiten.;1,0;psch;gaeb;vom_unternehmen_auszufuellende_dokumente/260618_ITZ_Neue Störschleife_LOS01 Tief-Landschaftsbauarbeiten.X83
1;Einrichten einer offenen Wasserhaltung zur Ableitung von Oberflächen-, Sicker- und Schichtenwasser für den Einbau der Tragschichten, der Sauberkeitsschicht sowie für das Anschweißen der Bewehrung und die Herstellung der Stahlbetonsohlplatte zwischen den Spundwänden.;1,0;psch;gaeb;vom_unternehmen_auszufuellende_dokumente/260618_ITZ_Neue Störschleife_LOS01 Tief-Landschaftsbauarbeiten.X83
2;Betreiben, Vorhalten und Überwachen der offenen Wasserhaltung während der Bauzeit.;30,0;d;gaeb;vom_unternehmen_auszufuellende_dokumente/260618_ITZ_Neue Störschleife_LOS01 Tief-Landschaftsbauarbeiten.X83
3;Rückbau der offenen Wasserhaltung nach Abschluss der Bauarbeiten.;1,0;psch;gaeb;vom_unternehmen_auszufuellende_dokumente/260618_ITZ_Neue Störschleife_LOS01 Tief-Landschaftsbauarbeiten.X83
1;Einrichten einer geschlossenen Wasserhaltung zur Absenkung von Grund- und/oder Schichtenwasser für die Herstellung des Entnahmebauwerks.;1,0;psch;gaeb;vom_unternehmen_auszufuellende_dokumente/260618_ITZ_Neue Störschleife_LOS01 Tief-Landschaftsbauarbeiten.X83
2;Betreiben, Vorhalten und Überwachen der geschlossenen Wasserhaltung während der Bauzeit.;25,0;d;gaeb;vom_unternehmen_auszufuellende_dokumente/260618_ITZ_Neue Störschleife_LOS01 Tief-Landschaftsbauarbeiten.X83
3;Rückbau der geschlossenen Wasserhaltung nach Abschluss der Bauarbeiten.;1,0;psch;gaeb;vom_unternehmen_auszufuellende_dokumente/260618_ITZ_Neue Störschleife_LOS01 Tief-Landschaftsbauarbeiten.X83
1;Stahlspundbohlen liefern;420,0;t;gaeb;vom_unternehmen_auszufuellende_dokumente/260618_ITZ_Neue Störschleife_LOS01 Tief-Landschaftsbauarbeiten.X83
2;Stahlspundbohlen liefern;116,0;t;gaeb;vom_unternehmen_auszufuellende_dokumente/260618_ITZ_Neue Störschleife_LOS01 Tief-Landschaftsbauarbeiten.X83
3;Stahlspundwände wasserdicht einbringen;3850,0;m2;gaeb;vom_unternehmen_auszufuellende_dokumente/260618_ITZ_Neue Störschleife_LOS01 Tief-Landschaftsbauarbeiten.X83
4;Freilegen, aufnehmen, bergen bzw. zerstören von Hindernissen im Bereich der Spundwandarbeiten, welche das Einbringen der Spundwände behindern oder unmöglich machen.;2,0;St;gaeb;vom_unternehmen_auszufuellende_dokumente/260618_ITZ_Neue Störschleife_LOS01 Tief-Landschaftsbauarbeiten.X83
5;Spundwände schneiden auf geplante OK;150,0;m;gaeb;vom_unternehmen_auszufuellende_dokumente/260618_ITZ_Neue Störschleife_LOS01 Tief-Landschaftsbauarbeiten.X83
6;Durchdringung Spundwand (Abbrennen) für PW-1 Leitungsquerung DN 300 Stahl (Anschluss PW-1);1,0;St;gaeb;vom_unternehmen_auszufuellende_dokumente/260618_ITZ_Neue Störschleife_LOS01 Tief-Landschaftsbauarbeiten.X83
7;Leitungsquerung durch Spundwand für PW-1, Stahlleitung DN 300, durch Spundwanddurchdringungen herstellen;1,0;psch;gaeb;vom_unternehmen_auszufuellende_dokumente/260618_ITZ_Neue Störschleife_LOS01 Tief-Landschaftsbauarbeiten.X83
8;Herstellen einer Durchdringung der Spundwand für Leitungsquerung Rezirkulationsleitung durch Abbrennen bzw. thermisches Ausschneiden des Stahlprofils zur Durchführung eines Schutzrohrs DN 400.;2,0;St;gaeb;vom_unternehmen_auszufuellende_dokumente/260618_ITZ_Neue Störschleife_LOS01 Tief-Landschaftsbauarbeiten.X83
9;Leitungsquerung durch Wasserbecken, Stahlleitung DN 400, inkl. Spundwanddurchdringungen und Einbindung Ringkanal herstellen;1,0;psch;gaeb;vom_unternehmen_auszufuellende_dokumente/260618_ITZ_Neue Störschleife_LOS01 Tief-Landschaftsbauarbeiten.X83
10;Herstellen einer Durchdringung der Spundwand für die Erschließung Ringakanaldurch durch Abbrennen bzw. thermisches Ausschneiden des Stahlprofils zur Durchführung eines Schutzrohrs DN 150.;2,0;St;gaeb;vom_unternehmen_auszufuellende_dokumente/260618_ITZ_Neue Störschleife_LOS01 Tief-Landschaftsbauarbeiten.X83
11;Leitungsquerung durch Wasserbecken, Stahlleitung DN 150, inkl. Spundwanddurchdringungen herstellen;1,0;psch;gaeb;vom_unternehmen_auszufuellende_dokumente/260618_ITZ_Neue Störschleife_LOS01 Tief-Landschaftsbauarbeiten.X83
12;Roh- und Feinplanum;1115,0;m2;gaeb;vom_unternehmen_auszufuellende_dokumente/260618_ITZ_Neue Störschleife_LOS01 Tief-Landschaftsbauarbeiten.X83
13;Filtervlies GRK 4 liefern und einbauen.;1115,0;m2;gaeb;vom_unternehmen_auszufuellende_dokumente/260618_ITZ_Neue Störschleife_LOS01 Tief-Landschaftsbauarbeiten.X83
14;Tragschicht (Kies 4/8 d=30cm), liefern, auf Geotextil einbauen und verdichten;334,0;m3;gaeb;vom_unternehmen_auszufuellende_dokumente/260618_ITZ_Neue Störschleife_LOS01 Tief-Landschaftsbauarbeiten.X83
15;Beton der Sauberkeitsschicht C8/10, d = 10 cm liefern, einbauen;1115,0;m2;gaeb;vom_unternehmen_auszufuellende_dokumente/260618_ITZ_Neue Störschleife_LOS01 Tief-Landschaftsbauarbeiten.X83
16;WU-Beton C35/45 für die Sohlplatten zw. den Spundwänden;670,0;m3;gaeb;vom_unternehmen_auszufuellende_dokumente/260618_ITZ_Neue Störschleife_LOS01 Tief-Landschaftsbauarbeiten.X83
17;Werkstattplanung, Herstellen, Liefern und Montieren von Einbauteilen an den Spundwänden zur Befestigung und Verankerung der Stahlbetonbewehrung sowie zur Anbindung der Bodenplatte an die Spundwandkonstruktion, bestehend aus 2 Flachblechen t=12mm.;1333,0;kg;gaeb;vom_unternehmen_auszufuellende_dokumente/260618_ITZ_Neue Störschleife_LOS01 Tief-Landschaftsbauarbeiten.X83
18;Bewehrung für die Sohlplatten zw. Spundwänden aus Betonstahl B 500A liefern und verlegen.;123,0;t;gaeb;vom_unternehmen_auszufuellende_dokumente/260618_ITZ_Neue Störschleife_LOS01 Tief-Landschaftsbauarbeiten.X83
19;Bauaufsichtlich geprüftes Quellband als Dichtung zw. Spundwänden und Bodenplatte liefern und verlegen.;252,0;m;gaeb;vom_unternehmen_auszufuellende_dokumente/260618_ITZ_Neue Störschleife_LOS01 Tief-Landschaftsbauarbeiten.X83
20;Sand 0 - 2 mm (gewaschen) als Auflastschicht und zur Modellierung der Beckentiefe auf die Sohle des Wasserbeckens;223,0;m3;gaeb;vom_unternehmen_auszufuellende_dokumente/260618_ITZ_Neue Störschleife_LOS01 Tief-Landschaftsbauarbeiten.X83
21;Abdeckblech Stahl, d = 10 mm, b = 42 cm;34,0;m;gaeb;vom_unternehmen_auszufuellende_dokumente/260618_ITZ_Neue Störschleife_LOS01 Tief-Landschaftsbauarbeiten.X83
22;Abdeckbleche Stahl, trapezförmig, d = 10 mm, b = 42 cm;200,0;m;gaeb;vom_unternehmen_auszufuellende_dokumente/260618_ITZ_Neue Störschleife_LOS01 Tief-Landschaftsbauarbeiten.X83
23;Abdeckung der Spundwände als U-Profil, d = 10 mm, b = 47 cm,  liefern und anschweißen;230,0;m;gaeb;vom_unternehmen_auszufuellende_dokumente/260618_ITZ_Neue Störschleife_LOS01 Tief-Landschaftsbauarbeiten.X83
24;Spundwandholm als Betonfertigteile liefern und mittels Schrauben und Winkeln auf Spundwand und WSW befestigen;286,0;m;gaeb;vom_unternehmen_auszufuellende_dokumente/260618_ITZ_Neue Störschleife_LOS01 Tief-Landschaftsbauarbeiten.X83
25;Erstellung der Werkstatt- und Ausführungsplanung für den Spundwandholm einschließlich aller Stahlbau-, Befestigungs- und Stahlbetonfertigteilkonstruktionen.;1,0;psch;gaeb;vom_unternehmen_auszufuellende_dokumente/260618_ITZ_Neue Störschleife_LOS01 Tief-Landschaftsbauarbeiten.X83
26;Vor Ausführung der Spundwandholme sind Bemusterungselemente der Betonfertigteile herzustellen und zur Freigabe durch den Auftraggeber auf die Baustelle zu liefern.;3,0;St;gaeb;vom_unternehmen_auszufuellende_dokumente/260618_ITZ_Neue Störschleife_LOS01 Tief-Landschaftsbauarbeiten.X83
27;Die Rettungsleitern sind zur Befestigung an der Spundwandkonstruktion vorzusehen und einschließlich aller erforderlichen Befestigungs- und Anschlusselemente zu liefern und zu montieren.;3,0;St;gaeb;vom_unternehmen_auszufuellende_dokumente/260618_ITZ_Neue Störschleife_LOS01 Tief-Landschaftsbauarbeiten.X83
1;Roh- und Feinplanum;3919,0;m2;gaeb;vom_unternehmen_auszufuellende_dokumente/260618_ITZ_Neue Störschleife_LOS01 Tief-Landschaftsbauarbeiten.X83
2;Filtervlies GRK 4 liefern und einbauen.;3919,0;m2;gaeb;vom_unternehmen_auszufuellende_dokumente/260618_ITZ_Neue Störschleife_LOS01 Tief-Landschaftsbauarbeiten.X83
3;Schottertragschicht d=30cm, aus Beton-RC-Material 0/32 mm liefern, auf Geotextil einbauen und verdichten.;570,0;m3;gaeb;vom_unternehmen_auszufuellende_dokumente/260618_ITZ_Neue Störschleife_LOS01 Tief-Landschaftsbauarbeiten.X83
4;Beton der Sauberkeitsschicht C8/10, d = 10 cm liefern, einbauen;1900,0;m2;gaeb;vom_unternehmen_auszufuellende_dokumente/260618_ITZ_Neue Störschleife_LOS01 Tief-Landschaftsbauarbeiten.X83
5;gem. EC2 (DIN EN 1992-1-1 + NA) nach DIN EN 206-1 und DIN 1045-2;513,0;m3;gaeb;vom_unternehmen_auszufuellende_dokumente/260618_ITZ_Neue Störschleife_LOS01 Tief-Landschaftsbauarbeiten.X83
6;gem. EC2 (DIN EN 1992-1-1 + NA) nach DIN EN 206-1 und DIN 1045-2;185,0;m3;gaeb;vom_unternehmen_auszufuellende_dokumente/260618_ITZ_Neue Störschleife_LOS01 Tief-Landschaftsbauarbeiten.X83
7;gem. EC2 (DIN EN 1992-1-1 + NA) nach DIN EN 206-1 und DIN 1045-2;177,0;m3;gaeb;vom_unternehmen_auszufuellende_dokumente/260618_ITZ_Neue Störschleife_LOS01 Tief-Landschaftsbauarbeiten.X83
8;Bewehrung für die Fundamente und Wände der Winkelstützwände aus Betonstahl B 500A liefern und verlegen.;101,0;t;gaeb;vom_unternehmen_auszufuellende_dokumente/260618_ITZ_Neue Störschleife_LOS01 Tief-Landschaftsbauarbeiten.X83
9;Bauaufsichtlich geprüften Fugenband als Dichtung zw. Spundwänden und Bodenplatte bzw. Wänden liefern und verlegen.;60,0;m;gaeb;vom_unternehmen_auszufuellende_dokumente/260618_ITZ_Neue Störschleife_LOS01 Tief-Landschaftsbauarbeiten.X83
10;Systemschalung, für Sohlplatte der Stützwände;427,0;m2;gaeb;vom_unternehmen_auszufuellende_dokumente/260618_ITZ_Neue Störschleife_LOS01 Tief-Landschaftsbauarbeiten.X83
11;Schalung für die Winkelstützwände,  liefern und gemäß Plänen fachgerecht herstellen.;1463,0;m2;gaeb;vom_unternehmen_auszufuellende_dokumente/260618_ITZ_Neue Störschleife_LOS01 Tief-Landschaftsbauarbeiten.X83
12;Schalung für Betonsohle und Fundamente der Treppenanlage,  liefern und gemäß Plänen fachgerecht herstellen.;431,0;m2;gaeb;vom_unternehmen_auszufuellende_dokumente/260618_ITZ_Neue Störschleife_LOS01 Tief-Landschaftsbauarbeiten.X83
13;"Schienenlager aus Bahnschienenprofil 49 E1 liefern und lage- und höhengerecht als Einbauteile in die Stahlbetonkonstruktion für das Brückenbauwerk ""Steg an der alten Waage"" einbauen.";4,0;St;gaeb;vom_unternehmen_auszufuellende_dokumente/260618_ITZ_Neue Störschleife_LOS01 Tief-Landschaftsbauarbeiten.X83
1;Filtervlies GRK 4 liefern und einbauen.;4038,0;m2;gaeb;vom_unternehmen_auszufuellende_dokumente/260618_ITZ_Neue Störschleife_LOS01 Tief-Landschaftsbauarbeiten.X83
2;Schottertragschicht d=25cm, aus RC-Material 0/32 mm liefern, auf Geotextil einbauen und verdichten;505,0;m2;gaeb;vom_unternehmen_auszufuellende_dokumente/260618_ITZ_Neue Störschleife_LOS01 Tief-Landschaftsbauarbeiten.X83
3;Liefern und Einbau von Tondichtungsmaterial,;2019,0;m2;gaeb;vom_unternehmen_auszufuellende_dokumente/260618_ITZ_Neue Störschleife_LOS01 Tief-Landschaftsbauarbeiten.X83
4;Material wie zuvor, jedoch Lieferung und Einbau mit zweiter und dritter Lage, im Anschlussbereich an die Betonsohlen, der Umfassungsmauern sowie die Spundwände.;839,0;m2;gaeb;vom_unternehmen_auszufuellende_dokumente/260618_ITZ_Neue Störschleife_LOS01 Tief-Landschaftsbauarbeiten.X83
5;Güteüberwachung der fertig gestellten Tonabdichtung;3,0;St;gaeb;vom_unternehmen_auszufuellende_dokumente/260618_ITZ_Neue Störschleife_LOS01 Tief-Landschaftsbauarbeiten.X83
6;Sand 0 - 2 mm (gewaschen) als Auflastschicht und zur Modellierung der Beckentiefe auf die Sohle des Wasserbeckens;654,0;m3;gaeb;vom_unternehmen_auszufuellende_dokumente/260618_ITZ_Neue Störschleife_LOS01 Tief-Landschaftsbauarbeiten.X83
1;Erstellen der Bewehrungs- und Ausführungsplanung für die Bohrpfähle auf Grundlage der statischen Berechnung und der Ausführungsplanung des Bauwerks.;1,0;psch;gaeb;vom_unternehmen_auszufuellende_dokumente/260618_ITZ_Neue Störschleife_LOS01 Tief-Landschaftsbauarbeiten.X83
2;Bohrpfähle als Vollverdrängungsbohrpfähle entsprechend statischer Berechnung herstellen.;80,0;m;gaeb;vom_unternehmen_auszufuellende_dokumente/260618_ITZ_Neue Störschleife_LOS01 Tief-Landschaftsbauarbeiten.X83
3;Roh- und Feinplanum;111,0;m2;gaeb;vom_unternehmen_auszufuellende_dokumente/260618_ITZ_Neue Störschleife_LOS01 Tief-Landschaftsbauarbeiten.X83
4;Filtervlies GRK 4 liefern und einbauen.;111,0;m2;gaeb;vom_unternehmen_auszufuellende_dokumente/260618_ITZ_Neue Störschleife_LOS01 Tief-Landschaftsbauarbeiten.X83
5;Schottertragschicht d=30cm, aus RC-Material 0/32 mm liefern, auf Geotextil einbauen und verdichten;33,0;m3;gaeb;vom_unternehmen_auszufuellende_dokumente/260618_ITZ_Neue Störschleife_LOS01 Tief-Landschaftsbauarbeiten.X83
6;Beton der Sauberkeitsschicht C8/10, d = 10 cm liefern, einbauen;111,0;m2;gaeb;vom_unternehmen_auszufuellende_dokumente/260618_ITZ_Neue Störschleife_LOS01 Tief-Landschaftsbauarbeiten.X83
7;Bodenplatte aus Stahlbeton, mit Ortbeton,;22,0;m3;gaeb;vom_unternehmen_auszufuellende_dokumente/260618_ITZ_Neue Störschleife_LOS01 Tief-Landschaftsbauarbeiten.X83
8;Stützwände aus Stahlbeton, mit Ortbeton,;26,0;m3;gaeb;vom_unternehmen_auszufuellende_dokumente/260618_ITZ_Neue Störschleife_LOS01 Tief-Landschaftsbauarbeiten.X83
9;Bewehrung für die Fundamente und Wände des Theaterstegs aus Betonstahl B 500A liefern und verlegen.;5,6;t;gaeb;vom_unternehmen_auszufuellende_dokumente/260618_ITZ_Neue Störschleife_LOS01 Tief-Landschaftsbauarbeiten.X83
10;Systemschalung, rau, für Sohlplatte der Stützwände;10,0;m2;gaeb;vom_unternehmen_auszufuellende_dokumente/260618_ITZ_Neue Störschleife_LOS01 Tief-Landschaftsbauarbeiten.X83
11;Schalung für die Wände des Theaterstegs,  liefern und gemäß Plänen fachgerecht herstellen.;88,0;m2;gaeb;vom_unternehmen_auszufuellende_dokumente/260618_ITZ_Neue Störschleife_LOS01 Tief-Landschaftsbauarbeiten.X83
12;Sand 0 - 2 mm (gewaschen) als Auflastschicht und zur Modellierung der Beckentiefe auf die Sohle des Wasserbeckens;17,0;m3;gaeb;vom_unternehmen_auszufuellende_dokumente/260618_ITZ_Neue Störschleife_LOS01 Tief-Landschaftsbauarbeiten.X83
1;Erstellen der Bewehrungs- und Ausführungsplanung für die Bohrpfähle auf Grundlage der statischen Berechnung und der Ausführungsplanung des Bauwerks.;1,0;psch;gaeb;vom_unternehmen_auszufuellende_dokumente/260618_ITZ_Neue Störschleife_LOS01 Tief-Landschaftsbauarbeiten.X83
2;Bohrpfähle als Vollverdrängungsbohrpfähle entsprechend statischer Berechnung herstellen.;105,0;m;gaeb;vom_unternehmen_auszufuellende_dokumente/260618_ITZ_Neue Störschleife_LOS01 Tief-Landschaftsbauarbeiten.X83
3;Roh- und Feinplanum;68,0;m2;gaeb;vom_unternehmen_auszufuellende_dokumente/260618_ITZ_Neue Störschleife_LOS01 Tief-Landschaftsbauarbeiten.X83
4;Filtervlies GRK 4 liefern und einbauen.;68,0;m2;gaeb;vom_unternehmen_auszufuellende_dokumente/260618_ITZ_Neue Störschleife_LOS01 Tief-Landschaftsbauarbeiten.X83
5;Schottertragschicht d=30cm, aus RC-Material 0/32 mm liefern, auf Geotextil einbauen und verdichten;20,0;m3;gaeb;vom_unternehmen_auszufuellende_dokumente/260618_ITZ_Neue Störschleife_LOS01 Tief-Landschaftsbauarbeiten.X83
6;Beton der Sauberkeitsschicht C8/10, d = 10 cm liefern, einbauen;68,0;m2;gaeb;vom_unternehmen_auszufuellende_dokumente/260618_ITZ_Neue Störschleife_LOS01 Tief-Landschaftsbauarbeiten.X83
7;Bodenplatte aus Stahlbeton, mit Ortbeton,;24,0;m3;gaeb;vom_unternehmen_auszufuellende_dokumente/260618_ITZ_Neue Störschleife_LOS01 Tief-Landschaftsbauarbeiten.X83
8;Bodenplatte aus Stahlbeton, mit Ortbeton,;7,0;m3;gaeb;vom_unternehmen_auszufuellende_dokumente/260618_ITZ_Neue Störschleife_LOS01 Tief-Landschaftsbauarbeiten.X83
9;WU-Beton C35/45 für Deckplatte der Schwerlastüberfahrt herstellen einschließlich Lieferung, Transport und Einbau der Halbfertigteile.;24,0;m3;gaeb;vom_unternehmen_auszufuellende_dokumente/260618_ITZ_Neue Störschleife_LOS01 Tief-Landschaftsbauarbeiten.X83
10;Bewehrung für die Fundamente, Wände und Deckplatte der Schwerlastüberfahrt aus Betonstahl B 500A liefern und verlegen.;6,2;t;gaeb;vom_unternehmen_auszufuellende_dokumente/260618_ITZ_Neue Störschleife_LOS01 Tief-Landschaftsbauarbeiten.X83
11;Systemschalung, rau, für Sohlplatte der Winkelstützwände;12,0;m2;gaeb;vom_unternehmen_auszufuellende_dokumente/260618_ITZ_Neue Störschleife_LOS01 Tief-Landschaftsbauarbeiten.X83
12;Schalung für die Wände der Schwerlastüberfahrt,  liefern und gemäß Plänen fachgerecht herstellen.;35,0;m2;gaeb;vom_unternehmen_auszufuellende_dokumente/260618_ITZ_Neue Störschleife_LOS01 Tief-Landschaftsbauarbeiten.X83
13;Schalung für die Stirnseiten der Deckplatte der Schwerlastüberfahrt,  liefern und gemäß Plänen fachgerecht herstellen.;12,0;m2;gaeb;vom_unternehmen_auszufuellende_dokumente/260618_ITZ_Neue Störschleife_LOS01 Tief-Landschaftsbauarbeiten.X83
14;Sand 0 - 2 mm (gewaschen) als Auflastschicht und zur Modellierung der Beckentiefe auf die Sohle des Wasserbeckens;10,0;m3;gaeb;vom_unternehmen_auszufuellende_dokumente/260618_ITZ_Neue Störschleife_LOS01 Tief-Landschaftsbauarbeiten.X83
15;Herstellen des Fahrbahnaufbaus auf der Schwerlastüberfahrt gemäß ZTV-ING für Ingenieurbauwerke.;68,0;m2;gaeb;vom_unternehmen_auszufuellende_dokumente/260618_ITZ_Neue Störschleife_LOS01 Tief-Landschaftsbauarbeiten.X83
1;Roh- und Feinplanum;60,0;m2;gaeb;vom_unternehmen_auszufuellende_dokumente/260618_ITZ_Neue Störschleife_LOS01 Tief-Landschaftsbauarbeiten.X83
2;Filtervlies GRK 4 liefern und einbauen.;60,0;m2;gaeb;vom_unternehmen_auszufuellende_dokumente/260618_ITZ_Neue Störschleife_LOS01 Tief-Landschaftsbauarbeiten.X83
3;Schottertragschicht d=30cm, aus RC-Material 0/32 mm liefern, auf Geotextil einbauen und verdichten;18,0;m3;gaeb;vom_unternehmen_auszufuellende_dokumente/260618_ITZ_Neue Störschleife_LOS01 Tief-Landschaftsbauarbeiten.X83
4;Beton der Sauberkeitsschicht C8/10, d = 10 cm liefern, einbauen;60,0;m2;gaeb;vom_unternehmen_auszufuellende_dokumente/260618_ITZ_Neue Störschleife_LOS01 Tief-Landschaftsbauarbeiten.X83
5;Stahlbetonrahmen lichte Breite  x   lichte Höhe (1500 mm x 1300 mm);30,0;m;gaeb;vom_unternehmen_auszufuellende_dokumente/260618_ITZ_Neue Störschleife_LOS01 Tief-Landschaftsbauarbeiten.X83
6;Sand 0 - 2 mm (gewaschen) als Auflastschicht und zur Modellierung der Beckentiefe auf die Sohle des Wasserbeckens;6,0;m3;gaeb;vom_unternehmen_auszufuellende_dokumente/260618_ITZ_Neue Störschleife_LOS01 Tief-Landschaftsbauarbeiten.X83
1;Sand 0 - 2 mm (gewaschen) als Auflastschicht und zur Modellierung der Beckentiefe auf die Sohle des Wasserbeckens;340,0;m3;gaeb;vom_unternehmen_auszufuellende_dokumente/260618_ITZ_Neue Störschleife_LOS01 Tief-Landschaftsbauarbeiten.X83
1;WU-Beton C35/45 für Stützen Zu- und Ablaufrinne BBF,;2,0;m3;gaeb;vom_unternehmen_auszufuellende_dokumente/260618_ITZ_Neue Störschleife_LOS01 Tief-Landschaftsbauarbeiten.X83
2;WU-Beton C35/45 für Träger Zu- und Ablaufrinne BBF,;8,0;m3;gaeb;vom_unternehmen_auszufuellende_dokumente/260618_ITZ_Neue Störschleife_LOS01 Tief-Landschaftsbauarbeiten.X83
3;Bewehrung für die Stützen und Täger des Bodenfilters aus Betonstahl B 500A liefern und verlegen.;1,1;t;gaeb;vom_unternehmen_auszufuellende_dokumente/260618_ITZ_Neue Störschleife_LOS01 Tief-Landschaftsbauarbeiten.X83
4;Systemschalung, rau, für Stützen Bodenfilter;8,0;m2;gaeb;vom_unternehmen_auszufuellende_dokumente/260618_ITZ_Neue Störschleife_LOS01 Tief-Landschaftsbauarbeiten.X83
5;Schalung für die Träger Bodenfilter,  liefern und gemäß Plänen fachgerecht herstellen.;93,0;m2;gaeb;vom_unternehmen_auszufuellende_dokumente/260618_ITZ_Neue Störschleife_LOS01 Tief-Landschaftsbauarbeiten.X83
6;Wand aus Hochlochklinker als Verbundmauerwerk herstellen.;5,0;m3;gaeb;vom_unternehmen_auszufuellende_dokumente/260618_ITZ_Neue Störschleife_LOS01 Tief-Landschaftsbauarbeiten.X83
7;Maueranschlüsse mit BL A4 30x2, L = 120 mm,;100,0;St;gaeb;vom_unternehmen_auszufuellende_dokumente/260618_ITZ_Neue Störschleife_LOS01 Tief-Landschaftsbauarbeiten.X83
8;Befestigungssysteme, Mauerwerk mittels Maueranschlussanker BL in Betonsohle der Zu- und Ablaufrinne BBF einbauen.;50,0;St;gaeb;vom_unternehmen_auszufuellende_dokumente/260618_ITZ_Neue Störschleife_LOS01 Tief-Landschaftsbauarbeiten.X83
9;Kenbohrung;2,0;St;gaeb;vom_unternehmen_auszufuellende_dokumente/260618_ITZ_Neue Störschleife_LOS01 Tief-Landschaftsbauarbeiten.X83
10;Ringraumdichtung für Druckleitung DN 200 PE-HD, für den Einbau in die Wandöffnung (DN300) Zu- bzw. Ablauf Bodenfilter BBF1, doppelt dichtend, gasdicht, Abwinklungen der Medienrohre bis 8° möglich, Aufnahme axialer Bewegungen liefern und gemäß Zeichnung einbauen.;2,0;St;gaeb;vom_unternehmen_auszufuellende_dokumente/260618_ITZ_Neue Störschleife_LOS01 Tief-Landschaftsbauarbeiten.X83
11;Tränenblech 3/5 mm S235JR mit 5 cm Überlappung als Abdeckung auflegen;18,5;m2;gaeb;vom_unternehmen_auszufuellende_dokumente/260618_ITZ_Neue Störschleife_LOS01 Tief-Landschaftsbauarbeiten.X83
12;Lichtgitter-Kombirost 1000 x 660 x 33 mm;11,0;m2;gaeb;vom_unternehmen_auszufuellende_dokumente/260618_ITZ_Neue Störschleife_LOS01 Tief-Landschaftsbauarbeiten.X83
13;Tränenblech 3/5 mm S235JR mit 5 cm Überlappung als Abdeckung auflegen;9,7;m2;gaeb;vom_unternehmen_auszufuellende_dokumente/260618_ITZ_Neue Störschleife_LOS01 Tief-Landschaftsbauarbeiten.X83
14;Gewaschenen, runden Quarzgrobsand 1 - 3 mm für BBF liefern und lagenweise unverdichtet einbauen.;218,0;m3;gaeb;vom_unternehmen_auszufuellende_dokumente/260618_ITZ_Neue Störschleife_LOS01 Tief-Landschaftsbauarbeiten.X83
15;Kies 4 - 8 mm (gewaschen) liefern und lagenweise unverdichtet einbauen. Schichtstärke ca. 30 cm.;52,0;m3;gaeb;vom_unternehmen_auszufuellende_dokumente/260618_ITZ_Neue Störschleife_LOS01 Tief-Landschaftsbauarbeiten.X83
16;wie vor, jedoch Kies 8 - 16 mm;28,0;m3;gaeb;vom_unternehmen_auszufuellende_dokumente/260618_ITZ_Neue Störschleife_LOS01 Tief-Landschaftsbauarbeiten.X83
17;wie vor, jedoch Kies 16 - 32 mm, Schichtstärke 30 bis 50 cm;25,0;m3;gaeb;vom_unternehmen_auszufuellende_dokumente/260618_ITZ_Neue Störschleife_LOS01 Tief-Landschaftsbauarbeiten.X83
18;Zeolith liefern und in den Quarzsand im Zulaufbereich von 0,5 m in einem Verhältnis von 100 kg Zeolith zu 1 m³ Quarzsand gleichmäßig Einstreuen.;2,0;t;gaeb;vom_unternehmen_auszufuellende_dokumente/260618_ITZ_Neue Störschleife_LOS01 Tief-Landschaftsbauarbeiten.X83
1;Liefern und einbauen eines Magerbetonfundaments für die Gründung einer Archimedischen Schraube innerhalb des Wasserbeckens.;2,0;m3;gaeb;vom_unternehmen_auszufuellende_dokumente/260618_ITZ_Neue Störschleife_LOS01 Tief-Landschaftsbauarbeiten.X83
2;Systemschalung für Fundamente Archimedische Schraube;5,0;m2;gaeb;vom_unternehmen_auszufuellende_dokumente/260618_ITZ_Neue Störschleife_LOS01 Tief-Landschaftsbauarbeiten.X83
3;Kenbohrung;1,0;St;gaeb;vom_unternehmen_auszufuellende_dokumente/260618_ITZ_Neue Störschleife_LOS01 Tief-Landschaftsbauarbeiten.X83
4;Ringraumdichtung für Druckleitung DN 200 PE-HD, für den Einbau in die Wandöffnung Zulauf Uferfilter/Sandspielplatz, doppelt dichtend, gasdicht, Abwinklungen der Medienrohre bis 8° möglich, Aufnahme axialer Bewegungen liefern und gemäß Zeichnung einbauen.;1,0;St;gaeb;vom_unternehmen_auszufuellende_dokumente/260618_ITZ_Neue Störschleife_LOS01 Tief-Landschaftsbauarbeiten.X83
5;Geotextil-Filtervlies GRK 5 liefern und einbauen.;23,0;m2;gaeb;vom_unternehmen_auszufuellende_dokumente/260618_ITZ_Neue Störschleife_LOS01 Tief-Landschaftsbauarbeiten.X83
6;Gewaschenen, runden Quarzgrobsand 1 - 3 mm für BBF liefern und lagenweise unverdichtet einbauen.;84,0;m3;gaeb;vom_unternehmen_auszufuellende_dokumente/260618_ITZ_Neue Störschleife_LOS01 Tief-Landschaftsbauarbeiten.X83
7;Kies 4 - 8 mm (gewaschen) liefern und lagenweise unverdichtet einbauen. Schichtstärke ca. 30 cm.;16,0;m3;gaeb;vom_unternehmen_auszufuellende_dokumente/260618_ITZ_Neue Störschleife_LOS01 Tief-Landschaftsbauarbeiten.X83
8;wie vor, jedoch Kies 8 - 16 mm;17,0;m3;gaeb;vom_unternehmen_auszufuellende_dokumente/260618_ITZ_Neue Störschleife_LOS01 Tief-Landschaftsbauarbeiten.X83
9;wie vor, jedoch Kies 16 - 32 mm, Schichtstärke 30 bis 50 cm;43,0;m3;gaeb;vom_unternehmen_auszufuellende_dokumente/260618_ITZ_Neue Störschleife_LOS01 Tief-Landschaftsbauarbeiten.X83
10;Drainageleitung DN200 PP inkl. Formteile, liefern + Einbauen;40,0;m;gaeb;vom_unternehmen_auszufuellende_dokumente/260618_ITZ_Neue Störschleife_LOS01 Tief-Landschaftsbauarbeiten.X83
11;Revisionsschacht DN 400 PE für Uferfilteranlage, h = ca. 0,90 m;2,0;St;gaeb;vom_unternehmen_auszufuellende_dokumente/260618_ITZ_Neue Störschleife_LOS01 Tief-Landschaftsbauarbeiten.X83
12;Durchdringung Spundwand (Abbrennen) für Ablaufleitung Uferfilter DN 200 PP;2,0;St;gaeb;vom_unternehmen_auszufuellende_dokumente/260618_ITZ_Neue Störschleife_LOS01 Tief-Landschaftsbauarbeiten.X83
1;WU-Beton C35/45 für Stützen Zu- und Ablaufrinne BBF,;2,0;m3;gaeb;vom_unternehmen_auszufuellende_dokumente/260618_ITZ_Neue Störschleife_LOS01 Tief-Landschaftsbauarbeiten.X83
2;WU-Beton C35/45 für Träger Zu- und Ablaufrinne BBF,;11,0;m3;gaeb;vom_unternehmen_auszufuellende_dokumente/260618_ITZ_Neue Störschleife_LOS01 Tief-Landschaftsbauarbeiten.X83
3;Bewehrung für die Stützen und Träger des Bodenfilters aus Betonstahl B 500A liefern und verlegen.;1,5;t;gaeb;vom_unternehmen_auszufuellende_dokumente/260618_ITZ_Neue Störschleife_LOS01 Tief-Landschaftsbauarbeiten.X83
4;Systemschalung, rau, für Stützen Bodenfilter;29,0;m2;gaeb;vom_unternehmen_auszufuellende_dokumente/260618_ITZ_Neue Störschleife_LOS01 Tief-Landschaftsbauarbeiten.X83
5;Schalung für die Träger Bodenfilter,  liefern und gemäß Plänen fachgerecht herstellen.;104,0;m2;gaeb;vom_unternehmen_auszufuellende_dokumente/260618_ITZ_Neue Störschleife_LOS01 Tief-Landschaftsbauarbeiten.X83
6;Wand aus Hochlochklinker als Verbundmauerwerk herstellen.;6,0;m3;gaeb;vom_unternehmen_auszufuellende_dokumente/260618_ITZ_Neue Störschleife_LOS01 Tief-Landschaftsbauarbeiten.X83
7;Maueranschlüsse mit BL A4 30x2, L = 120 mm,;108,0;St;gaeb;vom_unternehmen_auszufuellende_dokumente/260618_ITZ_Neue Störschleife_LOS01 Tief-Landschaftsbauarbeiten.X83
8;Befestigungssysteme, Mauerwerk mittels Maueranschlussanker BL in Betonsohle der Zu- und Ablaufrinne BBF einbauen.;52,0;St;gaeb;vom_unternehmen_auszufuellende_dokumente/260618_ITZ_Neue Störschleife_LOS01 Tief-Landschaftsbauarbeiten.X83
9;Kenbohrung;1,0;St;gaeb;vom_unternehmen_auszufuellende_dokumente/260618_ITZ_Neue Störschleife_LOS01 Tief-Landschaftsbauarbeiten.X83
10;Ringraumdichtung für Druckleitung DN 160 PE-HD, für den Einbau in die Wandöffnung (DN250) Zulauf Uferfilter/Sandspielplatz, doppelt dichtend, gasdicht, Abwinklungen der Medienrohre bis 8° möglich, Aufnahme axialer Bewegungen liefern und gemäß Zeichnung einbauen.;1,0;St;gaeb;vom_unternehmen_auszufuellende_dokumente/260618_ITZ_Neue Störschleife_LOS01 Tief-Landschaftsbauarbeiten.X83
11;Abdeckung für die Ablaufrinne BBF3;23,1;m2;gaeb;vom_unternehmen_auszufuellende_dokumente/260618_ITZ_Neue Störschleife_LOS01 Tief-Landschaftsbauarbeiten.X83
12;Abdeckung für die Zulaufrinne BBF3;24,6;m2;gaeb;vom_unternehmen_auszufuellende_dokumente/260618_ITZ_Neue Störschleife_LOS01 Tief-Landschaftsbauarbeiten.X83
13;Gewaschenen, runden Quarzgrobsand 1 - 3 mm für BBF liefern und lagenweise unverdichtet einbauen.;160,0;m3;gaeb;vom_unternehmen_auszufuellende_dokumente/260618_ITZ_Neue Störschleife_LOS01 Tief-Landschaftsbauarbeiten.X83
14;Kies 4 - 8 mm (gewaschen) liefern und lagenweise unverdichtet einbauen. Schichtstärke ca. 30 cm.;7,0;m3;gaeb;vom_unternehmen_auszufuellende_dokumente/260618_ITZ_Neue Störschleife_LOS01 Tief-Landschaftsbauarbeiten.X83
15;wie vor, jedoch Kies 8 - 16 mm;2,0;m3;gaeb;vom_unternehmen_auszufuellende_dokumente/260618_ITZ_Neue Störschleife_LOS01 Tief-Landschaftsbauarbeiten.X83
16;wie vor, jedoch Kies 16 - 32 mm, Schichtstärke 30 bis 50 cm;6,0;m3;gaeb;vom_unternehmen_auszufuellende_dokumente/260618_ITZ_Neue Störschleife_LOS01 Tief-Landschaftsbauarbeiten.X83
17;Zeolith 100 kg/m³ liefern und einbauen;2,0;t;gaeb;vom_unternehmen_auszufuellende_dokumente/260618_ITZ_Neue Störschleife_LOS01 Tief-Landschaftsbauarbeiten.X83
1;Gewaschenen, runden Quarzgrobsand 1 - 3 mm für BBF liefern und lagenweise unverdichtet einbauen.;1,2;m3;gaeb;vom_unternehmen_auszufuellende_dokumente/260618_ITZ_Neue Störschleife_LOS01 Tief-Landschaftsbauarbeiten.X83
2;Kies 4 - 8 mm (gewaschen) liefern und lagenweise unverdichtet einbauen. Schichtstärke ca. 30 cm.;7,0;m3;gaeb;vom_unternehmen_auszufuellende_dokumente/260618_ITZ_Neue Störschleife_LOS01 Tief-Landschaftsbauarbeiten.X83
3;wie vor, jedoch Kies 8 - 16 mm;2,0;m3;gaeb;vom_unternehmen_auszufuellende_dokumente/260618_ITZ_Neue Störschleife_LOS01 Tief-Landschaftsbauarbeiten.X83
4;wie vor, jedoch Kies 16 - 32 mm, Schichtstärke 30 bis 50 cm;6,0;m3;gaeb;vom_unternehmen_auszufuellende_dokumente/260618_ITZ_Neue Störschleife_LOS01 Tief-Landschaftsbauarbeiten.X83
5;Drainageleitung DN300 PP inkl. Formteile, liefern + Einbauen;12,0;m;gaeb;vom_unternehmen_auszufuellende_dokumente/260618_ITZ_Neue Störschleife_LOS01 Tief-Landschaftsbauarbeiten.X83
6;Revisionsschacht DN 600 PE für Ablauffilter, h = ca. 0,90 m;1,0;St;gaeb;vom_unternehmen_auszufuellende_dokumente/260618_ITZ_Neue Störschleife_LOS01 Tief-Landschaftsbauarbeiten.X83
1;Roh- und Feinplanum;17,0;m2;gaeb;vom_unternehmen_auszufuellende_dokumente/260618_ITZ_Neue Störschleife_LOS01 Tief-Landschaftsbauarbeiten.X83
2;Filtervlies GRK 4 liefern und einbauen.;17,0;m2;gaeb;vom_unternehmen_auszufuellende_dokumente/260618_ITZ_Neue Störschleife_LOS01 Tief-Landschaftsbauarbeiten.X83
3;Schottertragschicht d=30cm, aus RC-Material 0/32 mm liefern, auf Geotextil einbauen und verdichten;5,0;m3;gaeb;vom_unternehmen_auszufuellende_dokumente/260618_ITZ_Neue Störschleife_LOS01 Tief-Landschaftsbauarbeiten.X83
4;Beton der Sauberkeitsschicht C8/10, d = 10 cm liefern, einbauen;17,0;m2;gaeb;vom_unternehmen_auszufuellende_dokumente/260618_ITZ_Neue Störschleife_LOS01 Tief-Landschaftsbauarbeiten.X83
5;Bodenplatte aus Stahlbeton, mit Ortbeton,;4,0;m3;gaeb;vom_unternehmen_auszufuellende_dokumente/260618_ITZ_Neue Störschleife_LOS01 Tief-Landschaftsbauarbeiten.X83
6;Stützwände aus Stahlbeton, mit Ortbeton,;4,0;m3;gaeb;vom_unternehmen_auszufuellende_dokumente/260618_ITZ_Neue Störschleife_LOS01 Tief-Landschaftsbauarbeiten.X83
7;WU-Beton für Träger Überlaufbauwerk aus Stahlbeton, mit Ortbeton  C35/45,;0,4;m3;gaeb;vom_unternehmen_auszufuellende_dokumente/260618_ITZ_Neue Störschleife_LOS01 Tief-Landschaftsbauarbeiten.X83
8;Bewehrung für die Fundamente, Wände und Träger des Überlaufbauwerks aus Betonstahl B 500A liefern und verlegen.;1,0;t;gaeb;vom_unternehmen_auszufuellende_dokumente/260618_ITZ_Neue Störschleife_LOS01 Tief-Landschaftsbauarbeiten.X83
9;Systemschalung, rau, für Wände Überlaufbauwerk;4,0;m2;gaeb;vom_unternehmen_auszufuellende_dokumente/260618_ITZ_Neue Störschleife_LOS01 Tief-Landschaftsbauarbeiten.X83
10;Systemschalung für Sohle Überlaufbauwerk;34,0;m2;gaeb;vom_unternehmen_auszufuellende_dokumente/260618_ITZ_Neue Störschleife_LOS01 Tief-Landschaftsbauarbeiten.X83
11;Schalung für die Träger des Überlaufbauwerks,  liefern und gemäß Plänen fachgerecht herstellen.;5,0;m2;gaeb;vom_unternehmen_auszufuellende_dokumente/260618_ITZ_Neue Störschleife_LOS01 Tief-Landschaftsbauarbeiten.X83
12;Stahlträger IPE 240 liefern und fachgerecht einbauen.;2,0;St;gaeb;vom_unternehmen_auszufuellende_dokumente/260618_ITZ_Neue Störschleife_LOS01 Tief-Landschaftsbauarbeiten.X83
13;Gerinneausbau;3,0;m;gaeb;vom_unternehmen_auszufuellende_dokumente/260618_ITZ_Neue Störschleife_LOS01 Tief-Landschaftsbauarbeiten.X83
14;Kenbohrung;2,0;St;gaeb;vom_unternehmen_auszufuellende_dokumente/260618_ITZ_Neue Störschleife_LOS01 Tief-Landschaftsbauarbeiten.X83
15;Ringraumdichtung für Druckleitung DN 160 PP bzw. DN 200 PE-HD, für den Einbau in die Wandöffnung (DN250) Ablaufleitung Überluafbauwerk bzw. in die Wandöffnung Ringkanal, doppelt dichtend, gasdicht, Abwinklungen der Medienrohre bis 8° möglich, Aufnahme axialer Bewegungen liefern und gemäß Zeichnung e;2,0;St;gaeb;vom_unternehmen_auszufuellende_dokumente/260618_ITZ_Neue Störschleife_LOS01 Tief-Landschaftsbauarbeiten.X83
16;Mauerkragen in Überlaufbauwerk einbauen für Leitungen:;1,0;St;gaeb;vom_unternehmen_auszufuellende_dokumente/260618_ITZ_Neue Störschleife_LOS01 Tief-Landschaftsbauarbeiten.X83
17;Dammbalkenverschluss aus Aluminium, zwischen Ortbetonstützen, l = 1,50 m;2,0;St;gaeb;vom_unternehmen_auszufuellende_dokumente/260618_ITZ_Neue Störschleife_LOS01 Tief-Landschaftsbauarbeiten.X83
18;Überfallwehr als Steckwehr / Plattenwehr, h = 20 cm, b = 50 cm, Edelstahl;1,0;St;gaeb;vom_unternehmen_auszufuellende_dokumente/260618_ITZ_Neue Störschleife_LOS01 Tief-Landschaftsbauarbeiten.X83
19;Wasserfangkasten aus Edelstahl, hinter Steckwehr;1,0;St;gaeb;vom_unternehmen_auszufuellende_dokumente/260618_ITZ_Neue Störschleife_LOS01 Tief-Landschaftsbauarbeiten.X83
1;Roh- und Feinplanum;2,0;m2;gaeb;vom_unternehmen_auszufuellende_dokumente/260618_ITZ_Neue Störschleife_LOS01 Tief-Landschaftsbauarbeiten.X83
2;Filtervlies GRK 4 liefern und einbauen.;2,0;m2;gaeb;vom_unternehmen_auszufuellende_dokumente/260618_ITZ_Neue Störschleife_LOS01 Tief-Landschaftsbauarbeiten.X83
3;Schottertragschicht d=30cm, aus RC-Material 0/32 mm liefern, auf Geotextil einbauen und verdichten;0,6;m3;gaeb;vom_unternehmen_auszufuellende_dokumente/260618_ITZ_Neue Störschleife_LOS01 Tief-Landschaftsbauarbeiten.X83
4;Beton der Sauberkeitsschicht C8/10, d = 10 cm liefern, einbauen;2,0;m2;gaeb;vom_unternehmen_auszufuellende_dokumente/260618_ITZ_Neue Störschleife_LOS01 Tief-Landschaftsbauarbeiten.X83
5;Liefern und einbauen eines Pumpenschachtes DN 1500 aus Stahlbeton als Fertigteil einschließlich aller erforderlichen Schachtbauteile.;1,0;St;gaeb;vom_unternehmen_auszufuellende_dokumente/260618_ITZ_Neue Störschleife_LOS01 Tief-Landschaftsbauarbeiten.X83
6;Liefern und betriebsfertig montieren eines Doppelpumpwerks für Regenwasserbetrieb im bauseits hergestellten Pumpenschacht.;1,0;St;gaeb;vom_unternehmen_auszufuellende_dokumente/260618_ITZ_Neue Störschleife_LOS01 Tief-Landschaftsbauarbeiten.X83
7;Liefern und montieren aller erforderlichen Absperrschieber, Rückflussverhinderer sowie Aufstell- und Anschlussbauteile für die Pumpenanlage im bauseits hergestellten Pumpenschacht.;1,0;psch;gaeb;vom_unternehmen_auszufuellende_dokumente/260618_ITZ_Neue Störschleife_LOS01 Tief-Landschaftsbauarbeiten.X83
8;Technikschrank in Sonderanfertigung aus Chromnickelstahl in geschweißter Ausführung, für die Unterbringung der Schalt-und Steueranlagen PW-1, bestehend aus:;1,0;St;gaeb;vom_unternehmen_auszufuellende_dokumente/260618_ITZ_Neue Störschleife_LOS01 Tief-Landschaftsbauarbeiten.X83
9;"Farbliche Behandlung Technikschrank in Vorposition, UV-beständig, Pulverbeschichtung, Farbe in DB703 eisenglimmer oder gleichwertig nach Vorgabe Planer bzw. Wahl des AG, Ausführung nach den ""Technische Richtlinien des deutschen Maler- und Lackiererhandwerks"", Behandlung im Sockelbereich bis mindeste";1,0;psch;gaeb;vom_unternehmen_auszufuellende_dokumente/260618_ITZ_Neue Störschleife_LOS01 Tief-Landschaftsbauarbeiten.X83
10;Liefern, montieren und betriebsfertig anschließen einer Steuereinheit für die Pumpenanlage einschließlich Einbau in einen Freiluftschrank.;1,0;psch;gaeb;vom_unternehmen_auszufuellende_dokumente/260618_ITZ_Neue Störschleife_LOS01 Tief-Landschaftsbauarbeiten.X83
11;Liefern und montieren einer Pegelmesssonde zur Niveauerfassung und Steuerung der Pumpenanlage.;1,0;psch;gaeb;vom_unternehmen_auszufuellende_dokumente/260618_ITZ_Neue Störschleife_LOS01 Tief-Landschaftsbauarbeiten.X83
12;Herstellen der Erdungsanlage für das Pumpwerk PW1 sowie die zugehörigen Steuer- und Schaltkästen.;1,0;psch;gaeb;vom_unternehmen_auszufuellende_dokumente/260618_ITZ_Neue Störschleife_LOS01 Tief-Landschaftsbauarbeiten.X83
13;Herstellen des Potentialausgleichs für das Pumpwerk PW1 einschließlich aller zugehörigen metallischen Anlagenteile, Rohrleitungen, Armaturen, Pumpen sowie Steuer- und Schaltkästen.;1,0;psch;gaeb;vom_unternehmen_auszufuellende_dokumente/260618_ITZ_Neue Störschleife_LOS01 Tief-Landschaftsbauarbeiten.X83
14;Durchführen und dokumentieren sämtlicher erforderlicher elektrotechnischer Messungen und Prüfungen für die Pumpenanlage einschließlich Steuerung, Erdung und Potentialausgleich.;1,0;psch;gaeb;vom_unternehmen_auszufuellende_dokumente/260618_ITZ_Neue Störschleife_LOS01 Tief-Landschaftsbauarbeiten.X83
15;Durchführen der vollständigen Inbetriebnahme der Pumpenanlage einschließlich aller Pumpen, Steuerungs-, Mess- und Sicherheitseinrichtungen.;1,0;psch;gaeb;vom_unternehmen_auszufuellende_dokumente/260618_ITZ_Neue Störschleife_LOS01 Tief-Landschaftsbauarbeiten.X83
16;Erstellen und übergeben der vollständigen Bestands-, Revisions- und Wartungsunterlagen für die Pumpenanlage einschließlich aller zugehörigen elektrischen und maschinentechnischen Komponenten.;1,0;psch;gaeb;vom_unternehmen_auszufuellende_dokumente/260618_ITZ_Neue Störschleife_LOS01 Tief-Landschaftsbauarbeiten.X83
1;Roh- und Feinplanum;10,0;m2;gaeb;vom_unternehmen_auszufuellende_dokumente/260618_ITZ_Neue Störschleife_LOS01 Tief-Landschaftsbauarbeiten.X83
2;Filtervlies GRK 4 liefern und einbauen.;10,0;m2;gaeb;vom_unternehmen_auszufuellende_dokumente/260618_ITZ_Neue Störschleife_LOS01 Tief-Landschaftsbauarbeiten.X83
3;Schottertragschicht d=30cm, aus RC-Material 0/32 mm liefern, auf Geotextil einbauen und verdichten;4,0;m3;gaeb;vom_unternehmen_auszufuellende_dokumente/260618_ITZ_Neue Störschleife_LOS01 Tief-Landschaftsbauarbeiten.X83
4;Beton der Sauberkeitsschicht C8/10, d = 10 cm liefern, einbauen;10,0;m2;gaeb;vom_unternehmen_auszufuellende_dokumente/260618_ITZ_Neue Störschleife_LOS01 Tief-Landschaftsbauarbeiten.X83
5;Entnahmebauwerk als Fertigteil liefern und einbauen inkl. Anschluss an Bestandsleitung DN 800 und temporärer Leitungsverschlüsse;1,0;St;gaeb;vom_unternehmen_auszufuellende_dokumente/260618_ITZ_Neue Störschleife_LOS01 Tief-Landschaftsbauarbeiten.X83
6;Liefern und betriebsfertig montieren eines Doppelpumpwerks für Regenwasserbetrieb im bauseits hergestellten Pumpenschacht.;1,0;St;gaeb;vom_unternehmen_auszufuellende_dokumente/260618_ITZ_Neue Störschleife_LOS01 Tief-Landschaftsbauarbeiten.X83
7;Liefern und montieren aller erforderlichen Absperrschieber, Rückflussverhinderer sowie Aufstell- und Anschlussbauteile für die Pumpenanlage im bauseits hergestellten Pumpenschacht.;1,0;psch;gaeb;vom_unternehmen_auszufuellende_dokumente/260618_ITZ_Neue Störschleife_LOS01 Tief-Landschaftsbauarbeiten.X83
8;Liefern, montieren und betriebsfertig anschließen einer Steuereinheit für die Pumpenanlage einschließlich Einbau in einen Freiluftschrank.;1,0;psch;gaeb;vom_unternehmen_auszufuellende_dokumente/260618_ITZ_Neue Störschleife_LOS01 Tief-Landschaftsbauarbeiten.X83
9;Liefern und montieren einer Pegelmesssonde zur Niveauerfassung und Steuerung der Pumpenanlage.;1,0;psch;gaeb;vom_unternehmen_auszufuellende_dokumente/260618_ITZ_Neue Störschleife_LOS01 Tief-Landschaftsbauarbeiten.X83
10;Herstellen der Erdungsanlage für das Pumpwerk PW2.;1,0;psch;gaeb;vom_unternehmen_auszufuellende_dokumente/260618_ITZ_Neue Störschleife_LOS01 Tief-Landschaftsbauarbeiten.X83
11;Herstellen des Potentialausgleichs für das Pumpwerk PW2 einschließlich aller zugehörigen metallischen Anlagenteile, Rohrleitungen, Armaturen und Pumpen.;1,0;psch;gaeb;vom_unternehmen_auszufuellende_dokumente/260618_ITZ_Neue Störschleife_LOS01 Tief-Landschaftsbauarbeiten.X83
12;Durchführen und dokumentieren sämtlicher erforderlicher elektrotechnischer Messungen und Prüfungen für die Pumpenanlage einschließlich Steuerung, Erdung und Potentialausgleich.;1,0;psch;gaeb;vom_unternehmen_auszufuellende_dokumente/260618_ITZ_Neue Störschleife_LOS01 Tief-Landschaftsbauarbeiten.X83
13;Durchführen der vollständigen Inbetriebnahme der Pumpenanlage einschließlich aller Pumpen, Steuerungs-, Mess- und Sicherheitseinrichtungen.;1,0;psch;gaeb;vom_unternehmen_auszufuellende_dokumente/260618_ITZ_Neue Störschleife_LOS01 Tief-Landschaftsbauarbeiten.X83
14;Erstellen und übergeben der vollständigen Bestands-, Revisions- und Wartungsunterlagen für die Pumpenanlage einschließlich aller zugehörigen elektrischen und maschinentechnischen Komponenten.;1,0;psch;gaeb;vom_unternehmen_auszufuellende_dokumente/260618_ITZ_Neue Störschleife_LOS01 Tief-Landschaftsbauarbeiten.X83
1;Sedimentationsanlage DN 1000/1500 aus Stahlbeton,;1,0;St;gaeb;vom_unternehmen_auszufuellende_dokumente/260618_ITZ_Neue Störschleife_LOS01 Tief-Landschaftsbauarbeiten.X83
1;Roh- und Feinplanum;1,0;m2;gaeb;vom_unternehmen_auszufuellende_dokumente/260618_ITZ_Neue Störschleife_LOS01 Tief-Landschaftsbauarbeiten.X83
2;Filtervlies GRK 4 liefern und einbauen.;1,0;m2;gaeb;vom_unternehmen_auszufuellende_dokumente/260618_ITZ_Neue Störschleife_LOS01 Tief-Landschaftsbauarbeiten.X83
3;Schottertragschicht d=30cm, aus RC-Material 0/32 mm liefern, auf Geotextil einbauen und verdichten;0,4;m3;gaeb;vom_unternehmen_auszufuellende_dokumente/260618_ITZ_Neue Störschleife_LOS01 Tief-Landschaftsbauarbeiten.X83
4;Beton der Sauberkeitsschicht C8/10, d = 10 cm liefern, einbauen;1,0;m2;gaeb;vom_unternehmen_auszufuellende_dokumente/260618_ITZ_Neue Störschleife_LOS01 Tief-Landschaftsbauarbeiten.X83
5;Zulaufschacht aus Stahlbeton DN 600 mit Abdeckgitter und Zulauf DN 160;1,0;St;gaeb;vom_unternehmen_auszufuellende_dokumente/260618_ITZ_Neue Störschleife_LOS01 Tief-Landschaftsbauarbeiten.X83
6;Rückstauklappe DN 160 im Schacht, Anschluss an PE-HD Leitung;1,0;St;gaeb;vom_unternehmen_auszufuellende_dokumente/260618_ITZ_Neue Störschleife_LOS01 Tief-Landschaftsbauarbeiten.X83
1;Roh- und Feinplanum;5,0;m2;gaeb;vom_unternehmen_auszufuellende_dokumente/260618_ITZ_Neue Störschleife_LOS01 Tief-Landschaftsbauarbeiten.X83
2;Filtervlies GRK 4 liefern und einbauen.;5,0;m2;gaeb;vom_unternehmen_auszufuellende_dokumente/260618_ITZ_Neue Störschleife_LOS01 Tief-Landschaftsbauarbeiten.X83
3;Schottertragschicht d=30cm, aus RC-Material 0/32 mm liefern, auf Geotextil einbauen und verdichten;1,0;m3;gaeb;vom_unternehmen_auszufuellende_dokumente/260618_ITZ_Neue Störschleife_LOS01 Tief-Landschaftsbauarbeiten.X83
4;Beton der Sauberkeitsschicht C8/10, d = 10 cm liefern, einbauen;5,0;m2;gaeb;vom_unternehmen_auszufuellende_dokumente/260618_ITZ_Neue Störschleife_LOS01 Tief-Landschaftsbauarbeiten.X83
5;Pumpenschacht aus Stahlbeton DN 1500 inkl. Schachtabdeckung DN800 Klasse B, Zulauf DN 160 und Ablauf DN 160;1,0;St;gaeb;vom_unternehmen_auszufuellende_dokumente/260618_ITZ_Neue Störschleife_LOS01 Tief-Landschaftsbauarbeiten.X83
6;Kontrollschacht Regenwasser DN 1500 aus Stahlbeton inkl. Schachtabdeckung DN600 Klasse D, Ersatz Schacht 14737, mit 2× Ablauf DN 300;1,0;St;gaeb;vom_unternehmen_auszufuellende_dokumente/260618_ITZ_Neue Störschleife_LOS01 Tief-Landschaftsbauarbeiten.X83
1;Dammbalkenverschluss aus Aluminium, zwischen Ortbetonwänden, l = 1,50 m;1,0;St;gaeb;vom_unternehmen_auszufuellende_dokumente/260618_ITZ_Neue Störschleife_LOS01 Tief-Landschaftsbauarbeiten.X83
2;Dammbalkenverschluss aus Aluminium, zwischen Ortbetonwänden, l = 2,00 m;1,0;St;gaeb;vom_unternehmen_auszufuellende_dokumente/260618_ITZ_Neue Störschleife_LOS01 Tief-Landschaftsbauarbeiten.X83
3;Revisionsöffnung inkl. Deckel auf Rahmenkanal (Ortbetonbauwerk), SWL 60, auspflasterbar, 1,50 × 1,00 m;1,0;St;gaeb;vom_unternehmen_auszufuellende_dokumente/260618_ITZ_Neue Störschleife_LOS01 Tief-Landschaftsbauarbeiten.X83
4;Revisionsöffnung inkl. Deckel auf Rahmenkanal (Ortbetonbauwerk), SWL 60, auspflasterbar, 2,00 × 1,00 m;1,0;St;gaeb;vom_unternehmen_auszufuellende_dokumente/260618_ITZ_Neue Störschleife_LOS01 Tief-Landschaftsbauarbeiten.X83
1;Roh- und Feinplanum;790,0;m2;gaeb;vom_unternehmen_auszufuellende_dokumente/260618_ITZ_Neue Störschleife_LOS01 Tief-Landschaftsbauarbeiten.X83
2;Filtervlies GRK 4 liefern und einbauen.;1480,0;m2;gaeb;vom_unternehmen_auszufuellende_dokumente/260618_ITZ_Neue Störschleife_LOS01 Tief-Landschaftsbauarbeiten.X83
3;Bettung für Leitungsgraben herstellen;240,0;m3;gaeb;vom_unternehmen_auszufuellende_dokumente/260618_ITZ_Neue Störschleife_LOS01 Tief-Landschaftsbauarbeiten.X83
4;Liefern und verlegen von Leerrohrsystemen DN 110 zur Aufnahme und zum Schutz von Strom- und Steuerkabeln.;60,0;m;gaeb;vom_unternehmen_auszufuellende_dokumente/260618_ITZ_Neue Störschleife_LOS01 Tief-Landschaftsbauarbeiten.X83
5;Leitungsquerung unter Winkelstützwand, Stahlleitung DN 200;1,0;psch;gaeb;vom_unternehmen_auszufuellende_dokumente/260618_ITZ_Neue Störschleife_LOS01 Tief-Landschaftsbauarbeiten.X83
6;Regenwasserkanal DN 300 PP KG2000, SN8, inkl. Formteile sowie Anschluss an Schächte und Bestand;78,0;m;gaeb;vom_unternehmen_auszufuellende_dokumente/260618_ITZ_Neue Störschleife_LOS01 Tief-Landschaftsbauarbeiten.X83
7;Liefern und verlegen einer Druckleitung DN 200 aus PE-HD, PN 10, SDR 17 einschl. Formteile, in Spundwandbaugrube.;84,0;m;gaeb;vom_unternehmen_auszufuellende_dokumente/260618_ITZ_Neue Störschleife_LOS01 Tief-Landschaftsbauarbeiten.X83
8;Liefern und verlegen einer Druckleitung DN 160 aus PE-HD, PN 10, SDR 17 einschl. Formteile, im bauseits hergestellten Rohrgraben.;199,0;m;gaeb;vom_unternehmen_auszufuellende_dokumente/260618_ITZ_Neue Störschleife_LOS01 Tief-Landschaftsbauarbeiten.X83
9;Liefern und verlegen einer Druckleitung DN 80 aus PE-HD, PN 10, SDR 17 einschl. Formteile, im bauseits hergestellten Rohrgraben.;62,0;m;gaeb;vom_unternehmen_auszufuellende_dokumente/260618_ITZ_Neue Störschleife_LOS01 Tief-Landschaftsbauarbeiten.X83
10;Liefern und verlegen einer Druckleitung DN 65 aus PE-HD, PN 10, SDR 17 einschl. Formteile, im bauseits hergestellten Rohrgraben.;180,0;m;gaeb;vom_unternehmen_auszufuellende_dokumente/260618_ITZ_Neue Störschleife_LOS01 Tief-Landschaftsbauarbeiten.X83
11;Liefern und verlegen einer Druckleitung DN 50 aus PE-HD, PN 10, SDR 17 einschl. Formteile, im bauseits hergestellten Rohrgraben.;173,0;m;gaeb;vom_unternehmen_auszufuellende_dokumente/260618_ITZ_Neue Störschleife_LOS01 Tief-Landschaftsbauarbeiten.X83
12;Liefern und verlegen einer Druckleitung DN65 aus PE-HD innerhalb eines bauseits vorhandenen Schutzrohr (Stahl) verlegen. Anschluss an erdverlegte Druckleitung DN65 PE-HD.;10,0;m;gaeb;vom_unternehmen_auszufuellende_dokumente/260618_ITZ_Neue Störschleife_LOS01 Tief-Landschaftsbauarbeiten.X83
13;Ringraumdichtung für:;1,0;St;gaeb;vom_unternehmen_auszufuellende_dokumente/260618_ITZ_Neue Störschleife_LOS01 Tief-Landschaftsbauarbeiten.X83
14;Liefern und einbauen einer erdverlegten Entnahmeleitung DN 80 zur Bewässerungswasserentnahme mit Anschluss an das Leitungssystem PW-1.;1,0;St;gaeb;vom_unternehmen_auszufuellende_dokumente/260618_ITZ_Neue Störschleife_LOS01 Tief-Landschaftsbauarbeiten.X83
15;Weichdichtender Absperrschieber mit beidseitigem PE-Rohrstutzen mit integrierter Stützhülse aus nichtrostendem Stahl.;1,0;St;gaeb;vom_unternehmen_auszufuellende_dokumente/260618_ITZ_Neue Störschleife_LOS01 Tief-Landschaftsbauarbeiten.X83
16;Weichdichtender Absperrschieber mit beidseitigem PE-Rohrstutzen mit integrierter Stützhülse aus nichtrostendem Stahl.;1,0;St;gaeb;vom_unternehmen_auszufuellende_dokumente/260618_ITZ_Neue Störschleife_LOS01 Tief-Landschaftsbauarbeiten.X83
17;Weichdichtender Absperrschieber mit beidseitigem PE-Rohrstutzen mit integrierter Stützhülse aus nichtrostendem Stahl.;1,0;St;gaeb;vom_unternehmen_auszufuellende_dokumente/260618_ITZ_Neue Störschleife_LOS01 Tief-Landschaftsbauarbeiten.X83
18;Weichdichtender Absperrschieber mit beidseitigem PE-Rohrstutzen mit integrierter Stützhülse aus nichtrostendem Stahl.;1,0;St;gaeb;vom_unternehmen_auszufuellende_dokumente/260618_ITZ_Neue Störschleife_LOS01 Tief-Landschaftsbauarbeiten.X83
19;Straßenkappe komplett, bestehend aus Kappe und Deckel, für Schieber und Klappen, Baugröße in Anlehnung an DIN 4056, Schrägsitz an Deckel und Kappe vermindert Klapperneigung des Deckels, Deckel mit Epoxidharz-Pulverbeschichtung zur Vermeidung von Kontaktkorrosion zwischen Kappe und Deckel, mit Richtu;4,0;St;gaeb;vom_unternehmen_auszufuellende_dokumente/260618_ITZ_Neue Störschleife_LOS01 Tief-Landschaftsbauarbeiten.X83
20;Druckprüfung der Druckleitung DN 50 bis 200 PE-HD;700,0;m;gaeb;vom_unternehmen_auszufuellende_dokumente/260618_ITZ_Neue Störschleife_LOS01 Tief-Landschaftsbauarbeiten.X83
1;Roh- und Feinplanum;1,0;m2;gaeb;vom_unternehmen_auszufuellende_dokumente/260618_ITZ_Neue Störschleife_LOS01 Tief-Landschaftsbauarbeiten.X83
2;Filtervlies GRK 4 liefern und einbauen.;1,0;m2;gaeb;vom_unternehmen_auszufuellende_dokumente/260618_ITZ_Neue Störschleife_LOS01 Tief-Landschaftsbauarbeiten.X83
3;Schottertragschicht d=30cm, aus RC-Material 0/32 mm liefern, auf Geotextil einbauen und verdichten;0,5;m3;gaeb;vom_unternehmen_auszufuellende_dokumente/260618_ITZ_Neue Störschleife_LOS01 Tief-Landschaftsbauarbeiten.X83
4;Beton der Sauberkeitsschicht C8/10, d = 10 cm liefern, einbauen;1,0;m2;gaeb;vom_unternehmen_auszufuellende_dokumente/260618_ITZ_Neue Störschleife_LOS01 Tief-Landschaftsbauarbeiten.X83
5;Liefern und herstellen eines Armaturenschachtes aus Beton mit rechteckiger Grundfläche (Lichte Maße:0,60 m × 1,00 m) einschließlich aller erforderlichen Bauteilen.;1,0;St;gaeb;vom_unternehmen_auszufuellende_dokumente/260618_ITZ_Neue Störschleife_LOS01 Tief-Landschaftsbauarbeiten.X83
6;Kenbohrung;1,0;St;gaeb;vom_unternehmen_auszufuellende_dokumente/260618_ITZ_Neue Störschleife_LOS01 Tief-Landschaftsbauarbeiten.X83
7;Ringraumdichtung für Schutzrohr DN 400 (Stahl), für den Einbau in die Wandöffnung (DN500) Ringkanal, doppelt dichtend, gasdicht, Abwinklungen der Medienrohre bis 8° möglich, Aufnahme axialer Bewegungen liefern und gemäß Zeichnung einbauen.;1,0;St;gaeb;vom_unternehmen_auszufuellende_dokumente/260618_ITZ_Neue Störschleife_LOS01 Tief-Landschaftsbauarbeiten.X83
8;- 2x Druckleitung DN/OD 125 PE-HD,;2,0;St;gaeb;vom_unternehmen_auszufuellende_dokumente/260618_ITZ_Neue Störschleife_LOS01 Tief-Landschaftsbauarbeiten.X83
9;Liefern und verlegen einer Saugleitung DN 125 aus PE-HD innerhalb eines bauseits vorhandenen Schutzrohr (Stahl) verlegen. Einbindung in den Armaturenschacht.;20,0;m;gaeb;vom_unternehmen_auszufuellende_dokumente/260618_ITZ_Neue Störschleife_LOS01 Tief-Landschaftsbauarbeiten.X83
10;Liefern und verlegen einer Saugleitung DN 75 aus PE-HD innerhalb eines bauseits vorhandenen Schutzrohr (Stahl) verlegen. Einbindung in den Armaturenschacht.;10,0;m;gaeb;vom_unternehmen_auszufuellende_dokumente/260618_ITZ_Neue Störschleife_LOS01 Tief-Landschaftsbauarbeiten.X83
11;Liefern und fachgerechter Einbau einer Storz-A-Kupplung zur Anbindung an neu hergestellte Leitung DN 125.;4,0;St;gaeb;vom_unternehmen_auszufuellende_dokumente/260618_ITZ_Neue Störschleife_LOS01 Tief-Landschaftsbauarbeiten.X83
12;Liefern und fachgerechter Einbau einer Storz-C-Kupplung zur Anbindung an neu hergestellte Leitung DN 75.;2,0;St;gaeb;vom_unternehmen_auszufuellende_dokumente/260618_ITZ_Neue Störschleife_LOS01 Tief-Landschaftsbauarbeiten.X83
1;Anfallendes Abbruchmaterial aufnehmen, laden und ordnungsgemäß entsorgen bzw. verwerten.;41,0;m;gaeb;vom_unternehmen_auszufuellende_dokumente/260618_ITZ_Neue Störschleife_LOS01 Tief-Landschaftsbauarbeiten.X83
2;Rückbau des Schachtbauwerks 14737 vollständig zurückbauen.;1,0;psch;gaeb;vom_unternehmen_auszufuellende_dokumente/260618_ITZ_Neue Störschleife_LOS01 Tief-Landschaftsbauarbeiten.X83
3;Rückbau des Schachtbauwerks  14764 bis zur angegebenen Rückbauhöhe gemäß Planung bzw. Angabe der Bauleitung.;1,0;psch;gaeb;vom_unternehmen_auszufuellende_dokumente/260618_ITZ_Neue Störschleife_LOS01 Tief-Landschaftsbauarbeiten.X83
4;Rückbau des Schachtbauwerks 14490 bis zur angegebenen Rückbauhöhe gemäß Planung bzw. Angabe der Bauleitung.;1,0;psch;gaeb;vom_unternehmen_auszufuellende_dokumente/260618_ITZ_Neue Störschleife_LOS01 Tief-Landschaftsbauarbeiten.X83
5;Rückbau des Schachtbauwerks  14650 bis zur angegebenen Rückbauhöhe gemäß Planung bzw. Angabe der Bauleitung.;1,0;psch;gaeb;vom_unternehmen_auszufuellende_dokumente/260618_ITZ_Neue Störschleife_LOS01 Tief-Landschaftsbauarbeiten.X83
1;Durchführen der Erstbefüllung und Dichtheitsprüfung des Bodenfilters BBF3 einschließlich aller erforderlichen Nebenleistungen.;1,0;St;gaeb;vom_unternehmen_auszufuellende_dokumente/260618_ITZ_Neue Störschleife_LOS01 Tief-Landschaftsbauarbeiten.X83
2;Durchführen der abschnittsweisen Erstbefüllung und Dichtheitsprüfung des Wasserbecken innerhalb der Spundwandbereiche einschließlich aller erforderlichen Nebenleistungen.;3,0;St;gaeb;vom_unternehmen_auszufuellende_dokumente/260618_ITZ_Neue Störschleife_LOS01 Tief-Landschaftsbauarbeiten.X83
3;Durchführen der abschnittsweisen Erstbefüllung und Dichtheitsprüfung der Flachwasserbereiche TG I und TG III einschließlich der zugehörigen Bodenfilter, Anschlussbereiche und Einbauteile.;2,0;St;gaeb;vom_unternehmen_auszufuellende_dokumente/260618_ITZ_Neue Störschleife_LOS01 Tief-Landschaftsbauarbeiten.X83
1;Rückbau vorhandener Trinkwasserleitungen einschließlich aller Formstücke, Verbindungselemente, Armaturen, Halterungen und Befestigungen.;10,0;m;gaeb;vom_unternehmen_auszufuellende_dokumente/260618_ITZ_Neue Störschleife_LOS01 Tief-Landschaftsbauarbeiten.X83
2;Rückbau eines vorhandenen Unterflurhydranten einschließlich Hydrantenkappe, Straßenkappe, Armatur, Anschlussbauteilen sowie aller zugehörigen Form- und Verbindungsteile.;1,0;St;gaeb;vom_unternehmen_auszufuellende_dokumente/260618_ITZ_Neue Störschleife_LOS01 Tief-Landschaftsbauarbeiten.X83
3;Roh- und Feinplanum;8,0;m2;gaeb;vom_unternehmen_auszufuellende_dokumente/260618_ITZ_Neue Störschleife_LOS01 Tief-Landschaftsbauarbeiten.X83
4;Filtervlies GRK 4 liefern und einbauen.;8,0;m2;gaeb;vom_unternehmen_auszufuellende_dokumente/260618_ITZ_Neue Störschleife_LOS01 Tief-Landschaftsbauarbeiten.X83
5;Schottertragschicht d=30cm, aus RC-Material 0/32 mm liefern, auf Geotextil einbauen und verdichten;2,0;m3;gaeb;vom_unternehmen_auszufuellende_dokumente/260618_ITZ_Neue Störschleife_LOS01 Tief-Landschaftsbauarbeiten.X83
6;Beton der Sauberkeitsschicht C8/10, d = 10 cm liefern, einbauen;8,0;m2;gaeb;vom_unternehmen_auszufuellende_dokumente/260618_ITZ_Neue Störschleife_LOS01 Tief-Landschaftsbauarbeiten.X83
7;Wasserzählerschacht DN 1500 aus Stahlbeton inkl. Wasserzähler, Armaturen und Schachtabdeckung, liefern und einbauen;1,0;St;gaeb;vom_unternehmen_auszufuellende_dokumente/260618_ITZ_Neue Störschleife_LOS01 Tief-Landschaftsbauarbeiten.X83
8;Wasserzählerschacht DN 1200 aus Stahlbeton inkl. Wasserzähler, Armaturen und Schachtabdeckung, liefern und einbauen;1,0;St;gaeb;vom_unternehmen_auszufuellende_dokumente/260618_ITZ_Neue Störschleife_LOS01 Tief-Landschaftsbauarbeiten.X83
9;Wasserzählerschacht DN 1200 aus Stahlbeton inkl. Wasserzähler, Armaturen und Schachtabdeckung, liefern und einbauen;1,0;St;gaeb;vom_unternehmen_auszufuellende_dokumente/260618_ITZ_Neue Störschleife_LOS01 Tief-Landschaftsbauarbeiten.X83
10;Lieferung und Einbau eines Freistrom-Unterflurhydrant mit getrenntem Betätigungs- und Mediumrohr, CE-Kennzeichnung nach EN 14339, Entleerung nach DIN EN 1074-6, Spindelvierkant/Klauenkupplung nach DVGW GW 386, Klauendeckel aus Kunststoff federbelastet für ein leichteres Öffnen und Schließen oder mit;2,0;St;gaeb;vom_unternehmen_auszufuellende_dokumente/260618_ITZ_Neue Störschleife_LOS01 Tief-Landschaftsbauarbeiten.X83
11;Herstellen des Anschlusses der Trinkbrunnen an die Trinkwasseranlage.;2,0;St;gaeb;vom_unternehmen_auszufuellende_dokumente/260618_ITZ_Neue Störschleife_LOS01 Tief-Landschaftsbauarbeiten.X83
12;Liefern und verlegen einer Trinkwasserleitung DN 25 im bauseits hergestellten Rohrgraben.;20,0;m;gaeb;vom_unternehmen_auszufuellende_dokumente/260618_ITZ_Neue Störschleife_LOS01 Tief-Landschaftsbauarbeiten.X83
13;Druckprüfung der TW-Leitungen DN 25 PE-HD;20,0;m;gaeb;vom_unternehmen_auszufuellende_dokumente/260618_ITZ_Neue Störschleife_LOS01 Tief-Landschaftsbauarbeiten.X83
14;Fachgerechtes Spülen, ggf. Desinfizieren sowie Inbetriebnahme der Trinkwasseranlage entsprechend den geltenden DVGW-Regelwerken und den Vorgaben des zuständigen Wasserversorgers.;1,0;psch;gaeb;vom_unternehmen_auszufuellende_dokumente/260618_ITZ_Neue Störschleife_LOS01 Tief-Landschaftsbauarbeiten.X83
1;Liefern und verlegen von Stromkabeln in bauseits hergestellten Leerrohren.;60,0;m;gaeb;vom_unternehmen_auszufuellende_dokumente/260618_ITZ_Neue Störschleife_LOS01 Tief-Landschaftsbauarbeiten.X83
2;Liefern und verlegen von Stromkabeln in bauseits hergestellten Leerrohren.;60,0;m;gaeb;vom_unternehmen_auszufuellende_dokumente/260618_ITZ_Neue Störschleife_LOS01 Tief-Landschaftsbauarbeiten.X83
3;Herstellen der elektrischen Kabelverbindungen im Kabelklemmschacht zur Verlängerung und Verbindung der Pumpenkabel sowie der Leitungen der Pegelmesssonden.;4,0;St;gaeb;vom_unternehmen_auszufuellende_dokumente/260618_ITZ_Neue Störschleife_LOS01 Tief-Landschaftsbauarbeiten.X83
4;Liefern und einbauen von Dichtungssystemen für Kabeldurchführungen in Leerrohren bzw. Schutzrohrdurchführungen.;10,0;St;gaeb;vom_unternehmen_auszufuellende_dokumente/260618_ITZ_Neue Störschleife_LOS01 Tief-Landschaftsbauarbeiten.X83
5;Liefern und einbauen eines Kabelklemmschachtes zum Bodeneinbau für die Verbindung bzw. Verlängerung von Pumpen-, Strom- und Datenkabeln.;1,0;St;gaeb;vom_unternehmen_auszufuellende_dokumente/260618_ITZ_Neue Störschleife_LOS01 Tief-Landschaftsbauarbeiten.X83
1;Phragmites australis als Ballenware (0,5 l) liefern und;6000,0;St;gaeb;vom_unternehmen_auszufuellende_dokumente/260618_ITZ_Neue Störschleife_LOS01 Tief-Landschaftsbauarbeiten.X83
2;Fertigstellungspflege der Schilfpflanzung (in den BBF).;375,0;m2;gaeb;vom_unternehmen_auszufuellende_dokumente/260618_ITZ_Neue Störschleife_LOS01 Tief-Landschaftsbauarbeiten.X83
1;Suchschachtung (mit Verbau) zum Auffinden vorh. Kabeln, Leitungen, Ringkanal und der vorhandenen Druckrohrleitung gemäß den einzuholenden Ver- und Entsorgungsplänen bis in eine Tiefe von 3,00 m. Einschließlich Wiederverfüllung;10,0;m;gaeb;vom_unternehmen_auszufuellende_dokumente/260618_ITZ_Neue Störschleife_LOS01 Tief-Landschaftsbauarbeiten.X83
2;Start-/Zielbaugruben für eine gesteuerte;75,0;m3;gaeb;vom_unternehmen_auszufuellende_dokumente/260618_ITZ_Neue Störschleife_LOS01 Tief-Landschaftsbauarbeiten.X83
3;Zulage für Mehraufwand ggü. der Grundposition 10.012.002.1.2, der sich aus anstehendem Boden des Homogenbereiches C bzw. D (Geschiebeboden bzw. Torf) ergibt, z.B. durch schwereres Lösen oder Verklebungen der Baugeräte.;10,0;m3;gaeb;vom_unternehmen_auszufuellende_dokumente/260618_ITZ_Neue Störschleife_LOS01 Tief-Landschaftsbauarbeiten.X83
4;Mehraufwand für Verbau einer Start-/Zielbaugrube abweichend von Plattenverbaugerät im Bereich hoch anstehenden Grundwassers z.B. Durch Dielenkammerverbau.;2,0;St;gaeb;vom_unternehmen_auszufuellende_dokumente/260618_ITZ_Neue Störschleife_LOS01 Tief-Landschaftsbauarbeiten.X83
5;Rohrgraben im Boden der Homogenbereiche A und B für die Schmutzwasserdruckrohrleitung DA 225 beim Ringkanal wie folgt herstellen:;5,0;m;gaeb;vom_unternehmen_auszufuellende_dokumente/260618_ITZ_Neue Störschleife_LOS01 Tief-Landschaftsbauarbeiten.X83
6;Mehraufwand für Handschachtung/Suchschachtung zum Auffinden und Freilegen von querenden oder längsverlaufenden Ver-/Entsorgungs- und Hausanschlussleitungen (Kabel und Leitungen) im Bereich von Baugruben und Rohrgräben gemäß den entsprechenden Lageplänen.;4,0;m3;gaeb;vom_unternehmen_auszufuellende_dokumente/260618_ITZ_Neue Störschleife_LOS01 Tief-Landschaftsbauarbeiten.X83
7;Wie Position zuvor, jedoch im Boden der Homogenbereiche C bzw. D.;10,0;m3;gaeb;vom_unternehmen_auszufuellende_dokumente/260618_ITZ_Neue Störschleife_LOS01 Tief-Landschaftsbauarbeiten.X83
8;Holzbohlenverbau, Bohlenstärke 8 cm, einschl. Aussteifung im Bereich von längs zur Baugrube verlaufenden Kabeln u. Leitungen und im Bereich kreuzender Kabel und Leitungen herstellen. Einschl. Lieferung der erforderlichen Materialien und aller Zuschneidearbeiten.;6,0;m2;gaeb;vom_unternehmen_auszufuellende_dokumente/260618_ITZ_Neue Störschleife_LOS01 Tief-Landschaftsbauarbeiten.X83
9;Rohrleitungszone (untere Rohrbettung 20 cm, Verfüllung bis 30 cm über Rohrscheitel, volle Grabenbreite) für Druckrohrleitung PE 100, DA 225 herstellen.;21,0;m;gaeb;vom_unternehmen_auszufuellende_dokumente/260618_ITZ_Neue Störschleife_LOS01 Tief-Landschaftsbauarbeiten.X83
10;Lieferung von Boden der Bodengruppe G1,;23,0;m3;gaeb;vom_unternehmen_auszufuellende_dokumente/260618_ITZ_Neue Störschleife_LOS01 Tief-Landschaftsbauarbeiten.X83
11;Zum Wiedereinbau ungeeigneten oder überschüssigen Boden laden. Beibehaltung der Trennung von Materialien der bei der Beprobung unterschiedenen Haufwerke. Ausführung bis ca. 8 Wochen nach der letzten Mengenbewegung.;160,0;t;gaeb;vom_unternehmen_auszufuellende_dokumente/260618_ITZ_Neue Störschleife_LOS01 Tief-Landschaftsbauarbeiten.X83
1;- gemäß Statik -;2,0;St;gaeb;vom_unternehmen_auszufuellende_dokumente/260618_ITZ_Neue Störschleife_LOS01 Tief-Landschaftsbauarbeiten.X83
2;Aufbau des zusätzlichen Einstieges DN 1000 mit Schachtbauteilen und Schachtabdeckung Klasse B;2,0;St;gaeb;vom_unternehmen_auszufuellende_dokumente/260618_ITZ_Neue Störschleife_LOS01 Tief-Landschaftsbauarbeiten.X83
3;Einbau Steigeisen für zusätzliche Einstiegsöffnung in Rahmenkanal;2,0;St;gaeb;vom_unternehmen_auszufuellende_dokumente/260618_ITZ_Neue Störschleife_LOS01 Tief-Landschaftsbauarbeiten.X83
1;Längsverlegung einer Abwasserdruckrohrleitung PE 100- RC, DA 225, SDR 17 im Horizontalspülbohrverfahren. Die notwendigen charakteristischen Bodenkennwerte und Homogenbereiche für die Horizontalspülbohrung sind den Baugrundgutachten zu entnehmen.;60,0;m;gaeb;vom_unternehmen_auszufuellende_dokumente/260618_ITZ_Neue Störschleife_LOS01 Tief-Landschaftsbauarbeiten.X83
2;Pilotbohrung wiederholen bei Fehlbohrung oder Abriss des Bohrgestänges durch nachweislich unvorhersehbares Störmaterial im Erdreich.;10,0;m;gaeb;vom_unternehmen_auszufuellende_dokumente/260618_ITZ_Neue Störschleife_LOS01 Tief-Landschaftsbauarbeiten.X83
3;"Ersatz der Bentonitsuspension durch eine hydraulisch erhärtende Suspension auf Zementbasis (Endfestigkeit = 1 N/mm²) zur Verfüllung einer Fehlbohrung; einschl. mengenmäßiger Überwachung und Protokollierung.";10,0;m;gaeb;vom_unternehmen_auszufuellende_dokumente/260618_ITZ_Neue Störschleife_LOS01 Tief-Landschaftsbauarbeiten.X83
4;Verlegung von vorbereiteten Rohren im offenen Rohrgraben (gesonderte Position);5,0;m;gaeb;vom_unternehmen_auszufuellende_dokumente/260618_ITZ_Neue Störschleife_LOS01 Tief-Landschaftsbauarbeiten.X83
5;Abwasserdruckrohr (Schmutzwasser) gem. DIN EN 13244, DIN 8074/75, DWA-A 116 und PAS 1075, geeignet für die Verlegung im gesteuerten Horizontal-Spülbohrverfahren, liefern, für den Einbau hinter der Zielbaugrube in kompletter Länge des jeweiligen Abschnittes auslegen und alle Rohrverbindungen durch He;70,0;m;gaeb;vom_unternehmen_auszufuellende_dokumente/260618_ITZ_Neue Störschleife_LOS01 Tief-Landschaftsbauarbeiten.X83
6;Mehraufwand für das Verbinden von Rohrsträngen DA 225 durch Schweißen, wenn dafür der Einzugsvorgang unterbrochen werden muss. In Abschnitten, die keine Auslegung der Leitung in kompletter Länge ermöglichen (z.B. durch Einmündungen, Auffahrten, Bushaltestellen etc.).;1,0;St;gaeb;vom_unternehmen_auszufuellende_dokumente/260618_ITZ_Neue Störschleife_LOS01 Tief-Landschaftsbauarbeiten.X83
7;Zusammenschluss von jeweils zwei Leitungsabschnitten DA 225 in den Start-/Zielbaugruben. Dazu;2,0;St;gaeb;vom_unternehmen_auszufuellende_dokumente/260618_ITZ_Neue Störschleife_LOS01 Tief-Landschaftsbauarbeiten.X83
8;Nahtlosen Rohrbogen 45°, passend zum System der Position 10.012.002.3.5, liefern und mit Stumpf- oder Muffenschweißen fachgerecht einbauen/verbinden.;3,0;St;gaeb;vom_unternehmen_auszufuellende_dokumente/260618_ITZ_Neue Störschleife_LOS01 Tief-Landschaftsbauarbeiten.X83
9;Wie zuvor, jedoch als Bogen 30°/22°/11°.;1,0;St;gaeb;vom_unternehmen_auszufuellende_dokumente/260618_ITZ_Neue Störschleife_LOS01 Tief-Landschaftsbauarbeiten.X83
10;"Lieferung und Einbau einer Armatur zur manuellen Entlüftung der Druckrohrleitung PE 100-RC, DA 225 SDR 17 am Zwischenhochpunkt der Druckrohrleitung vor dem Ringkanal. Einbautiefe ca. 2,7 bis 3,00 m. Einschl. Lieferung und Einbau einer Schieberkappenabdeckung, Aufschrift ""A"".";1,0;St;gaeb;vom_unternehmen_auszufuellende_dokumente/260618_ITZ_Neue Störschleife_LOS01 Tief-Landschaftsbauarbeiten.X83
11;Vorschweißbund mit Losflansch passend für die neu verlegte Leitung der Position 10.012.002.3.5 und der Mauerdurchführung, liefern und fachgerecht in der Baugrube vorm Ringkanal einbauen. Einschließlich Schneiden der Leitung und Schweißarbeiten.;2,0;St;gaeb;vom_unternehmen_auszufuellende_dokumente/260618_ITZ_Neue Störschleife_LOS01 Tief-Landschaftsbauarbeiten.X83
12;Kernbohrung in Stahlbeton, Dicke ca. 40 cm, Durchmesser in Abhängigkeit von den Herstellerqangaben des in Position 10.012.002.3.14 gewählten Produktes herstellen. Einschl. aller Nebenleistungen.;1,0;St;gaeb;vom_unternehmen_auszufuellende_dokumente/260618_ITZ_Neue Störschleife_LOS01 Tief-Landschaftsbauarbeiten.X83
13;Formteil (Mauerdurchführung) mit 90 °-Bogen und mit beidseitigen Flanschen am Hauptrohr aus Edelstahl DN 200 passend für die Durchführung der Abwasser-Druckrohrleitung DA 225 SDR 17 liefern;1,0;St;gaeb;vom_unternehmen_auszufuellende_dokumente/260618_ITZ_Neue Störschleife_LOS01 Tief-Landschaftsbauarbeiten.X83
14;Druckdichte Einbindung der Rohrdurchführung DN 200 der Position 10.012.002.3.13 in den Ringkanal Höhe des AOK-Gebäudes.;1,0;psch;gaeb;vom_unternehmen_auszufuellende_dokumente/260618_ITZ_Neue Störschleife_LOS01 Tief-Landschaftsbauarbeiten.X83
15;Rohrunterstützungen und Halterungen aus Edelstahl V4A für die neu verlegte Druckrohrleitung (Verrohrung) innerhalb des RW-Ringkanals bemessen, liefern und montieren.;5,0;St;gaeb;vom_unternehmen_auszufuellende_dokumente/260618_ITZ_Neue Störschleife_LOS01 Tief-Landschaftsbauarbeiten.X83
16;Herstellung des Anschlusses der Druckrohrleitung PE 100 -RC, DA 225, SDR 17 an die vorhandene Druckrohrleitung PE 100-RC, DA 225, SDR 17 beim Spielplatz.;1,0;psch;gaeb;vom_unternehmen_auszufuellende_dokumente/260618_ITZ_Neue Störschleife_LOS01 Tief-Landschaftsbauarbeiten.X83
17;Herstellung des Anschlusses der Druckrohrleitung PE 100 -RC, DA 225, SDR 17 an die vorhandene Druckrohrleitung PE 100-RC, DA 225, SDR 17 im Ringkanal.;1,0;psch;gaeb;vom_unternehmen_auszufuellende_dokumente/260618_ITZ_Neue Störschleife_LOS01 Tief-Landschaftsbauarbeiten.X83
18;"Grünes Trassenwarnband, ca. 80 mm breit, mit der Aufschrift ""Achtung Abwasserleitung"" liefern, 40 cm über dem Rohrscheitel des Hauptkanals verlegen und mit Füllsand einsanden. Einschl. Lieferung der Materialien und aller Nebenleistungen.";20,0;m;gaeb;vom_unternehmen_auszufuellende_dokumente/260618_ITZ_Neue Störschleife_LOS01 Tief-Landschaftsbauarbeiten.X83
19;Markierung des Bohrverlaufs während des Bohrvorgangs auf der Oberfläche und Dokumentation der Tiefe des Bohrkopfes.;1,0;psch;gaeb;vom_unternehmen_auszufuellende_dokumente/260618_ITZ_Neue Störschleife_LOS01 Tief-Landschaftsbauarbeiten.X83
20;Druckprüfung für verlegte Abwasserdruckleitung DA 225 einschl. des Abschnittes DA 225 im Ringkanal gem. DIN EN 805 und DVGW Arbeitsblatt W 400-2 durchführen.;70,0;m;gaeb;vom_unternehmen_auszufuellende_dokumente/260618_ITZ_Neue Störschleife_LOS01 Tief-Landschaftsbauarbeiten.X83
1;Trennung der bestehenden Druckrohrleitung im Ringkanal bei der alten Rohrdurchführung.;1,0;psch;gaeb;vom_unternehmen_auszufuellende_dokumente/260618_ITZ_Neue Störschleife_LOS01 Tief-Landschaftsbauarbeiten.X83
2;Rückbau der alten bestehenden Druckrohrleitung aus PE 100 da 225 SDR 17 einschließlich der Halterungen aus V4A sowie dem fachgerechten wasserdichten Verschließen der alten Bohrlöcher.;50,0;m;gaeb;vom_unternehmen_auszufuellende_dokumente/260618_ITZ_Neue Störschleife_LOS01 Tief-Landschaftsbauarbeiten.X83
1;Anlieferung, Aufbau und mehrfaches Umsetzen aller für die Sohlentwässerung notwendigen Komponenten wie z.B. Schläuche, Tauchpumpen usw. Es sind 30 m Schlauchleitungen einzukalkulieren. Abbau und Abtransport nach Beendigung des Einsatzes.;1,0;St;gaeb;vom_unternehmen_auszufuellende_dokumente/260618_ITZ_Neue Störschleife_LOS01 Tief-Landschaftsbauarbeiten.X83
2;Vorhaltung aller Einrichtungen der Position 10.012.002.5.1.;3,0;Wo;gaeb;vom_unternehmen_auszufuellende_dokumente/260618_ITZ_Neue Störschleife_LOS01 Tief-Landschaftsbauarbeiten.X83
3;Sohlentwässerung in vorh. Baugrube wie folgt herstellen und betreiben:;20,0;m;gaeb;vom_unternehmen_auszufuellende_dokumente/260618_ITZ_Neue Störschleife_LOS01 Tief-Landschaftsbauarbeiten.X83
4;Mehraufwand ggü. Position 10.012.002.5.1 für zusätzliche Komponenten wie z.B. super schallgedämmte Dieselpumpen, Rohre, Filterlanzen, Schläuche (ca. 30 m) usw. für eine Absenkanlage.;1,0;St;gaeb;vom_unternehmen_auszufuellende_dokumente/260618_ITZ_Neue Störschleife_LOS01 Tief-Landschaftsbauarbeiten.X83
5;Vorhaltung aller zusätzlichen Einrichtungen der Position 10.012.002.5.4.;3,0;Wo;gaeb;vom_unternehmen_auszufuellende_dokumente/260618_ITZ_Neue Störschleife_LOS01 Tief-Landschaftsbauarbeiten.X83
6;Grundwasserhaltung der Baugruben durch Installation der Filter und Anschluss der Absenkanlage herstellen und betreiben. Einschl. Anschlusskosten für Stromanschluss und Stromkosten bzw. Betankung und Dieselkosten für Pumpe. Absenkung auf eine Tiefe von 0,50 m unter Baugrubensohle.;20,0;m;gaeb;vom_unternehmen_auszufuellende_dokumente/260618_ITZ_Neue Störschleife_LOS01 Tief-Landschaftsbauarbeiten.X83
7;Aufrechterhaltung der Vorflut der bestehenden Schmutzwasserkanäle einschl. der Hausanschlusskanäle (auch an Wochenenden sowie Feiertagen) während der gesamten Umschlusszeit der Druckrohrleitung nach Wahl des AN. Es ist sicherzustellen, dass kein Rückstau höher als 1 m über Rohrscheitel im tiefliegen;1,0;psch;gaeb;vom_unternehmen_auszufuellende_dokumente/260618_ITZ_Neue Störschleife_LOS01 Tief-Landschaftsbauarbeiten.X83
1;Boden zur Herstellung der Baugrundhöhen;2472,0;m³;gaeb;vom_unternehmen_auszufuellende_dokumente/260618_ITZ_Neue Störschleife_LOS01 Tief-Landschaftsbauarbeiten.X83
2;Boden von Erdwall zur Herstellung der Baugrundhöhen;1349,0;m³;gaeb;vom_unternehmen_auszufuellende_dokumente/260618_ITZ_Neue Störschleife_LOS01 Tief-Landschaftsbauarbeiten.X83
3;Boden für Sondiergraben, Bodenklasse 2 bis 5 gem. DIN 18300, ab GOK profilgerecht lösen und seitlich lagern. Einschließlich Wiederverfüllung und Verdichtung mit dem Aushub. Nicht wieder verwendbaren Boden über gesonderte Position entsorgen.;120,0;m³;gaeb;vom_unternehmen_auszufuellende_dokumente/260618_ITZ_Neue Störschleife_LOS01 Tief-Landschaftsbauarbeiten.X83
4;Aushub in Handschachtung im Bereich von Gebäudebereichen, Baumstandorten, Leitungen/ Objekten.;224,0;m³;gaeb;vom_unternehmen_auszufuellende_dokumente/260618_ITZ_Neue Störschleife_LOS01 Tief-Landschaftsbauarbeiten.X83
5;Zulage zur Position mit maschinellem Bodenaushub. Aushub in Handschachtung zur Freilegung von Leitungen/ Objekten. Einschl. Dokumentation der Lage und Tiefe.;184,0;m³;gaeb;vom_unternehmen_auszufuellende_dokumente/260618_ITZ_Neue Störschleife_LOS01 Tief-Landschaftsbauarbeiten.X83
6;Unterbau Wegeflächen aufnehmen und vom AN auf selbst zu wählende Zwischenlagerfläche transportieren, in Mieten aufsetzen.;2450,0;m³;gaeb;vom_unternehmen_auszufuellende_dokumente/260618_ITZ_Neue Störschleife_LOS01 Tief-Landschaftsbauarbeiten.X83
7;Auf Baustelle gelagerten Boden wiedereinbauen.;370,0;m³;gaeb;vom_unternehmen_auszufuellende_dokumente/260618_ITZ_Neue Störschleife_LOS01 Tief-Landschaftsbauarbeiten.X83
8;Verdichtungsfähigen Füllsand liefern, profilgerecht lagenweise einbauen und verdichten, entsprechend ZTVE-StB, inkl. aller Nebenarbeiten.;385,0;m³;gaeb;vom_unternehmen_auszufuellende_dokumente/260618_ITZ_Neue Störschleife_LOS01 Tief-Landschaftsbauarbeiten.X83
9;Vorhandenes Bodenmaterial, Grasnarbe, zwischengelagert, mittels Anbaugerät Schaufelseparator sieben, zwecks Sieben, Trennen und Belüften von Oberboden zur Wiederverwendung.;620,0;m³;gaeb;vom_unternehmen_auszufuellende_dokumente/260618_ITZ_Neue Störschleife_LOS01 Tief-Landschaftsbauarbeiten.X83
10;Baugrund auflockern nach Rückbau der Baustraßen, durch Abbruchlockerung/Tiefenlockerung, ohne Vermischung der Horizonte.;2888,0;m²;gaeb;vom_unternehmen_auszufuellende_dokumente/260618_ITZ_Neue Störschleife_LOS01 Tief-Landschaftsbauarbeiten.X83
11;Anstehendes Gelände nach Plan und Angaben der;14883,0;m²;gaeb;vom_unternehmen_auszufuellende_dokumente/260618_ITZ_Neue Störschleife_LOS01 Tief-Landschaftsbauarbeiten.X83
1;Boden der Gräben für RW-Entwässerung,;60,9;m³;gaeb;vom_unternehmen_auszufuellende_dokumente/260618_ITZ_Neue Störschleife_LOS01 Tief-Landschaftsbauarbeiten.X83
2;Boden der Gräben für RW-Entwässerung,;656,2;m³;gaeb;vom_unternehmen_auszufuellende_dokumente/260618_ITZ_Neue Störschleife_LOS01 Tief-Landschaftsbauarbeiten.X83
3;Boden der Gräben für RW-Entwässerung,;82,0;m³;gaeb;vom_unternehmen_auszufuellende_dokumente/260618_ITZ_Neue Störschleife_LOS01 Tief-Landschaftsbauarbeiten.X83
4;Aushub in Handschachtung für Leitungsgräben im Bereich von Gebäudebereichen, Baumstandorten, Leitungen/ Objekten.;104,0;m³;gaeb;vom_unternehmen_auszufuellende_dokumente/260618_ITZ_Neue Störschleife_LOS01 Tief-Landschaftsbauarbeiten.X83
5;Regelausführung des Senkrechten Verbaus (Senkrechter Normverbau), gemäß DIN 4124 für Leitungsgräben, herstellen und wieder rückbauen,;1344,0;m²;gaeb;vom_unternehmen_auszufuellende_dokumente/260618_ITZ_Neue Störschleife_LOS01 Tief-Landschaftsbauarbeiten.X83
6;Regelausführung des Senkrechten Verbaus (Senkrechter Normverbau), gemäß DIN 4124 für Leitungsgräben, herstellen und wieder rückbauen,;336,0;m²;gaeb;vom_unternehmen_auszufuellende_dokumente/260618_ITZ_Neue Störschleife_LOS01 Tief-Landschaftsbauarbeiten.X83
7;Geotextil in Leitungsgraben liefern und fachgerecht einbauen. Zur Stabilisierung des Bettungspolsters der Versorgungsleitungen und Auffüllung in Baugrube mit gering tragfähigen Böden.;2464,0;m²;gaeb;vom_unternehmen_auszufuellende_dokumente/260618_ITZ_Neue Störschleife_LOS01 Tief-Landschaftsbauarbeiten.X83
8;Boden für Schachtanlagen,;6,0;m³;gaeb;vom_unternehmen_auszufuellende_dokumente/260618_ITZ_Neue Störschleife_LOS01 Tief-Landschaftsbauarbeiten.X83
9;Boden für Schachtanlagen,;63,0;m³;gaeb;vom_unternehmen_auszufuellende_dokumente/260618_ITZ_Neue Störschleife_LOS01 Tief-Landschaftsbauarbeiten.X83
10;Boden für Schachtanlagen,;11,0;m³;gaeb;vom_unternehmen_auszufuellende_dokumente/260618_ITZ_Neue Störschleife_LOS01 Tief-Landschaftsbauarbeiten.X83
11;Kabelgraben 0,2 x 0,2 m gemessen ab Rohplanum im Bereich der Wege nach DIN 4124 höhen- und profilgerecht ausheben und zum Wiedereinbau seitlich lagern. Aushubtiefe: bis 0,60 m ab GOK und 0,20 ab Rohplanum Wegebau. Breite der Sohle: mind. 0,20 m, DIN 18300, Grabensohle steinfrei planieren, auffülle;1050,0;m;gaeb;vom_unternehmen_auszufuellende_dokumente/260618_ITZ_Neue Störschleife_LOS01 Tief-Landschaftsbauarbeiten.X83
12;Kabelgraben 0,6 x 0,2 m nach DIN 4124, für Stiche außerhalb der Wege, höhen- und profilgerecht im Wurzelbereich von Bäumen in Handschachtung ausheben und zum Wiedereinbau seitlich lagern. Aushubtiefe: bis 0,60 m ab GOK Breite der Sohle: mind. 0,20 m, DIN 18300, Grabensohle steinfrei planieren, auff;50,0;m;gaeb;vom_unternehmen_auszufuellende_dokumente/260618_ITZ_Neue Störschleife_LOS01 Tief-Landschaftsbauarbeiten.X83
13;Horizontalbohrung zur grabenlosen Verlegung des Erdkabels von 5x10 mm2 inkl. der Erstellung und sachgerechten Verfüllung der dafür notwendigen Start- und Zielgrube. Dabei ist auf die ordnungsgemäße Schutzverlegung und ausreichende Vermeidung von mechanischen Belastungen des Kabels zu achten.;50,0;m;gaeb;vom_unternehmen_auszufuellende_dokumente/260618_ITZ_Neue Störschleife_LOS01 Tief-Landschaftsbauarbeiten.X83
14;Kopflöcher herstellen an bestehenden Revisionsschächten,;30,0;m³;gaeb;vom_unternehmen_auszufuellende_dokumente/260618_ITZ_Neue Störschleife_LOS01 Tief-Landschaftsbauarbeiten.X83
15;Boden der Gräben für Leitungen Wasserspiel,;48,0;m³;gaeb;vom_unternehmen_auszufuellende_dokumente/260618_ITZ_Neue Störschleife_LOS01 Tief-Landschaftsbauarbeiten.X83
16;Steinfreien Füllsand liefern und in die Rohrgräben als Sohle,;560,4;m³;gaeb;vom_unternehmen_auszufuellende_dokumente/260618_ITZ_Neue Störschleife_LOS01 Tief-Landschaftsbauarbeiten.X83
17;Sicherung vorhandener Leitungen im Einflussbereich der Bauarbeiten, durch provisorische Auflagerung und Unterfangung mit geeigneten Hilfskonstruktionen, einschließlich Abstimmung mit Versorgungsträgern, laufender Kontrolle während der Bauausführung und Rückbau der Provisorien.;25,0;m;gaeb;vom_unternehmen_auszufuellende_dokumente/260618_ITZ_Neue Störschleife_LOS01 Tief-Landschaftsbauarbeiten.X83
18;Liefern von provisorischer Fußgängersteg zur Querung von Leitungsgräben, tragfähig für Fußgängerverkehr, bestehend aus rutschhemmendem Belag und seitlichen Absturzsicherungen nach den geltenden Unfallverhütungsvorschriften.;1,0;St;gaeb;vom_unternehmen_auszufuellende_dokumente/260618_ITZ_Neue Störschleife_LOS01 Tief-Landschaftsbauarbeiten.X83
1;Gemischte Abfälle sammeln und in Containern,.nach dem z.Zt gültigen Abfallwirtschaftsgesetz ordnungsgemäß entsorgen, einschl. der Gebühren. Mit Beräumung des Baufeldes.;10,0;m³;gaeb;vom_unternehmen_auszufuellende_dokumente/260618_ITZ_Neue Störschleife_LOS01 Tief-Landschaftsbauarbeiten.X83
2;Bauschutt und Fundamente aus Abbruch sammeln, laden und in Containern, nach dem z.Zt gültigen Abfallwirtschaftsgesetz ordnungsgemäß entsorgen, einschl. der Gebühren.;40,0;m³;gaeb;vom_unternehmen_auszufuellende_dokumente/260618_ITZ_Neue Störschleife_LOS01 Tief-Landschaftsbauarbeiten.X83
3;Im Zwischenlager laden, transportieren und entsorgen von Siebrückständen.;62,0;m³;gaeb;vom_unternehmen_auszufuellende_dokumente/260618_ITZ_Neue Störschleife_LOS01 Tief-Landschaftsbauarbeiten.X83
4;Grasnarbe/Grassoden laden, abtransportieren und entsorgen.;10,0;m³;gaeb;vom_unternehmen_auszufuellende_dokumente/260618_ITZ_Neue Störschleife_LOS01 Tief-Landschaftsbauarbeiten.X83
1;Offene Wasserhaltung zur Freihaltung der Baugruben (Gräben, Einzelfundamenten etc.) von Niederschlagswasser nach geologischen und hydraulischen Erfordernissen sowie zum schadlosen Ableiten des geförderten Wassers.;1,0;St;gaeb;vom_unternehmen_auszufuellende_dokumente/260618_ITZ_Neue Störschleife_LOS01 Tief-Landschaftsbauarbeiten.X83
2;Offene Wasserhaltung für: Pumpensumpf herstellen und beseitigen. Vertiefung in Baugrube für Pumpensumpf herstellen;5,0;St;gaeb;vom_unternehmen_auszufuellende_dokumente/260618_ITZ_Neue Störschleife_LOS01 Tief-Landschaftsbauarbeiten.X83
3;Lieferung und Einbau einer Kunststoff-Drainageleitung DN 100;10,0;m;gaeb;vom_unternehmen_auszufuellende_dokumente/260618_ITZ_Neue Störschleife_LOS01 Tief-Landschaftsbauarbeiten.X83
4;Die Abrechnung des Betriebes und der Überwachung der;50,0;d;gaeb;vom_unternehmen_auszufuellende_dokumente/260618_ITZ_Neue Störschleife_LOS01 Tief-Landschaftsbauarbeiten.X83
1;Plattendruckversuch dynamisch;94,0;St;gaeb;vom_unternehmen_auszufuellende_dokumente/260618_ITZ_Neue Störschleife_LOS01 Tief-Landschaftsbauarbeiten.X83
2;Plattendruckversuch statisch, zur Überprüfung des EV2 Wertes auf den Tragschichten zum Nachweis der Tragfähigkeit.;24,0;St;gaeb;vom_unternehmen_auszufuellende_dokumente/260618_ITZ_Neue Störschleife_LOS01 Tief-Landschaftsbauarbeiten.X83
3;Feinplanum für Wegeflächen,;4827,0;m²;gaeb;vom_unternehmen_auszufuellende_dokumente/260618_ITZ_Neue Störschleife_LOS01 Tief-Landschaftsbauarbeiten.X83
4;Gründungsvorbereitung als Kiessandschicht liefern, herstellen und verdichten.;946,0;m³;gaeb;vom_unternehmen_auszufuellende_dokumente/260618_ITZ_Neue Störschleife_LOS01 Tief-Landschaftsbauarbeiten.X83
5;Gründungsvorbereitung als Frostschutzschicht liefern, herstellen und verdichten.;850,0;m³;gaeb;vom_unternehmen_auszufuellende_dokumente/260618_ITZ_Neue Störschleife_LOS01 Tief-Landschaftsbauarbeiten.X83
6;Gründungsvorbereitung als Frostschutzschicht liefern, herstellen und verdichten.;7,5;m³;gaeb;vom_unternehmen_auszufuellende_dokumente/260618_ITZ_Neue Störschleife_LOS01 Tief-Landschaftsbauarbeiten.X83
7;Schottertragschicht liefern, herstellen und verdichten,;147,5;m³;gaeb;vom_unternehmen_auszufuellende_dokumente/260618_ITZ_Neue Störschleife_LOS01 Tief-Landschaftsbauarbeiten.X83
8;Schottertragschicht liefern, herstellen und verdichten,;57,4;m³;gaeb;vom_unternehmen_auszufuellende_dokumente/260618_ITZ_Neue Störschleife_LOS01 Tief-Landschaftsbauarbeiten.X83
9;Schottertragschicht liefern, herstellen und verdichten,;1081,2;m³;gaeb;vom_unternehmen_auszufuellende_dokumente/260618_ITZ_Neue Störschleife_LOS01 Tief-Landschaftsbauarbeiten.X83
10;Schottertragschicht liefern, herstellen und verdichten,;89,8;m³;gaeb;vom_unternehmen_auszufuellende_dokumente/260618_ITZ_Neue Störschleife_LOS01 Tief-Landschaftsbauarbeiten.X83
11;Rasenbord aus Beton,;150,7;m;gaeb;vom_unternehmen_auszufuellende_dokumente/260618_ITZ_Neue Störschleife_LOS01 Tief-Landschaftsbauarbeiten.X83
12;Schneiden von Einfassungen aus Betonstein, im;50,0;St;gaeb;vom_unternehmen_auszufuellende_dokumente/260618_ITZ_Neue Störschleife_LOS01 Tief-Landschaftsbauarbeiten.X83
13;Tiefbord aus Beton,;298,1;m;gaeb;vom_unternehmen_auszufuellende_dokumente/260618_ITZ_Neue Störschleife_LOS01 Tief-Landschaftsbauarbeiten.X83
14;Lieferung und Einbau von Tiefbord als Radienstein für;20,0;St;gaeb;vom_unternehmen_auszufuellende_dokumente/260618_ITZ_Neue Störschleife_LOS01 Tief-Landschaftsbauarbeiten.X83
15;Schneiden von Einfassungen aus Betonstein, im;90,0;St;gaeb;vom_unternehmen_auszufuellende_dokumente/260618_ITZ_Neue Störschleife_LOS01 Tief-Landschaftsbauarbeiten.X83
16;Tiefbord aus Beton,;17,9;m;gaeb;vom_unternehmen_auszufuellende_dokumente/260618_ITZ_Neue Störschleife_LOS01 Tief-Landschaftsbauarbeiten.X83
17;Schneiden von Einfassungen aus Betonstein, im;2,0;St;gaeb;vom_unternehmen_auszufuellende_dokumente/260618_ITZ_Neue Störschleife_LOS01 Tief-Landschaftsbauarbeiten.X83
18;Stahlband als Einfassung in Geraden, für belagsbündigen Einbau zur Trennung von Wege-/Vegetationsflächen, liefern und einbauen.;446,0;m;gaeb;vom_unternehmen_auszufuellende_dokumente/260618_ITZ_Neue Störschleife_LOS01 Tief-Landschaftsbauarbeiten.X83
19;Als Zulage zur Grundposition, sofern abweichend Ausführungen in Radien erfolgen müssen.;5,0;m;gaeb;vom_unternehmen_auszufuellende_dokumente/260618_ITZ_Neue Störschleife_LOS01 Tief-Landschaftsbauarbeiten.X83
20;wie Vorposition,;137,0;m;gaeb;vom_unternehmen_auszufuellende_dokumente/260618_ITZ_Neue Störschleife_LOS01 Tief-Landschaftsbauarbeiten.X83
21;Als Zulage zur Grundposition, sofern abweichend Ausführungen in Radien erfolgen müssen.;5,0;m;gaeb;vom_unternehmen_auszufuellende_dokumente/260618_ITZ_Neue Störschleife_LOS01 Tief-Landschaftsbauarbeiten.X83
22;wie Vorposition,;10,0;m;gaeb;vom_unternehmen_auszufuellende_dokumente/260618_ITZ_Neue Störschleife_LOS01 Tief-Landschaftsbauarbeiten.X83
23;Einfassung aus Pflasterklinker herstellen,;290,7;m;gaeb;vom_unternehmen_auszufuellende_dokumente/260618_ITZ_Neue Störschleife_LOS01 Tief-Landschaftsbauarbeiten.X83
24;Ausführung als zweizeilige Randeinfassung.;112,2;m;gaeb;vom_unternehmen_auszufuellende_dokumente/260618_ITZ_Neue Störschleife_LOS01 Tief-Landschaftsbauarbeiten.X83
25;Pflasterbelag aus Naturstein liefern und herstellen,;2215,0;m²;gaeb;vom_unternehmen_auszufuellende_dokumente/260618_ITZ_Neue Störschleife_LOS01 Tief-Landschaftsbauarbeiten.X83
26;Pflasterbelag aus Naturstein liefern und herstellen,;670,0;m²;gaeb;vom_unternehmen_auszufuellende_dokumente/260618_ITZ_Neue Störschleife_LOS01 Tief-Landschaftsbauarbeiten.X83
27;Scheinfugen bis in Tiefe 15mm in den Überformaten der vorhergehenden Positionen vor Ort herstellen,;320,0;m;gaeb;vom_unternehmen_auszufuellende_dokumente/260618_ITZ_Neue Störschleife_LOS01 Tief-Landschaftsbauarbeiten.X83
28;Schnitte des Natursteinpflasters nach örtlichen;1652,5;m;gaeb;vom_unternehmen_auszufuellende_dokumente/260618_ITZ_Neue Störschleife_LOS01 Tief-Landschaftsbauarbeiten.X83
29;Sonderformat Trapezform, 11 x 11 (8) x 10 cm, Naturstein,;71,4;m;gaeb;vom_unternehmen_auszufuellende_dokumente/260618_ITZ_Neue Störschleife_LOS01 Tief-Landschaftsbauarbeiten.X83
30;Quadratstein 11 x 11 x 10 cm, Naturstein, zum Einbau als Einfassungsstein rund um Schachtdeckel und Einbauten sowie als Läufer beidseitig von offenen Pflasterrinnen in Bereichen der Belastungsklasse 0,3 gem. RStO 12 liefern.;108,0;m;gaeb;vom_unternehmen_auszufuellende_dokumente/260618_ITZ_Neue Störschleife_LOS01 Tief-Landschaftsbauarbeiten.X83
31;Großpflaster, zwischengelagert, wieder einbauen, einschl. Zwischentransport.;20,0;m²;gaeb;vom_unternehmen_auszufuellende_dokumente/260618_ITZ_Neue Störschleife_LOS01 Tief-Landschaftsbauarbeiten.X83
32;Großpflaster, zwischengelagert, wieder einbauen, einschl. Zwischentransport.;81,9;m²;gaeb;vom_unternehmen_auszufuellende_dokumente/260618_ITZ_Neue Störschleife_LOS01 Tief-Landschaftsbauarbeiten.X83
33;Plattenfläche aus Naturstein liefern und herstellen. Platten aus Naturstein fachgerecht nach Verlegeplan verlegen.;4,0;m²;gaeb;vom_unternehmen_auszufuellende_dokumente/260618_ITZ_Neue Störschleife_LOS01 Tief-Landschaftsbauarbeiten.X83
34;Pflasterrinne aus Natursteinpflasterplatte liefern und unter mitzulieferndem Fundamentbeton, Haftschlämme und Fugemörtel, verlegen.;312,1;m;gaeb;vom_unternehmen_auszufuellende_dokumente/260618_ITZ_Neue Störschleife_LOS01 Tief-Landschaftsbauarbeiten.X83
35;Läufer aus Kleinpflaster,;312,1;m;gaeb;vom_unternehmen_auszufuellende_dokumente/260618_ITZ_Neue Störschleife_LOS01 Tief-Landschaftsbauarbeiten.X83
36;Muldenstein aus Natursteinpflasterplatte liefern und unter mitzulieferndem Fundamentbeton, Haftschlämme und Fugemörtel, verlegen.;67,3;m;gaeb;vom_unternehmen_auszufuellende_dokumente/260618_ITZ_Neue Störschleife_LOS01 Tief-Landschaftsbauarbeiten.X83
37;Muldenrinne aus Granit-Kleinstein 9 x 9 x 9 cm, gebraucht,;79,6;m;gaeb;vom_unternehmen_auszufuellende_dokumente/260618_ITZ_Neue Störschleife_LOS01 Tief-Landschaftsbauarbeiten.X83
38;Kleinflächen aus Granit-Kleinstein 9 x 9 x 9 cm, gebraucht,;2,0;m²;gaeb;vom_unternehmen_auszufuellende_dokumente/260618_ITZ_Neue Störschleife_LOS01 Tief-Landschaftsbauarbeiten.X83
39;Belagsfläche aus Granit-Kleinstein versch. Formate, gebraucht,;20,0;m²;gaeb;vom_unternehmen_auszufuellende_dokumente/260618_ITZ_Neue Störschleife_LOS01 Tief-Landschaftsbauarbeiten.X83
40;Belagsfläche aus Granit-Kleinstein versch. Formate, gebraucht,;90,0;m²;gaeb;vom_unternehmen_auszufuellende_dokumente/260618_ITZ_Neue Störschleife_LOS01 Tief-Landschaftsbauarbeiten.X83
41;Naturstein als Sonderfomat 10 x 15 x 10 cm für Grenzmarkierung liefern und einbauen;3,0;St;gaeb;vom_unternehmen_auszufuellende_dokumente/260618_ITZ_Neue Störschleife_LOS01 Tief-Landschaftsbauarbeiten.X83
42;Ausführung einer Musterfläche liefern und herstellen, in Abstimmung mit AG und BÜ. Einschl. Rückbau und Entsorgung.;1,0;psch;gaeb;vom_unternehmen_auszufuellende_dokumente/260618_ITZ_Neue Störschleife_LOS01 Tief-Landschaftsbauarbeiten.X83
43;Jeweils 2 Stk. Handmuster aller 5;1,0;psch;gaeb;vom_unternehmen_auszufuellende_dokumente/260618_ITZ_Neue Störschleife_LOS01 Tief-Landschaftsbauarbeiten.X83
44;Klinkerpflaster rot-bunt, geschält, nach DIN EN 1344 und DIN 18503. Rechtecksteine, Oberseite planmäßig eben, zur flach- und hochkant-Verlegung geeignet, ohne Fase (leicht gebrochene Kante).;683,0;m²;gaeb;vom_unternehmen_auszufuellende_dokumente/260618_ITZ_Neue Störschleife_LOS01 Tief-Landschaftsbauarbeiten.X83
45;Verlegung der Pflasterklinker im Fischgrätverband, 45° zur Einfassung;612,0;m²;gaeb;vom_unternehmen_auszufuellende_dokumente/260618_ITZ_Neue Störschleife_LOS01 Tief-Landschaftsbauarbeiten.X83
46;Pflasterklinker nach örtlichen Erfordernissen;945,0;m;gaeb;vom_unternehmen_auszufuellende_dokumente/260618_ITZ_Neue Störschleife_LOS01 Tief-Landschaftsbauarbeiten.X83
47;Pflasterinne aus Klinkerpflaster 220 x 108 x 52 mm liefern und unter mitzulieferndem Fundamentbeton, Haftschlämme und Mörtel, verlegen.;76,5;m;gaeb;vom_unternehmen_auszufuellende_dokumente/260618_ITZ_Neue Störschleife_LOS01 Tief-Landschaftsbauarbeiten.X83
48;bestehend aus 10 Reihen, Breite = 55 cm mit Längsfugen.;81,6;m;gaeb;vom_unternehmen_auszufuellende_dokumente/260618_ITZ_Neue Störschleife_LOS01 Tief-Landschaftsbauarbeiten.X83
49;Läufer aus Pflasterklinker,;158,1;m;gaeb;vom_unternehmen_auszufuellende_dokumente/260618_ITZ_Neue Störschleife_LOS01 Tief-Landschaftsbauarbeiten.X83
50;Einbau von ausgebauten Klinkerpflaster aus Bestand/Zwischenlager (sep. Position).;10,0;m²;gaeb;vom_unternehmen_auszufuellende_dokumente/260618_ITZ_Neue Störschleife_LOS01 Tief-Landschaftsbauarbeiten.X83
51;Lieferposition ohne Einbau;19,0;m²;gaeb;vom_unternehmen_auszufuellende_dokumente/260618_ITZ_Neue Störschleife_LOS01 Tief-Landschaftsbauarbeiten.X83
52;Natursteinplatte im Sonderformat für die Auslaufdüsen;28,0;St;gaeb;vom_unternehmen_auszufuellende_dokumente/260618_ITZ_Neue Störschleife_LOS01 Tief-Landschaftsbauarbeiten.X83
53;Liefern und Verlegen von Bodenindikatoren.;14,0;m²;gaeb;vom_unternehmen_auszufuellende_dokumente/260618_ITZ_Neue Störschleife_LOS01 Tief-Landschaftsbauarbeiten.X83
54;Farbe anthrazit;13,0;m²;gaeb;vom_unternehmen_auszufuellende_dokumente/260618_ITZ_Neue Störschleife_LOS01 Tief-Landschaftsbauarbeiten.X83
55;Liefern und Verlegen von Bodenindikatoren.;6,0;m²;gaeb;vom_unternehmen_auszufuellende_dokumente/260618_ITZ_Neue Störschleife_LOS01 Tief-Landschaftsbauarbeiten.X83
56;Farbe anthrazit;55,0;m²;gaeb;vom_unternehmen_auszufuellende_dokumente/260618_ITZ_Neue Störschleife_LOS01 Tief-Landschaftsbauarbeiten.X83
57;Erstellen einer Werkplanung. Grundlage der Werkplanung sind die in der Ausführungsbeschreibung/-planung beschriebenen und in den nachfolgenden Positionen detallierten Elemente.;1,0;psch;gaeb;vom_unternehmen_auszufuellende_dokumente/260618_ITZ_Neue Störschleife_LOS01 Tief-Landschaftsbauarbeiten.X83
58;Platten;1,0;St;gaeb;vom_unternehmen_auszufuellende_dokumente/260618_ITZ_Neue Störschleife_LOS01 Tief-Landschaftsbauarbeiten.X83
59;Technische Daten / Abmessungen:;11,0;St;gaeb;vom_unternehmen_auszufuellende_dokumente/260618_ITZ_Neue Störschleife_LOS01 Tief-Landschaftsbauarbeiten.X83
60;Technische Daten / Abmessungen:;1,0;St;gaeb;vom_unternehmen_auszufuellende_dokumente/260618_ITZ_Neue Störschleife_LOS01 Tief-Landschaftsbauarbeiten.X83
61;Technische Daten / Abmessungen:;1,0;St;gaeb;vom_unternehmen_auszufuellende_dokumente/260618_ITZ_Neue Störschleife_LOS01 Tief-Landschaftsbauarbeiten.X83
62;Technische Daten / Abmessungen:;1,0;St;gaeb;vom_unternehmen_auszufuellende_dokumente/260618_ITZ_Neue Störschleife_LOS01 Tief-Landschaftsbauarbeiten.X83
63;Technische Daten / Abmessungen:;8,0;St;gaeb;vom_unternehmen_auszufuellende_dokumente/260618_ITZ_Neue Störschleife_LOS01 Tief-Landschaftsbauarbeiten.X83
64;Technische Daten / Abmessungen:;1,0;St;gaeb;vom_unternehmen_auszufuellende_dokumente/260618_ITZ_Neue Störschleife_LOS01 Tief-Landschaftsbauarbeiten.X83
65;Technische Daten / Abmessungen:;1,0;St;gaeb;vom_unternehmen_auszufuellende_dokumente/260618_ITZ_Neue Störschleife_LOS01 Tief-Landschaftsbauarbeiten.X83
66;Dynamische Schicht als wasserregulierende Funktionslage;432,0;m²;gaeb;vom_unternehmen_auszufuellende_dokumente/260618_ITZ_Neue Störschleife_LOS01 Tief-Landschaftsbauarbeiten.X83
67;Wassergebundene Deckschicht nach DIN 18035-5 und FLL;432,0;m²;gaeb;vom_unternehmen_auszufuellende_dokumente/260618_ITZ_Neue Störschleife_LOS01 Tief-Landschaftsbauarbeiten.X83
68;Wassergebundene Wegedecke nach der Abnahme;848,0;m²;gaeb;vom_unternehmen_auszufuellende_dokumente/260618_ITZ_Neue Störschleife_LOS01 Tief-Landschaftsbauarbeiten.X83
69;Maschinelle;250,0;m²;gaeb;vom_unternehmen_auszufuellende_dokumente/260618_ITZ_Neue Störschleife_LOS01 Tief-Landschaftsbauarbeiten.X83
70;Noppenbahn, vlieskaschiert liefern und als Fassadenschutz;150,0;m;gaeb;vom_unternehmen_auszufuellende_dokumente/260618_ITZ_Neue Störschleife_LOS01 Tief-Landschaftsbauarbeiten.X83
71;PE-Schwerschaumfolie 8/500 liefern und als Fugen- und Trennband zum Schutz der Fassade /Gebäudesockel einbauen;100,0;m;gaeb;vom_unternehmen_auszufuellende_dokumente/260618_ITZ_Neue Störschleife_LOS01 Tief-Landschaftsbauarbeiten.X83
1;Plattendruckversuch dynamisch;44,0;St;gaeb;vom_unternehmen_auszufuellende_dokumente/260618_ITZ_Neue Störschleife_LOS01 Tief-Landschaftsbauarbeiten.X83
2;Plattendruckversuch statisch, zur Überprüfung des EV2 Wertes auf den Tragschichten zum Nachweis der Tragfähigkeit.;11,0;St;gaeb;vom_unternehmen_auszufuellende_dokumente/260618_ITZ_Neue Störschleife_LOS01 Tief-Landschaftsbauarbeiten.X83
3;Feinplanum für Wegeflächen,;2183,8;m²;gaeb;vom_unternehmen_auszufuellende_dokumente/260618_ITZ_Neue Störschleife_LOS01 Tief-Landschaftsbauarbeiten.X83
4;Liefern und einbauen von Geogitter/Filtervliesstoff zur Stabilisierung und Bewehrung von Tragschichten mit zusätzlicher Trenn- und Filterwirkung gem. TL Geok E-StB 19 liefern und auf nicht ausreichend tragfähigem;2184,8;m²;gaeb;vom_unternehmen_auszufuellende_dokumente/260618_ITZ_Neue Störschleife_LOS01 Tief-Landschaftsbauarbeiten.X83
5;Gründungsvorbereitung als Kiessandschicht liefern, herstellen und verdichten.;434,0;m³;gaeb;vom_unternehmen_auszufuellende_dokumente/260618_ITZ_Neue Störschleife_LOS01 Tief-Landschaftsbauarbeiten.X83
6;Gründungsvorbereitung als Frostschutzschicht liefern, herstellen und verdichten.;615,0;m³;gaeb;vom_unternehmen_auszufuellende_dokumente/260618_ITZ_Neue Störschleife_LOS01 Tief-Landschaftsbauarbeiten.X83
7;Liefern und einbauen von Geogitter zur Stabilisierung und Bewehrung von Tragschichten gem. TL Geok E-StB 19 liefern und auf nicht ausreichend tragfähigem;2184,8;m²;gaeb;vom_unternehmen_auszufuellende_dokumente/260618_ITZ_Neue Störschleife_LOS01 Tief-Landschaftsbauarbeiten.X83
8;Schottertragschicht liefern, herstellen und verdichten,;583,0;m³;gaeb;vom_unternehmen_auszufuellende_dokumente/260618_ITZ_Neue Störschleife_LOS01 Tief-Landschaftsbauarbeiten.X83
9;Schottertragschicht liefern, herstellen und verdichten,;36,0;m³;gaeb;vom_unternehmen_auszufuellende_dokumente/260618_ITZ_Neue Störschleife_LOS01 Tief-Landschaftsbauarbeiten.X83
10;Pflasterbelag aus Naturstein liefern und herstellen,;222,0;m²;gaeb;vom_unternehmen_auszufuellende_dokumente/260618_ITZ_Neue Störschleife_LOS01 Tief-Landschaftsbauarbeiten.X83
11;Pflasterbelag aus Naturstein liefern und herstellen,;459,0;m²;gaeb;vom_unternehmen_auszufuellende_dokumente/260618_ITZ_Neue Störschleife_LOS01 Tief-Landschaftsbauarbeiten.X83
12;Pflasterbelag aus Naturstein liefern und herstellen,;594,0;m²;gaeb;vom_unternehmen_auszufuellende_dokumente/260618_ITZ_Neue Störschleife_LOS01 Tief-Landschaftsbauarbeiten.X83
13;Scheinfugen bis in Tiefe 10mm in den Überformaten der vorhergehenden Positionen vor Ort herstellen,;550,0;m;gaeb;vom_unternehmen_auszufuellende_dokumente/260618_ITZ_Neue Störschleife_LOS01 Tief-Landschaftsbauarbeiten.X83
14;Pflasterrinne überfahrbar aus Natursteinpflasterplatte liefern und unter mitzulieferndem Fundamentbeton, Haftschlämme und Fugemörtel, verlegen.;115,3;m;gaeb;vom_unternehmen_auszufuellende_dokumente/260618_ITZ_Neue Störschleife_LOS01 Tief-Landschaftsbauarbeiten.X83
15;Läufer aus Kleinpflaster,;107,1;m;gaeb;vom_unternehmen_auszufuellende_dokumente/260618_ITZ_Neue Störschleife_LOS01 Tief-Landschaftsbauarbeiten.X83
16;Muldenstein aus Natursteinpflasterplatte liefern und unter mitzulieferndem Fundamentbeton, Haftschlämme und Fugemörtel, verlegen.;27,5;m;gaeb;vom_unternehmen_auszufuellende_dokumente/260618_ITZ_Neue Störschleife_LOS01 Tief-Landschaftsbauarbeiten.X83
17;Schnitte des Natursteinpflasters nach örtlichen;383,2;m;gaeb;vom_unternehmen_auszufuellende_dokumente/260618_ITZ_Neue Störschleife_LOS01 Tief-Landschaftsbauarbeiten.X83
18;Sonderformat Trapezform, 11 x 11 (8) x 14 cm, Naturstein,;21,0;m;gaeb;vom_unternehmen_auszufuellende_dokumente/260618_ITZ_Neue Störschleife_LOS01 Tief-Landschaftsbauarbeiten.X83
19;Quadratstein 11 x 11 x 14 cm, Naturstein, zum Einbau als Einfassungsstein rund um Schachtdeckel und Einbauten sowie als Läufer beidseitig von offenen Pflasterrinnen in Bereichen der Belastungsklasse 1,0 gem. RStO 12 liefern.;72,0;m;gaeb;vom_unternehmen_auszufuellende_dokumente/260618_ITZ_Neue Störschleife_LOS01 Tief-Landschaftsbauarbeiten.X83
20;Schnitte des Natursteinpflasters nach örtlichen;47,1;m;gaeb;vom_unternehmen_auszufuellende_dokumente/260618_ITZ_Neue Störschleife_LOS01 Tief-Landschaftsbauarbeiten.X83
21;Großpflaster, zwischengelagert, wieder einbauen, einschl. Zwischentransport.;52,5;m²;gaeb;vom_unternehmen_auszufuellende_dokumente/260618_ITZ_Neue Störschleife_LOS01 Tief-Landschaftsbauarbeiten.X83
22;Großpflaster, zwischengelagert, wieder einbauen, einschl. Zwischentransport.;57,8;m²;gaeb;vom_unternehmen_auszufuellende_dokumente/260618_ITZ_Neue Störschleife_LOS01 Tief-Landschaftsbauarbeiten.X83
23;Liefern und Einbau von Trenn- und Gleitlage oberhalb von Rahmenkanal für befahrbare Bereiche.;80,0;m²;gaeb;vom_unternehmen_auszufuellende_dokumente/260618_ITZ_Neue Störschleife_LOS01 Tief-Landschaftsbauarbeiten.X83
24;Liefern und Einbau von Drainagematte oberhalb von Rahmenkanal für befahrbare Bereiche.;80,0;m²;gaeb;vom_unternehmen_auszufuellende_dokumente/260618_ITZ_Neue Störschleife_LOS01 Tief-Landschaftsbauarbeiten.X83
25;Liefern und Einbau von Filtervlies oberhalb von Rahmenkanal für befahrbare Bereiche.;80,0;m²;gaeb;vom_unternehmen_auszufuellende_dokumente/260618_ITZ_Neue Störschleife_LOS01 Tief-Landschaftsbauarbeiten.X83
26;Klinkerpflaster rot-bunt, geschält, nach DIN EN 1344 und DIN 18503. Rechtecksteine, Oberseite planmäßig eben, zur flach- und hochkant-Verlegung geeignet, ohne Fase (leicht gebrochene Kante).;46,0;m²;gaeb;vom_unternehmen_auszufuellende_dokumente/260618_ITZ_Neue Störschleife_LOS01 Tief-Landschaftsbauarbeiten.X83
27;Verlegung der Pflasterklinker im Fischgrätverband, 45° zur Einfassung;663,0;m²;gaeb;vom_unternehmen_auszufuellende_dokumente/260618_ITZ_Neue Störschleife_LOS01 Tief-Landschaftsbauarbeiten.X83
28;Pflasterklinker nach örtlichen Erfordernissen;311,9;m;gaeb;vom_unternehmen_auszufuellende_dokumente/260618_ITZ_Neue Störschleife_LOS01 Tief-Landschaftsbauarbeiten.X83
29;Vegetationstragschicht für Schotterrasen nach FLL-Richtline für die Planung, Ausführung und Unterhaltung von begrünbaren Flächenbefestigungen liefern und einbauen.;90,0;m²;gaeb;vom_unternehmen_auszufuellende_dokumente/260618_ITZ_Neue Störschleife_LOS01 Tief-Landschaftsbauarbeiten.X83
1;Feinplanum für Wegeflächen,;118,5;m²;gaeb;vom_unternehmen_auszufuellende_dokumente/260618_ITZ_Neue Störschleife_LOS01 Tief-Landschaftsbauarbeiten.X83
2;Pflasterbelag aus Naturstein liefern und herstellen,;118,0;m²;gaeb;vom_unternehmen_auszufuellende_dokumente/260618_ITZ_Neue Störschleife_LOS01 Tief-Landschaftsbauarbeiten.X83
3;Feinplanum für Spielplatzbeläge,;317,0;m²;gaeb;vom_unternehmen_auszufuellende_dokumente/260618_ITZ_Neue Störschleife_LOS01 Tief-Landschaftsbauarbeiten.X83
4;Fallschutzkies;21,8;m³;gaeb;vom_unternehmen_auszufuellende_dokumente/260618_ITZ_Neue Störschleife_LOS01 Tief-Landschaftsbauarbeiten.X83
5;Spielsand liefern und nach Einbau der Spielgeräte gleichmäßig einbauen. Spielsand gewaschen, frei von färbenden Substanzen, organischen Stoffen, Qualität: mind. Z 0 nach LAGA oder Einhaltung der Vorsorgewerte (BBodSchV) Pfad Mensch-Boden.;73,3;m³;gaeb;vom_unternehmen_auszufuellende_dokumente/260618_ITZ_Neue Störschleife_LOS01 Tief-Landschaftsbauarbeiten.X83
1;Liefern und montieren von Doppelstabmattenzaun.;37,0;m;gaeb;vom_unternehmen_auszufuellende_dokumente/260618_ITZ_Neue Störschleife_LOS01 Tief-Landschaftsbauarbeiten.X83
2;Höhe 0,50 m;4,3;m;gaeb;vom_unternehmen_auszufuellende_dokumente/260618_ITZ_Neue Störschleife_LOS01 Tief-Landschaftsbauarbeiten.X83
3;Höhe 120 cm;33,5;m;gaeb;vom_unternehmen_auszufuellende_dokumente/260618_ITZ_Neue Störschleife_LOS01 Tief-Landschaftsbauarbeiten.X83
4;Höhe 1,40 m;44,0;m;gaeb;vom_unternehmen_auszufuellende_dokumente/260618_ITZ_Neue Störschleife_LOS01 Tief-Landschaftsbauarbeiten.X83
5;durch Trennschnitt als Passtück herstellen;20,0;St;gaeb;vom_unternehmen_auszufuellende_dokumente/260618_ITZ_Neue Störschleife_LOS01 Tief-Landschaftsbauarbeiten.X83
6;Pfosten zur seitlichen Anbringung an StB-Wand, für Zaunhöhe 1000 mm;13,0;St;gaeb;vom_unternehmen_auszufuellende_dokumente/260618_ITZ_Neue Störschleife_LOS01 Tief-Landschaftsbauarbeiten.X83
7;"wie Vorposition ""Doppelstabmattenzaun, Höhe 1,00 m"",";5,0;St;gaeb;vom_unternehmen_auszufuellende_dokumente/260618_ITZ_Neue Störschleife_LOS01 Tief-Landschaftsbauarbeiten.X83
8;Eckpfosten für Zaunhöhe 1000 mm;2,0;St;gaeb;vom_unternehmen_auszufuellende_dokumente/260618_ITZ_Neue Störschleife_LOS01 Tief-Landschaftsbauarbeiten.X83
9;Pfosten;3,0;St;gaeb;vom_unternehmen_auszufuellende_dokumente/260618_ITZ_Neue Störschleife_LOS01 Tief-Landschaftsbauarbeiten.X83
10;Pfosten;3,0;St;gaeb;vom_unternehmen_auszufuellende_dokumente/260618_ITZ_Neue Störschleife_LOS01 Tief-Landschaftsbauarbeiten.X83
11;Pfosten;2,0;St;gaeb;vom_unternehmen_auszufuellende_dokumente/260618_ITZ_Neue Störschleife_LOS01 Tief-Landschaftsbauarbeiten.X83
12;Zweiflügeliges Tor aus Stahl,;2,0;St;gaeb;vom_unternehmen_auszufuellende_dokumente/260618_ITZ_Neue Störschleife_LOS01 Tief-Landschaftsbauarbeiten.X83
13;mit Drückergarnitur und Türschließer für kl. Torflügel;1,0;St;gaeb;vom_unternehmen_auszufuellende_dokumente/260618_ITZ_Neue Störschleife_LOS01 Tief-Landschaftsbauarbeiten.X83
14;Einflügeliges Tor aus Stahl,;1,0;St;gaeb;vom_unternehmen_auszufuellende_dokumente/260618_ITZ_Neue Störschleife_LOS01 Tief-Landschaftsbauarbeiten.X83
15;Pos.;1,0;St;gaeb;vom_unternehmen_auszufuellende_dokumente/260618_ITZ_Neue Störschleife_LOS01 Tief-Landschaftsbauarbeiten.X83
16;Höhe 80cm und Breite 100cm;2,0;St;gaeb;vom_unternehmen_auszufuellende_dokumente/260618_ITZ_Neue Störschleife_LOS01 Tief-Landschaftsbauarbeiten.X83
17;Profil-Zylinder zu Vorpositionen, 35/35, bauseits vorhanden, in vorgerichteten Schlössern einsetzen;5,0;St;gaeb;vom_unternehmen_auszufuellende_dokumente/260618_ITZ_Neue Störschleife_LOS01 Tief-Landschaftsbauarbeiten.X83
18;Liefern, Herstellen und Montieren von Wildschutzzaun als temporärer Schutz der Bepflanzung Filterfläche.;25,0;m;gaeb;vom_unternehmen_auszufuellende_dokumente/260618_ITZ_Neue Störschleife_LOS01 Tief-Landschaftsbauarbeiten.X83
1;Erstellen einer Werkplanung.;1,0;psch;gaeb;vom_unternehmen_auszufuellende_dokumente/260618_ITZ_Neue Störschleife_LOS01 Tief-Landschaftsbauarbeiten.X83
2;Feinplanum für Stützelemente,;89,6;m²;gaeb;vom_unternehmen_auszufuellende_dokumente/260618_ITZ_Neue Störschleife_LOS01 Tief-Landschaftsbauarbeiten.X83
3;Schottertragschicht für Stufenanlagen liefern, herstellen und verdichten, Baustoffgemisch/Natursteinschotter 0/32, nach TL Gestein StB und ZTVT-StB.;35,6;m³;gaeb;vom_unternehmen_auszufuellende_dokumente/260618_ITZ_Neue Störschleife_LOS01 Tief-Landschaftsbauarbeiten.X83
4;Herstellen von Streifenfundament und Auflager für;31,8;m³;gaeb;vom_unternehmen_auszufuellende_dokumente/260618_ITZ_Neue Störschleife_LOS01 Tief-Landschaftsbauarbeiten.X83
5;Winkelstützelement als Stahlbetonfertigteil,;42,0;St;gaeb;vom_unternehmen_auszufuellende_dokumente/260618_ITZ_Neue Störschleife_LOS01 Tief-Landschaftsbauarbeiten.X83
6;Technische Daten / Abmessungen:;3,0;St;gaeb;vom_unternehmen_auszufuellende_dokumente/260618_ITZ_Neue Störschleife_LOS01 Tief-Landschaftsbauarbeiten.X83
7;Technische Daten / Abmessungen:;1,0;St;gaeb;vom_unternehmen_auszufuellende_dokumente/260618_ITZ_Neue Störschleife_LOS01 Tief-Landschaftsbauarbeiten.X83
8;Technische Daten / Abmessungen:;54,0;St;gaeb;vom_unternehmen_auszufuellende_dokumente/260618_ITZ_Neue Störschleife_LOS01 Tief-Landschaftsbauarbeiten.X83
9;Technische Daten / Abmessungen:;1,0;St;gaeb;vom_unternehmen_auszufuellende_dokumente/260618_ITZ_Neue Störschleife_LOS01 Tief-Landschaftsbauarbeiten.X83
10;Technische Daten / Abmessungen:;1,0;St;gaeb;vom_unternehmen_auszufuellende_dokumente/260618_ITZ_Neue Störschleife_LOS01 Tief-Landschaftsbauarbeiten.X83
11;Technische Daten / Abmessungen:;3,0;St;gaeb;vom_unternehmen_auszufuellende_dokumente/260618_ITZ_Neue Störschleife_LOS01 Tief-Landschaftsbauarbeiten.X83
12;Technische Daten / Abmessungen:;4,0;St;gaeb;vom_unternehmen_auszufuellende_dokumente/260618_ITZ_Neue Störschleife_LOS01 Tief-Landschaftsbauarbeiten.X83
13;Technische Daten / Abmessungen:;5,0;St;gaeb;vom_unternehmen_auszufuellende_dokumente/260618_ITZ_Neue Störschleife_LOS01 Tief-Landschaftsbauarbeiten.X83
14;Technische Daten / Abmessungen:;12,0;St;gaeb;vom_unternehmen_auszufuellende_dokumente/260618_ITZ_Neue Störschleife_LOS01 Tief-Landschaftsbauarbeiten.X83
15;Technische Daten / Abmessungen:;2,0;St;gaeb;vom_unternehmen_auszufuellende_dokumente/260618_ITZ_Neue Störschleife_LOS01 Tief-Landschaftsbauarbeiten.X83
16;Technische Daten / Abmessungen:;1,0;St;gaeb;vom_unternehmen_auszufuellende_dokumente/260618_ITZ_Neue Störschleife_LOS01 Tief-Landschaftsbauarbeiten.X83
17;Technische Daten / Abmessungen:;1,0;St;gaeb;vom_unternehmen_auszufuellende_dokumente/260618_ITZ_Neue Störschleife_LOS01 Tief-Landschaftsbauarbeiten.X83
18;Technische Daten / Abmessungen:;1,0;St;gaeb;vom_unternehmen_auszufuellende_dokumente/260618_ITZ_Neue Störschleife_LOS01 Tief-Landschaftsbauarbeiten.X83
19;Technische Daten / Abmessungen:;1,0;St;gaeb;vom_unternehmen_auszufuellende_dokumente/260618_ITZ_Neue Störschleife_LOS01 Tief-Landschaftsbauarbeiten.X83
20;Technische Daten / Abmessungen:;1,0;St;gaeb;vom_unternehmen_auszufuellende_dokumente/260618_ITZ_Neue Störschleife_LOS01 Tief-Landschaftsbauarbeiten.X83
21;Technische Daten / Abmessungen:;1,0;St;gaeb;vom_unternehmen_auszufuellende_dokumente/260618_ITZ_Neue Störschleife_LOS01 Tief-Landschaftsbauarbeiten.X83
22;Technische Daten / Abmessungen:;1,0;St;gaeb;vom_unternehmen_auszufuellende_dokumente/260618_ITZ_Neue Störschleife_LOS01 Tief-Landschaftsbauarbeiten.X83
23;Technische Daten / Abmessungen:;1,0;St;gaeb;vom_unternehmen_auszufuellende_dokumente/260618_ITZ_Neue Störschleife_LOS01 Tief-Landschaftsbauarbeiten.X83
24;Einfärben der Blockstufen mit Weißzement aus dem vorherigen Abschnitt.;1,0;psch;gaeb;vom_unternehmen_auszufuellende_dokumente/260618_ITZ_Neue Störschleife_LOS01 Tief-Landschaftsbauarbeiten.X83
25;Bitumenband für Stossfugen Betonwinkelstützelemente liefern;124,3;m;gaeb;vom_unternehmen_auszufuellende_dokumente/260618_ITZ_Neue Störschleife_LOS01 Tief-Landschaftsbauarbeiten.X83
26;Liefern und einbauen von lotrechter Trennlage, zwischen;124,3;m²;gaeb;vom_unternehmen_auszufuellende_dokumente/260618_ITZ_Neue Störschleife_LOS01 Tief-Landschaftsbauarbeiten.X83
27;Liefern und einbauen von Drainageelement mit Vlieskaschierung auf Fuß der Winkelstützmauer, zur Ableitung von Wasser.;35,8;m²;gaeb;vom_unternehmen_auszufuellende_dokumente/260618_ITZ_Neue Störschleife_LOS01 Tief-Landschaftsbauarbeiten.X83
28;Lieferung und Hinterfüllung der Stützmauern mit Füllsand;25,2;m³;gaeb;vom_unternehmen_auszufuellende_dokumente/260618_ITZ_Neue Störschleife_LOS01 Tief-Landschaftsbauarbeiten.X83
1;Feinplanum für Stützelemente,;17,0;m²;gaeb;vom_unternehmen_auszufuellende_dokumente/260618_ITZ_Neue Störschleife_LOS01 Tief-Landschaftsbauarbeiten.X83
2;Schottertragschicht für Stützelemente liefern, herstellen und verdichten, Baustoffgemisch/Natursteinschotter 0/32, nach TL Gestein StB und ZTVT-StB.;2,2;m³;gaeb;vom_unternehmen_auszufuellende_dokumente/260618_ITZ_Neue Störschleife_LOS01 Tief-Landschaftsbauarbeiten.X83
3;Herstellen von Streifenfundament für Mauerwerk, gemäß;3,1;m³;gaeb;vom_unternehmen_auszufuellende_dokumente/260618_ITZ_Neue Störschleife_LOS01 Tief-Landschaftsbauarbeiten.X83
4;"Mauerwerk herstellen aus Granit, gem. Planunterlage ""5.3.3.1";13,1;m²;gaeb;vom_unternehmen_auszufuellende_dokumente/260618_ITZ_Neue Störschleife_LOS01 Tief-Landschaftsbauarbeiten.X83
5;Liefern und einbauen von lotrechter Trennlage, zwischen;13,6;m²;gaeb;vom_unternehmen_auszufuellende_dokumente/260618_ITZ_Neue Störschleife_LOS01 Tief-Landschaftsbauarbeiten.X83
6;Lieferung und Hinterfüllung der Stützmauern mit;3,4;m³;gaeb;vom_unternehmen_auszufuellende_dokumente/260618_ITZ_Neue Störschleife_LOS01 Tief-Landschaftsbauarbeiten.X83
1;Erstellen einer Werkplanung. Grundlage der Werkplanung sind die in der Ausführungsbeschreibung/-planung beschriebenen und in den nachfolgenden Positionen detallierten Elemente.;1,0;psch;gaeb;vom_unternehmen_auszufuellende_dokumente/260618_ITZ_Neue Störschleife_LOS01 Tief-Landschaftsbauarbeiten.X83
2;Feinplanum für Stützelemente,;12,5;m²;gaeb;vom_unternehmen_auszufuellende_dokumente/260618_ITZ_Neue Störschleife_LOS01 Tief-Landschaftsbauarbeiten.X83
3;Schottertragschicht für Stützelemente liefern, herstellen und verdichten, Baustoffgemisch/Natursteinschotter 0/32, nach TL Gestein StB und ZTVT-StB.;12,5;m³;gaeb;vom_unternehmen_auszufuellende_dokumente/260618_ITZ_Neue Störschleife_LOS01 Tief-Landschaftsbauarbeiten.X83
4;Herstellen von Streifenfundament für Stahlwand, gemäß;5,2;m³;gaeb;vom_unternehmen_auszufuellende_dokumente/260618_ITZ_Neue Störschleife_LOS01 Tief-Landschaftsbauarbeiten.X83
5;Liefern, herstellen und Montage von Stahlwand, als Winkelstützelement aus wetterfestem Stahl.;8,0;m;gaeb;vom_unternehmen_auszufuellende_dokumente/260618_ITZ_Neue Störschleife_LOS01 Tief-Landschaftsbauarbeiten.X83
6;Technische Daten / Abmessungen:;11,0;m;gaeb;vom_unternehmen_auszufuellende_dokumente/260618_ITZ_Neue Störschleife_LOS01 Tief-Landschaftsbauarbeiten.X83
7;Technische Daten / Abmessungen:;6,0;m;gaeb;vom_unternehmen_auszufuellende_dokumente/260618_ITZ_Neue Störschleife_LOS01 Tief-Landschaftsbauarbeiten.X83
8;Herstellen eines Zuschnitts im Winkel von bis zu 15° an der Außenkante des Elements, für Winkelstützelemente aus Cortenstahl. Übergang zu Stützmauer Großsteinpflaster mit Dossierung.;2,5;m;gaeb;vom_unternehmen_auszufuellende_dokumente/260618_ITZ_Neue Störschleife_LOS01 Tief-Landschaftsbauarbeiten.X83
9;Lieferung und Hinterfüllung der Stützmauern mit Baustoffgemisch/Natursteinschotter 0/45.;8,6;m³;gaeb;vom_unternehmen_auszufuellende_dokumente/260618_ITZ_Neue Störschleife_LOS01 Tief-Landschaftsbauarbeiten.X83
10;Liefern und einbauen von lotrechter Trennlage, zwischen;30,0;m²;gaeb;vom_unternehmen_auszufuellende_dokumente/260618_ITZ_Neue Störschleife_LOS01 Tief-Landschaftsbauarbeiten.X83
1;Bestehende Klinkermauer reinigen, mit Wasser und;1,0;psch;gaeb;vom_unternehmen_auszufuellende_dokumente/260618_ITZ_Neue Störschleife_LOS01 Tief-Landschaftsbauarbeiten.X83
2;Rollschicht aufnehmen und neu im Mörtelbett versetzen.;2,5;m;gaeb;vom_unternehmen_auszufuellende_dokumente/260618_ITZ_Neue Störschleife_LOS01 Tief-Landschaftsbauarbeiten.X83
1;Herstellen und Lieferung von Musterelementen, in Abstimmung mit AG und BÜ. Einschl. Entsorgung.;1,0;psch;gaeb;vom_unternehmen_auszufuellende_dokumente/260618_ITZ_Neue Störschleife_LOS01 Tief-Landschaftsbauarbeiten.X83
2;Erstellen einer Werkplanung.;1,0;psch;gaeb;vom_unternehmen_auszufuellende_dokumente/260618_ITZ_Neue Störschleife_LOS01 Tief-Landschaftsbauarbeiten.X83
3;Blockstufe als Treppenstufe aus Naturwerkstein, für Außenbereiche, gemäß DIN 18332 liefern und als Treppenanlage einbauen.;4,0;St;gaeb;vom_unternehmen_auszufuellende_dokumente/260618_ITZ_Neue Störschleife_LOS01 Tief-Landschaftsbauarbeiten.X83
4;Technische Daten / Abmessungen:;4,0;St;gaeb;vom_unternehmen_auszufuellende_dokumente/260618_ITZ_Neue Störschleife_LOS01 Tief-Landschaftsbauarbeiten.X83
5;Technische Daten / Abmessungen:;20,0;St;gaeb;vom_unternehmen_auszufuellende_dokumente/260618_ITZ_Neue Störschleife_LOS01 Tief-Landschaftsbauarbeiten.X83
6;Technische Daten / Abmessungen:;20,0;St;gaeb;vom_unternehmen_auszufuellende_dokumente/260618_ITZ_Neue Störschleife_LOS01 Tief-Landschaftsbauarbeiten.X83
7;Technische Daten / Abmessungen:;2,0;St;gaeb;vom_unternehmen_auszufuellende_dokumente/260618_ITZ_Neue Störschleife_LOS01 Tief-Landschaftsbauarbeiten.X83
8;Technische Daten / Abmessungen:;2,0;St;gaeb;vom_unternehmen_auszufuellende_dokumente/260618_ITZ_Neue Störschleife_LOS01 Tief-Landschaftsbauarbeiten.X83
9;Technische Daten / Abmessungen:;2,0;St;gaeb;vom_unternehmen_auszufuellende_dokumente/260618_ITZ_Neue Störschleife_LOS01 Tief-Landschaftsbauarbeiten.X83
10;Technische Daten / Abmessungen:;2,0;St;gaeb;vom_unternehmen_auszufuellende_dokumente/260618_ITZ_Neue Störschleife_LOS01 Tief-Landschaftsbauarbeiten.X83
11;Technische Daten / Abmessungen:;2,0;St;gaeb;vom_unternehmen_auszufuellende_dokumente/260618_ITZ_Neue Störschleife_LOS01 Tief-Landschaftsbauarbeiten.X83
12;Technische Daten / Abmessungen:;2,0;St;gaeb;vom_unternehmen_auszufuellende_dokumente/260618_ITZ_Neue Störschleife_LOS01 Tief-Landschaftsbauarbeiten.X83
13;"Werkseitige Herstellung von 2 Stk. Bohrungen pro Blockstufe an der Unterseite; einschließlich dem Einkleben einer Gewindehülse M14 (V4A).";56,0;St;gaeb;vom_unternehmen_auszufuellende_dokumente/260618_ITZ_Neue Störschleife_LOS01 Tief-Landschaftsbauarbeiten.X83
14;Erstellen einer Werkplanung.;1,0;psch;gaeb;vom_unternehmen_auszufuellende_dokumente/260618_ITZ_Neue Störschleife_LOS01 Tief-Landschaftsbauarbeiten.X83
15;Herstellen einer dauerelastische Verfugung für Natursteinelemente, einschließlich aller Nebenarbeiten:;32,0;m;gaeb;vom_unternehmen_auszufuellende_dokumente/260618_ITZ_Neue Störschleife_LOS01 Tief-Landschaftsbauarbeiten.X83
16;Blockstufe als Sitzstufe aus Naturwerkstein, für Außenbereiche, gemäß DIN 18332 liefern und als Stufenanlage einbauen.;29,0;St;gaeb;vom_unternehmen_auszufuellende_dokumente/260618_ITZ_Neue Störschleife_LOS01 Tief-Landschaftsbauarbeiten.X83
17;Technische Daten / Abmessungen:;1,0;St;gaeb;vom_unternehmen_auszufuellende_dokumente/260618_ITZ_Neue Störschleife_LOS01 Tief-Landschaftsbauarbeiten.X83
18;Passstück. Herstellen einer Blockstufe aus Vorpos. zzgl. 10 cm Länge.;1,0;St;gaeb;vom_unternehmen_auszufuellende_dokumente/260618_ITZ_Neue Störschleife_LOS01 Tief-Landschaftsbauarbeiten.X83
19;Technische Daten / Abmessungen:;1,0;St;gaeb;vom_unternehmen_auszufuellende_dokumente/260618_ITZ_Neue Störschleife_LOS01 Tief-Landschaftsbauarbeiten.X83
20;Technische Daten / Abmessungen:;1,0;St;gaeb;vom_unternehmen_auszufuellende_dokumente/260618_ITZ_Neue Störschleife_LOS01 Tief-Landschaftsbauarbeiten.X83
21;Technische Daten / Abmessungen:;1,0;St;gaeb;vom_unternehmen_auszufuellende_dokumente/260618_ITZ_Neue Störschleife_LOS01 Tief-Landschaftsbauarbeiten.X83
22;"Werkseitige Herstellung von 2 Stk. Bohrungen pro Blockstufe an der Unterseite; einschließlich dem Einkleben einer Gewindehülse M14 (V4A).";14,0;St;gaeb;vom_unternehmen_auszufuellende_dokumente/260618_ITZ_Neue Störschleife_LOS01 Tief-Landschaftsbauarbeiten.X83
23;Pass-Schnitt Blockstufe aus Naturstein der Vorpos. herstellen.;1,0;St;gaeb;vom_unternehmen_auszufuellende_dokumente/260618_ITZ_Neue Störschleife_LOS01 Tief-Landschaftsbauarbeiten.X83
24;Blockstufe als Sitzstufe aus Naturwerkstein, für Außenbereiche, gemäß DIN 18332 liefern und als Stufenanlage einbauen.;37,0;St;gaeb;vom_unternehmen_auszufuellende_dokumente/260618_ITZ_Neue Störschleife_LOS01 Tief-Landschaftsbauarbeiten.X83
25;Passstück. Herstellen einer Blockstufe aus Vorpos. zzgl. 10 cm Länge.;4,0;St;gaeb;vom_unternehmen_auszufuellende_dokumente/260618_ITZ_Neue Störschleife_LOS01 Tief-Landschaftsbauarbeiten.X83
26;Technische Daten / Abmessungen:;1,0;St;gaeb;vom_unternehmen_auszufuellende_dokumente/260618_ITZ_Neue Störschleife_LOS01 Tief-Landschaftsbauarbeiten.X83
27;Technische Daten / Abmessungen:;1,0;St;gaeb;vom_unternehmen_auszufuellende_dokumente/260618_ITZ_Neue Störschleife_LOS01 Tief-Landschaftsbauarbeiten.X83
28;Technische Daten / Abmessungen:;1,0;St;gaeb;vom_unternehmen_auszufuellende_dokumente/260618_ITZ_Neue Störschleife_LOS01 Tief-Landschaftsbauarbeiten.X83
29;Technische Daten / Abmessungen:;1,0;St;gaeb;vom_unternehmen_auszufuellende_dokumente/260618_ITZ_Neue Störschleife_LOS01 Tief-Landschaftsbauarbeiten.X83
30;Technische Daten / Abmessungen:;1,0;St;gaeb;vom_unternehmen_auszufuellende_dokumente/260618_ITZ_Neue Störschleife_LOS01 Tief-Landschaftsbauarbeiten.X83
31;Technische Daten / Abmessungen:;1,0;St;gaeb;vom_unternehmen_auszufuellende_dokumente/260618_ITZ_Neue Störschleife_LOS01 Tief-Landschaftsbauarbeiten.X83
32;Technische Daten / Abmessungen:;1,0;St;gaeb;vom_unternehmen_auszufuellende_dokumente/260618_ITZ_Neue Störschleife_LOS01 Tief-Landschaftsbauarbeiten.X83
33;Technische Daten / Abmessungen:;1,0;St;gaeb;vom_unternehmen_auszufuellende_dokumente/260618_ITZ_Neue Störschleife_LOS01 Tief-Landschaftsbauarbeiten.X83
34;"Werkseitige Herstellung von 2 Stk. Bohrungen pro Blockstufe an der Unterseite; einschließlich dem Einkleben einer Gewindehülse M14 (V4A).";56,0;St;gaeb;vom_unternehmen_auszufuellende_dokumente/260618_ITZ_Neue Störschleife_LOS01 Tief-Landschaftsbauarbeiten.X83
35;Pass-Schnitt Blockstufe aus Naturstein der Vorpos. herstellen.;4,0;St;gaeb;vom_unternehmen_auszufuellende_dokumente/260618_ITZ_Neue Störschleife_LOS01 Tief-Landschaftsbauarbeiten.X83
36;Blockstufe als Sitzstufe aus Naturwerkstein, für Außenbereiche, gemäß DIN 18332 liefern und als Stufenanlage einbauen.;2,0;St;gaeb;vom_unternehmen_auszufuellende_dokumente/260618_ITZ_Neue Störschleife_LOS01 Tief-Landschaftsbauarbeiten.X83
37;Technische Daten / Abmessungen:;1,0;St;gaeb;vom_unternehmen_auszufuellende_dokumente/260618_ITZ_Neue Störschleife_LOS01 Tief-Landschaftsbauarbeiten.X83
38;Technische Daten / Abmessungen:;1,0;St;gaeb;vom_unternehmen_auszufuellende_dokumente/260618_ITZ_Neue Störschleife_LOS01 Tief-Landschaftsbauarbeiten.X83
39;Technische Daten / Abmessungen:;1,0;St;gaeb;vom_unternehmen_auszufuellende_dokumente/260618_ITZ_Neue Störschleife_LOS01 Tief-Landschaftsbauarbeiten.X83
40;Technische Daten / Abmessungen:;1,0;St;gaeb;vom_unternehmen_auszufuellende_dokumente/260618_ITZ_Neue Störschleife_LOS01 Tief-Landschaftsbauarbeiten.X83
41;"Werkseitige Herstellung von 2 Stk. Bohrungen pro Blockstufe an der Unterseite; einschließlich dem Einkleben einer Gewindehülse M14 (V4A).";12,0;St;gaeb;vom_unternehmen_auszufuellende_dokumente/260618_ITZ_Neue Störschleife_LOS01 Tief-Landschaftsbauarbeiten.X83
42;Blockstufe als Sitzstufe aus Naturwerkstein, für Außenbereiche, gemäß DIN 18332 liefern und als Stufenanlage einbauen.;12,0;St;gaeb;vom_unternehmen_auszufuellende_dokumente/260618_ITZ_Neue Störschleife_LOS01 Tief-Landschaftsbauarbeiten.X83
43;Technische Daten / Abmessungen:;1,0;St;gaeb;vom_unternehmen_auszufuellende_dokumente/260618_ITZ_Neue Störschleife_LOS01 Tief-Landschaftsbauarbeiten.X83
44;Technische Daten / Abmessungen:;1,0;St;gaeb;vom_unternehmen_auszufuellende_dokumente/260618_ITZ_Neue Störschleife_LOS01 Tief-Landschaftsbauarbeiten.X83
45;"Werkseitige Herstellung von 2 Stk. Bohrungen pro Blockstufe an der Unterseite; einschließlich dem Einkleben einer Gewindehülse M14 (V4A).";28,0;St;gaeb;vom_unternehmen_auszufuellende_dokumente/260618_ITZ_Neue Störschleife_LOS01 Tief-Landschaftsbauarbeiten.X83
46;Erstellen einer Werkplanung.;1,0;psch;gaeb;vom_unternehmen_auszufuellende_dokumente/260618_ITZ_Neue Störschleife_LOS01 Tief-Landschaftsbauarbeiten.X83
47;Feinplanum für Fundamente,;76,0;m²;gaeb;vom_unternehmen_auszufuellende_dokumente/260618_ITZ_Neue Störschleife_LOS01 Tief-Landschaftsbauarbeiten.X83
48;Schottertragschicht für Stufenanlagen liefern, herstellen und verdichten, Baustoffgemisch/Natursteinschotter 0/32, nach TL Gestein StB und ZTVT-StB.;67,0;m²;gaeb;vom_unternehmen_auszufuellende_dokumente/260618_ITZ_Neue Störschleife_LOS01 Tief-Landschaftsbauarbeiten.X83
49;Herstellen von Betonfundament für Stufenanlage aus;33,0;m³;gaeb;vom_unternehmen_auszufuellende_dokumente/260618_ITZ_Neue Störschleife_LOS01 Tief-Landschaftsbauarbeiten.X83
50;Blockstufe als Sitzstufe aus Naturwerkstein, für Außenbereiche, gemäß DIN 18332 liefern und als Stufenanlage einbauen.;7,0;St;gaeb;vom_unternehmen_auszufuellende_dokumente/260618_ITZ_Neue Störschleife_LOS01 Tief-Landschaftsbauarbeiten.X83
51;Technische Daten / Abmessungen:;1,0;St;gaeb;vom_unternehmen_auszufuellende_dokumente/260618_ITZ_Neue Störschleife_LOS01 Tief-Landschaftsbauarbeiten.X83
52;Technische Daten / Abmessungen:;1,0;St;gaeb;vom_unternehmen_auszufuellende_dokumente/260618_ITZ_Neue Störschleife_LOS01 Tief-Landschaftsbauarbeiten.X83
53;Technische Daten / Abmessungen:;1,0;St;gaeb;vom_unternehmen_auszufuellende_dokumente/260618_ITZ_Neue Störschleife_LOS01 Tief-Landschaftsbauarbeiten.X83
54;Technische Daten / Abmessungen:;1,0;St;gaeb;vom_unternehmen_auszufuellende_dokumente/260618_ITZ_Neue Störschleife_LOS01 Tief-Landschaftsbauarbeiten.X83
55;Technische Daten / Abmessungen:;1,0;St;gaeb;vom_unternehmen_auszufuellende_dokumente/260618_ITZ_Neue Störschleife_LOS01 Tief-Landschaftsbauarbeiten.X83
56;Technische Daten / Abmessungen:;1,0;St;gaeb;vom_unternehmen_auszufuellende_dokumente/260618_ITZ_Neue Störschleife_LOS01 Tief-Landschaftsbauarbeiten.X83
57;Technische Daten / Abmessungen:;14,0;St;gaeb;vom_unternehmen_auszufuellende_dokumente/260618_ITZ_Neue Störschleife_LOS01 Tief-Landschaftsbauarbeiten.X83
58;Technische Daten / Abmessungen:;1,0;St;gaeb;vom_unternehmen_auszufuellende_dokumente/260618_ITZ_Neue Störschleife_LOS01 Tief-Landschaftsbauarbeiten.X83
59;Technische Daten / Abmessungen:;1,0;St;gaeb;vom_unternehmen_auszufuellende_dokumente/260618_ITZ_Neue Störschleife_LOS01 Tief-Landschaftsbauarbeiten.X83
60;Technische Daten / Abmessungen:;1,0;St;gaeb;vom_unternehmen_auszufuellende_dokumente/260618_ITZ_Neue Störschleife_LOS01 Tief-Landschaftsbauarbeiten.X83
61;Blockstufe als Sitzstufe aus Naturwerkstein, für Außenbereiche, gemäß DIN 18332 liefern und als Stufenanlage einbauen.;9,0;St;gaeb;vom_unternehmen_auszufuellende_dokumente/260618_ITZ_Neue Störschleife_LOS01 Tief-Landschaftsbauarbeiten.X83
62;Technische Daten / Abmessungen:;1,0;St;gaeb;vom_unternehmen_auszufuellende_dokumente/260618_ITZ_Neue Störschleife_LOS01 Tief-Landschaftsbauarbeiten.X83
63;Technische Daten / Abmessungen:;1,0;St;gaeb;vom_unternehmen_auszufuellende_dokumente/260618_ITZ_Neue Störschleife_LOS01 Tief-Landschaftsbauarbeiten.X83
64;Technische Daten / Abmessungen:;27,0;St;gaeb;vom_unternehmen_auszufuellende_dokumente/260618_ITZ_Neue Störschleife_LOS01 Tief-Landschaftsbauarbeiten.X83
65;Technische Daten / Abmessungen:;1,0;St;gaeb;vom_unternehmen_auszufuellende_dokumente/260618_ITZ_Neue Störschleife_LOS01 Tief-Landschaftsbauarbeiten.X83
66;Technische Daten / Abmessungen:;1,0;St;gaeb;vom_unternehmen_auszufuellende_dokumente/260618_ITZ_Neue Störschleife_LOS01 Tief-Landschaftsbauarbeiten.X83
67;Technische Daten / Abmessungen:;1,0;St;gaeb;vom_unternehmen_auszufuellende_dokumente/260618_ITZ_Neue Störschleife_LOS01 Tief-Landschaftsbauarbeiten.X83
68;Technische Daten / Abmessungen:;1,0;St;gaeb;vom_unternehmen_auszufuellende_dokumente/260618_ITZ_Neue Störschleife_LOS01 Tief-Landschaftsbauarbeiten.X83
69;Technische Daten / Abmessungen:;1,0;St;gaeb;vom_unternehmen_auszufuellende_dokumente/260618_ITZ_Neue Störschleife_LOS01 Tief-Landschaftsbauarbeiten.X83
70;Blockstufe als Sitzstufe aus Naturwerkstein, für Außenbereiche, gemäß DIN 18332 liefern und als Stufenanlage einbauen.;3,0;St;gaeb;vom_unternehmen_auszufuellende_dokumente/260618_ITZ_Neue Störschleife_LOS01 Tief-Landschaftsbauarbeiten.X83
71;Technische Daten / Abmessungen:;1,0;St;gaeb;vom_unternehmen_auszufuellende_dokumente/260618_ITZ_Neue Störschleife_LOS01 Tief-Landschaftsbauarbeiten.X83
72;Technische Daten / Abmessungen:;1,0;St;gaeb;vom_unternehmen_auszufuellende_dokumente/260618_ITZ_Neue Störschleife_LOS01 Tief-Landschaftsbauarbeiten.X83
73;Technische Daten / Abmessungen:;1,0;St;gaeb;vom_unternehmen_auszufuellende_dokumente/260618_ITZ_Neue Störschleife_LOS01 Tief-Landschaftsbauarbeiten.X83
74;Technische Daten / Abmessungen:;2,0;St;gaeb;vom_unternehmen_auszufuellende_dokumente/260618_ITZ_Neue Störschleife_LOS01 Tief-Landschaftsbauarbeiten.X83
75;Technische Daten / Abmessungen:;1,0;St;gaeb;vom_unternehmen_auszufuellende_dokumente/260618_ITZ_Neue Störschleife_LOS01 Tief-Landschaftsbauarbeiten.X83
76;Technische Daten / Abmessungen:;2,0;St;gaeb;vom_unternehmen_auszufuellende_dokumente/260618_ITZ_Neue Störschleife_LOS01 Tief-Landschaftsbauarbeiten.X83
77;Technische Daten / Abmessungen:;2,0;St;gaeb;vom_unternehmen_auszufuellende_dokumente/260618_ITZ_Neue Störschleife_LOS01 Tief-Landschaftsbauarbeiten.X83
78;Technische Daten / Abmessungen:;1,0;St;gaeb;vom_unternehmen_auszufuellende_dokumente/260618_ITZ_Neue Störschleife_LOS01 Tief-Landschaftsbauarbeiten.X83
79;Technische Daten / Abmessungen:;1,0;St;gaeb;vom_unternehmen_auszufuellende_dokumente/260618_ITZ_Neue Störschleife_LOS01 Tief-Landschaftsbauarbeiten.X83
80;Technische Daten / Abmessungen:;1,0;St;gaeb;vom_unternehmen_auszufuellende_dokumente/260618_ITZ_Neue Störschleife_LOS01 Tief-Landschaftsbauarbeiten.X83
81;Blockstufe als Sitzstufe aus Naturwerkstein, für Außenbereiche, gemäß DIN 18332 liefern und als Stufenanlage einbauen.;4,0;St;gaeb;vom_unternehmen_auszufuellende_dokumente/260618_ITZ_Neue Störschleife_LOS01 Tief-Landschaftsbauarbeiten.X83
82;Technische Daten / Abmessungen:;1,0;St;gaeb;vom_unternehmen_auszufuellende_dokumente/260618_ITZ_Neue Störschleife_LOS01 Tief-Landschaftsbauarbeiten.X83
83;Technische Daten / Abmessungen:;1,0;St;gaeb;vom_unternehmen_auszufuellende_dokumente/260618_ITZ_Neue Störschleife_LOS01 Tief-Landschaftsbauarbeiten.X83
84;Technische Daten / Abmessungen:;1,0;St;gaeb;vom_unternehmen_auszufuellende_dokumente/260618_ITZ_Neue Störschleife_LOS01 Tief-Landschaftsbauarbeiten.X83
85;Technische Daten / Abmessungen:;1,0;St;gaeb;vom_unternehmen_auszufuellende_dokumente/260618_ITZ_Neue Störschleife_LOS01 Tief-Landschaftsbauarbeiten.X83
86;Blockstufe als Sitzstufe aus Naturwerkstein, für Außenbereiche, gemäß DIN 18332 liefern und als Stufenanlage einbauen.;5,0;St;gaeb;vom_unternehmen_auszufuellende_dokumente/260618_ITZ_Neue Störschleife_LOS01 Tief-Landschaftsbauarbeiten.X83
87;Technische Daten / Abmessungen:;1,0;St;gaeb;vom_unternehmen_auszufuellende_dokumente/260618_ITZ_Neue Störschleife_LOS01 Tief-Landschaftsbauarbeiten.X83
88;Technische Daten / Abmessungen:;3,0;St;gaeb;vom_unternehmen_auszufuellende_dokumente/260618_ITZ_Neue Störschleife_LOS01 Tief-Landschaftsbauarbeiten.X83
89;Technische Daten / Abmessungen:;1,0;St;gaeb;vom_unternehmen_auszufuellende_dokumente/260618_ITZ_Neue Störschleife_LOS01 Tief-Landschaftsbauarbeiten.X83
90;Technische Daten / Abmessungen:;1,0;St;gaeb;vom_unternehmen_auszufuellende_dokumente/260618_ITZ_Neue Störschleife_LOS01 Tief-Landschaftsbauarbeiten.X83
91;Technische Daten / Abmessungen:;1,0;St;gaeb;vom_unternehmen_auszufuellende_dokumente/260618_ITZ_Neue Störschleife_LOS01 Tief-Landschaftsbauarbeiten.X83
92;Erstellen einer Werkplanung.;1,0;psch;gaeb;vom_unternehmen_auszufuellende_dokumente/260618_ITZ_Neue Störschleife_LOS01 Tief-Landschaftsbauarbeiten.X83
93;Mauerabdeckung als Sitzstufe aus Naturwerkstein, für Außenbereiche, gemäß DIN 18332 liefern und als Stufenanlage einbauen.;1,0;St;gaeb;vom_unternehmen_auszufuellende_dokumente/260618_ITZ_Neue Störschleife_LOS01 Tief-Landschaftsbauarbeiten.X83
94;Passstück. Herstellen einer Blockstufe aus Vorpos. zzgl. 15 cm Länge.;1,0;St;gaeb;vom_unternehmen_auszufuellende_dokumente/260618_ITZ_Neue Störschleife_LOS01 Tief-Landschaftsbauarbeiten.X83
95;Technische Daten / Abmessungen:;1,0;St;gaeb;vom_unternehmen_auszufuellende_dokumente/260618_ITZ_Neue Störschleife_LOS01 Tief-Landschaftsbauarbeiten.X83
96;Technische Daten / Abmessungen:;27,0;St;gaeb;vom_unternehmen_auszufuellende_dokumente/260618_ITZ_Neue Störschleife_LOS01 Tief-Landschaftsbauarbeiten.X83
97;Technische Daten / Abmessungen:;1,0;St;gaeb;vom_unternehmen_auszufuellende_dokumente/260618_ITZ_Neue Störschleife_LOS01 Tief-Landschaftsbauarbeiten.X83
98;Technische Daten / Abmessungen:;1,0;St;gaeb;vom_unternehmen_auszufuellende_dokumente/260618_ITZ_Neue Störschleife_LOS01 Tief-Landschaftsbauarbeiten.X83
99;Technische Daten / Abmessungen:;1,0;St;gaeb;vom_unternehmen_auszufuellende_dokumente/260618_ITZ_Neue Störschleife_LOS01 Tief-Landschaftsbauarbeiten.X83
100;Technische Daten / Abmessungen:;1,0;St;gaeb;vom_unternehmen_auszufuellende_dokumente/260618_ITZ_Neue Störschleife_LOS01 Tief-Landschaftsbauarbeiten.X83
101;Technische Daten / Abmessungen:;1,0;St;gaeb;vom_unternehmen_auszufuellende_dokumente/260618_ITZ_Neue Störschleife_LOS01 Tief-Landschaftsbauarbeiten.X83
102;Technische Daten / Abmessungen:;1,0;St;gaeb;vom_unternehmen_auszufuellende_dokumente/260618_ITZ_Neue Störschleife_LOS01 Tief-Landschaftsbauarbeiten.X83
103;Technische Daten / Abmessungen:;1,0;St;gaeb;vom_unternehmen_auszufuellende_dokumente/260618_ITZ_Neue Störschleife_LOS01 Tief-Landschaftsbauarbeiten.X83
104;Technische Daten / Abmessungen:;1,0;St;gaeb;vom_unternehmen_auszufuellende_dokumente/260618_ITZ_Neue Störschleife_LOS01 Tief-Landschaftsbauarbeiten.X83
105;Technische Daten / Abmessungen:;1,0;St;gaeb;vom_unternehmen_auszufuellende_dokumente/260618_ITZ_Neue Störschleife_LOS01 Tief-Landschaftsbauarbeiten.X83
106;Technische Daten / Abmessungen:;1,0;St;gaeb;vom_unternehmen_auszufuellende_dokumente/260618_ITZ_Neue Störschleife_LOS01 Tief-Landschaftsbauarbeiten.X83
107;Technische Daten / Abmessungen:;1,0;St;gaeb;vom_unternehmen_auszufuellende_dokumente/260618_ITZ_Neue Störschleife_LOS01 Tief-Landschaftsbauarbeiten.X83
108;Pass-Schnitt Blockstufe aus Naturstein der Vorpos. herstellen.;2,0;St;gaeb;vom_unternehmen_auszufuellende_dokumente/260618_ITZ_Neue Störschleife_LOS01 Tief-Landschaftsbauarbeiten.X83
109;"Werkseitige Herstellung von 2 Stk. Bohrungen pro Abdeckung an der Unterseite; einschließlich dem Einkleben einer Gewindehülse M14 (V4A).";76,0;St;gaeb;vom_unternehmen_auszufuellende_dokumente/260618_ITZ_Neue Störschleife_LOS01 Tief-Landschaftsbauarbeiten.X83
110;Technische Daten / Abmessungen:;1,0;St;gaeb;vom_unternehmen_auszufuellende_dokumente/260618_ITZ_Neue Störschleife_LOS01 Tief-Landschaftsbauarbeiten.X83
111;Technische Daten / Abmessungen:;1,0;St;gaeb;vom_unternehmen_auszufuellende_dokumente/260618_ITZ_Neue Störschleife_LOS01 Tief-Landschaftsbauarbeiten.X83
112;Technische Daten / Abmessungen:;1,0;St;gaeb;vom_unternehmen_auszufuellende_dokumente/260618_ITZ_Neue Störschleife_LOS01 Tief-Landschaftsbauarbeiten.X83
113;Technische Daten / Abmessungen:;1,0;St;gaeb;vom_unternehmen_auszufuellende_dokumente/260618_ITZ_Neue Störschleife_LOS01 Tief-Landschaftsbauarbeiten.X83
114;Technische Daten / Abmessungen:;1,0;St;gaeb;vom_unternehmen_auszufuellende_dokumente/260618_ITZ_Neue Störschleife_LOS01 Tief-Landschaftsbauarbeiten.X83
115;Technische Daten / Abmessungen:;1,0;St;gaeb;vom_unternehmen_auszufuellende_dokumente/260618_ITZ_Neue Störschleife_LOS01 Tief-Landschaftsbauarbeiten.X83
116;Technische Daten / Abmessungen:;1,0;St;gaeb;vom_unternehmen_auszufuellende_dokumente/260618_ITZ_Neue Störschleife_LOS01 Tief-Landschaftsbauarbeiten.X83
117;Technische Daten / Abmessungen:;1,0;St;gaeb;vom_unternehmen_auszufuellende_dokumente/260618_ITZ_Neue Störschleife_LOS01 Tief-Landschaftsbauarbeiten.X83
118;Technische Daten / Abmessungen:;1,0;St;gaeb;vom_unternehmen_auszufuellende_dokumente/260618_ITZ_Neue Störschleife_LOS01 Tief-Landschaftsbauarbeiten.X83
119;Technische Daten / Abmessungen:;1,0;St;gaeb;vom_unternehmen_auszufuellende_dokumente/260618_ITZ_Neue Störschleife_LOS01 Tief-Landschaftsbauarbeiten.X83
120;Technische Daten / Abmessungen:;1,0;St;gaeb;vom_unternehmen_auszufuellende_dokumente/260618_ITZ_Neue Störschleife_LOS01 Tief-Landschaftsbauarbeiten.X83
121;Technische Daten / Abmessungen:;1,0;St;gaeb;vom_unternehmen_auszufuellende_dokumente/260618_ITZ_Neue Störschleife_LOS01 Tief-Landschaftsbauarbeiten.X83
122;Technische Daten / Abmessungen:;4,0;St;gaeb;vom_unternehmen_auszufuellende_dokumente/260618_ITZ_Neue Störschleife_LOS01 Tief-Landschaftsbauarbeiten.X83
123;Passstück. Herstellen einer Blockstufe aus Vorpos. zzgl. 15 cm Länge.;1,0;St;gaeb;vom_unternehmen_auszufuellende_dokumente/260618_ITZ_Neue Störschleife_LOS01 Tief-Landschaftsbauarbeiten.X83
124;Technische Daten / Abmessungen:;1,0;St;gaeb;vom_unternehmen_auszufuellende_dokumente/260618_ITZ_Neue Störschleife_LOS01 Tief-Landschaftsbauarbeiten.X83
125;"Werkseitige Herstellung von 2 Stk. Bohrungen pro Abdeckung an der Unterseite; einschließlich dem Einkleben einer Gewindehülse M14 (V4A).";38,0;St;gaeb;vom_unternehmen_auszufuellende_dokumente/260618_ITZ_Neue Störschleife_LOS01 Tief-Landschaftsbauarbeiten.X83
126;Werkseitige Herstellung von 4 Stk. Bohrungen pro Abdeckung an der;38,0;St;gaeb;vom_unternehmen_auszufuellende_dokumente/260618_ITZ_Neue Störschleife_LOS01 Tief-Landschaftsbauarbeiten.X83
127;Pass-Schnitt Abdeckung aus Naturstein der Vorpos. herstellen.;2,0;St;gaeb;vom_unternehmen_auszufuellende_dokumente/260618_ITZ_Neue Störschleife_LOS01 Tief-Landschaftsbauarbeiten.X83
128;Erstellen einer Werkplanung. Grundlage der Werkplanung sind die in der Ausführungsbeschreibung/-planung beschriebenen und in den nachfolgenden Positionen detallierten Elemente und das digitale Aufmass vor Ort.;1,0;psch;gaeb;vom_unternehmen_auszufuellende_dokumente/260618_ITZ_Neue Störschleife_LOS01 Tief-Landschaftsbauarbeiten.X83
129;Pass-Schnitt für Stufen aus Naturstein (Granit) herstellen.;1095,0;St;gaeb;vom_unternehmen_auszufuellende_dokumente/260618_ITZ_Neue Störschleife_LOS01 Tief-Landschaftsbauarbeiten.X83
130;Schnitte > 35 cm;2,0;St;gaeb;vom_unternehmen_auszufuellende_dokumente/260618_ITZ_Neue Störschleife_LOS01 Tief-Landschaftsbauarbeiten.X83
131;Feinplanum für Fundamente,;179,0;m²;gaeb;vom_unternehmen_auszufuellende_dokumente/260618_ITZ_Neue Störschleife_LOS01 Tief-Landschaftsbauarbeiten.X83
132;Schottertragschicht für Stufenanlagen liefern, herstellen und verdichten, Baustoffgemisch/Natursteinschotter 0/32, nach TL Gestein StB und ZTVT-StB.;179,0;m²;gaeb;vom_unternehmen_auszufuellende_dokumente/260618_ITZ_Neue Störschleife_LOS01 Tief-Landschaftsbauarbeiten.X83
133;Herstellen von Streifenfundament und Auflager für Treppenanlage aus Beton, einschl. Erdarbeiten, Schalung und Nebenarbeiten.;87,0;m³;gaeb;vom_unternehmen_auszufuellende_dokumente/260618_ITZ_Neue Störschleife_LOS01 Tief-Landschaftsbauarbeiten.X83
134;Wiedereinbau von vorhandenen (und nachbearbeiteten) Blockstufen aus Granit (sep. Pos.) aus Zwischenlager Baustelle.;510,0;m;gaeb;vom_unternehmen_auszufuellende_dokumente/260618_ITZ_Neue Störschleife_LOS01 Tief-Landschaftsbauarbeiten.X83
135;Erstellen einer Werkplanung.;1,0;psch;gaeb;vom_unternehmen_auszufuellende_dokumente/260618_ITZ_Neue Störschleife_LOS01 Tief-Landschaftsbauarbeiten.X83
136;Feinplanum für Fundamente,;37,5;m²;gaeb;vom_unternehmen_auszufuellende_dokumente/260618_ITZ_Neue Störschleife_LOS01 Tief-Landschaftsbauarbeiten.X83
137;Schottertragschicht für Stufenanlagen liefern, herstellen und verdichten, Baustoffgemisch/Natursteinschotter 0/32, nach TL Gestein StB und ZTVT-StB.;37,5;m²;gaeb;vom_unternehmen_auszufuellende_dokumente/260618_ITZ_Neue Störschleife_LOS01 Tief-Landschaftsbauarbeiten.X83
138;Herstellen von Betonfundament für Stufenanlage aus;15,8;m³;gaeb;vom_unternehmen_auszufuellende_dokumente/260618_ITZ_Neue Störschleife_LOS01 Tief-Landschaftsbauarbeiten.X83
139;Blockstufe als Sitzstufe aus Naturwerkstein, für Außenbereiche, gemäß DIN 18332 liefern und als Stufenanlage einbauen.;11,0;St;gaeb;vom_unternehmen_auszufuellende_dokumente/260618_ITZ_Neue Störschleife_LOS01 Tief-Landschaftsbauarbeiten.X83
140;Technische Daten / Abmessungen:;1,0;St;gaeb;vom_unternehmen_auszufuellende_dokumente/260618_ITZ_Neue Störschleife_LOS01 Tief-Landschaftsbauarbeiten.X83
141;Technische Daten / Abmessungen:;1,0;St;gaeb;vom_unternehmen_auszufuellende_dokumente/260618_ITZ_Neue Störschleife_LOS01 Tief-Landschaftsbauarbeiten.X83
142;Blockstufe als Sitzstufe aus Naturwerkstein, für Außenbereiche, gemäß DIN 18332 liefern und als Stufenanlage einbauen.;6,0;St;gaeb;vom_unternehmen_auszufuellende_dokumente/260618_ITZ_Neue Störschleife_LOS01 Tief-Landschaftsbauarbeiten.X83
143;Technische Daten / Abmessungen:;1,0;St;gaeb;vom_unternehmen_auszufuellende_dokumente/260618_ITZ_Neue Störschleife_LOS01 Tief-Landschaftsbauarbeiten.X83
144;Technische Daten / Abmessungen:;1,0;St;gaeb;vom_unternehmen_auszufuellende_dokumente/260618_ITZ_Neue Störschleife_LOS01 Tief-Landschaftsbauarbeiten.X83
145;Technische Daten / Abmessungen:;1,0;St;gaeb;vom_unternehmen_auszufuellende_dokumente/260618_ITZ_Neue Störschleife_LOS01 Tief-Landschaftsbauarbeiten.X83
146;Blockstufe als Sitzstufe aus Naturwerkstein, für Außenbereiche, gemäß DIN 18332 liefern und als Stufenanlage einbauen.;11,0;St;gaeb;vom_unternehmen_auszufuellende_dokumente/260618_ITZ_Neue Störschleife_LOS01 Tief-Landschaftsbauarbeiten.X83
147;Technische Daten / Abmessungen:;1,0;St;gaeb;vom_unternehmen_auszufuellende_dokumente/260618_ITZ_Neue Störschleife_LOS01 Tief-Landschaftsbauarbeiten.X83
148;Technische Daten / Abmessungen:;1,0;St;gaeb;vom_unternehmen_auszufuellende_dokumente/260618_ITZ_Neue Störschleife_LOS01 Tief-Landschaftsbauarbeiten.X83
149;Blockstufe als Sitzstufe aus Naturwerkstein, für Außenbereiche, gemäß DIN 18332 liefern und als Stufenanlage einbauen.;1,0;St;gaeb;vom_unternehmen_auszufuellende_dokumente/260618_ITZ_Neue Störschleife_LOS01 Tief-Landschaftsbauarbeiten.X83
150;Technische Daten / Abmessungen:;1,0;St;gaeb;vom_unternehmen_auszufuellende_dokumente/260618_ITZ_Neue Störschleife_LOS01 Tief-Landschaftsbauarbeiten.X83
151;Technische Daten / Abmessungen:;1,0;St;gaeb;vom_unternehmen_auszufuellende_dokumente/260618_ITZ_Neue Störschleife_LOS01 Tief-Landschaftsbauarbeiten.X83
152;Blockstufe aus Naturwerkstein, für Außenbereiche, gemäß DIN 18332 liefern und als Stufenanlage einbauen.;4,0;St;gaeb;vom_unternehmen_auszufuellende_dokumente/260618_ITZ_Neue Störschleife_LOS01 Tief-Landschaftsbauarbeiten.X83
153;Technische Daten / Abmessungen:;3,0;St;gaeb;vom_unternehmen_auszufuellende_dokumente/260618_ITZ_Neue Störschleife_LOS01 Tief-Landschaftsbauarbeiten.X83
154;Technische Daten / Abmessungen:;1,0;St;gaeb;vom_unternehmen_auszufuellende_dokumente/260618_ITZ_Neue Störschleife_LOS01 Tief-Landschaftsbauarbeiten.X83
155;Blockstufe aus Naturwerkstein, für Außenbereiche, gemäß DIN 18332 liefern und als Stufenanlage einbauen.;4,0;St;gaeb;vom_unternehmen_auszufuellende_dokumente/260618_ITZ_Neue Störschleife_LOS01 Tief-Landschaftsbauarbeiten.X83
156;Technische Daten / Abmessungen:;1,0;St;gaeb;vom_unternehmen_auszufuellende_dokumente/260618_ITZ_Neue Störschleife_LOS01 Tief-Landschaftsbauarbeiten.X83
157;Technische Daten / Abmessungen:;1,0;St;gaeb;vom_unternehmen_auszufuellende_dokumente/260618_ITZ_Neue Störschleife_LOS01 Tief-Landschaftsbauarbeiten.X83
158;Blockstufe aus Naturwerkstein, für Außenbereiche, gemäß DIN 18332 liefern und als Stufenanlage einbauen.;1,0;St;gaeb;vom_unternehmen_auszufuellende_dokumente/260618_ITZ_Neue Störschleife_LOS01 Tief-Landschaftsbauarbeiten.X83
159;Technische Daten / Abmessungen:;1,0;St;gaeb;vom_unternehmen_auszufuellende_dokumente/260618_ITZ_Neue Störschleife_LOS01 Tief-Landschaftsbauarbeiten.X83
160;Technische Daten / Abmessungen:;2,0;St;gaeb;vom_unternehmen_auszufuellende_dokumente/260618_ITZ_Neue Störschleife_LOS01 Tief-Landschaftsbauarbeiten.X83
161;Pass-Schnitt Abdeckung aus Naturstein der Vorpos. herstellen.;1,0;St;gaeb;vom_unternehmen_auszufuellende_dokumente/260618_ITZ_Neue Störschleife_LOS01 Tief-Landschaftsbauarbeiten.X83
162;Erstellen einer Werkplanung.;1,0;psch;gaeb;vom_unternehmen_auszufuellende_dokumente/260618_ITZ_Neue Störschleife_LOS01 Tief-Landschaftsbauarbeiten.X83
163;Blockstufe als Mauerkopf aus Naturwerkstein, für Außenbereiche, gemäß DIN 18332 liefern und als Mauerkopf einbauen.;18,0;St;gaeb;vom_unternehmen_auszufuellende_dokumente/260618_ITZ_Neue Störschleife_LOS01 Tief-Landschaftsbauarbeiten.X83
164;Technische Daten / Abmessungen:;1,0;St;gaeb;vom_unternehmen_auszufuellende_dokumente/260618_ITZ_Neue Störschleife_LOS01 Tief-Landschaftsbauarbeiten.X83
165;Technische Daten / Abmessungen:;1,0;St;gaeb;vom_unternehmen_auszufuellende_dokumente/260618_ITZ_Neue Störschleife_LOS01 Tief-Landschaftsbauarbeiten.X83
166;Technische Daten / Abmessungen:;1,0;St;gaeb;vom_unternehmen_auszufuellende_dokumente/260618_ITZ_Neue Störschleife_LOS01 Tief-Landschaftsbauarbeiten.X83
167;Technische Daten / Abmessungen:;1,0;St;gaeb;vom_unternehmen_auszufuellende_dokumente/260618_ITZ_Neue Störschleife_LOS01 Tief-Landschaftsbauarbeiten.X83
168;Technische Daten / Abmessungen:;1,0;St;gaeb;vom_unternehmen_auszufuellende_dokumente/260618_ITZ_Neue Störschleife_LOS01 Tief-Landschaftsbauarbeiten.X83
169;Technische Daten / Abmessungen:;1,0;St;gaeb;vom_unternehmen_auszufuellende_dokumente/260618_ITZ_Neue Störschleife_LOS01 Tief-Landschaftsbauarbeiten.X83
170;"Werkseitige Herstellung von 2, bzw. 4 Stk. Bohrungen pro Abdeckung an der Unterseite; einschließlich dem Einkleben einer Gewindehülse M14 (V4A).";54,0;St;gaeb;vom_unternehmen_auszufuellende_dokumente/260618_ITZ_Neue Störschleife_LOS01 Tief-Landschaftsbauarbeiten.X83
171;Erstellen einer Werkplanung.;1,0;psch;gaeb;vom_unternehmen_auszufuellende_dokumente/260618_ITZ_Neue Störschleife_LOS01 Tief-Landschaftsbauarbeiten.X83
172;Strukturplatte als Bodenplatte aus Naturwerkstein, für Außenbereiche, gemäß DIN 18332 und TL-Pflaster-StB 06/15, in stetzmetzmäßiger Ausführung liefern und einbauen.;30,0;St;gaeb;vom_unternehmen_auszufuellende_dokumente/260618_ITZ_Neue Störschleife_LOS01 Tief-Landschaftsbauarbeiten.X83
173;Technische Daten / Abmessungen:;27,0;St;gaeb;vom_unternehmen_auszufuellende_dokumente/260618_ITZ_Neue Störschleife_LOS01 Tief-Landschaftsbauarbeiten.X83
174;Technische Daten / Abmessungen:;30,0;St;gaeb;vom_unternehmen_auszufuellende_dokumente/260618_ITZ_Neue Störschleife_LOS01 Tief-Landschaftsbauarbeiten.X83
175;Technische Daten / Abmessungen:;30,0;St;gaeb;vom_unternehmen_auszufuellende_dokumente/260618_ITZ_Neue Störschleife_LOS01 Tief-Landschaftsbauarbeiten.X83
176;Technische Daten / Abmessungen:;30,0;St;gaeb;vom_unternehmen_auszufuellende_dokumente/260618_ITZ_Neue Störschleife_LOS01 Tief-Landschaftsbauarbeiten.X83
177;Technische Daten / Abmessungen:;30,0;St;gaeb;vom_unternehmen_auszufuellende_dokumente/260618_ITZ_Neue Störschleife_LOS01 Tief-Landschaftsbauarbeiten.X83
178;Technische Daten / Abmessungen:;1,0;St;gaeb;vom_unternehmen_auszufuellende_dokumente/260618_ITZ_Neue Störschleife_LOS01 Tief-Landschaftsbauarbeiten.X83
179;Technische Daten / Abmessungen:;1,0;St;gaeb;vom_unternehmen_auszufuellende_dokumente/260618_ITZ_Neue Störschleife_LOS01 Tief-Landschaftsbauarbeiten.X83
180;Technische Daten / Abmessungen:;1,0;St;gaeb;vom_unternehmen_auszufuellende_dokumente/260618_ITZ_Neue Störschleife_LOS01 Tief-Landschaftsbauarbeiten.X83
181;Technische Daten / Abmessungen:;1,0;St;gaeb;vom_unternehmen_auszufuellende_dokumente/260618_ITZ_Neue Störschleife_LOS01 Tief-Landschaftsbauarbeiten.X83
182;Technische Daten / Abmessungen:;1,0;St;gaeb;vom_unternehmen_auszufuellende_dokumente/260618_ITZ_Neue Störschleife_LOS01 Tief-Landschaftsbauarbeiten.X83
183;Technische Daten / Abmessungen:;1,0;St;gaeb;vom_unternehmen_auszufuellende_dokumente/260618_ITZ_Neue Störschleife_LOS01 Tief-Landschaftsbauarbeiten.X83
184;"Werkseitige Herstellung von 2 Stk. Bohrungen pro Platte an der Plattenunterseite; einschließlich dem Einkleben einer Gewindehülse M14 (V4A).";130,0;St;gaeb;vom_unternehmen_auszufuellende_dokumente/260618_ITZ_Neue Störschleife_LOS01 Tief-Landschaftsbauarbeiten.X83
185;In benannten Platten aus Vorpositionen radiale Schnitte;24,0;St;gaeb;vom_unternehmen_auszufuellende_dokumente/260618_ITZ_Neue Störschleife_LOS01 Tief-Landschaftsbauarbeiten.X83
186;Pass-Schnitt Strukturplatten aus Naturstein der Vorpos. herstellen.;10,0;m;gaeb;vom_unternehmen_auszufuellende_dokumente/260618_ITZ_Neue Störschleife_LOS01 Tief-Landschaftsbauarbeiten.X83
187;Herstellen einer Kernbohrung in vorhandene Strukturplatten aus Naturstein.;25,0;St;gaeb;vom_unternehmen_auszufuellende_dokumente/260618_ITZ_Neue Störschleife_LOS01 Tief-Landschaftsbauarbeiten.X83
188;Herstellen einer Kernbohrung in vorhandene Strukturplatten aus Naturstein.;8,0;St;gaeb;vom_unternehmen_auszufuellende_dokumente/260618_ITZ_Neue Störschleife_LOS01 Tief-Landschaftsbauarbeiten.X83
189;Herstellen einer dauerelastische Verfugung für Natursteinelemente, einschließlich aller Nebenarbeiten:;51,0;m;gaeb;vom_unternehmen_auszufuellende_dokumente/260618_ITZ_Neue Störschleife_LOS01 Tief-Landschaftsbauarbeiten.X83
190;Erstellen einer Werkplanung.;1,0;psch;gaeb;vom_unternehmen_auszufuellende_dokumente/260618_ITZ_Neue Störschleife_LOS01 Tief-Landschaftsbauarbeiten.X83
191;Intarsienplatte als Bodenplatte aus Naturwerkstein, für Außenbereiche, gemäß DIN 18332 und TL-Pflaster-StB 06/15, in Steinmetzmäßiger Ausführung liefern und einbauen.;178,0;St;gaeb;vom_unternehmen_auszufuellende_dokumente/260618_ITZ_Neue Störschleife_LOS01 Tief-Landschaftsbauarbeiten.X83
192;"Werkseitige Herstellung einer Bohrung an der Plattenunterseite; einschließlich dem Einkleben einer Gewindehülse M14 (V4A).";20,0;St;gaeb;vom_unternehmen_auszufuellende_dokumente/260618_ITZ_Neue Störschleife_LOS01 Tief-Landschaftsbauarbeiten.X83
193;Technische Daten / Abmessungen:;5,0;St;gaeb;vom_unternehmen_auszufuellende_dokumente/260618_ITZ_Neue Störschleife_LOS01 Tief-Landschaftsbauarbeiten.X83
194;Technische Daten / Abmessungen:;5,0;St;gaeb;vom_unternehmen_auszufuellende_dokumente/260618_ITZ_Neue Störschleife_LOS01 Tief-Landschaftsbauarbeiten.X83
195;Technische Daten / Abmessungen:;3,0;St;gaeb;vom_unternehmen_auszufuellende_dokumente/260618_ITZ_Neue Störschleife_LOS01 Tief-Landschaftsbauarbeiten.X83
196;Einarbeitung eines;100,0;m;gaeb;vom_unternehmen_auszufuellende_dokumente/260618_ITZ_Neue Störschleife_LOS01 Tief-Landschaftsbauarbeiten.X83
197;Bestehend aus Flächen:;0,4;m²;gaeb;vom_unternehmen_auszufuellende_dokumente/260618_ITZ_Neue Störschleife_LOS01 Tief-Landschaftsbauarbeiten.X83
198;Messing-Intarsie im Außenbereich, hergestellt aus entzinkungsbeständigem Messing (DZR-Messing, z.B. Werkstoff CW602N oder gleichwertig), für den dauerhaften Einsatz im Außenraum geeignet, mit dekorativer, goldfarbener Oberfläche und werksseitig aufgebrachter, UV- und witterungsbeständiger Klarbeschi;50,0;m;gaeb;vom_unternehmen_auszufuellende_dokumente/260618_ITZ_Neue Störschleife_LOS01 Tief-Landschaftsbauarbeiten.X83
199;Bestehend aus Flächen:;0,2;m²;gaeb;vom_unternehmen_auszufuellende_dokumente/260618_ITZ_Neue Störschleife_LOS01 Tief-Landschaftsbauarbeiten.X83
200;Farbiges Epoxidharz-System als Intarsienfüllung im Außenbereich, 2-komponentig, lösemittelfrei, für den dauerhaften Einsatz im Außenbereich geeignet, UV- und witterungsbeständig.;50,0;m;gaeb;vom_unternehmen_auszufuellende_dokumente/260618_ITZ_Neue Störschleife_LOS01 Tief-Landschaftsbauarbeiten.X83
201;Bestehend aus Flächen:;0,2;m²;gaeb;vom_unternehmen_auszufuellende_dokumente/260618_ITZ_Neue Störschleife_LOS01 Tief-Landschaftsbauarbeiten.X83
202;Pass-Schnitt Intarsienplatten aus Naturstein der Vorpos. herstellen.;10,0;m;gaeb;vom_unternehmen_auszufuellende_dokumente/260618_ITZ_Neue Störschleife_LOS01 Tief-Landschaftsbauarbeiten.X83
203;Herstellen einer dauerelastische Verfugung für Natursteinelemente, einschließlich aller Nebenarbeiten:;34,0;m;gaeb;vom_unternehmen_auszufuellende_dokumente/260618_ITZ_Neue Störschleife_LOS01 Tief-Landschaftsbauarbeiten.X83
204;Erstellen einer Werkplanung.;1,0;psch;gaeb;vom_unternehmen_auszufuellende_dokumente/260618_ITZ_Neue Störschleife_LOS01 Tief-Landschaftsbauarbeiten.X83
205;Blockstufe als Mauerkopf aus Naturwerkstein, für Außenbereiche, gemäß DIN 18332 liefern und als Mauerkopf einbauen.;7,0;St;gaeb;vom_unternehmen_auszufuellende_dokumente/260618_ITZ_Neue Störschleife_LOS01 Tief-Landschaftsbauarbeiten.X83
206;Passstück. Herstellen einer Abdeckung aus Vorpos. zzgl. 10 cm Länge.;1,0;St;gaeb;vom_unternehmen_auszufuellende_dokumente/260618_ITZ_Neue Störschleife_LOS01 Tief-Landschaftsbauarbeiten.X83
207;Technische Daten / Abmessungen:;8,0;St;gaeb;vom_unternehmen_auszufuellende_dokumente/260618_ITZ_Neue Störschleife_LOS01 Tief-Landschaftsbauarbeiten.X83
208;Technische Daten / Abmessungen:;10,0;St;gaeb;vom_unternehmen_auszufuellende_dokumente/260618_ITZ_Neue Störschleife_LOS01 Tief-Landschaftsbauarbeiten.X83
209;Technische Daten / Abmessungen:;1,0;St;gaeb;vom_unternehmen_auszufuellende_dokumente/260618_ITZ_Neue Störschleife_LOS01 Tief-Landschaftsbauarbeiten.X83
210;Technische Daten / Abmessungen:;1,0;St;gaeb;vom_unternehmen_auszufuellende_dokumente/260618_ITZ_Neue Störschleife_LOS01 Tief-Landschaftsbauarbeiten.X83
211;Technische Daten / Abmessungen:;1,0;St;gaeb;vom_unternehmen_auszufuellende_dokumente/260618_ITZ_Neue Störschleife_LOS01 Tief-Landschaftsbauarbeiten.X83
212;Technische Daten / Abmessungen:;1,0;St;gaeb;vom_unternehmen_auszufuellende_dokumente/260618_ITZ_Neue Störschleife_LOS01 Tief-Landschaftsbauarbeiten.X83
213;"Werkseitige Herstellung von 2 Stk. Bohrungen pro Platte an der Unterseite; einschließlich dem Einkleben einer Gewindehülse M14 (V4A).";58,0;St;gaeb;vom_unternehmen_auszufuellende_dokumente/260618_ITZ_Neue Störschleife_LOS01 Tief-Landschaftsbauarbeiten.X83
214;Werkseitige Herstellung von 4 Stk. Bohrungen pro Abdeckung an der;58,0;St;gaeb;vom_unternehmen_auszufuellende_dokumente/260618_ITZ_Neue Störschleife_LOS01 Tief-Landschaftsbauarbeiten.X83
215;Pass-Schnitt Abdeckung aus Naturstein der Vorpos. herstellen.;2,25;m;gaeb;vom_unternehmen_auszufuellende_dokumente/260618_ITZ_Neue Störschleife_LOS01 Tief-Landschaftsbauarbeiten.X83
1;Herstellen und Liefern von Handmuster für Farbigkeit und Oberflächenbeschaffenheit der Betonelemente.;3,0;St;gaeb;vom_unternehmen_auszufuellende_dokumente/260618_ITZ_Neue Störschleife_LOS01 Tief-Landschaftsbauarbeiten.X83
2;Handmuster einschl. Kontraststreifen 3 x 5 cm.;1,0;St;gaeb;vom_unternehmen_auszufuellende_dokumente/260618_ITZ_Neue Störschleife_LOS01 Tief-Landschaftsbauarbeiten.X83
3;Herstellen und Liefern von Handmuster für Oberflächenbeschaffenheit der Betonelemente.;1,0;St;gaeb;vom_unternehmen_auszufuellende_dokumente/260618_ITZ_Neue Störschleife_LOS01 Tief-Landschaftsbauarbeiten.X83
4;Erstellen einer Werkplanung. Grundlage der Werkplanung sind die in der Ausführungsbeschreibung/-planung beschriebenen und in den nachfolgenden Positionen detallierten Elemente.;1,0;psch;gaeb;vom_unternehmen_auszufuellende_dokumente/260618_ITZ_Neue Störschleife_LOS01 Tief-Landschaftsbauarbeiten.X83
5;Ausgleichsschicht Sand (gewaschen), Körnung 1/2 mm, liefern, einbauen und verdichten, für Auflager Betonschiffe.;100,0;m²;gaeb;vom_unternehmen_auszufuellende_dokumente/260618_ITZ_Neue Störschleife_LOS01 Tief-Landschaftsbauarbeiten.X83
6;Schwerlastplatte als Stahlbetonfertigteil DIN EN 206-1,;8,0;St;gaeb;vom_unternehmen_auszufuellende_dokumente/260618_ITZ_Neue Störschleife_LOS01 Tief-Landschaftsbauarbeiten.X83
7;Technische Daten / Abmessungen:;12,0;St;gaeb;vom_unternehmen_auszufuellende_dokumente/260618_ITZ_Neue Störschleife_LOS01 Tief-Landschaftsbauarbeiten.X83
8;Technische Daten / Abmessungen:;12,0;St;gaeb;vom_unternehmen_auszufuellende_dokumente/260618_ITZ_Neue Störschleife_LOS01 Tief-Landschaftsbauarbeiten.X83
9;Erstellen einer Werkplanung. Grundlage der Werkplanung sind die in der Ausführungsbeschreibung/-planung beschriebenen und in den nachfolgenden Positionen detallierten Elemente.;1,0;psch;gaeb;vom_unternehmen_auszufuellende_dokumente/260618_ITZ_Neue Störschleife_LOS01 Tief-Landschaftsbauarbeiten.X83
10;Feinplanum für Fundamente,;47,0;m²;gaeb;vom_unternehmen_auszufuellende_dokumente/260618_ITZ_Neue Störschleife_LOS01 Tief-Landschaftsbauarbeiten.X83
11;Schottertragschicht für Stufenanlagen liefern, herstellen und verdichten, Baustoffgemisch/Natursteinschotter 0/32, nach TL Gestein StB und ZTVT-StB.;44,4;m²;gaeb;vom_unternehmen_auszufuellende_dokumente/260618_ITZ_Neue Störschleife_LOS01 Tief-Landschaftsbauarbeiten.X83
12;Herstellen von Streifenfundament und Auflager für Treppenanlage aus Beton, einschl. Erdarbeiten, Schalung und Nebenarbeiten.;33,3;m³;gaeb;vom_unternehmen_auszufuellende_dokumente/260618_ITZ_Neue Störschleife_LOS01 Tief-Landschaftsbauarbeiten.X83
13;Herstellung einer Tragschicht aus Dränbeton,;12,95;m³;gaeb;vom_unternehmen_auszufuellende_dokumente/260618_ITZ_Neue Störschleife_LOS01 Tief-Landschaftsbauarbeiten.X83
14;Seitliches Verdichten unterhalb der eingebauten Betonfertigelemente für eine vollflächige Auflage des Elements.;37,0;m;gaeb;vom_unternehmen_auszufuellende_dokumente/260618_ITZ_Neue Störschleife_LOS01 Tief-Landschaftsbauarbeiten.X83
15;B;7,0;St;gaeb;vom_unternehmen_auszufuellende_dokumente/260618_ITZ_Neue Störschleife_LOS01 Tief-Landschaftsbauarbeiten.X83
16;Technische Daten / Abmessungen:;1,0;St;gaeb;vom_unternehmen_auszufuellende_dokumente/260618_ITZ_Neue Störschleife_LOS01 Tief-Landschaftsbauarbeiten.X83
17;Technische Daten / Abmessungen:;1,0;St;gaeb;vom_unternehmen_auszufuellende_dokumente/260618_ITZ_Neue Störschleife_LOS01 Tief-Landschaftsbauarbeiten.X83
18;Technische Daten / Abmessungen:;2,0;St;gaeb;vom_unternehmen_auszufuellende_dokumente/260618_ITZ_Neue Störschleife_LOS01 Tief-Landschaftsbauarbeiten.X83
19;Technische Daten / Abmessungen:;1,0;St;gaeb;vom_unternehmen_auszufuellende_dokumente/260618_ITZ_Neue Störschleife_LOS01 Tief-Landschaftsbauarbeiten.X83
20;Technische Daten / Abmessungen:;3,0;St;gaeb;vom_unternehmen_auszufuellende_dokumente/260618_ITZ_Neue Störschleife_LOS01 Tief-Landschaftsbauarbeiten.X83
21;Technische Daten / Abmessungen:;2,0;St;gaeb;vom_unternehmen_auszufuellende_dokumente/260618_ITZ_Neue Störschleife_LOS01 Tief-Landschaftsbauarbeiten.X83
22;Technische Daten / Abmessungen:;1,0;St;gaeb;vom_unternehmen_auszufuellende_dokumente/260618_ITZ_Neue Störschleife_LOS01 Tief-Landschaftsbauarbeiten.X83
23;Einfärben der Blockstufen mit Weißzement aus dem vorherigen Abschnitt.;1,0;psch;gaeb;vom_unternehmen_auszufuellende_dokumente/260618_ITZ_Neue Störschleife_LOS01 Tief-Landschaftsbauarbeiten.X83
24;Erstellen einer Werkplanung. Grundlage der Werkplanung sind die in der Ausführungsbeschreibung/-planung beschriebenen und in den nachfolgenden Positionen detallierten Elemente.;1,0;psch;gaeb;vom_unternehmen_auszufuellende_dokumente/260618_ITZ_Neue Störschleife_LOS01 Tief-Landschaftsbauarbeiten.X83
25;Feinplanum für Fundamente,;20,0;m²;gaeb;vom_unternehmen_auszufuellende_dokumente/260618_ITZ_Neue Störschleife_LOS01 Tief-Landschaftsbauarbeiten.X83
26;Gründungsvorbereitung als Kiessandschicht liefern, herstellen und verdichten.;13,5;m²;gaeb;vom_unternehmen_auszufuellende_dokumente/260618_ITZ_Neue Störschleife_LOS01 Tief-Landschaftsbauarbeiten.X83
27;Schottertragschicht für Stufenanlagen liefern, herstellen und verdichten, Baustoffgemisch/Natursteinschotter 0/32, nach TL Gestein StB und ZTVT-StB.;17,1;m²;gaeb;vom_unternehmen_auszufuellende_dokumente/260618_ITZ_Neue Störschleife_LOS01 Tief-Landschaftsbauarbeiten.X83
28;Herstellen von Streifenfundament und Auflager für Treppenanlage aus Beton, einschl. Erdarbeiten, Schalung und Nebenarbeiten.;3,5;m³;gaeb;vom_unternehmen_auszufuellende_dokumente/260618_ITZ_Neue Störschleife_LOS01 Tief-Landschaftsbauarbeiten.X83
29;Herstellen von Streifenfundament und Auflager für Treppenanlage aus Drainbeton, einschl. Erdarbeiten, Schalung und Nebenarbeiten.;5,9;m³;gaeb;vom_unternehmen_auszufuellende_dokumente/260618_ITZ_Neue Störschleife_LOS01 Tief-Landschaftsbauarbeiten.X83
30;B;5,0;St;gaeb;vom_unternehmen_auszufuellende_dokumente/260618_ITZ_Neue Störschleife_LOS01 Tief-Landschaftsbauarbeiten.X83
31;Blockstufe als Stahlbetonfertigteil DIN EN 206-1, DIN 1045-2, liefern und einbauen.;2,0;St;gaeb;vom_unternehmen_auszufuellende_dokumente/260618_ITZ_Neue Störschleife_LOS01 Tief-Landschaftsbauarbeiten.X83
32;Technische Daten / Abmessungen:;1,0;St;gaeb;vom_unternehmen_auszufuellende_dokumente/260618_ITZ_Neue Störschleife_LOS01 Tief-Landschaftsbauarbeiten.X83
33;Technische Daten / Abmessungen:;2,0;St;gaeb;vom_unternehmen_auszufuellende_dokumente/260618_ITZ_Neue Störschleife_LOS01 Tief-Landschaftsbauarbeiten.X83
34;Technische Daten / Abmessungen:;1,0;St;gaeb;vom_unternehmen_auszufuellende_dokumente/260618_ITZ_Neue Störschleife_LOS01 Tief-Landschaftsbauarbeiten.X83
35;Technische Daten / Abmessungen:;2,0;St;gaeb;vom_unternehmen_auszufuellende_dokumente/260618_ITZ_Neue Störschleife_LOS01 Tief-Landschaftsbauarbeiten.X83
36;Technische Daten / Abmessungen:;1,0;St;gaeb;vom_unternehmen_auszufuellende_dokumente/260618_ITZ_Neue Störschleife_LOS01 Tief-Landschaftsbauarbeiten.X83
37;Technische Daten / Abmessungen:;1,0;St;gaeb;vom_unternehmen_auszufuellende_dokumente/260618_ITZ_Neue Störschleife_LOS01 Tief-Landschaftsbauarbeiten.X83
38;Technische Daten / Abmessungen:;2,0;St;gaeb;vom_unternehmen_auszufuellende_dokumente/260618_ITZ_Neue Störschleife_LOS01 Tief-Landschaftsbauarbeiten.X83
39;Technische Daten / Abmessungen:;1,0;St;gaeb;vom_unternehmen_auszufuellende_dokumente/260618_ITZ_Neue Störschleife_LOS01 Tief-Landschaftsbauarbeiten.X83
40;Technische Daten / Abmessungen:;1,0;St;gaeb;vom_unternehmen_auszufuellende_dokumente/260618_ITZ_Neue Störschleife_LOS01 Tief-Landschaftsbauarbeiten.X83
41;Technische Daten / Abmessungen:;2,0;St;gaeb;vom_unternehmen_auszufuellende_dokumente/260618_ITZ_Neue Störschleife_LOS01 Tief-Landschaftsbauarbeiten.X83
42;Technische Daten / Abmessungen:;1,0;St;gaeb;vom_unternehmen_auszufuellende_dokumente/260618_ITZ_Neue Störschleife_LOS01 Tief-Landschaftsbauarbeiten.X83
43;Technische Daten / Abmessungen:;1,0;St;gaeb;vom_unternehmen_auszufuellende_dokumente/260618_ITZ_Neue Störschleife_LOS01 Tief-Landschaftsbauarbeiten.X83
44;Einfärben der Blockstufen mit Weißzement aus dem vorherigen Abschnitt.;1,0;psch;gaeb;vom_unternehmen_auszufuellende_dokumente/260618_ITZ_Neue Störschleife_LOS01 Tief-Landschaftsbauarbeiten.X83
45;Erstellen einer Werkplanung. Grundlage der Werkplanung sind die in der Ausführungsbeschreibung/-planung beschriebenen und in den nachfolgenden Positionen detallierten Elemente.;1,0;psch;gaeb;vom_unternehmen_auszufuellende_dokumente/260618_ITZ_Neue Störschleife_LOS01 Tief-Landschaftsbauarbeiten.X83
46;Feinplanum für Fundamente,;20,0;m²;gaeb;vom_unternehmen_auszufuellende_dokumente/260618_ITZ_Neue Störschleife_LOS01 Tief-Landschaftsbauarbeiten.X83
47;Gründungsvorbereitung als Kiessandschicht liefern, herstellen und verdichten.;5,0;m²;gaeb;vom_unternehmen_auszufuellende_dokumente/260618_ITZ_Neue Störschleife_LOS01 Tief-Landschaftsbauarbeiten.X83
48;Schottertragschicht für Stufenanlagen liefern, herstellen und verdichten, Baustoffgemisch/Natursteinschotter 0/32, nach TL Gestein StB und ZTVT-StB.;20,0;m²;gaeb;vom_unternehmen_auszufuellende_dokumente/260618_ITZ_Neue Störschleife_LOS01 Tief-Landschaftsbauarbeiten.X83
49;Herstellen von Streifenfundament und Auflager für Treppenanlage aus Beton, einschl. Erdarbeiten, Schalung und Nebenarbeiten.;3,5;m³;gaeb;vom_unternehmen_auszufuellende_dokumente/260618_ITZ_Neue Störschleife_LOS01 Tief-Landschaftsbauarbeiten.X83
50;Herstellen von Streifenfundament und Auflager für Treppenanlage aus Drainbeton, einschl. Erdarbeiten, Schalung und Nebenarbeiten.;7,5;m³;gaeb;vom_unternehmen_auszufuellende_dokumente/260618_ITZ_Neue Störschleife_LOS01 Tief-Landschaftsbauarbeiten.X83
51;Blockstufe als Stahlbetonfertigteil DIN EN 206-1, DIN 1045-2, liefern und einbauen.;3,0;St;gaeb;vom_unternehmen_auszufuellende_dokumente/260618_ITZ_Neue Störschleife_LOS01 Tief-Landschaftsbauarbeiten.X83
52;Technische Daten / Abmessungen:;1,0;St;gaeb;vom_unternehmen_auszufuellende_dokumente/260618_ITZ_Neue Störschleife_LOS01 Tief-Landschaftsbauarbeiten.X83
53;Technische Daten / Abmessungen:;1,0;St;gaeb;vom_unternehmen_auszufuellende_dokumente/260618_ITZ_Neue Störschleife_LOS01 Tief-Landschaftsbauarbeiten.X83
54;Technische Daten / Abmessungen:;1,0;St;gaeb;vom_unternehmen_auszufuellende_dokumente/260618_ITZ_Neue Störschleife_LOS01 Tief-Landschaftsbauarbeiten.X83
55;Technische Daten / Abmessungen:;3,0;St;gaeb;vom_unternehmen_auszufuellende_dokumente/260618_ITZ_Neue Störschleife_LOS01 Tief-Landschaftsbauarbeiten.X83
56;Technische Daten / Abmessungen:;1,0;St;gaeb;vom_unternehmen_auszufuellende_dokumente/260618_ITZ_Neue Störschleife_LOS01 Tief-Landschaftsbauarbeiten.X83
57;Technische Daten / Abmessungen:;1,0;St;gaeb;vom_unternehmen_auszufuellende_dokumente/260618_ITZ_Neue Störschleife_LOS01 Tief-Landschaftsbauarbeiten.X83
58;Technische Daten / Abmessungen:;1,0;St;gaeb;vom_unternehmen_auszufuellende_dokumente/260618_ITZ_Neue Störschleife_LOS01 Tief-Landschaftsbauarbeiten.X83
59;Technische Daten / Abmessungen:;1,0;St;gaeb;vom_unternehmen_auszufuellende_dokumente/260618_ITZ_Neue Störschleife_LOS01 Tief-Landschaftsbauarbeiten.X83
60;Technische Daten / Abmessungen:;1,0;St;gaeb;vom_unternehmen_auszufuellende_dokumente/260618_ITZ_Neue Störschleife_LOS01 Tief-Landschaftsbauarbeiten.X83
61;Technische Daten / Abmessungen:;1,0;St;gaeb;vom_unternehmen_auszufuellende_dokumente/260618_ITZ_Neue Störschleife_LOS01 Tief-Landschaftsbauarbeiten.X83
62;Technische Daten / Abmessungen:;1,0;St;gaeb;vom_unternehmen_auszufuellende_dokumente/260618_ITZ_Neue Störschleife_LOS01 Tief-Landschaftsbauarbeiten.X83
63;Technische Daten / Abmessungen:;1,0;St;gaeb;vom_unternehmen_auszufuellende_dokumente/260618_ITZ_Neue Störschleife_LOS01 Tief-Landschaftsbauarbeiten.X83
64;Technische Daten / Abmessungen:;1,0;St;gaeb;vom_unternehmen_auszufuellende_dokumente/260618_ITZ_Neue Störschleife_LOS01 Tief-Landschaftsbauarbeiten.X83
65;Technische Daten / Abmessungen:;1,0;St;gaeb;vom_unternehmen_auszufuellende_dokumente/260618_ITZ_Neue Störschleife_LOS01 Tief-Landschaftsbauarbeiten.X83
66;Technische Daten / Abmessungen:;1,0;St;gaeb;vom_unternehmen_auszufuellende_dokumente/260618_ITZ_Neue Störschleife_LOS01 Tief-Landschaftsbauarbeiten.X83
67;Technische Daten / Abmessungen:;2,0;St;gaeb;vom_unternehmen_auszufuellende_dokumente/260618_ITZ_Neue Störschleife_LOS01 Tief-Landschaftsbauarbeiten.X83
68;Technische Daten / Abmessungen:;2,0;St;gaeb;vom_unternehmen_auszufuellende_dokumente/260618_ITZ_Neue Störschleife_LOS01 Tief-Landschaftsbauarbeiten.X83
69;Einfärben der Blockstufen mit Weißzement aus dem vorherigen Abschnitt.;1,0;psch;gaeb;vom_unternehmen_auszufuellende_dokumente/260618_ITZ_Neue Störschleife_LOS01 Tief-Landschaftsbauarbeiten.X83
1;Stangendränrohr DN 100 TP aus PVC-U gem. DIN 1187 bzw.;5,0;m;gaeb;vom_unternehmen_auszufuellende_dokumente/260618_ITZ_Neue Störschleife_LOS01 Tief-Landschaftsbauarbeiten.X83
2;Sickerrohrleitung DN/ID 80 als Teilsickerrohr, Typ R1;130,0;m;gaeb;vom_unternehmen_auszufuellende_dokumente/260618_ITZ_Neue Störschleife_LOS01 Tief-Landschaftsbauarbeiten.X83
3;Entwässerungsleitungen aus Kunststoffrohren liefern und höhen- und fluchtgerecht, nach DIN EN 1610, in zuvor erstellten Leitungsgräben verlegen.;121,5;m;gaeb;vom_unternehmen_auszufuellende_dokumente/260618_ITZ_Neue Störschleife_LOS01 Tief-Landschaftsbauarbeiten.X83
4;Nennweite:;93,9;m;gaeb;vom_unternehmen_auszufuellende_dokumente/260618_ITZ_Neue Störschleife_LOS01 Tief-Landschaftsbauarbeiten.X83
5;Entwässerungsleitungen aus Kunststoffrohren liefern und höhen- und fluchtgerecht, nach DIN EN 1610, in zuvor erstellten Leitungsgräben verlegen.;567,8;m;gaeb;vom_unternehmen_auszufuellende_dokumente/260618_ITZ_Neue Störschleife_LOS01 Tief-Landschaftsbauarbeiten.X83
6;Nennweite: DN250;240,5;m;gaeb;vom_unternehmen_auszufuellende_dokumente/260618_ITZ_Neue Störschleife_LOS01 Tief-Landschaftsbauarbeiten.X83
7;Liefern und Einbauen. Bogen für KG-2000-Rohr aus PP mit Muffenverbindung und druckdichter Gummidichtung. Materialgüte, Materialeigenschaften, Dichtsystem und Farbe wie Rohrleitung. Jede Richtungsänderung aus mind 2 Bögen je maximal 30°.;5,0;St;gaeb;vom_unternehmen_auszufuellende_dokumente/260618_ITZ_Neue Störschleife_LOS01 Tief-Landschaftsbauarbeiten.X83
8;Liefern und Einbauen. Bogen für KG-2000-Rohr aus PP mit Muffenverbindung und druckdichter Gummidichtung. Materialgüte, Materialeigenschaften, Dichtsystem und Farbe wie Rohrleitung. Jede Richtungsänderung aus mind 2 Bögen je maximal 30°.;5,0;St;gaeb;vom_unternehmen_auszufuellende_dokumente/260618_ITZ_Neue Störschleife_LOS01 Tief-Landschaftsbauarbeiten.X83
9;Liefern und Einbauen. Bogen für KG-2000-Rohr aus PP mit Muffenverbindung und druckdichter Gummidichtung. Materialgüte, Materialeigenschaften, Dichtsystem und Farbe wie Rohrleitung. Jede Richtungsänderung aus mind 2 Bögen je maximal 30°.;100,0;St;gaeb;vom_unternehmen_auszufuellende_dokumente/260618_ITZ_Neue Störschleife_LOS01 Tief-Landschaftsbauarbeiten.X83
10;Liefern und Einbauen. Bogen für KG-2000-Rohr aus PP mit Muffenverbindung und druckdichter Gummidichtung. Materialgüte, Materialeigenschaften, Dichtsystem und Farbe wie Rohrleitung. Jede Richtungsänderung aus mind 2 Bögen je maximal 30°.;50,0;St;gaeb;vom_unternehmen_auszufuellende_dokumente/260618_ITZ_Neue Störschleife_LOS01 Tief-Landschaftsbauarbeiten.X83
11;Liefern und Einbauen. Abzweig für KG-2000-Rohr aus PP mit Muffenverbindung und druckdichter Gummidichtung. Materialgüte, Materialeigenschaften, Dichtsystem und Farbe wie Rohrleitung.;2,0;St;gaeb;vom_unternehmen_auszufuellende_dokumente/260618_ITZ_Neue Störschleife_LOS01 Tief-Landschaftsbauarbeiten.X83
12;Liefern und Einbauen. Abzweig für KG-2000-Rohr aus PP mit Muffenverbindung und druckdichter Gummidichtung. Materialgüte, Materialeigenschaften, Dichtsystem und Farbe wie Rohrleitung.;2,0;St;gaeb;vom_unternehmen_auszufuellende_dokumente/260618_ITZ_Neue Störschleife_LOS01 Tief-Landschaftsbauarbeiten.X83
13;Liefern und Einbauen. Abzweig für KG-2000-Rohr aus PP mit Muffenverbindung und druckdichter Gummidichtung. Materialgüte, Materialeigenschaften, Dichtsystem und Farbe wie Rohrleitung.;50,0;St;gaeb;vom_unternehmen_auszufuellende_dokumente/260618_ITZ_Neue Störschleife_LOS01 Tief-Landschaftsbauarbeiten.X83
14;Liefern und Einbauen. Abzweig für KG-2000-Rohr aus PP mit Muffenverbindung und druckdichter Gummidichtung. Materialgüte, Materialeigenschaften, Dichtsystem und Farbe wie Rohrleitung.;50,0;St;gaeb;vom_unternehmen_auszufuellende_dokumente/260618_ITZ_Neue Störschleife_LOS01 Tief-Landschaftsbauarbeiten.X83
15;Liefern und Einbauen. Abzweig für KG-2000-Rohr aus PP mit Muffenverbindung und druckdichter Gummidichtung. Materialgüte, Materialeigenschaften, Dichtsystem und Farbe wie Rohrleitung.;50,0;St;gaeb;vom_unternehmen_auszufuellende_dokumente/260618_ITZ_Neue Störschleife_LOS01 Tief-Landschaftsbauarbeiten.X83
16;Liefern und Einbauen. Reduzierstück für KG-2000-Rohr aus PP mit Muffenverbindung und druckdichter Gummidichtung. Materialgüte, Materialeigenschaften, Dichtsystem und Farbe wie Rohrleitung.;25,0;St;gaeb;vom_unternehmen_auszufuellende_dokumente/260618_ITZ_Neue Störschleife_LOS01 Tief-Landschaftsbauarbeiten.X83
17;Liefern und Einbauen. Reduzierstück für KG-2000-Rohr aus PP mit Muffenverbindung und druckdichter Gummidichtung. Materialgüte, Materialeigenschaften, Dichtsystem und Farbe wie Rohrleitung.;25,0;St;gaeb;vom_unternehmen_auszufuellende_dokumente/260618_ITZ_Neue Störschleife_LOS01 Tief-Landschaftsbauarbeiten.X83
18;Reduzierstück für KG-2000-Rohr aus PP mit Muffenverbindung und druckdichter Gummidichtung. Materialgüte, Materialeigenschaften, Dichtsystem und Farbe wie Rohrleitung.;25,0;St;gaeb;vom_unternehmen_auszufuellende_dokumente/260618_ITZ_Neue Störschleife_LOS01 Tief-Landschaftsbauarbeiten.X83
19;Entwässerungsrinne, Nennweite 200, entsprechend DIN EN 1433, mit schraubloser Sicherheitsarretierung, aus frost- und tausalzbeständigem Polymerbeton liefern und einbauen.;64,9;m;gaeb;vom_unternehmen_auszufuellende_dokumente/260618_ITZ_Neue Störschleife_LOS01 Tief-Landschaftsbauarbeiten.X83
20;Einlaufkasten für Entwässerungsrinne, Nennweite 200, entsprechend DIN EN 1433, mit schraubloser Sicherheitsarretierung, aus frost- und tausalzbeständigem Polymerbeton liefern und einbauen.;7,0;St;gaeb;vom_unternehmen_auszufuellende_dokumente/260618_ITZ_Neue Störschleife_LOS01 Tief-Landschaftsbauarbeiten.X83
21;Abdeckung von Entwässerungsrinnen liefern und einbauen.;68,4;m;gaeb;vom_unternehmen_auszufuellende_dokumente/260618_ITZ_Neue Störschleife_LOS01 Tief-Landschaftsbauarbeiten.X83
22;Entwässerungsrinne, Nennweite 200, entsprechend DIN EN 1433, mit schraubloser Sicherheitsarretierung, aus frost- und tausalzbeständigem Polymerbeton liefern und einbauen.;23,7;m;gaeb;vom_unternehmen_auszufuellende_dokumente/260618_ITZ_Neue Störschleife_LOS01 Tief-Landschaftsbauarbeiten.X83
23;Einlaufkasten für Entwässerungsrinne, Nennweite 300, entsprechend DIN EN 1433, mit schraubloser Sicherheitsarretierung, aus frost- und tausalzbeständigem Polymerbeton liefern und einbauen.;2,0;St;gaeb;vom_unternehmen_auszufuellende_dokumente/260618_ITZ_Neue Störschleife_LOS01 Tief-Landschaftsbauarbeiten.X83
24;Abdeckung von Entwässerungsrinnen liefern und einbauen.;24,7;m;gaeb;vom_unternehmen_auszufuellende_dokumente/260618_ITZ_Neue Störschleife_LOS01 Tief-Landschaftsbauarbeiten.X83
25;Entwässerungsrinne, Nennweite 200, entsprechend DIN EN 1433, mit schraubloser Sicherheitsarretierung, aus frost- und tausalzbeständigem Polymerbeton liefern und einbauen.;14,4;m;gaeb;vom_unternehmen_auszufuellende_dokumente/260618_ITZ_Neue Störschleife_LOS01 Tief-Landschaftsbauarbeiten.X83
26;Einlaufkasten für Entwässerungsrinne, Nennweite 300, entsprechend DIN EN 1433, mit schraubloser Sicherheitsarretierung, aus frost- und tausalzbeständigem Polymerbeton liefern und einbauen.;2,0;St;gaeb;vom_unternehmen_auszufuellende_dokumente/260618_ITZ_Neue Störschleife_LOS01 Tief-Landschaftsbauarbeiten.X83
27;Abdeckung von Entwässerungsrinnen liefern und einbauen.;15,5;m;gaeb;vom_unternehmen_auszufuellende_dokumente/260618_ITZ_Neue Störschleife_LOS01 Tief-Landschaftsbauarbeiten.X83
28;Anpassen der vorbeschriebenen Entwässerungsrinnen und Abdeckroste in der Länge, gem. Plan und Vorgabe der BÜ.;11,0;St;gaeb;vom_unternehmen_auszufuellende_dokumente/260618_ITZ_Neue Störschleife_LOS01 Tief-Landschaftsbauarbeiten.X83
29;Straßenablauf aus Kunststoff als Modulsystem liefern und einbauen.;48,0;St;gaeb;vom_unternehmen_auszufuellende_dokumente/260618_ITZ_Neue Störschleife_LOS01 Tief-Landschaftsbauarbeiten.X83
30;Aufstockelement aus Kunststoff zur Höhenanpassung liefern und einbauen.;39,0;St;gaeb;vom_unternehmen_auszufuellende_dokumente/260618_ITZ_Neue Störschleife_LOS01 Tief-Landschaftsbauarbeiten.X83
31;Aufstockelement aus Kunststoff zur Höhenanpassung  liefern und einbauen.;9,0;St;gaeb;vom_unternehmen_auszufuellende_dokumente/260618_ITZ_Neue Störschleife_LOS01 Tief-Landschaftsbauarbeiten.X83
32;Abdeckung von Straßeneinläufen liefern und einbauen.;36,0;St;gaeb;vom_unternehmen_auszufuellende_dokumente/260618_ITZ_Neue Störschleife_LOS01 Tief-Landschaftsbauarbeiten.X83
33;Abdeckung von Straßeneinläufen liefern und einbauen.;3,0;St;gaeb;vom_unternehmen_auszufuellende_dokumente/260618_ITZ_Neue Störschleife_LOS01 Tief-Landschaftsbauarbeiten.X83
34;Abdeckung von Straßeneinläufen liefern und einbauen.;9,0;St;gaeb;vom_unternehmen_auszufuellende_dokumente/260618_ITZ_Neue Störschleife_LOS01 Tief-Landschaftsbauarbeiten.X83
35;Punkt-/Hofablauf aus Polymerbeton liefern und einbauen.;23,0;St;gaeb;vom_unternehmen_auszufuellende_dokumente/260618_ITZ_Neue Störschleife_LOS01 Tief-Landschaftsbauarbeiten.X83
36;Schacht, rund, lichte Weite 1,0 m,;5,0;St;gaeb;vom_unternehmen_auszufuellende_dokumente/260618_ITZ_Neue Störschleife_LOS01 Tief-Landschaftsbauarbeiten.X83
37;Schachtringe aus Beton nach DIN 4034-2 mit Steigeisen fachgerecht einbauen.;10,0;St;gaeb;vom_unternehmen_auszufuellende_dokumente/260618_ITZ_Neue Störschleife_LOS01 Tief-Landschaftsbauarbeiten.X83
38;Schachtringe aus Beton nach DIN 4034-2 mit Steigeisen fachgerecht einbauen.;4,0;St;gaeb;vom_unternehmen_auszufuellende_dokumente/260618_ITZ_Neue Störschleife_LOS01 Tief-Landschaftsbauarbeiten.X83
39;Abdeckung Belastungsklasse C 250;2,0;St;gaeb;vom_unternehmen_auszufuellende_dokumente/260618_ITZ_Neue Störschleife_LOS01 Tief-Landschaftsbauarbeiten.X83
40;Abdeckung Belastungsklasse D 400;3,0;St;gaeb;vom_unternehmen_auszufuellende_dokumente/260618_ITZ_Neue Störschleife_LOS01 Tief-Landschaftsbauarbeiten.X83
41;Schacht, rund, lichte Weite 1,0 m, aus Betonfertigteilen, mit Unterteil, Aufsatz, Schachtringen DN 1000 Typ 2, gem. DIN EN 1917 und DIN V 4034-1 und der FBS-Qualitätsrichtlinie und Schachtunterteil Typ 2, gemäß DIN EN 1917 und DIN V 4034-1 und der FBS-Qualitätsrichtlinie, liefern und gem. DIN EN 196;2,0;St;gaeb;vom_unternehmen_auszufuellende_dokumente/260618_ITZ_Neue Störschleife_LOS01 Tief-Landschaftsbauarbeiten.X83
42;Dränageschacht DN 315 mit Sandfangaufsatz zum Höhenausgleich bis 30 cm und Gussabdeckung rund, Belastungsklasse B125.;6,0;St;gaeb;vom_unternehmen_auszufuellende_dokumente/260618_ITZ_Neue Störschleife_LOS01 Tief-Landschaftsbauarbeiten.X83
43;Leitung PP DN 150/200 mittels Kernbohrung;31,0;St;gaeb;vom_unternehmen_auszufuellende_dokumente/260618_ITZ_Neue Störschleife_LOS01 Tief-Landschaftsbauarbeiten.X83
44;Vorhandene Schachtabdeckungen regulieren und auf die;34,0;St;gaeb;vom_unternehmen_auszufuellende_dokumente/260618_ITZ_Neue Störschleife_LOS01 Tief-Landschaftsbauarbeiten.X83
45;Höhenänderung über 10 bis 20 cm;10,0;St;gaeb;vom_unternehmen_auszufuellende_dokumente/260618_ITZ_Neue Störschleife_LOS01 Tief-Landschaftsbauarbeiten.X83
46;Schieberkappen freilegen, entsprechend dem Baufortschritt angleichen und auf planmäßige Höhe setzen. Einschließlich Schiebergestänge anpassen.;11,0;St;gaeb;vom_unternehmen_auszufuellende_dokumente/260618_ITZ_Neue Störschleife_LOS01 Tief-Landschaftsbauarbeiten.X83
47;Hydrantenkappen freilegen, entsprechend dem Baufortschritt angleichen und auf planmäßige Höhe setzen.;3,0;St;gaeb;vom_unternehmen_auszufuellende_dokumente/260618_ITZ_Neue Störschleife_LOS01 Tief-Landschaftsbauarbeiten.X83
48;Dichtheitsprüfung (Druckprobe), gemäß DIN EN 1610, gegebenenfalls abschnittsweise einschl. aller erforderlichen Anlagen, Abdichtungen, Verankerungen und Rohrverschlüsse.;1,0;psch;gaeb;vom_unternehmen_auszufuellende_dokumente/260618_ITZ_Neue Störschleife_LOS01 Tief-Landschaftsbauarbeiten.X83
49;Dokumentation/Revisionsunterlagen über alle vom AN tatsächlich ausgeführten Leistungen.;1,0;psch;gaeb;vom_unternehmen_auszufuellende_dokumente/260618_ITZ_Neue Störschleife_LOS01 Tief-Landschaftsbauarbeiten.X83
1;Modular aufgebauter Trinkwasserbrunnen bestehend aus Überflureinheit (Geräteträger + Gehäuse) und netzanschlussfertiger (Strom + Wasser) Unterflureinheit;2,0;St;gaeb;vom_unternehmen_auszufuellende_dokumente/260618_ITZ_Neue Störschleife_LOS01 Tief-Landschaftsbauarbeiten.X83
2;Abdeckplatte (B 12,5t) für Unterflureinheit bei Demontage (Winterbetrieb/Reperatur) der Überflureinheit.;2,0;St;gaeb;vom_unternehmen_auszufuellende_dokumente/260618_ITZ_Neue Störschleife_LOS01 Tief-Landschaftsbauarbeiten.X83
3;Fachgerechter Abbau der Brunnenanlage.;144,0;h;gaeb;vom_unternehmen_auszufuellende_dokumente/260618_ITZ_Neue Störschleife_LOS01 Tief-Landschaftsbauarbeiten.X83
4;Hebegerät und LKW, nach Wahl AN, zum Versetzen der Bauteile und Transport an anderen Standort.;5,0;d;gaeb;vom_unternehmen_auszufuellende_dokumente/260618_ITZ_Neue Störschleife_LOS01 Tief-Landschaftsbauarbeiten.X83
5;Reinigung der Brunnenanlage im Strahlverfahren.;1,0;St;gaeb;vom_unternehmen_auszufuellende_dokumente/260618_ITZ_Neue Störschleife_LOS01 Tief-Landschaftsbauarbeiten.X83
1;Radbügel, Flachstahl 80/10 mm,;29,0;St;gaeb;vom_unternehmen_auszufuellende_dokumente/260618_ITZ_Neue Störschleife_LOS01 Tief-Landschaftsbauarbeiten.X83
2;Sperrpfosten, Vierkantrohr 70x70 mm,;4,0;St;gaeb;vom_unternehmen_auszufuellende_dokumente/260618_ITZ_Neue Störschleife_LOS01 Tief-Landschaftsbauarbeiten.X83
3;"wie Vorposition ""Sperrpfosten, Stahlrohr H=90cm"",";2,0;St;gaeb;vom_unternehmen_auszufuellende_dokumente/260618_ITZ_Neue Störschleife_LOS01 Tief-Landschaftsbauarbeiten.X83
4;Abfallbehälter mit Aschereinsatz, 82 Liter,;7,0;St;gaeb;vom_unternehmen_auszufuellende_dokumente/260618_ITZ_Neue Störschleife_LOS01 Tief-Landschaftsbauarbeiten.X83
5;"wie Vorposition ""Abfallbehälter mit Aschereinsatz"",";4,0;St;gaeb;vom_unternehmen_auszufuellende_dokumente/260618_ITZ_Neue Störschleife_LOS01 Tief-Landschaftsbauarbeiten.X83
6;Rettungsring mit Gehäuse zur Personenrettung an Wasserflächen liefern und betriebsfertig montieren.;8,0;St;gaeb;vom_unternehmen_auszufuellende_dokumente/260618_ITZ_Neue Störschleife_LOS01 Tief-Landschaftsbauarbeiten.X83
7;Herstellen einer Kernbohrung in vorhandene Blockstufen aus;23,0;St;gaeb;vom_unternehmen_auszufuellende_dokumente/260618_ITZ_Neue Störschleife_LOS01 Tief-Landschaftsbauarbeiten.X83
8;Herstellen einer Kernbohrung in vorhandene Blockstufen aus;8,0;St;gaeb;vom_unternehmen_auszufuellende_dokumente/260618_ITZ_Neue Störschleife_LOS01 Tief-Landschaftsbauarbeiten.X83
9;Herstellen einer Kernbohrung in vorhandene Blockstufen aus;23,0;St;gaeb;vom_unternehmen_auszufuellende_dokumente/260618_ITZ_Neue Störschleife_LOS01 Tief-Landschaftsbauarbeiten.X83
10;Baumscheibenabdeckung liefern und einbauen.;3,0;St;gaeb;vom_unternehmen_auszufuellende_dokumente/260618_ITZ_Neue Störschleife_LOS01 Tief-Landschaftsbauarbeiten.X83
11;Baumscheibenabdeckung liefern und einbauen.;5,0;St;gaeb;vom_unternehmen_auszufuellende_dokumente/260618_ITZ_Neue Störschleife_LOS01 Tief-Landschaftsbauarbeiten.X83
12;Baumscheibenabdeckung liefern und einbauen.;1,0;St;gaeb;vom_unternehmen_auszufuellende_dokumente/260618_ITZ_Neue Störschleife_LOS01 Tief-Landschaftsbauarbeiten.X83
13;Baumscheibenabdeckung liefern und einbauen.;1,0;St;gaeb;vom_unternehmen_auszufuellende_dokumente/260618_ITZ_Neue Störschleife_LOS01 Tief-Landschaftsbauarbeiten.X83
14;Schraubfundamente liefern und einbauen.;1,0;St;gaeb;vom_unternehmen_auszufuellende_dokumente/260618_ITZ_Neue Störschleife_LOS01 Tief-Landschaftsbauarbeiten.X83
15;Liefern und Einbauen von Auflager Baumrost, einschl. Planum für Fundament.;6,0;St;gaeb;vom_unternehmen_auszufuellende_dokumente/260618_ITZ_Neue Störschleife_LOS01 Tief-Landschaftsbauarbeiten.X83
16;Baumscheibenabdeckung liefern und einbauen.;12,0;St;gaeb;vom_unternehmen_auszufuellende_dokumente/260618_ITZ_Neue Störschleife_LOS01 Tief-Landschaftsbauarbeiten.X83
17;Innenöffnung: 80 x 50 cm;1,0;St;gaeb;vom_unternehmen_auszufuellende_dokumente/260618_ITZ_Neue Störschleife_LOS01 Tief-Landschaftsbauarbeiten.X83
18;Außenmaß: d = 180-200 x 250 cm, nach Aufmass;6,0;St;gaeb;vom_unternehmen_auszufuellende_dokumente/260618_ITZ_Neue Störschleife_LOS01 Tief-Landschaftsbauarbeiten.X83
19;Liefern und Einbauen von Auflager Baumrost, einschl. Planum für Fundament.;13,0;St;gaeb;vom_unternehmen_auszufuellende_dokumente/260618_ITZ_Neue Störschleife_LOS01 Tief-Landschaftsbauarbeiten.X83
20;Schraubfundamente liefern und einbauen.;6,0;St;gaeb;vom_unternehmen_auszufuellende_dokumente/260618_ITZ_Neue Störschleife_LOS01 Tief-Landschaftsbauarbeiten.X83
21;Stammschutzgitter;5,0;St;gaeb;vom_unternehmen_auszufuellende_dokumente/260618_ITZ_Neue Störschleife_LOS01 Tief-Landschaftsbauarbeiten.X83
22;Stammschutzgitter;1,0;St;gaeb;vom_unternehmen_auszufuellende_dokumente/260618_ITZ_Neue Störschleife_LOS01 Tief-Landschaftsbauarbeiten.X83
23;Stammschutzgitter;12,0;St;gaeb;vom_unternehmen_auszufuellende_dokumente/260618_ITZ_Neue Störschleife_LOS01 Tief-Landschaftsbauarbeiten.X83
24;Stammschutzgitter;1,0;St;gaeb;vom_unternehmen_auszufuellende_dokumente/260618_ITZ_Neue Störschleife_LOS01 Tief-Landschaftsbauarbeiten.X83
25;aus Betonwerkstein mit Turnierabmessung,;1,0;St;gaeb;vom_unternehmen_auszufuellende_dokumente/260618_ITZ_Neue Störschleife_LOS01 Tief-Landschaftsbauarbeiten.X83
26;aus Betonwerkstein,;1,0;St;gaeb;vom_unternehmen_auszufuellende_dokumente/260618_ITZ_Neue Störschleife_LOS01 Tief-Landschaftsbauarbeiten.X83
27;"zu Vorposition ""Tischkicker"" und ""Tischtennisplatte"":";2,0;psch;gaeb;vom_unternehmen_auszufuellende_dokumente/260618_ITZ_Neue Störschleife_LOS01 Tief-Landschaftsbauarbeiten.X83
28;Archimedische Schraube als Wasserspielgerät wie folgt liefern und im Bereich der Stör / Flussbett über einen Geländeversprung von ca. 70cm montieren:;1,0;psch;gaeb;vom_unternehmen_auszufuellende_dokumente/260618_ITZ_Neue Störschleife_LOS01 Tief-Landschaftsbauarbeiten.X83
29;Tretrad Ø 36 cm, gebremst, Achshöhe 30cm ü. Gelände.;1,0;St;gaeb;vom_unternehmen_auszufuellende_dokumente/260618_ITZ_Neue Störschleife_LOS01 Tief-Landschaftsbauarbeiten.X83
30;Sprungplatten aus Trägerplatte, d=4mm und umlaufenem;1,0;St;gaeb;vom_unternehmen_auszufuellende_dokumente/260618_ITZ_Neue Störschleife_LOS01 Tief-Landschaftsbauarbeiten.X83
31;Bauchmuskel-Bank als Fitnessgerät gem. DIN EN 16630;1,0;St;gaeb;vom_unternehmen_auszufuellende_dokumente/260618_ITZ_Neue Störschleife_LOS01 Tief-Landschaftsbauarbeiten.X83
32;Brustmuskel-Bank als Fitnessgerät gem. DIN EN 16630;1,0;St;gaeb;vom_unternehmen_auszufuellende_dokumente/260618_ITZ_Neue Störschleife_LOS01 Tief-Landschaftsbauarbeiten.X83
33;Reckstangen Gerüst Calisthenics, liefern und fachgerecht nach Herstellerangaben einbauen.;1,0;St;gaeb;vom_unternehmen_auszufuellende_dokumente/260618_ITZ_Neue Störschleife_LOS01 Tief-Landschaftsbauarbeiten.X83
34;Zusätzliche Pulverbeschichtung für Standpfosten der Vorposition im Farbton DB 701 oder gleichwertig;1,0;psch;gaeb;vom_unternehmen_auszufuellende_dokumente/260618_ITZ_Neue Störschleife_LOS01 Tief-Landschaftsbauarbeiten.X83
35;Bewehrte Betonfundamente C25/30, inkl. Schalung;1,5;m³;gaeb;vom_unternehmen_auszufuellende_dokumente/260618_ITZ_Neue Störschleife_LOS01 Tief-Landschaftsbauarbeiten.X83
36;Info- und Anleitungstafel Format A2,;1,0;St;gaeb;vom_unternehmen_auszufuellende_dokumente/260618_ITZ_Neue Störschleife_LOS01 Tief-Landschaftsbauarbeiten.X83
37;Detaillierte Werkplanung der Stahlbauteile (Pfosten, Laschen, Bodenhülsen), Membranzuschnitte, Anschlussdetails und Fundamentpläne. Lieferung als prüffähige Pläne in pdf und dwg.;1,0;psch;gaeb;vom_unternehmen_auszufuellende_dokumente/260618_ITZ_Neue Störschleife_LOS01 Tief-Landschaftsbauarbeiten.X83
38;Sonnensegel Typ 1 mit 5 Anschlagpunkten/Pfosten und einer Fläche von 21 qm liefern und auf vorbereiteten Fundamenten montieren. Das Sonnensegel ist antiklastisch geformt und teilt sich den mittleren Pfosten mit dem zweiten Segel.;1,0;St;gaeb;vom_unternehmen_auszufuellende_dokumente/260618_ITZ_Neue Störschleife_LOS01 Tief-Landschaftsbauarbeiten.X83
39;"mit Flächengröße 18 qm an 4 Anschlagpunkten/Pfosten, ""Sonnensegel Typ 2""";1,0;;gaeb;vom_unternehmen_auszufuellende_dokumente/260618_ITZ_Neue Störschleife_LOS01 Tief-Landschaftsbauarbeiten.X83
40;Betonfundamente C25/30, inkl. Schalung als Punktfundamente höhen- und lagegerecht, gem. Fundamentplan und Statik herstellen,  XC4, XA1,XF3;6,0;St;gaeb;vom_unternehmen_auszufuellende_dokumente/260618_ITZ_Neue Störschleife_LOS01 Tief-Landschaftsbauarbeiten.X83
41;Betonfundamente C25/30, inkl. Schalung;1,0;St;gaeb;vom_unternehmen_auszufuellende_dokumente/260618_ITZ_Neue Störschleife_LOS01 Tief-Landschaftsbauarbeiten.X83
42;Vorgefertigte Bewehrungskörbe entsprechend statischer Vorgaben einlegen und fixieren.;459,0;kg;gaeb;vom_unternehmen_auszufuellende_dokumente/260618_ITZ_Neue Störschleife_LOS01 Tief-Landschaftsbauarbeiten.X83
43;Lieferung der Revisionsunterlagen bei Abnahme: Bestandspläne, statische Berechnung in Endfassung, Materialdatenblätter, Konformitätsnachweise (Membran, Verzinkung, Edelstahl), Pflege- und Demontageanleitung, Fotodokumentation der Fundamentbewehrung vor Betonage sowie das Prüfprotokoll der Abnahmeins;1,0;psch;gaeb;vom_unternehmen_auszufuellende_dokumente/260618_ITZ_Neue Störschleife_LOS01 Tief-Landschaftsbauarbeiten.X83
1;Sand gewaschen liefern, einbauen und planieren, zur Modellierung der Flachwasserbereiche im Beckenbereich.;52,7;m³;gaeb;vom_unternehmen_auszufuellende_dokumente/260618_ITZ_Neue Störschleife_LOS01 Tief-Landschaftsbauarbeiten.X83
2;Wasserbausteine LMB 40/200 (40-200 kg)., Granit, grob gebrochen, für Steinschüttung liefern und einbauen. Ohne rote Granite, gemäß Bemusterung.;240,0;t;gaeb;vom_unternehmen_auszufuellende_dokumente/260618_ITZ_Neue Störschleife_LOS01 Tief-Landschaftsbauarbeiten.X83
3;Wasserbausteinen HMB 300/1000 (300/1000 kg), Granit, grob gebrochen, für Steinschüttung liefern und einbauen. Ohne rote Granite, gemäß Bemusterung.;227,0;t;gaeb;vom_unternehmen_auszufuellende_dokumente/260618_ITZ_Neue Störschleife_LOS01 Tief-Landschaftsbauarbeiten.X83
4;Doppelt gewaschener Flußkiesel aus Quarzgestein mit hohem Rundkörnigkeitsgrad und angenehmen Farben. Enthält einen geringfügigen Anteil gebrochener Steine. Gemäß Bemusterung.;40,0;t;gaeb;vom_unternehmen_auszufuellende_dokumente/260618_ITZ_Neue Störschleife_LOS01 Tief-Landschaftsbauarbeiten.X83
5;Doppelt gewaschener Flußkiesel aus Quarzgestein mit hohem Rundkörnigkeitsgrad und angenehmen Farben. Enthält einen geringfügigen Anteil gebrochener Steine. Gemäß Bemusterung.;28,0;t;gaeb;vom_unternehmen_auszufuellende_dokumente/260618_ITZ_Neue Störschleife_LOS01 Tief-Landschaftsbauarbeiten.X83
6;Findlinge der Gesteinart Granit liefern, die Oberflächenbereiche dürfen keine scharfen Kanten etc. haben.;13,0;t;gaeb;vom_unternehmen_auszufuellende_dokumente/260618_ITZ_Neue Störschleife_LOS01 Tief-Landschaftsbauarbeiten.X83
7;Findlinge aus Vorposition, laden, transportieren;35,0;St;gaeb;vom_unternehmen_auszufuellende_dokumente/260618_ITZ_Neue Störschleife_LOS01 Tief-Landschaftsbauarbeiten.X83
8;Findlinge der Gesteinart Granit liefern, die Oberflächenbereiche dürfen keine scharfen Kanten etc. haben.;23,0;t;gaeb;vom_unternehmen_auszufuellende_dokumente/260618_ITZ_Neue Störschleife_LOS01 Tief-Landschaftsbauarbeiten.X83
9;Findlinge aus Vorposition, laden, transportieren;25,0;St;gaeb;vom_unternehmen_auszufuellende_dokumente/260618_ITZ_Neue Störschleife_LOS01 Tief-Landschaftsbauarbeiten.X83
10;Findlinge der Gesteinart Granit liefern, die Oberflächenbereiche dürfen keine scharfen Kanten etc. haben.;132,0;t;gaeb;vom_unternehmen_auszufuellende_dokumente/260618_ITZ_Neue Störschleife_LOS01 Tief-Landschaftsbauarbeiten.X83
11;Findlinge aus Vorposition, laden, transportieren;65,0;St;gaeb;vom_unternehmen_auszufuellende_dokumente/260618_ITZ_Neue Störschleife_LOS01 Tief-Landschaftsbauarbeiten.X83
12;Findlinge der Gesteinart Granit liefern, die Oberflächenbereiche dürfen keine scharfen Kanten etc. haben.;103,0;t;gaeb;vom_unternehmen_auszufuellende_dokumente/260618_ITZ_Neue Störschleife_LOS01 Tief-Landschaftsbauarbeiten.X83
13;Findlinge aus Vorposition, laden, transportieren;38,0;St;gaeb;vom_unternehmen_auszufuellende_dokumente/260618_ITZ_Neue Störschleife_LOS01 Tief-Landschaftsbauarbeiten.X83
14;Findlinge der Gesteinart Granit liefern, die Oberflächenbereiche dürfen keine scharfen Kanten etc. haben.;91,0;t;gaeb;vom_unternehmen_auszufuellende_dokumente/260618_ITZ_Neue Störschleife_LOS01 Tief-Landschaftsbauarbeiten.X83
15;Findlinge aus Vorposition, laden, transportieren;25,0;St;gaeb;vom_unternehmen_auszufuellende_dokumente/260618_ITZ_Neue Störschleife_LOS01 Tief-Landschaftsbauarbeiten.X83
16;Findlinge der Gesteinart Granit liefern, Oberseiten bruchrau.;32,0;t;gaeb;vom_unternehmen_auszufuellende_dokumente/260618_ITZ_Neue Störschleife_LOS01 Tief-Landschaftsbauarbeiten.X83
17;Findlinge aus Vorposition, laden, transportieren;4,0;St;gaeb;vom_unternehmen_auszufuellende_dokumente/260618_ITZ_Neue Störschleife_LOS01 Tief-Landschaftsbauarbeiten.X83
18;Bearbeitung der Findlingsunterseite, das Egalisieren der Steinunterseite mit einer Toleranz von 2cm pro m.;4,0;St;gaeb;vom_unternehmen_auszufuellende_dokumente/260618_ITZ_Neue Störschleife_LOS01 Tief-Landschaftsbauarbeiten.X83
19;Auflager als Punktfundamente höhen- und lagegerecht für große (Solitär-) Findlinge herstellen.;9,8;m³;gaeb;vom_unternehmen_auszufuellende_dokumente/260618_ITZ_Neue Störschleife_LOS01 Tief-Landschaftsbauarbeiten.X83
20;Findlinge, bauseits vorhanden, laden, transportieren;4,0;St;gaeb;vom_unternehmen_auszufuellende_dokumente/260618_ITZ_Neue Störschleife_LOS01 Tief-Landschaftsbauarbeiten.X83
21;"Gedenkstein ""Deutsche Einheit"", Granit-Findling als großer Solitärstein mit Gravur.";1,0;psch;gaeb;vom_unternehmen_auszufuellende_dokumente/260618_ITZ_Neue Störschleife_LOS01 Tief-Landschaftsbauarbeiten.X83
1;Feinplanum für die Grundflächen der Robinienstämme höhengerecht herstellen und fachgerecht verdichten.;25,2;m²;gaeb;vom_unternehmen_auszufuellende_dokumente/260618_ITZ_Neue Störschleife_LOS01 Tief-Landschaftsbauarbeiten.X83
2;Schottertragschicht, Verdichtungsgrad mind. DPr 1,0 aus Baustoffgemisch für Schottertragschicht, ohne RC-Baustoffe, Körnung 0/32;6,3;m³;gaeb;vom_unternehmen_auszufuellende_dokumente/260618_ITZ_Neue Störschleife_LOS01 Tief-Landschaftsbauarbeiten.X83
3;Betonbettung für ersten Robinienstamm=Antrittsstufe herstellen,;3,2;m²;gaeb;vom_unternehmen_auszufuellende_dokumente/260618_ITZ_Neue Störschleife_LOS01 Tief-Landschaftsbauarbeiten.X83
4;Holzstämme, aus Robinienholz,;44,0;m;gaeb;vom_unternehmen_auszufuellende_dokumente/260618_ITZ_Neue Störschleife_LOS01 Tief-Landschaftsbauarbeiten.X83
5;Sicherung der liegenden Holzstämme im Hangbereich mit Robinienholzpflöcken, d 12-15 cm, angespitzt,;45,0;St;gaeb;vom_unternehmen_auszufuellende_dokumente/260618_ITZ_Neue Störschleife_LOS01 Tief-Landschaftsbauarbeiten.X83
6;Dynamische Schicht als wasserregulierende Funktionslage;12,6;m²;gaeb;vom_unternehmen_auszufuellende_dokumente/260618_ITZ_Neue Störschleife_LOS01 Tief-Landschaftsbauarbeiten.X83
7;Wassergebundene Deckschicht nach DIN 18035-5 und FLL;12,6;m²;gaeb;vom_unternehmen_auszufuellende_dokumente/260618_ITZ_Neue Störschleife_LOS01 Tief-Landschaftsbauarbeiten.X83
8;Schottertragschicht, Verdichtungsgrad mind. DPr 1,0 aus Baustoffgemisch für Schottertragschicht, ohne RC-Baustoffe, Körnung 0/32, Schichtdicke 15-25 cm, liefern sowie fachgerecht einbauen und verdichten, Verformungsmodul mind. EV2 80 MN/m². Einbau in Teillängen.;3,2;m³;gaeb;vom_unternehmen_auszufuellende_dokumente/260618_ITZ_Neue Störschleife_LOS01 Tief-Landschaftsbauarbeiten.X83
9;Holzstämme, aus langlebigem Robinienholz,;23,0;m;gaeb;vom_unternehmen_auszufuellende_dokumente/260618_ITZ_Neue Störschleife_LOS01 Tief-Landschaftsbauarbeiten.X83
10;Sicherung der liegenden Holzstämme mit Robinienholzpflöcken, d 12-15 cm, angespitzt,;12,0;St;gaeb;vom_unternehmen_auszufuellende_dokumente/260618_ITZ_Neue Störschleife_LOS01 Tief-Landschaftsbauarbeiten.X83
11;Schottertragschicht, Verdichtungsgrad mind. DPr 1,0 aus Baustoffgemisch für Schottertragschicht, ohne RC-Baustoffe, Körnung 0/32, Schichtdicke 15 cm, liefern sowie fachgerecht einbauen und verdichten, Verformungsmodul mind. EV2 80 MN/m². Einbau in Teillängen.;20,0;St;gaeb;vom_unternehmen_auszufuellende_dokumente/260618_ITZ_Neue Störschleife_LOS01 Tief-Landschaftsbauarbeiten.X83
12;Flächenbefestigung mit Platten aus Beton gemäß DIN EN 1339.;20,0;St;gaeb;vom_unternehmen_auszufuellende_dokumente/260618_ITZ_Neue Störschleife_LOS01 Tief-Landschaftsbauarbeiten.X83
13;Für AN Spielgeräte bewehrte Betonfundamente C25/30, inkl. Schalung als Punktfundamente höhen- und lagegerecht gem. Fundamentplan herstellen,;22,7;m³;gaeb;vom_unternehmen_auszufuellende_dokumente/260618_ITZ_Neue Störschleife_LOS01 Tief-Landschaftsbauarbeiten.X83
14;Vorgefertigte Bewehrungskörbe entsprechend statischer Vorgaben einlegen und fixieren.;1690,0;kg;gaeb;vom_unternehmen_auszufuellende_dokumente/260618_ITZ_Neue Störschleife_LOS01 Tief-Landschaftsbauarbeiten.X83
15;zusätzliches Herstellen notwendiger Aussparungen bzw. Einbauteile (z.B. Anker, Hüllrohre) gemäß Fundamentplan.;5,0;St;gaeb;vom_unternehmen_auszufuellende_dokumente/260618_ITZ_Neue Störschleife_LOS01 Tief-Landschaftsbauarbeiten.X83
16;Liefern und einbauen von Drainageelement mit Vlieskaschierung auf Fundamenten Netztunnel (Ausstieg Wasserspielplatz), zur Ableitung von Wasser.;10,0;m²;gaeb;vom_unternehmen_auszufuellende_dokumente/260618_ITZ_Neue Störschleife_LOS01 Tief-Landschaftsbauarbeiten.X83
1;Unterboden im Bereich von zukünftigen Pflanz- und Rasenflächen mit geeigneten Maschinen lockern.;4906,0;m²;gaeb;vom_unternehmen_auszufuellende_dokumente/260618_ITZ_Neue Störschleife_LOS01 Tief-Landschaftsbauarbeiten.X83
2;Baugrund im Bereich von Bestandsbäumen durch Umgraben mit Grabegabel bis zu einer Tiefe von 30cm vorsichtig lockern.;2766,0;m²;gaeb;vom_unternehmen_auszufuellende_dokumente/260618_ITZ_Neue Störschleife_LOS01 Tief-Landschaftsbauarbeiten.X83
3;Feinplanum für Pflanzflächen;3104,0;m²;gaeb;vom_unternehmen_auszufuellende_dokumente/260618_ITZ_Neue Störschleife_LOS01 Tief-Landschaftsbauarbeiten.X83
4;gewaschenen Sand liefern und auf der Baustelle zur weiteren Verarbeitung lagern.;73,0;m³;gaeb;vom_unternehmen_auszufuellende_dokumente/260618_ITZ_Neue Störschleife_LOS01 Tief-Landschaftsbauarbeiten.X83
5;Auf Baustelle gesiebter Oberboden aus Zwischenlager bereitstellen / zwischentransportieren.;434,0;m³;gaeb;vom_unternehmen_auszufuellende_dokumente/260618_ITZ_Neue Störschleife_LOS01 Tief-Landschaftsbauarbeiten.X83
6;Oberboden nach DIN 18915, für vorgesehene Vegetation und;24,0;m³;gaeb;vom_unternehmen_auszufuellende_dokumente/260618_ITZ_Neue Störschleife_LOS01 Tief-Landschaftsbauarbeiten.X83
7;Herstellen von Substrat für die Saatflächen Kräuterrasen;146,0;m³;gaeb;vom_unternehmen_auszufuellende_dokumente/260618_ITZ_Neue Störschleife_LOS01 Tief-Landschaftsbauarbeiten.X83
8;Oberboden;352,0;m³;gaeb;vom_unternehmen_auszufuellende_dokumente/260618_ITZ_Neue Störschleife_LOS01 Tief-Landschaftsbauarbeiten.X83
9;Zulage zu Vorposition, für den Einbau im Wurzel- und Kronenbereich von Bestandsbäumen, für den Fall, dass bei dem aufgrund beengter Verhältnisse und des Wurzelschutzes der Einbau ausschließlich mit Kleingeräten (z. B. Minibagger, Kleinlader) und/oder in Handarbeit erfolgen kann.;201,0;m³;gaeb;vom_unternehmen_auszufuellende_dokumente/260618_ITZ_Neue Störschleife_LOS01 Tief-Landschaftsbauarbeiten.X83
10;Baum- / Pflanzgrube ausheben, 350/250 cm, Tiefe max 150 cm, Aushub getrennt nach Unter- und Oberboden seitlich lagern. Boden zur Verfüllung wiederverwenden (Extra-Position).;504,0;m³;gaeb;vom_unternehmen_auszufuellende_dokumente/260618_ITZ_Neue Störschleife_LOS01 Tief-Landschaftsbauarbeiten.X83
11;Baum- / Pflanzgrube ausheben, 450/240 cm, Tiefe 150 cm, Aushub getrennt nach Unter- und Oberboden seitlich lagern. Boden zur Verfüllung wiederverwenden (Extra-Position).;60,0;m³;gaeb;vom_unternehmen_auszufuellende_dokumente/260618_ITZ_Neue Störschleife_LOS01 Tief-Landschaftsbauarbeiten.X83
12;Baum- / Pflanzgrube ausheben, 400/240 cm, Tiefe 150 cm, Aushub getrennt nach Unter- und Oberboden seitlich lagern. Boden zur Verfüllung wiederverwenden (Extra-Position).;204,0;m³;gaeb;vom_unternehmen_auszufuellende_dokumente/260618_ITZ_Neue Störschleife_LOS01 Tief-Landschaftsbauarbeiten.X83
13;Baum- / Pflanzgrube ausheben, 350/360 cm, Tiefe max 150 cm, Aushub getrennt nach Unter- und Oberboden seitlich lagern. Boden zur Verfüllung wiederverwenden (Extra-Position).;36,0;m³;gaeb;vom_unternehmen_auszufuellende_dokumente/260618_ITZ_Neue Störschleife_LOS01 Tief-Landschaftsbauarbeiten.X83
14;"Bauseitig gestelltes, fertig aufbereitetes Unterbodensubstrat beim Kommunalservice Itzehoe, Bereich Bauhof laden, zur jeweiligen Pflanzgrube transportieren und in 2-Lagen bis auf 0,40cm unter OK Bord einbauen und verdichten;";490,0;m³;gaeb;vom_unternehmen_auszufuellende_dokumente/260618_ITZ_Neue Störschleife_LOS01 Tief-Landschaftsbauarbeiten.X83
15;"Bauseitig gestelltes, fertig aufbereitetes Oberbodensubstrat beim Kommunalservice Itzehoe, Bereich Bauhof laden, zur jeweiligen Pflanzgrube transportieren und in 2-Lagen bis auf 0,05cm unter OK Bord einbauen und verdichten;";122,0;m³;gaeb;vom_unternehmen_auszufuellende_dokumente/260618_ITZ_Neue Störschleife_LOS01 Tief-Landschaftsbauarbeiten.X83
16;Überbaubares 1-Schicht Baumgrubensubstrat liefern.;20,0;m³;gaeb;vom_unternehmen_auszufuellende_dokumente/260618_ITZ_Neue Störschleife_LOS01 Tief-Landschaftsbauarbeiten.X83
17;Erdbohrung ab Unterkante Baumgrubensohle in Boden aus Aufschüttungen herstellen.;88,0;St;gaeb;vom_unternehmen_auszufuellende_dokumente/260618_ITZ_Neue Störschleife_LOS01 Tief-Landschaftsbauarbeiten.X83
18;Bohrloch Tiefe ca. 100 cm;88,0;St;gaeb;vom_unternehmen_auszufuellende_dokumente/260618_ITZ_Neue Störschleife_LOS01 Tief-Landschaftsbauarbeiten.X83
19;Belüftungsrohr geschlitzt mit Filterstrumpf  liefern und im Zuge der Verfüllung  in Baumgrube und Bohrloch bis ca 150 cm unter Baumgrubensohle senkrecht einbauen;88,0;St;gaeb;vom_unternehmen_auszufuellende_dokumente/260618_ITZ_Neue Störschleife_LOS01 Tief-Landschaftsbauarbeiten.X83
20;Belüftungsrohr geschlitzt mit Filterstrumpf liefern und im Zuge der Verfüllung in Baumgrube ca. 50 cm über Baumgrubensohle;10,0;St;gaeb;vom_unternehmen_auszufuellende_dokumente/260618_ITZ_Neue Störschleife_LOS01 Tief-Landschaftsbauarbeiten.X83
21;Baumbewässerungswinkel DN/OD 160, zur gezielten Bewässerung der Pflanzgrube bzw. Ergänzung der Wurzelversorgung auch mit Flüssigdünger, Volumen:;22,0;St;gaeb;vom_unternehmen_auszufuellende_dokumente/260618_ITZ_Neue Störschleife_LOS01 Tief-Landschaftsbauarbeiten.X83
22;Dränrohre PVC-U DN80 mit Kokosumhüllung mit erhöhter Luft-/Wasser-Ein- und Austrittsfläche >80cm3/m, DN80 frei Einbauort liefern und im Zuge der Baugrubenherstellung in ca. 70cm Tiefe unter OK Bordstein in das Baumsubstrat einbauen.;46,0;St;gaeb;vom_unternehmen_auszufuellende_dokumente/260618_ITZ_Neue Störschleife_LOS01 Tief-Landschaftsbauarbeiten.X83
23;Als Anschlusselement auf den aus dem Boden herausgeführten Strang wird eine Walu-Endkappe gesetzt.;22,0;St;gaeb;vom_unternehmen_auszufuellende_dokumente/260618_ITZ_Neue Störschleife_LOS01 Tief-Landschaftsbauarbeiten.X83
24;Oberboden für Baumgrube aufdüngen;10,0;kg;gaeb;vom_unternehmen_auszufuellende_dokumente/260618_ITZ_Neue Störschleife_LOS01 Tief-Landschaftsbauarbeiten.X83
25;Baumstandort mit Mykorrhiza aufdüngen;30,0;St;gaeb;vom_unternehmen_auszufuellende_dokumente/260618_ITZ_Neue Störschleife_LOS01 Tief-Landschaftsbauarbeiten.X83
26;Bodenverbesserung der Vegetationstragschicht der;3104,0;m²;gaeb;vom_unternehmen_auszufuellende_dokumente/260618_ITZ_Neue Störschleife_LOS01 Tief-Landschaftsbauarbeiten.X83
27;Pflanzflächen nach dem Pflanzen lockern;3475,0;m²;gaeb;vom_unternehmen_auszufuellende_dokumente/260618_ITZ_Neue Störschleife_LOS01 Tief-Landschaftsbauarbeiten.X83
28;Bauseitig gestelltes, Laubholzschreddergut 5-30 mm beim Kommunalservice Itzehoe, Bereich Bauhof laden, zur jeweiligen Pflanzfläche transportieren, bodendeckende Pflanzung Stauden, Gehölze 5 cm stark andecken, unter Bestandsgehölzen 3cm. Bei den Stauden erfolgt die Andeckung erst nach Austrieb im Frü;3475,0;m²;gaeb;vom_unternehmen_auszufuellende_dokumente/260618_ITZ_Neue Störschleife_LOS01 Tief-Landschaftsbauarbeiten.X83
1;Solitärbaum liefern, DIN18916.;3,0;St;gaeb;vom_unternehmen_auszufuellende_dokumente/260618_ITZ_Neue Störschleife_LOS01 Tief-Landschaftsbauarbeiten.X83
2;Solitär liefern, DIN18916.;1,0;St;gaeb;vom_unternehmen_auszufuellende_dokumente/260618_ITZ_Neue Störschleife_LOS01 Tief-Landschaftsbauarbeiten.X83
3;Solitärbaum liefern, DIN18916.;2,0;St;gaeb;vom_unternehmen_auszufuellende_dokumente/260618_ITZ_Neue Störschleife_LOS01 Tief-Landschaftsbauarbeiten.X83
4;Solitärbaum liefern, DIN18916.;2,0;St;gaeb;vom_unternehmen_auszufuellende_dokumente/260618_ITZ_Neue Störschleife_LOS01 Tief-Landschaftsbauarbeiten.X83
5;Solitärbaum liefern, DIN18916.;3,0;St;gaeb;vom_unternehmen_auszufuellende_dokumente/260618_ITZ_Neue Störschleife_LOS01 Tief-Landschaftsbauarbeiten.X83
6;Solitärbaum liefern, DIN18916.;2,0;St;gaeb;vom_unternehmen_auszufuellende_dokumente/260618_ITZ_Neue Störschleife_LOS01 Tief-Landschaftsbauarbeiten.X83
7;Solitärbaum liefern, DIN18916.;5,0;St;gaeb;vom_unternehmen_auszufuellende_dokumente/260618_ITZ_Neue Störschleife_LOS01 Tief-Landschaftsbauarbeiten.X83
8;Halbstamm liefern, DIN18916.;1,0;St;gaeb;vom_unternehmen_auszufuellende_dokumente/260618_ITZ_Neue Störschleife_LOS01 Tief-Landschaftsbauarbeiten.X83
9;Halbstamm liefern, DIN18916.;1,0;St;gaeb;vom_unternehmen_auszufuellende_dokumente/260618_ITZ_Neue Störschleife_LOS01 Tief-Landschaftsbauarbeiten.X83
10;Solitärbaum liefern, DIN18916.;1,0;St;gaeb;vom_unternehmen_auszufuellende_dokumente/260618_ITZ_Neue Störschleife_LOS01 Tief-Landschaftsbauarbeiten.X83
11;Solitärbaum liefern, DIN18916.;3,0;St;gaeb;vom_unternehmen_auszufuellende_dokumente/260618_ITZ_Neue Störschleife_LOS01 Tief-Landschaftsbauarbeiten.X83
12;Hochstamm liefern, DIN18916.;1,0;St;gaeb;vom_unternehmen_auszufuellende_dokumente/260618_ITZ_Neue Störschleife_LOS01 Tief-Landschaftsbauarbeiten.X83
13;Halbstamm liefern, DIN18916.;2,0;St;gaeb;vom_unternehmen_auszufuellende_dokumente/260618_ITZ_Neue Störschleife_LOS01 Tief-Landschaftsbauarbeiten.X83
14;Solitär liefern, DIN18916.;1,0;St;gaeb;vom_unternehmen_auszufuellende_dokumente/260618_ITZ_Neue Störschleife_LOS01 Tief-Landschaftsbauarbeiten.X83
15;Solitärbaum liefern, DIN18916.;3,0;St;gaeb;vom_unternehmen_auszufuellende_dokumente/260618_ITZ_Neue Störschleife_LOS01 Tief-Landschaftsbauarbeiten.X83
16;Solitär liefern, DIN18916.;4,0;St;gaeb;vom_unternehmen_auszufuellende_dokumente/260618_ITZ_Neue Störschleife_LOS01 Tief-Landschaftsbauarbeiten.X83
17;Solitärbaum liefern, DIN18916.;3,0;St;gaeb;vom_unternehmen_auszufuellende_dokumente/260618_ITZ_Neue Störschleife_LOS01 Tief-Landschaftsbauarbeiten.X83
18;Solitärbaum liefern, DIN18916.;1,0;St;gaeb;vom_unternehmen_auszufuellende_dokumente/260618_ITZ_Neue Störschleife_LOS01 Tief-Landschaftsbauarbeiten.X83
19;Solitärbaum liefern, DIN18916.;2,0;St;gaeb;vom_unternehmen_auszufuellende_dokumente/260618_ITZ_Neue Störschleife_LOS01 Tief-Landschaftsbauarbeiten.X83
20;Solitärbaum liefern, DIN18916.;3,0;St;gaeb;vom_unternehmen_auszufuellende_dokumente/260618_ITZ_Neue Störschleife_LOS01 Tief-Landschaftsbauarbeiten.X83
21;Solitärbaum liefern, DIN18916.;1,0;St;gaeb;vom_unternehmen_auszufuellende_dokumente/260618_ITZ_Neue Störschleife_LOS01 Tief-Landschaftsbauarbeiten.X83
22;Solitärbaum liefern, DIN18916.;4,0;St;gaeb;vom_unternehmen_auszufuellende_dokumente/260618_ITZ_Neue Störschleife_LOS01 Tief-Landschaftsbauarbeiten.X83
23;Solitärbaum liefern, DIN18916.;3,0;St;gaeb;vom_unternehmen_auszufuellende_dokumente/260618_ITZ_Neue Störschleife_LOS01 Tief-Landschaftsbauarbeiten.X83
24;Solitärbaum liefern, DIN18916.;4,0;St;gaeb;vom_unternehmen_auszufuellende_dokumente/260618_ITZ_Neue Störschleife_LOS01 Tief-Landschaftsbauarbeiten.X83
25;Solitärbaum liefern, DIN18916.;4,0;St;gaeb;vom_unternehmen_auszufuellende_dokumente/260618_ITZ_Neue Störschleife_LOS01 Tief-Landschaftsbauarbeiten.X83
26;Solitärbaum liefern, DIN18916.;3,0;St;gaeb;vom_unternehmen_auszufuellende_dokumente/260618_ITZ_Neue Störschleife_LOS01 Tief-Landschaftsbauarbeiten.X83
27;Gelieferte Solitärbäume mit Ballen fachgerecht pflanzen, nach;65,0;St;gaeb;vom_unternehmen_auszufuellende_dokumente/260618_ITZ_Neue Störschleife_LOS01 Tief-Landschaftsbauarbeiten.X83
28;Thermischen Rindenschutz incl. Voranstrich herstellen.;65,0;St;gaeb;vom_unternehmen_auszufuellende_dokumente/260618_ITZ_Neue Störschleife_LOS01 Tief-Landschaftsbauarbeiten.X83
29;Unterflurverankerung für Baumpflanzung bis 30 cm StU;28,0;St;gaeb;vom_unternehmen_auszufuellende_dokumente/260618_ITZ_Neue Störschleife_LOS01 Tief-Landschaftsbauarbeiten.X83
30;Baumverankerung als Dreibock herstellen, Baumpfähle aus Lärchenholz, nicht imprägniert, gleichmäßig gefräst.;20,0;St;gaeb;vom_unternehmen_auszufuellende_dokumente/260618_ITZ_Neue Störschleife_LOS01 Tief-Landschaftsbauarbeiten.X83
31;Baumverankerung für mehrstämmige Solitäre, als Pfahl-Vierbock  herstellen.;15,0;St;gaeb;vom_unternehmen_auszufuellende_dokumente/260618_ITZ_Neue Störschleife_LOS01 Tief-Landschaftsbauarbeiten.X83
32;Solitär liefern, DIN18916.;5,0;St;gaeb;vom_unternehmen_auszufuellende_dokumente/260618_ITZ_Neue Störschleife_LOS01 Tief-Landschaftsbauarbeiten.X83
33;Solitär liefern, DIN18916.;1,0;St;gaeb;vom_unternehmen_auszufuellende_dokumente/260618_ITZ_Neue Störschleife_LOS01 Tief-Landschaftsbauarbeiten.X83
34;Solitär liefern, DIN18916.;2,0;St;gaeb;vom_unternehmen_auszufuellende_dokumente/260618_ITZ_Neue Störschleife_LOS01 Tief-Landschaftsbauarbeiten.X83
35;Gelieferte Solitäre mit Ballen fachgerecht pflanzen, nach Planvorgabe, in die Mitte der entsprechend DIN 18916 auszuhebenden Pflanzgrube.;8,0;St;gaeb;vom_unternehmen_auszufuellende_dokumente/260618_ITZ_Neue Störschleife_LOS01 Tief-Landschaftsbauarbeiten.X83
36;Baumverankerung als Schrägpfahl herstellen,;8,0;St;gaeb;vom_unternehmen_auszufuellende_dokumente/260618_ITZ_Neue Störschleife_LOS01 Tief-Landschaftsbauarbeiten.X83
37;Sträucher liefern, DIN18916.;44,0;St;gaeb;vom_unternehmen_auszufuellende_dokumente/260618_ITZ_Neue Störschleife_LOS01 Tief-Landschaftsbauarbeiten.X83
38;Sträucher liefern, DIN18916.;9,0;St;gaeb;vom_unternehmen_auszufuellende_dokumente/260618_ITZ_Neue Störschleife_LOS01 Tief-Landschaftsbauarbeiten.X83
39;Sträucher liefern, DIN18916.;3,0;St;gaeb;vom_unternehmen_auszufuellende_dokumente/260618_ITZ_Neue Störschleife_LOS01 Tief-Landschaftsbauarbeiten.X83
40;Sträucher liefern, DIN18916.;1,0;St;gaeb;vom_unternehmen_auszufuellende_dokumente/260618_ITZ_Neue Störschleife_LOS01 Tief-Landschaftsbauarbeiten.X83
41;Solitäre liefern, DIN18916.;6,0;St;gaeb;vom_unternehmen_auszufuellende_dokumente/260618_ITZ_Neue Störschleife_LOS01 Tief-Landschaftsbauarbeiten.X83
42;Solitäre liefern, DIN18916.;2,0;St;gaeb;vom_unternehmen_auszufuellende_dokumente/260618_ITZ_Neue Störschleife_LOS01 Tief-Landschaftsbauarbeiten.X83
43;Solitär liefern, DIN18916.;1,0;St;gaeb;vom_unternehmen_auszufuellende_dokumente/260618_ITZ_Neue Störschleife_LOS01 Tief-Landschaftsbauarbeiten.X83
44;Sträucher liefern, DIN18916.;46,0;St;gaeb;vom_unternehmen_auszufuellende_dokumente/260618_ITZ_Neue Störschleife_LOS01 Tief-Landschaftsbauarbeiten.X83
45;Sträucher liefern, DIN18916.;38,0;St;gaeb;vom_unternehmen_auszufuellende_dokumente/260618_ITZ_Neue Störschleife_LOS01 Tief-Landschaftsbauarbeiten.X83
46;Sträucher liefern, DIN18916.;187,0;St;gaeb;vom_unternehmen_auszufuellende_dokumente/260618_ITZ_Neue Störschleife_LOS01 Tief-Landschaftsbauarbeiten.X83
47;Solitäre liefern, DIN18916.;4,0;St;gaeb;vom_unternehmen_auszufuellende_dokumente/260618_ITZ_Neue Störschleife_LOS01 Tief-Landschaftsbauarbeiten.X83
48;Sträucher liefern, DIN18916.;113,0;St;gaeb;vom_unternehmen_auszufuellende_dokumente/260618_ITZ_Neue Störschleife_LOS01 Tief-Landschaftsbauarbeiten.X83
49;Sträucher liefern, DIN18916.;11,0;St;gaeb;vom_unternehmen_auszufuellende_dokumente/260618_ITZ_Neue Störschleife_LOS01 Tief-Landschaftsbauarbeiten.X83
50;Sträucher liefern, DIN18916.;3,0;St;gaeb;vom_unternehmen_auszufuellende_dokumente/260618_ITZ_Neue Störschleife_LOS01 Tief-Landschaftsbauarbeiten.X83
51;Sträucher liefern, DIN18916.;3,0;St;gaeb;vom_unternehmen_auszufuellende_dokumente/260618_ITZ_Neue Störschleife_LOS01 Tief-Landschaftsbauarbeiten.X83
52;Sträucher liefern, DIN18916.;38,0;St;gaeb;vom_unternehmen_auszufuellende_dokumente/260618_ITZ_Neue Störschleife_LOS01 Tief-Landschaftsbauarbeiten.X83
53;Sträucher liefern, DIN18916.;46,0;St;gaeb;vom_unternehmen_auszufuellende_dokumente/260618_ITZ_Neue Störschleife_LOS01 Tief-Landschaftsbauarbeiten.X83
54;Sträucher liefern, DIN18916.;6,0;St;gaeb;vom_unternehmen_auszufuellende_dokumente/260618_ITZ_Neue Störschleife_LOS01 Tief-Landschaftsbauarbeiten.X83
55;Sträucher liefern, DIN18916.;46,0;St;gaeb;vom_unternehmen_auszufuellende_dokumente/260618_ITZ_Neue Störschleife_LOS01 Tief-Landschaftsbauarbeiten.X83
56;Sträucher liefern, DIN18916.;5,0;St;gaeb;vom_unternehmen_auszufuellende_dokumente/260618_ITZ_Neue Störschleife_LOS01 Tief-Landschaftsbauarbeiten.X83
57;Sträucher liefern, DIN18916.;5,0;St;gaeb;vom_unternehmen_auszufuellende_dokumente/260618_ITZ_Neue Störschleife_LOS01 Tief-Landschaftsbauarbeiten.X83
58;Sträucher liefern, DIN18916.;6,0;St;gaeb;vom_unternehmen_auszufuellende_dokumente/260618_ITZ_Neue Störschleife_LOS01 Tief-Landschaftsbauarbeiten.X83
59;Sträucher liefern, DIN18916.;14,0;St;gaeb;vom_unternehmen_auszufuellende_dokumente/260618_ITZ_Neue Störschleife_LOS01 Tief-Landschaftsbauarbeiten.X83
60;Gelieferte Sträucher <100 mit Ballen o. im Container fachgerecht pflanzen, nach Planvorgabe, in die Mitte der entsprechend DIN 18916 auszuhebenden Pflanzgrube. Aushub seitlich lagern,;608,0;St;gaeb;vom_unternehmen_auszufuellende_dokumente/260618_ITZ_Neue Störschleife_LOS01 Tief-Landschaftsbauarbeiten.X83
61;Gelieferte Soitäre H100-150cm mit Ballen fachgerecht pflanzen, nach Planvorgabe, in die Mitte der entsprechend DIN 18916 auszuhebenden Pflanzgrube. Aushub seitlich lagern,;28,0;St;gaeb;vom_unternehmen_auszufuellende_dokumente/260618_ITZ_Neue Störschleife_LOS01 Tief-Landschaftsbauarbeiten.X83
62;Kletterpflanzen liefern, DIN18916.;1,0;St;gaeb;vom_unternehmen_auszufuellende_dokumente/260618_ITZ_Neue Störschleife_LOS01 Tief-Landschaftsbauarbeiten.X83
63;Kletterpflanzen liefern liefern, DIN18916.;1,0;St;gaeb;vom_unternehmen_auszufuellende_dokumente/260618_ITZ_Neue Störschleife_LOS01 Tief-Landschaftsbauarbeiten.X83
64;Kletterpflanzen liefern liefern, DIN18916.;1,0;St;gaeb;vom_unternehmen_auszufuellende_dokumente/260618_ITZ_Neue Störschleife_LOS01 Tief-Landschaftsbauarbeiten.X83
65;Kletterpflanzen liefern liefern, DIN18916.;2,0;St;gaeb;vom_unternehmen_auszufuellende_dokumente/260618_ITZ_Neue Störschleife_LOS01 Tief-Landschaftsbauarbeiten.X83
66;Kletterpflanzen liefern, DIN18916.;2,0;St;gaeb;vom_unternehmen_auszufuellende_dokumente/260618_ITZ_Neue Störschleife_LOS01 Tief-Landschaftsbauarbeiten.X83
67;Gelieferte Kletterpflanzen mit Ballen fachgerecht pflanzen, nach Planvorgabe, in die Mitte der entsprechend DIN 18916 auszuhebenden Pflanzgrube.;7,0;St;gaeb;vom_unternehmen_auszufuellende_dokumente/260618_ITZ_Neue Störschleife_LOS01 Tief-Landschaftsbauarbeiten.X83
68;Stauden liefern, für flächige Bepflanzung.;25,0;St;gaeb;vom_unternehmen_auszufuellende_dokumente/260618_ITZ_Neue Störschleife_LOS01 Tief-Landschaftsbauarbeiten.X83
69;Stauden liefern, für flächige Bepflanzung.;202,0;St;gaeb;vom_unternehmen_auszufuellende_dokumente/260618_ITZ_Neue Störschleife_LOS01 Tief-Landschaftsbauarbeiten.X83
70;Stauden liefern, für flächige Bepflanzung.;25,0;St;gaeb;vom_unternehmen_auszufuellende_dokumente/260618_ITZ_Neue Störschleife_LOS01 Tief-Landschaftsbauarbeiten.X83
71;Stauden liefern, für flächige Bepflanzung.;34,0;St;gaeb;vom_unternehmen_auszufuellende_dokumente/260618_ITZ_Neue Störschleife_LOS01 Tief-Landschaftsbauarbeiten.X83
72;Stauden liefern, für flächige Bepflanzung.;74,0;St;gaeb;vom_unternehmen_auszufuellende_dokumente/260618_ITZ_Neue Störschleife_LOS01 Tief-Landschaftsbauarbeiten.X83
73;Stauden liefern, für flächige Bepflanzung.;39,0;St;gaeb;vom_unternehmen_auszufuellende_dokumente/260618_ITZ_Neue Störschleife_LOS01 Tief-Landschaftsbauarbeiten.X83
74;Stauden liefern, für flächige Bepflanzung.;229,0;St;gaeb;vom_unternehmen_auszufuellende_dokumente/260618_ITZ_Neue Störschleife_LOS01 Tief-Landschaftsbauarbeiten.X83
75;Stauden liefern, für flächige Bepflanzung.;95,0;St;gaeb;vom_unternehmen_auszufuellende_dokumente/260618_ITZ_Neue Störschleife_LOS01 Tief-Landschaftsbauarbeiten.X83
76;Stauden liefern, für flächige Bepflanzung.;66,0;St;gaeb;vom_unternehmen_auszufuellende_dokumente/260618_ITZ_Neue Störschleife_LOS01 Tief-Landschaftsbauarbeiten.X83
77;Stauden liefern, für flächige Bepflanzung.;236,0;St;gaeb;vom_unternehmen_auszufuellende_dokumente/260618_ITZ_Neue Störschleife_LOS01 Tief-Landschaftsbauarbeiten.X83
78;Stauden liefern, für flächige Bepflanzung.;39,0;St;gaeb;vom_unternehmen_auszufuellende_dokumente/260618_ITZ_Neue Störschleife_LOS01 Tief-Landschaftsbauarbeiten.X83
79;Stauden liefern, für flächige Bepflanzung.;15,0;St;gaeb;vom_unternehmen_auszufuellende_dokumente/260618_ITZ_Neue Störschleife_LOS01 Tief-Landschaftsbauarbeiten.X83
80;Stauden liefern, für flächige Bepflanzung.;27,0;St;gaeb;vom_unternehmen_auszufuellende_dokumente/260618_ITZ_Neue Störschleife_LOS01 Tief-Landschaftsbauarbeiten.X83
81;Stauden liefern, für flächige Bepflanzung.;9,0;St;gaeb;vom_unternehmen_auszufuellende_dokumente/260618_ITZ_Neue Störschleife_LOS01 Tief-Landschaftsbauarbeiten.X83
82;Stauden liefern, für flächige Bepflanzung.;13,0;St;gaeb;vom_unternehmen_auszufuellende_dokumente/260618_ITZ_Neue Störschleife_LOS01 Tief-Landschaftsbauarbeiten.X83
83;Stauden liefern, für flächige Bepflanzung.;12,0;St;gaeb;vom_unternehmen_auszufuellende_dokumente/260618_ITZ_Neue Störschleife_LOS01 Tief-Landschaftsbauarbeiten.X83
84;Stauden liefern, für flächige Bepflanzung.;28,0;St;gaeb;vom_unternehmen_auszufuellende_dokumente/260618_ITZ_Neue Störschleife_LOS01 Tief-Landschaftsbauarbeiten.X83
85;Stauden liefern, für flächige Bepflanzung.;168,0;St;gaeb;vom_unternehmen_auszufuellende_dokumente/260618_ITZ_Neue Störschleife_LOS01 Tief-Landschaftsbauarbeiten.X83
86;Stauden liefern, für flächige Bepflanzung.;17,0;St;gaeb;vom_unternehmen_auszufuellende_dokumente/260618_ITZ_Neue Störschleife_LOS01 Tief-Landschaftsbauarbeiten.X83
87;Stauden liefern, für flächige Bepflanzung.;72,0;St;gaeb;vom_unternehmen_auszufuellende_dokumente/260618_ITZ_Neue Störschleife_LOS01 Tief-Landschaftsbauarbeiten.X83
88;Stauden liefern, für flächige Bepflanzung.;12,0;St;gaeb;vom_unternehmen_auszufuellende_dokumente/260618_ITZ_Neue Störschleife_LOS01 Tief-Landschaftsbauarbeiten.X83
89;Stauden liefern, für flächige Bepflanzung.;168,0;St;gaeb;vom_unternehmen_auszufuellende_dokumente/260618_ITZ_Neue Störschleife_LOS01 Tief-Landschaftsbauarbeiten.X83
90;Stauden liefern, für flächige Bepflanzung.;21,0;St;gaeb;vom_unternehmen_auszufuellende_dokumente/260618_ITZ_Neue Störschleife_LOS01 Tief-Landschaftsbauarbeiten.X83
91;Stauden liefern, für flächige Bepflanzung.;40,0;St;gaeb;vom_unternehmen_auszufuellende_dokumente/260618_ITZ_Neue Störschleife_LOS01 Tief-Landschaftsbauarbeiten.X83
92;Stauden liefern, für flächige Bepflanzung.;122,0;St;gaeb;vom_unternehmen_auszufuellende_dokumente/260618_ITZ_Neue Störschleife_LOS01 Tief-Landschaftsbauarbeiten.X83
93;Stauden liefern, für flächige Bepflanzung.;25,0;St;gaeb;vom_unternehmen_auszufuellende_dokumente/260618_ITZ_Neue Störschleife_LOS01 Tief-Landschaftsbauarbeiten.X83
94;Gräser liefern, für flächige Bepflanzung.;28,0;St;gaeb;vom_unternehmen_auszufuellende_dokumente/260618_ITZ_Neue Störschleife_LOS01 Tief-Landschaftsbauarbeiten.X83
95;Gräser liefern, für flächige Bepflanzung.;12,0;St;gaeb;vom_unternehmen_auszufuellende_dokumente/260618_ITZ_Neue Störschleife_LOS01 Tief-Landschaftsbauarbeiten.X83
96;Stauden liefern, für flächige Bepflanzung.;16,0;St;gaeb;vom_unternehmen_auszufuellende_dokumente/260618_ITZ_Neue Störschleife_LOS01 Tief-Landschaftsbauarbeiten.X83
97;Stauden liefern, für flächige Bepflanzung.;28,0;St;gaeb;vom_unternehmen_auszufuellende_dokumente/260618_ITZ_Neue Störschleife_LOS01 Tief-Landschaftsbauarbeiten.X83
98;Stauden liefern, für flächige Bepflanzung.;12,0;St;gaeb;vom_unternehmen_auszufuellende_dokumente/260618_ITZ_Neue Störschleife_LOS01 Tief-Landschaftsbauarbeiten.X83
99;Gräser liefern, für flächige Bepflanzung.;202,0;St;gaeb;vom_unternehmen_auszufuellende_dokumente/260618_ITZ_Neue Störschleife_LOS01 Tief-Landschaftsbauarbeiten.X83
100;Gräser liefern, für flächige Bepflanzung.;703,0;St;gaeb;vom_unternehmen_auszufuellende_dokumente/260618_ITZ_Neue Störschleife_LOS01 Tief-Landschaftsbauarbeiten.X83
101;Gräser liefern, für flächige Bepflanzung.;870,0;St;gaeb;vom_unternehmen_auszufuellende_dokumente/260618_ITZ_Neue Störschleife_LOS01 Tief-Landschaftsbauarbeiten.X83
102;Gräser liefern, für flächige Bepflanzung.;66,0;St;gaeb;vom_unternehmen_auszufuellende_dokumente/260618_ITZ_Neue Störschleife_LOS01 Tief-Landschaftsbauarbeiten.X83
103;Gräser liefern, für flächige Bepflanzung.;5,0;St;gaeb;vom_unternehmen_auszufuellende_dokumente/260618_ITZ_Neue Störschleife_LOS01 Tief-Landschaftsbauarbeiten.X83
104;Stauden liefern, für flächige Bepflanzung.;175,0;St;gaeb;vom_unternehmen_auszufuellende_dokumente/260618_ITZ_Neue Störschleife_LOS01 Tief-Landschaftsbauarbeiten.X83
105;Stauden liefern, für flächige Bepflanzung.;24,0;St;gaeb;vom_unternehmen_auszufuellende_dokumente/260618_ITZ_Neue Störschleife_LOS01 Tief-Landschaftsbauarbeiten.X83
106;Gräser liefern, für flächige Bepflanzung.;24,0;St;gaeb;vom_unternehmen_auszufuellende_dokumente/260618_ITZ_Neue Störschleife_LOS01 Tief-Landschaftsbauarbeiten.X83
107;Stauden liefern, für flächige Bepflanzung.;50,0;St;gaeb;vom_unternehmen_auszufuellende_dokumente/260618_ITZ_Neue Störschleife_LOS01 Tief-Landschaftsbauarbeiten.X83
108;Stauden liefern, für flächige Bepflanzung.;112,0;St;gaeb;vom_unternehmen_auszufuellende_dokumente/260618_ITZ_Neue Störschleife_LOS01 Tief-Landschaftsbauarbeiten.X83
109;Stauden liefern, für flächige Bepflanzung.;1075,0;St;gaeb;vom_unternehmen_auszufuellende_dokumente/260618_ITZ_Neue Störschleife_LOS01 Tief-Landschaftsbauarbeiten.X83
110;Stauden liefern, für flächige Bepflanzung.;82,0;St;gaeb;vom_unternehmen_auszufuellende_dokumente/260618_ITZ_Neue Störschleife_LOS01 Tief-Landschaftsbauarbeiten.X83
111;Stauden liefern, für flächige Bepflanzung.;72,0;St;gaeb;vom_unternehmen_auszufuellende_dokumente/260618_ITZ_Neue Störschleife_LOS01 Tief-Landschaftsbauarbeiten.X83
112;Stauden liefern, für flächige Bepflanzung.;332,0;St;gaeb;vom_unternehmen_auszufuellende_dokumente/260618_ITZ_Neue Störschleife_LOS01 Tief-Landschaftsbauarbeiten.X83
113;Stauden liefern, für flächige Bepflanzung.;7,0;St;gaeb;vom_unternehmen_auszufuellende_dokumente/260618_ITZ_Neue Störschleife_LOS01 Tief-Landschaftsbauarbeiten.X83
114;Stauden liefern, für flächige Bepflanzung.;36,0;St;gaeb;vom_unternehmen_auszufuellende_dokumente/260618_ITZ_Neue Störschleife_LOS01 Tief-Landschaftsbauarbeiten.X83
115;Stauden liefern, für flächige Bepflanzung.;9,0;St;gaeb;vom_unternehmen_auszufuellende_dokumente/260618_ITZ_Neue Störschleife_LOS01 Tief-Landschaftsbauarbeiten.X83
116;Stauden liefern, für flächige Bepflanzung.;128,0;St;gaeb;vom_unternehmen_auszufuellende_dokumente/260618_ITZ_Neue Störschleife_LOS01 Tief-Landschaftsbauarbeiten.X83
117;Stauden liefern, für flächige Bepflanzung.;96,0;St;gaeb;vom_unternehmen_auszufuellende_dokumente/260618_ITZ_Neue Störschleife_LOS01 Tief-Landschaftsbauarbeiten.X83
118;Stauden liefern, für flächige Bepflanzung.;11,0;St;gaeb;vom_unternehmen_auszufuellende_dokumente/260618_ITZ_Neue Störschleife_LOS01 Tief-Landschaftsbauarbeiten.X83
119;Stauden liefern, für flächige Bepflanzung.;208,0;St;gaeb;vom_unternehmen_auszufuellende_dokumente/260618_ITZ_Neue Störschleife_LOS01 Tief-Landschaftsbauarbeiten.X83
120;Stauden liefern, für flächige Bepflanzung.;60,0;St;gaeb;vom_unternehmen_auszufuellende_dokumente/260618_ITZ_Neue Störschleife_LOS01 Tief-Landschaftsbauarbeiten.X83
121;Stauden liefern, für flächige Bepflanzung.;313,0;St;gaeb;vom_unternehmen_auszufuellende_dokumente/260618_ITZ_Neue Störschleife_LOS01 Tief-Landschaftsbauarbeiten.X83
122;Stauden liefern, für flächige Bepflanzung.;536,0;St;gaeb;vom_unternehmen_auszufuellende_dokumente/260618_ITZ_Neue Störschleife_LOS01 Tief-Landschaftsbauarbeiten.X83
123;Stauden liefern, für flächige Bepflanzung.;7,0;St;gaeb;vom_unternehmen_auszufuellende_dokumente/260618_ITZ_Neue Störschleife_LOS01 Tief-Landschaftsbauarbeiten.X83
124;Stauden liefern, für flächige Bepflanzung.;35,0;St;gaeb;vom_unternehmen_auszufuellende_dokumente/260618_ITZ_Neue Störschleife_LOS01 Tief-Landschaftsbauarbeiten.X83
125;Stauden liefern, für flächige Bepflanzung.;34,0;St;gaeb;vom_unternehmen_auszufuellende_dokumente/260618_ITZ_Neue Störschleife_LOS01 Tief-Landschaftsbauarbeiten.X83
126;Stauden liefern, für flächige Bepflanzung.;362,0;St;gaeb;vom_unternehmen_auszufuellende_dokumente/260618_ITZ_Neue Störschleife_LOS01 Tief-Landschaftsbauarbeiten.X83
127;Stauden liefern, für flächige Bepflanzung.;14,0;St;gaeb;vom_unternehmen_auszufuellende_dokumente/260618_ITZ_Neue Störschleife_LOS01 Tief-Landschaftsbauarbeiten.X83
128;Stauden liefern, für flächige Bepflanzung.;31,0;St;gaeb;vom_unternehmen_auszufuellende_dokumente/260618_ITZ_Neue Störschleife_LOS01 Tief-Landschaftsbauarbeiten.X83
129;Stauden liefern, für flächige Bepflanzung.;16,0;St;gaeb;vom_unternehmen_auszufuellende_dokumente/260618_ITZ_Neue Störschleife_LOS01 Tief-Landschaftsbauarbeiten.X83
130;Stauden liefern, für flächige Bepflanzung.;12,0;St;gaeb;vom_unternehmen_auszufuellende_dokumente/260618_ITZ_Neue Störschleife_LOS01 Tief-Landschaftsbauarbeiten.X83
131;Stauden liefern, für flächige Bepflanzung.;28,0;St;gaeb;vom_unternehmen_auszufuellende_dokumente/260618_ITZ_Neue Störschleife_LOS01 Tief-Landschaftsbauarbeiten.X83
132;Stauden liefern, für flächige Bepflanzung.;24,0;St;gaeb;vom_unternehmen_auszufuellende_dokumente/260618_ITZ_Neue Störschleife_LOS01 Tief-Landschaftsbauarbeiten.X83
133;Stauden liefern, für flächige Bepflanzung.;10,0;St;gaeb;vom_unternehmen_auszufuellende_dokumente/260618_ITZ_Neue Störschleife_LOS01 Tief-Landschaftsbauarbeiten.X83
134;Stauden liefern, für flächige Bepflanzung.;315,0;St;gaeb;vom_unternehmen_auszufuellende_dokumente/260618_ITZ_Neue Störschleife_LOS01 Tief-Landschaftsbauarbeiten.X83
135;Stauden liefern, für flächige Bepflanzung.;59,0;St;gaeb;vom_unternehmen_auszufuellende_dokumente/260618_ITZ_Neue Störschleife_LOS01 Tief-Landschaftsbauarbeiten.X83
136;Stauden liefern, für flächige Bepflanzung.;47,0;St;gaeb;vom_unternehmen_auszufuellende_dokumente/260618_ITZ_Neue Störschleife_LOS01 Tief-Landschaftsbauarbeiten.X83
137;Stauden liefern, für flächige Bepflanzung.;19,0;St;gaeb;vom_unternehmen_auszufuellende_dokumente/260618_ITZ_Neue Störschleife_LOS01 Tief-Landschaftsbauarbeiten.X83
138;Stauden liefern, für flächige Bepflanzung.;25,0;St;gaeb;vom_unternehmen_auszufuellende_dokumente/260618_ITZ_Neue Störschleife_LOS01 Tief-Landschaftsbauarbeiten.X83
139;Stauden liefern, für flächige Bepflanzung.;9,0;St;gaeb;vom_unternehmen_auszufuellende_dokumente/260618_ITZ_Neue Störschleife_LOS01 Tief-Landschaftsbauarbeiten.X83
140;Stauden liefern, für flächige Bepflanzung.;11,0;St;gaeb;vom_unternehmen_auszufuellende_dokumente/260618_ITZ_Neue Störschleife_LOS01 Tief-Landschaftsbauarbeiten.X83
141;Stauden liefern, für flächige Bepflanzung.;9,0;St;gaeb;vom_unternehmen_auszufuellende_dokumente/260618_ITZ_Neue Störschleife_LOS01 Tief-Landschaftsbauarbeiten.X83
142;Stauden liefern, für flächige Bepflanzung.;341,0;St;gaeb;vom_unternehmen_auszufuellende_dokumente/260618_ITZ_Neue Störschleife_LOS01 Tief-Landschaftsbauarbeiten.X83
143;Stauden liefern, für flächige Bepflanzung.;245,0;St;gaeb;vom_unternehmen_auszufuellende_dokumente/260618_ITZ_Neue Störschleife_LOS01 Tief-Landschaftsbauarbeiten.X83
144;Stauden liefern, für flächige Bepflanzung.;27,0;St;gaeb;vom_unternehmen_auszufuellende_dokumente/260618_ITZ_Neue Störschleife_LOS01 Tief-Landschaftsbauarbeiten.X83
145;Gräser liefern, für flächige Bepflanzung.;129,0;St;gaeb;vom_unternehmen_auszufuellende_dokumente/260618_ITZ_Neue Störschleife_LOS01 Tief-Landschaftsbauarbeiten.X83
146;Gräser liefern, für flächige Bepflanzung.;34,0;St;gaeb;vom_unternehmen_auszufuellende_dokumente/260618_ITZ_Neue Störschleife_LOS01 Tief-Landschaftsbauarbeiten.X83
147;Stauden liefern, für flächige Bepflanzung.;14,0;St;gaeb;vom_unternehmen_auszufuellende_dokumente/260618_ITZ_Neue Störschleife_LOS01 Tief-Landschaftsbauarbeiten.X83
148;Stauden liefern, für flächige Bepflanzung.;21,0;St;gaeb;vom_unternehmen_auszufuellende_dokumente/260618_ITZ_Neue Störschleife_LOS01 Tief-Landschaftsbauarbeiten.X83
149;Stauden liefern, für flächige Bepflanzung.;12,0;St;gaeb;vom_unternehmen_auszufuellende_dokumente/260618_ITZ_Neue Störschleife_LOS01 Tief-Landschaftsbauarbeiten.X83
150;Stauden liefern, für flächige Bepflanzung.;25,0;St;gaeb;vom_unternehmen_auszufuellende_dokumente/260618_ITZ_Neue Störschleife_LOS01 Tief-Landschaftsbauarbeiten.X83
151;Stauden liefern, für flächige Bepflanzung.;62,0;St;gaeb;vom_unternehmen_auszufuellende_dokumente/260618_ITZ_Neue Störschleife_LOS01 Tief-Landschaftsbauarbeiten.X83
152;Gräser liefern, für flächige Bepflanzung.;10,0;St;gaeb;vom_unternehmen_auszufuellende_dokumente/260618_ITZ_Neue Störschleife_LOS01 Tief-Landschaftsbauarbeiten.X83
153;Gräser liefern, für flächige Bepflanzung.;17,0;St;gaeb;vom_unternehmen_auszufuellende_dokumente/260618_ITZ_Neue Störschleife_LOS01 Tief-Landschaftsbauarbeiten.X83
154;Stauden liefern, für flächige Bepflanzung.;12,0;St;gaeb;vom_unternehmen_auszufuellende_dokumente/260618_ITZ_Neue Störschleife_LOS01 Tief-Landschaftsbauarbeiten.X83
155;Stauden liefern, für flächige Bepflanzung.;51,0;St;gaeb;vom_unternehmen_auszufuellende_dokumente/260618_ITZ_Neue Störschleife_LOS01 Tief-Landschaftsbauarbeiten.X83
156;Stauden liefern, für flächige Bepflanzung.;113,0;St;gaeb;vom_unternehmen_auszufuellende_dokumente/260618_ITZ_Neue Störschleife_LOS01 Tief-Landschaftsbauarbeiten.X83
157;Stauden liefern, für flächige Bepflanzung.;47,0;St;gaeb;vom_unternehmen_auszufuellende_dokumente/260618_ITZ_Neue Störschleife_LOS01 Tief-Landschaftsbauarbeiten.X83
158;Stauden liefern, für flächige Bepflanzung.;17,0;St;gaeb;vom_unternehmen_auszufuellende_dokumente/260618_ITZ_Neue Störschleife_LOS01 Tief-Landschaftsbauarbeiten.X83
159;Stauden liefern, für flächige Bepflanzung.;154,0;St;gaeb;vom_unternehmen_auszufuellende_dokumente/260618_ITZ_Neue Störschleife_LOS01 Tief-Landschaftsbauarbeiten.X83
160;Stauden liefern, für flächige Bepflanzung.;10,0;St;gaeb;vom_unternehmen_auszufuellende_dokumente/260618_ITZ_Neue Störschleife_LOS01 Tief-Landschaftsbauarbeiten.X83
161;Stauden liefern, für flächige Bepflanzung.;21,0;St;gaeb;vom_unternehmen_auszufuellende_dokumente/260618_ITZ_Neue Störschleife_LOS01 Tief-Landschaftsbauarbeiten.X83
162;Stauden liefern, für flächige Bepflanzung.;10,0;St;gaeb;vom_unternehmen_auszufuellende_dokumente/260618_ITZ_Neue Störschleife_LOS01 Tief-Landschaftsbauarbeiten.X83
163;Stauden liefern, für flächige Bepflanzung.;33,0;St;gaeb;vom_unternehmen_auszufuellende_dokumente/260618_ITZ_Neue Störschleife_LOS01 Tief-Landschaftsbauarbeiten.X83
164;Stauden liefern, für flächige Bepflanzung.;41,0;St;gaeb;vom_unternehmen_auszufuellende_dokumente/260618_ITZ_Neue Störschleife_LOS01 Tief-Landschaftsbauarbeiten.X83
165;Stauden liefern, für flächige Bepflanzung.;9,0;St;gaeb;vom_unternehmen_auszufuellende_dokumente/260618_ITZ_Neue Störschleife_LOS01 Tief-Landschaftsbauarbeiten.X83
166;Stauden liefern, für flächige Bepflanzung.;12,0;St;gaeb;vom_unternehmen_auszufuellende_dokumente/260618_ITZ_Neue Störschleife_LOS01 Tief-Landschaftsbauarbeiten.X83
167;Stauden liefern, für flächige Bepflanzung.;40,0;St;gaeb;vom_unternehmen_auszufuellende_dokumente/260618_ITZ_Neue Störschleife_LOS01 Tief-Landschaftsbauarbeiten.X83
168;Stauden liefern, für flächige Bepflanzung.;12,0;St;gaeb;vom_unternehmen_auszufuellende_dokumente/260618_ITZ_Neue Störschleife_LOS01 Tief-Landschaftsbauarbeiten.X83
169;Stauden liefern, für flächige Bepflanzung.;51,0;St;gaeb;vom_unternehmen_auszufuellende_dokumente/260618_ITZ_Neue Störschleife_LOS01 Tief-Landschaftsbauarbeiten.X83
170;Stauden liefern, für flächige Bepflanzung.;97,0;St;gaeb;vom_unternehmen_auszufuellende_dokumente/260618_ITZ_Neue Störschleife_LOS01 Tief-Landschaftsbauarbeiten.X83
171;Stauden liefern, für flächige Bepflanzung.;72,0;St;gaeb;vom_unternehmen_auszufuellende_dokumente/260618_ITZ_Neue Störschleife_LOS01 Tief-Landschaftsbauarbeiten.X83
172;Stauden liefern, für flächige Bepflanzung.;12,0;St;gaeb;vom_unternehmen_auszufuellende_dokumente/260618_ITZ_Neue Störschleife_LOS01 Tief-Landschaftsbauarbeiten.X83
173;Stauden liefern, für flächige Bepflanzung.;17,0;St;gaeb;vom_unternehmen_auszufuellende_dokumente/260618_ITZ_Neue Störschleife_LOS01 Tief-Landschaftsbauarbeiten.X83
174;Stauden liefern, für flächige Bepflanzung.;3,0;St;gaeb;vom_unternehmen_auszufuellende_dokumente/260618_ITZ_Neue Störschleife_LOS01 Tief-Landschaftsbauarbeiten.X83
175;Stauden liefern, für flächige Bepflanzung.;187,0;St;gaeb;vom_unternehmen_auszufuellende_dokumente/260618_ITZ_Neue Störschleife_LOS01 Tief-Landschaftsbauarbeiten.X83
176;Gelieferte Stauden und Gräser nach Pflanzplan einsetzen, in vorbereitete Pflanzfläche, fachgerecht pflanzen und anwässern mit ausreichender Wassermenge pro m².;10125,0;St;gaeb;vom_unternehmen_auszufuellende_dokumente/260618_ITZ_Neue Störschleife_LOS01 Tief-Landschaftsbauarbeiten.X83
177;Wasserpflanzen liefern;3,0;St;gaeb;vom_unternehmen_auszufuellende_dokumente/260618_ITZ_Neue Störschleife_LOS01 Tief-Landschaftsbauarbeiten.X83
178;Wasserpflanzen liefern;4,0;St;gaeb;vom_unternehmen_auszufuellende_dokumente/260618_ITZ_Neue Störschleife_LOS01 Tief-Landschaftsbauarbeiten.X83
179;Wasserpflanzen liefern;3,0;St;gaeb;vom_unternehmen_auszufuellende_dokumente/260618_ITZ_Neue Störschleife_LOS01 Tief-Landschaftsbauarbeiten.X83
180;Gelieferte Wasserpflanzen nach Pflanzplan einsetzen, in vorbereitete Pflanzfläche, fachgerecht pflanzen.;10,0;St;gaeb;vom_unternehmen_auszufuellende_dokumente/260618_ITZ_Neue Störschleife_LOS01 Tief-Landschaftsbauarbeiten.X83
181;Geophyten liefern,;152,0;St;gaeb;vom_unternehmen_auszufuellende_dokumente/260618_ITZ_Neue Störschleife_LOS01 Tief-Landschaftsbauarbeiten.X83
182;Geophyten liefern,;30,0;St;gaeb;vom_unternehmen_auszufuellende_dokumente/260618_ITZ_Neue Störschleife_LOS01 Tief-Landschaftsbauarbeiten.X83
183;Geophyten liefern,;1944,0;St;gaeb;vom_unternehmen_auszufuellende_dokumente/260618_ITZ_Neue Störschleife_LOS01 Tief-Landschaftsbauarbeiten.X83
184;Geophyten liefern,;1088,0;St;gaeb;vom_unternehmen_auszufuellende_dokumente/260618_ITZ_Neue Störschleife_LOS01 Tief-Landschaftsbauarbeiten.X83
185;Geophyten liefern,;85,0;St;gaeb;vom_unternehmen_auszufuellende_dokumente/260618_ITZ_Neue Störschleife_LOS01 Tief-Landschaftsbauarbeiten.X83
186;Geophyten liefern,;7500,0;St;gaeb;vom_unternehmen_auszufuellende_dokumente/260618_ITZ_Neue Störschleife_LOS01 Tief-Landschaftsbauarbeiten.X83
187;Geophyten liefern,;384,0;St;gaeb;vom_unternehmen_auszufuellende_dokumente/260618_ITZ_Neue Störschleife_LOS01 Tief-Landschaftsbauarbeiten.X83
188;Geophyten liefern,;5499,0;St;gaeb;vom_unternehmen_auszufuellende_dokumente/260618_ITZ_Neue Störschleife_LOS01 Tief-Landschaftsbauarbeiten.X83
189;Geophyten liefern,;70,0;St;gaeb;vom_unternehmen_auszufuellende_dokumente/260618_ITZ_Neue Störschleife_LOS01 Tief-Landschaftsbauarbeiten.X83
190;Geophyten liefern,;90,0;St;gaeb;vom_unternehmen_auszufuellende_dokumente/260618_ITZ_Neue Störschleife_LOS01 Tief-Landschaftsbauarbeiten.X83
191;Geophyten liefern,;651,0;St;gaeb;vom_unternehmen_auszufuellende_dokumente/260618_ITZ_Neue Störschleife_LOS01 Tief-Landschaftsbauarbeiten.X83
192;Geophyten liefern,;1283,0;St;gaeb;vom_unternehmen_auszufuellende_dokumente/260618_ITZ_Neue Störschleife_LOS01 Tief-Landschaftsbauarbeiten.X83
193;Geophyten liefern,;434,0;St;gaeb;vom_unternehmen_auszufuellende_dokumente/260618_ITZ_Neue Störschleife_LOS01 Tief-Landschaftsbauarbeiten.X83
194;Geophyten liefern,;359,0;St;gaeb;vom_unternehmen_auszufuellende_dokumente/260618_ITZ_Neue Störschleife_LOS01 Tief-Landschaftsbauarbeiten.X83
195;Geophyten liefern,;4910,0;St;gaeb;vom_unternehmen_auszufuellende_dokumente/260618_ITZ_Neue Störschleife_LOS01 Tief-Landschaftsbauarbeiten.X83
196;Geophyten liefern,;1715,0;St;gaeb;vom_unternehmen_auszufuellende_dokumente/260618_ITZ_Neue Störschleife_LOS01 Tief-Landschaftsbauarbeiten.X83
197;Geophyten liefern,;135,0;St;gaeb;vom_unternehmen_auszufuellende_dokumente/260618_ITZ_Neue Störschleife_LOS01 Tief-Landschaftsbauarbeiten.X83
198;Geophyten in Pflanz- und Rasenflächen;26327,0;St;gaeb;vom_unternehmen_auszufuellende_dokumente/260618_ITZ_Neue Störschleife_LOS01 Tief-Landschaftsbauarbeiten.X83
1;Solitärbäume gem. DIN 18916 Abs. 6 + 7 pflegen.;96,0;St;gaeb;vom_unternehmen_auszufuellende_dokumente/260618_ITZ_Neue Störschleife_LOS01 Tief-Landschaftsbauarbeiten.X83
2;Wässerungsgang bei Ausbleiben natürlicher Niederschläge durchführen.;768,0;St;gaeb;vom_unternehmen_auszufuellende_dokumente/260618_ITZ_Neue Störschleife_LOS01 Tief-Landschaftsbauarbeiten.X83
3;Solitäre gem. DIN 18916 Abs. 6 + 7 pflegen.;46,0;St;gaeb;vom_unternehmen_auszufuellende_dokumente/260618_ITZ_Neue Störschleife_LOS01 Tief-Landschaftsbauarbeiten.X83
4;Wässerungsgang bei Ausbleiben natürlicher Niederschläge durchführen.;368,0;St;gaeb;vom_unternehmen_auszufuellende_dokumente/260618_ITZ_Neue Störschleife_LOS01 Tief-Landschaftsbauarbeiten.X83
5;Hecken gem. DIN 18916 Abs. 6 + 7 pflegen.;282,0;m;gaeb;vom_unternehmen_auszufuellende_dokumente/260618_ITZ_Neue Störschleife_LOS01 Tief-Landschaftsbauarbeiten.X83
6;Wässerungsgang bei Ausbleiben natürlicher Niederschläge durchführen.;2256,0;m;gaeb;vom_unternehmen_auszufuellende_dokumente/260618_ITZ_Neue Störschleife_LOS01 Tief-Landschaftsbauarbeiten.X83
7;Pflanz- und Staudenflächen, Kletterpflanzen gem. DIN 18916 pflegen.;2538,0;m²;gaeb;vom_unternehmen_auszufuellende_dokumente/260618_ITZ_Neue Störschleife_LOS01 Tief-Landschaftsbauarbeiten.X83
8;Wässerungsgang bei Ausbleiben natürlicher Niederschläge durchführen. Einschl. Wasserentnahme aus Hydrant und erforderlicher Transporte, liefern.;6768,0;m²;gaeb;vom_unternehmen_auszufuellende_dokumente/260618_ITZ_Neue Störschleife_LOS01 Tief-Landschaftsbauarbeiten.X83
9;Pflanz- und Staudenflächen, Kletterpflanzen gem. DIN 18916 pflegen.;6054,0;m²;gaeb;vom_unternehmen_auszufuellende_dokumente/260618_ITZ_Neue Störschleife_LOS01 Tief-Landschaftsbauarbeiten.X83
10;Erhöhte Anzahl Kontrollgänge aufgrund des hohen Unkrautdrucks unter den Bestandsbäumen im Brookhafenpark.;5316,0;m²;gaeb;vom_unternehmen_auszufuellende_dokumente/260618_ITZ_Neue Störschleife_LOS01 Tief-Landschaftsbauarbeiten.X83
11;Wässerungsgang bei Ausbleiben natürlicher Niederschläge durchführen. Einschl. Wasserentnahme aus Hydrant und erforderlicher Transporte, liefern.;16144,0;m²;gaeb;vom_unternehmen_auszufuellende_dokumente/260618_ITZ_Neue Störschleife_LOS01 Tief-Landschaftsbauarbeiten.X83
12;Pflanz- und Staudenflächen, Phragmites-Filter, gem. DIN 18916 pflegen.;1118,0;m²;gaeb;vom_unternehmen_auszufuellende_dokumente/260618_ITZ_Neue Störschleife_LOS01 Tief-Landschaftsbauarbeiten.X83
13;Fertigstellungspflege für Extensivbegrünung bei Ansaat nach den Richtlinien der FLL / ÖNORM L 1131 bis zur Abnahme der Flächen.;110,0;m²;gaeb;vom_unternehmen_auszufuellende_dokumente/260618_ITZ_Neue Störschleife_LOS01 Tief-Landschaftsbauarbeiten.X83
1;Erstellen einer Windsogberechnung, auf Grundlage der einschlägigen Normen und objektspezifischen Randbedingungen (u. a. Gebäudehöhe, Lage, Rand- und Eckbereiche).;1,0;psch;gaeb;vom_unternehmen_auszufuellende_dokumente/260618_ITZ_Neue Störschleife_LOS01 Tief-Landschaftsbauarbeiten.X83
2;Trenn- und Gleitlage liefern, einschl. 20 cm Überlappung;110,0;m²;gaeb;vom_unternehmen_auszufuellende_dokumente/260618_ITZ_Neue Störschleife_LOS01 Tief-Landschaftsbauarbeiten.X83
3;Schutzlage aus Vlies liefern und als Schutz der Dachabdichtung/Wurzelschutzbahn vor mechanischer Beanspruchung bzw. bei Materialunverträglichkeit gemäß DIN 18531-2, einschl.10 cm Überlappung fachgerecht verlegen.;110,0;m²;gaeb;vom_unternehmen_auszufuellende_dokumente/260618_ITZ_Neue Störschleife_LOS01 Tief-Landschaftsbauarbeiten.X83
4;Drän- und Wasserspeicherelement liefern und einbauen.;110,0;m²;gaeb;vom_unternehmen_auszufuellende_dokumente/260618_ITZ_Neue Störschleife_LOS01 Tief-Landschaftsbauarbeiten.X83
5;Filtervlies liefern und als Filterschicht zwischen Dränschicht und Substrat einschl. 10 cm Überlappung verlegen.;110,0;m²;gaeb;vom_unternehmen_auszufuellende_dokumente/260618_ITZ_Neue Störschleife_LOS01 Tief-Landschaftsbauarbeiten.X83
6;Extensivsubstrat;78,0;m²;gaeb;vom_unternehmen_auszufuellende_dokumente/260618_ITZ_Neue Störschleife_LOS01 Tief-Landschaftsbauarbeiten.X83
7;Herstellung eines Kiesstreifens am Dachrand, ohne Trennung zum Extensivsubstrat.;82,0;m;gaeb;vom_unternehmen_auszufuellende_dokumente/260618_ITZ_Neue Störschleife_LOS01 Tief-Landschaftsbauarbeiten.X83
8;Extensivbegrünung durch Ansaat mit Saatgutmischung und Sprossenansaat (auf Extensiv-Mehrschichtsubstrat E) herstellen.;110,0;m²;gaeb;vom_unternehmen_auszufuellende_dokumente/260618_ITZ_Neue Störschleife_LOS01 Tief-Landschaftsbauarbeiten.X83
1;Pflanzgrube ausheben, Größe 300 cm x 300 cm, Tiefe 200 cm, Sohle 20 cm tief in Handarbeit lockern. Seitenflächen in Handarbeit lockern. 50 % verdrängten Boden laden, auf der Baustelle transportieren und entsorgen. 50 % nach o. a. Lockerung als Untersubstrat wieder einbauen.;3,0;St;gaeb;vom_unternehmen_auszufuellende_dokumente/260618_ITZ_Neue Störschleife_LOS01 Tief-Landschaftsbauarbeiten.X83
2;Einschichtiges Baumgrubensubstrat;27,0;m³;gaeb;vom_unternehmen_auszufuellende_dokumente/260618_ITZ_Neue Störschleife_LOS01 Tief-Landschaftsbauarbeiten.X83
3;Vorbehandlung des Pflanzsubstrats mit Wurzelpflegemittel/Wurzellockstoffen zur Förderung der Wurzelbildung.;1,0;psch;gaeb;vom_unternehmen_auszufuellende_dokumente/260618_ITZ_Neue Störschleife_LOS01 Tief-Landschaftsbauarbeiten.X83
4;Vorhandene Linden, Tilia cordata, Höhe max. 12 m,;3,0;St;gaeb;vom_unternehmen_auszufuellende_dokumente/260618_ITZ_Neue Störschleife_LOS01 Tief-Landschaftsbauarbeiten.X83
5;Kronenrückschnitt zur Herstellung eines Gleichgewichtes zwischen Krone und Wurzelmasse.;3,0;St;gaeb;vom_unternehmen_auszufuellende_dokumente/260618_ITZ_Neue Störschleife_LOS01 Tief-Landschaftsbauarbeiten.X83
6;Baumverankerung mit Pfahl;3,0;St;gaeb;vom_unternehmen_auszufuellende_dokumente/260618_ITZ_Neue Störschleife_LOS01 Tief-Landschaftsbauarbeiten.X83
1;Laub entfernen, Art nach Wahl AN, laden und umweltgerecht;10000,0;m²;gaeb;vom_unternehmen_auszufuellende_dokumente/260618_ITZ_Neue Störschleife_LOS01 Tief-Landschaftsbauarbeiten.X83
2;Liefern, Einbauen, Vorhalten und Abbauen von Gießsäcken 75l für Bestandsbäume.;50,0;St;gaeb;vom_unternehmen_auszufuellende_dokumente/260618_ITZ_Neue Störschleife_LOS01 Tief-Landschaftsbauarbeiten.X83
3;Befüllen der Gießsäcke als Pflegeleistung während der Bauzeit, einschl. Dokumentation.;1000,0;St;gaeb;vom_unternehmen_auszufuellende_dokumente/260618_ITZ_Neue Störschleife_LOS01 Tief-Landschaftsbauarbeiten.X83
4;Bodenabdeckung abräumen von Vegetationsflächen, einschl. Entsorgung.;4000,0;m²;gaeb;vom_unternehmen_auszufuellende_dokumente/260618_ITZ_Neue Störschleife_LOS01 Tief-Landschaftsbauarbeiten.X83
1;Baum- / Pflanzgrube ausheben, 300/200 cm, Tiefe max 150 cm, Aushub getrennt nach Unter- und Oberboden seitlich lagern. Boden zur Verfüllung wiederverwenden (Extra-Position).;72,0;m³;gaeb;vom_unternehmen_auszufuellende_dokumente/260618_ITZ_Neue Störschleife_LOS01 Tief-Landschaftsbauarbeiten.X83
2;Boden und Tragschichtmaterial, in Mieten zwischengelagert, lösen, laden und nach dem Ergebnis des LAGA-Untersuchungsbericht und gem. Abfallwirtschaftsplan fachgerecht entsorgen.;129,6;t;gaeb;vom_unternehmen_auszufuellende_dokumente/260618_ITZ_Neue Störschleife_LOS01 Tief-Landschaftsbauarbeiten.X83
3;"Bauseitig gestelltes, fertig aufbereitetes Unterbodensubstrat beim Kommunalservice Itzehoe, Bereich Bauhof laden, zur jeweiligen Pflanzgrube transportieren und in 2-Lagen bis auf 0,40cm unter OK Bord einbauen und verdichten;";48,0;m³;gaeb;vom_unternehmen_auszufuellende_dokumente/260618_ITZ_Neue Störschleife_LOS01 Tief-Landschaftsbauarbeiten.X83
4;"Bauseitig gestelltes, fertig aufbereitetes Oberbodensubstrat beim Kommunalservice Itzehoe, Bereich Bauhof laden, zur jeweiligen Pflanzgrube transportieren und in 2-Lagen bis auf 0,05cm unter OK Bord einbauen und verdichten;";24,0;m³;gaeb;vom_unternehmen_auszufuellende_dokumente/260618_ITZ_Neue Störschleife_LOS01 Tief-Landschaftsbauarbeiten.X83
5;Solitärbaum liefern, DIN18916.;10,0;St;gaeb;vom_unternehmen_auszufuellende_dokumente/260618_ITZ_Neue Störschleife_LOS01 Tief-Landschaftsbauarbeiten.X83
6;Gelieferte Solitärbäume mit Ballen fachgerecht pflanzen, nach;10,0;St;gaeb;vom_unternehmen_auszufuellende_dokumente/260618_ITZ_Neue Störschleife_LOS01 Tief-Landschaftsbauarbeiten.X83
7;Thermischen Rindenschutz incl. Voranstrich herstellen.;65,0;St;gaeb;vom_unternehmen_auszufuellende_dokumente/260618_ITZ_Neue Störschleife_LOS01 Tief-Landschaftsbauarbeiten.X83
8;Baumverankerung als Dreibock herstellen, Baumpfähle aus Lärchenholz, nicht imprägniert, gleichmäßig gefräst.;20,0;St;gaeb;vom_unternehmen_auszufuellende_dokumente/260618_ITZ_Neue Störschleife_LOS01 Tief-Landschaftsbauarbeiten.X83
9;Solitärbäume gem. DIN 18916 Abs. 6 + 7 pflegen.;20,0;St;gaeb;vom_unternehmen_auszufuellende_dokumente/260618_ITZ_Neue Störschleife_LOS01 Tief-Landschaftsbauarbeiten.X83
10;Wässerungsgang bei Ausbleiben natürlicher Niederschläge durchführen.;160,0;St;gaeb;vom_unternehmen_auszufuellende_dokumente/260618_ITZ_Neue Störschleife_LOS01 Tief-Landschaftsbauarbeiten.X83
1;Planum für Wiesen- und Rasenflächen herstellen;1544,0;m²;gaeb;vom_unternehmen_auszufuellende_dokumente/260618_ITZ_Neue Störschleife_LOS01 Tief-Landschaftsbauarbeiten.X83
2;"Ansaat mit zertifiziertem, gebietseigenem Wildpflanzensaatgut aus kontrolliertem Anbau mit gesicherter regionaler Herkunft entsprechend VWW-Standard ""VWW Regiosaaten"" gemäß der unten aufgeführten Mischung, Mischungszusammensetzung liefern.";1454,0;m²;gaeb;vom_unternehmen_auszufuellende_dokumente/260618_ITZ_Neue Störschleife_LOS01 Tief-Landschaftsbauarbeiten.X83
3;Saatgutmischung aus trockenheitsresisten und trittfesten Kräutern zur Begrünung von Schotterrasenflächen liefern;90,0;m²;gaeb;vom_unternehmen_auszufuellende_dokumente/260618_ITZ_Neue Störschleife_LOS01 Tief-Landschaftsbauarbeiten.X83
4;Zwischenbegrünung zum Schutz von Vegetationsflächen liefern und herstellen.;4000,0;m²;gaeb;vom_unternehmen_auszufuellende_dokumente/260618_ITZ_Neue Störschleife_LOS01 Tief-Landschaftsbauarbeiten.X83
5;Im Rahmen der Fertigstellungspflege gem. DIN 18 917;6176,0;m²;gaeb;vom_unternehmen_auszufuellende_dokumente/260618_ITZ_Neue Störschleife_LOS01 Tief-Landschaftsbauarbeiten.X83
6;Wässerungsgang bei Ausbleiben natürlicher Niederschläge durchführen.;9264,0;m²;gaeb;vom_unternehmen_auszufuellende_dokumente/260618_ITZ_Neue Störschleife_LOS01 Tief-Landschaftsbauarbeiten.X83
1;Schutz des Wurzelbereiches von Bäumen vor Druckschäden;720,0;m²;gaeb;vom_unternehmen_auszufuellende_dokumente/260618_ITZ_Neue Störschleife_LOS01 Tief-Landschaftsbauarbeiten.X83
2;Lastverteilungplatten der Vorposition umlegen,;150,0;m²;gaeb;vom_unternehmen_auszufuellende_dokumente/260618_ITZ_Neue Störschleife_LOS01 Tief-Landschaftsbauarbeiten.X83
3;Bodenschutzplatte aus Kunststoff zum Schutz von;60,0;m²;gaeb;vom_unternehmen_auszufuellende_dokumente/260618_ITZ_Neue Störschleife_LOS01 Tief-Landschaftsbauarbeiten.X83
4;Schutz gegen mechanische Schäden für Bäume;64,0;St;gaeb;vom_unternehmen_auszufuellende_dokumente/260618_ITZ_Neue Störschleife_LOS01 Tief-Landschaftsbauarbeiten.X83
5;Zaun bestehend aus Holzpfosten liefern und im Abstand von 150 cm zur Baumkrone setzen.;50,0;m;gaeb;vom_unternehmen_auszufuellende_dokumente/260618_ITZ_Neue Störschleife_LOS01 Tief-Landschaftsbauarbeiten.X83
6;Suchgräben zur Auffindung von Wurzeln;300,0;m;gaeb;vom_unternehmen_auszufuellende_dokumente/260618_ITZ_Neue Störschleife_LOS01 Tief-Landschaftsbauarbeiten.X83
7;Bodenentfernung im Wurzelbereich von;23,0;d;gaeb;vom_unternehmen_auszufuellende_dokumente/260618_ITZ_Neue Störschleife_LOS01 Tief-Landschaftsbauarbeiten.X83
8;Schneiden freigelegter Wurzeln.;300,0;m;gaeb;vom_unternehmen_auszufuellende_dokumente/260618_ITZ_Neue Störschleife_LOS01 Tief-Landschaftsbauarbeiten.X83
9;Wurzelvorhang herstellen,;300,0;m;gaeb;vom_unternehmen_auszufuellende_dokumente/260618_ITZ_Neue Störschleife_LOS01 Tief-Landschaftsbauarbeiten.X83
10;Wässern des Wurzelvorhanges, Wasser kann mittels vorh. Außenzapfstelle entnommen werden, Schlauchlänge bis 30m, Mindestwassermenge je Arbeitsgang 20 l/m, 10 Arbeitsgänge,;300,0;m;gaeb;vom_unternehmen_auszufuellende_dokumente/260618_ITZ_Neue Störschleife_LOS01 Tief-Landschaftsbauarbeiten.X83
11;Erstellen einer Werkplanung. Grundlage der Werkplanung sind die in der Ausführungsbeschreibung/-planung beschriebenen und in den nachfolgenden Positionen detallierten Elemente und das digitale Aufmass vor Ort.;1,0;psch;gaeb;vom_unternehmen_auszufuellende_dokumente/260618_ITZ_Neue Störschleife_LOS01 Tief-Landschaftsbauarbeiten.X83
12;Wurzelbrücken aus Stahl in Modulbauweise,;220,0;m²;gaeb;vom_unternehmen_auszufuellende_dokumente/260618_ITZ_Neue Störschleife_LOS01 Tief-Landschaftsbauarbeiten.X83
13;Verfüllung der Zwischenräume freigelegter Wurzeln und Unterkonstruktion Wurzelbrücke mit Baumsubstrat;88,0;m³;gaeb;vom_unternehmen_auszufuellende_dokumente/260618_ITZ_Neue Störschleife_LOS01 Tief-Landschaftsbauarbeiten.X83
14;Substrat für Pflanzgrubenbauweise 2, liefern und ordnungsgemäß einbauen.;108,5;m³;gaeb;vom_unternehmen_auszufuellende_dokumente/260618_ITZ_Neue Störschleife_LOS01 Tief-Landschaftsbauarbeiten.X83
15;Kronenpflegesschnitt und Entfernung von Totholz nach geltender ZTV-Baumpflege durch einen Baumpfleger, inkl. Motorsäge, sonstige Kleingeräte, Verbrauchsmaterial und Fahrzeug.;20,0;St;gaeb;vom_unternehmen_auszufuellende_dokumente/260618_ITZ_Neue Störschleife_LOS01 Tief-Landschaftsbauarbeiten.X83
16;Aufastung nach geltender ZTV-Baumpflege durch einen Baumpfleger, inkl. Motorsäge, sonstige Kleingeräte, Verbrauchsmaterial und Fahrzeug für Herstellung Lichtraumprofil.;20,0;St;gaeb;vom_unternehmen_auszufuellende_dokumente/260618_ITZ_Neue Störschleife_LOS01 Tief-Landschaftsbauarbeiten.X83
17;Kronenpflegesschnitt und Entfernung von Totholz nach geltender ZTV-Baumpflege durch einen Baumpfleger, inkl. Motorsäge, sonstige Kleingeräte, Verbrauchsmaterial und Fahrzeug.;20,0;St;gaeb;vom_unternehmen_auszufuellende_dokumente/260618_ITZ_Neue Störschleife_LOS01 Tief-Landschaftsbauarbeiten.X83
18;Aufastung nach geltender ZTV-Baumpflege durch einen Baumpfleger, inkl. Motorsäge, sonstige Kleingeräte, Verbrauchsmaterial und Fahrzeug für Herstellung Lichtraumprofil.;20,0;St;gaeb;vom_unternehmen_auszufuellende_dokumente/260618_ITZ_Neue Störschleife_LOS01 Tief-Landschaftsbauarbeiten.X83
19;Kronenpflegesschnitt und Entfernung von Totholz nach geltender ZTV-Baumpflege durch einen Baumpfleger,inkl. Motorsäge, sonstige Kleingeräte, Verbrauchsmaterial und Fahrzeug.;20,0;St;gaeb;vom_unternehmen_auszufuellende_dokumente/260618_ITZ_Neue Störschleife_LOS01 Tief-Landschaftsbauarbeiten.X83
20;Aufastung nach geltender ZTV-Baumpflege durch einen Baumpfleger, inkl. Motorsäge, sonstige Kleingeräte, Verbrauchsmaterial und Fahrzeug für Herstellung Lichtraumprofil.;20,0;St;gaeb;vom_unternehmen_auszufuellende_dokumente/260618_ITZ_Neue Störschleife_LOS01 Tief-Landschaftsbauarbeiten.X83
21;Lockerung und Düngung in einer Tiefe von ca. 60-80 cm, Abstand min. 80cm,;400,0;St;gaeb;vom_unternehmen_auszufuellende_dokumente/260618_ITZ_Neue Störschleife_LOS01 Tief-Landschaftsbauarbeiten.X83
1;Baum fällen, STU > 75cm bis 150cm;48,0;St;gaeb;vom_unternehmen_auszufuellende_dokumente/260618_ITZ_Neue Störschleife_LOS01 Tief-Landschaftsbauarbeiten.X83
2;"wie Vorpos. ""Baum fällen StU > 75cm bis 150cm"",";6,0;St;gaeb;vom_unternehmen_auszufuellende_dokumente/260618_ITZ_Neue Störschleife_LOS01 Tief-Landschaftsbauarbeiten.X83
3;Wurzelstock roden, STU > 75cm bis 150cm;48,0;St;gaeb;vom_unternehmen_auszufuellende_dokumente/260618_ITZ_Neue Störschleife_LOS01 Tief-Landschaftsbauarbeiten.X83
4;"wie Vorposition ""Wurzelstock roden StU > 75cm bis 150cm"",";6,0;St;gaeb;vom_unternehmen_auszufuellende_dokumente/260618_ITZ_Neue Störschleife_LOS01 Tief-Landschaftsbauarbeiten.X83
5;Wurzelstock herausfräsen,;1,0;St;gaeb;vom_unternehmen_auszufuellende_dokumente/260618_ITZ_Neue Störschleife_LOS01 Tief-Landschaftsbauarbeiten.X83
6;Solitärsträucher,;5,0;St;gaeb;vom_unternehmen_auszufuellende_dokumente/260618_ITZ_Neue Störschleife_LOS01 Tief-Landschaftsbauarbeiten.X83
7;Vorhandenen Aufwuchs/Sträucher mit Höhe bis ca. 2,00 m,;1715,0;m²;gaeb;vom_unternehmen_auszufuellende_dokumente/260618_ITZ_Neue Störschleife_LOS01 Tief-Landschaftsbauarbeiten.X83
8;"Zulage Vorpos. ""Vegetationsflächen abräumen""";910,0;m²;gaeb;vom_unternehmen_auszufuellende_dokumente/260618_ITZ_Neue Störschleife_LOS01 Tief-Landschaftsbauarbeiten.X83
9;Vorhandenen Aufwuchs/Sträucher mit Höhe bis ca. 5,00 m,;590,0;m²;gaeb;vom_unternehmen_auszufuellende_dokumente/260618_ITZ_Neue Störschleife_LOS01 Tief-Landschaftsbauarbeiten.X83
10;"Zulage Vorpos. ""Gehölzflächen abräumen""";460,0;m²;gaeb;vom_unternehmen_auszufuellende_dokumente/260618_ITZ_Neue Störschleife_LOS01 Tief-Landschaftsbauarbeiten.X83
11;Vorhandene Grasnarbe / Krautschicht in Teilflächen;2601,0;m²;gaeb;vom_unternehmen_auszufuellende_dokumente/260618_ITZ_Neue Störschleife_LOS01 Tief-Landschaftsbauarbeiten.X83
12;Rasenborde Beton bis 100/25/6 cm;104,0;m;gaeb;vom_unternehmen_auszufuellende_dokumente/260618_ITZ_Neue Störschleife_LOS01 Tief-Landschaftsbauarbeiten.X83
13;Tiefborde Beton bis 100/30/12 cm;423,0;m;gaeb;vom_unternehmen_auszufuellende_dokumente/260618_ITZ_Neue Störschleife_LOS01 Tief-Landschaftsbauarbeiten.X83
14;Hochborde Beton bis 100/30/18 cm;105,0;m;gaeb;vom_unternehmen_auszufuellende_dokumente/260618_ITZ_Neue Störschleife_LOS01 Tief-Landschaftsbauarbeiten.X83
15;Tiefborde Granit bis 100/30/12 cm;93,0;m;gaeb;vom_unternehmen_auszufuellende_dokumente/260618_ITZ_Neue Störschleife_LOS01 Tief-Landschaftsbauarbeiten.X83
16;Hochborde Beton bis 100/30/15 cm;260,0;m;gaeb;vom_unternehmen_auszufuellende_dokumente/260618_ITZ_Neue Störschleife_LOS01 Tief-Landschaftsbauarbeiten.X83
17;Großsteinpflaster Granit aufnehmen, entsorgen;165,0;m;gaeb;vom_unternehmen_auszufuellende_dokumente/260618_ITZ_Neue Störschleife_LOS01 Tief-Landschaftsbauarbeiten.X83
18;Abbruch Mauer aus Großsteinpflaster Granit 16/22,;300,0;m;gaeb;vom_unternehmen_auszufuellende_dokumente/260618_ITZ_Neue Störschleife_LOS01 Tief-Landschaftsbauarbeiten.X83
19;Abbruch Mauer aus Großsteinpflaster Granit 16/22,;13,0;m;gaeb;vom_unternehmen_auszufuellende_dokumente/260618_ITZ_Neue Störschleife_LOS01 Tief-Landschaftsbauarbeiten.X83
20;Stufenkanten aufnehmen, zur Wiederverwendung;247,0;m;gaeb;vom_unternehmen_auszufuellende_dokumente/260618_ITZ_Neue Störschleife_LOS01 Tief-Landschaftsbauarbeiten.X83
21;Stahleinfassung Pflanzbeet, Corten-Stahl Dicke 3-5mm,;52,0;m;gaeb;vom_unternehmen_auszufuellende_dokumente/260618_ITZ_Neue Störschleife_LOS01 Tief-Landschaftsbauarbeiten.X83
22;Asphaltanalyse von vorhandener Asphaltfläche einschl. Probenahme vor Beginn der Bauarbeiten durchführen, Untersuchung auf PAK, Asbest und Phenolindex.;2,0;St;gaeb;vom_unternehmen_auszufuellende_dokumente/260618_ITZ_Neue Störschleife_LOS01 Tief-Landschaftsbauarbeiten.X83
23;Asphaltflächen,;450,0;m²;gaeb;vom_unternehmen_auszufuellende_dokumente/260618_ITZ_Neue Störschleife_LOS01 Tief-Landschaftsbauarbeiten.X83
24;für 5 cm Mehraufbau;290,0;m²;gaeb;vom_unternehmen_auszufuellende_dokumente/260618_ITZ_Neue Störschleife_LOS01 Tief-Landschaftsbauarbeiten.X83
25;für 10 cm Mehraufbau;290,0;m²;gaeb;vom_unternehmen_auszufuellende_dokumente/260618_ITZ_Neue Störschleife_LOS01 Tief-Landschaftsbauarbeiten.X83
26;Entsorgung des geförderten bituminösen Materials;38,0;t;gaeb;vom_unternehmen_auszufuellende_dokumente/260618_ITZ_Neue Störschleife_LOS01 Tief-Landschaftsbauarbeiten.X83
27;Entsorgung des geförderten bituminösen Materials;52,0;t;gaeb;vom_unternehmen_auszufuellende_dokumente/260618_ITZ_Neue Störschleife_LOS01 Tief-Landschaftsbauarbeiten.X83
28;Entsorgung des geförderten bituminösen Materials;70,0;t;gaeb;vom_unternehmen_auszufuellende_dokumente/260618_ITZ_Neue Störschleife_LOS01 Tief-Landschaftsbauarbeiten.X83
29;Bestehendes Pflastermosaik, verschiedene Steingrößen,;25,0;m²;gaeb;vom_unternehmen_auszufuellende_dokumente/260618_ITZ_Neue Störschleife_LOS01 Tief-Landschaftsbauarbeiten.X83
30;Gehwegplatten 75/50x50x7cm inkl. ungebundene Bettung, aufnehmen, laden, transportieren und;5,0;m²;gaeb;vom_unternehmen_auszufuellende_dokumente/260618_ITZ_Neue Störschleife_LOS01 Tief-Landschaftsbauarbeiten.X83
31;Betonpflaster 30x30x8cm, Rechteckpflaster,;1130,0;m²;gaeb;vom_unternehmen_auszufuellende_dokumente/260618_ITZ_Neue Störschleife_LOS01 Tief-Landschaftsbauarbeiten.X83
32;Kleinsteinpflaster Granit aufnehmen,;2159,0;m²;gaeb;vom_unternehmen_auszufuellende_dokumente/260618_ITZ_Neue Störschleife_LOS01 Tief-Landschaftsbauarbeiten.X83
33;Abbruch Rinne in gebundener Bauweise;80,0;m²;gaeb;vom_unternehmen_auszufuellende_dokumente/260618_ITZ_Neue Störschleife_LOS01 Tief-Landschaftsbauarbeiten.X83
34;Kleinsteinpflaster Granit aufnehmen,;132,0;m²;gaeb;vom_unternehmen_auszufuellende_dokumente/260618_ITZ_Neue Störschleife_LOS01 Tief-Landschaftsbauarbeiten.X83
35;Großsteinpflaster Granit aufnehmen,;1946,0;m²;gaeb;vom_unternehmen_auszufuellende_dokumente/260618_ITZ_Neue Störschleife_LOS01 Tief-Landschaftsbauarbeiten.X83
36;Abbruch Rinne in gebundener Bauweise;212,0;m²;gaeb;vom_unternehmen_auszufuellende_dokumente/260618_ITZ_Neue Störschleife_LOS01 Tief-Landschaftsbauarbeiten.X83
37;Pflasterklinker aufnehmen, auf Paletten stapeln, transportieren und lagern zur Wiederverwendung;2402,0;m²;gaeb;vom_unternehmen_auszufuellende_dokumente/260618_ITZ_Neue Störschleife_LOS01 Tief-Landschaftsbauarbeiten.X83
38;alte Granddecke abziehen, Abtragsstärke ca. 10 cm,;1274,0;m²;gaeb;vom_unternehmen_auszufuellende_dokumente/260618_ITZ_Neue Störschleife_LOS01 Tief-Landschaftsbauarbeiten.X83
39;mehrschichtige, wassergebundene Belagsdecke,;210,0;m²;gaeb;vom_unternehmen_auszufuellende_dokumente/260618_ITZ_Neue Störschleife_LOS01 Tief-Landschaftsbauarbeiten.X83
40;Handelsüblicher Spielsand 0/2mm,;176,0;m³;gaeb;vom_unternehmen_auszufuellende_dokumente/260618_ITZ_Neue Störschleife_LOS01 Tief-Landschaftsbauarbeiten.X83
41;Ausbau Stufenanlage Theater, aufgrund Lageveränderung und / oder Absackung, der best. Treppenanlage.;515,0;m;gaeb;vom_unternehmen_auszufuellende_dokumente/260618_ITZ_Neue Störschleife_LOS01 Tief-Landschaftsbauarbeiten.X83
42;Entsorgung überzähliger und defekter Blockstufen;10,0;m;gaeb;vom_unternehmen_auszufuellende_dokumente/260618_ITZ_Neue Störschleife_LOS01 Tief-Landschaftsbauarbeiten.X83
43;Bauliche Anlage abbrechen;79,75;m³;gaeb;vom_unternehmen_auszufuellende_dokumente/260618_ITZ_Neue Störschleife_LOS01 Tief-Landschaftsbauarbeiten.X83
44;Entwässerungseinrichtungen -punktuelle,;10,0;St;gaeb;vom_unternehmen_auszufuellende_dokumente/260618_ITZ_Neue Störschleife_LOS01 Tief-Landschaftsbauarbeiten.X83
45;Entwässerungseinrichtungen -punktuelle,;38,0;St;gaeb;vom_unternehmen_auszufuellende_dokumente/260618_ITZ_Neue Störschleife_LOS01 Tief-Landschaftsbauarbeiten.X83
46;offene Leitungen zum späteren Wiederanschluss von Entwässerungselementen verschließen und sichern bzw.;48,0;St;gaeb;vom_unternehmen_auszufuellende_dokumente/260618_ITZ_Neue Störschleife_LOS01 Tief-Landschaftsbauarbeiten.X83
47;Revisionsschacht DN1000, mehrteilig aus Beton,;9,0;St;gaeb;vom_unternehmen_auszufuellende_dokumente/260618_ITZ_Neue Störschleife_LOS01 Tief-Landschaftsbauarbeiten.X83
48;Schmutzfanggitter in Überlaufbecken demontieren,;1,0;St;gaeb;vom_unternehmen_auszufuellende_dokumente/260618_ITZ_Neue Störschleife_LOS01 Tief-Landschaftsbauarbeiten.X83
49;Alte Entwässerungsleitungen aufnehmen und entsorgen;650,0;m;gaeb;vom_unternehmen_auszufuellende_dokumente/260618_ITZ_Neue Störschleife_LOS01 Tief-Landschaftsbauarbeiten.X83
50;Alte Stromleitungen aufnehmen und entsorgen;1950,0;m;gaeb;vom_unternehmen_auszufuellende_dokumente/260618_ITZ_Neue Störschleife_LOS01 Tief-Landschaftsbauarbeiten.X83
51;Fahrgastunterstände aus Stahl,;6,0;St;gaeb;vom_unternehmen_auszufuellende_dokumente/260618_ITZ_Neue Störschleife_LOS01 Tief-Landschaftsbauarbeiten.X83
52;runde, pilzförmige Aufsatzleuchte,;20,0;St;gaeb;vom_unternehmen_auszufuellende_dokumente/260618_ITZ_Neue Störschleife_LOS01 Tief-Landschaftsbauarbeiten.X83
53;Masten ca. 4,50m Höhe,;10,0;St;gaeb;vom_unternehmen_auszufuellende_dokumente/260618_ITZ_Neue Störschleife_LOS01 Tief-Landschaftsbauarbeiten.X83
54;runde, pilzförmige Aufsatzleuchte,;25,0;St;gaeb;vom_unternehmen_auszufuellende_dokumente/260618_ITZ_Neue Störschleife_LOS01 Tief-Landschaftsbauarbeiten.X83
55;Masten ca. 4,50m Höhe,;35,0;St;gaeb;vom_unternehmen_auszufuellende_dokumente/260618_ITZ_Neue Störschleife_LOS01 Tief-Landschaftsbauarbeiten.X83
56;Pollerleuchten ca. 1,00m Höhe,;3,0;St;gaeb;vom_unternehmen_auszufuellende_dokumente/260618_ITZ_Neue Störschleife_LOS01 Tief-Landschaftsbauarbeiten.X83
57;"Gedenkstein ""Deutsche Einheit"",";1,0;St;gaeb;vom_unternehmen_auszufuellende_dokumente/260618_ITZ_Neue Störschleife_LOS01 Tief-Landschaftsbauarbeiten.X83
58;Einbauten mit einem Punktfundament - wie Poller/Pfosten-Stahl - aufnehmen, transportieren und entsorgen.;95,0;St;gaeb;vom_unternehmen_auszufuellende_dokumente/260618_ITZ_Neue Störschleife_LOS01 Tief-Landschaftsbauarbeiten.X83
59;Einbauten mit zwei Punktfundamenten aus Stahl;19,0;St;gaeb;vom_unternehmen_auszufuellende_dokumente/260618_ITZ_Neue Störschleife_LOS01 Tief-Landschaftsbauarbeiten.X83
60;Informationstafeln und Schaukästen,;4,0;St;gaeb;vom_unternehmen_auszufuellende_dokumente/260618_ITZ_Neue Störschleife_LOS01 Tief-Landschaftsbauarbeiten.X83
61;Durchfahrsperren Betonquader,;3,0;St;gaeb;vom_unternehmen_auszufuellende_dokumente/260618_ITZ_Neue Störschleife_LOS01 Tief-Landschaftsbauarbeiten.X83
62;Papierkörbe Stahl mit zwei Füßen,;8,0;St;gaeb;vom_unternehmen_auszufuellende_dokumente/260618_ITZ_Neue Störschleife_LOS01 Tief-Landschaftsbauarbeiten.X83
63;Hockerbänke, teilweise auch mit Rückenlehne,;14,0;St;gaeb;vom_unternehmen_auszufuellende_dokumente/260618_ITZ_Neue Störschleife_LOS01 Tief-Landschaftsbauarbeiten.X83
64;Hockerbänke, teilweise auch mit Rückenlehne,;5,0;St;gaeb;vom_unternehmen_auszufuellende_dokumente/260618_ITZ_Neue Störschleife_LOS01 Tief-Landschaftsbauarbeiten.X83
65;wie Vorposition, jedoch Lehnenbank mit Tisch;1,0;St;gaeb;vom_unternehmen_auszufuellende_dokumente/260618_ITZ_Neue Störschleife_LOS01 Tief-Landschaftsbauarbeiten.X83
66;Baumroste aus Guss, Ø 2,0m,;30,0;St;gaeb;vom_unternehmen_auszufuellende_dokumente/260618_ITZ_Neue Störschleife_LOS01 Tief-Landschaftsbauarbeiten.X83
67;Schaukel rückbauen, zur Wiederverwendung;1,0;psch;gaeb;vom_unternehmen_auszufuellende_dokumente/260618_ITZ_Neue Störschleife_LOS01 Tief-Landschaftsbauarbeiten.X83
68;Kletterturm rückbauen, zur Wiederverwendung;1,0;psch;gaeb;vom_unternehmen_auszufuellende_dokumente/260618_ITZ_Neue Störschleife_LOS01 Tief-Landschaftsbauarbeiten.X83
69;Hinweis-/Verkehrsschilder demontieren, laden und abfahren;36,0;St;gaeb;vom_unternehmen_auszufuellende_dokumente/260618_ITZ_Neue Störschleife_LOS01 Tief-Landschaftsbauarbeiten.X83
70;Geländer Vierkant aus Gusseisen,;3,0;m;gaeb;vom_unternehmen_auszufuellende_dokumente/260618_ITZ_Neue Störschleife_LOS01 Tief-Landschaftsbauarbeiten.X83
71;Brüstungsgeländer rund, Stahl verzinkt,;12,5;m;gaeb;vom_unternehmen_auszufuellende_dokumente/260618_ITZ_Neue Störschleife_LOS01 Tief-Landschaftsbauarbeiten.X83
72;Metallzaun Gusseisern, abgängig;10,0;m;gaeb;vom_unternehmen_auszufuellende_dokumente/260618_ITZ_Neue Störschleife_LOS01 Tief-Landschaftsbauarbeiten.X83
73;Frontgitterzaun Stahl verzinkt, abgängig;12,0;m;gaeb;vom_unternehmen_auszufuellende_dokumente/260618_ITZ_Neue Störschleife_LOS01 Tief-Landschaftsbauarbeiten.X83
74;Sichtschutzzaun Holz,;12,0;m;gaeb;vom_unternehmen_auszufuellende_dokumente/260618_ITZ_Neue Störschleife_LOS01 Tief-Landschaftsbauarbeiten.X83
75;Holzbohlenpalisaden, Ø ca. 15cm,;18,0;m;gaeb;vom_unternehmen_auszufuellende_dokumente/260618_ITZ_Neue Störschleife_LOS01 Tief-Landschaftsbauarbeiten.X83
76;Lärmschutzwand aus Holzbohlen,;71,0;m;gaeb;vom_unternehmen_auszufuellende_dokumente/260618_ITZ_Neue Störschleife_LOS01 Tief-Landschaftsbauarbeiten.X83
77;Abfälle im Baufeld händisch beräumen, sammeln,;30,0;m³;gaeb;vom_unternehmen_auszufuellende_dokumente/260618_ITZ_Neue Störschleife_LOS01 Tief-Landschaftsbauarbeiten.X83
78;Betonfundamente sammeln, laden und in Containern, nach dem z.Zt gültigen Abfallwirtschaftsgesetz ordnungsgemäß entsorgen, einschl. der Gebühren.;65,0;m³;gaeb;vom_unternehmen_auszufuellende_dokumente/260618_ITZ_Neue Störschleife_LOS01 Tief-Landschaftsbauarbeiten.X83
79;Zulage für den Einsatz eines angebauten Hydraulik-Stemmhammers anstelle des Löffels, einschließlich Rüsten des Geräts, Bedienung, erhöhter Geräte- und Verschleißaufwendungen sowie der durch den Hammerbetrieb bedingten Mehrzeiten.;10,0;m³;gaeb;vom_unternehmen_auszufuellende_dokumente/260618_ITZ_Neue Störschleife_LOS01 Tief-Landschaftsbauarbeiten.X83
1;Stundensatz für baumgutacherliche/baumpflegerische Begleitung während der Bautätigkeiten.;66,0;h;gaeb;vom_unternehmen_auszufuellende_dokumente/260618_ITZ_Neue Störschleife_LOS01 Tief-Landschaftsbauarbeiten.X83
2;Stundensatz für baumgutacherliche/baumpflegerische Begleitung während der Bautätigkeiten.;184,0;h;gaeb;vom_unternehmen_auszufuellende_dokumente/260618_ITZ_Neue Störschleife_LOS01 Tief-Landschaftsbauarbeiten.X83
3;Stundensatz für baumpflegerische Arbeiten, in Form von Schnittmaßnahmen während der Bautätigkeiten.;8,0;h;gaeb;vom_unternehmen_auszufuellende_dokumente/260618_ITZ_Neue Störschleife_LOS01 Tief-Landschaftsbauarbeiten.X83
4;Landschaftsgärtner / Gartenarbeiter;100,0;h;gaeb;vom_unternehmen_auszufuellende_dokumente/260618_ITZ_Neue Störschleife_LOS01 Tief-Landschaftsbauarbeiten.X83
5;Stundensatz für Steinmetzarbeiten durch Facharbeiter, einschl.. aller erforderlichen Handwerkzeuge und Kleinmaschinen.;8,0;h;gaeb;vom_unternehmen_auszufuellende_dokumente/260618_ITZ_Neue Störschleife_LOS01 Tief-Landschaftsbauarbeiten.X83
6;Mobilbagger 3 t, einschl. Bedienung/Fahrer sowie An-;50,0;h;gaeb;vom_unternehmen_auszufuellende_dokumente/260618_ITZ_Neue Störschleife_LOS01 Tief-Landschaftsbauarbeiten.X83
7;Mobilbagger 8 t, einschl. Bedienung/Fahrer sowie An-;50,0;h;gaeb;vom_unternehmen_auszufuellende_dokumente/260618_ITZ_Neue Störschleife_LOS01 Tief-Landschaftsbauarbeiten.X83
8;Mobilbagger 15 t, einschl. Bedienung/Fahrer sowie An-;30,0;h;gaeb;vom_unternehmen_auszufuellende_dokumente/260618_ITZ_Neue Störschleife_LOS01 Tief-Landschaftsbauarbeiten.X83
9;Bagger mit Anbaugerät Schaufelseparator sieben oder mischen, zwecks Sieben, Trennen oder Belüften Mischen von Oberboden zur Wiederverwendung.;5,0;h;gaeb;vom_unternehmen_auszufuellende_dokumente/260618_ITZ_Neue Störschleife_LOS01 Tief-Landschaftsbauarbeiten.X83
10;Lkw, zul. Gesamtgewicht 3,5 - 7,5 t, einschl.;20,0;h;gaeb;vom_unternehmen_auszufuellende_dokumente/260618_ITZ_Neue Störschleife_LOS01 Tief-Landschaftsbauarbeiten.X83
11;Lkw, zul. Gesamtgewicht über 7,5 t, einschl.;20,0;h;gaeb;vom_unternehmen_auszufuellende_dokumente/260618_ITZ_Neue Störschleife_LOS01 Tief-Landschaftsbauarbeiten.X83
12;Lkw, mit Heckladekran und Greifer, einschl.;20,0;h;gaeb;vom_unternehmen_auszufuellende_dokumente/260618_ITZ_Neue Störschleife_LOS01 Tief-Landschaftsbauarbeiten.X83
13;Radlader 1 m³, einschl. Bedienung/Fahrer.;4,0;h;gaeb;vom_unternehmen_auszufuellende_dokumente/260618_ITZ_Neue Störschleife_LOS01 Tief-Landschaftsbauarbeiten.X83
14;Stundensatz für den Einsatz eines Radladers mit Kehrbesenaufsatz und Wassertank zur Reinigung von Verkehrsflächen, Baustellenzufahrten und Arbeitsbereichen, inkl. Bediener, Bereitstellung des Geräts, Kraft- und Betriebsstoffen sowie Wasser zur Staubbindung.;8,0;h;gaeb;vom_unternehmen_auszufuellende_dokumente/260618_ITZ_Neue Störschleife_LOS01 Tief-Landschaftsbauarbeiten.X83
15;Baustellenreinigung mit Saugkehrwagen, einschließlich Gestellung von Fahrzeug, Fahrer und Bedienpersonal, Bereitstellung aller Betriebsstoffe. Aufnahme von Kehrgut auf Verkehrs- und Arbeitsflächen innerhalb und im unmittelbaren Umfeld der Baustelle, einschließlich aller Rüst-, An- und Abfahrtszeiten;5,0;h;gaeb;vom_unternehmen_auszufuellende_dokumente/260618_ITZ_Neue Störschleife_LOS01 Tief-Landschaftsbauarbeiten.X83
16;Stemmhammer, einschl. Bedienung.;50,0;h;gaeb;vom_unternehmen_auszufuellende_dokumente/260618_ITZ_Neue Störschleife_LOS01 Tief-Landschaftsbauarbeiten.X83
17;Fräse, einschl. Bedienung.;50,0;h;gaeb;vom_unternehmen_auszufuellende_dokumente/260618_ITZ_Neue Störschleife_LOS01 Tief-Landschaftsbauarbeiten.X83
18;Hochdruckreiniger einschl. Bedienung.;30,0;h;gaeb;vom_unternehmen_auszufuellende_dokumente/260618_ITZ_Neue Störschleife_LOS01 Tief-Landschaftsbauarbeiten.X83
19;Hubsteiger, einschl. Bedienung,;8,0;h;gaeb;vom_unternehmen_auszufuellende_dokumente/260618_ITZ_Neue Störschleife_LOS01 Tief-Landschaftsbauarbeiten.X83
20;Einschl. Zugmaschiene und Personal.;8,0;h;gaeb;vom_unternehmen_auszufuellende_dokumente/260618_ITZ_Neue Störschleife_LOS01 Tief-Landschaftsbauarbeiten.X83
21;Einschl. Zugmaschiene und Personal.;5,0;h;gaeb;vom_unternehmen_auszufuellende_dokumente/260618_ITZ_Neue Störschleife_LOS01 Tief-Landschaftsbauarbeiten.X83
1;Geräte, Werkzeuge, Maschinen, Hilfseinrichtungen, Schutzmaßnahmen und sonstige Betriebsmittel, die zur vertragsgemäßen Durchführung der Wasserbauarbeiten erforderlich sind, auf die Baustelle bringen, betriebsfertig aufbauen und einrichten.;1,0;psch;gaeb;vom_unternehmen_auszufuellende_dokumente/260618_ITZ_Neue Störschleife_LOS01 Tief-Landschaftsbauarbeiten.X83
2;Vorhalten, Betreiben, Warten, Unterhalten, Umsetzen und betriebsbereites Erhalten der vorgenannten wasserbauspezifischen Baustelleneinrichtung für die Dauer der Bauzeit.;18,0;Mt;gaeb;vom_unternehmen_auszufuellende_dokumente/260618_ITZ_Neue Störschleife_LOS01 Tief-Landschaftsbauarbeiten.X83
3;Vorgenannte wasserbauspezifische Baustelleneinrichtung nach Abschluss der Wasserbauarbeiten vollständig zurückbauen, von der Baustelle entfernen und ordnungsgemäß abfahren.;1,0;psch;gaeb;vom_unternehmen_auszufuellende_dokumente/260618_ITZ_Neue Störschleife_LOS01 Tief-Landschaftsbauarbeiten.X83
1;Geräte, Werkzeuge und sonstige Betriebsmittel, die zur vertragsgemäßen Ausführung der Bauleistungen erforderlich sind, auf die Baustelle bringen, bereitstellen und - soweit der Geräteeinsatz nicht gesondert vergütet wird - betriebsfertig aufstellen, einschl. der dafür notwendigen Arbeiten.;1,0;psch;gaeb;vom_unternehmen_auszufuellende_dokumente/260618_ITZ_Neue Störschleife_LOS01 Tief-Landschaftsbauarbeiten.X83
1;Erstellung eines Nutzungs- und Logistikkonzeptes für die durch den AG bereitgestellte erweiterte Baustelleneinrichtungsfläche außerhalb des Baufeldes.;1,0;psch;gaeb;vom_unternehmen_auszufuellende_dokumente/260618_ITZ_Neue Störschleife_LOS01 Tief-Landschaftsbauarbeiten.X83
2;Herstellung und Vorhalten der Baustellenbeleuchtung und Baustromversorgung innerhalb des Baufeldes, für alle Teilbereiche, in einem innerstädtischen Bauvorhaben.;1,0;psch;gaeb;vom_unternehmen_auszufuellende_dokumente/260618_ITZ_Neue Störschleife_LOS01 Tief-Landschaftsbauarbeiten.X83
3;Duo-Containeranlage, abschließbar für ganzjährige Nutzung als Büro-/Besprechungs- und Aufenthaltsraum mit integrierter Miniküche (Kühlschrank, Spülmaschine, Spüle) und WC-Einheit, bestehend aus zwei gekoppelten Containermodulen.;1,0;St;gaeb;vom_unternehmen_auszufuellende_dokumente/260618_ITZ_Neue Störschleife_LOS01 Tief-Landschaftsbauarbeiten.X83
4;Sanitärcontainer, anschlussfertig geliefert, aufgestellt und ausgerichtet, WC-Bereich, jeweils mit WC-Kabinen, Urinalen und Handwaschbecken.;1,0;St;gaeb;vom_unternehmen_auszufuellende_dokumente/260618_ITZ_Neue Störschleife_LOS01 Tief-Landschaftsbauarbeiten.X83
5;Herstellen von Sicherungen von Leitungen für Baustellenversorgung (Elektro, Abwasser, Trinlwasser) im öffentlichen Raum durch z.B. Kabelbrücken, nach Wahl AN.;1,0;psch;gaeb;vom_unternehmen_auszufuellende_dokumente/260618_ITZ_Neue Störschleife_LOS01 Tief-Landschaftsbauarbeiten.X83
6;Endbestandsaufmaß nach Abschluss der Arbeiten ,;1,0;psch;gaeb;vom_unternehmen_auszufuellende_dokumente/260618_ITZ_Neue Störschleife_LOS01 Tief-Landschaftsbauarbeiten.X83
7;Mobile Schneidezone mit Schallschutzmatten;2,0;St;gaeb;vom_unternehmen_auszufuellende_dokumente/260618_ITZ_Neue Störschleife_LOS01 Tief-Landschaftsbauarbeiten.X83
8;Bauzaun, Höhe 2 m zum Sichern der gesamten Baustelle.;1216,0;m;gaeb;vom_unternehmen_auszufuellende_dokumente/260618_ITZ_Neue Störschleife_LOS01 Tief-Landschaftsbauarbeiten.X83
9;Lagesicherung am Ende eines Bauzaunabschnitts mittels Bodenanker oder einbetonierten Pfosten gegen unberechtigtes Verschieben von Bauzaunfeldern. Einbau, einschl. Rückbau.;4,0;St;gaeb;vom_unternehmen_auszufuellende_dokumente/260618_ITZ_Neue Störschleife_LOS01 Tief-Landschaftsbauarbeiten.X83
10;Höhe 2,00 m, mit Laufrollen und Kettenschloss;8,0;St;gaeb;vom_unternehmen_auszufuellende_dokumente/260618_ITZ_Neue Störschleife_LOS01 Tief-Landschaftsbauarbeiten.X83
11;Bauzaun nach Erfordernis und Weisung der Bauleitung umstellen.;1625,0;m;gaeb;vom_unternehmen_auszufuellende_dokumente/260618_ITZ_Neue Störschleife_LOS01 Tief-Landschaftsbauarbeiten.X83
12;Euro-Schrankenzaun, Füße;300,0;m;gaeb;vom_unternehmen_auszufuellende_dokumente/260618_ITZ_Neue Störschleife_LOS01 Tief-Landschaftsbauarbeiten.X83
13;Schrankenzaun nach Erfordernis und Weisung der Bauleitung umstellen.;250,0;m;gaeb;vom_unternehmen_auszufuellende_dokumente/260618_ITZ_Neue Störschleife_LOS01 Tief-Landschaftsbauarbeiten.X83
14;G;1,0;St;gaeb;vom_unternehmen_auszufuellende_dokumente/260618_ITZ_Neue Störschleife_LOS01 Tief-Landschaftsbauarbeiten.X83
15;Staubbindung der Baustellenfahrwege für die gesamte Bauzeit durch regelmäßiges, witterungs- und verkehrsabhängiges Benetzen der befahrenen Flächen mit Wasser zur Reduzierung der Staubentwicklung, insbesondere an Zu- und Abfahrten, Kreuzungs- und Wendebereichen, einschließlich Bereitstellung und Eins;1,0;psch;gaeb;vom_unternehmen_auszufuellende_dokumente/260618_ITZ_Neue Störschleife_LOS01 Tief-Landschaftsbauarbeiten.X83
16;Herstellen von Druck, Lieferung und Montage von Bauzaunbanner, nach digitaler Vorlage BÜ / AG.;6,0;St;gaeb;vom_unternehmen_auszufuellende_dokumente/260618_ITZ_Neue Störschleife_LOS01 Tief-Landschaftsbauarbeiten.X83
17;Material und Druck auf PVC-Plane, ca. 500-510 g/m², reißfest und blickdicht.;2,0;St;gaeb;vom_unternehmen_auszufuellende_dokumente/260618_ITZ_Neue Störschleife_LOS01 Tief-Landschaftsbauarbeiten.X83
18;Anliegerbenachrichtigungen erstellen und verteilen.;1,0;psch;gaeb;vom_unternehmen_auszufuellende_dokumente/260618_ITZ_Neue Störschleife_LOS01 Tief-Landschaftsbauarbeiten.X83
19;Schutz von Bodenmieten / Erdbauwerken mit Planen, für belastetete Böden zur Zwischenlagerung.;500,0;m²;gaeb;vom_unternehmen_auszufuellende_dokumente/260618_ITZ_Neue Störschleife_LOS01 Tief-Landschaftsbauarbeiten.X83
20;Material Schüttstoff, verdichtungsfähig;333,0;m²;gaeb;vom_unternehmen_auszufuellende_dokumente/260618_ITZ_Neue Störschleife_LOS01 Tief-Landschaftsbauarbeiten.X83
21;Natursteinschotter aus;1332,0;m²;gaeb;vom_unternehmen_auszufuellende_dokumente/260618_ITZ_Neue Störschleife_LOS01 Tief-Landschaftsbauarbeiten.X83
22;Baustraße mit Schottertragschicht 40cm,;218,0;m²;gaeb;vom_unternehmen_auszufuellende_dokumente/260618_ITZ_Neue Störschleife_LOS01 Tief-Landschaftsbauarbeiten.X83
23;Natursteinschotter aus;872,0;m²;gaeb;vom_unternehmen_auszufuellende_dokumente/260618_ITZ_Neue Störschleife_LOS01 Tief-Landschaftsbauarbeiten.X83
24;Baustellenstraße aufnehmen und zu Zwischenlager transportieren, Material zur Wiederverwendung bzw. zur Entsorgung in Mieten aufsetzen.;1565,0;m²;gaeb;vom_unternehmen_auszufuellende_dokumente/260618_ITZ_Neue Störschleife_LOS01 Tief-Landschaftsbauarbeiten.X83
25;wie Vorposition, jedoch Schichtstärke der Baustraße d=40cm;1090,0;m²;gaeb;vom_unternehmen_auszufuellende_dokumente/260618_ITZ_Neue Störschleife_LOS01 Tief-Landschaftsbauarbeiten.X83
26;Baustraße herstellen mit seitlich gelagertem Material,;1075,0;m²;gaeb;vom_unternehmen_auszufuellende_dokumente/260618_ITZ_Neue Störschleife_LOS01 Tief-Landschaftsbauarbeiten.X83
27;Baustraße herstellen mit seitlich gelagertem Material,;440,0;m²;gaeb;vom_unternehmen_auszufuellende_dokumente/260618_ITZ_Neue Störschleife_LOS01 Tief-Landschaftsbauarbeiten.X83
28;Filtervlies für Baustraße liefern und verlegen.;1300,0;m²;gaeb;vom_unternehmen_auszufuellende_dokumente/260618_ITZ_Neue Störschleife_LOS01 Tief-Landschaftsbauarbeiten.X83
29;Betonplatten, 50 x 50 x 5cm, inkl. Bettung aufnehmen, säubern und seitlich lagern. Die Bettung entsorgen.;100,0;m²;gaeb;vom_unternehmen_auszufuellende_dokumente/260618_ITZ_Neue Störschleife_LOS01 Tief-Landschaftsbauarbeiten.X83
30;Asphaltkeil aus Asphalt AC 5 D N vor Bordstein herstellen.;1,8;t;gaeb;vom_unternehmen_auszufuellende_dokumente/260618_ITZ_Neue Störschleife_LOS01 Tief-Landschaftsbauarbeiten.X83
31;Rückbau und Entsorgung von Asphaltkeil.;50,0;m;gaeb;vom_unternehmen_auszufuellende_dokumente/260618_ITZ_Neue Störschleife_LOS01 Tief-Landschaftsbauarbeiten.X83
32;Bordstein aus Beton 8/20 bis 15/30 cm.;15,0;m;gaeb;vom_unternehmen_auszufuellende_dokumente/260618_ITZ_Neue Störschleife_LOS01 Tief-Landschaftsbauarbeiten.X83
33;Schottertragschicht liefern, herstellen und verdichten,;20,0;m²;gaeb;vom_unternehmen_auszufuellende_dokumente/260618_ITZ_Neue Störschleife_LOS01 Tief-Landschaftsbauarbeiten.X83
34;Asphalttragschicht liefern und in ca. 20 cm Stärke einbauen;20,0;m²;gaeb;vom_unternehmen_auszufuellende_dokumente/260618_ITZ_Neue Störschleife_LOS01 Tief-Landschaftsbauarbeiten.X83
35;Rückbau und Entsorgung von Asphalttragschicht,;20,0;m²;gaeb;vom_unternehmen_auszufuellende_dokumente/260618_ITZ_Neue Störschleife_LOS01 Tief-Landschaftsbauarbeiten.X83
36;Hochbordsteine nach DIN EN 1340, Qualität DTI,;15,0;m;gaeb;vom_unternehmen_auszufuellende_dokumente/260618_ITZ_Neue Störschleife_LOS01 Tief-Landschaftsbauarbeiten.X83
37;Zwischenraum von neu gesetzten Bordsteinen und vom AN getrennte bituminöse Straßenbefestigung bis Unterkante Deckschicht mit Gussasphalt MA 8 S;15,0;m;gaeb;vom_unternehmen_auszufuellende_dokumente/260618_ITZ_Neue Störschleife_LOS01 Tief-Landschaftsbauarbeiten.X83
38;Schnitt in bestehender Asphaltdecke, herstellen eines geradlinigen Trennschnitts mit geeignetem Fugenschneider bis 15 cm Tiefe.;5,0;m;gaeb;vom_unternehmen_auszufuellende_dokumente/260618_ITZ_Neue Störschleife_LOS01 Tief-Landschaftsbauarbeiten.X83
39;Plattenbelag (Betonplatten 50x50x5cm), seitl. lagernd, auf zu;100,0;m²;gaeb;vom_unternehmen_auszufuellende_dokumente/260618_ITZ_Neue Störschleife_LOS01 Tief-Landschaftsbauarbeiten.X83
40;Herstellung von provisorischen Übergängen;200,0;m²;gaeb;vom_unternehmen_auszufuellende_dokumente/260618_ITZ_Neue Störschleife_LOS01 Tief-Landschaftsbauarbeiten.X83
41;Herstellung von provisorischen Übergängen;200,0;m²;gaeb;vom_unternehmen_auszufuellende_dokumente/260618_ITZ_Neue Störschleife_LOS01 Tief-Landschaftsbauarbeiten.X83
42;Mobile Lichtsignalanlage Typ D nach RSA/RiLSA zur Sicherung der Arbeitsstelle, geeignet für eine Verkehrsführung mit 2 Fahrstreifen je Fahrtrichtung, Einbindung der Baustellen Zu- und Abfahrt und Querung dieser für Rad- und Fussgängerverkehr. Gemäß Plan 5.0.2;1,0;psch;gaeb;vom_unternehmen_auszufuellende_dokumente/260618_ITZ_Neue Störschleife_LOS01 Tief-Landschaftsbauarbeiten.X83
43;Betrieb der LSA und laufende Überwachung und Störungsdienst.;40,0;Wo;gaeb;vom_unternehmen_auszufuellende_dokumente/260618_ITZ_Neue Störschleife_LOS01 Tief-Landschaftsbauarbeiten.X83
44;Ankündigungstafeln verschiedener Art, liefern, aufbauen und nach Beendigung der geänderten Verkehrsführung wieder abfahren.;2,0;St;gaeb;vom_unternehmen_auszufuellende_dokumente/260618_ITZ_Neue Störschleife_LOS01 Tief-Landschaftsbauarbeiten.X83
45;im öffentlichen Straßenraum in Abstimmung mit der Bauüberwachung und nach Freigabe durch den AG.;10,0;Stk;gaeb;vom_unternehmen_auszufuellende_dokumente/260618_ITZ_Neue Störschleife_LOS01 Tief-Landschaftsbauarbeiten.X83
46;Vorhandene Bauphasenpläne für alle Bauphasen gemäß;1,0;psch;gaeb;vom_unternehmen_auszufuellende_dokumente/260618_ITZ_Neue Störschleife_LOS01 Tief-Landschaftsbauarbeiten.X83
47;Antrag für Verkehrsrechtliche Anordnung (VAO) einreichen, einschl. aller notwendigen Baustellenzufahrten.;1,0;St;gaeb;vom_unternehmen_auszufuellende_dokumente/260618_ITZ_Neue Störschleife_LOS01 Tief-Landschaftsbauarbeiten.X83
48;Verkehrsführung und Verkehrssicherung gemäß;1,0;psch;gaeb;vom_unternehmen_auszufuellende_dokumente/260618_ITZ_Neue Störschleife_LOS01 Tief-Landschaftsbauarbeiten.X83
49;Verkehrsführung und Verkehrssicherung der Bauphase 1;39,0;Wo;gaeb;vom_unternehmen_auszufuellende_dokumente/260618_ITZ_Neue Störschleife_LOS01 Tief-Landschaftsbauarbeiten.X83
50;Längsmarkierung Typ II einschl. evtl.;200,0;m;gaeb;vom_unternehmen_auszufuellende_dokumente/260618_ITZ_Neue Störschleife_LOS01 Tief-Landschaftsbauarbeiten.X83
51;Längsmarkierung Typ II einschl. evtl.;50,0;m;gaeb;vom_unternehmen_auszufuellende_dokumente/260618_ITZ_Neue Störschleife_LOS01 Tief-Landschaftsbauarbeiten.X83
52;Verkehrsführung und Verkehrssicherung gemäß;1,0;psch;gaeb;vom_unternehmen_auszufuellende_dokumente/260618_ITZ_Neue Störschleife_LOS01 Tief-Landschaftsbauarbeiten.X83
53;Verkehrszeichen verschiedener Art auf Ständer mit;10,0;St;gaeb;vom_unternehmen_auszufuellende_dokumente/260618_ITZ_Neue Störschleife_LOS01 Tief-Landschaftsbauarbeiten.X83
54;Verkehrszeichen für prov. Wegeführung, Feuerwehrzufahrten auf Ständer mit Fußplatte liefern, kontollieren, vorhalten und abbauen.;10,0;St;gaeb;vom_unternehmen_auszufuellende_dokumente/260618_ITZ_Neue Störschleife_LOS01 Tief-Landschaftsbauarbeiten.X83
55;Verkehrszeichen aus Vorposition umstellen;10,0;St;gaeb;vom_unternehmen_auszufuellende_dokumente/260618_ITZ_Neue Störschleife_LOS01 Tief-Landschaftsbauarbeiten.X83
56;Bauzaunbeleuchtung Typ A (innerorts) nach beleuchteter Zaunlänge (Schranken oder Bauzaun) montieren, vorhalten und abbauen;567,0;m;gaeb;vom_unternehmen_auszufuellende_dokumente/260618_ITZ_Neue Störschleife_LOS01 Tief-Landschaftsbauarbeiten.X83
57;Herstellung und Unterhaltung der Baustellenbeleuchtung an einer Straßensperrung / Sackgasse, bestehend aus gelben Warnleuchten Typ A auf Absperrschranke, inkl. Aufbau, Ausrichtung zur Anfahrtrichtung, Funktionskontrolle, Wartung, Austausch defekter Leuchten und Vorhaltung sämtlicher benötigter Mater;10,0;St;gaeb;vom_unternehmen_auszufuellende_dokumente/260618_ITZ_Neue Störschleife_LOS01 Tief-Landschaftsbauarbeiten.X83
1;Boden / Bodengemische beproben.;15,0;St;gaeb;vom_unternehmen_auszufuellende_dokumente/260618_ITZ_Neue Störschleife_LOS01 Tief-Landschaftsbauarbeiten.X83
2;Boden / Bodengemische beproben.;10,0;St;gaeb;vom_unternehmen_auszufuellende_dokumente/260618_ITZ_Neue Störschleife_LOS01 Tief-Landschaftsbauarbeiten.X83
3;Bodenanalyse einer Mischprobe des ausgebauten Bodens zur;20,0;St;gaeb;vom_unternehmen_auszufuellende_dokumente/260618_ITZ_Neue Störschleife_LOS01 Tief-Landschaftsbauarbeiten.X83
4;Boden und Tragschichtmaterial, in Mieten zwischengelagert, lösen, laden und nach dem Ergebnis des LAGA-Untersuchungsbericht und gem. Abfallwirtschaftsplan fachgerecht entsorgen.;11138,0;t;gaeb;vom_unternehmen_auszufuellende_dokumente/260618_ITZ_Neue Störschleife_LOS01 Tief-Landschaftsbauarbeiten.X83
5;Boden nach LAGA-TR Boden Zuordnung Z1.1;790,9;t;gaeb;vom_unternehmen_auszufuellende_dokumente/260618_ITZ_Neue Störschleife_LOS01 Tief-Landschaftsbauarbeiten.X83
6;Boden nach LAGA-TR Boden Zuordnung Z1.2;790,9;t;gaeb;vom_unternehmen_auszufuellende_dokumente/260618_ITZ_Neue Störschleife_LOS01 Tief-Landschaftsbauarbeiten.X83
7;Mineralgemisch nach LAGA-TR Boden Zuordnung Z1.2;2205,0;t;gaeb;vom_unternehmen_auszufuellende_dokumente/260618_ITZ_Neue Störschleife_LOS01 Tief-Landschaftsbauarbeiten.X83
8;Boden nach LAGA-TR Boden Zuordnung Z2;3047,8;t;gaeb;vom_unternehmen_auszufuellende_dokumente/260618_ITZ_Neue Störschleife_LOS01 Tief-Landschaftsbauarbeiten.X83
9;Gemisch aus Boden und Bauschutt/mineralischen Fremdbestandteilen mit Bauschuttanteil;100,0;t;gaeb;vom_unternehmen_auszufuellende_dokumente/260618_ITZ_Neue Störschleife_LOS01 Tief-Landschaftsbauarbeiten.X83
10;Gemisch aus Boden und Bauschutt/mineralischen Fremdbestandteilen mit Bauschuttanteil;100,0;t;gaeb;vom_unternehmen_auszufuellende_dokumente/260618_ITZ_Neue Störschleife_LOS01 Tief-Landschaftsbauarbeiten.X83
11;Boden nach Deponieverordnung Zuordnung DK0;3374,25;t;gaeb;vom_unternehmen_auszufuellende_dokumente/260618_ITZ_Neue Störschleife_LOS01 Tief-Landschaftsbauarbeiten.X83
12;Boden nach Deponieverordnung Zuordnung DKI;511,35;t;gaeb;vom_unternehmen_auszufuellende_dokumente/260618_ITZ_Neue Störschleife_LOS01 Tief-Landschaftsbauarbeiten.X83
13;Boden nach Deponieverordnung Zuordnung DKII;340,9;t;gaeb;vom_unternehmen_auszufuellende_dokumente/260618_ITZ_Neue Störschleife_LOS01 Tief-Landschaftsbauarbeiten.X83
14;Boden, in Mieten zwischengelagert, lösen, laden und nach dem Ergebnis der EBV-Analyse gem. EBV §9 Abs.1 und dem z.Zt gültigen Abfallwirtschaftsgesetz ordnungsgemäß entsorgen, einschl. der Gebühren.;11138,0;t;gaeb;vom_unternehmen_auszufuellende_dokumente/260618_ITZ_Neue Störschleife_LOS01 Tief-Landschaftsbauarbeiten.X83
15;Belasteten Boden nach EBV, Zuordnung BM-0*;340,9;t;gaeb;vom_unternehmen_auszufuellende_dokumente/260618_ITZ_Neue Störschleife_LOS01 Tief-Landschaftsbauarbeiten.X83
16;Belasteten Boden nach EBV, Zuordnung BM-F0*;340,9;t;gaeb;vom_unternehmen_auszufuellende_dokumente/260618_ITZ_Neue Störschleife_LOS01 Tief-Landschaftsbauarbeiten.X83
17;Belasteten Boden/Mineralgemisch nach EBV, Zuordnung BM-F0*;2205,0;t;gaeb;vom_unternehmen_auszufuellende_dokumente/260618_ITZ_Neue Störschleife_LOS01 Tief-Landschaftsbauarbeiten.X83
18;Belasteten Boden nach EBV, Zuordnung BM-F1;1752,25;t;gaeb;vom_unternehmen_auszufuellende_dokumente/260618_ITZ_Neue Störschleife_LOS01 Tief-Landschaftsbauarbeiten.X83
19;Belasteten Boden nach EBV, Zuordnung BM-F2;3218,25;t;gaeb;vom_unternehmen_auszufuellende_dokumente/260618_ITZ_Neue Störschleife_LOS01 Tief-Landschaftsbauarbeiten.X83
20;Belasteten Boden nach EBV, Zuordnung BM-F3;3374,25;t;gaeb;vom_unternehmen_auszufuellende_dokumente/260618_ITZ_Neue Störschleife_LOS01 Tief-Landschaftsbauarbeiten.X83
