Pos.;Leistung;Menge;Einheit;Quelle;Datei
10;Kabel DIN VDE 0276-620 (VDE 0276-620), Uo/U 12/20 kV, Bemessungsspannung Um 24 kV, N2XS2Y 3 x 1 x 120 RM/16, Cu-Zahl 4002, in verseilter Ausführung, in offene Kanäle oder geteilte Kabelformsteine verlegen.;30,0;m;gaeb;Leistungsverzeichnis/26-86233 Leistungsverzeichnis Version 2.X83
20;Kabel DIN VDE 0276-620 (VDE 0276-620), Uo/U 12/20 kV, Bemessungsspannung Um 24 kV, N2XS2Y 3 x 1 x 120 RM/16, Cu-Zahl 4002, in verseilter Ausführung, durch Einziehen in vorh. Rohre oder ungeteilte Kabelformsteine verlegen.;420,0;m;gaeb;Leistungsverzeichnis/26-86233 Leistungsverzeichnis Version 2.X83
30;Kabel DIN VDE 0276-620 (VDE 0276-620), Uo/U 12/20 kV, Bemessungsspannung Um 24 kV, N2XS2Y 3 x 1 x 120 RM/16, Cu-Zahl 4002, in verseilter Ausführung, auf vorh. Pritschen und Wannen verlegen und befestigen.;24,0;m;gaeb;Leistungsverzeichnis/26-86233 Leistungsverzeichnis Version 2.X83
40;Kabel DIN VDE 0276-620 (VDE 0276-620), Uo/U 12/20 kV, Bemessungsspannung Um 24 kV, N2XS2Y 3 x 1 x 120 RM/16, Cu-Zahl 4002, in verseilter Ausführung, mit Abstandsschellen verlegen.;36,0;m;gaeb;Leistungsverzeichnis/26-86233 Leistungsverzeichnis Version 2.X83
50;Innenraum-Endverschluss DIN VDE 0278-629-1 (VDE 0278-629-1), für Kabel Uo/U 12/20 kV, Um 24 kV, N2XS2Y 3 x 120 SM/16, einschl. systemgebundenem Zubehör.;12,0;St;gaeb;Leistungsverzeichnis/26-86233 Leistungsverzeichnis Version 2.X83
60;Einmessen des 10kV-Kabels und gemeinsame Inbetriebnahme mit Mittelspannungsnetz der Hochschule;1,0;psch;gaeb;Leistungsverzeichnis/26-86233 Leistungsverzeichnis Version 2.X83
10;Metallgekapselte Schaltanlage DIN EN 62271-200 (VDE 0671-200), fabrikfertig, typgeprüft, gasisoliert, Schottungsklasse PM, in Blockbauweise, erweiterbar, Betriebsverfügbarkeit Kategorie LSC 2, Bemessungsspannung Ur 24 kV, Bemessungs-Kurzzeit-Stehwechselspannung Ud 50 kV, Bemessungs-Stehblitzstoßspan;1,0;St;gaeb;Leistungsverzeichnis/26-86233 Leistungsverzeichnis Version 2.X83
20;Vakuum-Leistungsschalter DIN EN IEC 62271-100 (VDE 0671-100), für Kurzunterbrechen/Synchronisieren/Schnellumschalten CO-t-CO-t''-CO, Bemessungsspannung Ur 12 kV, Bemessungsstrom 630 A, Bemessungskurzzeitstrom 20 kA, Bemessungskurzschlussausschaltstrom 20 kA, Bemessungskurzschlusseinschaltstrom 50 kA;1,0;St;gaeb;Leistungsverzeichnis/26-86233 Leistungsverzeichnis Version 2.X83
30;Lasttrennschalter DIN EN IEC 62271-103 (VDE 0671-103), Bemessungsspannung Ur 12 kV, Bemessungsstrom und Bemessungs-Netzlastausschaltstrom 630 A, Bemessungskurzzeitstrom 20 kA, Bemessungskurzschlusseinschaltstrom 50 kA, handbetätigt, mit integrierter Erdungsschalterfunktion,;1,0;St;gaeb;Leistungsverzeichnis/26-86233 Leistungsverzeichnis Version 2.X83
40;Lasttrennschalter-Sicherungs-Kombination DIN EN IEC 62271-105 (VDE 0671-105), Bemessungsstrom 200 A, Bemessungsspannung Ur 12 kV, einschl. HH-Sicherungseinsätzen DIN EN IEC 60282-1 (VDE 0670-4), motorbetätigt, mit Vor-Ort-Bedienung, elektrisch, und Umschalter für Fernbedienung, abschließbar, mit mec;3,0;St;gaeb;Leistungsverzeichnis/26-86233 Leistungsverzeichnis Version 2.X83
50;Stromwandler DIN EN 61869-2 (VDE 0414-9-2), als Aufsteckwandler, 3-phasig, Bemessungskurzzeitstrom 16 kA, Bemessungsstrom primär 600 A, Bemessungsleistung 5 VA, Klasse 5, Schutzkern, Überstromfaktor 10.;2,0;St;gaeb;Leistungsverzeichnis/26-86233 Leistungsverzeichnis Version 2.X83
60;Stromwandler DIN EN 61869-2 (VDE 0414-9-2), als Umbauwandler, Bemessungskurzzeitstrom 20 kA, Bemessungsstrom primär 60 A, Bemessungsleistung 2,5 VA, Klasse 1, Messkern, Überstromfaktor 10, Ausführung gemäß Einzelbeschreibung,;3,0;St;gaeb;Leistungsverzeichnis/26-86233 Leistungsverzeichnis Version 2.X83
70;Spannungswandler DIN EN 61869-3 (VDE 0414-9-3), metallgekapselt, steckbar, Bemessungsleistung 50 VA, Klasse 0,5, Bemessungsbetriebsspannung 20 kV/Wurzel 3, Bemessungsspannung sekundär 100 V AC/Wurzel 3 und 100 V AC/3, bedämpft, Bemessungsdauerstrom 1 A.;2,0;St;gaeb;Leistungsverzeichnis/26-86233 Leistungsverzeichnis Version 2.X83
80;Erdschlussanzeiger, mit automatischer Rückstellung nach Netzwiederkehr, mit Hilfskontakt als Schließerkontakt Ausführung als Dauerkontakt, frontseitige Schutzart IP 4X, rückseitige Schutzart IP 2X DIN EN 60529 (VDE 0470-1), Fehleranzeige, Parametrierung, mit Gehäuse zum Einbau in Bedienfeld.;2,0;St;gaeb;Leistungsverzeichnis/26-86233 Leistungsverzeichnis Version 2.X83
90;Kapazitives Spannungsprüfsystem am Abzweig DIN EN IEC 62271-213 (VDE 0671-213), integriert, mit Fernmeldekontakt, Ausführung gemäß Einzelbeschreibung,;2,0;St;gaeb;Leistungsverzeichnis/26-86233 Leistungsverzeichnis Version 2.X83
100;Überspannungsableiter einschl. systembedingten Einbauteilen, Ausführung gemäß Einzelbeschreibung,;2,0;St;gaeb;Leistungsverzeichnis/26-86233 Leistungsverzeichnis Version 2.X83
110;Differentialschutz für Kabel, mit thermischem Überlastschutz, Hilfsspannungsversorgung, Bemessungsstrom sekundär einstellbar 1 oder 5 A, Bemessungsspannung 60 V DC, 6 Relaiskontaktausgänge, frei belegbar, Hilfsadernanschluss für LWL, PC-Schnittstelle für Parametrierung, für Einbau, Ausführung gemäß ;2,0;St;gaeb;Leistungsverzeichnis/26-86233 Leistungsverzeichnis Version 2.X83
120;Differentialschutz für Kabel, mit thermischem Überlastschutz, Hilfsspannungsversorgung, Bemessungsstrom sekundär einstellbar 1 oder 5 A, Bemessungsspannung 60 V DC, 6 Relaiskontaktausgänge, frei belegbar, Hilfsadernanschluss für LWL, PC-Schnittstelle für Parametrierung, für Einbau, Ausführung gemäß ;2,0;St;gaeb;Leistungsverzeichnis/26-86233 Leistungsverzeichnis Version 2.X83
130;Distanzschutz mit Überstromanregung, Hilfsspannungsversorgung, 4 Distanz-/6 Zeitstufen, Not-UMZ-Schutz, Polygon- oder Kreiskennlinie, umschaltbar, Erdschlusserfassung und Unterspannungsanregung, Bemessungsstrom sekundär einstellbar 1 oder 5 A, Bemessungsspannung 60 V DC, 8 Kontaktausgänge, frei bele;2,0;St;gaeb;Leistungsverzeichnis/26-86233 Leistungsverzeichnis Version 2.X83
140;Stromwandler DIN EN 61869-2 (VDE 0414-9-2), als Stützer-Stromwandler, Maße DIN 42600, Bemessungsspannung Ur 12 kV, Bemessungskurzzeitstrom 16 kA, Bemessungsstrom primär 600 A, Bemessungsleistung 5 VA, Klasse 10, Schutzkern, Überstromfaktor 10, Ausführung gemäß Einzelbeschreibung,;2,0;St;gaeb;Leistungsverzeichnis/26-86233 Leistungsverzeichnis Version 2.X83
150;LWL Spleißbox 4x ST Simplex OM4;2,0;St;gaeb;Leistungsverzeichnis/26-86233 Leistungsverzeichnis Version 2.X83
160;LWL Spleißbox 12x ST Simplex OM4;2,0;St;gaeb;Leistungsverzeichnis/26-86233 Leistungsverzeichnis Version 2.X83
170;Erstellen der Druckberechnung;1,0;St;gaeb;Leistungsverzeichnis/26-86233 Leistungsverzeichnis Version 2.X83
180;Wartungsfreies Druckabsorbersystem für Bemessungs-Kurzzeitstrom bis 20 kA für die vorstehend beschriebene;1,0;St;gaeb;Leistungsverzeichnis/26-86233 Leistungsverzeichnis Version 2.X83
190;Druckentlastungsklappe;1,0;St;gaeb;Leistungsverzeichnis/26-86233 Leistungsverzeichnis Version 2.X83
200;Potentialausgleich MS-Raum;1,0;St;gaeb;Leistungsverzeichnis/26-86233 Leistungsverzeichnis Version 2.X83
210;Nach Abschluß der Installations- und Montagearbeiten;1,0;psch;gaeb;Leistungsverzeichnis/26-86233 Leistungsverzeichnis Version 2.X83
220;Inbetriebnahme sowie Schutzprüfung der Schaltanlage;1,0;psch;gaeb;Leistungsverzeichnis/26-86233 Leistungsverzeichnis Version 2.X83
230;Erforderliches Klein-, Ausbau- und Befestigungsmaterial;1,0;psch;gaeb;Leistungsverzeichnis/26-86233 Leistungsverzeichnis Version 2.X83
10;Trockentransformator DIN EN 50588-1, DIN EN 50708-1-1, mit Gießharzummantelung, Bemessungsleistung 1250 kVA, Kurzschlussspannung 6 %, temporär überlastbar bis 40 %, mit Lüfter (AF), mit Temperaturüberwachung, Innenraumaufstellung, Bemessungsspannung für Oberspannungswicklung Ur 10 kV, Um 12 kV, mit ;2,0;St;gaeb;Leistungsverzeichnis/26-86233 Leistungsverzeichnis Version 2.X83
20;Transport der vor aufgeführten Trafos;2,0;St;gaeb;Leistungsverzeichnis/26-86233 Leistungsverzeichnis Version 2.X83
30;Vibrastop-Trafo-Lager aus Gummi-Schwingmetall 60 Grad;2,0;Satz;gaeb;Leistungsverzeichnis/26-86233 Leistungsverzeichnis Version 2.X83
40;Transformatoranschlusskonstruktion 800kVA;2,0;St;gaeb;Leistungsverzeichnis/26-86233 Leistungsverzeichnis Version 2.X83
50;Isolierstoff -Abzweigkasten;2,0;St;gaeb;Leistungsverzeichnis/26-86233 Leistungsverzeichnis Version 2.X83
60;Schutzbalken mit 2 Haltern und Warnschilder;3,0;St;gaeb;Leistungsverzeichnis/26-86233 Leistungsverzeichnis Version 2.X83
70;Transformatorzellen betriebsfertig ausbauen,;3,0;St;gaeb;Leistungsverzeichnis/26-86233 Leistungsverzeichnis Version 2.X83
80;Druckberechnung nach Pigler;3,0;St;gaeb;Leistungsverzeichnis/26-86233 Leistungsverzeichnis Version 2.X83
90;Potentialausgleich Traforaum;3,0;St;gaeb;Leistungsverzeichnis/26-86233 Leistungsverzeichnis Version 2.X83
10;Energie-Schaltgerätekombination DIN EN IEC 61439-2 (VDE 0660-600-2), Bedienung durch Elektrofachkraft, Gehäuse aus Stahl, Oberfläche pulverbeschichtet, Schutzklasse I (Erdung),;1,0;St;gaeb;Leistungsverzeichnis/26-86233 Leistungsverzeichnis Version 2.X83
20;Energie-Schaltgerätekombination DIN EN IEC 61439-2 (VDE 0660-600-2), Bedienung durch Elektrofachkraft, Gehäuse aus Stahl, Oberfläche pulverbeschichtet, Schutzklasse I (Erdung),;2,0;St;gaeb;Leistungsverzeichnis/26-86233 Leistungsverzeichnis Version 2.X83
30;Energie-Schaltgerätekombination DIN EN IEC 61439-2 (VDE 0660-600-2), Bedienung durch Elektrofachkraft, Gehäuse aus Stahl, Oberfläche pulverbeschichtet, Schutzklasse I (Erdung),;1,0;St;gaeb;Leistungsverzeichnis/26-86233 Leistungsverzeichnis Version 2.X83
40;Energie-Schaltgerätekombination DIN EN IEC 61439-2 (VDE 0660-600-2), Bedienung durch Elektrofachkraft, Gehäuse aus Stahl, Oberfläche pulverbeschichtet, Schutzklasse I (Erdung),;1,0;St;gaeb;Leistungsverzeichnis/26-86233 Leistungsverzeichnis Version 2.X83
50;Energie-Schaltgerätekombination DIN EN IEC 61439-2 (VDE 0660-600-2), Bedienung durch Elektrofachkraft, Gehäuse aus Stahl, Oberfläche pulverbeschichtet, Schutzklasse I (Erdung),;1,0;St;gaeb;Leistungsverzeichnis/26-86233 Leistungsverzeichnis Version 2.X83
60;Energie-Schaltgerätekombination DIN EN IEC 61439-2 (VDE 0660-600-2), Bedienung durch Elektrofachkraft, Gehäuse aus Stahl, Oberfläche pulverbeschichtet, Schutzklasse I (Erdung),;4,0;St;gaeb;Leistungsverzeichnis/26-86233 Leistungsverzeichnis Version 2.X83
70;Energie-Schaltgerätekombination DIN EN IEC 61439-2 (VDE 0660-600-2), Bedienung durch Elektrofachkraft, Gehäuse aus Stahl, Oberfläche pulverbeschichtet, Schutzklasse I (Erdung),;2,0;St;gaeb;Leistungsverzeichnis/26-86233 Leistungsverzeichnis Version 2.X83
80;"ZEP-Verteilerfeld einschließlich der Hauptsammelschiene gemäß Vorbemerkung inklusive ""Zentraler Erdungspunkt"".";1,0;St;gaeb;Leistungsverzeichnis/26-86233 Leistungsverzeichnis Version 2.X83
90;Wandregal;1,0;St;gaeb;Leistungsverzeichnis/26-86233 Leistungsverzeichnis Version 2.X83
100;Betrieb der Schaltanlage  bis zur Übergabe;4,0;Wo;gaeb;Leistungsverzeichnis/26-86233 Leistungsverzeichnis Version 2.X83
110;Mitnahmeschaltung zwischen MS- und;3,0;St;gaeb;Leistungsverzeichnis/26-86233 Leistungsverzeichnis Version 2.X83
120;Seitenabschlusswände für die v.g. NS-Anlage;1,0;Satz;gaeb;Leistungsverzeichnis/26-86233 Leistungsverzeichnis Version 2.X83
130;Potentialausgleich NS-Schaltanlage;1,0;St;gaeb;Leistungsverzeichnis/26-86233 Leistungsverzeichnis Version 2.X83
140;Nach Abschluß der Installations- und Montagearbeiten;1,0;psch;gaeb;Leistungsverzeichnis/26-86233 Leistungsverzeichnis Version 2.X83
150;Erforderliches Klein-, Ausbau- und Befestigungsmaterial;1,0;psch;gaeb;Leistungsverzeichnis/26-86233 Leistungsverzeichnis Version 2.X83
160;Energie-Schaltgerätekombination DIN EN IEC 61439-2 (VDE 0660-600-2), Bedienung durch Elektrofachkraft, Gehäuse aus Stahl, Oberfläche pulverbeschichtet, Schutzklasse I (Erdung),;1,0;St;gaeb;Leistungsverzeichnis/26-86233 Leistungsverzeichnis Version 2.X83
170;Energie-Schaltgerätekombination DIN EN IEC 61439-2 (VDE 0660-600-2), Bedienung durch Elektrofachkraft, Gehäuse aus Stahl, Oberfläche pulverbeschichtet, Schutzklasse I (Erdung),;1,0;St;gaeb;Leistungsverzeichnis/26-86233 Leistungsverzeichnis Version 2.X83
180;Energie-Schaltgerätekombination DIN EN IEC 61439-2 (VDE 0660-600-2), Bedienung durch Elektrofachkraft, Gehäuse aus Stahl, Oberfläche pulverbeschichtet, Schutzklasse I (Erdung),;4,0;St;gaeb;Leistungsverzeichnis/26-86233 Leistungsverzeichnis Version 2.X83
190;Seitenabschlusswände für die v.g. NS-Anlage;1,0;Satz;gaeb;Leistungsverzeichnis/26-86233 Leistungsverzeichnis Version 2.X83
200;Potentialausgleich NS-Schaltanlage;1,0;St;gaeb;Leistungsverzeichnis/26-86233 Leistungsverzeichnis Version 2.X83
210;Nach Abschluß der Installations- und Montagearbeiten;1,0;psch;gaeb;Leistungsverzeichnis/26-86233 Leistungsverzeichnis Version 2.X83
220;Erforderliches Klein-, Ausbau- und Befestigungsmaterial;1,0;psch;gaeb;Leistungsverzeichnis/26-86233 Leistungsverzeichnis Version 2.X83
230;Gleichstromversorgung;1,0;St;gaeb;Leistungsverzeichnis/26-86233 Leistungsverzeichnis Version 2.X83
10;Kabel DIN VDE 0276-620 (VDE 0276-620), Uo/U 12/20 kV, Bemessungsspannung Um 24 kV, N2XS2Y 1 x 35 RM/16, Cu-Zahl 518, in offene Kanäle oder geteilte Kabelformsteine verlegen.;135,0;m;gaeb;Leistungsverzeichnis/26-86233 Leistungsverzeichnis Version 2.X83
20;Kabelanschluss DIN VDE 0278-629-1 (VDE 0278-629-1), gewinkelt, mit Schraubkontakt, geschirmt, für Kabel Uo/U 6/10 kV, Um 12 kV, N2XS2Y 1 x 35 RM/16, einschl. systemgebundenem Zubehör.;6,0;St;gaeb;Leistungsverzeichnis/26-86233 Leistungsverzeichnis Version 2.X83
30;Innenraum-Endverschluss DIN VDE 0278-629-1 (VDE 0278-629-1), für Kabel Uo/U 6/10 kV, Um 12 kV, N2XS2Y 1 x 35 RM/16, einschl. systemgebundenem Zubehör.;6,0;St;gaeb;Leistungsverzeichnis/26-86233 Leistungsverzeichnis Version 2.X83
40;Steuer-Melde-Mess-u. Auslöseleitungen zwischen;2,0;Satz;gaeb;Leistungsverzeichnis/26-86233 Leistungsverzeichnis Version 2.X83
50;Steuer-Melde-Mess-u. Auslöseleitungen zwischen;2,0;Satz;gaeb;Leistungsverzeichnis/26-86233 Leistungsverzeichnis Version 2.X83
60;Steuer-Melde-Mess-u. Auslöseleitungen zwischen;2,0;Satz;gaeb;Leistungsverzeichnis/26-86233 Leistungsverzeichnis Version 2.X83
70;Bandeisen, verzinkt 30 x 5 mm;47,0;m;gaeb;Leistungsverzeichnis/26-86233 Leistungsverzeichnis Version 2.X83
80;Potentialausgleichsschiene mit Anschlussmöglichkeiten;5,0;St;gaeb;Leistungsverzeichnis/26-86233 Leistungsverzeichnis Version 2.X83
90;Kabel DIN VDE 0276-603 (VDE 0276-603) NYY-J 1 x 25 RM, Cu-Zahl 240.;250,0;m;gaeb;Leistungsverzeichnis/26-86233 Leistungsverzeichnis Version 2.X83
100;Anschlüsse von 1 x 25 mm²;15,0;St;gaeb;Leistungsverzeichnis/26-86233 Leistungsverzeichnis Version 2.X83
110;Messung und Kontrolle der verlegten;5,0;St;gaeb;Leistungsverzeichnis/26-86233 Leistungsverzeichnis Version 2.X83
120;Steuerleitung DIN EN 50525-2-51 (VDE 0285-525-2-51) H05VVC4V5-K 2 x 2,5, Cu-Zahl 110.;120,0;m;gaeb;Leistungsverzeichnis/26-86233 Leistungsverzeichnis Version 2.X83
130;Anschließen von Kabeln oder Leitungen, an gelieferten Betriebsmitteln, Querschnitt bis 2 x 2,5 mm2, einschl. der erforderlichen Kabelschuhe und Kabelbezeichnungen.;20,0;St;gaeb;Leistungsverzeichnis/26-86233 Leistungsverzeichnis Version 2.X83
140;LWL-Außenkabel DIN VDE 0888-3 (VDE 0888-3), als Mehrmodenfaser, OM 4, typisch 10 Gbps bis 550 m, metallenes Element in Kabelseele, bewehrt mit Innenschichtenmantel, A-DSQ(ZN)(L)2Y(SR)2Y, 8 G 50/125, Wellenlänge 1300 nm, Dämpfungskoeffizient 0,8 dB/km, Bandbreite für 1 km 1000 MHz, in vorh. Rohre/Unt;200,0;m;gaeb;Leistungsverzeichnis/26-86233 Leistungsverzeichnis Version 2.X83
150;Spleißen LWL-Mehrmodenfaser 8G50/125;2,0;St;gaeb;Leistungsverzeichnis/26-86233 Leistungsverzeichnis Version 2.X83
160;LWL-Strecken-Test;2,0;St;gaeb;Leistungsverzeichnis/26-86233 Leistungsverzeichnis Version 2.X83
10;Rohbetonboden imprägnieren;20,0;m²;gaeb;Leistungsverzeichnis/26-86233 Leistungsverzeichnis Version 2.X83
20;Doppelboden - Schaltanlagenbereich;20,0;m²;gaeb;Leistungsverzeichnis/26-86233 Leistungsverzeichnis Version 2.X83
30;Verschraubung der Doppelbodenplatten;20,0;m²;gaeb;Leistungsverzeichnis/26-86233 Leistungsverzeichnis Version 2.X83
40;Zulage für Anarbeiten an aufgehende Bauteile;18,0;m;gaeb;Leistungsverzeichnis/26-86233 Leistungsverzeichnis Version 2.X83
50;Zulage für Ausschnitte vor Ort;36,0;St;gaeb;Leistungsverzeichnis/26-86233 Leistungsverzeichnis Version 2.X83
60;Sockelleisten;18,0;m;gaeb;Leistungsverzeichnis/26-86233 Leistungsverzeichnis Version 2.X83
70;Überbrückungsträger;12,0;St;gaeb;Leistungsverzeichnis/26-86233 Leistungsverzeichnis Version 2.X83
80;Plattenkennzeichnung;2,0;St;gaeb;Leistungsverzeichnis/26-86233 Leistungsverzeichnis Version 2.X83
90;Schutzabdeckung;4,0;m²;gaeb;Leistungsverzeichnis/26-86233 Leistungsverzeichnis Version 2.X83
100;Saugheber mit 2 Näpfen;1,0;St;gaeb;Leistungsverzeichnis/26-86233 Leistungsverzeichnis Version 2.X83
110;Grundrahmen feuerverzinkt für die komplette;1,0;St;gaeb;Leistungsverzeichnis/26-86233 Leistungsverzeichnis Version 2.X83
120;Projektierung des Doppelbodens inkl. Erstellung eines Montageplans und Vorlage bei der Fachbauleitung für die Prüfung bzw. Freigabe.;1,0;St;gaeb;Leistungsverzeichnis/26-86233 Leistungsverzeichnis Version 2.X83
130;Gehfläche für Trafokammer;3,0;Satz;gaeb;Leistungsverzeichnis/26-86233 Leistungsverzeichnis Version 2.X83
140;Auflagewinkel 120x12 mm;12,0;St;gaeb;Leistungsverzeichnis/26-86233 Leistungsverzeichnis Version 2.X83
10;Schreibpult für Wandmontage;3,0;St;gaeb;Leistungsverzeichnis/26-86233 Leistungsverzeichnis Version 2.X83
20;Stand Werkzeugschrank aus Stahlblech,;3,0;St;gaeb;Leistungsverzeichnis/26-86233 Leistungsverzeichnis Version 2.X83
30;Zubehör für MS-Schaltanlage;1,0;Satz;gaeb;Leistungsverzeichnis/26-86233 Leistungsverzeichnis Version 2.X83
40;Zubehör für NS-Schaltanlage;2,0;Satz;gaeb;Leistungsverzeichnis/26-86233 Leistungsverzeichnis Version 2.X83
50;Übersichtsschaltplan gemäß DIN 40 719, der kompletten;1,0;St;gaeb;Leistungsverzeichnis/26-86233 Leistungsverzeichnis Version 2.X83
60;Übersichtsschaltplangemäß DIN 40 719, der kompletten;2,0;St;gaeb;Leistungsverzeichnis/26-86233 Leistungsverzeichnis Version 2.X83
70;Handnotleuchte mit Akkumulatoren,;3,0;St;gaeb;Leistungsverzeichnis/26-86233 Leistungsverzeichnis Version 2.X83
80;Kohlensäure - Handfeuerlöscher,;3,0;St;gaeb;Leistungsverzeichnis/26-86233 Leistungsverzeichnis Version 2.X83
90;Hub- und Transporteinheit;2,0;St;gaeb;Leistungsverzeichnis/26-86233 Leistungsverzeichnis Version 2.X83
100;Gummi-Isoliermatte,;20,0;m;gaeb;Leistungsverzeichnis/26-86233 Leistungsverzeichnis Version 2.X83
110;Kompletter Satz an Aushängen bestehend aus:;3,0;Satz;gaeb;Leistungsverzeichnis/26-86233 Leistungsverzeichnis Version 2.X83
120;"Warnschild mit der Aufschrift ""Hochspannung Vorsicht";4,0;St;gaeb;Leistungsverzeichnis/26-86233 Leistungsverzeichnis Version 2.X83
10;Abnahme der elektrotechnischen Anlagen (Gebäudehauptverteilungen GHV-AV und GHV-SV);1,0;psch;gaeb;Leistungsverzeichnis/26-86233 Leistungsverzeichnis Version 2.X83
10;Kabel DIN VDE 0276-603 (VDE 0276-603) NYCWY 4 x 240 SM/120, Cu-Zahl 10546, auf vorh. Kabelrinnen oder in offene Kanäle.;694,0;m;gaeb;Leistungsverzeichnis/26-86233 Leistungsverzeichnis Version 2.X83
20;Kabel DIN VDE 0276-603 (VDE 0276-603) NYCWY 4 x 240 SM/120, Cu-Zahl 10546, mit Bügelschellen auf vorh. Ankerschienen oder Kabelleiter.;96,0;m;gaeb;Leistungsverzeichnis/26-86233 Leistungsverzeichnis Version 2.X83
30;Kabel DIN VDE 0276-603 (VDE 0276-603) NYCWY 4 x 185 SM/95, Cu-Zahl 8159, auf vorh. Kabelrinnen oder in offene Kanäle.;608,0;m;gaeb;Leistungsverzeichnis/26-86233 Leistungsverzeichnis Version 2.X83
40;Kabel DIN VDE 0276-603 (VDE 0276-603) NYCWY 4 x 185 SM/95, Cu-Zahl 8159, mit Bügelschellen auf vorh. Ankerschienen oder Kabelleiter.;88,0;m;gaeb;Leistungsverzeichnis/26-86233 Leistungsverzeichnis Version 2.X83
50;Kabel DIN VDE 0276-603 (VDE 0276-603) NYCWY 4 x 120 SM/70, Cu-Zahl 5388, auf vorh. Kabelrinnen oder in offene Kanäle.;155,0;m;gaeb;Leistungsverzeichnis/26-86233 Leistungsverzeichnis Version 2.X83
60;Kabel DIN VDE 0276-603 (VDE 0276-603) NYCWY 4 x 120 SM/70, Cu-Zahl 5388, mit Bügelschellen auf vorh. Ankerschienen oder Kabelleiter.;18,0;m;gaeb;Leistungsverzeichnis/26-86233 Leistungsverzeichnis Version 2.X83
70;Kabel DIN VDE 0276-603 (VDE 0276-603) NYCWY 4 x 70 SM/35, Cu-Zahl 3082, auf vorh. Kabelrinnen oder in offene Kanäle.;206,0;m;gaeb;Leistungsverzeichnis/26-86233 Leistungsverzeichnis Version 2.X83
80;Kabel DIN VDE 0276-603 (VDE 0276-603) NYCWY 4 x 70 SM/35, Cu-Zahl 3082, mit Bügelschellen auf vorh. Ankerschienen oder Kabelleiter.;23,0;m;gaeb;Leistungsverzeichnis/26-86233 Leistungsverzeichnis Version 2.X83
90;Kabel DIN VDE 0276-603 (VDE 0276-603) NYCWY 4 x 50 SM/25, Cu-Zahl 2203, auf vorh. Kabelrinnen oder in offene Kanäle.;331,0;m;gaeb;Leistungsverzeichnis/26-86233 Leistungsverzeichnis Version 2.X83
100;Kabel DIN VDE 0276-603 (VDE 0276-603) NYCWY 4 x 50 SM/25, Cu-Zahl 2203, mit Bügelschellen auf vorh. Ankerschienen oder Kabelleiter.;37,0;m;gaeb;Leistungsverzeichnis/26-86233 Leistungsverzeichnis Version 2.X83
110;Kabel DIN VDE 0276-603 (VDE 0276-603) NYCWY 4 x 35 SM/16, Cu-Zahl 1526, auf vorh. Kabelrinnen oder in offene Kanäle.;167,0;m;gaeb;Leistungsverzeichnis/26-86233 Leistungsverzeichnis Version 2.X83
120;Kabel DIN VDE 0276-603 (VDE 0276-603) NYCWY 4 x 35 SM/16, Cu-Zahl 1526, mit Bügelschellen auf vorh. Ankerschienen oder Kabelleiter.;19,0;m;gaeb;Leistungsverzeichnis/26-86233 Leistungsverzeichnis Version 2.X83
130;Kabel DIN VDE 0276-603 (VDE 0276-603) NYY-J 5 x 25 RM, Cu-Zahl 1200, auf vorh. Kabelrinnen oder in offene Kanäle.;186,0;m;gaeb;Leistungsverzeichnis/26-86233 Leistungsverzeichnis Version 2.X83
140;Kabel DIN VDE 0276-603 (VDE 0276-603) NYY-J 5 x 25 RM, Cu-Zahl 1200, mit Bügelschellen auf vorh. Ankerschienen oder Kabelleiter.;21,0;m;gaeb;Leistungsverzeichnis/26-86233 Leistungsverzeichnis Version 2.X83
150;Kabel DIN VDE 0276-603 (VDE 0276-603) NYY-J 5 x 16 RE, Cu-Zahl 768, auf vorh. Kabelrinnen oder in offene Kanäle.;777,0;m;gaeb;Leistungsverzeichnis/26-86233 Leistungsverzeichnis Version 2.X83
160;Kabel DIN VDE 0276-603 (VDE 0276-603) NYY-J 5 x 16 RE, Cu-Zahl 768, mit Bügelschellen auf vorh. Ankerschienen oder Kabelleiter.;87,0;m;gaeb;Leistungsverzeichnis/26-86233 Leistungsverzeichnis Version 2.X83
170;Kabel DIN VDE 0276-603 (VDE 0276-603) NYY-J 5 x 10 RE, Cu-Zahl 480, auf vorh. Kabelrinnen oder in offene Kanäle.;233,0;m;gaeb;Leistungsverzeichnis/26-86233 Leistungsverzeichnis Version 2.X83
180;Kabel DIN VDE 0276-603 (VDE 0276-603) NYY-J 5 x 10 RE, Cu-Zahl 480, mit Bügelschellen auf vorh. Ankerschienen oder Kabelleiter.;26,0;m;gaeb;Leistungsverzeichnis/26-86233 Leistungsverzeichnis Version 2.X83
190;Kabel DIN VDE 0276-603 (VDE 0276-603) NYY-J 5 x 6 RE, Cu-Zahl 288, auf vorh. Kabelrinnen oder in offene Kanäle.;447,0;m;gaeb;Leistungsverzeichnis/26-86233 Leistungsverzeichnis Version 2.X83
200;Kabel DIN VDE 0276-603 (VDE 0276-603) NYY-J 5 x 6 RE, Cu-Zahl 288, mit Bügelschellen auf vorh. Ankerschienen oder Kabelleiter.;50,0;m;gaeb;Leistungsverzeichnis/26-86233 Leistungsverzeichnis Version 2.X83
210;Kabel DIN VDE 0276-603 (VDE 0276-603) NYY-J 5 x 4 RE, Cu-Zahl 192, auf vorh. Kabelrinnen oder in offene Kanäle.;246,0;m;gaeb;Leistungsverzeichnis/26-86233 Leistungsverzeichnis Version 2.X83
220;Kabel DIN VDE 0276-603 (VDE 0276-603) NYY-J 5 x 4 RE, Cu-Zahl 192, mit Bügelschellen auf vorh. Ankerschienen oder Kabelleiter.;28,0;m;gaeb;Leistungsverzeichnis/26-86233 Leistungsverzeichnis Version 2.X83
230;Kabel DIN VDE 0276-603 (VDE 0276-603) NYY-J 5 x 2,5 RE, Cu-Zahl 120, auf vorh. Kabelrinnen oder in offene Kanäle.;413,0;m;gaeb;Leistungsverzeichnis/26-86233 Leistungsverzeichnis Version 2.X83
240;Kabel DIN VDE 0276-603 (VDE 0276-603) NYY-J 5 x 2,5 RE, Cu-Zahl 120, mit Bügelschellen auf vorh. Ankerschienen oder Kabelleiter.;46,0;m;gaeb;Leistungsverzeichnis/26-86233 Leistungsverzeichnis Version 2.X83
250;Installationsleitung DIN VDE 0250-204 (VDE 0250-204) NYM-J 5 x 16, Cu-Zahl 768, Ausführung gemäß Einzelbeschreibung,;20,0;m;gaeb;Leistungsverzeichnis/26-86233 Leistungsverzeichnis Version 2.X83
260;Installationsleitung DIN VDE 0250-204 (VDE 0250-204) NYM-J 5 x 16, Cu-Zahl 768, Ausführung gemäß Einzelbeschreibung,;20,0;m;gaeb;Leistungsverzeichnis/26-86233 Leistungsverzeichnis Version 2.X83
270;Installationsleitung DIN VDE 0250-204 (VDE 0250-204) NYM-J 5 x 10, Cu-Zahl 480, Ausführung gemäß Einzelbeschreibung,;345,0;m;gaeb;Leistungsverzeichnis/26-86233 Leistungsverzeichnis Version 2.X83
280;Installationsleitung DIN VDE 0250-204 (VDE 0250-204) NYM-J 5 x 10, Cu-Zahl 480, Ausführung gemäß Einzelbeschreibung,;40,0;m;gaeb;Leistungsverzeichnis/26-86233 Leistungsverzeichnis Version 2.X83
290;Installationsleitung DIN VDE 0250-204 (VDE 0250-204) NYM-J 5 x 6, Cu-Zahl 288, Ausführung gemäß Einzelbeschreibung,;6475,0;m;gaeb;Leistungsverzeichnis/26-86233 Leistungsverzeichnis Version 2.X83
300;Installationsleitung DIN VDE 0250-204 (VDE 0250-204) NYM-J 5 x 6, Cu-Zahl 288, Ausführung gemäß Einzelbeschreibung,;720,0;m;gaeb;Leistungsverzeichnis/26-86233 Leistungsverzeichnis Version 2.X83
310;Installationsleitung DIN VDE 0250-204 (VDE 0250-204) NYM-J 5 x 4, Cu-Zahl 192, Ausführung gemäß Einzelbeschreibung,;70,0;m;gaeb;Leistungsverzeichnis/26-86233 Leistungsverzeichnis Version 2.X83
320;Installationsleitung DIN VDE 0250-204 (VDE 0250-204) NYM-J 5 x 4, Cu-Zahl 192, Ausführung gemäß Einzelbeschreibung,;10,0;m;gaeb;Leistungsverzeichnis/26-86233 Leistungsverzeichnis Version 2.X83
330;Installationsleitung DIN VDE 0250-204 (VDE 0250-204) NYM-J 5 x 2,5, Cu-Zahl 120, Ausführung gemäß Einzelbeschreibung,;1815,0;m;gaeb;Leistungsverzeichnis/26-86233 Leistungsverzeichnis Version 2.X83
340;Installationsleitung DIN VDE 0250-204 (VDE 0250-204) NYM-J 5 x 2,5, Cu-Zahl 120, Ausführung gemäß Einzelbeschreibung,;205,0;m;gaeb;Leistungsverzeichnis/26-86233 Leistungsverzeichnis Version 2.X83
350;Installationsleitung DIN VDE 0250-204 (VDE 0250-204) NYM-J 5 x 1,5, Cu-Zahl 72, Ausführung gemäß Einzelbeschreibung,;50,0;m;gaeb;Leistungsverzeichnis/26-86233 Leistungsverzeichnis Version 2.X83
360;Installationsleitung DIN VDE 0250-204 (VDE 0250-204) NYM-J 5 x 1,5, Cu-Zahl 72, Ausführung gemäß Einzelbeschreibung,;5,0;m;gaeb;Leistungsverzeichnis/26-86233 Leistungsverzeichnis Version 2.X83
370;Installationsleitung DIN VDE 0250-204 (VDE 0250-204) NYM-J 3 x 2,5, Cu-Zahl 72, Ausführung gemäß Einzelbeschreibung,;6790,0;m;gaeb;Leistungsverzeichnis/26-86233 Leistungsverzeichnis Version 2.X83
380;Installationsleitung DIN VDE 0250-204 (VDE 0250-204) NYM-J 3 x 2,5, Cu-Zahl 72, Ausführung gemäß Einzelbeschreibung,;755,0;m;gaeb;Leistungsverzeichnis/26-86233 Leistungsverzeichnis Version 2.X83
390;Installationsleitung DIN VDE 0250-204 (VDE 0250-204) NYM-J 3 x 1,5, Cu-Zahl 43, Ausführung gemäß Einzelbeschreibung,;8155,0;m;gaeb;Leistungsverzeichnis/26-86233 Leistungsverzeichnis Version 2.X83
400;Installationsleitung DIN VDE 0250-204 (VDE 0250-204) NYM-J 3 x 1,5, Cu-Zahl 43, Ausführung gemäß Einzelbeschreibung,;910,0;m;gaeb;Leistungsverzeichnis/26-86233 Leistungsverzeichnis Version 2.X83
410;Kabel DIN VDE 0276-603 (VDE 0276-603) NYY-J 1 x 95 RM, Cu-Zahl 912, auf vorh. Kabelrinnen oder in offene Kanäle, Ausführung gemäß Einzelbeschreibung,;8,0;m;gaeb;Leistungsverzeichnis/26-86233 Leistungsverzeichnis Version 2.X83
420;Kabel DIN VDE 0276-603 (VDE 0276-603) NYY-J 1 x 95 RM, Cu-Zahl 912, mit Bügelschellen auf vorh. Ankerschienen oder Kabelleiter, Ausführung gemäß Einzelbeschreibung,;8,0;m;gaeb;Leistungsverzeichnis/26-86233 Leistungsverzeichnis Version 2.X83
430;Kabel DIN VDE 0276-603 (VDE 0276-603) NYY-J 1 x 50 RM, Cu-Zahl 480, auf vorh. Kabelrinnen oder in offene Kanäle, Ausführung gemäß Einzelbeschreibung,;12,0;m;gaeb;Leistungsverzeichnis/26-86233 Leistungsverzeichnis Version 2.X83
440;Kabel DIN VDE 0276-603 (VDE 0276-603) NYY-J 1 x 50 RM, Cu-Zahl 480, mit Befestigung gemäß bauaufsichtlicher Zulassung, Ausführung gemäß Einzelbeschreibung,;8,0;m;gaeb;Leistungsverzeichnis/26-86233 Leistungsverzeichnis Version 2.X83
450;Installationsleitung DIN VDE 0250-204 (VDE 0250-204) NYM-J 1 x 25, Cu-Zahl 240, auf vorh. Kabelrinnen oder in offene Kanäle, Ausführung gemäß Einzelbeschreibung,;40,0;m;gaeb;Leistungsverzeichnis/26-86233 Leistungsverzeichnis Version 2.X83
460;Installationsleitung DIN VDE 0250-204 (VDE 0250-204) NYM-J 1 x 25, Cu-Zahl 240, mit Bügelschellen auf vorh. Ankerschienen oder Kabelleiter, Ausführung gemäß Einzelbeschreibung,;10,0;m;gaeb;Leistungsverzeichnis/26-86233 Leistungsverzeichnis Version 2.X83
470;Installationsleitung DIN VDE 0250-204 (VDE 0250-204) NYM-J 1 x 16, Cu-Zahl 154, in vorh. Rohre/Unterflurkanäle, Ausführung gemäß Einzelbeschreibung,;60,0;m;gaeb;Leistungsverzeichnis/26-86233 Leistungsverzeichnis Version 2.X83
480;Installationsleitung DIN VDE 0250-204 (VDE 0250-204) NYM-J 1 x 16, Cu-Zahl 154, mit Befestigung gemäß bauaufsichtlicher Zulassung, Ausführung gemäß Einzelbeschreibung,;40,0;m;gaeb;Leistungsverzeichnis/26-86233 Leistungsverzeichnis Version 2.X83
490;Installationsleitung DIN VDE 0250-204 (VDE 0250-204) NYM-J 1 x 10, Cu-Zahl 96, auf vorh. Kabelrinnen oder in offene Kanäle, Ausführung gemäß Einzelbeschreibung,;250,0;m;gaeb;Leistungsverzeichnis/26-86233 Leistungsverzeichnis Version 2.X83
500;Installationsleitung DIN VDE 0250-204 (VDE 0250-204) NYM-J 1 x 10, Cu-Zahl 96, mit Bügelschellen auf vorh. Ankerschienen oder Kabelleiter, Ausführung gemäß Einzelbeschreibung,;80,0;m;gaeb;Leistungsverzeichnis/26-86233 Leistungsverzeichnis Version 2.X83
510;Installationsleitung DIN VDE 0250-204 (VDE 0250-204) NYM-J 1 x 6, Cu-Zahl 58, auf vorh. Kabelrinnen oder in offene Kanäle, Ausführung gemäß Einzelbeschreibung,;3700,0;m;gaeb;Leistungsverzeichnis/26-86233 Leistungsverzeichnis Version 2.X83
520;Installationsleitung DIN VDE 0250-204 (VDE 0250-204) NYM-J 1 x 6, Cu-Zahl 58, mit Bügelschellen auf vorh. Ankerschienen oder Kabelleiter, Ausführung gemäß Einzelbeschreibung,;860,0;m;gaeb;Leistungsverzeichnis/26-86233 Leistungsverzeichnis Version 2.X83
530;Kabel DIN VDE 0276-603 (VDE 0276-603) NYY-J 5 x 16 RE, Cu-Zahl 768, Ausführung gemäß Einzelbeschreibung,;50,0;m;gaeb;Leistungsverzeichnis/26-86233 Leistungsverzeichnis Version 2.X83
540;Kabel DIN VDE 0276-603 (VDE 0276-603) NYY-J 5 x 16 RE, Cu-Zahl 768, mit Bügelschellen auf vorh. Ankerschienen oder Kabelleiter.;10,0;m;gaeb;Leistungsverzeichnis/26-86233 Leistungsverzeichnis Version 2.X83
550;Kabel DIN VDE 0276-603 (VDE 0276-603) NYY-J 5 x 4 RE, Cu-Zahl 192, Ausführung gemäß Einzelbeschreibung,;50,0;m;gaeb;Leistungsverzeichnis/26-86233 Leistungsverzeichnis Version 2.X83
560;Kabel DIN VDE 0276-603 (VDE 0276-603) NYY-J 5 x 4 RE, Cu-Zahl 192, mit Bügelschellen auf vorh. Ankerschienen oder Kabelleiter.;10,0;m;gaeb;Leistungsverzeichnis/26-86233 Leistungsverzeichnis Version 2.X83
570;Kabel DIN VDE 0276-603 (VDE 0276-603) NYY-J 5 x 2,5 RE, Cu-Zahl 120, Ausführung gemäß Einzelbeschreibung,;50,0;m;gaeb;Leistungsverzeichnis/26-86233 Leistungsverzeichnis Version 2.X83
580;Kabel DIN VDE 0276-603 (VDE 0276-603) NYY-J 5 x 2,5 RE, Cu-Zahl 120, mit Bügelschellen auf vorh. Ankerschienen oder Kabelleiter.;10,0;m;gaeb;Leistungsverzeichnis/26-86233 Leistungsverzeichnis Version 2.X83
590;Kabel DIN VDE 0276-603 (VDE 0276-603) NYY-J 3 x 2,5 RE, Cu-Zahl 72, Ausführung gemäß Einzelbeschreibung,;50,0;m;gaeb;Leistungsverzeichnis/26-86233 Leistungsverzeichnis Version 2.X83
600;Kabel DIN VDE 0276-603 (VDE 0276-603) NYY-J 3 x 2,5 RE, Cu-Zahl 72, mit Bügelschellen auf vorh. Ankerschienen oder Kabelleiter.;10,0;m;gaeb;Leistungsverzeichnis/26-86233 Leistungsverzeichnis Version 2.X83
610;Busleitung, Bussystem KNX-TP, Mantelisolation bemessen für 4 kV Prüfspannung, YCYM 2 x 2 x 0,8, Cu-Zahl 21, auf vorh. Kabelrinnen oder in offene Kanäle.;3275,0;m;gaeb;Leistungsverzeichnis/26-86233 Leistungsverzeichnis Version 2.X83
620;Busleitung, Bussystem KNX-TP, Mantelisolation bemessen für 4 kV Prüfspannung, YCYM 2 x 2 x 0,8, Cu-Zahl 21, mit Abstands-/Befestigungsschellen.;425,0;m;gaeb;Leistungsverzeichnis/26-86233 Leistungsverzeichnis Version 2.X83
630;Gummischlauchleitung DIN EN 50525-2-21 (VDE 0285-525-2-21) H07RN-F 4 G 1,5, Cu-Zahl 58, auf vorh. Kabelrinnen oder in offene Kanäle, Ausführung gemäß Einzelbeschreibung,;1900,0;m;gaeb;Leistungsverzeichnis/26-86233 Leistungsverzeichnis Version 2.X83
640;Installationsleitung DIN VDE 0250-204 (VDE 0250-204) NYM-J 4 x 1,5, Cu-Zahl 58, Ausführung gemäß Einzelbeschreibung,;40,0;m;gaeb;Leistungsverzeichnis/26-86233 Leistungsverzeichnis Version 2.X83
650;Installationsleitung DIN VDE 0250-204 (VDE 0250-204) NYM-J 4 x 2,5, Cu-Zahl 96, Ausführung gemäß Einzelbeschreibung,;80,0;m;gaeb;Leistungsverzeichnis/26-86233 Leistungsverzeichnis Version 2.X83
660;Installationsleitung DIN VDE 0250-204 (VDE 0250-204) NYM-J 3 x 2,5, Cu-Zahl 72, Ausführung gemäß Einzelbeschreibung,;500,0;m;gaeb;Leistungsverzeichnis/26-86233 Leistungsverzeichnis Version 2.X83
670;Halogenfreies Kabel DIN VDE 0266 (VDE 0266) NHXH-J FE 180 3 x 2,5 RE, Cu-Zahl 72, auf vorh. Kabelrinnen oder in offene Kanäle.;2120,0;m;gaeb;Leistungsverzeichnis/26-86233 Leistungsverzeichnis Version 2.X83
680;Halogenfreies Kabel DIN VDE 0266 (VDE 0266) NHXH-J FE 180 3 x 2,5 RE, Cu-Zahl 72, mit Bügelschellen auf vorh. Ankerschienen oder Kabelleiter.;240,0;m;gaeb;Leistungsverzeichnis/26-86233 Leistungsverzeichnis Version 2.X83
690;Installationsleitung DIN VDE 0250-204 (VDE 0250-204) NYM-J 3 x 1,5, Cu-Zahl 43, auf vorh. Kabelrinnen oder in offene Kanäle.;10980,0;m;gaeb;Leistungsverzeichnis/26-86233 Leistungsverzeichnis Version 2.X83
700;Installationsleitung DIN VDE 0250-204 (VDE 0250-204) NYM-J 3 x 1,5, Cu-Zahl 43, mit Bügelschellen auf vorh. Ankerschienen oder Kabelleiter.;1220,0;m;gaeb;Leistungsverzeichnis/26-86233 Leistungsverzeichnis Version 2.X83
710;Installationskabel, symmetrisch, DIN VDE 0815 (VDE 0815), J-H(St)H, 4 x 2 x 0,8 Bd, auf vorh. Kabelrinnen oder in offene Kanäle.;450,0;m;gaeb;Leistungsverzeichnis/26-86233 Leistungsverzeichnis Version 2.X83
720;Installationskabel, symmetrisch, DIN VDE 0815 (VDE 0815), J-H(St)H, 4 x 2 x 0,8 Bd, mit Bügelschellen.;50,0;m;gaeb;Leistungsverzeichnis/26-86233 Leistungsverzeichnis Version 2.X83
730;Installationskabel, symmetrisch, DIN VDE 0815 (VDE 0815), J-Y(St)Y, 10 x 2 x 0,8 Bd, Ausführung gemäß Einzelbeschreibung,;933,0;m;gaeb;Leistungsverzeichnis/26-86233 Leistungsverzeichnis Version 2.X83
740;Installationskabel, symmetrisch, mit rotem Außenmantel und Aufdruck -Brandmeldekabel-, J-Y(St)Y, 2 x 2 x 0,8 Bd, Ausführung gemäß Einzelbeschreibung,;120,0;m;gaeb;Leistungsverzeichnis/26-86233 Leistungsverzeichnis Version 2.X83
750;Installationskabel, symmetrisch, DIN VDE 0815 (VDE 0815), mit integriertem Funktionserhalt E 30, DIN 4102-12, mit rotem Außenmantel und Aufdruck -Brandmeldekabel-, JE-H(St)H, 4 x 2 x 0,8 Bd, auf vorh. Kabelrinnen oder in offene Kanäle.;1150,0;m;gaeb;Leistungsverzeichnis/26-86233 Leistungsverzeichnis Version 2.X83
760;Installationskabel, symmetrisch, DIN VDE 0815 (VDE 0815), mit integriertem Funktionserhalt E 30, DIN 4102-12, mit rotem Außenmantel und Aufdruck -Brandmeldekabel-, JE-H(St)H, 4 x 2 x 0,8 Bd, mit Bügelschellen.;100,0;m;gaeb;Leistungsverzeichnis/26-86233 Leistungsverzeichnis Version 2.X83
770;Installationskabel, symmetrisch, mit rotem Außenmantel und Aufdruck -Brandmeldekabel-, J-Y(St)Y, 4 x 2 x 0,8 Bd, auf vorh. Kabelrinnen oder in offene Kanäle.;5185,0;m;gaeb;Leistungsverzeichnis/26-86233 Leistungsverzeichnis Version 2.X83
780;Installationskabel, symmetrisch, mit rotem Außenmantel und Aufdruck -Brandmeldekabel-, J-Y(St)Y, 4 x 2 x 0,8 Bd, mit Bügelschellen.;535,0;m;gaeb;Leistungsverzeichnis/26-86233 Leistungsverzeichnis Version 2.X83
790;Halogenfreies Kabel DIN VDE 0266 (VDE 0266) NHXH-J FE 180 3 x 6 RE, Cu-Zahl 173, auf vorh. Kabelrinnen oder in offene Kanäle, Feuerwiderstandsklasse E 30 DIN 4102-12, mit Funktionserhalt.;73,0;m;gaeb;Leistungsverzeichnis/26-86233 Leistungsverzeichnis Version 2.X83
800;Halogenfreies Kabel DIN VDE 0266 (VDE 0266) NHXH-J FE 180 3 x 6 RE, Cu-Zahl 173, mit Bügelschellen auf vorh. Ankerschienen oder Kabelleiter, Feuerwiderstandsklasse E 30 DIN 4102-12, mit Funktionserhalt.;9,0;m;gaeb;Leistungsverzeichnis/26-86233 Leistungsverzeichnis Version 2.X83
810;Halogenfreies Kabel DIN VDE 0266 (VDE 0266) NHXH-J FE 180 3 x 2,5 RE, Cu-Zahl 72, auf vorh. Kabelrinnen oder in offene Kanäle, Feuerwiderstandsklasse E 30 DIN 4102-12, mit Funktionserhalt.;344,0;m;gaeb;Leistungsverzeichnis/26-86233 Leistungsverzeichnis Version 2.X83
820;Halogenfreies Kabel DIN VDE 0266 (VDE 0266) NHXH-J FE 180 3 x 2,5 RE, Cu-Zahl 72, mit Bügelschellen auf vorh. Ankerschienen oder Kabelleiter, Feuerwiderstandsklasse E 30 DIN 4102-12, mit Funktionserhalt.;40,0;m;gaeb;Leistungsverzeichnis/26-86233 Leistungsverzeichnis Version 2.X83
830;Halogenfreies Kabel DIN VDE 0266 (VDE 0266) NHXHX-J FE 180 4 x 2,5 RE, Cu-Zahl 96, mit Befestigung gemäß bauaufsichtlicher Zulassung, Feuerwiderstandsklasse E 30 DIN 4102-12, mit Funktionserhalt.;616,0;m;gaeb;Leistungsverzeichnis/26-86233 Leistungsverzeichnis Version 2.X83
840;Halogenfreies Kabel DIN VDE 0266 (VDE 0266) NHXHX-J FE 180 4 x 4 RE, Cu-Zahl 154, mit Befestigung gemäß bauaufsichtlicher Zulassung, Feuerwiderstandsklasse E 30 DIN 4102-12, mit Funktionserhalt.;700,0;m;gaeb;Leistungsverzeichnis/26-86233 Leistungsverzeichnis Version 2.X83
850;Installationskabel, symmetrisch, DIN VDE 0815 (VDE 0815), mit integriertem Funktionserhalt E 30, DIN 4102-12, JE-H(St)H, 10 x 2 x 0,8 Bd, mit Befestigung gemäß bauaufsichtlicher Zulassung.;140,0;m;gaeb;Leistungsverzeichnis/26-86233 Leistungsverzeichnis Version 2.X83
10;Anschließen von Kabeln oder Leitungen, mit konzentrischem Leiter, an Schaltschrank, Querschnitt bis 4 x 10/10 mm², einschl. der erforderlichen Kabelschuhe und Verschraubungen;6,0;St;gaeb;Leistungsverzeichnis/26-86233 Leistungsverzeichnis Version 2.X83
20;Anschließen von Kabeln oder Leitungen, mit konzentrischem Leiter, an Schaltschrank, Querschnitt bis 4 x 16/16 mm², einschl. der erforderlichen Kabelschuhe und Verschraubungen;22,0;St;gaeb;Leistungsverzeichnis/26-86233 Leistungsverzeichnis Version 2.X83
30;Anschließen von Kabeln oder Leitungen, mit konzentrischem Leiter, an Schaltschrank, Querschnitt bis 4 x 25/16 mm², einschl. der erforderlichen Kabelschuhe und Verschraubungen;4,0;St;gaeb;Leistungsverzeichnis/26-86233 Leistungsverzeichnis Version 2.X83
40;Anschließen von Kabeln oder Leitungen, mit konzentrischem Leiter, an Schaltschrank, Querschnitt bis 4 x 35/16 mm², einschl. der erforderlichen Kabelschuhe und Verschraubungen;6,0;St;gaeb;Leistungsverzeichnis/26-86233 Leistungsverzeichnis Version 2.X83
50;Anschließen von Kabeln oder Leitungen, mit konzentrischem Leiter, an Schaltschrank, Querschnitt bis 4 x 50/25 mm², einschl. der erforderlichen Kabelschuhe und Verschraubungen;8,0;St;gaeb;Leistungsverzeichnis/26-86233 Leistungsverzeichnis Version 2.X83
60;Anschließen von Kabeln oder Leitungen, mit konzentrischem Leiter, an Schaltschrank, Querschnitt bis 4 x 70/35 mm², einschl. der erforderlichen Kabelschuhe und Verschraubungen;6,0;St;gaeb;Leistungsverzeichnis/26-86233 Leistungsverzeichnis Version 2.X83
70;Anschließen von Kabeln oder Leitungen, mit konzentrischem Leiter, an Schaltschrank, Querschnitt bis 4 x 95/50  mm², einschl. der erforderlichen Kabelschuhe und Verschraubungen;4,0;St;gaeb;Leistungsverzeichnis/26-86233 Leistungsverzeichnis Version 2.X83
80;Anschließen von Kabeln oder Leitungen, mit konzentrischem Leiter, an Schaltschrank, Querschnitt bis 4 x 120/70  mm², einschl. der erforderlichen Kabelschuhe und Verschraubungen;6,0;St;gaeb;Leistungsverzeichnis/26-86233 Leistungsverzeichnis Version 2.X83
90;Anschließen von Kabeln oder Leitungen, mit konzentrischem Leiter, an Schaltschrank, Querschnitt bis 4 x 150/70 mm², einschl. der erforderlichen Kabelschuhe und Verschraubungen;4,0;St;gaeb;Leistungsverzeichnis/26-86233 Leistungsverzeichnis Version 2.X83
100;Anschließen von Kabeln oder Leitungen, mit konzentrischem Leiter, an Schaltschrank, Querschnitt bis 4 x 185/95 mm², einschl. der erforderlichen Kabelschuhe und Verschraubungen;24,0;St;gaeb;Leistungsverzeichnis/26-86233 Leistungsverzeichnis Version 2.X83
110;Anschließen von Kabeln oder Leitungen, mit konzentrischem Leiter, an Schaltschrank, Querschnitt bis 4 x 240/120 mm², einschl. der erforderlichen Kabelschuhe und Verschraubungen;54,0;St;gaeb;Leistungsverzeichnis/26-86233 Leistungsverzeichnis Version 2.X83
120;Anschließen von Kabeln oder Leitungen, an Schaltschrank, Querschnitt bis 1 x50 mm², einschl. der erforderlichen Kabelschuhe und Verschraubungen sowie Beschriftung.;4,0;St;gaeb;Leistungsverzeichnis/26-86233 Leistungsverzeichnis Version 2.X83
130;Anschließen von Kabeln oder Leitungen, an Schaltschrank, Querschnitt bis 1 x25 mm², einschl. der erforderlichen Kabelschuhe und Verschraubungen sowie Beschriftung.;4,0;St;gaeb;Leistungsverzeichnis/26-86233 Leistungsverzeichnis Version 2.X83
140;Prüfung der Anlage mit Bemessungsspannung bis 1000 V, mit Besichtigen, Erproben und Messen, für einen Dreiphasenwechselstromkreis ohne ein weiteres Schutzgerät, einschl. Messprotokoll.;152,0;St;gaeb;Leistungsverzeichnis/26-86233 Leistungsverzeichnis Version 2.X83
10;Energie-Schaltgerätekombination DIN EN IEC 61439-2 (VDE 0660-600-2), Bedienung durch Elektrofachkraft, Gehäuse aus Stahl, Oberfläche pulverbeschichtet, mit undurchsichtiger Tür an Bedienfront, abschließbar, Schutzklasse I (Erdung),;6,0;St;gaeb;Leistungsverzeichnis/26-86233 Leistungsverzeichnis Version 2.X83
20;Energie-Schaltgerätekombination DIN EN IEC 61439-2 (VDE 0660-600-2), Bedienung durch Elektrofachkraft, Gehäuse aus Stahl, Oberfläche pulverbeschichtet, mit undurchsichtiger Tür an Bedienfront, abschließbar, Schutzklasse I (Erdung),;3,0;St;gaeb;Leistungsverzeichnis/26-86233 Leistungsverzeichnis Version 2.X83
30;Energie-Schaltgerätekombination DIN EN IEC 61439-2 (VDE 0660-600-2), Bedienung durch Elektrofachkraft, Gehäuse aus Stahl, Oberfläche pulverbeschichtet, mit undurchsichtiger Tür an Bedienfront, abschließbar, Schutzklasse I (Erdung),;9,0;St;gaeb;Leistungsverzeichnis/26-86233 Leistungsverzeichnis Version 2.X83
40;Energie-Schaltgerätekombination DIN EN IEC 61439-2 (VDE 0660-600-2), Bedienung durch Elektrofachkraft, Gehäuse aus Stahl, Oberfläche pulverbeschichtet, mit undurchsichtiger Tür an Bedienfront, abschließbar, Schutzklasse I (Erdung),;7,0;St;gaeb;Leistungsverzeichnis/26-86233 Leistungsverzeichnis Version 2.X83
50;Lasttrennschalter DIN EN IEC 60947-3 (VDE 0660-107), als Hauptschalter, gekapselt, 3-polig, Bemessungsbetriebsspannung 690 V AC, in Festeinbautechnik, mit Handantrieb, zur Montage auf Tragschiene DIN EN 60715 (VDE 0660-520), abschließbar, mit Hilfsschalter 6 A, 1 S und 1 Ö, fingersicher DIN EN 50274;4,0;St;gaeb;Leistungsverzeichnis/26-86233 Leistungsverzeichnis Version 2.X83
60;Lasttrennschalter DIN EN IEC 60947-3 (VDE 0660-107), als Hauptschalter, gekapselt, 3-polig, Bemessungsbetriebsspannung 690 V AC, in Festeinbautechnik, mit Handantrieb, zur Montage auf Tragschiene DIN EN 60715 (VDE 0660-520), abschließbar, mit Hilfsschalter 6 A, 1 S und 1 Ö, fingersicher DIN EN 50274;2,0;St;gaeb;Leistungsverzeichnis/26-86233 Leistungsverzeichnis Version 2.X83
70;Lasttrennschalter DIN EN IEC 60947-3 (VDE 0660-107), als Hauptschalter, gekapselt, 3-polig, Bemessungsbetriebsspannung 690 V AC, in Festeinbautechnik, mit Handantrieb, zur Montage auf Tragschiene DIN EN 60715 (VDE 0660-520), abschließbar, mit Hilfsschalter 6 A, 1 S und 1 Ö, fingersicher DIN EN 50274;3,0;St;gaeb;Leistungsverzeichnis/26-86233 Leistungsverzeichnis Version 2.X83
80;Lasttrennschalter DIN EN IEC 60947-3 (VDE 0660-107), als Hauptschalter, gekapselt, 3-polig, Bemessungsbetriebsspannung 690 V AC, in Festeinbautechnik, mit Handantrieb, zur Montage auf Tragschiene DIN EN 60715 (VDE 0660-520), abschließbar, mit Hilfsschalter 6 A, 1 S und 1 Ö, fingersicher DIN EN 50274;6,0;St;gaeb;Leistungsverzeichnis/26-86233 Leistungsverzeichnis Version 2.X83
90;Lasttrennschalter DIN EN IEC 60947-3 (VDE 0660-107), als Hauptschalter, gekapselt, 3-polig, Bemessungsbetriebsspannung 690 V AC, in Festeinbautechnik, mit Handantrieb, zur Montage auf Tragschiene DIN EN 60715 (VDE 0660-520), abschließbar, mit Hilfsschalter 6 A, 1 S und 1 Ö, fingersicher DIN EN 50274;1,0;St;gaeb;Leistungsverzeichnis/26-86233 Leistungsverzeichnis Version 2.X83
100;Lasttrennschalter DIN EN IEC 60947-3 (VDE 0660-107), als Hauptschalter, gekapselt, 3-polig, Bemessungsbetriebsspannung 690 V AC, in Festeinbautechnik, mit Handantrieb, zur Montage auf Tragschiene DIN EN 60715 (VDE 0660-520), abschließbar, mit Hilfsschalter 6 A, 1 S und 1 Ö, fingersicher DIN EN 50274;9,0;St;gaeb;Leistungsverzeichnis/26-86233 Leistungsverzeichnis Version 2.X83
110;NH-Sicherungslasttrennschalter in Trennerbauform DIN EN IEC 60947-3 (VDE 0660-107), bedingter Bemessungskurzschlussstrom 50 kA, fingersicher DIN EN 50274 (VDE 0660-514), Bemessungsbetriebsspannung 400 V AC, Gebrauchskategorie AC-22, Baugröße 00, Einfachunterbrechung, 3-polig, zur Montage auf Tragsch;4,0;St;gaeb;Leistungsverzeichnis/26-86233 Leistungsverzeichnis Version 2.X83
120;Sicherungslasttrennschalter DIN EN IEC 60947-3 (VDE 0660-107), als Reiheneinbaugerät, Maße DIN 43880, einschl. Passeinsatz, bedingter Bemessungskurzschlussstrom 50 kA, fingersicher DIN EN 50274 (VDE 0660-514), zur Montage auf Tragschiene DIN EN 60715 (VDE 0660-520), Baugröße D 02, Bemessungsbetriebs;4,0;St;gaeb;Leistungsverzeichnis/26-86233 Leistungsverzeichnis Version 2.X83
130;Dx/D0x Sicherungssockel (Sicherungsunterteil) DIN VDE 0636-3 (VDE 0636-3), einschl. Passeinsatz und Schraubkappe, Baugröße D 02, Bemessungsbetriebsspannung 400 V AC/250 V DC, zur Montage auf Tragschiene DIN EN 60715 (VDE 0660-520), mit Sicherungseinsatz, Bemessungsstrom 50 A, 3-polig mit Abdeckung.;12,0;St;gaeb;Leistungsverzeichnis/26-86233 Leistungsverzeichnis Version 2.X83
140;Dx/D0x Sicherungssockel (Sicherungsunterteil) DIN VDE 0636-3 (VDE 0636-3), einschl. Passeinsatz und Schraubkappe, Baugröße D 02, Bemessungsbetriebsspannung 400 V AC/250 V DC, zur Montage auf Tragschiene DIN EN 60715 (VDE 0660-520), mit Sicherungseinsatz, Bemessungsstrom 40 A, 3-polig mit Abdeckung.;2,0;St;gaeb;Leistungsverzeichnis/26-86233 Leistungsverzeichnis Version 2.X83
150;Dx/D0x Sicherungssockel (Sicherungsunterteil) DIN VDE 0636-3 (VDE 0636-3), einschl. Passeinsatz und Schraubkappe, Baugröße D 02, Bemessungsbetriebsspannung 400 V AC/250 V DC, zur Montage auf Tragschiene DIN EN 60715 (VDE 0660-520), mit Sicherungseinsatz, Bemessungsstrom 35 A, 3-polig mit Abdeckung.;152,0;St;gaeb;Leistungsverzeichnis/26-86233 Leistungsverzeichnis Version 2.X83
160;Dx/D0x Sicherungssockel (Sicherungsunterteil) DIN VDE 0636-3 (VDE 0636-3), einschl. Passeinsatz und Schraubkappe, Baugröße D 02, Bemessungsbetriebsspannung 400 V AC/250 V DC, zur Montage auf Tragschiene DIN EN 60715 (VDE 0660-520), mit Sicherungseinsatz, Bemessungsstrom 25 A, 3-polig mit Abdeckung.;10,0;St;gaeb;Leistungsverzeichnis/26-86233 Leistungsverzeichnis Version 2.X83
170;Dx/D0x Sicherungssockel (Sicherungsunterteil) DIN VDE 0636-3 (VDE 0636-3), einschl. Passeinsatz und Schraubkappe, Baugröße D 02, Bemessungsbetriebsspannung 400 V AC/250 V DC, zur Montage auf Tragschiene DIN EN 60715 (VDE 0660-520), mit Sicherungseinsatz, Bemessungsstrom 20 A, 3-polig mit Abdeckung.;3,0;St;gaeb;Leistungsverzeichnis/26-86233 Leistungsverzeichnis Version 2.X83
180;Dx/D0x Sicherungssockel (Sicherungsunterteil) DIN VDE 0636-3 (VDE 0636-3), einschl. Passeinsatz und Schraubkappe, Baugröße D 01, Bemessungsbetriebsspannung 400 V AC/250 V DC, zur Montage auf Tragschiene DIN EN 60715 (VDE 0660-520), mit Sicherungseinsatz, Bemessungsstrom 16 A, 3-polig mit Abdeckung.;30,0;St;gaeb;Leistungsverzeichnis/26-86233 Leistungsverzeichnis Version 2.X83
190;Überspannungsschutzgerät DIN EN 61643-11 (VDE 0675-6-11), Typ 2, Einbauort am Betriebsmittel, Komplettbauweise, als Reiheneinbaugerät, Maße DIN 43880, mit Funktionsanzeige und potentialfreiem Kontakt für Fernanzeige, Bemessungsbetriebsspannung 230/400 V AC, Nennableitstoßstrom (8/20) je Leiter mind.;15,0;St;gaeb;Leistungsverzeichnis/26-86233 Leistungsverzeichnis Version 2.X83
200;Leitungsschutzschalter DIN EN 60898-1 (VDE 0641-11), als Reiheneinbaugerät, Maße DIN 43880, fingersicher DIN EN 50274 (VDE 0660-514),;119,0;St;gaeb;Leistungsverzeichnis/26-86233 Leistungsverzeichnis Version 2.X83
210;Leitungsschutzschalter DIN EN 60898-1 (VDE 0641-11), als Reiheneinbaugerät, Maße DIN 43880, fingersicher DIN EN 50274 (VDE 0660-514),;158,0;St;gaeb;Leistungsverzeichnis/26-86233 Leistungsverzeichnis Version 2.X83
220;Leitungsschutzschalter DIN EN 60898-1 (VDE 0641-11), als Reiheneinbaugerät, Maße DIN 43880, fingersicher DIN EN 50274 (VDE 0660-514),;203,0;St;gaeb;Leistungsverzeichnis/26-86233 Leistungsverzeichnis Version 2.X83
230;Fehlerstromschutzschalter mit Überstromschutz (RCBO) DIN EN 61009-1 (VDE 0664-20), als Reiheneinbaugerät, Maße DIN 43880, fingersicher DIN EN 50274 (VDE 0660-514), Typ A pulsstromsensitiv, Auslösung unverzögert, Auslösecharakteristik B, DIN EN 60898-1 (VDE 0641-11), Bemessungsstrom 16 A, Bemessungsf;163,0;St;gaeb;Leistungsverzeichnis/26-86233 Leistungsverzeichnis Version 2.X83
240;Fehlerstromschutzschalter mit Überstromschutz (RCBO) DIN EN 61009-1 (VDE 0664-20), als Reiheneinbaugerät, Maße DIN 43880, fingersicher DIN EN 50274 (VDE 0660-514), Typ A pulsstromsensitiv, Auslösung unverzögert, Auslösecharakteristik B, DIN EN 60898-1 (VDE 0641-11), Bemessungsstrom 20 A, Bemessungsf;2,0;St;gaeb;Leistungsverzeichnis/26-86233 Leistungsverzeichnis Version 2.X83
250;Fehlerstromschutzschalter mit Überstromschutz (RCBO) DIN EN 61009-1 (VDE 0664-20), als Reiheneinbaugerät, Maße DIN 43880, fingersicher DIN EN 50274 (VDE 0660-514), Typ A pulsstromsensitiv, Auslösung unverzögert, Auslösecharakteristik B, DIN EN 60898-1 (VDE 0641-11), Bemessungsstrom 16 A, Bemessungsf;38,0;St;gaeb;Leistungsverzeichnis/26-86233 Leistungsverzeichnis Version 2.X83
260;Fehlerstromschutzschalter mit Überstromschutz (RCBO) DIN EN 61009-1 (VDE 0664-20), als Reiheneinbaugerät, Maße DIN 43880, fingersicher DIN EN 50274 (VDE 0660-514), Typ A pulsstromsensitiv, Auslösung unverzögert, Auslösecharakteristik B, DIN EN 60898-1 (VDE 0641-11), Bemessungsstrom 20 A, Bemessungsf;6,0;St;gaeb;Leistungsverzeichnis/26-86233 Leistungsverzeichnis Version 2.X83
270;Fehlerstromschutzschalter mit Überstromschutz (RCBO) DIN EN 61009-1 (VDE 0664-20), als Reiheneinbaugerät, Maße DIN 43880, fingersicher DIN EN 50274 (VDE 0660-514), Typ A pulsstromsensitiv, Auslösung unverzögert, Auslösecharakteristik B, DIN EN 60898-1 (VDE 0641-11), Bemessungsstrom 25 A, Bemessungsf;4,0;St;gaeb;Leistungsverzeichnis/26-86233 Leistungsverzeichnis Version 2.X83
280;Fehlerstromschutzschalter mit Überstromschutz (RCBO) DIN EN 61009-1 (VDE 0664-20), als Reiheneinbaugerät, Maße DIN 43880, fingersicher DIN EN 50274 (VDE 0660-514), Typ A pulsstromsensitiv, Auslösung unverzögert, Auslösecharakteristik B, DIN EN 60898-1 (VDE 0641-11), Bemessungsstrom 32 A, Bemessungsf;43,0;St;gaeb;Leistungsverzeichnis/26-86233 Leistungsverzeichnis Version 2.X83
290;Fehlerstromschutzschalter mit Überstromschutz (RCBO) DIN EN 61009-1 (VDE 0664-20), als Reiheneinbaugerät, Maße DIN 43880, fingersicher DIN EN 50274 (VDE 0660-514), Typ A pulsstromsensitiv, Auslösung unverzögert, Auslösecharakteristik B, DIN EN 60898-1 (VDE 0641-11), Bemessungsstrom 20 A, Bemessungsf;5,0;St;gaeb;Leistungsverzeichnis/26-86233 Leistungsverzeichnis Version 2.X83
300;Fehlerstromschutzschalter (RCCB) DIN EN 61008-1 (VDE 0664-10), als Reiheneinbaugerät, Maße DIN 43880, fingersicher DIN EN 50274 (VDE 0660-514), Typ A pulsstromsensitiv, Auslösung unverzögert, Bemessungsstrom 40 A, Bemessungsfehlerstrom 30 mA, 3-polig + N, 400 V AC, Kurzschlussfestigkeit 10 kA, stoßs;30,0;St;gaeb;Leistungsverzeichnis/26-86233 Leistungsverzeichnis Version 2.X83
310;Fehlerstromschutzschalter mit Überstromschutz (RCBO) DIN EN 61009-1 (VDE 0664-20), als Reiheneinbaugerät, Maße DIN 43880, fingersicher DIN EN 50274 (VDE 0660-514), Typ A pulsstromsensitiv, Auslösung unverzögert, Auslösecharakteristik B, DIN EN 60898-1 (VDE 0641-11), Bemessungsstrom 16 A, Bemessungsf;3,0;St;gaeb;Leistungsverzeichnis/26-86233 Leistungsverzeichnis Version 2.X83
320;Fehlerstromschutzschalter (RCCB) DIN EN 61008-1 (VDE 0664-10), als Reiheneinbaugerät, Maße DIN 43880, fingersicher DIN EN 50274 (VDE 0660-514), Typ A pulsstromsensitiv, Auslösung unverzögert, Bemessungsstrom 25 A, Bemessungsfehlerstrom 30 mA, 3-polig + N, 400 V AC, Kurzschlussfestigkeit 10 kA, stoßs;3,0;St;gaeb;Leistungsverzeichnis/26-86233 Leistungsverzeichnis Version 2.X83
330;Fehlerstromschutzschalter (RCCB) DIN EN 61008-1 (VDE 0664-10), als Reiheneinbaugerät, Maße DIN 43880, fingersicher DIN EN 50274 (VDE 0660-514), Typ A pulsstromsensitiv, Auslösung unverzögert, Bemessungsstrom 40 A, Bemessungsfehlerstrom 30 mA, 3-polig + N, 400 V AC, Kurzschlussfestigkeit 10 kA, stoßs;3,0;St;gaeb;Leistungsverzeichnis/26-86233 Leistungsverzeichnis Version 2.X83
340;Fehlerstromschutzschalter (RCCB) DIN EN 61008-1 (VDE 0664-10), als Reiheneinbaugerät, Maße DIN 43880, fingersicher DIN EN 50274 (VDE 0660-514), Typ A pulsstromsensitiv, Auslösung unverzögert, Bemessungsstrom 63 A, Bemessungsfehlerstrom 30 mA, 3-polig + N, 400 V AC, Kurzschlussfestigkeit 10 kA, stoßs;3,0;St;gaeb;Leistungsverzeichnis/26-86233 Leistungsverzeichnis Version 2.X83
350;Fehlerstromschutzschalter mit Überstromschutz (RCBO) DIN EN 61009-1 (VDE 0664-20), als Reiheneinbaugerät, Maße DIN 43880, fingersicher DIN EN 50274 (VDE 0660-514), Typ A pulsstromsensitiv, Auslösung unverzögert, Auslösecharakteristik B, DIN EN 60898-1 (VDE 0641-11), Bemessungsstrom 16 A, Bemessungsf;3,0;St;gaeb;Leistungsverzeichnis/26-86233 Leistungsverzeichnis Version 2.X83
360;Fehlerstromschutzschalter mit Überstromschutz (RCBO) DIN EN 61009-1 (VDE 0664-20), als Reiheneinbaugerät, Maße DIN 43880, fingersicher DIN EN 50274 (VDE 0660-514), Typ A pulsstromsensitiv, Auslösung unverzögert, Auslösecharakteristik C, DIN EN 60898-1 (VDE 0641-11), Bemessungsstrom 16 A, Bemessungsf;3,0;St;gaeb;Leistungsverzeichnis/26-86233 Leistungsverzeichnis Version 2.X83
370;Fehlerstromschutzschalter mit Überstromschutz (RCBO) DIN EN 61009-1 (VDE 0664-20), als Reiheneinbaugerät, Maße DIN 43880, fingersicher DIN EN 50274 (VDE 0660-514), Typ A pulsstromsensitiv, Auslösung unverzögert, Auslösecharakteristik B, DIN EN 60898-1 (VDE 0641-11), Bemessungsstrom 16 A, Bemessungsf;3,0;St;gaeb;Leistungsverzeichnis/26-86233 Leistungsverzeichnis Version 2.X83
380;Fehlerstromschutzschalter mit Überstromschutz (RCBO) DIN EN 61009-1 (VDE 0664-20), als Reiheneinbaugerät, Maße DIN 43880, fingersicher DIN EN 50274 (VDE 0660-514), Typ A pulsstromsensitiv, Auslösung unverzögert, Auslösecharakteristik C, DIN EN 60898-1 (VDE 0641-11), Bemessungsstrom 16 A, Bemessungsf;3,0;St;gaeb;Leistungsverzeichnis/26-86233 Leistungsverzeichnis Version 2.X83
390;Fehlerstromschutzschalter mit Überstromschutz (RCBO) DIN EN 61009-1 (VDE 0664-20), als Reiheneinbaugerät, Maße DIN 43880, fingersicher DIN EN 50274 (VDE 0660-514), Typ A pulsstromsensitiv, Auslösung unverzögert, Auslösecharakteristik C, DIN EN 60898-1 (VDE 0641-11), Bemessungsstrom 32 A, Bemessungsf;3,0;St;gaeb;Leistungsverzeichnis/26-86233 Leistungsverzeichnis Version 2.X83
400;Leistungsschalter für Wechselstrom DIN EN 60947-2 (VDE 0660-101), Kompaktbauweise (MCCB), für Anlagen-, Kabel-, Generatorenschutz, als Hauptschalter, 3-polig, Bemessungsbetriebsstrom 160 A, Bemessungsbetriebsspannung 400/415 V AC bei 50/60 Hz, Bemessungsgrenzkurzschlussausschaltvermögen Icu mind. 18;3,0;St;gaeb;Leistungsverzeichnis/26-86233 Leistungsverzeichnis Version 2.X83
410;Leistungsschalter für Wechselstrom DIN EN 60947-2 (VDE 0660-101), Kompaktbauweise (MCCB), für Anlagen-, Kabel-, Generatorenschutz, als Hauptschalter, 3-polig, Bemessungsbetriebsstrom 100 A, Bemessungsbetriebsspannung 400/415 V AC bei 50/60 Hz, Bemessungsgrenzkurzschlussausschaltvermögen Icu mind. 18;3,0;St;gaeb;Leistungsverzeichnis/26-86233 Leistungsverzeichnis Version 2.X83
420;Leistungsschalter für Wechselstrom DIN EN 60947-2 (VDE 0660-101), Kompaktbauweise (MCCB), für Anlagen-, Kabel-, Generatorenschutz, als Hauptschalter, 3-polig, Bemessungsbetriebsstrom 80 A, Bemessungsbetriebsspannung 400/415 V AC bei 50/60 Hz, Bemessungsgrenzkurzschlussausschaltvermögen Icu mind. 18 ;3,0;St;gaeb;Leistungsverzeichnis/26-86233 Leistungsverzeichnis Version 2.X83
430;Leistungsschalter für Wechselstrom DIN EN 60947-2 (VDE 0660-101), Kompaktbauweise (MCCB), für Anlagen-, Kabel-, Generatorenschutz, als Hauptschalter, 3-polig, Bemessungsbetriebsstrom 63 A, Bemessungsbetriebsspannung 400/415 V AC bei 50/60 Hz, Bemessungsgrenzkurzschlussausschaltvermögen Icu mind. 18 ;3,0;St;gaeb;Leistungsverzeichnis/26-86233 Leistungsverzeichnis Version 2.X83
440;Leistungsschalter für Wechselstrom DIN EN 60947-2 (VDE 0660-101), Kompaktbauweise (MCCB), für Anlagen-, Kabel-, Generatorenschutz, als Hauptschalter, 3-polig, Bemessungsbetriebsstrom 50 A, Bemessungsbetriebsspannung 400/415 V AC bei 50/60 Hz, Bemessungsgrenzkurzschlussausschaltvermögen Icu mind. 18 ;3,0;St;gaeb;Leistungsverzeichnis/26-86233 Leistungsverzeichnis Version 2.X83
450;Leistungsschalter für Wechselstrom DIN EN 60947-2 (VDE 0660-101), Kompaktbauweise (MCCB), für Anlagen-, Kabel-, Generatorenschutz, als Hauptschalter, 3-polig, Bemessungsbetriebsstrom 40 A, Bemessungsbetriebsspannung 400/415 V AC bei 50/60 Hz, Bemessungsgrenzkurzschlussausschaltvermögen Icu mind. 18 ;3,0;St;gaeb;Leistungsverzeichnis/26-86233 Leistungsverzeichnis Version 2.X83
460;Signalleuchte DIN EN 60669-1 (VDE 0632-1) mit Kalotte und Lampe, als Reiheneinbaugerät, Maße DIN 43880, fingersicher DIN EN 50274 (VDE 0660-514), zur Montage auf Tragschiene DIN EN 60715 (VDE 0660-520), Bemessungsbetriebsspannung 230 V AC.;25,0;St;gaeb;Leistungsverzeichnis/26-86233 Leistungsverzeichnis Version 2.X83
470;Steckdose DIN VDE 0620-1 (VDE 0620-1), als Reiheneinbaugerät, Maße DIN 43880, fingersicher DIN EN 50274 (VDE 0660-514), zur Montage auf Tragschiene DIN EN 60715 (VDE 0660-520), Bemessungsbetriebsspannung 230 V AC, Bemessungsstrom 16 A, einpolig + N + PE.;25,0;St;gaeb;Leistungsverzeichnis/26-86233 Leistungsverzeichnis Version 2.X83
480;Überspannungsschutzgerät DIN EN 61643-11 (VDE 0675-6-11), Typ 1 und 2, Einbauort am Betriebsmittel, Komplettbauweise, als Reiheneinbaugerät, Maße DIN 43880, mit Funktionsanzeige und potentialfreiem Kontakt für Fernanzeige, Bemessungsbetriebsspannung 230/400 V AC, Nennableitstoßstrom (8/20) je Leiter;9,0;St;gaeb;Leistungsverzeichnis/26-86233 Leistungsverzeichnis Version 2.X83
490;Überspannungsschutzgerät DIN EN 61643-11 (VDE 0675-6-11), Typ 2, Einbauort am Betriebsmittel, Komplettbauweise, als Reiheneinbaugerät, Maße DIN 43880, mit Funktionsanzeige und potentialfreiem Kontakt für Fernanzeige, Bemessungsbetriebsspannung 230/400 V AC, Nennableitstoßstrom (8/20) je Leiter mind.;16,0;St;gaeb;Leistungsverzeichnis/26-86233 Leistungsverzeichnis Version 2.X83
500;Anschlussblockklemme, 5-polig, für Leiterquerschnitt bis 16 mm2, mit Schraubbefestigung, mit Berührungsschutzabdeckung, einschl. systemgebundenem Zubehör mit dauerhafter Anschlussbezeichnung.;22,0;St;gaeb;Leistungsverzeichnis/26-86233 Leistungsverzeichnis Version 2.X83
510;Anschlussblockklemme, 5-polig, für Leiterquerschnitt bis 25 mm2, mit Schraubbefestigung, mit Berührungsschutzabdeckung, einschl. systemgebundenem Zubehör mit dauerhafter Anschlussbezeichnung.;4,0;St;gaeb;Leistungsverzeichnis/26-86233 Leistungsverzeichnis Version 2.X83
520;Anschlussblockklemme, 5-polig, für Leiterquerschnitt bis 35 mm2, mit Schraubbefestigung, mit Berührungsschutzabdeckung, einschl. systemgebundenem Zubehör mit dauerhafter Anschlussbezeichnung.;6,0;St;gaeb;Leistungsverzeichnis/26-86233 Leistungsverzeichnis Version 2.X83
530;Anschlussblockklemme, 5-polig, für Leiterquerschnitt bis 50 mm2, mit Schraubbefestigung, mit Berührungsschutzabdeckung, einschl. systemgebundenem Zubehör mit dauerhafter Anschlussbezeichnung.;8,0;St;gaeb;Leistungsverzeichnis/26-86233 Leistungsverzeichnis Version 2.X83
540;Anschlussblockklemme, 5-polig, für Leiterquerschnitt bis 70 mm2, mit Schraubbefestigung, mit Berührungsschutzabdeckung, einschl. systemgebundenem Zubehör mit dauerhafter Anschlussbezeichnung.;6,0;St;gaeb;Leistungsverzeichnis/26-86233 Leistungsverzeichnis Version 2.X83
550;Anschlussblockklemme, 5-polig, für Leiterquerschnitt bis 95 mm2, mit Schraubbefestigung, mit Berührungsschutzabdeckung, einschl. systemgebundenem Zubehör mit dauerhafter Anschlussbezeichnung.;4,0;St;gaeb;Leistungsverzeichnis/26-86233 Leistungsverzeichnis Version 2.X83
560;Anschlussblockklemme, 5-polig, für Leiterquerschnitt bis 120 mm2, mit Schraubbefestigung, mit Berührungsschutzabdeckung, einschl. systemgebundenem Zubehör mit dauerhafter Anschlussbezeichnung.;6,0;St;gaeb;Leistungsverzeichnis/26-86233 Leistungsverzeichnis Version 2.X83
570;Anschlussblockklemme, 5-polig, für Leiterquerschnitt bis 150 mm2, mit Schraubbefestigung, mit Berührungsschutzabdeckung, einschl. systemgebundenem Zubehör mit dauerhafter Anschlussbezeichnung.;4,0;St;gaeb;Leistungsverzeichnis/26-86233 Leistungsverzeichnis Version 2.X83
580;Anschlussblockklemme, 5-polig, für Leiterquerschnitt bis 185 mm2, mit Schraubbefestigung, mit Berührungsschutzabdeckung, einschl. systemgebundenem Zubehör mit dauerhafter Anschlussbezeichnung.;24,0;St;gaeb;Leistungsverzeichnis/26-86233 Leistungsverzeichnis Version 2.X83
590;Anschlussblockklemme, 5-polig, für Leiterquerschnitt bis 240 mm2, mit Schraubbefestigung, mit Berührungsschutzabdeckung, einschl. systemgebundenem Zubehör mit dauerhafter Anschlussbezeichnung.;54,0;St;gaeb;Leistungsverzeichnis/26-86233 Leistungsverzeichnis Version 2.X83
600;Reihenklemme DIN EN 60947-7-1 (VDE 0611-1), Bemessungsisolationsspannung 690 V AC, Isolationsgruppe C, 3-stöckig, für NT-L-PE-Anschluss, für Leiterquerschnitt bis 10 mm2, mit Schraubanschlüssen, Klemmenträger aus selbstlöschendem oder nichtbrennbarem Isolierstoff, zur Montage auf Tragschiene DIN EN ;36,0;St;gaeb;Leistungsverzeichnis/26-86233 Leistungsverzeichnis Version 2.X83
610;Reihenklemme DIN EN 60947-7-1 (VDE 0611-1), Bemessungsisolationsspannung 690 V AC, Isolationsgruppe C, 3-stöckig, für NT-L-PE-Anschluss, für Leiterquerschnitt bis 6 mm2, mit Schraubanschlüssen, Klemmenträger aus selbstlöschendem oder nichtbrennbarem Isolierstoff, zur Montage auf Tragschiene DIN EN 6;196,0;St;gaeb;Leistungsverzeichnis/26-86233 Leistungsverzeichnis Version 2.X83
620;Reihenklemme DIN EN 60947-7-1 (VDE 0611-1), Bemessungsisolationsspannung 690 V AC, Isolationsgruppe C, 3-stöckig, für NT-L-PE-Anschluss, für Leiterquerschnitt bis 4 mm2, mit Schraubanschlüssen, Klemmenträger aus selbstlöschendem oder nichtbrennbarem Isolierstoff, zur Montage auf Tragschiene DIN EN 6;20,0;St;gaeb;Leistungsverzeichnis/26-86233 Leistungsverzeichnis Version 2.X83
630;Reihenklemme DIN EN 60947-7-1 (VDE 0611-1), Bemessungsisolationsspannung 690 V AC, Isolationsgruppe C, 3-stöckig, für NT-L-PE-Anschluss, für Leiterquerschnitt bis 2,5 mm2, mit Schraubanschlüssen, Klemmenträger aus selbstlöschendem oder nichtbrennbarem Isolierstoff, zur Montage auf Tragschiene DIN EN;1193,0;St;gaeb;Leistungsverzeichnis/26-86233 Leistungsverzeichnis Version 2.X83
640;Reihenklemme DIN EN 60947-7-1 (VDE 0611-1), Bemessungsisolationsspannung 690 V AC, Isolationsgruppe C, 2-stöckig, für Leiterquerschnitt bis 10 mm2, mit Schraubanschlüssen, Klemmenträger aus selbstlöschendem oder nichtbrennbarem Isolierstoff, zur Montage auf Tragschiene DIN EN 60715 (VDE 0660-520), e;36,0;St;gaeb;Leistungsverzeichnis/26-86233 Leistungsverzeichnis Version 2.X83
650;Reihenklemme DIN EN 60947-7-1 (VDE 0611-1), Bemessungsisolationsspannung 690 V AC, Isolationsgruppe C, 2-stöckig, für Leiterquerschnitt bis 6 mm2, mit Schraubanschlüssen, Klemmenträger aus selbstlöschendem oder nichtbrennbarem Isolierstoff, zur Montage auf Tragschiene DIN EN 60715 (VDE 0660-520), ei;196,0;St;gaeb;Leistungsverzeichnis/26-86233 Leistungsverzeichnis Version 2.X83
660;Reihenklemme DIN EN 60947-7-1 (VDE 0611-1), Bemessungsisolationsspannung 690 V AC, Isolationsgruppe C, 2-stöckig, für Leiterquerschnitt bis 4 mm2, mit Schraubanschlüssen, Klemmenträger aus selbstlöschendem oder nichtbrennbarem Isolierstoff, zur Montage auf Tragschiene DIN EN 60715 (VDE 0660-520), ei;20,0;St;gaeb;Leistungsverzeichnis/26-86233 Leistungsverzeichnis Version 2.X83
670;Reihenklemme DIN EN 60947-7-1 (VDE 0611-1), Bemessungsisolationsspannung 690 V AC, Isolationsgruppe C, 2-stöckig, für Leiterquerschnitt bis 2,5 mm2, mit Schraubanschlüssen, Klemmenträger aus selbstlöschendem oder nichtbrennbarem Isolierstoff, zur Montage auf Tragschiene DIN EN 60715 (VDE 0660-520), ;194,0;St;gaeb;Leistungsverzeichnis/26-86233 Leistungsverzeichnis Version 2.X83
680;Reihenklemme DIN EN 60947-7-1 (VDE 0611-1), Bemessungsisolationsspannung 690 V AC, Isolationsgruppe C, einstöckig, für Leiterquerschnitt bis 2,5 mm2, mit Schraubanschlüssen, Klemmenträger aus selbstlöschendem oder nichtbrennbarem Isolierstoff, zur Montage auf Tragschiene DIN EN 60715 (VDE 0660-520),;144,0;St;gaeb;Leistungsverzeichnis/26-86233 Leistungsverzeichnis Version 2.X83
690;Prüfung der Anlage mit Bemessungsspannung bis 1000 V, mit Besichtigen, Erproben und Messen, für einen Wechselstromkreis ohne ein weiteres Schutzgerät, einschl. Messprotokoll.;440,0;St;gaeb;Leistungsverzeichnis/26-86233 Leistungsverzeichnis Version 2.X83
700;Prüfung der Anlage mit Bemessungsspannung bis 1000 V, mit Besichtigen, Erproben und Messen, für einen Wechselstromkreis mit einem weiteren Schutzgerät, einschl. Messprotokoll.;49,0;St;gaeb;Leistungsverzeichnis/26-86233 Leistungsverzeichnis Version 2.X83
710;Prüfung der Anlage mit Bemessungsspannung bis 1000 V, mit Besichtigen, Erproben und Messen, für einen Dreiphasenwechselstromkreis ohne ein weiteres Schutzgerät, einschl. Messprotokoll.;1055,0;St;gaeb;Leistungsverzeichnis/26-86233 Leistungsverzeichnis Version 2.X83
720;Prüfung der Anlage mit Bemessungsspannung bis 1000 V, mit Besichtigen, Erproben und Messen, für einen Dreiphasenwechselstromkreis mit einem weiteren Schutzgerät, einschl. Messprotokoll.;118,0;St;gaeb;Leistungsverzeichnis/26-86233 Leistungsverzeichnis Version 2.X83
730;Datenschnittstelleneinheit (DSE) zum Datenaustausch zwischen;1,0;St;gaeb;Leistungsverzeichnis/26-86233 Leistungsverzeichnis Version 2.X83
740;Visualisierungssoftware auf einem PC (Bedienplatz), zum Melden, Protokollieren und Anzeigen von Alarmen, Betriebszuständen, -werten und aktualisierten Bildern, Lizenzierung nach Anzahl der Schnittstellen,;1,0;St;gaeb;Leistungsverzeichnis/26-86233 Leistungsverzeichnis Version 2.X83
750;Logikbaustein, mit Funktion je nach Applikationsprogramm: logische UND-/ODER-Verknüpfungen mit bis zu 8 Eingängen, 4 Inverter, Telegrammverteilung/-vervielfachung, Raumteilerfunktion bei Räumen mit flexibler Trennwand, Zwangsführung von 4 Kanälen, Bussystem KNX-TP, mit integriertem Busankoppler und ;1,0;St;gaeb;Leistungsverzeichnis/26-86233 Leistungsverzeichnis Version 2.X83
760;KNX-TP Schnittstellen-Umsetzer zu M-Bus, zum Datenaustausch mit Energiezählern und zum Anschluss von 8 Geräten mit M-Bus-Schnittstelle, zum Erfassen von 16 Mess- und Verbrauchswerten, Bemessungsbetriebsspannung 230 V AC, als Reiheneinbaugerät, Maße DIN 43880, für Montage auf Tragschiene TH35 DIN EN ;1,0;St;gaeb;Leistungsverzeichnis/26-86233 Leistungsverzeichnis Version 2.X83
770;Linienkoppler, zum Datenaustausch zwischen 2 Buslinien über bis zu 64 Byte umfassende Telegramme, Bussystem KNX-TP, als Linienkoppler, Bereichskoppler oder Linienverstärker (Repeater), mit galvanischer Trennung der beiden Buslinien, mit 3 LEDs zur Anzeige der Betriebsbereitschaft sowie eines Telegra;21,0;St;gaeb;Leistungsverzeichnis/26-86233 Leistungsverzeichnis Version 2.X83
780;Spannungsversorgung, 320 mA, Bussystem KNX-TP, mit integrierter Drossel, mit zusätzlichem unverdrosselten Ausgang 29 V DC zur Versorgung einer zweiten Buslinie über eine externe Drossel, Bemessungsbetriebsspannung 120 bis 230 V AC und 220 V DC, Busanschluss über Busanschlussklemme und Kontaktsystem ;21,0;St;gaeb;Leistungsverzeichnis/26-86233 Leistungsverzeichnis Version 2.X83
790;KNX-TP Schnittstellen-Umsetzer zu USB, zum galvanisch getrennten Zugriff auf die Buslinie über die eingebaute USB-Buchse, zum Anschluss an einen PC, zum gleichzeitigen Senden und Empfangen von Telegrammen (bis zu 32767 Gruppenadressen), mit Spannungsversorgung über die USB-Schnittstelle, Übertragung;1,0;St;gaeb;Leistungsverzeichnis/26-86233 Leistungsverzeichnis Version 2.X83
800;KNX-TP Schnittstellen-Umsetzer zu BACnet/IP, für die Integration von KNX, M-Bus, Modbus und SCL in die Automationsebene von Gebäudeautomations-Systemen über BACnet, zur Integration von insgesamt bis zu 2000 KNX Datenpunkten (DP), bis zu 250 M-Bus DP, bis zu 250 Modbus DP und bis zu 250 SCL DP, mit S;1,0;St;gaeb;Leistungsverzeichnis/26-86233 Leistungsverzeichnis Version 2.X83
810;Binäreingabegerät, Bussystem KNX-TP, 8-fach, zum Anschluss potentialfreier Meldekontakte (Abfragespannung wird vom Gerät zur Verfügung gestellt), mit einer Länge der Anschlussleitung je Eingang von max. 100 m, mit Betriebs- und Statusanzeige je Eingang, mit einstellbarer Kontakt-Entprellzeit, je Ein;10,0;St;gaeb;Leistungsverzeichnis/26-86233 Leistungsverzeichnis Version 2.X83
820;Binäreingabegerät, Bussystem KNX-TP, 4-fach, zum Anschluss potentialfreier Meldekontakte (Abfragespannung wird vom Gerät zur Verfügung gestellt), mit einer Länge der Anschlussleitung je Eingang von max. 100 m, mit Betriebs- und Statusanzeige je Eingang, mit einstellbarer Kontakt-Entprellzeit, je Ein;7,0;St;gaeb;Leistungsverzeichnis/26-86233 Leistungsverzeichnis Version 2.X83
830;Schaltaktor, Bussystem KNX-TP, 10-fach, mit einem potentialfreien Relaiskontakt je Ausgang, Bemessungsbetriebsspannung 230 V AC, Schaltstrom 10 A, cos phi 1, mit Betriebs- und Statusanzeige und Handbetätigung je Kanal, mit Umschaltmöglichkeit zwischen Bus- und Direktbetrieb, funktionsfähig auch bei ;63,0;St;gaeb;Leistungsverzeichnis/26-86233 Leistungsverzeichnis Version 2.X83
840;Schaltaktor, Bussystem KNX-TP, 4-fach, mit einem potentialfreien Relaiskontakt je Ausgang, Bemessungsbetriebsspannung 230 V AC, Schaltstrom 10 A, cos phi 1, mit Betriebs- und Statusanzeige und Handbetätigung je Kanal, mit Umschaltmöglichkeit zwischen Bus- und Direktbetrieb, funktionsfähig auch bei B;1,0;St;gaeb;Leistungsverzeichnis/26-86233 Leistungsverzeichnis Version 2.X83
850;Universal-Dimmer, Bussystem KNX-TP, 4-fach, Bemessungsbetriebsspannung 230 V AC, Bemessungsfrequenz 50/60 Hz, Dimmleistung je Ausgang 600 VA, zum Schalten und Dimmen von ohmschen, induktiven oder kapazitiven Lasten, mit selbstständigem Erkennen des angeschlossenen Lasttyps und automatischem Einstell;16,0;St;gaeb;Leistungsverzeichnis/26-86233 Leistungsverzeichnis Version 2.X83
860;KNX-TP Schnittstellen-Umsetzer zu DALI, für Normal- und Notbeleuchtung, mit 2 DALI-Ausgängen zum Anschluss von je 64 DALI-Vorschaltgeräten, mit Anschluss von bis zu 10 DALI-Sensoren je Ausgang, mit Ansteuerung (Schalten, Dimmen, Dimmwert setzen) sowie Rückmeldung von Status- und Leuchtmittelausfall ;2,0;St;gaeb;Leistungsverzeichnis/26-86233 Leistungsverzeichnis Version 2.X83
870;Jalousieaktor, Bussystem KNX-TP, 4-fach, zur Ansteuerung von einem Sonnen-/Blendschutzantrieb je Ausgang, bemessen für 230 V AC, für Antriebe mit elektronischer Endlage-Abschaltung (Auf, Ab), mit gegeneinander verriegelten Relaisausgängen für Rechts- bzw. Linkslauf, Verriegelung elektrisch, Relaisko;34,0;St;gaeb;Leistungsverzeichnis/26-86233 Leistungsverzeichnis Version 2.X83
880;Wetterzentrale mit Fassadensteuerung und integrierten Wettersensoren für Wind, Helligkeit, Dämmerung, Temperatur und Regen, Bussystem KNX-TP, mit beheiztem Windsensor, ohne mechanisch bewegte Teile, mit beheiztem Niederschlagswächter, Windgeschwindigkeits-Messbereich 0 bis 35 m/s, Helligkeits-Messbe;1,0;St;gaeb;Leistungsverzeichnis/26-86233 Leistungsverzeichnis Version 2.X83
890;Windgeschwindigkeits-Messwertgeber, beheizbar, Bussystem KNX-TP, ohne mechanisch bewegte Teile, mit Erfassen und Senden von max. Windgeschwindigkeit, mit Überwachung der Windgeschwindigkeit auf mind. 3 Grenzwerte einschl. Sperren und Freigeben jeder Grenzwertüberwachung, mit 8 logischen UND-Verknüpf;4,0;St;gaeb;Leistungsverzeichnis/26-86233 Leistungsverzeichnis Version 2.X83
900;Zeitschaltuhr, Bussystem KNX-TP, als Tages- und Wochenschaltuhr, mit 2 Kanälen, mit Bedientasten zur Einstellung von Wochentag, Stunde, Minute, Uhrzeit, zur Programmeingabe und für Handschaltungen, mit LCD-Anzeige für Uhrzeit, Wochentag, Sommer-/Winterzeit, Ferienprogramm, Schaltzustand der Kanäle, ;1,0;St;gaeb;Leistungsverzeichnis/26-86233 Leistungsverzeichnis Version 2.X83
910;Ereignis-, Zeitprogramm-, Logik-Baustein, Bussystem KNX-TP, zur Bearbeitung von jeweils bis zu 10 Ereignisaufträgen in bis zu 10 Ereignisprogrammen, einschl. Klärung und Parametrierung von 5 Ereignisauslösern und bis zu 10 Ereignisaufträgen, mit Wochenzeitschaltuhr mit bis zu 100 Zeitaufträgen für b;1,0;St;gaeb;Leistungsverzeichnis/26-86233 Leistungsverzeichnis Version 2.X83
920;Erstellen der Projekt-Dokumentation für KNX-Bussystem, bestehend aus der unverschlüsselten Projekt-Datenbank (oder bei verschlüsselter Datenbank einschl. der ETS Datenbank Schlüssel) auf Datenträger USB, und Gebäude-, Stockwerk- und Raumgrundrissen auf Papier, mit eingetragenem Verlauf der Buslinien;1,0;St;gaeb;Leistungsverzeichnis/26-86233 Leistungsverzeichnis Version 2.X83
10;CEE-Steckdose DIN EN 60309-2 (VDE 0623-2), mit Klappdeckel, 5-polig, Bemessungsbetriebsspannung 230/400 V AC, 16 A, in Aufputzausführung, mit Beschriftungsfeld, Schutzart IP 65 DIN EN 60529 (VDE 0470-1), Einsatz mit Schrauben befestigen, Ausführung gemäß Einzelbeschreibung.;2,0;St;gaeb;Leistungsverzeichnis/26-86233 Leistungsverzeichnis Version 2.X83
20;CEE-Steckdose DIN EN 60309-2 (VDE 0623-2), mit Klappdeckel, 5-polig, Bemessungsbetriebsspannung 230/400 V AC, 32 A, in Aufputzausführung, mit Beschriftungsfeld, Schutzart IP 65 DIN EN 60529 (VDE 0470-1), Einsatz mit Schrauben befestigen, Ausführung gemäß Einzelbeschreibung.;1,0;St;gaeb;Leistungsverzeichnis/26-86233 Leistungsverzeichnis Version 2.X83
30;Schutzkontaktsteckdose DIN VDE 0620-1 (VDE 0620-1), 250 V AC, 16 A, mit Klappdeckel, Farbton grau, RAL 7035, in Aufputzausführung, mit Beschriftungsfeld, Schutzart IP 44 DIN EN 60529 (VDE 0470-1).;52,0;St;gaeb;Leistungsverzeichnis/26-86233 Leistungsverzeichnis Version 2.X83
40;Schutzkontaktsteckdose DIN VDE 0620-1 (VDE 0620-1), 250 V AC, 16 A, in Aufputzausführung, mit Beschriftungsfeld, Schutzart IP 44 DIN EN 60529 (VDE 0470-1).;17,0;St;gaeb;Leistungsverzeichnis/26-86233 Leistungsverzeichnis Version 2.X83
50;Schutzkontaktsteckdose DIN VDE 0620-1 (VDE 0620-1), 250 V AC, 16 A, in Beton, mit Beschriftungsfeld, Schutzart IP 44 DIN EN 60529 (VDE 0470-1).;114,0;St;gaeb;Leistungsverzeichnis/26-86233 Leistungsverzeichnis Version 2.X83
60;Schutzkontaktsteckdose DIN VDE 0620-1 (VDE 0620-1), 250 V AC, 16 A, in Installationskanal, mit Beschriftungsfeld, Schutzart IP 44 DIN EN 60529 (VDE 0470-1).;114,0;St;gaeb;Leistungsverzeichnis/26-86233 Leistungsverzeichnis Version 2.X83
70;Schutzkontaktsteckdose DIN VDE 0620-1 (VDE 0620-1), 250 V AC, 16 A, in Hohlwand, mit Beschriftungsfeld, Schutzart IP 44 DIN EN 60529 (VDE 0470-1).;56,0;St;gaeb;Leistungsverzeichnis/26-86233 Leistungsverzeichnis Version 2.X83
80;Schutzkontaktsteckdose DIN VDE 0620-1 (VDE 0620-1), 250 V AC, 16 A, 2-fach, in Aufputzausführung, mit Beschriftungsfeld, Schutzart IP 44 DIN EN 60529 (VDE 0470-1).;20,0;St;gaeb;Leistungsverzeichnis/26-86233 Leistungsverzeichnis Version 2.X83
90;Schutzkontaktsteckdose DIN VDE 0620-1 (VDE 0620-1), 250 V AC, 16 A, 2-fach, in Beton, mit Beschriftungsfeld, Schutzart IP 44 DIN EN 60529 (VDE 0470-1).;111,0;St;gaeb;Leistungsverzeichnis/26-86233 Leistungsverzeichnis Version 2.X83
100;Schutzkontaktsteckdose DIN VDE 0620-1 (VDE 0620-1), 250 V AC, 16 A, 2-fach, in Installationskanal, mit Beschriftungsfeld, Schutzart IP 44 DIN EN 60529 (VDE 0470-1).;111,0;St;gaeb;Leistungsverzeichnis/26-86233 Leistungsverzeichnis Version 2.X83
110;Schutzkontaktsteckdose DIN VDE 0620-1 (VDE 0620-1), 250 V AC, 16 A, 2-fach, in Hohlwand, mit Beschriftungsfeld, Schutzart IP 44 DIN EN 60529 (VDE 0470-1).;56,0;St;gaeb;Leistungsverzeichnis/26-86233 Leistungsverzeichnis Version 2.X83
120;Schutzkontaktsteckdose DIN VDE 0620-1 (VDE 0620-1), 250 V AC, 16 A, 3-fach, in Beton, mit Beschriftungsfeld, Schutzart IP 44 DIN EN 60529 (VDE 0470-1).;1,0;St;gaeb;Leistungsverzeichnis/26-86233 Leistungsverzeichnis Version 2.X83
130;Schutzkontaktsteckdose DIN VDE 0620-1 (VDE 0620-1), 250 V AC, 16 A, 3-fach, in Installationskanal, mit Beschriftungsfeld, Schutzart IP 44 DIN EN 60529 (VDE 0470-1).;1,0;St;gaeb;Leistungsverzeichnis/26-86233 Leistungsverzeichnis Version 2.X83
140;Geräteanschlussdose DIN EN IEC 60670-1 (VDE 0606-1) in Aufputzausführung, Schutzart IP 44 DIN EN 60529 (VDE 0470-1), Einsatz mit Schrauben befestigen.;71,0;St;gaeb;Leistungsverzeichnis/26-86233 Leistungsverzeichnis Version 2.X83
150;Befehlsgerät in Bausteinsystem DIN EN 60947-5-1 (VDE 0660-200), Bemessungsisolationsspannung 250 V AC, als NOT-AUS-Taster mit gelber Unterlage, überlistungssicher DIN EN ISO 13850, Betätigung durch Drucktaste, mit Kontaktelement 6 A, 1 S und 1 Ö, Gebrauchskategorie AC-15, Frontbefestigung, Einbaudur;63,0;St;gaeb;Leistungsverzeichnis/26-86233 Leistungsverzeichnis Version 2.X83
160;Verbindungsdose DIN EN IEC 60670-1 (VDE 0606-1) als Abzweigkasten, mit Einführungen für Mantelleitungen für ortsfeste Installation, aus Kunststoff, Grundfläche mind. 100/100 mm, Tiefe mind. 37 mm, mit Deckel, Schutzart IP 54 DIN EN 60529 (VDE 0470-1), Aufputz, Ausführung gemäß Einzelbeschreibung,;10,0;St;gaeb;Leistungsverzeichnis/26-86233 Leistungsverzeichnis Version 2.X83
170;Verbindungsdose DIN EN IEC 60670-1 (VDE 0606-1) als Abzweigkasten, mit Einführungen für Mantelleitungen für ortsfeste Installation, aus Kunststoff, Grundfläche mind. 150/150 mm, Tiefe mind. 37 mm, mit Deckel, Schutzart IP 54 DIN EN 60529 (VDE 0470-1), Aufputz, Ausführung gemäß Einzelbeschreibung,;10,0;St;gaeb;Leistungsverzeichnis/26-86233 Leistungsverzeichnis Version 2.X83
180;Verbindungsdose DIN EN IEC 60670-1 (VDE 0606-1) als Abzweigkasten, mit Einführungen für Mantelleitungen für ortsfeste Installation, aus Kunststoff, Grundfläche mind. 250/250 mm, Tiefe mind. 37 mm, mit Deckel, Schutzart IP 54 DIN EN 60529 (VDE 0470-1), mit 5 Klemmen 25 mm2, Aufputz, Ausführung gemäß ;10,0;St;gaeb;Leistungsverzeichnis/26-86233 Leistungsverzeichnis Version 2.X83
190;Energiesäule;1,0;St;gaeb;Leistungsverzeichnis/26-86233 Leistungsverzeichnis Version 2.X83
10;Kabelrinne für Kabelträgersystem DIN EN 61537 (VDE 0639), gelocht, mit einem Trennsteg, aus bandverzinktem Stahl DIN EN 10346, Dicke 1 mm, Seitenhöhe mind. 60 mm, Breite mind. 200 mm, Einbau im Innenbereich, Arbeitshöhe des Montageortes bis 5,5 m über der Standfläche des hierfür erforderlichen Gerüs;410,0;m;gaeb;Leistungsverzeichnis/26-86233 Leistungsverzeichnis Version 2.X83
20;Kabelrinne für Kabelträgersystem DIN EN 61537 (VDE 0639), gelocht, mit 2 Trennstegen, aus bandverzinktem Stahl DIN EN 10346, Dicke 1 mm, Seitenhöhe mind. 60 mm, Breite mind. 300 mm, Einbau im Innenbereich, Arbeitshöhe des Montageortes bis 5,5 m über der Standfläche des hierfür erforderlichen Gerüste;1060,0;m;gaeb;Leistungsverzeichnis/26-86233 Leistungsverzeichnis Version 2.X83
30;Kabelrinne für Kabelträgersystem DIN EN 61537 (VDE 0639), gelocht, mit 2 Trennstegen, aus bandverzinktem Stahl DIN EN 10346, Dicke 1 mm, Seitenhöhe mind. 60 mm, Breite mind. 400 mm, Einbau im Innenbereich, Arbeitshöhe des Montageortes bis 5,5 m über der Standfläche des hierfür erforderlichen Gerüste;750,0;m;gaeb;Leistungsverzeichnis/26-86233 Leistungsverzeichnis Version 2.X83
40;Kabelrinne für Kabelträgersystem DIN EN 61537 (VDE 0639), ungelocht, mit 2 Trennstegen, aus bandverzinktem Stahl DIN EN 10346, Dicke 1 mm, Seitenhöhe mind. 60 mm, Breite mind. 400 mm, Einbau im Innenbereich, Arbeitshöhe des Montageortes bis 5,5 m über der Standfläche des hierfür erforderlichen Gerüs;50,0;m;gaeb;Leistungsverzeichnis/26-86233 Leistungsverzeichnis Version 2.X83
50;Bogen, für Kabelrinne, 90 Grad, waagerecht, aus bandverzinktem Stahl DIN EN 10346, Dicke 1 mm, Seitenhöhe mind. 60 mm, Breite mind. 200 mm, Einbau im Innenbereich, Arbeitshöhe des Montageortes bis 5,5 m über der Standfläche des hierfür erforderlichen Gerüstes, Gerüst wird beigestellt/ist vorh..;30,0;St;gaeb;Leistungsverzeichnis/26-86233 Leistungsverzeichnis Version 2.X83
60;Bogen, für Kabelrinne, 90 Grad, waagerecht, aus bandverzinktem Stahl DIN EN 10346, Dicke 1 mm, Seitenhöhe mind. 60 mm, Breite mind. 300 mm, Einbau im Innenbereich, Arbeitshöhe des Montageortes bis 5,5 m über der Standfläche des hierfür erforderlichen Gerüstes, Gerüst wird beigestellt/ist vorh..;35,0;St;gaeb;Leistungsverzeichnis/26-86233 Leistungsverzeichnis Version 2.X83
70;Bogen, für Kabelrinne, 90 Grad, waagerecht, aus bandverzinktem Stahl DIN EN 10346, Dicke 1 mm, Seitenhöhe mind. 60 mm, Breite mind. 400 mm, Einbau im Innenbereich, Arbeitshöhe des Montageortes bis 5,5 m über der Standfläche des hierfür erforderlichen Gerüstes, Gerüst wird beigestellt/ist vorh..;40,0;St;gaeb;Leistungsverzeichnis/26-86233 Leistungsverzeichnis Version 2.X83
80;T-Abzweig, für Kabelrinne, aus bandverzinktem Stahl DIN EN 10346, Dicke 1 mm, Seitenhöhe mind. 60 mm, Breite mind. 200 mm, Einbau im Innenbereich.;10,0;St;gaeb;Leistungsverzeichnis/26-86233 Leistungsverzeichnis Version 2.X83
90;T-Abzweig, für Kabelrinne, aus bandverzinktem Stahl DIN EN 10346, Dicke 1 mm, Seitenhöhe mind. 60 mm, Breite mind. 300 mm, Einbau im Innenbereich.;80,0;St;gaeb;Leistungsverzeichnis/26-86233 Leistungsverzeichnis Version 2.X83
100;T-Abzweig, für Kabelrinne, aus bandverzinktem Stahl DIN EN 10346, Dicke 1 mm, Seitenhöhe mind. 60 mm, Breite mind. 400 mm, Einbau im Innenbereich.;60,0;St;gaeb;Leistungsverzeichnis/26-86233 Leistungsverzeichnis Version 2.X83
110;Gelenkstück, für Kabelrinne, aus bandverzinktem Stahl DIN EN 10346, Dicke 1 mm, Seitenhöhe mind. 60 mm, Breite mind. 200 mm, Einbau im Innenbereich.;30,0;St;gaeb;Leistungsverzeichnis/26-86233 Leistungsverzeichnis Version 2.X83
120;Gelenkstück, für Kabelrinne, aus bandverzinktem Stahl DIN EN 10346, Dicke 1 mm, Seitenhöhe mind. 60 mm, Breite mind. 300 mm, Einbau im Innenbereich.;100,0;St;gaeb;Leistungsverzeichnis/26-86233 Leistungsverzeichnis Version 2.X83
130;Gelenkstück, für Kabelrinne, aus bandverzinktem Stahl DIN EN 10346, Dicke 1 mm, Seitenhöhe mind. 60 mm, Breite mind. 400 mm, Einbau im Innenbereich.;45,0;St;gaeb;Leistungsverzeichnis/26-86233 Leistungsverzeichnis Version 2.X83
140;Kreuzstück, für Kabelrinne, aus bandverzinktem Stahl DIN EN 10346, Dicke 1 mm, Seitenhöhe mind. 60 mm, Breite mind. 200 mm, Einbau im Innenbereich.;2,0;St;gaeb;Leistungsverzeichnis/26-86233 Leistungsverzeichnis Version 2.X83
150;Kreuzstück, für Kabelrinne, aus bandverzinktem Stahl DIN EN 10346, Dicke 1 mm, Seitenhöhe mind. 60 mm, Breite mind. 300 mm, Einbau im Innenbereich.;2,0;St;gaeb;Leistungsverzeichnis/26-86233 Leistungsverzeichnis Version 2.X83
160;Kreuzstück, für Kabelrinne, aus bandverzinktem Stahl DIN EN 10346, Dicke 1 mm, Seitenhöhe mind. 60 mm, Breite mind. 400 mm, Einbau im Innenbereich.;2,0;St;gaeb;Leistungsverzeichnis/26-86233 Leistungsverzeichnis Version 2.X83
170;Stiel für Ausleger für Kabelrinne, aus feuerverzinktem Stahl DIN EN ISO 1461, Dicke 2,5 mm, als U-Profil, Tragfähigkeit bis 3 kN, an Decke befestigen mit bauaufsichtlich zugelassenen Dübeln, mit angeschweißter Kopfplatte, Stiellänge bis 400 mm, Einbau im Innenbereich.;875,0;St;gaeb;Leistungsverzeichnis/26-86233 Leistungsverzeichnis Version 2.X83
180;Stiel für Ausleger für Kabelrinne, aus feuerverzinktem Stahl DIN EN ISO 1461, Dicke 2,5 mm, als U-Profil, Tragfähigkeit bis 3 kN, an Decke befestigen mit bauaufsichtlich zugelassenen Dübeln, mit angeschweißter Kopfplatte, Stiellänge bis 800 mm, Einbau im Innenbereich.;875,0;St;gaeb;Leistungsverzeichnis/26-86233 Leistungsverzeichnis Version 2.X83
190;Ausleger für Kabelrinne, aus feuerverzinktem Stahl DIN EN ISO 1461, Tragfähigkeit bis 1,5 kN, Länge 200 mm, an Stielen, einseitig, Stiele werden gesondert vergütet, Einbau im Innenbereich.;305,0;St;gaeb;Leistungsverzeichnis/26-86233 Leistungsverzeichnis Version 2.X83
200;Ausleger für Kabelrinne, aus feuerverzinktem Stahl DIN EN ISO 1461, Tragfähigkeit bis 1,5 kN, Länge 300 mm, an Stielen, einseitig, Stiele werden gesondert vergütet, Einbau im Innenbereich.;860,0;St;gaeb;Leistungsverzeichnis/26-86233 Leistungsverzeichnis Version 2.X83
210;Ausleger für Kabelrinne, aus feuerverzinktem Stahl DIN EN ISO 1461, Tragfähigkeit bis 1,5 kN, Länge 400 mm, an Stielen, einseitig, Stiele werden gesondert vergütet, Einbau im Innenbereich.;585,0;St;gaeb;Leistungsverzeichnis/26-86233 Leistungsverzeichnis Version 2.X83
220;Kabelrinne für Kabelträgersystem DIN EN 61537 (VDE 0639), ungelocht, mit einem Trennsteg, einschl. Abdeckung, aus bandverzinktem Stahl DIN EN 10346, Dicke 1 mm, Seitenhöhe mind. 100 mm, Breite mind. 400 mm, Einbau im Innenbereich, Arbeitshöhe des Montageortes bis 5,5 m über der Standfläche des hierf;200,0;m;gaeb;Leistungsverzeichnis/26-86233 Leistungsverzeichnis Version 2.X83
230;Kabelrinne für Kabelträgersystem DIN EN 61537 (VDE 0639), ungelocht, mit 2 Trennstegen, einschl. Abdeckung, aus bandverzinktem Stahl DIN EN 10346, Dicke 1 mm, Seitenhöhe mind. 100 mm, Breite mind. 500 mm, Einbau im Innenbereich, Arbeitshöhe des Montageortes bis 5,5 m über der Standfläche des hierfür;80,0;m;gaeb;Leistungsverzeichnis/26-86233 Leistungsverzeichnis Version 2.X83
240;Kabelrinne für Kabelträgersystem DIN EN 61537 (VDE 0639), ungelocht, mit 2 Trennstegen, einschl. Abdeckung, aus bandverzinktem Stahl DIN EN 10346, Dicke 1 mm, Seitenhöhe mind. 100 mm, Breite mind. 600 mm, Einbau im Innenbereich, Arbeitshöhe des Montageortes bis 5,5 m über der Standfläche des hierfür;200,0;m;gaeb;Leistungsverzeichnis/26-86233 Leistungsverzeichnis Version 2.X83
250;Bogen, für Kabelrinne, 90 Grad, waagerecht, einschl. Abdeckung, aus bandverzinktem Stahl DIN EN 10346, Dicke 1 mm, Seitenhöhe mind. 60 mm, Breite mind. 500 mm, Einbau im Innenbereich.;12,0;St;gaeb;Leistungsverzeichnis/26-86233 Leistungsverzeichnis Version 2.X83
260;T-Abzweig, für Kabelrinne, einschl. Abdeckung, aus bandverzinktem Stahl DIN EN 10346, Dicke 1 mm, Seitenhöhe mind. 60 mm, Breite mind. 500 mm, Einbau im Innenbereich.;12,0;St;gaeb;Leistungsverzeichnis/26-86233 Leistungsverzeichnis Version 2.X83
270;Kabelrinne für Kabelträgersystem DIN EN 61537 (VDE 0639), gelocht, aus bandverzinktem Stahl DIN EN 10346, Dicke 2 mm, Seitenhöhe mind. 100 mm, Breite mind. 400 mm, Einbau im Innenbereich, Arbeitshöhe des Montageortes bis 5,5 m über der Standfläche des hierfür erforderlichen Gerüstes, Gerüst wird bei;20,0;m;gaeb;Leistungsverzeichnis/26-86233 Leistungsverzeichnis Version 2.X83
280;Bogen, für Kabelrinne, 90 Grad, waagerecht, aus bandverzinktem Stahl DIN EN 10346, Dicke 2 mm, Seitenhöhe mind. 100 mm, Breite mind. 400 mm, Einbau im Innenbereich, Arbeitshöhe des Montageortes bis 5,5 m über der Standfläche des hierfür erforderlichen Gerüstes, Gerüst wird beigestellt/ist vorh..;3,0;St;gaeb;Leistungsverzeichnis/26-86233 Leistungsverzeichnis Version 2.X83
290;Gelenkstück, für Kabelrinne, aus bandverzinktem Stahl DIN EN 10346, Dicke 2 mm, Seitenhöhe mind. 100 mm, Breite mind. 400 mm, Einbau im Innenbereich, Arbeitshöhe des Montageortes bis 5,5 m über der Standfläche des hierfür erforderlichen Gerüstes, Gerüst wird beigestellt/ist vorh..;3,0;St;gaeb;Leistungsverzeichnis/26-86233 Leistungsverzeichnis Version 2.X83
300;Stiel für Ausleger für Kabelrinne, aus feuerverzinktem Stahl DIN EN ISO 1461, als H-Profil 80 mm, an Decke befestigen mit bauaufsichtlich zugelassenen Dübeln, mit angeschraubter Kopfplatte, Stiellänge bis 600 mm, Einbau im Innenbereich, Ausführung gemäß Einzelbeschreibung,;7,0;St;gaeb;Leistungsverzeichnis/26-86233 Leistungsverzeichnis Version 2.X83
310;Stiel für Ausleger für Kabelrinne, aus feuerverzinktem Stahl DIN EN ISO 1461, als H-Profil 80 mm, an Decke befestigen mit bauaufsichtlich zugelassenen Dübeln, mit angeschraubter Kopfplatte, Stiellänge bis 800 mm, Einbau im Innenbereich, Ausführung gemäß Einzelbeschreibung,;7,0;St;gaeb;Leistungsverzeichnis/26-86233 Leistungsverzeichnis Version 2.X83
320;Stiel für Ausleger für Kabelrinne, aus feuerverzinktem Stahl DIN EN ISO 1461, als H-Profil 80 mm, an Decke befestigen mit bauaufsichtlich zugelassenen Dübeln, mit angeschraubter Kopfplatte, Stiellänge bis 1000 mm, Einbau im Innenbereich, Ausführung gemäß Einzelbeschreibung,;7,0;St;gaeb;Leistungsverzeichnis/26-86233 Leistungsverzeichnis Version 2.X83
330;Ausleger für Kabelrinne, aus feuerverzinktem Stahl DIN EN ISO 1461, Tragfähigkeit bis 3,5 kN, Länge 500 mm, an Stielen, einseitig, Stiele werden gesondert vergütet, Einbau im Innenbereich, Ausführung gemäß Einzelbeschreibung,;21,0;St;gaeb;Leistungsverzeichnis/26-86233 Leistungsverzeichnis Version 2.X83
340;Steigleiter als Kabelleiter, Sprossenabstand 600 mm, mit einem Trennsteg, einschl. aller systembedingten Form- und Verbindungsstücke, aus bandverzinktem Stahl DIN EN 10346, Seitenhöhe mind. 60 mm, Breite mind. 200 mm, an der Wand aus Beton, befestigen mit bauaufsichtlich zugelassenen Dübeln, Einbau ;50,0;m;gaeb;Leistungsverzeichnis/26-86233 Leistungsverzeichnis Version 2.X83
350;Steigleiter als Kabelleiter, Sprossenabstand 600 mm, mit einem Trennsteg, einschl. aller systembedingten Form- und Verbindungsstücke, aus bandverzinktem Stahl DIN EN 10346, Seitenhöhe mind. 60 mm, Breite mind. 300 mm, an der Wand aus Beton, befestigen mit bauaufsichtlich zugelassenen Dübeln, Einbau ;30,0;m;gaeb;Leistungsverzeichnis/26-86233 Leistungsverzeichnis Version 2.X83
360;Steigleiter als Kabelleiter, Sprossenabstand 600 mm, mit einem Trennsteg, einschl. aller systembedingten Form- und Verbindungsstücke, aus bandverzinktem Stahl DIN EN 10346, Seitenhöhe mind. 60 mm, Breite mind. 400 mm, an der Wand aus Beton, befestigen mit bauaufsichtlich zugelassenen Dübeln, Einbau ;200,0;m;gaeb;Leistungsverzeichnis/26-86233 Leistungsverzeichnis Version 2.X83
370;Kabelrinne für Kabelträgersystem DIN EN 61537 (VDE 0639), gelocht, Feuerwiderstandsklasse E 30 DIN 4102-12, mit Funktionserhalt, mit einem Trennsteg, aus bandverzinktem Stahl DIN EN 10346, Seitenhöhe mind. 60 mm, Breite mind. 200 mm, Einbau im Innenbereich.;10,0;m;gaeb;Leistungsverzeichnis/26-86233 Leistungsverzeichnis Version 2.X83
380;Kabelrinne für Kabelträgersystem DIN EN 61537 (VDE 0639), gelocht, Feuerwiderstandsklasse E 30 DIN 4102-12, mit Funktionserhalt, mit einem Trennsteg, aus bandverzinktem Stahl DIN EN 10346, Seitenhöhe mind. 60 mm, Breite mind. 300 mm, Einbau im Innenbereich.;550,0;m;gaeb;Leistungsverzeichnis/26-86233 Leistungsverzeichnis Version 2.X83
390;Kabelrinne für Kabelträgersystem DIN EN 61537 (VDE 0639), ungelocht, Feuerwiderstandsklasse E 30 DIN 4102-12, mit Funktionserhalt, mit einem Trennsteg, aus bandverzinktem Stahl DIN EN 10346, Seitenhöhe mind. 60 mm, Breite mind. 300 mm, Einbau im Innenbereich.;50,0;m;gaeb;Leistungsverzeichnis/26-86233 Leistungsverzeichnis Version 2.X83
400;Kabelrinne für Kabelträgersystem DIN EN 61537 (VDE 0639), gelocht, Feuerwiderstandsklasse E 30 DIN 4102-12, mit Funktionserhalt, mit einem Trennsteg, aus bandverzinktem Stahl DIN EN 10346, Seitenhöhe mind. 60 mm, Breite mind. 400 mm, Einbau im Innenbereich.;100,0;m;gaeb;Leistungsverzeichnis/26-86233 Leistungsverzeichnis Version 2.X83
410;Bogen, für Kabelrinne, 90 Grad, waagerecht, Feuerwiderstandsklasse E 30 DIN 4102-12, mit Funktionserhalt, aus bandverzinktem Stahl DIN EN 10346, Seitenhöhe mind. 60 mm, Breite mind. 300 mm, Einbau im Innenbereich.;30,0;St;gaeb;Leistungsverzeichnis/26-86233 Leistungsverzeichnis Version 2.X83
420;Bogen, für Kabelrinne, 90 Grad, waagerecht, Feuerwiderstandsklasse E 30 DIN 4102-12, mit Funktionserhalt, aus bandverzinktem Stahl DIN EN 10346, Seitenhöhe mind. 60 mm, Breite mind. 400 mm, Einbau im Innenbereich.;2,0;St;gaeb;Leistungsverzeichnis/26-86233 Leistungsverzeichnis Version 2.X83
430;T-Abzweig, für Kabelrinne, Feuerwiderstandsklasse E 30 DIN 4102-12, mit Funktionserhalt, aus bandverzinktem Stahl DIN EN 10346, Seitenhöhe mind. 60 mm, Breite mind. 300 mm, Einbau im Innenbereich.;15,0;St;gaeb;Leistungsverzeichnis/26-86233 Leistungsverzeichnis Version 2.X83
440;T-Abzweig, für Kabelrinne, Feuerwiderstandsklasse E 30 DIN 4102-12, mit Funktionserhalt, aus bandverzinktem Stahl DIN EN 10346, Seitenhöhe mind. 60 mm, Breite mind. 400 mm, Einbau im Innenbereich.;2,0;St;gaeb;Leistungsverzeichnis/26-86233 Leistungsverzeichnis Version 2.X83
450;Gelenkstück, für Kabelrinne, Feuerwiderstandsklasse E 30 DIN 4102-12, mit Funktionserhalt, aus bandverzinktem Stahl DIN EN 10346, Seitenhöhe mind. 60 mm, Breite mind. 300 mm, Einbau im Innenbereich.;15,0;St;gaeb;Leistungsverzeichnis/26-86233 Leistungsverzeichnis Version 2.X83
460;Stiel für Ausleger für Kabelrinne, Feuerwiderstandsklasse E 30 DIN 4102-12, mit Funktionserhalt, aus feuerverzinktem Stahl DIN EN ISO 1461, als U-Profil, an Decke befestigen mit bauaufsichtlich zugelassenen Dübeln, mit angeschweißter Kopfplatte, Stiellänge bis 400 mm, Einbau im Innenbereich.;300,0;St;gaeb;Leistungsverzeichnis/26-86233 Leistungsverzeichnis Version 2.X83
470;Stiel für Ausleger für Kabelrinne, Feuerwiderstandsklasse E 30 DIN 4102-12, mit Funktionserhalt, aus feuerverzinktem Stahl DIN EN ISO 1461, als U-Profil, an Decke befestigen mit bauaufsichtlich zugelassenen Dübeln, mit angeschweißter Kopfplatte, Stiellänge bis 600 mm, Einbau im Innenbereich.;300,0;St;gaeb;Leistungsverzeichnis/26-86233 Leistungsverzeichnis Version 2.X83
480;Ausleger für Kabelrinne, Feuerwiderstandsklasse E 30 DIN 4102-12, mit Funktionserhalt, aus feuerverzinktem Stahl DIN EN ISO 1461, Tragfähigkeit bis 8,5 kN, Länge 300 mm, an Stielen, einseitig, Stiele werden gesondert vergütet, Einbau im Innenbereich.;250,0;St;gaeb;Leistungsverzeichnis/26-86233 Leistungsverzeichnis Version 2.X83
490;Ausleger für Kabelrinne, Feuerwiderstandsklasse E 30 DIN 4102-12, mit Funktionserhalt, aus feuerverzinktem Stahl DIN EN ISO 1461, Tragfähigkeit bis 8,5 kN, Länge 500 mm, an Stielen, einseitig, Stiele werden gesondert vergütet, Einbau im Innenbereich.;250,0;St;gaeb;Leistungsverzeichnis/26-86233 Leistungsverzeichnis Version 2.X83
500;Ausleger für Kabelrinne, Feuerwiderstandsklasse E 30 DIN 4102-12, mit Funktionserhalt, aus feuerverzinktem Stahl DIN EN ISO 1461, Tragfähigkeit bis 8,5 kN, Länge 300 mm, an der Wand aus Beton, befestigen mit bauaufsichtlich zugelassenen Dübeln, Einbau im Innenbereich.;50,0;St;gaeb;Leistungsverzeichnis/26-86233 Leistungsverzeichnis Version 2.X83
510;Ausleger für Kabelrinne, Feuerwiderstandsklasse E 30 DIN 4102-12, mit Funktionserhalt, aus feuerverzinktem Stahl DIN EN ISO 1461, Tragfähigkeit bis 8,5 kN, Länge 500 mm, an der Wand aus Beton, befestigen mit bauaufsichtlich zugelassenen Dübeln, Einbau im Innenbereich.;50,0;St;gaeb;Leistungsverzeichnis/26-86233 Leistungsverzeichnis Version 2.X83
520;Steigleiter als Kabelleiter, Feuerwiderstandsklasse E 30 DIN 4102-12, mit Funktionserhalt, Sprossenabstand 300 mm, mit einem Trennsteg, einschl. aller systembedingten Form- und Verbindungsstücke, aus bandverzinktem Stahl DIN EN 10346, Seitenhöhe mind. 60 mm, Breite mind. 200 mm, an Decke befestigen ;10,0;m;gaeb;Leistungsverzeichnis/26-86233 Leistungsverzeichnis Version 2.X83
530;Steigleiter als Kabelleiter, Feuerwiderstandsklasse E 30 DIN 4102-12, mit Funktionserhalt, Sprossenabstand 300 mm, mit einem Trennsteg, einschl. aller systembedingten Form- und Verbindungsstücke, aus bandverzinktem Stahl DIN EN 10346, Seitenhöhe mind. 60 mm, Breite mind. 300 mm, an Decke befestigen ;5,0;m;gaeb;Leistungsverzeichnis/26-86233 Leistungsverzeichnis Version 2.X83
540;Elektroinstallationskanal DIN EN 50085-2-1 (VDE 0604-2-1) als Geräteeinbaukanal, mit innenliegendem Oberteil, Breite 80 mm, Außenmaße H/B mind. 70/130 mm, aus verzinktem Stahl, beschichtet, einschl. elektrisch dauerhaft leitfähiger Verbindung, Oberteil aus verzinktem Stahl, beschichtet, mit einem Tr;60,0;m;gaeb;Leistungsverzeichnis/26-86233 Leistungsverzeichnis Version 2.X83
550;Elektroinstallationskanal DIN EN 50085-2-1 (VDE 0604-2-1) als Geräteeinbaukanal, mit innenliegendem Oberteil, Breite 80 mm, Außenmaße H/B mind. 70/130 mm, aus verzinktem Stahl, beschichtet, einschl. elektrisch dauerhaft leitfähiger Verbindung, Oberteil aus verzinktem Stahl, beschichtet, mit einem Tr;100,0;m;gaeb;Leistungsverzeichnis/26-86233 Leistungsverzeichnis Version 2.X83
560;Elektroinstallationsrohr DIN EN 61386 (VDE 0605), Maße DIN EN 60423, aus PE-HD, einwandig, glatt, starr, mit angeformter Muffe, Außendurchmesser 25 mm, Druckfestigkeit Klasse 3 - mittel (750 N) DIN EN 61386-1 (VDE 0605-1), Klasse Schlagbeanspruchung 3 - mittel DIN EN 61386-1 (VDE 0605-1), min. Gebra;130,0;m;gaeb;Leistungsverzeichnis/26-86233 Leistungsverzeichnis Version 2.X83
570;Elektroinstallationsrohr DIN EN 61386 (VDE 0605), Maße DIN EN 60423, aus PE-HD, einwandig, glatt, starr, mit angeformter Muffe, Außendurchmesser 32 mm, Druckfestigkeit Klasse 3 - mittel (750 N) DIN EN 61386-1 (VDE 0605-1), Klasse Schlagbeanspruchung 3 - mittel DIN EN 61386-1 (VDE 0605-1), min. Gebra;420,0;m;gaeb;Leistungsverzeichnis/26-86233 Leistungsverzeichnis Version 2.X83
580;Elektroinstallationsrohr DIN EN 61386 (VDE 0605), Maße DIN EN 60423, aus PE-HD, einwandig, glatt, starr, mit angeformter Muffe, Außendurchmesser 40 mm, Druckfestigkeit Klasse 3 - mittel (750 N) DIN EN 61386-1 (VDE 0605-1), Klasse Schlagbeanspruchung 3 - mittel DIN EN 61386-1 (VDE 0605-1), min. Gebra;80,0;m;gaeb;Leistungsverzeichnis/26-86233 Leistungsverzeichnis Version 2.X83
590;Elektroinstallationsrohr DIN EN 61386 (VDE 0605), Maße DIN EN 60423, aus PE-HD, doppelwandig, innen gewellt, außen glatt, flexibel, Außendurchmesser 25 mm, Druckfestigkeit Klasse 3 - mittel (750 N) DIN EN 61386-1 (VDE 0605-1), Klasse Schlagbeanspruchung 3 - mittel DIN EN 61386-1 (VDE 0605-1), min. G;160,0;m;gaeb;Leistungsverzeichnis/26-86233 Leistungsverzeichnis Version 2.X83
600;Elektroinstallationsrohr DIN EN 61386 (VDE 0605), Maße DIN EN 60423, aus PE-HD, doppelwandig, innen gewellt, außen glatt, flexibel, Außendurchmesser 32 mm, Druckfestigkeit Klasse 3 - mittel (750 N) DIN EN 61386-1 (VDE 0605-1), Klasse Schlagbeanspruchung 3 - mittel DIN EN 61386-1 (VDE 0605-1), min. G;220,0;m;gaeb;Leistungsverzeichnis/26-86233 Leistungsverzeichnis Version 2.X83
610;Elektroinstallationsrohr DIN EN 61386 (VDE 0605), Maße DIN EN 60423, aus PE-HD, doppelwandig, innen gewellt, außen glatt, flexibel, Außendurchmesser 63 mm, Druckfestigkeit Klasse 2 - leicht (320 N) DIN EN 61386-1 (VDE 0605-1), Klasse Schlagbeanspruchung 3 - mittel DIN EN 61386-1 (VDE 0605-1), min. G;50,0;m;gaeb;Leistungsverzeichnis/26-86233 Leistungsverzeichnis Version 2.X83
620;Unterflur-Elektroinstallationskanal DIN EN 50085-2-2 (VDE 0604-2-2) Rechteckprofil mit systembedingten Verbindungs- und Befestigungsmitteln, estrichüberdeckt, geschlossen, aus bandverzinktem Stahl DIN EN 10346, einschl. elektrisch dauerhaft leitfähiger Verbindung, 3-zügig, Außenmaße H/B mind. 28/350;40,0;m;gaeb;Leistungsverzeichnis/26-86233 Leistungsverzeichnis Version 2.X83
630;Unterflur-Elektroinstallationskanal DIN EN 50085-2-2 (VDE 0604-2-2) Rechteckprofil mit systembedingten Verbindungs- und Befestigungsmitteln, estrichüberdeckt, geschlossen, aus bandverzinktem Stahl DIN EN 10346, einschl. elektrisch dauerhaft leitfähiger Verbindung, 3-zügig, Außenmaße H/B mind. 28/250;42,0;m;gaeb;Leistungsverzeichnis/26-86233 Leistungsverzeichnis Version 2.X83
640;Unterflur-Elektroinstallationskanal DIN EN 50085-2-2 (VDE 0604-2-2) Rechteckprofil mit systembedingten Verbindungs- und Befestigungsmitteln, estrichüberdeckt, geschlossen, aus bandverzinktem Stahl DIN EN 10346, einschl. elektrisch dauerhaft leitfähiger Verbindung, 2-zügig, Außenmaße H/B mind. 28/250;254,0;m;gaeb;Leistungsverzeichnis/26-86233 Leistungsverzeichnis Version 2.X83
650;Vertikalkrümmer 90 Grad, aus bandverzinktem Stahl DIN EN 10346, einschl. elektrisch dauerhaft leitfähiger Verbindung, 3-zügig, passend zum estrichüberdeckten Unterflur-Elektroinstallationskanal, Außenmaße H/B mind. 28/350 mm.;4,0;St;gaeb;Leistungsverzeichnis/26-86233 Leistungsverzeichnis Version 2.X83
660;Vertikalkrümmer 90 Grad, aus bandverzinktem Stahl DIN EN 10346, einschl. elektrisch dauerhaft leitfähiger Verbindung, 2-zügig, passend zum estrichüberdeckten Unterflur-Elektroinstallationskanal, Außenmaße H/B mind. 28/250 mm.;5,0;St;gaeb;Leistungsverzeichnis/26-86233 Leistungsverzeichnis Version 2.X83
670;Vertikalkrümmer 90 Grad, aus bandverzinktem Stahl DIN EN 10346, einschl. elektrisch dauerhaft leitfähiger Verbindung, 3-zügig, passend zum estrichüberdeckten Unterflur-Elektroinstallationskanal, Außenmaße H/B mind. 28/250 mm.;14,0;St;gaeb;Leistungsverzeichnis/26-86233 Leistungsverzeichnis Version 2.X83
680;Unterflurdose, kontinuierlich nivellierbar, einschl. Montagedeckel, für 8 Installationsgeräte, aus bandverzinktem Stahl DIN EN 10346, einschl. elektrisch dauerhaft leitfähiger Verbindung, mit Deckel, geeignet zum Aufbau einer fußbodenebenen Einbaueinheit, für harte Bodenbeläge mit Anlegerahmen, pass;158,0;St;gaeb;Leistungsverzeichnis/26-86233 Leistungsverzeichnis Version 2.X83
690;Unterflurdose, kontinuierlich nivellierbar, einschl. Montagedeckel, für 12 Installationsgeräte, aus bandverzinktem Stahl DIN EN 10346, einschl. elektrisch dauerhaft leitfähiger Verbindung, mit Deckel, geeignet zum Aufbau einer fußbodenebenen Einbaueinheit, für harte Bodenbeläge mit Anlegerahmen, pas;1,0;St;gaeb;Leistungsverzeichnis/26-86233 Leistungsverzeichnis Version 2.X83
700;Unterflurdose, kontinuierlich nivellierbar, einschl. Montagedeckel, für 8 Installationsgeräte, aus bandverzinktem Stahl DIN EN 10346, einschl. elektrisch dauerhaft leitfähiger Verbindung, mit Deckel, geeignet zum Aufbau einer fußbodenebenen Einbaueinheit, für harte Bodenbeläge mit Anlegerahmen, pass;6,0;St;gaeb;Leistungsverzeichnis/26-86233 Leistungsverzeichnis Version 2.X83
710;Unterflurdose, kontinuierlich nivellierbar, aus bandverzinktem Stahl DIN EN 10346, einschl. elektrisch dauerhaft leitfähiger Verbindung, mit Blinddeckel, für harte Bodenbeläge mit Anlegerahmen, passend zum estrichüberdeckten Unterflur-Elektroinstallationskanal, Außenmaße H/B mind. 28/350 mm.;31,0;St;gaeb;Leistungsverzeichnis/26-86233 Leistungsverzeichnis Version 2.X83
720;Fußbodenebene Einbaueinheit DIN EN 50085-2-2 (VDE 0604-2-2), für nass zu pflegende Fußböden, mit Befestigungsspur 60 mm und Zentralplatte, Maße DIN 49075, passend zur Unterflurdose des estrichüberdeckten Kanalsystems, Ausführung rechteckig, zur Aufnahme von 8 Installationsgeräten, mit Gerätedose, mi;164,0;St;gaeb;Leistungsverzeichnis/26-86233 Leistungsverzeichnis Version 2.X83
730;Fußbodenebene Einbaueinheit DIN EN 50085-2-2 (VDE 0604-2-2), für nass zu pflegende Fußböden, mit Befestigungsspur 60 mm und Zentralplatte, Maße DIN 49075, passend zur Unterflurdose des estrichüberdeckten Kanalsystems, Ausführung rechteckig, zur Aufnahme von 12 Installationsgeräten, mit Gerätedose, m;1,0;St;gaeb;Leistungsverzeichnis/26-86233 Leistungsverzeichnis Version 2.X83
740;Schwanenhalsdurchführung für alle gängigen Flachdachaufbauten geeignet.;2,0;St;gaeb;Leistungsverzeichnis/26-86233 Leistungsverzeichnis Version 2.X83
750;Mediendurchführung, mehrfach, rund, für Strom/Wasser/Kommunikation,;12,0;St;gaeb;Leistungsverzeichnis/26-86233 Leistungsverzeichnis Version 2.X83
760;Mediendurchführung, mehrfach, rund, für Strom/Wasser/Kommunikation,;3,0;St;gaeb;Leistungsverzeichnis/26-86233 Leistungsverzeichnis Version 2.X83
770;Gewindestab, M8, aus verzinktem Stahl, Befestigung mit bauaufsichtlich zugelassenen Injektionsankern, einschl. Bohrarbeiten, Befestigungsuntergrund Beton,;120,0;m;gaeb;Leistungsverzeichnis/26-86233 Leistungsverzeichnis Version 2.X83
780;Kabelträgersystem;100,0;St;gaeb;Leistungsverzeichnis/26-86233 Leistungsverzeichnis Version 2.X83
790;Kabelbügel 100mm aus elastischem korrosionsbeständigem Kunststoff  zur Verlegung von Mantelleitungen in Zwischendecken, Bügellänge 100mm, Montage an Betondecke;50,0;St;gaeb;Leistungsverzeichnis/26-86233 Leistungsverzeichnis Version 2.X83
800;Kabelbügel 200mm aus elastischem korrosionsbeständigem Kunststoff  zur Verlegung von Mantelleitungen in Zwischendecken, Bügellänge 200mm, Montage an Betondecke;50,0;St;gaeb;Leistungsverzeichnis/26-86233 Leistungsverzeichnis Version 2.X83
810;Sammelhalterung  (Kabelkörbe) aus elastischem korrosionsbeständigem Kunststoff zur Verlegung von Mantelleitungen in Zwischendecken, komplett liefern und montieren.;100,0;St;gaeb;Leistungsverzeichnis/26-86233 Leistungsverzeichnis Version 2.X83
820;Sammelhalterung  (Kabelkörbe) aus elastischem korrosionsbeständigem Kunststoff zur Verlegung von Mantelleitungen in Zwischendecken, komplett liefern und montieren.;100,0;St;gaeb;Leistungsverzeichnis/26-86233 Leistungsverzeichnis Version 2.X83
830;Sammelhalter aus Metall in E30-Ausführung.;100,0;St;gaeb;Leistungsverzeichnis/26-86233 Leistungsverzeichnis Version 2.X83
840;Befestigungs- und Sammelhalterung (Stahl) zur Verlegung mehrerer Kabel an der Decke oder Wand, maximale Belastbarkeit ca. 1,1kg/m, Außenmaße ca. 60 mm x 35 mm x 30 mm, in abgehängter, abnehmbarer Decke montieren;100,0;St;gaeb;Leistungsverzeichnis/26-86233 Leistungsverzeichnis Version 2.X83
850;Befestigungs- und Sammelhalterung (Stahl) zur Verlegung mehrerer Kabel an der Decke oder Wand, maximale Belastbarkeit ca. 2,5kg/m, Außenmaße ca. 85 mm x 50 mm x 35 mm,  in abgehängter, abnehmbarer Decke montieren;100,0;St;gaeb;Leistungsverzeichnis/26-86233 Leistungsverzeichnis Version 2.X83
860;Befestigungs- und Sammelhalterung (Stahl) zur Verlegung mehrerer Kabel an der Decke oder Wand, maximale Belastbarkeit ca. 6kg/m, Außenmaße ca. 125 mm x 95 mm x 80 mm, in abgehängter, abnehmbarer Decke montieren;100,0;St;gaeb;Leistungsverzeichnis/26-86233 Leistungsverzeichnis Version 2.X83
10;Potentialausgleichsschiene DIN VDE 0618-1 (VDE 0618-1), aus Messing, als Klemmschiene 10 mm x 10 mm, mit Kunststoffabdeckung, mit Anschluss für 7 x 2,5 bis 25 mm2, 2 x 2,5 bis 95 mm2 und ein Flachband bis 40 mm x 4 mm, Ausführung gemäß Einzelbeschreibung,;70,0;St;gaeb;Leistungsverzeichnis/26-86233 Leistungsverzeichnis Version 2.X83
20;Potentialausgleichsschiene DIN VDE 0618-1 (VDE 0618-1), aus nichtrostendem Stahl, mit Anschluss für 8 x 1,5 bis 25 mm2, ein Flachband bis 40 mm x 4 mm, und Massivrundleiter, Durchmesser 8 bis 10 mm, Ausführung gemäß Einzelbeschreibung,;32,0;St;gaeb;Leistungsverzeichnis/26-86233 Leistungsverzeichnis Version 2.X83
30;Erdungsbandrohrschelle aus nichtrostendem Stahl, mit Anschlussmöglichkeit für einen Leiter 2,5 mm2 bis 2 Leiter 16 mm2, für Rohrdurchmesser bis 20 mm.;75,0;St;gaeb;Leistungsverzeichnis/26-86233 Leistungsverzeichnis Version 2.X83
40;Erdungsbandrohrschelle aus nichtrostendem Stahl, mit Anschlussmöglichkeit für einen Leiter 2,5 mm2 bis 2 Leiter 16 mm2, für Rohrdurchmesser bis 40 mm.;265,0;St;gaeb;Leistungsverzeichnis/26-86233 Leistungsverzeichnis Version 2.X83
50;Erdungsbandrohrschelle aus nichtrostendem Stahl, mit Anschlussmöglichkeit für einen Leiter 2,5 mm2 bis 2 Leiter 16 mm2, für Rohrdurchmesser bis 100 mm.;295,0;St;gaeb;Leistungsverzeichnis/26-86233 Leistungsverzeichnis Version 2.X83
60;Erdungsbandrohrschelle aus Messing gal/Zn, mit Anschlussmöglichkeit für einen Leiter 2,5 mm2 bis 2 Leiter 16 mm2, für Rohrdurchmesser bis 20 mm.;40,0;St;gaeb;Leistungsverzeichnis/26-86233 Leistungsverzeichnis Version 2.X83
70;Erdungsbandrohrschelle aus Messing gal/Zn, mit Anschlussmöglichkeit für einen Leiter 2,5 mm2 bis 2 Leiter 16 mm2, für Rohrdurchmesser bis 40 mm.;65,0;St;gaeb;Leistungsverzeichnis/26-86233 Leistungsverzeichnis Version 2.X83
80;Erdungsbandrohrschelle aus Messing gal/Zn, mit Anschlussmöglichkeit für einen Leiter 2,5 mm2 bis 2 Leiter 16 mm2, für Rohrdurchmesser bis 100 mm.;70,0;St;gaeb;Leistungsverzeichnis/26-86233 Leistungsverzeichnis Version 2.X83
90;Erdungsschelle aus Zinkdruckguss, mit Anschlussmöglichkeit für einen Leiter 2,5 mm2 bis 2 Leiter 16 mm2, für Rohrdurchmesser bis 20 mm.;20,0;St;gaeb;Leistungsverzeichnis/26-86233 Leistungsverzeichnis Version 2.X83
100;Erdungsschelle aus Zinkdruckguss, mit Anschlussmöglichkeit für einen Leiter 2,5 mm2 bis 2 Leiter 16 mm2, für Rohrdurchmesser bis 40 mm.;40,0;St;gaeb;Leistungsverzeichnis/26-86233 Leistungsverzeichnis Version 2.X83
110;Erdungsschelle aus Zinkdruckguss, mit Anschlussmöglichkeit für einen Leiter 2,5 mm2 bis 2 Leiter 16 mm2, für Rohrdurchmesser bis 100 mm.;50,0;St;gaeb;Leistungsverzeichnis/26-86233 Leistungsverzeichnis Version 2.X83
120;Tragschiene gelocht;70,0;m;gaeb;Leistungsverzeichnis/26-86233 Leistungsverzeichnis Version 2.X83
130;Verbindung mit Schrauben, aus nichtrostendem Stahl, in vorh. Bohrung, mit 1 x M 10.;45,0;St;gaeb;Leistungsverzeichnis/26-86233 Leistungsverzeichnis Version 2.X83
140;Leitungsbrücke;280,0;St;gaeb;Leistungsverzeichnis/26-86233 Leistungsverzeichnis Version 2.X83
150;Leitungsbrücke;20,0;St;gaeb;Leistungsverzeichnis/26-86233 Leistungsverzeichnis Version 2.X83
160;Leitungsbrücke;20,0;St;gaeb;Leistungsverzeichnis/26-86233 Leistungsverzeichnis Version 2.X83
170;Anschließen von Kabeln und Leitungen an;310,0;St;gaeb;Leistungsverzeichnis/26-86233 Leistungsverzeichnis Version 2.X83
180;Anschließen von Kabeln und Leitungen an;145,0;St;gaeb;Leistungsverzeichnis/26-86233 Leistungsverzeichnis Version 2.X83
190;Erdungsanschluss, Metallkonstruktion;340,0;St;gaeb;Leistungsverzeichnis/26-86233 Leistungsverzeichnis Version 2.X83
200;Kabel- / Leiterbeschriftung;1000,0;St;gaeb;Leistungsverzeichnis/26-86233 Leistungsverzeichnis Version 2.X83
210;Messung und Kontrolle der verlegten;1,0;St;gaeb;Leistungsverzeichnis/26-86233 Leistungsverzeichnis Version 2.X83
10;Präsenzmelder, für Innenbereich, Bussystem KNX-TP, Erfassungswinkel senkrecht 120 Grad, Erfassungswinkel waagerecht 360 Grad, Erfassungsbereich bis 16 m, mit Helligkeitssensor, mit integriertem Busankoppler und Busanschluss über Busanschlussklemme, Bemessungsbetriebsspannung: Busspannung, für Decken;74,0;St;gaeb;Leistungsverzeichnis/26-86233 Leistungsverzeichnis Version 2.X83
20;Bewegungsmelder, für Innenbereich, Bussystem KNX-TP, Erfassungsbereich 6 bis 11 m, Nennmontagehöhe 2,2 m, mit Helligkeitssensor, Bewegungsmeldung abhängig von der Helligkeit, für Wandmontage.;56,0;St;gaeb;Leistungsverzeichnis/26-86233 Leistungsverzeichnis Version 2.X83
30;Taster, Bussystem KNX-TP, einfach, mit Bedienoberfläche mit Tasterstellung, mit integriertem Busankoppler, mit je Betätigungsstelle zuordenbaren Funktionen, als Aufputzgerät.;65,0;St;gaeb;Leistungsverzeichnis/26-86233 Leistungsverzeichnis Version 2.X83
40;Taster, Bussystem KNX-TP, einfach, mit Bedienoberfläche mit Tasterstellung, mit integriertem Busankoppler, mit je Betätigungsstelle zuordenbaren Funktionen, Ein-/Ausschalten, als Unterputzgerät, einschl. aufsteckbarer Bedienoberfläche.;35,0;St;gaeb;Leistungsverzeichnis/26-86233 Leistungsverzeichnis Version 2.X83
50;Taster, Bussystem KNX-TP, 2-fach, mit Bedienoberfläche mit Tasterstellung, mit integriertem Busankoppler, mit je Betätigungsstelle zuordenbaren Funktionen, Ein-/Ausschalten, als Aufputzgerät.;3,0;St;gaeb;Leistungsverzeichnis/26-86233 Leistungsverzeichnis Version 2.X83
60;Taster, Bussystem KNX-TP, 2-fach, mit Bedienoberfläche mit Tasterstellung, mit integriertem Busankoppler, mit je Betätigungsstelle zuordenbaren Funktionen, Ein-/Ausschalten, als Unterputzgerät, einschl. aufsteckbarer Bedienoberfläche.;16,0;St;gaeb;Leistungsverzeichnis/26-86233 Leistungsverzeichnis Version 2.X83
70;Taster, Bussystem KNX-TP, 2-fach, mit Bedienoberfläche mit Tasterstellung, mit integriertem Busankoppler, mit je Betätigungsstelle zuordenbaren Funktionen, Ein-/Ausschalten, Jalousie, als Unterputzgerät, einschl. aufsteckbarer Bedienoberfläche.;6,0;St;gaeb;Leistungsverzeichnis/26-86233 Leistungsverzeichnis Version 2.X83
80;Taster, Bussystem KNX-TP, 2-fach, mit Bedienoberfläche mit Tasterstellung, mit integriertem Busankoppler, mit je Betätigungsstelle zuordenbaren Funktionen, Ein-/Ausschalten, Dimmen, als Unterputzgerät, einschl. aufsteckbarer Bedienoberfläche.;3,0;St;gaeb;Leistungsverzeichnis/26-86233 Leistungsverzeichnis Version 2.X83
90;Taster, Bussystem KNX-TP, 3-fach, mit Bedienoberfläche mit Tasterstellung, mit integriertem Busankoppler, mit je Betätigungsstelle zuordenbaren Funktionen, Ein-/Ausschalten, als Aufputzgerät.;11,0;St;gaeb;Leistungsverzeichnis/26-86233 Leistungsverzeichnis Version 2.X83
100;Taster, Bussystem KNX-TP, 3-fach, mit Bedienoberfläche mit Tasterstellung, mit integriertem Busankoppler, mit je Betätigungsstelle zuordenbaren Funktionen, Ein-/Ausschalten, als Unterputzgerät, einschl. aufsteckbarer Bedienoberfläche.;3,0;St;gaeb;Leistungsverzeichnis/26-86233 Leistungsverzeichnis Version 2.X83
110;Taster, Bussystem KNX-TP, 3-fach, mit Bedienoberfläche mit Tasterstellung, mit integriertem Busankoppler, mit je Betätigungsstelle zuordenbaren Funktionen, Ein-/Ausschalten, Jalousie, als Unterputzgerät, einschl. aufsteckbarer Bedienoberfläche.;6,0;St;gaeb;Leistungsverzeichnis/26-86233 Leistungsverzeichnis Version 2.X83
120;Taster, Bussystem KNX-TP, 4-fach, mit Bedienoberfläche mit Tasterstellung, mit integriertem Busankoppler, mit je Betätigungsstelle zuordenbaren Funktionen, Ein-/Ausschalten, als Unterputzgerät, einschl. aufsteckbarer Bedienoberfläche.;3,0;St;gaeb;Leistungsverzeichnis/26-86233 Leistungsverzeichnis Version 2.X83
130;Taster, Bussystem KNX-TP, 4-fach, mit Bedienoberfläche mit Tasterstellung, mit integriertem Busankoppler, mit je Betätigungsstelle zuordenbaren Funktionen, Ein-/Ausschalten, Jalousie, als Unterputzgerät, einschl. aufsteckbarer Bedienoberfläche.;6,0;St;gaeb;Leistungsverzeichnis/26-86233 Leistungsverzeichnis Version 2.X83
140;Taster, Bussystem KNX-TP, 8-fach, zur Montage auf Unterputz-Busankoppler, mit je Betätigungsstelle zuordenbaren Funktionen, Ein-/Ausschalten, Jalousie.;10,0;St;gaeb;Leistungsverzeichnis/26-86233 Leistungsverzeichnis Version 2.X83
150;Taster, Bussystem KNX-TP, 8-fach, zur Montage auf Unterputz-Busankoppler, mit je Betätigungsstelle zuordenbaren Funktionen, Ein-/Ausschalten, Dimmen.;2,0;St;gaeb;Leistungsverzeichnis/26-86233 Leistungsverzeichnis Version 2.X83
160;Taster, Bussystem KNX-TP, 8-fach, zur Montage auf Unterputz-Busankoppler, mit je Betätigungsstelle zuordenbaren Funktionen, Ein-/Ausschalten, Dimmen, Jalousie.;4,0;St;gaeb;Leistungsverzeichnis/26-86233 Leistungsverzeichnis Version 2.X83
170;Taster, Bussystem KNX-TP, einfach, mit Bedienoberfläche mit Mittelstellung, mit integriertem Busankoppler, mit je Betätigungsstelle zuordenbaren Funktionen, Ein-/Ausschalten, Jalousie, als Unterputzgerät, einschl. aufsteckbarer Bedienoberfläche.;1,0;St;gaeb;Leistungsverzeichnis/26-86233 Leistungsverzeichnis Version 2.X83
180;Taster, Bussystem KNX-TP, 2-fach, mit Bedienoberfläche mit Mittelstellung, mit integriertem Busankoppler, mit je Betätigungsstelle zuordenbaren Funktionen, Ein-/Ausschalten, Jalousie, als Unterputzgerät, einschl. aufsteckbarer Bedienoberfläche.;3,0;St;gaeb;Leistungsverzeichnis/26-86233 Leistungsverzeichnis Version 2.X83
10;Anbauleuchte, Bauform rechteckig, Betriebsgerät in der Leuchte,;37,0;St;gaeb;Leistungsverzeichnis/26-86233 Leistungsverzeichnis Version 2.X83
20;Hängeleuchte, Bauform rechteckig, Betriebsgerät in der Leuchte,;177,0;St;gaeb;Leistungsverzeichnis/26-86233 Leistungsverzeichnis Version 2.X83
30;Anbauleuchte, Bauform rechteckig, Betriebsgerät in der Leuchte,;13,0;St;gaeb;Leistungsverzeichnis/26-86233 Leistungsverzeichnis Version 2.X83
40;Anbauleuchte, Bauform rechteckig, Betriebsgerät in der Leuchte,;6,0;St;gaeb;Leistungsverzeichnis/26-86233 Leistungsverzeichnis Version 2.X83
50;Hängeleuchte, Bauform rechteckig, Betriebsgerät in der Leuchte,;14,0;St;gaeb;Leistungsverzeichnis/26-86233 Leistungsverzeichnis Version 2.X83
60;Anbauleuchte, Bauform rechteckig, Betriebsgerät in der Leuchte,;4,0;St;gaeb;Leistungsverzeichnis/26-86233 Leistungsverzeichnis Version 2.X83
70;Hängeleuchte, Bauform rechteckig, Betriebsgerät in der Leuchte,;8,0;St;gaeb;Leistungsverzeichnis/26-86233 Leistungsverzeichnis Version 2.X83
80;Hängeleuchte, Bauform rechteckig, Betriebsgerät in der Leuchte,;3,0;St;gaeb;Leistungsverzeichnis/26-86233 Leistungsverzeichnis Version 2.X83
90;Hängeleuchte, Bauform rechteckig, Betriebsgerät in der Leuchte,;2,0;St;gaeb;Leistungsverzeichnis/26-86233 Leistungsverzeichnis Version 2.X83
100;Hängeleuchte, Bauform rechteckig, Betriebsgerät in der Leuchte,;2,0;St;gaeb;Leistungsverzeichnis/26-86233 Leistungsverzeichnis Version 2.X83
110;Hängeleuchte, Bauform rechteckig, Betriebsgerät in der Leuchte,;10,0;St;gaeb;Leistungsverzeichnis/26-86233 Leistungsverzeichnis Version 2.X83
120;Einbauleuchte, Bauform rund, mit gesondertem Betriebsgeräteteil,;167,0;St;gaeb;Leistungsverzeichnis/26-86233 Leistungsverzeichnis Version 2.X83
130;Anbauleuchte, Bauform quadratisch, mit gesondertem Betriebsgeräteteil,;6,0;St;gaeb;Leistungsverzeichnis/26-86233 Leistungsverzeichnis Version 2.X83
10;Zentrales Stromversorgungssystem ohne Leistungsbegrenzung (CPS) DIN EN 50171 (VDE 0558-508) für Sicherheitsbeleuchtungsanlage,;1,0;St;gaeb;Leistungsverzeichnis/26-86233 Leistungsverzeichnis Version 2.X83
20;Unterstation für zentrales Stromversorgungssystem ohne Leistungsbegrenzung, mit lokaler Einspeisung 230/400 V AC, Bemessungsbetriebsspannung der Verbraucher 230 V AC/220 V DC, Mischbetrieb innerhalb eines Stromkreisens,;4,0;St;gaeb;Leistungsverzeichnis/26-86233 Leistungsverzeichnis Version 2.X83
30;Software für Stromversorgungssystem für Sicherheitsbeleuchtungsanlage, für externen PC, zur Anlagenprogrammierung und Dokumentation der Anlagendaten.;1,0;St;gaeb;Leistungsverzeichnis/26-86233 Leistungsverzeichnis Version 2.X83
40;Dreiphasen-Wächter, Schaltschwellen DIN VDE 0100-560 (VDE 0100-560), für Sicherheitsbeleuchtungsanlage, mit Ausgang als systemspezifischer Datenbus, mit Wächtereinzelkennung, Montage auf Tragschiene DIN EN 60715 (VDE 0660-520).;23,0;St;gaeb;Leistungsverzeichnis/26-86233 Leistungsverzeichnis Version 2.X83
50;Umschaltweiche DIN EN 61347-1 (VDE 0712-30) zur Umschaltung zwischen Netz- und Batteriebetrieb innerhalb der Leuchte, mit integriertem Überwachungsbaustein zur Funktionsüberwachung, mit addressierbarer Einzelerkennung, für Leuchtstofflampen mit EVG, Glühlampen und LED in Sicherheitsbeleuchtungsanlag;20,0;St;gaeb;Leistungsverzeichnis/26-86233 Leistungsverzeichnis Version 2.X83
60;Sicherheitsleuchte DIN EN 1838 und DIN EN 60598-2-22 (VDE 0711-2-22) für zentrale Versorgung, in Bereitschaftsschaltung, zur Beleuchtung von Flächen, Beleuchtungsstärke mind. 1 lx,;72,0;St;gaeb;Leistungsverzeichnis/26-86233 Leistungsverzeichnis Version 2.X83
70;Sicherheitsleuchte DIN EN 1838 und DIN EN 60598-2-22 (VDE 0711-2-22) für zentrale Versorgung, in Bereitschaftsschaltung, zur Beleuchtung von Flucht-/Rettungswegen, Beleuchtungsstärke mind. 1 lx,;2,0;St;gaeb;Leistungsverzeichnis/26-86233 Leistungsverzeichnis Version 2.X83
80;Sicherheitsleuchte DIN EN 1838 und DIN EN 60598-2-22 (VDE 0711-2-22) für zentrale Versorgung, in Bereitschaftsschaltung, zur Beleuchtung von Flächen, Beleuchtungsstärke mind. 1 lx,;14,0;St;gaeb;Leistungsverzeichnis/26-86233 Leistungsverzeichnis Version 2.X83
90;Sicherheitsleuchte DIN EN 1838 und DIN EN 60598-2-22 (VDE 0711-2-22) für zentrale Versorgung, in Bereitschaftsschaltung, zur Beleuchtung von Flucht-/Rettungswegen, Beleuchtungsstärke mind. 1 lx,;10,0;St;gaeb;Leistungsverzeichnis/26-86233 Leistungsverzeichnis Version 2.X83
100;Sicherheitsleuchte DIN EN 1838 und DIN EN 60598-2-22 (VDE 0711-2-22) für zentrale Versorgung, in Bereitschaftsschaltung, zur Beleuchtung von Flächen, Beleuchtungsstärke mind. 1 lx,;221,0;St;gaeb;Leistungsverzeichnis/26-86233 Leistungsverzeichnis Version 2.X83
110;Sicherheitsleuchte DIN EN 1838 und DIN EN 60598-2-22 (VDE 0711-2-22) für zentrale Versorgung, in Bereitschaftsschaltung, zur Beleuchtung von Flucht-/Rettungswegen, Beleuchtungsstärke mind. 1 lx,;25,0;St;gaeb;Leistungsverzeichnis/26-86233 Leistungsverzeichnis Version 2.X83
120;Sicherheitsleuchte DIN EN 1838 und DIN EN 60598-2-22 (VDE 0711-2-22) für zentrale Versorgung, in Bereitschaftsschaltung, zur Beleuchtung von Flucht-/Rettungswegen, Beleuchtungsstärke mind. 1 lx,;97,0;St;gaeb;Leistungsverzeichnis/26-86233 Leistungsverzeichnis Version 2.X83
130;Sicherheitsleuchte DIN EN 1838 und DIN EN 60598-2-22 (VDE 0711-2-22) für zentrale Versorgung, in Bereitschaftsschaltung, zur Beleuchtung von Flächen, Beleuchtungsstärke mind. 5 lx,;29,0;St;gaeb;Leistungsverzeichnis/26-86233 Leistungsverzeichnis Version 2.X83
140;Sicherheitsleuchte DIN EN 1838 und DIN EN 60598-2-22 (VDE 0711-2-22) für zentrale Versorgung, in Bereitschaftsschaltung, zur Beleuchtung von Flucht-/Rettungswegen, Beleuchtungsstärke mind. 1 lx,;3,0;St;gaeb;Leistungsverzeichnis/26-86233 Leistungsverzeichnis Version 2.X83
150;Rettungszeichenleuchte DIN EN 1838 und DIN EN 60598-2-22 (VDE 0711-2-22) für zentrale Versorgung, Rettungszeichen DIN EN ISO 7010, DIN 4844-1 und DIN ISO 3864-1, Rettungszeichen einseitig, Erkennungsweite mind. 20 m, in Dauerschaltung, für Wand- und Deckenanbau, Schutzart IP 43 DIN EN 60529 (VDE 047;110,0;St;gaeb;Leistungsverzeichnis/26-86233 Leistungsverzeichnis Version 2.X83
160;Rettungszeichenleuchte DIN EN 1838 und DIN EN 60598-2-22 (VDE 0711-2-22) für zentrale Versorgung, Rettungszeichen DIN EN ISO 7010, DIN 4844-1 und DIN ISO 3864-1, Rettungszeichen 2-seitig, Erkennungsweite mind. 20 m, in Dauerschaltung, für Wand- und Deckenanbau, Schutzart IP 43 DIN EN 60529 (VDE 0470;5,0;St;gaeb;Leistungsverzeichnis/26-86233 Leistungsverzeichnis Version 2.X83
170;Rettungszeichenleuchte DIN EN 1838 und DIN EN 60598-2-22 (VDE 0711-2-22) für zentrale Versorgung, Rettungszeichen DIN EN ISO 7010, DIN 4844-1 und DIN ISO 3864-1, Rettungszeichen 2-seitig, Erkennungsweite mind. 20 m, in Dauerschaltung, Aufhängung einschl. Seil und Baldachin,;104,0;St;gaeb;Leistungsverzeichnis/26-86233 Leistungsverzeichnis Version 2.X83
180;Rettungszeichenleuchte DIN EN 1838 und DIN EN 60598-2-22 (VDE 0711-2-22) für zentrale Versorgung, Rettungszeichen DIN EN ISO 7010, DIN 4844-1 und DIN ISO 3864-1, Rettungszeichen einseitig, Erkennungsweite mind. 20 m, in Dauerschaltung, für Wandanbau, Schutzart IP 65 DIN EN 60529 (VDE 0470-1), Umgebu;11,0;St;gaeb;Leistungsverzeichnis/26-86233 Leistungsverzeichnis Version 2.X83
190;Rettungszeichenleuchte DIN EN 1838 und DIN EN 60598-2-22 (VDE 0711-2-22) für zentrale Versorgung, Rettungszeichen DIN EN ISO 7010, DIN 4844-1 und DIN ISO 3864-1, Rettungszeichen 2-seitig, Erkennungsweite mind. 20 m, in Dauerschaltung, Aufhängung einschl. Pendel und Baldachin,;7,0;St;gaeb;Leistungsverzeichnis/26-86233 Leistungsverzeichnis Version 2.X83
200;Rettungszeichenleuchte DIN EN 1838 und DIN EN 60598-2-22 (VDE 0711-2-22) für zentrale Versorgung, Rettungszeichen DIN EN ISO 7010, DIN 4844-1 und DIN ISO 3864-1, Rettungszeichen einseitig, Erkennungsweite mind. 30 m, in Dauerschaltung, für Wandanbau, Schutzart IP 65 DIN EN 60529 (VDE 0470-1), Umgebu;6,0;St;gaeb;Leistungsverzeichnis/26-86233 Leistungsverzeichnis Version 2.X83
210;Stromkreisbezeichnungsschild mit Angabe von Verteilung, Stromkreis-Nummer und Leuchten-Nummer, DIN VDE 0100-560 (VDE 0100-560), rund, Schriftart/-größe DIN 1450, aus Kunststoff mit gravierter Beschriftung und Schraubbefestigung.;1125,0;St;gaeb;Leistungsverzeichnis/26-86233 Leistungsverzeichnis Version 2.X83
220;Eingeben der Leuchtenzielorte jeder einzelnen;1125,0;St;gaeb;Leistungsverzeichnis/26-86233 Leistungsverzeichnis Version 2.X83
230;Beauftragung eines Sachverständigen für die Abnahme der Sicherheitsbeleuchtungsanlage, Vorbereitung aller notwendiger Unterlagen für die Abnahme, Beistellen eines Technikers für die Dauer der Abnahme.;1,0;St;gaeb;Leistungsverzeichnis/26-86233 Leistungsverzeichnis Version 2.X83
10;Stele Haupteingang;1,0;St;gaeb;Leistungsverzeichnis/26-86233 Leistungsverzeichnis Version 2.X83
20;Notrufeinrichtung Behinderten-WC als Kompakt-Set, bestehend aus 1-Kammer-Signalleuchte rot, Zugtaster, Abstelltaster, Meldeeinheit und Netzteil, einschl. Stromquelle für Sicherheitszwecke DIN VDE 0100-560 (VDE 0100-560), Weiterleitung Störung zur übergeordneten Leittechnik, Weiterleitung Notruf zur ;5,0;St;gaeb;Leistungsverzeichnis/26-86233 Leistungsverzeichnis Version 2.X83
10;RWA-Zentrale CPS-B1-5-0101;4,0;St;gaeb;Leistungsverzeichnis/26-86233 Leistungsverzeichnis Version 2.X83
20;Akkumulator - Typ 8;8,0;St;gaeb;Leistungsverzeichnis/26-86233 Leistungsverzeichnis Version 2.X83
30;RWA-Zentrale CPS-M1-080-02-08;1,0;St;gaeb;Leistungsverzeichnis/26-86233 Leistungsverzeichnis Version 2.X83
40;Akkumulator - Typ 8;4,0;St;gaeb;Leistungsverzeichnis/26-86233 Leistungsverzeichnis Version 2.X83
50;Optischer Rauchmelder - SD-O 371;4,0;St;gaeb;Leistungsverzeichnis/26-86233 Leistungsverzeichnis Version 2.X83
60;RWA‑Bedienstelle - RT 46;8,0;St;gaeb;Leistungsverzeichnis/26-86233 Leistungsverzeichnis Version 2.X83
70;Abnahme der Rauchabzugsanlagen;1,0;psch;gaeb;Leistungsverzeichnis/26-86233 Leistungsverzeichnis Version 2.X83
10;Installationskabel, symmetrisch, J-2Y(St)Y, 100 x 2 x 0,6 STIII Bd, mit Befestigung gemäß bauaufsichtlicher Zulassung.;100,0;m;gaeb;Leistungsverzeichnis/26-86233 Leistungsverzeichnis Version 2.X83
20;Installationskabel, symmetrisch, J-2Y(St)Y, 50 x 2 x 0,6 STIII Bd, auf vorh. Kabelrinnen oder in offene Kanäle.;80,0;m;gaeb;Leistungsverzeichnis/26-86233 Leistungsverzeichnis Version 2.X83
30;Installationskabel, symmetrisch, J-2Y(St)Y, 50 x 2 x 0,6 STIII Bd, mit Befestigung gemäß bauaufsichtlicher Zulassung.;130,0;m;gaeb;Leistungsverzeichnis/26-86233 Leistungsverzeichnis Version 2.X83
40;Installationskabel, symmetrisch, J-2Y(St)Y, 4 x 2 x 0,6 STIII Bd, Ausführung gemäß Einzelbeschreibung,;105,0;m;gaeb;Leistungsverzeichnis/26-86233 Leistungsverzeichnis Version 2.X83
50;Installationskabel, symmetrisch, J-2Y(St)Y, 4 x 2 x 0,6 STIII Bd, Ausführung gemäß Einzelbeschreibung,;30,0;m;gaeb;Leistungsverzeichnis/26-86233 Leistungsverzeichnis Version 2.X83
60;Installationskabel, symmetrisch, J-2Y(St)Y, 2 x 2 x 0,6 STIII Bd, Ausführung gemäß Einzelbeschreibung,;150,0;m;gaeb;Leistungsverzeichnis/26-86233 Leistungsverzeichnis Version 2.X83
70;Installationskabel, symmetrisch, J-2Y(St)Y, 2 x 2 x 0,6 STIII Bd, Ausführung gemäß Einzelbeschreibung,;50,0;m;gaeb;Leistungsverzeichnis/26-86233 Leistungsverzeichnis Version 2.X83
80;Installationskabel, symmetrisch, DIN VDE 0815 (VDE 0815), mit integriertem Funktionserhalt E 30, DIN 4102-12, JE-H(St)H, 2 x 2 x 0,8 Bd, E 30 konforme Verlegung mit den dafür zertifizierten Befestigungsmitteln.;220,0;m;gaeb;Leistungsverzeichnis/26-86233 Leistungsverzeichnis Version 2.X83
90;Installationskabel, symmetrisch, DIN VDE 0815 (VDE 0815), mit integriertem Funktionserhalt E 30, DIN 4102-12, JE-H(St)H, 2 x 2 x 0,8 Bd, E 30 konforme Verlegung mit den dafür zertifizierten Befestigungsmitteln, Ausführung gemäß Einzelbeschreibung,;130,0;m;gaeb;Leistungsverzeichnis/26-86233 Leistungsverzeichnis Version 2.X83
100;Verteiler mit Erdungsanschluss als Wandschrank, symmetrisch, mit Erdungsschiene, aus Stahlblech, beschichtet, mit Stangenverschluss und Schwenkhebelgriff zur Aufnahme eines Sicherheitsschlosses, mit Kabeleinführung von oben, Höhe 1,2 m, Breite 0,6 m, Tiefe 0,4 m, Schutzart IP 4X DIN EN 60529 (VDE 04;1,0;St;gaeb;Leistungsverzeichnis/26-86233 Leistungsverzeichnis Version 2.X83
110;Trennleiste, symmetrisch, für 10 DA, Leiterdurchmesser 0,8 mm, mit Bezeichnungsstreifen und Leistenträger, in löt-, schraub- und abisolierfreier Technik (LSA-Technik).;120,0;St;gaeb;Leistungsverzeichnis/26-86233 Leistungsverzeichnis Version 2.X83
120;Rangierleiste, symmetrisch, für 10 DA, Leiterdurchmesser 0,8 mm, mit Bezeichnungsstreifen und Leistenträger, in löt-, schraub- und abisolierfreier Technik (LSA-Technik).;10,0;St;gaeb;Leistungsverzeichnis/26-86233 Leistungsverzeichnis Version 2.X83
130;Erdungsleiste, symmetrisch, 44 Adern, Leiterdurchmesser 0,8 mm, mit Bezeichnungsstreifen und Leistenträger, in löt-, schraub- und abisolierfreier Technik (LSA-Technik).;6,0;St;gaeb;Leistungsverzeichnis/26-86233 Leistungsverzeichnis Version 2.X83
140;19 Zoll Patchfeld, symmetrisch, eine Höheneinheit, UAE 25 x 8(4), Kategorie 3 DIN EN 50173-1 (VDE 0800-173-1), Link-Klasse C, DIN EN 50173-1 (VDE 0800-173-1), Potentialausgleich DIN EN 50310 (VDE 0800-2-310), Ausführung gemäß Einzelbeschreibung,;2,0;St;gaeb;Leistungsverzeichnis/26-86233 Leistungsverzeichnis Version 2.X83
150;19 Zoll Patchfeld, symmetrisch, eine Höheneinheit, UAE 25 x 8(4), Kategorie 3 DIN EN 50173-1 (VDE 0800-173-1), Link-Klasse C, DIN EN 50173-1 (VDE 0800-173-1), Potentialausgleich DIN EN 50310 (VDE 0800-2-310), Ausführung gemäß Einzelbeschreibung,;5,0;St;gaeb;Leistungsverzeichnis/26-86233 Leistungsverzeichnis Version 2.X83
160;UAE-Anschlussdose, symmetrisch, Kategorie 3 DIN EN 50173-1 (VDE 0800-173-1), Link-Klasse C, DIN EN 50173-1 (VDE 0800-173-1), Potentialausgleich DIN EN 50310 (VDE 0800-2-310), kompakt, 1 Port, RJ45-Buchse DIN EN 60603-7-51, in löt-, schraub- und abisolierfreier Technik (LSA-Technik), Unterputzausführ;5,0;St;gaeb;Leistungsverzeichnis/26-86233 Leistungsverzeichnis Version 2.X83
170;Für den senkrechten- und waagrechten;1,0;St;gaeb;Leistungsverzeichnis/26-86233 Leistungsverzeichnis Version 2.X83
180;Auflegen von Fernmelde-Installationskabel;4,0;St;gaeb;Leistungsverzeichnis/26-86233 Leistungsverzeichnis Version 2.X83
190;Auflegen von Fernmelde-Installationskabel;10,0;St;gaeb;Leistungsverzeichnis/26-86233 Leistungsverzeichnis Version 2.X83
200;Leistung wie zuletzt in vollem Wortlaut beschrieben,;16,0;St;gaeb;Leistungsverzeichnis/26-86233 Leistungsverzeichnis Version 2.X83
210;Messen von Fernmelde-Installationskabel;2,0;St;gaeb;Leistungsverzeichnis/26-86233 Leistungsverzeichnis Version 2.X83
220;Messen von Fernmelde-Installationskabel;10,0;St;gaeb;Leistungsverzeichnis/26-86233 Leistungsverzeichnis Version 2.X83
230;Messen von Fernmelde-Installationskabel;16,0;St;gaeb;Leistungsverzeichnis/26-86233 Leistungsverzeichnis Version 2.X83
240;Rangierung an Leiste/Streifen, in löt-, schraub- und abisolierfreier Technik (LSA-Technik), in Verteiler, einschl. Schaltdraht, geschirmt YV(St)Y DIN VDE 0812 (VDE 0812) 2 x 0,5/1,5, mit beidseitigem Auflegen, Länge bis 2 m.;26,0;St;gaeb;Leistungsverzeichnis/26-86233 Leistungsverzeichnis Version 2.X83
10;Verteiler als Standschrank für Datennetze, einschl. Sockel, Höhe 100 mm, zum Einbau von 19-Zoll-Komponenten, aus Stahlblech, beschichtet, Schutzart IP 2X DIN EN 60529 (VDE 0470-1), Potentialausgleich DIN EN 50310 (VDE 0800-2-310), mit einer Fronttür, aus Stahlblech mit einer Füllung aus Sicherheitsg;8,0;St;gaeb;Leistungsverzeichnis/26-86233 Leistungsverzeichnis Version 2.X83
20;Verteiler als Standschrank für Fernmeldetechnik, einschl. Sockel, Höhe 100 mm, zum Einbau von 19-Zoll-Komponenten, aus Stahlblech, beschichtet, Schutzart IP 2X DIN EN 60529 (VDE 0470-1), Potentialausgleich DIN EN 50310 (VDE 0800-2-310), mit einer Fronttür, aus Stahlblech mit einer Füllung aus Sicher;1,0;St;gaeb;Leistungsverzeichnis/26-86233 Leistungsverzeichnis Version 2.X83
30;Fachboden, aus Stahlblech, beschichtet, gelocht, ausziehbar mit Teleskopschiene, Belastbarkeit mind. 50 kg, als 19-Zoll-Bauteil, passend für Schrankbreite 0,8 m und Schranktiefe 0,8 m, eine Höheneinheit.;9,0;St;gaeb;Leistungsverzeichnis/26-86233 Leistungsverzeichnis Version 2.X83
40;"Anreihzubehör für vorgenannten 19""-Verteiler für Aufstellung von zwei oder mehr Schränken nebeneinander";4,0;Satz;gaeb;Leistungsverzeichnis/26-86233 Leistungsverzeichnis Version 2.X83
50;Patchfeld mit Spleißkassette und allem systembedingten Zubehör, LWL, eine Höheneinheit, ausziehbar, Einmodenfaser OS 2, DIN EN 50173-1 (VDE 0800-173-1), mit Steckgesicht SC-Durchführungskupplungen, Ferrulen aus Zirkonia Keramik, Kontakte mit PC, Anzahl Ausbrüche 24 St, Anzahl Kupplungen 24 St,;12,0;St;gaeb;Leistungsverzeichnis/26-86233 Leistungsverzeichnis Version 2.X83
60;Patchfeld mit Spleißkassette und allem systembedingten Zubehör, LWL, eine Höheneinheit, ausziehbar, Mehrmodenfaser OM 4, typisch 10 Gbps bis 550 m, mit Steckgesicht SC-Durchführungskupplungen, Ferrulen aus Zirkonia Keramik, Kontakte mit PC, Anzahl Ausbrüche 24 St, Anzahl Kupplungen 24 St,;8,0;St;gaeb;Leistungsverzeichnis/26-86233 Leistungsverzeichnis Version 2.X83
70;19 Zoll Patchfeld, symmetrisch, eine Höheneinheit, UAE 25 x 8(8), Kategorie 3 DIN EN 50173-1 (VDE 0800-173-1), Link-Klasse C, DIN EN 50173-1 (VDE 0800-173-1), Potentialausgleich DIN EN 50310 (VDE 0800-2-310).;7,0;St;gaeb;Leistungsverzeichnis/26-86233 Leistungsverzeichnis Version 2.X83
80;19 Zoll Patchfeld, symmetrisch, eine Höheneinheit, 24 x 8, modular, Kategorie 6 Index A tiefgestellt DIN EN 50173-1 (VDE 0800-173-1), Link-Klasse E Index A tiefgestellt, DIN EN 50173-1 (VDE 0800-173-1), Potentialausgleich DIN EN 50310 (VDE 0800-2-310), RJ45-Buchse DIN EN 60603-7-51.;52,0;St;gaeb;Leistungsverzeichnis/26-86233 Leistungsverzeichnis Version 2.X83
90;Rangierpanel, waagerecht, eine Höheneinheit.;104,0;St;gaeb;Leistungsverzeichnis/26-86233 Leistungsverzeichnis Version 2.X83
100;Leerfeldplatte, aus Stahlblech, beschichtet, als 19-Zoll-Bauteil, eine Höheneinheit, Ausführung gemäß Einzelbeschreibung,;2,0;St;gaeb;Leistungsverzeichnis/26-86233 Leistungsverzeichnis Version 2.X83
110;Leerfeldplatte, aus Stahlblech, beschichtet, als 19-Zoll-Bauteil, eine Höheneinheit, Ausführung gemäß Einzelbeschreibung,;2,0;St;gaeb;Leistungsverzeichnis/26-86233 Leistungsverzeichnis Version 2.X83
120;Kabelführung, senkrecht, 42 Höheneinheiten.;9,0;St;gaeb;Leistungsverzeichnis/26-86233 Leistungsverzeichnis Version 2.X83
130;Kabelabfangschiene, für Verteiler.;9,0;St;gaeb;Leistungsverzeichnis/26-86233 Leistungsverzeichnis Version 2.X83
140;Potentialausgleichsschiene.;9,0;St;gaeb;Leistungsverzeichnis/26-86233 Leistungsverzeichnis Version 2.X83
150;Schrankbeleuchtung, einschl. Türkontaktschalter.;9,0;St;gaeb;Leistungsverzeichnis/26-86233 Leistungsverzeichnis Version 2.X83
160;Schrankbelüftung als Dachlüftereinbauteil, Luftleistung freiblasend mind. 200 m3/h, Bemessungsbetriebsspannung 230 V AC, Geräuschentwicklung kleiner 40 dB(A), mit Temperaturregler und integriertem Staubfilter.;9,0;St;gaeb;Leistungsverzeichnis/26-86233 Leistungsverzeichnis Version 2.X83
170;Steckdosenleiste, 230 V mit Abzweigdose, mit 8 Steckdosen, Ausführung gemäß Einzelbeschreibung,;9,0;St;gaeb;Leistungsverzeichnis/26-86233 Leistungsverzeichnis Version 2.X83
180;Datenanschlussdose, symmetrisch, Kategorie 6 Index A tiefgestellt DIN EN 50173-1 (VDE 0800-173-1), Link-Klasse E Index A tiefgestellt, DIN EN 50173-1 (VDE 0800-173-1), Potentialausgleich DIN EN 50310 (VDE 0800-2-310), modular, Anzahl Ausbrüche 1 St, 1 Port, RJ45-Buchse DIN EN 60603-7-51, Schutzart I;93,0;St;gaeb;Leistungsverzeichnis/26-86233 Leistungsverzeichnis Version 2.X83
190;Datenanschlussdose, symmetrisch, Kategorie 6 Index A tiefgestellt DIN EN 50173-1 (VDE 0800-173-1), Link-Klasse E Index A tiefgestellt, DIN EN 50173-1 (VDE 0800-173-1), Potentialausgleich DIN EN 50310 (VDE 0800-2-310), modular, Anzahl Ausbrüche 2 St, 2 Ports, RJ45-Buchse DIN EN 60603-7-51, Schutzart ;425,0;St;gaeb;Leistungsverzeichnis/26-86233 Leistungsverzeichnis Version 2.X83
200;Datenanschlussdose, symmetrisch, Kategorie 6 Index A tiefgestellt DIN EN 50173-1 (VDE 0800-173-1), Link-Klasse E Index A tiefgestellt, DIN EN 50173-1 (VDE 0800-173-1), Potentialausgleich DIN EN 50310 (VDE 0800-2-310), modular, Anzahl Ausbrüche 2 St, 2 Ports, RJ45-Buchse DIN EN 60603-7-51, Schutzart ;20,0;St;gaeb;Leistungsverzeichnis/26-86233 Leistungsverzeichnis Version 2.X83
210;Datenanschlussdose, symmetrisch, Kategorie 6 Index A tiefgestellt DIN EN 50173-1 (VDE 0800-173-1), Link-Klasse E Index A tiefgestellt, DIN EN 50173-1 (VDE 0800-173-1), Potentialausgleich DIN EN 50310 (VDE 0800-2-310), modular, Anzahl Ausbrüche 2 St, 2 Ports, RJ45-Buchse DIN EN 60603-7-51, Schutzart ;10,0;St;gaeb;Leistungsverzeichnis/26-86233 Leistungsverzeichnis Version 2.X83
220;Datenanschlussdose, symmetrisch, Kategorie 6 Index A tiefgestellt DIN EN 50173-1 (VDE 0800-173-1), Link-Klasse E Index A tiefgestellt, DIN EN 50173-1 (VDE 0800-173-1), Potentialausgleich DIN EN 50310 (VDE 0800-2-310), modular, Anzahl Ausbrüche 2 St, 2 Ports, RJ45-Buchse DIN EN 60603-7-51, Schutzart ;91,0;St;gaeb;Leistungsverzeichnis/26-86233 Leistungsverzeichnis Version 2.X83
230;Datenanschlussdose, symmetrisch, Kategorie 6 Index A tiefgestellt DIN EN 50173-1 (VDE 0800-173-1), Link-Klasse E Index A tiefgestellt, DIN EN 50173-1 (VDE 0800-173-1), Potentialausgleich DIN EN 50310 (VDE 0800-2-310), modular, Anzahl Ausbrüche 2 St, 2 Ports, RJ45-Buchse DIN EN 60603-7-51, Schutzart ;26,0;St;gaeb;Leistungsverzeichnis/26-86233 Leistungsverzeichnis Version 2.X83
240;Datenkabel für den Horizontal- und Steigbereich DIN EN 50288-9-1 (VDE 0819-9-1), Kategorie 7 Index A tiefgestellt DIN EN 50173-1 (VDE 0800-173-1), geschirmt, Trennklasse d DIN EN 50174-2 (VDE 0800-174-2), für PoE, Typ 3, Leitungswiderstand 0,075 Ohm/m und Kabeldurchmesser 0,007 m DIN EN 50174-2 (VDE;32414,0;m;gaeb;Leistungsverzeichnis/26-86233 Leistungsverzeichnis Version 2.X83
250;Datenkabel für den Horizontal- und Steigbereich DIN EN 50288-9-1 (VDE 0819-9-1), Kategorie 7 Index A tiefgestellt DIN EN 50173-1 (VDE 0800-173-1), geschirmt, Trennklasse d DIN EN 50174-2 (VDE 0800-174-2), für PoE, Typ 3, Leitungswiderstand 0,075 Ohm/m und Kabeldurchmesser 0,007 m DIN EN 50174-2 (VDE;16132,0;m;gaeb;Leistungsverzeichnis/26-86233 Leistungsverzeichnis Version 2.X83
260;Datenkabel für den Horizontal- und Steigbereich DIN EN 50288-9-1 (VDE 0819-9-1), Kategorie 7 Index A tiefgestellt DIN EN 50173-1 (VDE 0800-173-1), geschirmt, Trennklasse d DIN EN 50174-2 (VDE 0800-174-2), für PoE, Typ 3, Leitungswiderstand 0,075 Ohm/m und Kabeldurchmesser 0,007 m DIN EN 50174-2 (VDE;11937,0;m;gaeb;Leistungsverzeichnis/26-86233 Leistungsverzeichnis Version 2.X83
270;Datenkabel für den Horizontal- und Steigbereich DIN EN 50288-9-1 (VDE 0819-9-1), Kategorie 7 Index A tiefgestellt DIN EN 50173-1 (VDE 0800-173-1), geschirmt, Trennklasse d DIN EN 50174-2 (VDE 0800-174-2), für PoE, Typ 3, Leitungswiderstand 0,075 Ohm/m und Kabeldurchmesser 0,007 m DIN EN 50174-2 (VDE;11937,0;m;gaeb;Leistungsverzeichnis/26-86233 Leistungsverzeichnis Version 2.X83
280;Datenkabel für den Horizontal- und Steigbereich DIN EN 50288-9-1 (VDE 0819-9-1), Kategorie 7 Index A tiefgestellt DIN EN 50173-1 (VDE 0800-173-1), geschirmt, Trennklasse d DIN EN 50174-2 (VDE 0800-174-2), für PoE, Typ 3, Leitungswiderstand 0,075 Ohm/m und Kabeldurchmesser 0,007 m DIN EN 50174-2 (VDE;7791,0;m;gaeb;Leistungsverzeichnis/26-86233 Leistungsverzeichnis Version 2.X83
290;Anschluss des 4-paarigen S/STP Datenkabels;1166,0;St;gaeb;Leistungsverzeichnis/26-86233 Leistungsverzeichnis Version 2.X83
300;Messung Kupferkabel PL (Permanent Link) - Installationsstrecke, DIN EN 50173-1 (VDE 0800-173-1), Link Klasse F, Darstellung der Messung als Tabelle und als Grafik, Dokumentation vorab digital zur Prüfung und nach Freigabe auf Datenträger, im PDF-Format, als Kurzreport (Sammelreport), in 3-facher Aus;1166,0;St;gaeb;Leistungsverzeichnis/26-86233 Leistungsverzeichnis Version 2.X83
310;LWL-Universalkabel (Außen-/Innenkabel) als Einmodenfaser, OS 2, DIN EN 50173-1 (VDE 0800-173-1), metallfrei, unbewehrt, U-WQ(ZN)H, 24 x E 9/125, Wellenlänge 1310 nm, auf vorh. Kabelrinnen oder in offene Kanäle.;100,0;m;gaeb;Leistungsverzeichnis/26-86233 Leistungsverzeichnis Version 2.X83
320;LWL-Universalkabel (Außen-/Innenkabel) als Einmodenfaser, OS 2, DIN EN 50173-1 (VDE 0800-173-1), metallfrei, unbewehrt, U-WQ(ZN)H, 24 x E 9/125, Wellenlänge 1310 nm, mit Bügelschellen.;120,0;m;gaeb;Leistungsverzeichnis/26-86233 Leistungsverzeichnis Version 2.X83
330;LWL-Universalkabel (Außen-/Innenkabel) als Einmodenfaser, OS 2, DIN EN 50173-1 (VDE 0800-173-1), metallfrei, unbewehrt, U-WQ(ZN)H, 24 x E 9/125, Wellenlänge 1310 nm.;100,0;m;gaeb;Leistungsverzeichnis/26-86233 Leistungsverzeichnis Version 2.X83
340;LWL-Universalkabel (Außen-/Innenkabel) als Mehrmodenfaser, OM 4, typisch 10 Gbps bis 550 m, metallfrei, unbewehrt, U-WQ(ZN)H, 24 x G 50/125, Wellenlänge 1300 nm, auf vorh. Kabelrinnen oder in offene Kanäle.;70,0;m;gaeb;Leistungsverzeichnis/26-86233 Leistungsverzeichnis Version 2.X83
350;LWL-Universalkabel (Außen-/Innenkabel) als Mehrmodenfaser, OM 4, typisch 10 Gbps bis 550 m, metallfrei, unbewehrt, U-WQ(ZN)H, 24 x G 50/125, Wellenlänge 1300 nm, mit Bügelschellen.;40,0;m;gaeb;Leistungsverzeichnis/26-86233 Leistungsverzeichnis Version 2.X83
360;LWL-Universalkabel (Außen-/Innenkabel) als Mehrmodenfaser, OM 4, typisch 10 Gbps bis 550 m, metallfrei, unbewehrt, U-WQ(ZN)H, 24 x G 50/125, Wellenlänge 1300 nm.;10,0;m;gaeb;Leistungsverzeichnis/26-86233 Leistungsverzeichnis Version 2.X83
370;Spleißen LWL-Einmodenfaser 24x E9/125;12,0;St;gaeb;Leistungsverzeichnis/26-86233 Leistungsverzeichnis Version 2.X83
380;Spleißen LWL-Mehrmodenfaser 24xG50 /125;8,0;St;gaeb;Leistungsverzeichnis/26-86233 Leistungsverzeichnis Version 2.X83
390;Messung LWL-Faser, DIN VDE 0800-173-100 (VDE 0800-173-100), Einmodenfaser OS 2, Nachweis der Laufzeit DIN EN 50173-1 (VDE 0800-173-1) bezogen auf die Netzanwendung und OTDR-Messung, beidseitig, Wellenlänge 1310 nm, Darstellung der Messung als Tabelle und als Grafik, Dokumentation vorab digital zur P;288,0;St;gaeb;Leistungsverzeichnis/26-86233 Leistungsverzeichnis Version 2.X83
400;Messung LWL-Faser, DIN VDE 0800-173-100 (VDE 0800-173-100), Mehrmodenfaser OM 4, Nachweis der Laufzeit DIN EN 50173-1 (VDE 0800-173-1) bezogen auf die Netzanwendung und OTDR-Messung, beidseitig, Wellenlänge 1300 nm, Darstellung der Messung als Tabelle und als Grafik, Dokumentation vorab digital zur ;192,0;St;gaeb;Leistungsverzeichnis/26-86233 Leistungsverzeichnis Version 2.X83
410;Rangierung an Leiste/Streifen, in löt-, schraub- und abisolierfreier Technik (LSA-Technik), in Verteiler.;500,0;St;gaeb;Leistungsverzeichnis/26-86233 Leistungsverzeichnis Version 2.X83
10;Brandmelderzentrale DIN 14675, DIN VDE 0833-1 (VDE 0833-1), DIN VDE 0833-2 (VDE 0833-2), DIN EN 54-2, DIN EN 54-4 und DIN EN 54-13,;1,0;St;gaeb;Leistungsverzeichnis/26-86233 Leistungsverzeichnis Version 2.X83
20;Bezeichnungsschild, Farbe und Beschriftung nach Angaben des AG, aus Aluminium, Beschriftung einzeilig, geprägt, nachleuchtend ausgelegt, rechteckig, Höhe 100 mm, Breite 180 mm, Ausführung gemäß Einzelbeschreibung,;1,0;St;gaeb;Leistungsverzeichnis/26-86233 Leistungsverzeichnis Version 2.X83
30;Feuerwehr-Schlüsseldepot DIN 14675-1, Schließung der zweiten Tür (Innentür) nach den Anschlussbedingungen der zuständigen behördlich benannten hilfeleistenden Stelle, FSD 2 (mittleres Risiko), für 6 separat überwachte Objektschlüssel, Schließzylinder/Schloss wird vom AG beigestellt, zur Montage in W;1,0;St;gaeb;Leistungsverzeichnis/26-86233 Leistungsverzeichnis Version 2.X83
40;Freischaltelement DIN 14675, mit Schließzylinder nach den Anschlussbedingungen der örtlich zuständigen Feuerwehr, zur Unterputzmontage in vorh. Nische, Ausführung gemäß Einzelbeschreibung,;1,0;St;gaeb;Leistungsverzeichnis/26-86233 Leistungsverzeichnis Version 2.X83
50;Feuerwehr-Laufkarte DIN 14675, Format DIN A3, aus formstabiler Folie, Grundrisspläne werden im DXF-Format auf Datenträger zur Verfügung gestellt, Ausführung gemäß Einzelbeschreibung,;100,0;St;gaeb;Leistungsverzeichnis/26-86233 Leistungsverzeichnis Version 2.X83
60;Stehleiter zur Gefahrenabwehr, innen, aus Aluminium ,;1,0;St;gaeb;Leistungsverzeichnis/26-86233 Leistungsverzeichnis Version 2.X83
70;Feuerwehr-Leiterhalterung, aus Metall, rot, Beschriftung DIN 4066, Schließzylinder wird vom AG beigestellt, für Aufputzmontage.;1,0;St;gaeb;Leistungsverzeichnis/26-86233 Leistungsverzeichnis Version 2.X83
80;Mehrfachsensormelder, DIN EN 54-5 und DIN EN 54-7, nach dem Streulicht- und Wärmeprinzip, einschl. Sockel für Leitungsführung Aufputz, mit Signalgeber, akustisch, überwacht, DIN EN 54-3, Notsignal DIN 33404-3, als elektronischer Schallgeber, Energieversorgung aus der Zentrale ringbusversorgt über Bu;384,0;St;gaeb;Leistungsverzeichnis/26-86233 Leistungsverzeichnis Version 2.X83
90;Mehrfachsensormelder, DIN EN 54-5 und DIN EN 54-7, nach dem Streulicht- und Wärmeprinzip, einschl. Sockel für Leitungsführung Aufputz, mit graviertem Bezeichnungsschild, DIN 1450 als Signalisationstext, Montage an Decke,;31,0;St;gaeb;Leistungsverzeichnis/26-86233 Leistungsverzeichnis Version 2.X83
100;Mehrfachsensormelder, DIN EN 54-5 und DIN EN 54-7, nach dem Streulicht- und Wärmeprinzip, einschl. Sockel für Leitungsführung Aufputz, mit graviertem Bezeichnungsschild, DIN 1450 als Signalisationstext, Montage an abgehängter Decke, einschl. Halter für abgehängte Montage, Abhängung bis 25 cm,;42,0;St;gaeb;Leistungsverzeichnis/26-86233 Leistungsverzeichnis Version 2.X83
110;Handfeuermelder, DIN EN 54-11 Typ B, für Anwendung in Innenräumen, für Meldereinzelkennung, mit bidirektionalem Kurzschlussisolator DIN EN 54-17, in Aufputzausführung, Gehäuse aus Isolierstoff, mit graviertem Bezeichnungsschild, DIN 1450 als Signalisationstext, einschl. Schild Außer-Betrieb DIN VDE ;60,0;St;gaeb;Leistungsverzeichnis/26-86233 Leistungsverzeichnis Version 2.X83
120;Ein-/Ausgabebaustein, Anschluss in Bustechnik, mit 2 Ausgängen, potentialfrei, nicht überwacht, einschl. Parametrierung von mind. 5 logischen Verknüpfungen je Ausgang/Kontakt, mit 2 Eingängen, potentialfrei, überwacht, einschl. Parametrierung von mind. 5 logischen Verknüpfungen je Eingang/Kontakt, E;21,0;St;gaeb;Leistungsverzeichnis/26-86233 Leistungsverzeichnis Version 2.X83
130;Ein-/Ausgabebaustein, Anschluss in Bustechnik, mit 2 Ausgängen, potentialfrei, nicht überwacht, einschl. Parametrierung von mind. 5 logischen Verknüpfungen je Ausgang/Kontakt, mit 2 Eingängen, potentialfrei, überwacht, einschl. Parametrierung von mind. 5 logischen Verknüpfungen je Eingang/Kontakt, E;23,0;St;gaeb;Leistungsverzeichnis/26-86233 Leistungsverzeichnis Version 2.X83
140;Ansaugrauchmelder, DIN EN 54-20, mit einem Messsystem, Klasse C (übliche Empfindlichkeit), für Meldereinzelkennung, mit bidirektionalem Kurzschlussisolator DIN EN 54-17, Übertragung aller Alarm- und Störmeldungen an Brandmelderzentrale, mit halogenfreiem Ansaugrohrsystem mit allen Formstücken, Endka;3,0;St;gaeb;Leistungsverzeichnis/26-86233 Leistungsverzeichnis Version 2.X83
150;Linearer optischer Rauchmelder, DIN EN 54-12, Sender-, Empfängerbaugruppe mit Reflektor, für Meldereinzelkennung, mit bidirektionalem Kurzschlussisolator DIN EN 54-17, für trockene Räume, Messstrecke bis 20 m, in Aufputzausführung, mit graviertem Bezeichnungsschild, DIN 1450 als Signalisationstext, ;2,0;St;gaeb;Leistungsverzeichnis/26-86233 Leistungsverzeichnis Version 2.X83
160;Signalgeber, optisch, Übertragungsweg überwacht, für Alarmierungseinrichtung einer Brandmeldeanlage, DIN EN 54-23, Gefahrensignal, als Blinkleuchte, Lichtfarbe rot, Blinkfrequenz 0,5 Hz, Typ A (für die Anwendung in Gebäuden), für Deckenmontage, Kategorie C, Anbauhöhe bis 3 m bei Deckenmontage, Durch;20,0;St;gaeb;Leistungsverzeichnis/26-86233 Leistungsverzeichnis Version 2.X83
170;Signalgeber, optisch, Übertragungsweg überwacht, für Alarmierungseinrichtung einer Brandmeldeanlage, DIN EN 54-23, Gefahrensignal, als Blinkleuchte, Lichtfarbe rot, Blinkfrequenz 0,5 Hz, Typ A (für die Anwendung in Gebäuden), für Wandmontage, Kategorie O,;320,0;St;gaeb;Leistungsverzeichnis/26-86233 Leistungsverzeichnis Version 2.X83
180;Energieversorgungseinheit DIN EN 54-4, mit Störmeldeanzeige am Gerät und Weiterleitung an die Zentrale, zur Versorgung von Alarmierungseinrichtugen für Brand, Überbrückungszeit wie Zentrale, Bemessungsbetriebsspannung wie Zentrale, Bemessungsbetriebsstrom 5 A, Gehäuse für Aufputzmontage, Ausführung ;18,0;St;gaeb;Leistungsverzeichnis/26-86233 Leistungsverzeichnis Version 2.X83
190;Beistellen von Personal für den Probebetrieb der Gebäude- und Anlagenautomation, Vergütung des Sachverständigen durch gesonderten Vertrag.;16,0;h;gaeb;Leistungsverzeichnis/26-86233 Leistungsverzeichnis Version 2.X83
200;Programmierung von zusätzlichen Freitexten als Ergänzung zu Meldergruppen- und Melder-Anzeigen, zur Anzeige in Brandemelderzentrale (BMZ), bis max. 20 Zeichen, Anzahl der Texte entsprechend aller Melder und aller definierten Gruppen (z. B. Melder-, Steuergruppen), Textvorlage als elektronische Textd;20,0;St;gaeb;Leistungsverzeichnis/26-86233 Leistungsverzeichnis Version 2.X83
210;Neben dem VOB beschriebenen Umfang bezgl. der Dokumentation sind folgende, weitere Leistungen zu liefern und entsprechend zu übergeben:;1,0;St;gaeb;Leistungsverzeichnis/26-86233 Leistungsverzeichnis Version 2.X83
220;Stundenlohnarbeiten durch Techniker/-in;8,0;h;gaeb;Leistungsverzeichnis/26-86233 Leistungsverzeichnis Version 2.X83
230;Stundenlohnarbeiten durch Techniker/-in;10,0;h;gaeb;Leistungsverzeichnis/26-86233 Leistungsverzeichnis Version 2.X83
240;Stundenlohnarbeiten durch Facharbeiter/-in;10,0;h;gaeb;Leistungsverzeichnis/26-86233 Leistungsverzeichnis Version 2.X83
250;Abnahme der Brandmeldeanlage mit Feuerwehr;1,0;St;gaeb;Leistungsverzeichnis/26-86233 Leistungsverzeichnis Version 2.X83
260;- Einweisung;1,0;St;gaeb;Leistungsverzeichnis/26-86233 Leistungsverzeichnis Version 2.X83
270;auf Grund bauseits beigestellter,;1,0;St;gaeb;Leistungsverzeichnis/26-86233 Leistungsverzeichnis Version 2.X83
10;Ex-Steckvorrichtung, Ausführung gemäß Einzelbeschreibung,;4,0;St;gaeb;Leistungsverzeichnis/26-86233 Leistungsverzeichnis Version 2.X83
20;Ex-Installationstaster, Ausführung gemäß Einzelbeschreibung,;4,0;St;gaeb;Leistungsverzeichnis/26-86233 Leistungsverzeichnis Version 2.X83
30;Ex-Installationstaster, Ausführung gemäß Einzelbeschreibung,;4,0;St;gaeb;Leistungsverzeichnis/26-86233 Leistungsverzeichnis Version 2.X83
40;Ex-Abzweigdose, Ausführung gemäß Einzelbeschreibung,;3,0;St;gaeb;Leistungsverzeichnis/26-86233 Leistungsverzeichnis Version 2.X83
50;Anbauleuchte, Bauform rechteckig,;8,0;St;gaeb;Leistungsverzeichnis/26-86233 Leistungsverzeichnis Version 2.X83
60;Ex-ATEX eigensicherer optisch-akustischer Signalgeber, 102 dB(A), IP 65, 24 V DC,;4,0;St;gaeb;Leistungsverzeichnis/26-86233 Leistungsverzeichnis Version 2.X83
70;Eigensicherer Multisensormelder nach dem Streulichtprinzip zur Erkennung von Schwelbränden und offenen Bränden mit Rauchentwicklung sowie nach dem Thermodifferenzialprinzip zur Erkennung von Bränden mit schneller Temperaturentwicklung oder Überschreiten einer Maximaltemperatur.;4,0;St;gaeb;Leistungsverzeichnis/26-86233 Leistungsverzeichnis Version 2.X83
80;Zündfunkenfreie Ex-Potentialausgleichsschiene;1,0;St;gaeb;Leistungsverzeichnis/26-86233 Leistungsverzeichnis Version 2.X83
90;Bandrohrschelle für Ex-Bereiche NIRO Zone 2/22 Rohr D (27-89mm);1,0;St;gaeb;Leistungsverzeichnis/26-86233 Leistungsverzeichnis Version 2.X83
100;Potentialausgleichsklemme für Kabeltragsyteme;1,0;St;gaeb;Leistungsverzeichnis/26-86233 Leistungsverzeichnis Version 2.X83
110;Potentialausgleichsplatte für Kabeltragsyteme;1,0;St;gaeb;Leistungsverzeichnis/26-86233 Leistungsverzeichnis Version 2.X83
120;Prüfung vor erstmaliger Inbetriebnahme der ausgeführten Elektroinstallationen in den explosionsgeschützten Bereichen (§15 in Verbindung mit Anhang 2 Abschn. 3 Nr. 4.1 BetrSichV) durch eine zugelassene Überwachungsstelle für Explosionsschutz.;1,0;psch;gaeb;Leistungsverzeichnis/26-86233 Leistungsverzeichnis Version 2.X83
130;Abnahme der ausgeführten elektrotechnischen Anlagen  in den explosionsgeschützten Bereichen durch einen zugelassenen Sachverständigen (TÜV, ERG, DEKRA etc.).;1,0;psch;gaeb;Leistungsverzeichnis/26-86233 Leistungsverzeichnis Version 2.X83
10;Fangspitzen;2,0;St;gaeb;Leistungsverzeichnis/26-86233 Leistungsverzeichnis Version 2.X83
20;Fangleitung DIN EN IEC 62561-2 (VDE 0185-561-2), aus Aluminium, Rd 8, auf flachem Dach, begrünt, mit Standfuß aus Beton.;670,0;m;gaeb;Leistungsverzeichnis/26-86233 Leistungsverzeichnis Version 2.X83
30;Hochspannungsfeste isolierte Ableitung, äquivalenter Trennungsabstand in Luft mind. 0,45 m, Blitzstoßstrom (10/350) mind. 100 kA, Blitzprüfstrom 10/350 mys, witterungsbeständig und UV-stabilisiert, Anschlusselemente aus nichtrostendem Stahl, einschl. Befestigungs- und Klemmmittel, auf flachem Dach, ;50,0;m;gaeb;Leistungsverzeichnis/26-86233 Leistungsverzeichnis Version 2.X83
40;Rohrfangstange DIN EN IEC 62561-2 (VDE 0185-561-2), aus Aluminiumlegierung, verjüngt, Rd 16/Rd 10, Länge 3000 mm, auf flachem Dach, begrünt, äquivalenter Trennungsabstand in Luft mind. 0,45 m, mit Standfuß aus Beton, mit Kunststoff-Unterlegplatte.;15,0;St;gaeb;Leistungsverzeichnis/26-86233 Leistungsverzeichnis Version 2.X83
50;Rohrfangstange DIN EN IEC 62561-2 (VDE 0185-561-2), aus Aluminiumlegierung, verjüngt, Rd 16/Rd 10, Länge 3500 mm, auf flachem Dach, begrünt, äquivalenter Trennungsabstand in Luft mind. 0,45 m, mit Standfuß aus Beton, mit Kunststoff-Unterlegplatte.;2,0;St;gaeb;Leistungsverzeichnis/26-86233 Leistungsverzeichnis Version 2.X83
60;Rohrfangstange DIN EN IEC 62561-2 (VDE 0185-561-2), aus Aluminiumlegierung, verjüngt, Rd 16/Rd 10, Länge 4000 mm, auf flachem Dach, begrünt, äquivalenter Trennungsabstand in Luft mind. 0,45 m, mit Standfuß aus Beton, mit Kunststoff-Unterlegplatte.;1,0;St;gaeb;Leistungsverzeichnis/26-86233 Leistungsverzeichnis Version 2.X83
70;Anschluss- und Verbindungsleitung, DIN EN IEC 62561-2 (VDE 0185-561-2), aus nichtrostendem Stahl, Rd 8, Werkstoff-Nr 1.4571, einschl. Halter, an Attiken.;40,0;m;gaeb;Leistungsverzeichnis/26-86233 Leistungsverzeichnis Version 2.X83
80;Anschluss- und Verbindungsleitung, DIN EN IEC 62561-2 (VDE 0185-561-2), aus nichtrostendem Stahl, Rd 8, Werkstoff-Nr 1.4571, einschl. Halter, an haustechnischen Anlagen.;40,0;m;gaeb;Leistungsverzeichnis/26-86233 Leistungsverzeichnis Version 2.X83
90;Anschluss- und Verbindungsleitung, DIN EN IEC 62561-2 (VDE 0185-561-2), aus nichtrostendem Stahl, Rd 8, Werkstoff-Nr 1.4571, einschl. Halter, an Metallkonstruktionen.;40,0;m;gaeb;Leistungsverzeichnis/26-86233 Leistungsverzeichnis Version 2.X83
100;Anschluss- und Verbindungsleitung, DIN EN IEC 62561-2 (VDE 0185-561-2), aus nichtrostendem Stahl, Rd 8, Werkstoff-Nr 1.4571, einschl. Halter, an Fassadenelementen und Außenabschirmungen aus Metall.;40,0;m;gaeb;Leistungsverzeichnis/26-86233 Leistungsverzeichnis Version 2.X83
110;Verbinder, DIN EN IEC 62561-1 (VDE 0185-561-1), Klasse H für hohe Belastung, für Kreuzverbindungen, aus nichtrostendem Stahl, mit Zwischenplatte.;60,0;St;gaeb;Leistungsverzeichnis/26-86233 Leistungsverzeichnis Version 2.X83
120;Verbinder, DIN EN IEC 62561-1 (VDE 0185-561-1), Klasse H für hohe Belastung, für T-Verbindungen, aus nichtrostendem Stahl, mit Zwischenplatte.;100,0;St;gaeb;Leistungsverzeichnis/26-86233 Leistungsverzeichnis Version 2.X83
130;Verbinder, DIN EN IEC 62561-1 (VDE 0185-561-1), Klasse H für hohe Belastung, aus nichtrostendem Stahl, mit Zwischenplatte.;20,0;St;gaeb;Leistungsverzeichnis/26-86233 Leistungsverzeichnis Version 2.X83
140;Verbinder, DIN EN IEC 62561-1 (VDE 0185-561-1), Klasse H für hohe Belastung, aus Aluminium, mit Zwischenplatte.;40,0;St;gaeb;Leistungsverzeichnis/26-86233 Leistungsverzeichnis Version 2.X83
150;Klemme, DIN EN IEC 62561-1 (VDE 0185-561-1), Klasse H für hohe Belastung, aus feuerverzinktem Stahl, für Rd 8, mit Treibschrauben und Gegenplatte, Klemmbereich für Flachteile bis 6 mm.;250,0;St;gaeb;Leistungsverzeichnis/26-86233 Leistungsverzeichnis Version 2.X83
160;Überbrückungsbauteil, DIN EN IEC 62561-1 (VDE 0185-561-1), Klasse H für hohe Belastung, als Lasche aus Kupfer, Länge bis 200 mm.;20,0;St;gaeb;Leistungsverzeichnis/26-86233 Leistungsverzeichnis Version 2.X83
170;Überbrückungsbauteil, DIN EN IEC 62561-1 (VDE 0185-561-1), Klasse H für hohe Belastung, als Band aus Kupfer, Länge bis 200 mm.;50,0;St;gaeb;Leistungsverzeichnis/26-86233 Leistungsverzeichnis Version 2.X83
180;Überbrückungsbauteil, DIN EN IEC 62561-1 (VDE 0185-561-1), Klasse H für hohe Belastung, als Seil aus Kupfer, Länge bis 200 mm.;40,0;St;gaeb;Leistungsverzeichnis/26-86233 Leistungsverzeichnis Version 2.X83
190;Ausdehnungsstück Klasse H für hohe Belastung, DIN EN IEC 62561-1 (VDE 0185-561-1), für Fangeinrichtung, als Band, aus nichtrostendem Stahl, Länge bis 200 mm.;20,0;St;gaeb;Leistungsverzeichnis/26-86233 Leistungsverzeichnis Version 2.X83
200;Verbindung mit Schrauben, aus nichtrostendem Stahl, einschl. bohren und Gewinde schneiden.;30,0;St;gaeb;Leistungsverzeichnis/26-86233 Leistungsverzeichnis Version 2.X83
210;Schweißverbindung herstellen.;20,0;St;gaeb;Leistungsverzeichnis/26-86233 Leistungsverzeichnis Version 2.X83
220;Dehnungsstück;36,0;St;gaeb;Leistungsverzeichnis/26-86233 Leistungsverzeichnis Version 2.X83
230;Trennstück DIN EN IEC 62561-1 (VDE 0185-561-1), Klasse H für hohe Belastung, aus nichtrostendem Stahl, Klemmbereich Rd 8-10/Rd 8-10.;42,0;St;gaeb;Leistungsverzeichnis/26-86233 Leistungsverzeichnis Version 2.X83
240;Nummernschild mit dauerhafter witterungsbeständiger Beschriftung.;42,0;St;gaeb;Leistungsverzeichnis/26-86233 Leistungsverzeichnis Version 2.X83
250;Risikoanalyse sowie;1,0;psch;gaeb;Leistungsverzeichnis/26-86233 Leistungsverzeichnis Version 2.X83
260;Prüfung DIN EN 62305-3 Beiblatt 3 (VDE 0185-305-3 Beiblatt 3).;1,0;St;gaeb;Leistungsverzeichnis/26-86233 Leistungsverzeichnis Version 2.X83
270;Messbericht DIN EN 62305-3 Beiblatt 3 (VDE 0185-305-3 Beiblatt 3).;1,0;St;gaeb;Leistungsverzeichnis/26-86233 Leistungsverzeichnis Version 2.X83
280;Die Abnahme der Erdungs- und Blitzschutzanlage ist;1,0;psch;gaeb;Leistungsverzeichnis/26-86233 Leistungsverzeichnis Version 2.X83
10;Brandschutzabschottung an Kabel-/Leitungsanlagen als Mineralwolleplattenschott, Feuerwiderstandsklasse S 90 DIN 4102-9, mit allgemeinem bauaufsichtlichen Prüfzeugnis/allgemeiner bauaufsichtlicher Zulassung, eckiger Durchbruch, Querschnitt über 0,02 bis 0,05 m2, Baustoffklasse DIN 4102-1 A (nichtbren;15,0;St;gaeb;Leistungsverzeichnis/26-86233 Leistungsverzeichnis Version 2.X83
20;Brandschutzabschottung an Kabel-/Leitungsanlagen als Mineralwolleplattenschott, Feuerwiderstandsklasse S 90 DIN 4102-9, mit allgemeinem bauaufsichtlichen Prüfzeugnis/allgemeiner bauaufsichtlicher Zulassung, eckiger Durchbruch, Querschnitt über 0,05 bis 0,1 m2, Baustoffklasse DIN 4102-1 A (nichtbrenn;48,0;St;gaeb;Leistungsverzeichnis/26-86233 Leistungsverzeichnis Version 2.X83
30;Brandschutzabschottung an Kabel-/Leitungsanlagen als Mineralwolleplattenschott, Feuerwiderstandsklasse S 90 DIN 4102-9, mit allgemeinem bauaufsichtlichen Prüfzeugnis/allgemeiner bauaufsichtlicher Zulassung, eckiger Durchbruch, Querschnitt über 0,1 bis 0,2 m2, Baustoffklasse DIN 4102-1 A (nichtbrennb;13,0;St;gaeb;Leistungsverzeichnis/26-86233 Leistungsverzeichnis Version 2.X83
40;Brandschutzabschottung an Kabel-/Leitungsanlagen als Mineralwolleplattenschott, Feuerwiderstandsklasse S 90 DIN 4102-9, mit allgemeinem bauaufsichtlichen Prüfzeugnis/allgemeiner bauaufsichtlicher Zulassung, eckiger Durchbruch, Querschnitt über 0,1 bis 0,2 m2, Baustoffklasse DIN 4102-1 A (nichtbrennb;2,0;St;gaeb;Leistungsverzeichnis/26-86233 Leistungsverzeichnis Version 2.X83
50;Brandschutzabschottung an Kabel-/Leitungsanlagen als Mineralwolleplattenschott, Feuerwiderstandsklasse S 90 DIN 4102-9, mit allgemeinem bauaufsichtlichen Prüfzeugnis/allgemeiner bauaufsichtlicher Zulassung, eckiger Durchbruch, Querschnitt über 0,2 bis 0,3 m2, Baustoffklasse DIN 4102-1 A (nichtbrennb;22,0;St;gaeb;Leistungsverzeichnis/26-86233 Leistungsverzeichnis Version 2.X83
60;Brandschutzabschottung an Kabel-/Leitungsanlagen als Mineralwolleplattenschott, Feuerwiderstandsklasse S 90 DIN 4102-9, mit allgemeinem bauaufsichtlichen Prüfzeugnis/allgemeiner bauaufsichtlicher Zulassung, eckiger Durchbruch, Querschnitt über 0,2 bis 0,3 m2, Baustoffklasse DIN 4102-1 A (nichtbrennb;5,0;St;gaeb;Leistungsverzeichnis/26-86233 Leistungsverzeichnis Version 2.X83
70;Brandschutzabschottung an Kabel-/Leitungsanlagen als Mineralwolleplattenschott, Feuerwiderstandsklasse S 90 DIN 4102-9, mit allgemeinem bauaufsichtlichen Prüfzeugnis/allgemeiner bauaufsichtlicher Zulassung, eckiger Durchbruch, Querschnitt über 0,3 bis 0,4 m2, Baustoffklasse DIN 4102-1 A (nichtbrennb;5,0;St;gaeb;Leistungsverzeichnis/26-86233 Leistungsverzeichnis Version 2.X83
80;Brandschutzabschottung an Kabel-/Leitungsanlagen als Mineralwolleplattenschott, Feuerwiderstandsklasse S 90 DIN 4102-9, mit allgemeinem bauaufsichtlichen Prüfzeugnis/allgemeiner bauaufsichtlicher Zulassung, eckiger Durchbruch, Querschnitt über 0,4 bis 0,5 m2, Baustoffklasse DIN 4102-1 A (nichtbrennb;4,0;St;gaeb;Leistungsverzeichnis/26-86233 Leistungsverzeichnis Version 2.X83
90;Brandschutzabschottung an Kabel-/Leitungsanlagen als Mineralwolleplattenschott, Feuerwiderstandsklasse S 90 DIN 4102-9, mit allgemeinem bauaufsichtlichen Prüfzeugnis/allgemeiner bauaufsichtlicher Zulassung, eckiger Durchbruch, Querschnitt über 0,5 bis 0,6 m2, Baustoffklasse DIN 4102-1 A (nichtbrennb;1,0;St;gaeb;Leistungsverzeichnis/26-86233 Leistungsverzeichnis Version 2.X83
100;Brandschutzabschottung an Kabel-/Leitungsanlagen als Mineralwolleplattenschott, Feuerwiderstandsklasse S 90 DIN 4102-9, mit allgemeinem bauaufsichtlichen Prüfzeugnis/allgemeiner bauaufsichtlicher Zulassung, eckiger Durchbruch, Querschnitt über 0,6 bis 0,7 m2, Baustoffklasse DIN 4102-1 A (nichtbrennb;11,0;St;gaeb;Leistungsverzeichnis/26-86233 Leistungsverzeichnis Version 2.X83
10;Baustromverteiler DIN EN 61439-4 (VDE 0660-600-4), als Gruppenverteiler, Bedienung durch elektrotechnischen Laien, mit Berührungsschutzabdeckung DIN EN 50274 (VDE 0660-514), Gehäuse aus verzinktem Stahl, lackiert, Schutzklasse II,;2,0;St;gaeb;Leistungsverzeichnis/26-86233 Leistungsverzeichnis Version 2.X83
20;Baustromverteiler DIN EN 61439-4 (VDE 0660-600-4), als Kleinverteiler, Bedienung durch elektrotechnischen Laien, mit Berührungsschutzabdeckung DIN EN 50274 (VDE 0660-514), Gehäuse aus nichtrostendem Stahl, lackiert, Schutzklasse II,;12,0;St;gaeb;Leistungsverzeichnis/26-86233 Leistungsverzeichnis Version 2.X83
30;Baustromverteiler DIN EN 61439-4 (VDE 0660-600-4), als Kleinverteiler, Bedienung durch elektrotechnischen Laien, mit Berührungsschutzabdeckung DIN EN 50274 (VDE 0660-514), Gehäuse aus nichtrostendem Stahl, lackiert, Schutzklasse II,;3,0;St;gaeb;Leistungsverzeichnis/26-86233 Leistungsverzeichnis Version 2.X83
40;Erdung als Staberder, DIN EN IEC 62561-2 (VDE 0185-561-2), einteilig, aus feuerverzinktem Stahl, außerhalb von Gebäuden, Durchmesser 20 mm, Gesamtlänge 2,5 m, Ausführung gemäß Einzelbeschreibung,;2,0;St;gaeb;Leistungsverzeichnis/26-86233 Leistungsverzeichnis Version 2.X83
50;Anschluss innerhalb der Baustelleneinrichtung für die Baustromversorgung der Baulichkeiten der Baustelle, herstellen und räumen, Ausführung gemäß Einzelbeschreibung,;8,0;St;gaeb;Leistungsverzeichnis/26-86233 Leistungsverzeichnis Version 2.X83
60;Gummischlauchleitung DIN EN 50525-2-21 (VDE 0285-525-2-21) H07RN-F 5 G 25, Cu-Zahl 1200, Ausführung gemäß Einzelbeschreibung,;60,0;m;gaeb;Leistungsverzeichnis/26-86233 Leistungsverzeichnis Version 2.X83
70;Kabel DIN VDE 0276-603 (VDE 0276-603) NYY-O 1 x 25 RM, Cu-Zahl 240, Ausführung gemäß Einzelbeschreibung,;60,0;m;gaeb;Leistungsverzeichnis/26-86233 Leistungsverzeichnis Version 2.X83
80;Gummischlauchleitung DIN EN 50525-2-21 (VDE 0285-525-2-21) H07RN-F 5 G 1,5, Cu-Zahl 72, Ausführung gemäß Einzelbeschreibung,;250,0;m;gaeb;Leistungsverzeichnis/26-86233 Leistungsverzeichnis Version 2.X83
90;Gummischlauchleitung DIN EN 50525-2-21 (VDE 0285-525-2-21) H07RN-F 3 G 1,5, Cu-Zahl 43, Ausführung gemäß Einzelbeschreibung,;540,0;m;gaeb;Leistungsverzeichnis/26-86233 Leistungsverzeichnis Version 2.X83
100;Wippschalter DIN EN 60669-1 (VDE 0632-1) einpolig, Aus, 10 A, 250 V AC, in Aufputzgehäuse, Schutzart IP 65 DIN EN 60529 (VDE 0470-1), Einsatz mit Schrauben befestigen, Ausführung gemäß Einzelbeschreibung,;12,0;St;gaeb;Leistungsverzeichnis/26-86233 Leistungsverzeichnis Version 2.X83
110;Verbindungsdose DIN EN IEC 60670-1 (VDE 0606-1) aus Kunststoff, Innendurchmesser 80 mm, Tiefe mind. 65 mm, mit Deckel mit Schraubbefestigung, Schutzart IP 54 DIN EN 60529 (VDE 0470-1), mit 5 Klemmen 4 mm2, Aufputz, Ausführung gemäß Einzelbeschreibung,;40,0;St;gaeb;Leistungsverzeichnis/26-86233 Leistungsverzeichnis Version 2.X83
120;Anbauleuchte,;145,0;St;gaeb;Leistungsverzeichnis/26-86233 Leistungsverzeichnis Version 2.X83
130;Ver- und Entsorgungseinrichtungen warten und gem. DGUV Vorschrift 3 und DIN VDE 0100 prüfen und dokumentieren, monatlich.;24,0;Mt;gaeb;Leistungsverzeichnis/26-86233 Leistungsverzeichnis Version 2.X83
10;Stundenlohnarbeiten durch Ingenieur/-in;30,0;h;gaeb;Leistungsverzeichnis/26-86233 Leistungsverzeichnis Version 2.X83
20;Stundenlohnarbeiten durch Projektleiter/-in;30,0;h;gaeb;Leistungsverzeichnis/26-86233 Leistungsverzeichnis Version 2.X83
30;Stundenlohnarbeiten durch Programmierer/-in;30,0;h;gaeb;Leistungsverzeichnis/26-86233 Leistungsverzeichnis Version 2.X83
40;Stundenlohnarbeiten durch Obermonteur/-in;50,0;h;gaeb;Leistungsverzeichnis/26-86233 Leistungsverzeichnis Version 2.X83
50;Stundenlohnarbeiten durch Monteur/-in;100,0;h;gaeb;Leistungsverzeichnis/26-86233 Leistungsverzeichnis Version 2.X83
60;Stundenlohnarbeiten durch Helfer/-in;50,0;h;gaeb;Leistungsverzeichnis/26-86233 Leistungsverzeichnis Version 2.X83
10;Funkfeldmessung im Rohbau;1,0;psch;gaeb;Leistungsverzeichnis/26-86233 Leistungsverzeichnis Version 2.X83
10;Nach Vergabe der Leistungen werden durch das Technische Monitoring Workshops zur Planung und Abstimmung der Inbetriebnahme und Probebetriebe durchgeführt.;2,0;St;gaeb;Leistungsverzeichnis/26-86233 Leistungsverzeichnis Version 2.X83
20;Im Zuge der Werk- und Montageplanung bzw. spätestens 3;1,0;St;gaeb;Leistungsverzeichnis/26-86233 Leistungsverzeichnis Version 2.X83
30;Die Inbetriebsetzung/Inbetriebnahme erfolgt anhand von Checklisten, die der AN erstellt und mit dem AG einmalig, ca. 3 Monate vor Beginn Inbetriebnahme, abstimmt.;1,0;St;gaeb;Leistungsverzeichnis/26-86233 Leistungsverzeichnis Version 2.X83
40;Der AN hat die planungskonformen Funktionen der Anlage und;4,0;Wo;gaeb;Leistungsverzeichnis/26-86233 Leistungsverzeichnis Version 2.X83
50;Der AN hat die Funktionsfähigkeit der technischen Ausrüstung;2,0;d;gaeb;Leistungsverzeichnis/26-86233 Leistungsverzeichnis Version 2.X83
60;Der AN hat den Betrieb der kompletten im Leistungsverzeichnis;2,0;Wo;gaeb;Leistungsverzeichnis/26-86233 Leistungsverzeichnis Version 2.X83
70;Der AN hat den Betrieb der kompletten im Leistungsverzeichnis und in seinem Auftragsverhältnis enthaltenen Anlagen für die aufgeführte Dauer nach erfolgter VOB-Abnahme anzubieten.;8,0;Wo;gaeb;Leistungsverzeichnis/26-86233 Leistungsverzeichnis Version 2.X83
