Pos.;Leistung;Menge;Einheit;Quelle;Datei
0010;Schnurgerüst rings um die Baugrube, standsicher verstrebt, aufstellen und wieder abbauen. Die durchgehend angeordneten Horizontalbohlen zum Einschneiden für den Geometer müssen absolut  waagerecht und mindestens 1,00 m über Gelände angebracht werden. Es darf erst nach erfolgtem Anlegen sämtlicher Um;1,0;psch;gaeb;sonstiges/26E30281.X83
0010;Boden für Baugrube, ab Geländeoberfläche,;20300,0;m3;gaeb;sonstiges/26E30281.X83
0020;Boden für Streifenfundament, ab Baugrubensohle,;190,0;m3;gaeb;sonstiges/26E30281.X83
0030;Boden für Einzelfundament, ab Baugrubensohle,;19,0;m3;gaeb;sonstiges/26E30281.X83
0040;Boden für Einzelfundament, ab Baugrubensohle,;11,0;m3;gaeb;sonstiges/26E30281.X83
0050;Boden für Einzelfundament, ab Baugrubensohle,;18,0;m3;gaeb;sonstiges/26E30281.X83
0060;Boden für Unterfahrt Personenaufzug profilgerecht ausheben mit Böschungswänden herstellen. Aushub in der Baugrube;15,0;m3;gaeb;sonstiges/26E30281.X83
0070;Boden für Vertiefung des Pumpensumpes profilgerecht ausheben mit Böschungswänden herstellen. Aushub in der Baugrube bis ca. 100m lagern. Rücktransport zum Verfüllen und verdichten. Verfüllen mit schichtweiser Verdichtung auf dpr 98% sind einzukalkulieren. Verdrängten Boden abfahren und vorschriftsmä;11,0;m3;gaeb;sonstiges/26E30281.X83
0080;Erdaushubarbeiten im Bereich der Baugrubenböschung / Geothermiesonden als Zulage.;4,0;St;gaeb;sonstiges/26E30281.X83
0090;Schutzabdeckung von bauseitig vorhandenen Sondenköpfen (Geothermiesonden) aus KG-Rohren DN 200 und DN 300.;4,0;St;gaeb;sonstiges/26E30281.X83
0100;Bau- und Abbruchabfälle, Boden, Steine und Baggergut,;15000,0;t;gaeb;sonstiges/26E30281.X83
0110;Bau- und Abbruchabfälle, Boden, Steine und Baggergut,;2100,0;t;gaeb;sonstiges/26E30281.X83
0120;Bau- und Abbruchabfälle, Boden, Steine und Baggergut,;2100,0;t;gaeb;sonstiges/26E30281.X83
0130;Bau- und Abbruchabfälle, Boden, Steine und Baggergut,;2100,0;t;gaeb;sonstiges/26E30281.X83
0140;Schottertragschicht, Verdichtungsgrad mind. DPr 1, aus Baustoffgemisch für Schottertragschicht, natürliche Gesteinskörnung TL Gestein, Körnung 0/32, Schichtdicke über 25 bis 30 cm, Arbeiten mit Gerät.;740,0;m3;gaeb;sonstiges/26E30281.X83
0150;Sauberkeitsschicht, Füllstoff, liefern, profilgerecht einbauen und verdichten, in Baugruben, Verdichtungsgrad mind. DPr 0,95, Schichtdicke 5 cm, zulässige Abweichung von der Sollhöhe +/- 2 cm, Boden, mit einer Bodengruppe, Bodengruppe 1 GE DIN 18196 (enggestufter Kies).;2700,0;m2;gaeb;sonstiges/26E30281.X83
0160;Kontrollprüfung ZTV LW auf besondere Anordnung des AG für Tragschicht ohne Bindemittel Prüfung für Verformungsmodul, mit statischem Lastplattendruckversuch DIN 18134.;10,0;St;gaeb;sonstiges/26E30281.X83
0170;Planum in Baugrube herstellen, zulässige Abweichung von der Sollhöhe +/- 2 cm, Verformungsmodul mind. EV2 60 MPa.;2700,0;m2;gaeb;sonstiges/26E30281.X83
0180;Böschungssicherung als Erosionsschutz, aus Gewebe aus Jute, Überlappungsbreite mind. 20 cm, Befestigung mit Drahtbügeln, Länge 25 cm, Menge 2 bis 3 Stück/m2, Neigung der Böschung über 1:4 bis 1:2, einbauen und vor der Baugrubenverfüllung ausbauen.;2070,0;m2;gaeb;sonstiges/26E30281.X83
0190;Die Böschungssicherung bis zur Verfüllung des Arbeitsraumes Instandhalten, die Standhaftigkeit kontrollieren und Instandhalten.;2070,0;m2;gaeb;sonstiges/26E30281.X83
0200;Böschungssicherung als Erosionsschutz, aus Gewebe aus Jute, Überlappungsbreite mind. 20 cm, Befestigung mit Drahtbügeln, Länge 25 cm, Menge 2 bis 3 Stück/m2, Neigung der Böschung über 1:4 bis 1:2, Ausführung gemäß Zeichnung,;24840,0;m2Mt;gaeb;sonstiges/26E30281.X83
0210;Arbeitsraum profilgerecht verfüllen, einschl. Stoffe verdichten, Verdichtungsgrad mind. DPr 0,97, Arbeiten mit Gerät, Einbauhöhe bis 5 m, Boden, auf der Baustelle gelagert, mit 3 Bodengruppen, Bodengruppe 1 SE DIN 18196 (enggestufter Sand), Bodengruppe 2 SU DIN 18196 (Sand-Schluff-Gemisch), Bodengru;7200,0;m3;gaeb;sonstiges/26E30281.X83
0010;Entfernen  von Bauschutt aus ehemaliger Bebauung im Bereich des Oberbodens und Boden Baugrube,als Zulage,   Schichtstärke ca. 40 cm.;1,0;m³;gaeb;sonstiges/26E30281.X83
0020;Zulage zu den Arbeiten Aushub Baugrube für Arbeiten in Handschachtung.;1,0;m³;gaeb;sonstiges/26E30281.X83
0030;Hindernis im Boden aus Beton im Zuge der Aushubarbeiten abbrechen.;1,0;m³;gaeb;sonstiges/26E30281.X83
0040;Bautreppenanlage aus Holz, für nichtöffentlichen Verkehr, gerader Lauf,;2,0;St;gaeb;sonstiges/26E30281.X83
0050;Bautreppenanlage aus Holz, für nichtöffentlichen Verkehr, als gerade Treppe,;104,0;StWo;gaeb;sonstiges/26E30281.X83
0010;Geräte, Werkzeuge und sonstige Betriebsmittel, die zur;1,0;psch;gaeb;sonstiges/26E30281.X83
0020;Baustelle von allen Geräten, Anlagen, Einrichtungen und;1,0;psch;gaeb;sonstiges/26E30281.X83
0030;Geräte, Werkzeuge und sonstige Betriebsmittel, die zur;1,0;psch;gaeb;sonstiges/26E30281.X83
0040;Baustelle von allen Geräten, Anlagen, Einrichtungen und;1,0;psch;gaeb;sonstiges/26E30281.X83
0010;Geräte für Stahlspundwand nach Unterlagen des AG ein-;1,0;St;gaeb;sonstiges/26E30281.X83
0020;Stahlspundbohlen einschl. erforderlicher Verbindungs-;31,0;t;gaeb;sonstiges/26E30281.X83
0030;Eckprofil nach statischen und konstruktiven Erfordernissen liefern und einbauen.;8,0;m;gaeb;sonstiges/26E30281.X83
0040;Stahlspundbohlen einschl. Eckverbindungen gemäß Leistungsbeschreibung einbringen.;245,0;m2;gaeb;sonstiges/26E30281.X83
0050;Geräte für Stahlspundwand nach Unterlagen des AG ein-;1,0;St;gaeb;sonstiges/26E30281.X83
0060;Spundwand aus Stahlspundbohlen.;245,0;m2;gaeb;sonstiges/26E30281.X83
0010;Geräte für Stahlspundwand nach Unterlagen des AG ein-;1,0;St;gaeb;sonstiges/26E30281.X83
0020;Stahlspundbohlen einschl. erforderlicher Verbindungs-;54,0;t;gaeb;sonstiges/26E30281.X83
0030;Stahlspundbohlen einschl. Eckverbindungen gemäß Leistungsbeschreibung einbringen.;432,0;m2;gaeb;sonstiges/26E30281.X83
0040;Geräte für Stahlspundwand nach Unterlagen des AG ein-;1,0;St;gaeb;sonstiges/26E30281.X83
0050;Spundwand aus Stahlspundbohlen.;432,0;m2;gaeb;sonstiges/26E30281.X83
0010;Geräte für Stahlspundwand nach Unterlagen des AG ein-;1,0;St;gaeb;sonstiges/26E30281.X83
0020;Stahlspundbohlen einschl. erforderlicher Verbindungs-;73,0;t;gaeb;sonstiges/26E30281.X83
0030;Eckprofil nach statischen und konstruktiven Erfordernissen liefern und einbauen.;9,0;m;gaeb;sonstiges/26E30281.X83
0040;Stahlspundbohlen einschl. Eckverbindungen gemäß Leistungsbeschreibung einbringen.;593,0;m2;gaeb;sonstiges/26E30281.X83
0050;Geräte für Stahlspundwand nach Unterlagen des AG ein-;1,0;St;gaeb;sonstiges/26E30281.X83
0060;Spundwand aus Stahlspundbohlen.;593,0;m2;gaeb;sonstiges/26E30281.X83
0010;Rammtrasse räumen für die Durchführung von Arbeiten zum Einbringen von Spundbohlen.;142,0;m;gaeb;sonstiges/26E30281.X83
0020;Kolonne zur Beseitigung von Hindernissen einsetzen.;10,0;h;gaeb;sonstiges/26E30281.X83
0030;Stillstandkosten Rammkolonne;10,0;h;gaeb;sonstiges/26E30281.X83
0040;Stillstandkosten Rammkolonne;10,0;h;gaeb;sonstiges/26E30281.X83
0010;Ausführungsplanung einer Wasserhaltungsanlage einschließlich Aufbereitungs-, und Leitungssystem sowie Kontrollpegeln bzw. Grundwassermessstellen sowie der Einleitstelle, einschließlich folgender Leistungen:;1,0;psch;gaeb;sonstiges/26E30281.X83
0020;Einholung einer Genehmigung für Rohrleitungs- und Bohrarbeiten im öffentlichen Straßenland einschl. der Antragsformulare zur Erlangung der Genehmigung der einzelnen Leitungsverwaltungen und Behörden. Abrechnung der Gebühren auf Nachweis Antragsteller ist der AG bzw. Bauherr;1,0;psch;gaeb;sonstiges/26E30281.X83
0030;Baustelle für sämtliche, in der Leistungsbeschreibung aufgeführten Leistungen einrichten und räumen, Großgeräte werden gesondert beschrieben.;1,0;psch;gaeb;sonstiges/26E30281.X83
0040;Zusätzliche An- und Abfahrt zwecks Umbau oder Teilrückbau der Grundwasserabsenkungsanlage, z. B. Verlängerung, Umlegung Sammelleitungen / Ableitungen.;3,0;St;gaeb;sonstiges/26E30281.X83
0050;Bohrgeräteeinheit für die Herstellung von Tiefbrunnen mit einen Durchmesser bis zu 600 mm, Bohrlängen bis 15 m an- und abtransportieren, einschl. Abbau und Aufbau, einschl. aller erforderlichen Einrichtungen.;1,0;St;gaeb;sonstiges/26E30281.X83
0060;Tiefendrainagemaschine für die Herstellung der Tiefendrainage mit einer Tiefe von bis zu 7m an- und abtransportieren, einschl. Abbau und Aufbau, einschl. aller erfor derlichen Einrichtungen.;1,0;St;gaeb;sonstiges/26E30281.X83
0070;Anschluss an den bauseits kostenlos zur Verfügung gestellten Hauptbaustromanschluss jeweils bis max 50 Entfernung inkl. Anschluss auf die NH-Leiste sowie der Auf- und Abbau eines Schaltschrankes und die Verlegung der Verkabelung zur Pumpenanlage;1,0;St;gaeb;sonstiges/26E30281.X83
0080;Einmessen der Brunnen, Tiefendrainage und Grundwassermessstellen nach Lage und Höhe durch einen Vermesser.;1,0;psch;gaeb;sonstiges/26E30281.X83
0090;Anmeldung der Bohrungen (Brunnen und Messstellen) beim LBEG;1,0;psch;gaeb;sonstiges/26E30281.X83
0100;Installation einer Alarmierungsanlage zur 24-h Überwachung des Absenkziels, Pumpenbetrieb und Notstromeinsatz, einschließlich 24-h Rufbereitschaft auch an Sonn- und Feiertagen. Inkl. Vorhaltung eines Notdienstes zur Feststellung des möglichen Schadens bei Alarmierung. Notdienst fährt bei Alarmmeldun;1,0;St;gaeb;sonstiges/26E30281.X83
0010;Installation der Wasserhaltung Baugrube gemäß Vordimensionierung. Die Vordimensionierung berücksichtigt eine Wasserhaltungsanlage mit der Kombination von Tiefendrainage sowie Tiefbrunnen. Der Einsatz der Tiefendrainage führt zu Reduzierung des Absenktrichters und ist umzusetzen. Die Erschwernisse fü;1,0;psch;gaeb;sonstiges/26E30281.X83
0020;Auf- und Abbau eines zusätzlichen Schwerkraftbrunnen der Dimension DN 600/300 in Tiefen bis zu 15 m ab GOK. Einzukalkulieren sind:;1,0;St;gaeb;sonstiges/26E30281.X83
0030;Installation von bis zu 12 Stück von frequenzsteuerbare n U-Pumpe für Schwerkraftbrunnenanlage mit einer Förderleistung bis zu 25 m³/h und einer Förderhöhe bis max. 20 m inkl. Ein- und Ausbau einer Steigleitung DN 100 sowie des Elektrokabels bis Brunnenoberkante. Anschluss an die vorhandene Sammel- ;1,0;psch;gaeb;sonstiges/26E30281.X83
0040;Installation einer Vakuumpumpanlage zum Anschluss der Tiefendrainage von bis zu 20 Stück Vakuumpumpen. Mit einer Förderleistung bis zu 90 m³/h und einer Förderhöhe bis max. 8 m. Anschluss der Tiefendrainage an die Vakuumpumpe. Anschluss der Vakuumpumpanlage an die Ablaufleitung sowie des Elektrokabe;1,0;psch;gaeb;sonstiges/26E30281.X83
0050;Verlegung von Ablaufleitungen aus SK-Rohren bis DN 200 ebenerdig und hindernisfrei zur Ableitung des geförderten Wassers. Einschließlich der Zuleitung Brunnen sowie Tiefendrainage, Pass- und Formstücke sowie der Wiederaufnahme nach Beendigung der Wasserhaltung.;200,0;lfdm;gaeb;sonstiges/26E30281.X83
0060;Vorhaltung, Warten und Betreiben von bis zu 12 Stück Tauchmotorpumpen mit einer jeweiligen Fördermenge von bis zu 25 m³/h bei 20 mWS. Abrechnung je Baugrube x Kalendertage.;180,0;t;gaeb;sonstiges/26E30281.X83
0070;Vorhaltung, Warten und Betreiben von bis zu 20 Stück Vakuumpumpen für die Tiefendrainage. Abrechnung je Baugrube und Kalendertag.;180,0;t;gaeb;sonstiges/26E30281.X83
0080;Vorhaltung, Warten und Betreiben von Ablaufleitungen bis DN 200 SK/Flansch pro Meter;36000,0;t;gaeb;sonstiges/26E30281.X83
0090;Vorhaltung, Warten und Betreiben von Wasserhaltungsmaterial, was nicht gesondert beschrieben ist, wie z.B. Ablaufleitungen, T-Stücke, Bögen, Schieber sowie einer E- Unterverteilung und Kleinmaterial.;180,0;t;gaeb;sonstiges/26E30281.X83
0100;Wöchentliche Wartung, einschließlich wöchentliche An- und Abfahrt zur Baustelle mittels Servicewagen und Monteur zur Wartung und Überprüfung der Wasserhaltungsanlage . Sichtkontrolle aller Anlagenteile, Wartung der Wasserhaltungsanlage, Erstellung eines Wartungsprotokolls. Anpassung und Justierung d;26,0;St;gaeb;sonstiges/26E30281.X83
0110;Räumung der Baustelle.;1,0;psch;gaeb;sonstiges/26E30281.X83
0010;Liefern, betriebsbereit installieren und wieder räumen einer Enteisenungsanlage mit einer Durchflussmenge bis 250 m³/h Eisengehalte von <20 mg/l abreinigen auf <= 2,00 mg/ltr des Grundwassers, einschließlich:;1,0;St;gaeb;sonstiges/26E30281.X83
0020;An- und Abtransport sowie Auf- und Abbau einer Druckerhöhungsstation mit einer Leistung von bis zu 250 m³/h mit Vorlagebehälter, frequenzgesteuerten Pumpen sowie die Installation der erforderlichen EMSR-Steuerung. Druckerhöhungsstation hinter der Enteisenungsanlage und vor der Ableitung zur Einleits;1,0;St;gaeb;sonstiges/26E30281.X83
0030;Entsorgung von Eisenschlämmen nach AVV 190902. Verrechnung auf Nachweis. Ink. An- und Abtransport der notwendigen Gerätschaften.;50,0;to;gaeb;sonstiges/26E30281.X83
0040;Vorhalten und Betreiben der Enteisenungsanlage bis 250 m³/h Eisengehalte von <20 mg/l abreinigen auf <= 1,00 mg/l Inkl. erforderlicher Wartung und Service der Anlage sowie aller erforderlicher Rückspülungen der Filter. Grundwasserqualität gemäß beiliegender 5 Grundwasseranalysen. einschließlich: - 2;180,0;t;gaeb;sonstiges/26E30281.X83
0050;Vorhaltung, Warten und Betreiben einer Pumpstation.;180,0;t;gaeb;sonstiges/26E30281.X83
0010;Verlegung einer aufgeständerten Ablaufleitung mit Flanschverbindungen bis zu DN 250. Einschließlich der Pass- und Formstücke sowie Rückbau nach Beendigung der Wasserhaltung. Auf- und Abbau von Stützen mit einer lichten Aufständerungshöhe von 4 m ab GOK. Statik wird bei Verlangen vorgelegt.;900,0;lfdm;gaeb;sonstiges/26E30281.X83
0020;Vorhaltung, Warten und Betreiben von aufgeständerten Rohrleitungen bis DN 250 pro Meter;162000,0;t;gaeb;sonstiges/26E30281.X83
0030;Herrichten einer erosionsbeständigen Einleitstelle für eine Einleitmenge von 250 m³/h in den Ofenerdieker Bäke einschl. aller erforderlichen Rohrleitungen und Armaturen. Vorhalten und Rückbau nach Ende der Wasserhaltung.;1,0;psch;gaeb;sonstiges/26E30281.X83
0010;"Erstellung eines Beweissicherungspegels mit einer Bohrung bis DN 150 sowie eines Ausbaus mittels 2"" PVC-Filter in Tiefen bis zu 6,0 m ab GOK inkl. Verschlussklappe für einen Funk-Datenlogger, die Installation eines GPRS- Datenloggers in den Pegel zur automatischen Aufzeichnung von Grundwasserständen";5,0;St;gaeb;sonstiges/26E30281.X83
0020;Vorhaltung, Warten und Betreiben der Datenlogger. Abrechnung je Kalendertag;900,0;t;gaeb;sonstiges/26E30281.X83
0030;Installation Wasseruhr bis DN 200;1,0;St;gaeb;sonstiges/26E30281.X83
0040;Vorhaltung, Warten und Betreiben einer Wasseruhr bis DN 200;180,0;t;gaeb;sonstiges/26E30281.X83
0050;Tägliche Dokumentation geförderter Grundwassermengen und Pegelstände anhand einer automatsichen Datenaufzeichnung mittels elektronischer Messtechnik. Übergabe des Wasserbuches einmal wöchentlich an den AG in tabellarischer Form (Excel/PDF);180,0;t;gaeb;sonstiges/26E30281.X83
0010;Installation und abschließende Räumung von ausreichenden Notstromaggregaten mit der erforderlichen Leistung für die Wasserhaltung für eine automatische Lastübernahme bei Netzausfall. An- und Abtransport zur Baustelle.;1,0;St;gaeb;sonstiges/26E30281.X83
0020;Vorhaltung, Warten und Betreiben eines Notstromaggregats mit der erforderlichen Leistung für eine automatische Lastübernahme bei Netzausfall für die Wasserhaltung. as Aggregat befindet sich im Stand-by-Modus;180,0;t;gaeb;sonstiges/26E30281.X83
0030;Gestellung einer ausreichend dimensionierten Notstromversorgung für die Enteisenungsanlage.;1,0;St;gaeb;sonstiges/26E30281.X83
0040;Vorhalten der Notstromanlage Enteisenungsanlage;180,0;t;gaeb;sonstiges/26E30281.X83
0050;Betreiben der Notstromanlage inkl. aller erforderlicher Betriebsmittel wie Diesel und Schmierstoffe. Abrechnung je Betriebsstunde.;10,0;h;gaeb;sonstiges/26E30281.X83
0010;Kolonnenstunden Großgerät für nicht vom Auftragnehmer zu vertretende Umstände.;10,0;h;gaeb;sonstiges/26E30281.X83
0020;Stundenlohnarbeiten je Facharbeiter;50,0;h;gaeb;sonstiges/26E30281.X83
0010;Druckwasserdichte Abdichtung von Öffnungen und Durchdringungen der Außen- und Innenwände im Untergeschoß des Hauptgebäudes herstellen, ausbauen und entsorgen.;1,0;psch;gaeb;sonstiges/26E30281.X83
0020;Flutung des Untergeschosses mit Frischwasser auf Flutungshöhe von 3,00 m über OKRF.;4600,0;m3;gaeb;sonstiges/26E30281.X83
0030;Vorhaltung Flutung auf Flutungshöhe von 3,00 m über OKRF.;20,0;Wo;gaeb;sonstiges/26E30281.X83
0040;Wasser aus dem Untergeschoss abpumpen und in die Kanalisation einleiten.;4600,0;m3;gaeb;sonstiges/26E30281.X83
0050;Reinigen des Untergrundes aus Beton, von grober Verschmutzung, von losen Verunreinigungen, durch Dampfstrahlen, Arbeitshöhe der zu bearbeitenden Fläche bis 3,5 m über der Standfläche des hierfür erforderlichen Gerüsts, aufgenommene Stoffe sammeln, im Behälter des AN lagern, Behältergröße über 8 bis ;6200,0;m2;gaeb;sonstiges/26E30281.X83
0060;Bau- und Abbruchabfälle, Boden, Steine und Baggergut,;50,0;t;gaeb;sonstiges/26E30281.X83
0070;Entfeuchten, Trocknen der Raumluft für Rohbauarbeiten, geforderte relative Luftfeuchte 60 %, bei einer Raumtemperatur von mind. 5 Grad C, Brennstoffheizung, Brennstoff Flüssiggas, Aufstellort der Geräte innen, Brennstofflager außen.;5700,0;m3;gaeb;sonstiges/26E30281.X83
0010;Geräte für das Herstellen von Pfählen nach Unterlagen;1,0;St;gaeb;sonstiges/26E30281.X83
0020;Gebohrten, verpressten Mikropfahl mit durchgehendem;112,0;St;gaeb;sonstiges/26E30281.X83
0030;Geräte für das Herstellen von Pfählen nach Unterlagen;1,0;St;gaeb;sonstiges/26E30281.X83
0040;Gebohrten, verpressten Mikropfahl mit durchgehendem;1,0;St;gaeb;sonstiges/26E30281.X83
0050;Lastaufnahmekonstruktion zur Aufnahme der Reaktionskräfte aus der Probebelastung auf Zug an Probepfählen herstellen, vorhalten, betreiben und entfernen.;1,0;St;gaeb;sonstiges/26E30281.X83
0060;Reaktionspfähle, die zur Aufnahme der Reaktionskräfte aus der Probebelastung auf Druck an Probepfählen erforderlich werden, herstellen, vorhalten, betreiben und entfernen.;1,0;St;gaeb;sonstiges/26E30281.X83
0070;Statischen Belastungsversuch an Pfahl gemäß;2,0;St;gaeb;sonstiges/26E30281.X83
0080;Statischen Belastungsversuch an Pfahl gemäß;2,0;St;gaeb;sonstiges/26E30281.X83
0090;Rückbau der beprobten Mikropfähle nach erfolgter Pfahlbeprobung bis 2m unbter Oberkante Gelände. Material im Eigentum des AN übernehmen und im EInklang mit den einschlägigen abfallrechtlichen Vorschriften beseitigen.;2,0;St;gaeb;sonstiges/26E30281.X83
0100;Abnahmeprüfung an Bauwerkspfahl sowie Versuchsergebnisse auftragen und auswerten.;4,0;St;gaeb;sonstiges/26E30281.X83
0010;Berechnungen für Ingenieurbauwerke des Hoch-, Tief-,;1,0;psch;gaeb;sonstiges/26E30281.X83
0020;Ausführungszeichnungen mit allen für;1,0;psch;gaeb;sonstiges/26E30281.X83
0030;Berechnungen für Ingenieurbauwerke des Hoch-, Tief-,;1,0;psch;gaeb;sonstiges/26E30281.X83
0040;Ausführungszeichnungen mit allen für;1,0;psch;gaeb;sonstiges/26E30281.X83
0010;Trennlage aus PE-Folie Dicke 0,5 mm, 2-lagig, Stöße überlappen, Überlappungsbreite 5 cm, auf Schutzschicht.;2640,0;m2;gaeb;sonstiges/26E30281.X83
0020;Ortbeton Sauberkeitsschicht, für Bodenplatte, Untergrund waagerecht, obere Betonfläche waagerecht, als unbewehrter Beton, Normalbeton C 16/20 DIN EN 206, DIN 1045-2, natürliche Gesteinskörnung, Expositionsklasse X0 (kein Korrosions- oder Angriffsrisiko), Feuchtigkeitsklasse WF (Betonkorrosion, feuch;2100,0;m2;gaeb;sonstiges/26E30281.X83
0030;Ortbeton Sauberkeitsschicht, für Streifenfundament, Untergrund waagerecht, obere Betonfläche waagerecht, als unbewehrter Beton, Normalbeton C 16/20 DIN EN 206, DIN 1045-2, natürliche Gesteinskörnung, Expositionsklasse X0 (kein Korrosions- oder Angriffsrisiko), Feuchtigkeitsklasse WF (Betonkorrosion,;510,0;m2;gaeb;sonstiges/26E30281.X83
0040;Ortbeton Sauberkeitsschicht, für Einzelfundament, Untergrund waagerecht, obere Betonfläche waagerecht, als unbewehrter Beton, Normalbeton C 16/20 DIN EN 206, DIN 1045-2, natürliche Gesteinskörnung, Expositionsklasse X0 (kein Korrosions- oder Angriffsrisiko), Feuchtigkeitsklasse WF (Betonkorrosion, f;80,0;m2;gaeb;sonstiges/26E30281.X83
0050;Perimeterdämmung unter Bodenplatte, Wassereinwirkungsklasse W2.2-E (hohe Einwirkung von drückendem Wasser über 3 m Eintauchtiefe), aus Polystyrol-Hartschaum XPS DIN EN 13164, Bemessungswert der Wärmeleitfähigkeit max. 0,040 W/(mK), Nennwert der Wärmeleitfähigkeit max. 0,039 W/(mK), 2-lagig, Gesamtdi;1600,0;m2;gaeb;sonstiges/26E30281.X83
0060;Perimeterdämmung auf den Seiten der Bodenplatte, Wassereinwirkungsklasse W2.2-E (hohe Einwirkung von drückendem Wasser über 3 m Eintauchtiefe), aus Polystyrol-Hartschaum XPS DIN EN 13164, Bemessungswert der Wärmeleitfähigkeit max. 0,040 W/(mK), Nennwert der Wärmeleitfähigkeit max. 0,039 W/(mK), Dick;60,0;m2;gaeb;sonstiges/26E30281.X83
0070;Perimeterdämmung auf den Seiten Aufzugschacht und Pumpensumpf, Wassereinwirkungsklasse W2.2-E (hohe Einwirkung von drückendem Wasser über 3 m Eintauchtiefe), aus Polystyrol-Hartschaum XPS DIN EN 13164, Bemessungswert der Wärmeleitfähigkeit max. 0,040 W/(mK), Nennwert der Wärmeleitfähigkeit max. 0,03;55,0;m2;gaeb;sonstiges/26E30281.X83
0080;Perimeterdämmung auf der Oberseite der Auskragung Bodenplatte, im direkten Anschlussbereich an die Stirnseiten der Bodenplatte, aus Polystyrol-Hartschaum XPS DIN EN 13164, Bemessungswert der Wärmeleitfähigkeit max. 0,040 W/(mK), 2-lagig, Gesamtdicke 160 mm, hohe Druckbelastbarkeit - dh, Ausführung g;67,0;m2;gaeb;sonstiges/26E30281.X83
0090;Im Zuge der Ausführung der Perimeterdämmung und der Baufolie unterhalb der Bodenplatte sind  diese mit einer runden Aussparung bis DN 150 mm für die Durchführung von Entwässeungsleitungen auszuführen. Ausführung gem. Zeichnung.;20,0;St;gaeb;sonstiges/26E30281.X83
0100;Im Zuge der Ausführung der Perimeterdämmung an der Strinseite der Bodenplatte ist diese mit einer Aussparung für die Verlegung der Anschlussleitungen an die äußere Entwässerung auszusparen. Aussparung von DN 100 mm - DN 150 mm, Länge bis 45 cm. Ausführung gem. Zeichnung.;5,0;St;gaeb;sonstiges/26E30281.X83
0010;Schnurgerüst rings um die Baugrube, zur Einmessung der Gebäudeaussenkanten durch den AG standsicher, verstrebt, aufstellen, vorhalten, rückbauen.;1,0;psch;gaeb;sonstiges/26E30281.X83
0020;Ortbeton Streifenfundament, obere Betonfläche waagerecht, aus Stahlbeton, Normalbeton C 35/45 DIN EN 206, DIN 1045-2, natürliche Gesteinskörnung, Expositionsklasse XA3 (Betonkorrosion durch chemisch stark angreifende Umgebung), Expositionsklasse XC2 (Bewehrungskorrosion durch Karbonatisierung, nass/;190,0;m3;gaeb;sonstiges/26E30281.X83
0030;Ortbeton Einzelfundament, obere Betonfläche waagerecht, aus Stahlbeton, Normalbeton C 35/45 DIN EN 206, DIN 1045-2, natürliche Gesteinskörnung, Expositionsklasse XA3 (Betonkorrosion durch chemisch stark angreifende Umgebung), Expositionsklasse XC2 (Bewehrungskorrosion durch Karbonatisierung, nass/se;75,0;m3;gaeb;sonstiges/26E30281.X83
0040;Ortbeton Streifenfundament, obere Betonfläche waagerecht, aus Stahlbeton, Normalbeton C 25/30 DIN EN 206, DIN 1045-2, natürliche Gesteinskörnung, Expositionsklasse XA3 (Betonkorrosion durch chemisch stark angreifende Umgebung), Expositionsklasse XC2 (Bewehrungskorrosion durch Karbonatisierung, nass/;2,5;m3;gaeb;sonstiges/26E30281.X83
0050;Ortbeton Einzelfundament, obere Betonfläche waagerecht, aus Stahlbeton, Normalbeton C 25/30 DIN EN 206, DIN 1045-2, natürliche Gesteinskörnung, Expositionsklasse XA3 (Betonkorrosion durch chemisch stark angreifende Umgebung), Expositionsklasse XC2 (Bewehrungskorrosion durch Karbonatisierung, nass/se;4,0;m3;gaeb;sonstiges/26E30281.X83
0060;Ortbeton Auffüllung, als unbewehrter Beton, Normalbeton C 8/10 DIN EN 206, DIN 1045-2, natürliche Gesteinskörnung, Feuchtigkeitsklasse WF (Betonkorrosion, feuchte Umgebung), Dicke über 175 bis 200 cm.;10,0;m3;gaeb;sonstiges/26E30281.X83
0070;Schalung Streifenfundament, Bauteilhöhe über 0,5 bis 1 m, Ausführung im Erdgeschoss, Ausführung gemäß Zeichnung.;23,0;m2;gaeb;sonstiges/26E30281.X83
0010;Frischbetonverbundabdichtung aus einer hochflexiblen Kunststoffdichtungsbahn auf Polymer-Basis liefern und vor der Betonage nach den Verarbeitungsvorgaben des Herstellers auf der Wärmedämmung über einer flügelgeglätteten und mit einer doppellagigen PE-Folie belegten Sauberkeitsschicht verlegen.;2700,0;m2;gaeb;sonstiges/26E30281.X83
0020;Frischbetonverbundabdichtung aus einer hochflexiblen Kunststoffdichtungsbahn auf Basis von flexiblen Polyolefinen liefern und auf einer den Herstellerangaben entsprechenden Trägerschicht sach-und fachgerecht nach den Verarbeitungsrichtlinien des Herstellers verlegen.;155,0;m2;gaeb;sonstiges/26E30281.X83
0030;Anschluss der FBVS an die Hüllrohre aus HDPE mit innenliegenden Zugankern;48,0;St;gaeb;sonstiges/26E30281.X83
0040;Herstellen eines dichten Anschlusses zwischen vertikal durchgeführten Rohrdurchdringungen und;20,0;St;gaeb;sonstiges/26E30281.X83
0050;Übergangsbereich von Verbundschicht zu Blitzschutzdurchführung mit beidseitig klebendem Tape;85,0;St;gaeb;sonstiges/26E30281.X83
0060;Abschalelement für die Abschalung und gleichzeitige Abdichtung von wasserundurchlässigen Arbeitsfugen mit verzahnter Oberfläche gemäß EC2 gegen drückendes und nicht drückendes Wasser, sowie gegen Bodenfeuchte liefern und unter Beachtung der Herstellerangaben gemäß ETA;52,0;m;gaeb;sonstiges/26E30281.X83
0070;Einsatz einer Faserzementleiste als Unterlaufschutz mit Streckmetallanschlüssen. ,;52,0;m;gaeb;sonstiges/26E30281.X83
0080;Einbauort: unterhalb der Sohle, horizontal und in den Wänden, vertikal;12,7;m;gaeb;sonstiges/26E30281.X83
0090;Einbauort: Mitte Decke, horizontal (d = 36 cm);3,25;m;gaeb;sonstiges/26E30281.X83
0100;Anschluss-Stumpfschweißungen werden nicht gesondert vergütet und sind in den Stückpreis einzurechnen. Aufmaß nach eingebauter Stückzahl.;2,0;St;gaeb;sonstiges/26E30281.X83
0110;Anschluss-Stumpfschweißungen werden nicht gesondert vergütet und sind in den Stückpreis einzurechnen. Aufmaß nach eingebauter Stückzahl.;2,0;St;gaeb;sonstiges/26E30281.X83
0120;Ausführung wasserdichter Übergänge zwischen Bewegungsfugenband DA 320 und dem umlaufenden Dichtblech aus den Arbeitsfugen Sohle/Wand bzw. Wand/Decke mittels Dehnfugenanschlusselement oder Kopplungselement;4,0;St;gaeb;sonstiges/26E30281.X83
0130;Übergang zwischen Bewegungsfugenband und umlaufendem;4,0;St;gaeb;sonstiges/26E30281.X83
0140;Die FBVS-Sohle und Wand werden im Fugenbandbereich nicht durchgelegt. Der Anschluss an das außenliegende Fugenband erfolgt über ein Fixier-Tape. Die FBVS-Ränder überlappen die;11,0;m;gaeb;sonstiges/26E30281.X83
0150;Fugenblech gegen ständig und zeitweise drückendes Wasser, sowie gegen Bodenfeuchte liefern und unter Beachtung;386,0;m;gaeb;sonstiges/26E30281.X83
0160;Abschalelement für Wand/Wand-Arbeitsfugen mit integriertem beschichtetem Fugenblech zur Abdichtung von vertikalen;130,0;m;gaeb;sonstiges/26E30281.X83
0170;für die planmäßige Erzeugung und gleichzeitige Abdichtung von vertikalen Sollrissfugen in Ortbetonwänden gegen drückendes und nicht drückendes Wasser, sowie gegen Bodenfeuchte liefern und unter Beachtung der Herstellerangaben gemäß allgemeinem bauaufsichtlichem Prüfzeugnis einbauen;132,0;m;gaeb;sonstiges/26E30281.X83
0180;Beschichtetes Fugenblech zur Abdichtung der horizontalen umlaufenden Arbeitsfugen Wand/Decke gegen ständig und zeitweise drückendes Wasser, sowie gegen Bodenfeuchte liefern und unter Beachtung der Herstellerangaben und allgemeinem bauaufsichtlichem Prüfzeugnis;366,0;m;gaeb;sonstiges/26E30281.X83
0190;Verwahrbox mit beschichtetem Fugenblech zur Abdichtung von horizontalen und vertikalen Arbeitsfugen gegen drückendes und nicht drückendes Wasser, sowie gegen Bodenfeuchte unter;16,0;m;gaeb;sonstiges/26E30281.X83
0200;Randbereich der FBVS-Wand für die Aufnahme anschließender Abdichtungen oder Beschichtungssysteme durch einen Übergangsbereich als Sicherheits-Zone vorbereiten.;386,0;m;gaeb;sonstiges/26E30281.X83
0210;Frischbetonverbundabdichtung aus einer hochflexiblen Kunststoffdichtungsbahn auf Basis vonflexiblen Polyolefinen liefern und sach- und fachgerecht nach den Verarbeitungsrichtlinien des Herstellers verlegen. Arbeitsfugen/Sollrissfugen sind im Ortbetonkern zusätzlich mit einer geeigneten Fugenabdichtu;1365,0;m2;gaeb;sonstiges/26E30281.X83
0220;TPE-Dichtstreifen, Zuschnitt in erforderlicher Überstandsbreite (ca. 30 cm) der Sohle, (Sohlenüberstand horizontal b = 50 cm );345,0;m;gaeb;sonstiges/26E30281.X83
0230;Rückseite (FPO-Membran) der einbetonierten FBVS-Sohle und FBVS-Wand für den Anschluss/Übergang der Dichtstreifen-Abklebung der Vorposition vorbereiten.;345,0;m;gaeb;sonstiges/26E30281.X83
0240;als Aussparung für Durchdringungen. Dicht gegen drückendes und nichtdrückendes Wasser. Einsatz in noch zu erstellende Bauwerke. Geeignet für WU-Betonkonstruktionen (Weiße Wanne). Futterrohr aus Spezialfaserzement, mit Faserzementflansch zur bauseitigen Anarbeitung der;2,0;St;gaeb;sonstiges/26E30281.X83
0250;mit Dichtflansch passend zu vorhandener Frischbetonverbundabdichtung und Kernlochbohrung;6,0;St;gaeb;sonstiges/26E30281.X83
0260;Einbauort: unterhalb der Sohle, horizontal und in den Wänden, vertikal;11,0;m;gaeb;sonstiges/26E30281.X83
0270;Einbauort: Mitte Decke, horizontal (d = 36 cm);2,4;m;gaeb;sonstiges/26E30281.X83
0280;Anschluss-Stumpfschweißungen werden nicht gesondert vergütet und sind in den Stückpreis einzurechnen. Aufmaß nach eingebauter Stückzahl.;2,0;St;gaeb;sonstiges/26E30281.X83
0290;Anschluss-Stumpfschweißungen werden nicht gesondert vergütet und sind in den Stückpreis einzurechnen. Aufmaß nach eingebauter Stückzahl.;2,0;St;gaeb;sonstiges/26E30281.X83
0300;Ausführung wasserdichter Übergänge zwischen Bewegungsfugenband DA 320 und dem umlaufenden Dichtblech aus den Arbeitsfugen Sohle/Wand bzw. Wand/Decke mittels Dehnfugenanschlusselement oder Kopplungselement;2,0;St;gaeb;sonstiges/26E30281.X83
0310;zwischen Bewegungsfugenband und umlaufendem;4,0;St;gaeb;sonstiges/26E30281.X83
0320;Die Rissbreiten der WU-Konstruktion sind auf 0,3 mm beschränkt. Fugen und Durchdringungen werden gem. WU-Richtlinie abgedichtet. Unabhängig von diesen Maßnahmen sind gem. WU-Richtlinie bei trotzdem auftretenden;60,0;m;gaeb;sonstiges/26E30281.X83
0010;Ausführung der WU-Beton-Bauteile gem. Angabe Fachplanung;1,0;St;gaeb;sonstiges/26E30281.X83
0020;Überwachung des Einbaus von Beton der Überwachungsklasse 2 DIN 1045-3 durch eine anerkannte Überwachungsstelle.;1,0;St;gaeb;sonstiges/26E30281.X83
0030;Ortbeton Bodenplatte, Untergrund Abdichtung, Untergrund waagerecht, obere Betonfläche waagerecht, als Stahlbeton, Normalbeton C 35/45 DIN EN 206, DIN 1045-2, natürliche Gesteinskörnung, Expositionsklasse XA3 (Betonkorrosion durch chemisch stark angreifende Umgebung), Expositionsklasse XC2 (Bewehrung;1200,0;m3;gaeb;sonstiges/26E30281.X83
0040;Ortbeton Bodenplatte Schacht, Untergrund waagerecht, obere Betonfläche waagerecht, als Stahlbeton, Normalbeton C 35/45 DIN EN 206, DIN 1045-2, natürliche Gesteinskörnung, Expositionsklasse XA3 (Betonkorrosion durch chemisch stark angreifende Umgebung), Expositionsklasse XC2 (Bewehrungskorrosion durc;16,0;m3;gaeb;sonstiges/26E30281.X83
0050;Glätten der Frischbetonoberfläche, maschinell, an der Oberseite waagerechter Bauteile, als flächenfertiger Nutzboden.;2650,0;m2;gaeb;sonstiges/26E30281.X83
0060;Schalung Bodenplatte, als Randschalung, einhäuptig, Schalungshöhe über 25 bis 50 cm, Ausführung im Kellergeschoss.;400,0;m;gaeb;sonstiges/26E30281.X83
0070;Schalung Bodenplatte für Schacht, als Randschalung, einhäuptig, Schalungshöhe über 25 bis 50 cm, Ausführung im Kellergeschoss.;60,0;m;gaeb;sonstiges/26E30281.X83
0080;Ortbeton Bodenplatte, Untergrund Abdichtung, Untergrund geneigt, obere Betonfläche geneigt, Neigung über 3 bis 10 Grad, als Stahlbeton, Normalbeton C 35/45 DIN 1045-2, natürliche Gesteinskörnung, Expositionsklasse XF4 (Frostangriff, hohe Wassersättigung mit Taumittel), Expositionsklasse XA3 (Betonko;44,0;m3;gaeb;sonstiges/26E30281.X83
0090;Schalung Deckenplatte, geneigt, Neigung über 10 bis 25 Grad, als verlorene Schalung, aus Schalungsplatten, Ankerstellen bündig,;120,0;m2;gaeb;sonstiges/26E30281.X83
0100;Zulage für das Einschalen und die Betonierung von Vouten, im Bereich der drei Entwässerungsrinnen der Rampe,;11,0;m;gaeb;sonstiges/26E30281.X83
0110;Schalung Voute an Decke, Schalungshaut geeignet für das Aufbringen von Beschichtungen auf erhärtete Betonflächen, aus Schalungsplatten,;3,0;m;gaeb;sonstiges/26E30281.X83
0120;Dränbetontragschicht FLL ZTV-Wegebau, natürliche Gesteinskörnung, C 12/15, Nutzungskategorie N 1, wasserdurchlässig, kf größer gleich 5,4 x 10 hoch minus 5 m/s, Dicke 20 cm.;9,0;m2;gaeb;sonstiges/26E30281.X83
0130;Schalung Schlitz, einschl. temporärer Verdrängungskörper, geneigt, Schlitztiefe über 10 bis 15 cm, für scharfkantige Betonkanten, Schlitzbreite über 15 bis 20 cm, für Auffüllung aus Ortbeton.;9,0;m;gaeb;sonstiges/26E30281.X83
0010;Erstellung der Werks- und Montageplanung der Wandelemente durch den AN.;1,0;psch;gaeb;sonstiges/26E30281.X83
0020;Ortbeton Schachtwand, als Stahlbeton, Normalbeton C 35/45 DIN EN 206, DIN 1045-2, natürliche Gesteinskörnung, Expositionsklasse XA3 (Betonkorrosion durch chemisch stark angreifende Umgebung), Expositionsklasse XC2 (Bewehrungskorrosion durch Karbonatisierung, nass/selten trocken), Feuchtigkeitsklasse;10,0;m3;gaeb;sonstiges/26E30281.X83
0030;"Schalung Schachtwand, min. lichtes Schachtmaß über 1 bis 2 m, Schalungshaut geeignet für sichtbar bleibende Betonflächen, 2. Schalseite ohne Anforderung, mit normalen Anforderungen, Klasse SB 2 gemäß DBV-Merkblatt ""Sichtbeton"", ohne Fuge, Hüllrohr aus Faserzement, Verschluss der Ankerstellen durch F";64,0;m2;gaeb;sonstiges/26E30281.X83
0040;Ortbeton Kelleraußenwand, als Stahlbeton, Normalbeton C 35/45 DIN EN 206, DIN 1045-2, natürliche Gesteinskörnung, Expositionsklasse XA3 (Betonkorrosion durch chemisch stark angreifende Umgebung), Expositionsklasse XC2 (Bewehrungskorrosion durch Karbonatisierung, nass/selten trocken), Feuchtigkeitskl;1410,0;m3;gaeb;sonstiges/26E30281.X83
0050;"Schalung Kelleraußenwand, Schalungshaut geeignet für sichtbar bleibende Betonflächen, 2. Schalseite ohne Anforderung, mit normalen Anforderungen, Klasse SB 2 gemäß DBV-Merkblatt ""Sichtbeton"", als Trägerschalung aus Schalungsplatten, mit Dreikantleiste für gefaste Betonkanten, Oberfläche glatt, Schal";2900,0;m2;gaeb;sonstiges/26E30281.X83
0060;"Schalung Öffnung, Schalungshaut geeignet für sichtbar bleibende Betonflächen, mit normalen Anforderungen, Klasse SB 2 gemäß DBV-Merkblatt ""Sichtbeton"", Aussparungstiefe über 20 bis 30 cm, Einzelgröße der Aussparungen über 10000 bis 25000 cm2, Aussparungsform rechteckig, mit Dreikantleisten für gefas";6,0;St;gaeb;sonstiges/26E30281.X83
0070;Wandplatte als Fertigteil DIN EN 13369 und DIN EN 14992, Vollwandplatte,;12,0;m2;gaeb;sonstiges/26E30281.X83
0080;Ortbeton Wand-/Pfeilervorlage, als Stahlbeton, Normalbeton C 35/45 DIN EN 206, DIN 1045-2, natürliche Gesteinskörnung, Expositionsklasse XA3 (Betonkorrosion durch chemisch stark angreifende Umgebung), Expositionsklasse XC2 (Bewehrungskorrosion durch Karbonatisierung, nass/selten trocken), Feuchtigke;12,0;m3;gaeb;sonstiges/26E30281.X83
0090;"Schalung Wand-/Pfeilervorlage, an Wand, Schalungshaut geeignet für sichtbar bleibende Betonflächen, mit geringen Anforderungen, Klasse SB 1 gemäß DBV-Merkblatt ""Sichtbeton"", aus Schalungsplatten, Oberfläche glatt, Schalung neu, geschraubt und verspachtelt, mit geordneten Stößen, ohne Fuge, Verschlus";91,0;m2;gaeb;sonstiges/26E30281.X83
0100;Perimeterdämmung auf Kelleraußenwand, Wassereinwirkungsklasse W2.2-E (hohe Einwirkung von drückendem Wasser über 3 m Eintauchtiefe), aus Polystyrol-Hartschaum XPS DIN EN 13164, Bemessungswert der Wärmeleitfähigkeit max. 0,040 W/(mK), Nennwert der Wärmeleitfähigkeit max. 0,039 W/(mK), Dicke 160 mm, a;550,0;m2;gaeb;sonstiges/26E30281.X83
0110;Perimeterdämmung auf Kelleraußenwand, Wassereinwirkungsklasse W2.2-E (hohe Einwirkung von drückendem Wasser über 3 m Eintauchtiefe), aus Polystyrol-Hartschaum XPS DIN EN 13164, Bemessungswert der Wärmeleitfähigkeit max. 0,040 W/(mK), Nennwert der Wärmeleitfähigkeit max. 0,039 W/(mK), Dicke 60 mm, al;480,0;m2;gaeb;sonstiges/26E30281.X83
0120;Schutzlage für Abdichtung erdberührter Wände DIN 18533-1 und DIN 18533-2, aus Noppenbahn mit Gleit-, Schutz- und Lastverteilungsschicht, Schichtdicke 8 mm, lose verlegen, Überlappungsbreite 10 cm, Ausführung gemäß Zeichnung,;1150,0;m2;gaeb;sonstiges/26E30281.X83
0130;Verwahrkasten/Bewehrungs-Rückbiegeelement aus Stahl, verzinkt, mit bauaufsichtlicher Zulassung, Breite über 10 bis 15 cm, zur Übertragung von Querkraft, Anordnung vertikal, 2-reihig, Stabdurchmesser 8 mm, Stababstand 15 cm, einschl. Entfernen des Gehäusedeckels und Rückbiegen Anschlussbewehrung nach;60,0;m;gaeb;sonstiges/26E30281.X83
0140;Ortbeton Innenwand, obere Betonfläche waagerecht, als Stahlbeton, Normalbeton C 30/37 DIN EN 206, DIN 1045-2, natürliche Gesteinskörnung, Expositionsklasse XC1 (Bewehrungskorrosion durch Karbonatisierung, trocken/ständig nass), Feuchtigkeitsklasse WO (Betonkorrosion, trockene Umgebung), als Sichtbet;26,0;m3;gaeb;sonstiges/26E30281.X83
0150;Ortbeton Innenwand, obere Betonfläche waagerecht, als Stahlbeton, Normalbeton C 30/37 DIN EN 206, DIN 1045-2, natürliche Gesteinskörnung, Expositionsklasse XC1 (Bewehrungskorrosion durch Karbonatisierung, trocken/ständig nass), Feuchtigkeitsklasse WO (Betonkorrosion, trockene Umgebung), als Sichtbet;290,0;m3;gaeb;sonstiges/26E30281.X83
0160;Ortbeton Innenwand, obere Betonfläche waagerecht, als Stahlbeton, Normalbeton C 30/37 DIN EN 206, DIN 1045-2, natürliche Gesteinskörnung, Expositionsklasse XC1 (Bewehrungskorrosion durch Karbonatisierung, trocken/ständig nass), Feuchtigkeitsklasse WO (Betonkorrosion, trockene Umgebung), als Sichtbet;3,0;m3;gaeb;sonstiges/26E30281.X83
0170;"Schalung Innenwand, Stirnschalung wird gesondert vergütet, Schalungshaut geeignet für sichtbar bleibende Betonflächen, mit normalen Anforderungen, Klasse SB 2 gemäß DBV-Merkblatt ""Sichtbeton"", als Trägerschalung aus Schalungsplatten, mit Dreikantleiste für gefaste Betonkanten, Oberfläche glatt, Scha";3000,0;m2;gaeb;sonstiges/26E30281.X83
0180;"Schalung Öffnung, Schalungshaut geeignet für sichtbar bleibende Betonflächen, mit geringen Anforderungen, Klasse SB 1 gemäß DBV-Merkblatt ""Sichtbeton"", Aussparungstiefe über 20 bis 30 cm, Einzelgröße der Aussparungen über 10000 bis 25000 cm2, Aussparungsform rechteckig, mit Dreikantleisten für gefas";7,0;St;gaeb;sonstiges/26E30281.X83
0190;"Schalung Öffnung, Schalungshaut geeignet für sichtbar bleibende Betonflächen, mit geringen Anforderungen, Klasse SB 1 gemäß DBV-Merkblatt ""Sichtbeton"", Aussparungstiefe über 20 bis 30 cm, Einzelgröße der Aussparungen über 25000 bis 50000 cm2, Aussparungsform rechteckig, mit Dreikantleisten für gefas";22,0;St;gaeb;sonstiges/26E30281.X83
0200;"Schalung Öffnung, Schalungshaut geeignet für sichtbar bleibende Betonflächen, mit geringen Anforderungen, Klasse SB 1 gemäß DBV-Merkblatt ""Sichtbeton"", Aussparungstiefe über 20 bis 30 cm, Einzelgröße der Aussparungen über 50000 bis 75000 cm2, Aussparungsform rechteckig, mit Dreikantleisten für gefas";1,0;St;gaeb;sonstiges/26E30281.X83
0210;Maueranschlussschiene mit Dellenanker aus nichtrostendem Stahl, Profil 25/15, Einbau in Außenwand, einbauen.;19,0;m;gaeb;sonstiges/26E30281.X83
0220;Maueranschlussschiene mit Dellenanker aus nichtrostendem Stahl, Profil 25/15, Einbau in Innenwand, einbauen.;64,0;m;gaeb;sonstiges/26E30281.X83
0230;Verwahrkasten/Bewehrungs-Rückbiegeelement aus Stahl, verzinkt, mit bauaufsichtlicher Zulassung, Breite über 10 bis 15 cm, zur Übertragung von Querkraft, Anordnung vertikal, 2-reihig, Stabdurchmesser 8 mm, Stababstand 15 cm, einschl. Entfernen des Gehäusedeckels und Rückbiegen Anschlussbewehrung nach;110,0;m;gaeb;sonstiges/26E30281.X83
0240;Abdichtung erdberührter Wände DIN 18533-1 und DIN 18533-2, Raumnutzungsklasse RN2-E (übliche Anforderung), Wassereinwirkungsklasse W2.1-E (mäßige Einwirkung von drückendem Wasser bis 3 m Eintauchtiefe), Rissklasse R3-E (hoch), Rissüberbrückungsklasse RÜ3-E (hohe Rissüberbrückung bis 1 mm, Rissversat;220,0;m2;gaeb;sonstiges/26E30281.X83
0250;"Ortbeton Außenwand, als Stahlbeton, Normalbeton C 25/30 DIN EN 206, DIN 1045-2, natürliche Gesteinskörnung, Expositionsklasse XC3 (Bewehrungskorrosion durch Karbonatisierung, mäßig feucht), als Sichtbeton, mit normalen Anforderungen, Klasse SB 2 gemäß DBV-Merkblatt ""Sichtbeton"", Dicke über 15 bis 25";230,0;m3;gaeb;sonstiges/26E30281.X83
0260;Schalung Außenwand, Stirnschalung wird gesondert vergütet, Schalungshaut geeignet für das Aufbringen von Dünnputz auf erhärtete Betonflächen, als Trägerschalung aus Schalungsplatten, mit Dreikantleiste für gefaste Betonkanten, Stöße geordnet, Hüllrohr aus Faserzement, Verschluss der Ankerstellen dur;1450,0;m2;gaeb;sonstiges/26E30281.X83
0270;Schalung Außenwand, Stirnschalung wird gesondert vergütet, Schalungshaut geeignet für das Aufbringen von Dünnputz auf erhärtete Betonflächen, als Trägerschalung aus Schalungsplatten, mit Dreikantleiste für gefaste Betonkanten, Stöße geordnet, Hüllrohr aus Faserzement, Verschluss der Ankerstellen dur;530,0;m2;gaeb;sonstiges/26E30281.X83
0280;Schalung Außenwand, als Stirnschalung, Grundriss der Stirnschalung rechtwinklig zur Seitenschalung, Wanddicke über 20 bis 25 cm, Schalungshaut geeignet für das Aufbringen von Dünnputz auf erhärtete Betonflächen, als Trägerschalung aus Schalungsplatten, einhäuptig, mit Dreikantleiste für gefaste Beto;510,0;m;gaeb;sonstiges/26E30281.X83
0290;Verwahrkasten/Bewehrungs-Rückbiegeelement aus Stahl, verzinkt, mit bauaufsichtlicher Zulassung, Breite über 10 bis 15 cm, zur Übertragung von Querkraft, Anordnung vertikal, 2-reihig, Stabdurchmesser 8 mm, Stababstand 15 cm, einschl. Entfernen des Gehäusedeckels und Rückbiegen Anschlussbewehrung nach;80,0;m;gaeb;sonstiges/26E30281.X83
0300;Ortbeton Innenwand, als Stahlbeton, Normalbeton C 25/30 DIN EN 206, DIN 1045-2, natürliche Gesteinskörnung, Expositionsklasse XC1 (Bewehrungskorrosion durch Karbonatisierung, trocken/ständig nass), Feuchtigkeitsklasse WO (Betonkorrosion, trockene Umgebung), als Sichtbeton, mit normalen Anforderungen;6,0;m3;gaeb;sonstiges/26E30281.X83
0310;Ortbeton Innenwand, als Stahlbeton, Normalbeton C 25/30 DIN EN 206, DIN 1045-2, natürliche Gesteinskörnung, Expositionsklasse XC1 (Bewehrungskorrosion durch Karbonatisierung, trocken/ständig nass), Feuchtigkeitsklasse WO (Betonkorrosion, trockene Umgebung), als Sichtbeton, mit normalen Anforderungen;230,0;m3;gaeb;sonstiges/26E30281.X83
0320;Schalung Innenwand, Stirnschalung wird gesondert vergütet, Schalungshaut geeignet für das Aufbringen von Dünnputz auf erhärtete Betonflächen, als Trägerschalung aus Schalungsplatten, mit Dreikantleiste für gefaste Betonkanten, Stöße geordnet, Hüllrohr aus Faserzement, Verschluss der Ankerstellen dur;2100,0;m2;gaeb;sonstiges/26E30281.X83
0330;"Schalung Innenwand, als Stirnschalung, Wanddicke über 20 bis 25 cm, Schalungshaut geeignet für sichtbar bleibende Betonflächen, 2. Schalseite ohne Anforderung, mit geringen Anforderungen, Klasse SB 1 gemäß DBV-Merkblatt ""Sichtbeton"", mit Dreikantleiste für gefaste Betonkanten, ohne Fuge, Bauteilhöhe";35,0;m;gaeb;sonstiges/26E30281.X83
0340;Schalung Öffnung, Schalungshaut geeignet für das Aufbringen von Dünnputz auf erhärtete Betonflächen, Aussparungstiefe über 20 bis 30 cm, Einzelgröße der Aussparungen über 25000 bis 50000 cm2, Aussparungsform rechteckig, für Innenwand aus Ortbeton, Ausführung im Erdgeschoss.;70,0;m2;gaeb;sonstiges/26E30281.X83
0350;Schalung Öffnung, Schalungshaut geeignet für das Aufbringen von Dünnputz auf erhärtete Betonflächen, Aussparungstiefe über 20 bis 30 cm, Einzelgröße der Aussparungen über 10000 bis 25000 cm2, Aussparungsform rechteckig, für Innenwand aus Ortbeton, Ausführung im Erdgeschoss.;5,0;m2;gaeb;sonstiges/26E30281.X83
0360;Verwahrkasten/Bewehrungs-Rückbiegeelement aus Stahl, verzinkt, mit bauaufsichtlicher Zulassung, Breite über 10 bis 15 cm, zur Übertragung von Querkraft, Anordnung vertikal, 2-reihig, Stabdurchmesser 8 mm, Stababstand 15 cm, einschl. Entfernen des Gehäusedeckels und Rückbiegen Anschlussbewehrung nach;110,0;m;gaeb;sonstiges/26E30281.X83
0370;Maueranschlussschiene mit Dellenanker aus nichtrostendem Stahl, Profil 25/15, Einbau in Außenwand, einbauen.;8,0;m;gaeb;sonstiges/26E30281.X83
0380;"Ortbeton Außenwand, als Stahlbeton, Normalbeton C 25/30 DIN EN 206, DIN 1045-2, natürliche Gesteinskörnung, Expositionsklasse XC3 (Bewehrungskorrosion durch Karbonatisierung, mäßig feucht), als Sichtbeton, mit normalen Anforderungen, Klasse SB 2 gemäß DBV-Merkblatt ""Sichtbeton"", Dicke über 15 bis 25";80,0;m3;gaeb;sonstiges/26E30281.X83
0390;Schalung Außenwand, Stirnschalung wird gesondert vergütet, Schalungshaut geeignet für das Aufbringen von Dünnputz auf erhärtete Betonflächen, als Trägerschalung aus Schalungsplatten, mit Dreikantleiste für gefaste Betonkanten, Stöße geordnet, Hüllrohr aus Faserzement, Verschluss der Ankerstellen dur;700,0;m2;gaeb;sonstiges/26E30281.X83
0400;Schalung Außenwand, als Stirnschalung, Grundriss der Stirnschalung rechtwinklig zur Seitenschalung, Wanddicke über 20 bis 25 cm, Schalungshaut geeignet für das Aufbringen von Dünnputz auf erhärtete Betonflächen, als Trägerschalung aus Schalungsplatten, einhäuptig, mit Dreikantleiste für gefaste Beto;15,0;m;gaeb;sonstiges/26E30281.X83
0410;"Schalung Öffnung, Schalungshaut geeignet für sichtbar bleibende Betonflächen, mit normalen Anforderungen, Klasse SB 2 gemäß DBV-Merkblatt ""Sichtbeton"", Aussparungstiefe über 20 bis 30 cm, Einzelgröße der Aussparungen über 25000 bis 50000 cm2, Aussparungsform rechteckig, mit Dreikantleisten für gefas";2,0;St;gaeb;sonstiges/26E30281.X83
0420;Ortbeton Sturz, für Fensteröffnung, obere Betonfläche waagerecht, als Stahlbeton, Normalbeton C 25/30 DIN EN 206, DIN 1045-2, natürliche Gesteinskörnung, Expositionsklasse XC3 (Bewehrungskorrosion durch Karbonatisierung, mäßig feucht), Feuchtigkeitsklasse WO (Betonkorrosion, trockene Umgebung), als ;180,0;m;gaeb;sonstiges/26E30281.X83
0430;Schalung Sturz, mit rechteckigem Querschnitt,;440,0;m2;gaeb;sonstiges/26E30281.X83
0440;"Ortbeton Brüstung, obere Betonfläche waagerecht, als Stahlbeton, Normalbeton C 25/30 DIN EN 206, DIN 1045-2, natürliche Gesteinskörnung, Expositionsklasse XC3 (Bewehrungskorrosion durch Karbonatisierung, mäßig feucht), als Sichtbeton, mit normalen Anforderungen, Klasse SB 2 gemäß DBV-Merkblatt ""Sich";30,0;m3;gaeb;sonstiges/26E30281.X83
0450;Schalung Brüstung, Stirnschalung wird gesondert vergütet, Schalungshaut geeignet für das Aufbringen von Dünnputz auf erhärtete Betonflächen, als Trägerschalung aus Schalungsplatten, mit Dreikantleiste für gefaste Betonkanten, Stöße geordnet, Hüllrohr aus Faserzement, Verschluss der Ankerstellen durc;270,0;m2;gaeb;sonstiges/26E30281.X83
0460;Maueranschlussschiene mit Dellenanker aus nichtrostendem Stahl, Profil 25/15, Einbau in Außenwand, einbauen.;16,0;m;gaeb;sonstiges/26E30281.X83
0470;"Ortbeton Außenwand, als Stahlbeton, Normalbeton C 25/30 DIN 1045-2, natürliche Gesteinskörnung, Expositionsklasse XC3 (Bewehrungskorrosion durch Karbonatisierung, mäßig feucht), als Sichtbeton, mit normalen Anforderungen, Klasse SB 2 gemäß DBV-Merkblatt ""Sichtbeton"", Dicke über 10 bis 15 cm, Ausführ";1,5;m3;gaeb;sonstiges/26E30281.X83
0480;Schalung Außenwand, Randschalung wird gesondert vergütet, Schalungshaut für Betonflächen ohne Anforderung, als Trägerschalung aus Schalungsplatten, mit Dreikantleiste für gefaste Betonkanten, Stöße geordnet, Hüllrohr aus Faserzement, Verschluss der Ankerstellen durch Faserzementstopfen, Ankerstellen;20,0;m2;gaeb;sonstiges/26E30281.X83
0490;"Schalung Öffnung, Schalungshaut geeignet für sichtbar bleibende Betonflächen, mit normalen Anforderungen, Klasse SB 2 gemäß DBV-Merkblatt ""Sichtbeton"", Aussparungstiefe über 10 bis 20 cm, Einzelgröße der Aussparungen über 10000 bis 25000 cm2, Aussparungsform rechteckig, mit Dreikantleisten für gefas";3,0;St;gaeb;sonstiges/26E30281.X83
0500;Verwahrkasten/Bewehrungs-Rückbiegeelement aus Stahl, verzinkt, mit bauaufsichtlicher Zulassung, Breite über 10 bis 15 cm, zur Übertragung von Querkraft, Anordnung vertikal, 2-reihig, Stabdurchmesser 8 mm, Stababstand 15 cm, einschl. Entfernen des Gehäusedeckels und Rückbiegen Anschlussbewehrung nach;3,6;m;gaeb;sonstiges/26E30281.X83
0510;Ortbeton Innenwand, als Stahlbeton, Normalbeton C 25/30 DIN EN 206, DIN 1045-2, natürliche Gesteinskörnung, Expositionsklasse XC1 (Bewehrungskorrosion durch Karbonatisierung, trocken/ständig nass), Feuchtigkeitsklasse WO (Betonkorrosion, trockene Umgebung), als Sichtbeton, mit normalen Anforderungen;4,5;m3;gaeb;sonstiges/26E30281.X83
0520;Ortbeton Innenwand, als Stahlbeton, Normalbeton C 25/30 DIN EN 206, DIN 1045-2, natürliche Gesteinskörnung, Expositionsklasse XC1 (Bewehrungskorrosion durch Karbonatisierung, trocken/ständig nass), Feuchtigkeitsklasse WO (Betonkorrosion, trockene Umgebung), als Sichtbeton, mit normalen Anforderungen;130,0;m3;gaeb;sonstiges/26E30281.X83
0530;Schalung Innenwand, Stirnschalung wird gesondert vergütet, Schalungshaut geeignet für das Aufbringen von Dünnputz auf erhärtete Betonflächen, als Trägerschalung aus Schalungsplatten, mit Dreikantleiste für gefaste Betonkanten, Stöße geordnet, Hüllrohr aus Faserzement, Verschluss der Ankerstellen dur;1200,0;m2;gaeb;sonstiges/26E30281.X83
0540;"Schalung Innenwand, als Stirnschalung, Wanddicke über 20 bis 25 cm, Schalungshaut geeignet für sichtbar bleibende Betonflächen, 2. Schalseite ohne Anforderung, mit geringen Anforderungen, Klasse SB 1 gemäß DBV-Merkblatt ""Sichtbeton"", mit Dreikantleiste für gefaste Betonkanten, ohne Fuge, Bauteilhöhe";12,0;m;gaeb;sonstiges/26E30281.X83
0550;"Schalung Innenwand, als Stirnschalung, Wanddicke über 15 bis 20 cm, Schalungshaut geeignet für sichtbar bleibende Betonflächen, 2. Schalseite ohne Anforderung, mit geringen Anforderungen, Klasse SB 1 gemäß DBV-Merkblatt ""Sichtbeton"", mit Dreikantleiste für gefaste Betonkanten, ohne Fuge, Bauteilhöhe";8,0;m;gaeb;sonstiges/26E30281.X83
0560;"Ortbeton Brüstung, obere Betonfläche waagerecht, als Stahlbeton, Normalbeton C 25/30 DIN 1045-2, natürliche Gesteinskörnung, Expositionsklasse XC1 (Bewehrungskorrosion durch Karbonatisierung, trocken/ständig nass), als Sichtbeton, mit normalen Anforderungen, Klasse SB 2 gemäß DBV-Merkblatt ""Sichtbet";1,5;m3;gaeb;sonstiges/26E30281.X83
0570;Schalung Brüstung, Randschalung wird gesondert vergütet, Schalungshaut geeignet für das Aufbringen von Dünnputz auf erhärtete Betonflächen, als Trägerschalung aus Schalungsplatten, mit Dreikantleiste für gefaste Betonkanten, Stöße geordnet, Hüllrohr aus Faserzement, Verschluss der Ankerstellen durch;13,0;m2;gaeb;sonstiges/26E30281.X83
0580;Schalung Öffnung, Schalungshaut geeignet für das Aufbringen von Dünnputz auf erhärtete Betonflächen, Aussparungstiefe über 20 bis 30 cm, Einzelgröße der Aussparungen über 25000 bis 50000 cm2, Aussparungsform rechteckig, für Innenwand aus Ortbeton, Ausführung im Erdgeschoss.;41,0;m2;gaeb;sonstiges/26E30281.X83
0590;Schalung Öffnung, Schalungshaut geeignet für das Aufbringen von Dünnputz auf erhärtete Betonflächen, Aussparungstiefe über 20 bis 30 cm, Einzelgröße der Aussparungen über 10000 bis 25000 cm2, Aussparungsform rechteckig, für Innenwand aus Ortbeton, Ausführung im Erdgeschoss.;24,0;m2;gaeb;sonstiges/26E30281.X83
0600;Verwahrkasten/Bewehrungs-Rückbiegeelement aus Stahl, verzinkt, mit bauaufsichtlicher Zulassung, Breite über 10 bis 15 cm, zur Übertragung von Querkraft, Anordnung vertikal, 2-reihig, Stabdurchmesser 8 mm, Stababstand 15 cm, einschl. Entfernen des Gehäusedeckels und Rückbiegen Anschlussbewehrung nach;58,0;m;gaeb;sonstiges/26E30281.X83
0610;Maueranschlussschiene mit Dellenanker aus nichtrostendem Stahl, Profil 25/15, Einbau in Außenwand, einbauen.;20,0;m;gaeb;sonstiges/26E30281.X83
0620;"Ortbeton Außenwand, als Stahlbeton, Normalbeton C 25/30 DIN 1045-2, natürliche Gesteinskörnung, Expositionsklasse XC3 (Bewehrungskorrosion durch Karbonatisierung, mäßig feucht), als Sichtbeton, mit normalen Anforderungen, Klasse SB 2 gemäß DBV-Merkblatt ""Sichtbeton"", Dicke über 15 bis 25 cm, Ausführ";9,0;m3;gaeb;sonstiges/26E30281.X83
0630;Schalung Außenwand, Stirnschalung wird gesondert vergütet, Schalungshaut geeignet für das Aufbringen von Dünnputz auf erhärtete Betonflächen, als Trägerschalung aus Schalungsplatten, mit Dreikantleiste für gefaste Betonkanten, Stöße geordnet, Hüllrohr aus Faserzement, Verschluss der Ankerstellen dur;80,0;m2;gaeb;sonstiges/26E30281.X83
0640;Schalung Außenwand, als Stirnschalung, Grundriss der Stirnschalung rechtwinklig zur Seitenschalung, Wanddicke über 20 bis 25 cm, Schalungshaut geeignet für das Aufbringen von Dünnputz auf erhärtete Betonflächen, als Trägerschalung aus Schalungsplatten, einhäuptig, mit Dreikantleiste für gefaste Beto;15,0;m;gaeb;sonstiges/26E30281.X83
0650;"Schalung Öffnung, Schalungshaut geeignet für sichtbar bleibende Betonflächen, mit normalen Anforderungen, Klasse SB 2 gemäß DBV-Merkblatt ""Sichtbeton"", Aussparungstiefe über 20 bis 30 cm, Einzelgröße der Aussparungen über 25000 bis 50000 cm2, Aussparungsform rechteckig, mit Dreikantleisten für gefas";2,0;St;gaeb;sonstiges/26E30281.X83
0660;Ortbeton Sturz, für Fensteröffnung, obere Betonfläche waagerecht, als Stahlbeton, Normalbeton C 25/30 DIN 1045-2, natürliche Gesteinskörnung, Expositionsklasse XC3 (Bewehrungskorrosion durch Karbonatisierung, mäßig feucht), Feuchtigkeitsklasse WO (Betonkorrosion, trockene Umgebung), als Sichtbeton, ;172,0;m;gaeb;sonstiges/26E30281.X83
0670;Schalung Sturz, mit rechteckigem Querschnitt,;430,0;m2;gaeb;sonstiges/26E30281.X83
0680;"Ortbeton Brüstung, obere Betonfläche waagerecht, als Stahlbeton, Normalbeton C 25/30 DIN 1045-2, natürliche Gesteinskörnung, Expositionsklasse XC3 (Bewehrungskorrosion durch Karbonatisierung, mäßig feucht), als Sichtbeton, mit normalen Anforderungen, Klasse SB 2 gemäß DBV-Merkblatt ""Sichtbeton"", Dic";30,0;m3;gaeb;sonstiges/26E30281.X83
0690;Schalung Brüstung, Randschalung wird gesondert vergütet, Schalungshaut geeignet für das Aufbringen von Dünnputz auf erhärtete Betonflächen, als Trägerschalung aus Schalungsplatten, mit Dreikantleiste für gefaste Betonkanten, Stöße geordnet, Hüllrohr aus Faserzement, Verschluss der Ankerstellen durch;260,0;m2;gaeb;sonstiges/26E30281.X83
0700;Maueranschlussschiene mit Dellenanker aus nichtrostendem Stahl, Profil 25/15, Einbau in Außenwand, einbauen.;16,0;m;gaeb;sonstiges/26E30281.X83
0710;Ortbeton Innenwand, als Stahlbeton, Normalbeton C 25/30 DIN 1045-2, natürliche Gesteinskörnung, Expositionsklasse XC1 (Bewehrungskorrosion durch Karbonatisierung, trocken/ständig nass), Feuchtigkeitsklasse WO (Betonkorrosion, trockene Umgebung), als Sichtbeton, mit normalen Anforderungen, Klasse SB ;4,5;m3;gaeb;sonstiges/26E30281.X83
0720;Ortbeton Innenwand, als Stahlbeton, Normalbeton C 25/30 DIN 1045-2, natürliche Gesteinskörnung, Expositionsklasse XC1 (Bewehrungskorrosion durch Karbonatisierung, trocken/ständig nass), Feuchtigkeitsklasse WO (Betonkorrosion, trockene Umgebung), als Sichtbeton, mit normalen Anforderungen, Klasse SB ;130,0;m3;gaeb;sonstiges/26E30281.X83
0730;Schalung Innenwand, Randschalung wird gesondert vergütet, Schalungshaut geeignet für das Aufbringen von Dünnputz auf erhärtete Betonflächen, als Trägerschalung aus Schalungsplatten, mit Dreikantleiste für gefaste Betonkanten, Stöße geordnet, Hüllrohr aus Faserzement, Verschluss der Ankerstellen durc;1200,0;m2;gaeb;sonstiges/26E30281.X83
0740;"Schalung Innenwand, als Randschalung, Wanddicke über 20 bis 25 cm, Schalungshaut geeignet für sichtbar bleibende Betonflächen, 2. Schalseite ohne Anforderung, mit geringen Anforderungen, Klasse SB 1 gemäß DBV-Merkblatt ""Sichtbeton"", mit Dreikantleiste für gefaste Betonkanten, ohne Fuge, Bauteilhöhe ";12,0;m;gaeb;sonstiges/26E30281.X83
0750;"Schalung Innenwand, als Randschalung, Wanddicke über 15 bis 20 cm, Schalungshaut geeignet für sichtbar bleibende Betonflächen, 2. Schalseite ohne Anforderung, mit geringen Anforderungen, Klasse SB 1 gemäß DBV-Merkblatt ""Sichtbeton"", mit Dreikantleiste für gefaste Betonkanten, ohne Fuge, Bauteilhöhe ";8,0;m;gaeb;sonstiges/26E30281.X83
0760;"Ortbeton Brüstung, obere Betonfläche waagerecht, als Stahlbeton, Normalbeton C 25/30 DIN 1045-2, natürliche Gesteinskörnung, Expositionsklasse XC1 (Bewehrungskorrosion durch Karbonatisierung, trocken/ständig nass), als Sichtbeton, mit normalen Anforderungen, Klasse SB 2 gemäß DBV-Merkblatt ""Sichtbet";1,5;m3;gaeb;sonstiges/26E30281.X83
0770;Schalung Brüstung, Randschalung wird gesondert vergütet, Schalungshaut geeignet für das Aufbringen von Dünnputz auf erhärtete Betonflächen, als Trägerschalung aus Schalungsplatten, mit Dreikantleiste für gefaste Betonkanten, Stöße geordnet, Hüllrohr aus Faserzement, Verschluss der Ankerstellen durch;13,0;m2;gaeb;sonstiges/26E30281.X83
0780;Schalung Öffnung, Schalungshaut geeignet für das Aufbringen von Dünnputz auf erhärtete Betonflächen, Aussparungstiefe über 20 bis 30 cm, Einzelgröße der Aussparungen über 25000 bis 50000 cm2, Aussparungsform rechteckig, für Innenwand aus Ortbeton, Ausführung im 2. Obergeschoss.;50,0;m2;gaeb;sonstiges/26E30281.X83
0790;Schalung Öffnung, Schalungshaut geeignet für das Aufbringen von Dünnputz auf erhärtete Betonflächen, Aussparungstiefe über 20 bis 30 cm, Einzelgröße der Aussparungen über 10000 bis 25000 cm2, Aussparungsform rechteckig, für Innenwand aus Ortbeton, Ausführung im 2. Obergeschoss.;20,0;m2;gaeb;sonstiges/26E30281.X83
0800;Verwahrkasten/Bewehrungs-Rückbiegeelement aus Stahl, verzinkt, mit bauaufsichtlicher Zulassung, Breite über 10 bis 15 cm, zur Übertragung von Querkraft, Anordnung vertikal, 2-reihig, Stabdurchmesser 8 mm, Stababstand 15 cm, einschl. Entfernen des Gehäusedeckels und Rückbiegen Anschlussbewehrung nach;58,0;m;gaeb;sonstiges/26E30281.X83
0810;Maueranschlussschiene mit Dellenanker aus nichtrostendem Stahl, Profil 25/15, Einbau in Außenwand, einbauen.;20,0;m;gaeb;sonstiges/26E30281.X83
0820;"Ortbeton Außenwand, als Stahlbeton, Normalbeton C 25/30 DIN 1045-2, natürliche Gesteinskörnung, Expositionsklasse XC3 (Bewehrungskorrosion durch Karbonatisierung, mäßig feucht), als Sichtbeton, mit normalen Anforderungen, Klasse SB 2 gemäß DBV-Merkblatt ""Sichtbeton"", Dicke über 15 bis 25 cm, Ausführ";9,0;m3;gaeb;sonstiges/26E30281.X83
0830;Schalung Außenwand, Randschalung wird gesondert vergütet, Schalungshaut geeignet für das Aufbringen von Dünnputz auf erhärtete Betonflächen, als Trägerschalung aus Schalungsplatten, mit Dreikantleiste für gefaste Betonkanten, Stöße geordnet, Hüllrohr aus Faserzement, Verschluss der Ankerstellen durc;80,0;m2;gaeb;sonstiges/26E30281.X83
0840;Schalung Außenwand, als Randschalung, Grundriss der Randschalung rechtwinklig zur Seitenschalung, Wanddicke über 20 bis 25 cm, Schalungshaut geeignet für das Aufbringen von Dünnputz auf erhärtete Betonflächen, als Trägerschalung aus Schalungsplatten, einhäuptig, mit Dreikantleiste für gefaste Betonk;15,0;m;gaeb;sonstiges/26E30281.X83
0850;"Schalung Öffnung, Schalungshaut geeignet für sichtbar bleibende Betonflächen, mit normalen Anforderungen, Klasse SB 2 gemäß DBV-Merkblatt ""Sichtbeton"", Aussparungstiefe über 20 bis 30 cm, Einzelgröße der Aussparungen über 25000 bis 50000 cm2, Aussparungsform rechteckig, mit Dreikantleisten für gefas";2,0;St;gaeb;sonstiges/26E30281.X83
0860;Ortbeton Sturz, für Fensteröffnung, obere Betonfläche waagerecht, als Stahlbeton, Normalbeton C 25/30 DIN 1045-2, natürliche Gesteinskörnung, Expositionsklasse XC3 (Bewehrungskorrosion durch Karbonatisierung, mäßig feucht), Feuchtigkeitsklasse WO (Betonkorrosion, trockene Umgebung), als Sichtbeton, ;172,0;m;gaeb;sonstiges/26E30281.X83
0870;Schalung Sturz, mit rechteckigem Querschnitt,;430,0;m2;gaeb;sonstiges/26E30281.X83
0880;"Ortbeton Brüstung, obere Betonfläche waagerecht, als Stahlbeton, Normalbeton C 25/30 DIN 1045-2, natürliche Gesteinskörnung, Expositionsklasse XC3 (Bewehrungskorrosion durch Karbonatisierung, mäßig feucht), als Sichtbeton, mit normalen Anforderungen, Klasse SB 2 gemäß DBV-Merkblatt ""Sichtbeton"", Dic";30,0;m3;gaeb;sonstiges/26E30281.X83
0890;Schalung Brüstung, Randschalung wird gesondert vergütet, Schalungshaut geeignet für das Aufbringen von Dünnputz auf erhärtete Betonflächen, als Trägerschalung aus Schalungsplatten, mit Dreikantleiste für gefaste Betonkanten, Stöße geordnet, Hüllrohr aus Faserzement, Verschluss der Ankerstellen durch;260,0;m2;gaeb;sonstiges/26E30281.X83
0900;Maueranschlussschiene mit Dellenanker aus nichtrostendem Stahl, Profil 25/15, Einbau in Außenwand, einbauen.;16,0;m;gaeb;sonstiges/26E30281.X83
0910;Ortbeton Innenwand, als Stahlbeton, Normalbeton C 25/30 DIN 1045-2, natürliche Gesteinskörnung, Expositionsklasse XC1 (Bewehrungskorrosion durch Karbonatisierung, trocken/ständig nass), Feuchtigkeitsklasse WO (Betonkorrosion, trockene Umgebung), als Sichtbeton, mit normalen Anforderungen, Klasse SB ;6,0;m3;gaeb;sonstiges/26E30281.X83
0920;Ortbeton Innenwand, als Stahlbeton, Normalbeton C 25/30 DIN 1045-2, natürliche Gesteinskörnung, Expositionsklasse XC1 (Bewehrungskorrosion durch Karbonatisierung, trocken/ständig nass), Feuchtigkeitsklasse WO (Betonkorrosion, trockene Umgebung), als Sichtbeton, mit normalen Anforderungen, Klasse SB ;130,0;m3;gaeb;sonstiges/26E30281.X83
0930;Schalung Innenwand, Randschalung wird gesondert vergütet, Schalungshaut geeignet für das Aufbringen von Dünnputz auf erhärtete Betonflächen, als Trägerschalung aus Schalungsplatten, mit Dreikantleiste für gefaste Betonkanten, Stöße geordnet, Hüllrohr aus Faserzement, Verschluss der Ankerstellen durc;1200,0;m2;gaeb;sonstiges/26E30281.X83
0940;"Schalung Innenwand, als Randschalung, Wanddicke über 20 bis 25 cm, Schalungshaut geeignet für sichtbar bleibende Betonflächen, 2. Schalseite ohne Anforderung, mit geringen Anforderungen, Klasse SB 1 gemäß DBV-Merkblatt ""Sichtbeton"", mit Dreikantleiste für gefaste Betonkanten, ohne Fuge, Bauteilhöhe ";12,0;m;gaeb;sonstiges/26E30281.X83
0950;"Schalung Innenwand, als Randschalung, Wanddicke über 15 bis 20 cm, Schalungshaut geeignet für sichtbar bleibende Betonflächen, 2. Schalseite ohne Anforderung, mit geringen Anforderungen, Klasse SB 1 gemäß DBV-Merkblatt ""Sichtbeton"", mit Dreikantleiste für gefaste Betonkanten, ohne Fuge, Bauteilhöhe ";8,0;m;gaeb;sonstiges/26E30281.X83
0960;"Ortbeton Brüstung, obere Betonfläche waagerecht, als Stahlbeton, Normalbeton C 25/30 DIN 1045-2, natürliche Gesteinskörnung, Expositionsklasse XC1 (Bewehrungskorrosion durch Karbonatisierung, trocken/ständig nass), als Sichtbeton, mit normalen Anforderungen, Klasse SB 2 gemäß DBV-Merkblatt ""Sichtbet";1,5;m3;gaeb;sonstiges/26E30281.X83
0970;Schalung Brüstung, Randschalung wird gesondert vergütet, Schalungshaut geeignet für das Aufbringen von Dünnputz auf erhärtete Betonflächen, als Trägerschalung aus Schalungsplatten, mit Dreikantleiste für gefaste Betonkanten, Stöße geordnet, Hüllrohr aus Faserzement, Verschluss der Ankerstellen durch;13,0;m2;gaeb;sonstiges/26E30281.X83
0980;Schalung Öffnung, Schalungshaut geeignet für das Aufbringen von Dünnputz auf erhärtete Betonflächen, Aussparungstiefe über 20 bis 30 cm, Einzelgröße der Aussparungen über 25000 bis 50000 cm2, Aussparungsform rechteckig, für Innenwand aus Ortbeton, Ausführung im 3. Obergeschoss.;49,0;m2;gaeb;sonstiges/26E30281.X83
0990;Schalung Öffnung, Schalungshaut geeignet für das Aufbringen von Dünnputz auf erhärtete Betonflächen, Aussparungstiefe über 20 bis 30 cm, Einzelgröße der Aussparungen über 10000 bis 25000 cm2, Aussparungsform rechteckig, für Innenwand aus Ortbeton, Ausführung im 3. Obergeschoss.;25,0;m2;gaeb;sonstiges/26E30281.X83
1000;Verwahrkasten/Bewehrungs-Rückbiegeelement aus Stahl, verzinkt, mit bauaufsichtlicher Zulassung, Breite über 10 bis 15 cm, zur Übertragung von Querkraft, Anordnung vertikal, 2-reihig, Stabdurchmesser 8 mm, Stababstand 15 cm, einschl. Entfernen des Gehäusedeckels und Rückbiegen Anschlussbewehrung nach;58,0;m;gaeb;sonstiges/26E30281.X83
1010;Maueranschlussschiene mit Dellenanker aus nichtrostendem Stahl, Profil 25/15, Einbau in Außenwand, einbauen.;20,0;m;gaeb;sonstiges/26E30281.X83
1020;"Ortbeton Außenwand, als Stahlbeton, Normalbeton C 25/30 DIN 1045-2, natürliche Gesteinskörnung, Expositionsklasse XC3 (Bewehrungskorrosion durch Karbonatisierung, mäßig feucht), als Sichtbeton, mit normalen Anforderungen, Klasse SB 2 gemäß DBV-Merkblatt ""Sichtbeton"", Dicke über 15 bis 25 cm, Ausführ";74,0;m3;gaeb;sonstiges/26E30281.X83
1030;"Ortbeton Wandversprung, horizontal, Versprungtiefe 21 cm, als Stahlbeton, Normalbeton C 25/30 DIN 1045-2, natürliche Gesteinskörnung, Expositionsklasse XC3 (Bewehrungskorrosion durch Karbonatisierung, mäßig feucht), als Sichtbeton, mit normalen Anforderungen, Klasse SB 2 gemäß DBV-Merkblatt ""Sichtbe";2,5;m3;gaeb;sonstiges/26E30281.X83
1040;"Ortbeton Wandversprung, geneigt, Versprungtiefe 21 cm, als Stahlbeton, Normalbeton C 25/30 DIN 1045-2, natürliche Gesteinskörnung, Expositionsklasse XC3 (Bewehrungskorrosion durch Karbonatisierung, mäßig feucht), als Sichtbeton, mit normalen Anforderungen, Klasse SB 2 gemäß DBV-Merkblatt ""Sichtbeton";1,6;m3;gaeb;sonstiges/26E30281.X83
1050;"Ortbeton Stütze, innen und außen, als Stahlbeton, Normalbeton C 25/30 DIN 1045-2, natürliche Gesteinskörnung, Expositionsklasse XC3 (Bewehrungskorrosion durch Karbonatisierung, mäßig feucht), als Sichtbeton, mit normalen Anforderungen, Klasse SB 2 gemäß DBV-Merkblatt ""Sichtbeton"", rechteckig, Länge ";3,0;St;gaeb;sonstiges/26E30281.X83
1060;Schalung Außenwand, Stirnschalung wird gesondert vergütet, Schalungshaut geeignet für das Aufbringen von Dünnputz auf erhärtete Betonflächen, als Trägerschalung aus Schalungsplatten, mit Dreikantleiste für gefaste Betonkanten, Stöße geordnet, Hüllrohr aus Faserzement, Verschluss der Ankerstellen dur;640,0;m2;gaeb;sonstiges/26E30281.X83
1070;Schalung Außenwand, als Stirnschalung, Grundriss der Stirnschalung rechtwinklig zur Seitenschalung, Wanddicke über 20 bis 25 cm, Schalungshaut geeignet für das Aufbringen von Dünnputz auf erhärtete Betonflächen, als Trägerschalung aus Schalungsplatten, einhäuptig, mit Dreikantleiste für gefaste Beto;11,0;m;gaeb;sonstiges/26E30281.X83
1080;"Schalung Öffnung, Schalungshaut geeignet für sichtbar bleibende Betonflächen, mit normalen Anforderungen, Klasse SB 2 gemäß DBV-Merkblatt ""Sichtbeton"", Aussparungstiefe über 20 bis 30 cm, Einzelgröße der Aussparungen über 25000 bis 50000 cm2, Aussparungsform rechteckig, mit Dreikantleisten für gefas";2,0;St;gaeb;sonstiges/26E30281.X83
1090;"Schalung Öffnung, Schalungshaut geeignet für sichtbar bleibende Betonflächen, mit normalen Anforderungen, Klasse SB 2 gemäß DBV-Merkblatt ""Sichtbeton"", Aussparungstiefe über 20 bis 30 cm, Einzelgröße der Aussparungen über 50000 bis 75000 cm2, Aussparungsform rechteckig, mit Dreikantleisten für gefas";1,0;St;gaeb;sonstiges/26E30281.X83
1100;"Ortbeton Brüstung, obere Betonfläche waagerecht, als Stahlbeton, Normalbeton C 25/30 DIN 1045-2, natürliche Gesteinskörnung, Expositionsklasse XC3 (Bewehrungskorrosion durch Karbonatisierung, mäßig feucht), als Sichtbeton, mit normalen Anforderungen, Klasse SB 2 gemäß DBV-Merkblatt ""Sichtbeton"", Dic";29,0;m3;gaeb;sonstiges/26E30281.X83
1110;Schalung Brüstung, Stirnschalung wird gesondert vergütet, Schalungshaut geeignet für das Aufbringen von Dünnputz auf erhärtete Betonflächen, als Trägerschalung aus Schalungsplatten, mit Dreikantleiste für gefaste Betonkanten, Stöße geordnet, Hüllrohr aus Faserzement, Verschluss der Ankerstellen durc;230,0;m2;gaeb;sonstiges/26E30281.X83
1120;Maueranschlussschiene mit Dellenanker aus nichtrostendem Stahl, Profil 25/15, Einbau in Außenwand, einbauen.;22,0;m;gaeb;sonstiges/26E30281.X83
1130;Ortbeton Innenwand, als Stahlbeton, Normalbeton C 25/30 DIN 1045-2, natürliche Gesteinskörnung, Expositionsklasse XC1 (Bewehrungskorrosion durch Karbonatisierung, trocken/ständig nass), Feuchtigkeitsklasse WO (Betonkorrosion, trockene Umgebung), als Sichtbeton, mit normalen Anforderungen, Klasse SB ;12,0;m3;gaeb;sonstiges/26E30281.X83
1140;Schalung Innenwand, Randschalung wird gesondert vergütet, Schalungshaut geeignet für das Aufbringen von Dünnputz auf erhärtete Betonflächen, als Trägerschalung aus Schalungsplatten, mit Dreikantleiste für gefaste Betonkanten, Stöße geordnet, Hüllrohr aus Faserzement, Verschluss der Ankerstellen durc;120,0;m2;gaeb;sonstiges/26E30281.X83
1150;Schalung Öffnung, Schalungshaut geeignet für das Aufbringen von Dünnputz auf erhärtete Betonflächen, Aussparungstiefe über 20 bis 30 cm, Einzelgröße der Aussparungen über 25000 bis 50000 cm2, Aussparungsform rechteckig, für Innenwand aus Ortbeton, Ausführung im 3. Obergeschoss.;3,0;m2;gaeb;sonstiges/26E30281.X83
1160;Schalung Öffnung, Schalungshaut geeignet für das Aufbringen von Dünnputz auf erhärtete Betonflächen, Aussparungstiefe über 20 bis 30 cm, Einzelgröße der Aussparungen über 10000 bis 25000 cm2, Aussparungsform rechteckig, für Innenwand aus Ortbeton, Ausführung im 3. Obergeschoss.;2,3;m2;gaeb;sonstiges/26E30281.X83
1170;Verwahrkasten/Bewehrungs-Rückbiegeelement aus Stahl, verzinkt, mit bauaufsichtlicher Zulassung, Breite über 10 bis 15 cm, zur Übertragung von Querkraft, Anordnung vertikal, 2-reihig, Stabdurchmesser 8 mm, Stababstand 15 cm, einschl. Entfernen des Gehäusedeckels und Rückbiegen Anschlussbewehrung nach;23,0;m;gaeb;sonstiges/26E30281.X83
1180;Montagerüstungen in Aufzugschächten und Abströmschächten je Etage;1,0;St;gaeb;sonstiges/26E30281.X83
1190;Montagerüstungen in Aufzugschächten und Abströmschächten je Etage;1,0;St;gaeb;sonstiges/26E30281.X83
1200;Einbau bauseitig gelieferter Ankerschienen in die Aufzugs-Schachtwände für die spätere Montage der Aufzugsanlagen;100,0;m;gaeb;sonstiges/26E30281.X83
1210;Einbau bauseitig gelieferter Rüsthülsen, Lastösen und sonstiger Einbauteile in die Aufzugs-Schachtdecke und Wände für die spätere Montage der Aufzugsanlagen;1,0;psch;gaeb;sonstiges/26E30281.X83
1220;Einbau bauseitig gelieferter Rüsthülsen, Lastösen und sonstiger Einbauteile in die Aufzugs-Schachtdecke und Wände für die spätere Montage der Aufzugsanlagen;1,0;psch;gaeb;sonstiges/26E30281.X83
0010;Ortbeton Deckenplatte, obere Betonfläche waagerecht, als Stahlbeton, Normalbeton C 25/30 DIN EN 206, DIN 1045-2, natürliche Gesteinskörnung, Expositionsklasse XC1 (Bewehrungskorrosion durch Karbonatisierung, trocken/ständig nass), als Sichtbeton, mit normalen Anforderungen, Klasse SB 2 gemäß DBV-Mer;650,0;m3;gaeb;sonstiges/26E30281.X83
0020;Ortbeton Deckenplatte, obere Betonfläche waagerecht, als Stahlbeton, Normalbeton C 25/30 DIN EN 206, DIN 1045-2, natürliche Gesteinskörnung, Expositionsklasse XC2 (Bewehrungskorrosion durch Karbonatisierung, nass/selten trocken), als Sichtbeton, mit normalen Anforderungen, Klasse SB 2 gemäß DBV-Merk;135,0;m3;gaeb;sonstiges/26E30281.X83
0030;Ortbeton Deckenplatte, obere Betonfläche geneigt, Neigung bis 10 Grad, als Stahlbeton, Normalbeton C 25/30 DIN 1045-2, natürliche Gesteinskörnung, Expositionsklasse XC2 (Bewehrungskorrosion durch Karbonatisierung, nass/selten trocken), als Sichtbeton, mit normalen Anforderungen, Klasse SB 2 gemäß DB;4,5;m3;gaeb;sonstiges/26E30281.X83
0040;Ortbeton Deckenplatte, obere Betonfläche waagerecht, als Stahlbeton, Normalbeton C 35/45 DIN EN 206, DIN 1045-2, natürliche Gesteinskörnung, Expositionsklasse XF1 (Frostangriff, mäßige Wassersättigung ohne Taumittel), Expositionsklasse XA3 (Betonkorrosion durch chemisch stark angreifende Umgebung), ;20,0;m3;gaeb;sonstiges/26E30281.X83
0050;Ortbeton Deckenplatte, obere Betonfläche waagerecht, als Stahlbeton, Normalbeton C 25/30 DIN EN 206, DIN 1045-2, natürliche Gesteinskörnung, Expositionsklasse XF1 (Frostangriff, mäßige Wassersättigung ohne Taumittel), Expositionsklasse XC2 (Bewehrungskorrosion durch Karbonatisierung, nass/selten tro;9,0;m3;gaeb;sonstiges/26E30281.X83
0060;Schalung Deckenplatte, Schalungshaut geeignet für das Aufbringen von Beschichtungen auf erhärtete Betonflächen, aus GF-Schalungsplatten DIN 68791, mit geordneten Stößen, Hüllrohr aus Faserzement, Verschluss der Ankerstellen durch Faserzementstopfen, Ankerstellen bündig,;1670,0;m2;gaeb;sonstiges/26E30281.X83
0070;Schalung Deckenplatte, Schalungshaut geeignet für das Aufbringen von Beschichtungen auf erhärtete Betonflächen, aus GF-Schalungsplatten DIN 68791, mit geordneten Stößen, Hüllrohr aus Faserzement, Verschluss der Ankerstellen durch Faserzementstopfen, Ankerstellen bündig,;400,0;m2;gaeb;sonstiges/26E30281.X83
0080;Schalung Deckenplatte, Schalungshaut geeignet für das Aufbringen von Beschichtungen auf erhärtete Betonflächen, aus GF-Schalungsplatten DIN 68791, mit geordneten Stößen, Hüllrohr aus Faserzement, Verschluss der Ankerstellen durch Faserzementstopfen, Ankerstellen bündig,;90,0;m2;gaeb;sonstiges/26E30281.X83
0090;Schalung Deckenplatte, als Randschalung, Schalungshöhe über 25 bis 50 cm, aus GF-Schalungsplatten DIN 68791, mit unregelmäßigen Stößen, Deckendicke über 35 bis 40 cm, Ausführung im Kellergeschoss.;430,0;m;gaeb;sonstiges/26E30281.X83
0100;"Schalung Öffnung, geeignet für späteres Verschließen, Schalungshaut geeignet für sichtbar bleibende Betonflächen, mit normalen Anforderungen, Klasse SB 2 gemäß DBV-Merkblatt ""Sichtbeton"", Aussparungstiefe über 20 bis 30 cm, Einzelgröße der Aussparungen über 75000 bis 100000 cm2, Aussparungsform rech";10,0;m2;gaeb;sonstiges/26E30281.X83
0110;Ortbeton Deckenplatte, obere Betonfläche waagerecht, als Stahlbeton, Normalbeton C 30/37 DIN EN 206, DIN 1045-2, natürliche Gesteinskörnung, Expositionsklasse XC1 (Bewehrungskorrosion durch Karbonatisierung, trocken/ständig nass), als Sichtbeton, mit normalen Anforderungen, Klasse SB 2 gemäß DBV-Mer;520,0;m3;gaeb;sonstiges/26E30281.X83
0120;"Ortbeton Deckenplatte, obere Betonfläche waagerecht, als Stahlbeton, Normalbeton C 30/37 DIN EN 206, DIN 1045-2, natürliche Gesteinskörnung, Expositionsklasse XC3 (Bewehrungskorrosion durch Karbonatisierung, mäßig feucht), als Sichtbeton, mit normalen Anforderungen, Klasse SB 2 gemäß DBV-Merkblatt """;140,0;m3;gaeb;sonstiges/26E30281.X83
0130;"Ortbeton Deckenplatte, obere Betonfläche waagerecht, als Stahlbeton, Normalbeton C 25/30 DIN EN 206, DIN 1045-2, natürliche Gesteinskörnung, Expositionsklasse XC3 (Bewehrungskorrosion durch Karbonatisierung, mäßig feucht), als Sichtbeton, mit normalen Anforderungen, Klasse SB 2 gemäß DBV-Merkblatt """;54,0;m3;gaeb;sonstiges/26E30281.X83
0140;Schalung Deckenplatte,;1710,0;m2;gaeb;sonstiges/26E30281.X83
0150;Schalung Deckenplatte, Schalungshaut geeignet für das Aufbringen von Beschichtungen auf erhärtete Betonflächen, aus GF-Schalungsplatten DIN 68791, mit geordneten Stößen, Hüllrohr aus Faserzement, Verschluss der Ankerstellen durch Faserzementstopfen, Ankerstellen bündig,;210,0;m2;gaeb;sonstiges/26E30281.X83
0160;Schalung Deckenplatte, als Randschalung, Schalungshöhe über 25 bis 50 cm, aus GF-Schalungsplatten DIN 68791, mit unregelmäßigen Stößen, Deckendicke über 35 bis 40 cm, Ausführung im Erdgeschoss.;380,0;m;gaeb;sonstiges/26E30281.X83
0170;Abstellelement aus konstruktiv verstärktem Streckmetall für Arbeitsfuge in Boden- oder Deckenplatten.;23,0;m;gaeb;sonstiges/26E30281.X83
0180;"Ortbeton Deckenplatte, obere Betonfläche waagerecht, als Stahlbeton, Normalbeton C 30/37 DIN 1045-2, natürliche Gesteinskörnung, Expositionsklasse XC1 (Bewehrungskorrosion durch Karbonatisierung, trocken/ständig nass), als Sichtbeton, mit normalen Anforderungen, Klasse SB 2 gemäß DBV-Merkblatt ""Sich";490,0;m3;gaeb;sonstiges/26E30281.X83
0190;"Ortbeton Deckenplatte, obere Betonfläche waagerecht, als Stahlbeton, Normalbeton C 30/37 DIN 1045-2, natürliche Gesteinskörnung, Expositionsklasse XC3 (Bewehrungskorrosion durch Karbonatisierung, mäßig feucht), als Sichtbeton, mit normalen Anforderungen, Klasse SB 2 gemäß DBV-Merkblatt ""Sichtbeton"",";76,0;m3;gaeb;sonstiges/26E30281.X83
0200;Schalung Deckenplatte,;1350,0;m2;gaeb;sonstiges/26E30281.X83
0210;Schalung Deckenplatte, Schalungshaut geeignet für das Aufbringen von Beschichtungen auf erhärtete Betonflächen, aus GF-Schalungsplatten DIN 68791, mit geordneten Stößen, Hüllrohr aus Faserzement, Verschluss der Ankerstellen durch Faserzementstopfen, Ankerstellen bündig,;200,0;m2;gaeb;sonstiges/26E30281.X83
0220;Schalung Deckenplatte, als Randschalung, Schalungshöhe über 25 bis 50 cm, aus GF-Schalungsplatten DIN 68791, mit unregelmäßigen Stößen, Deckendicke über 35 bis 40 cm, Ausführung im 1. Obergeschoss.;360,0;m;gaeb;sonstiges/26E30281.X83
0230;Abstellelement aus konstruktiv verstärktem Streckmetall für Arbeitsfuge in Boden- oder Deckenplatten.;23,0;m;gaeb;sonstiges/26E30281.X83
0240;Ortbeton Deckenplatte als oberer Bauwerksabschluss, obere Betonfläche waagerecht, als Stahlbeton, Normalbeton C 30/37 DIN 1045-2, natürliche Gesteinskörnung, Expositionsklasse XC3 (Bewehrungskorrosion durch Karbonatisierung, mäßig feucht), als Sichtbeton, mit normalen Anforderungen, Klasse SB 2 gemä;0,7;m3;gaeb;sonstiges/26E30281.X83
0250;Schalung Deckenplatte als oberer Bauwerksabschluss, Schalungshaut geeignet für das Aufbringen von Beschichtungen auf erhärtete Betonflächen, aus GF-Schalungsplatten DIN 68791, mit geordneten Stößen, Hüllrohr aus Faserzement, Verschluss der Ankerstellen durch Faserzementstopfen, Ankerstellen bündig,;4,5;m2;gaeb;sonstiges/26E30281.X83
0260;Schalung Deckenplatte als oberer Bauwerksabschluss, als Randschalung, Schalungshöhe über 25 bis 50 cm, aus GF-Schalungsplatten DIN 68791, mit unregelmäßigen Stößen, Deckendicke über 12 bis 18 cm, Ausführung im 1. Obergeschoss.;6,0;m;gaeb;sonstiges/26E30281.X83
0270;"Ortbeton Deckenplatte, obere Betonfläche waagerecht, als Stahlbeton, Normalbeton C 30/37 DIN 1045-2, natürliche Gesteinskörnung, Expositionsklasse XC1 (Bewehrungskorrosion durch Karbonatisierung, trocken/ständig nass), als Sichtbeton, mit normalen Anforderungen, Klasse SB 2 gemäß DBV-Merkblatt ""Sich";480,0;m3;gaeb;sonstiges/26E30281.X83
0280;Schalung Deckenplatte,;1300,0;m2;gaeb;sonstiges/26E30281.X83
0290;Schalung Deckenplatte, als Randschalung, Schalungshöhe über 25 bis 50 cm, aus GF-Schalungsplatten DIN 68791, mit unregelmäßigen Stößen, Deckendicke über 35 bis 40 cm, Ausführung im 2. Obergeschoss.;330,0;m;gaeb;sonstiges/26E30281.X83
0300;Ortbeton Deckenplatte als oberer Bauwerksabschluss, obere Betonfläche waagerecht, als Stahlbeton, Normalbeton C 30/37 DIN 1045-2, natürliche Gesteinskörnung, Expositionsklasse XC3 (Bewehrungskorrosion durch Karbonatisierung, mäßig feucht), als Sichtbeton, mit normalen Anforderungen, Klasse SB 2 gemä;490,0;m3;gaeb;sonstiges/26E30281.X83
0310;Schalung Deckenplatte als oberer Bauwerksabschluss,;1350,0;m2;gaeb;sonstiges/26E30281.X83
0320;Schalung Deckenplatte als oberer Bauwerksabschluss, als Randschalung, Schalungshöhe über 25 bis 50 cm, aus GF-Schalungsplatten DIN 68791, mit unregelmäßigen Stößen, Deckendicke über 35 bis 40 cm, Ausführung im 3. Obergeschoss.;310,0;m;gaeb;sonstiges/26E30281.X83
0330;Schalung Öffnung, Aussparungstiefe über 20 bis 30 cm, Einzelgröße der Aussparungen über 500 bis 2500 cm2, Aussparungsform rechteckig, für Deckenplatte als oberer Bauwerksabschluss aus Ortbeton, Ausführung im 3. Obergeschoss.;3,0;m2;gaeb;sonstiges/26E30281.X83
0340;Schalung Öffnung, geeignet für späteres Verschließen, Aussparungstiefe über 20 bis 30 cm, Einzelgröße der Aussparungen über 75000 bis 100000 cm2, Aussparungsform rechteckig, für Deckenplatte als oberer Bauwerksabschluss aus Ortbeton, Ausführung im 3. Obergeschoss.;16,0;m2;gaeb;sonstiges/26E30281.X83
0350;Ortbeton Deckenplatte als oberer Bauwerksabschluss, obere Betonfläche geneigt, Neigung bis 10 Grad, als Stahlbeton, Normalbeton C 30/37 DIN 1045-2, natürliche Gesteinskörnung, Expositionsklasse XC3 (Bewehrungskorrosion durch Karbonatisierung, mäßig feucht), als Sichtbeton, mit normalen Anforderungen;9,5;m3;gaeb;sonstiges/26E30281.X83
0360;Schalung Deckenplatte als oberer Bauwerksabschluss,;46,0;m2;gaeb;sonstiges/26E30281.X83
0370;Schalung Deckenplatte als oberer Bauwerksabschluss, als Randschalung, Schalungshöhe über 25 bis 50 cm, aus GF-Schalungsplatten DIN 68791, mit unregelmäßigen Stößen, Deckendicke über 35 bis 40 cm, Ausführung im 3. Obergeschoss.;38,0;m;gaeb;sonstiges/26E30281.X83
0380;Schalung Öffnung, Aussparungstiefe über 20 bis 30 cm, Einzelgröße der Aussparungen über 500 bis 2500 cm2, Aussparungsform rechteckig, für Deckenplatte als oberer Bauwerksabschluss aus Ortbeton, Ausführung im 4. Obergeschoss.;3,0;m2;gaeb;sonstiges/26E30281.X83
0390;Ortbeton Treppenpodestplatte, als Stahlbeton, Normalbeton C 20/25 DIN 1045-2, natürliche Gesteinskörnung, Plattendicke 30 cm, einschl. Traggerüst Bemessungsklasse A, Ausführung gemäß Zeichnung,;16,0;m3;gaeb;sonstiges/26E30281.X83
0400;"Schalung Deckenplatte, Schalungshaut geeignet für sichtbar bleibende Betonflächen, mit normalen Anforderungen, Klasse SB 2 gemäß DBV-Merkblatt ""Sichtbeton"", aus GF-Schalungsplatten DIN 68791, Oberfläche glatt, Schalung neu, geschraubt und verspachtelt, ohne Fuge,";53,0;m2;gaeb;sonstiges/26E30281.X83
0410;Schalung Deckenplatte, als Randschalung, Schalungshöhe über 25 bis 50 cm, aus GF-Schalungsplatten DIN 68791, mit unregelmäßigen Stößen, Deckendicke über 25 bis 30 cm, Ausführung in allen Geschossen.;51,0;m;gaeb;sonstiges/26E30281.X83
0010;Ortbeton Stütze, innen, als Stahlbeton, Normalbeton C 30/37 DIN 1045-2, natürliche Gesteinskörnung, Expositionsklasse XC1 (Bewehrungskorrosion durch Karbonatisierung, trocken/ständig nass), Feuchtigkeitsklasse WO (Betonkorrosion, trockene Umgebung), als Sichtbeton, mit geringen Anforderungen, Klasse;15,0;m;gaeb;sonstiges/26E30281.X83
0020;Ortbeton Stütze, innen, als Stahlbeton, Normalbeton C 25/30 DIN 1045-2, natürliche Gesteinskörnung, Expositionsklasse XC2 (Bewehrungskorrosion durch Karbonatisierung, nass/selten trocken), Feuchtigkeitsklasse WO (Betonkorrosion, trockene Umgebung), als Sichtbeton, mit geringen Anforderungen, Klasse ;23,0;m;gaeb;sonstiges/26E30281.X83
0030;"Schalung Stütze, innen, Querschnitt quadratisch, Bauteilquerschnitt über 1000 bis 1250 cm2, Schalungshaut geeignet für sichtbar bleibende Betonflächen, mit geringen Anforderungen, Klasse SB 1 gemäß DBV-Merkblatt ""Sichtbeton"", als Trägerschalung aus Schalungsplatten, mit Dreikantleiste für gefaste Be";66,0;m2;gaeb;sonstiges/26E30281.X83
0040;Ortbeton Stütze, innen, als Stahlbeton, Normalbeton C 30/37 DIN 1045-2, natürliche Gesteinskörnung, Expositionsklasse XC1 (Bewehrungskorrosion durch Karbonatisierung, trocken/ständig nass), Feuchtigkeitsklasse WO (Betonkorrosion, trockene Umgebung), als Sichtbeton, mit geringen Anforderungen, Klasse;20,0;m;gaeb;sonstiges/26E30281.X83
0050;Ortbeton Stütze, innen, als Stahlbeton, Normalbeton C 30/37 DIN 1045-2, natürliche Gesteinskörnung, Expositionsklasse XC1 (Bewehrungskorrosion durch Karbonatisierung, trocken/ständig nass), Feuchtigkeitsklasse WO (Betonkorrosion, trockene Umgebung), als Sichtbeton, mit geringen Anforderungen, Klasse;4,0;m;gaeb;sonstiges/26E30281.X83
0060;Ortbeton Stütze, innen, als Stahlbeton, Normalbeton C 30/37 DIN 1045-2, natürliche Gesteinskörnung, Expositionsklasse XC1 (Bewehrungskorrosion durch Karbonatisierung, trocken/ständig nass), Feuchtigkeitsklasse WO (Betonkorrosion, trockene Umgebung), als Sichtbeton, mit geringen Anforderungen, Klasse;41,0;m;gaeb;sonstiges/26E30281.X83
0070;Ortbeton Stütze, innen, als Stahlbeton, Normalbeton C 30/37 DIN 1045-2, natürliche Gesteinskörnung, Expositionsklasse XC1 (Bewehrungskorrosion durch Karbonatisierung, trocken/ständig nass), Feuchtigkeitsklasse WO (Betonkorrosion, trockene Umgebung), als Sichtbeton, mit geringen Anforderungen, Klasse;4,0;m;gaeb;sonstiges/26E30281.X83
0080;Ortbeton Stütze, innen, als Stahlbeton, Normalbeton C 25/30 DIN 1045-2, natürliche Gesteinskörnung, Expositionsklasse XF1 (Frostangriff, mäßige Wassersättigung ohne Taumittel), Expositionsklasse XC4 (Bewehrungskorrosion durch Karbonatisierung, wechselnd nass und trocken), Feuchtigkeitsklasse WF (Bet;15,0;m;gaeb;sonstiges/26E30281.X83
0090;Schalung Stütze, innen, Querschnitt quadratisch, Bauteilquerschnitt über 1000 bis 1250 cm2, Schalungshaut geeignet für das Aufbringen von Dünnputz auf erhärtete Betonflächen, als Trägerschalung aus GF-Schalungsplatten DIN 68791, mit Dreikantleiste für gefaste Betonkanten, Hüllrohr aus Faserzement, V;130,0;m2;gaeb;sonstiges/26E30281.X83
0100;Ortbeton Stütze, innen, als Stahlbeton, Normalbeton C 30/37 DIN 1045-2, natürliche Gesteinskörnung, Expositionsklasse XC1 (Bewehrungskorrosion durch Karbonatisierung, trocken/ständig nass), Feuchtigkeitsklasse WO (Betonkorrosion, trockene Umgebung), als Sichtbeton, mit normalen Anforderungen, Klasse;96,0;m;gaeb;sonstiges/26E30281.X83
0110;Schalung Stütze, innen, Querschnitt rund,;140,0;m2;gaeb;sonstiges/26E30281.X83
0120;Ortbeton Stütze, innen, als Stahlbeton, Normalbeton C 30/37 DIN 1045-2, natürliche Gesteinskörnung, Expositionsklasse XC1 (Bewehrungskorrosion durch Karbonatisierung, trocken/ständig nass), Feuchtigkeitsklasse WO (Betonkorrosion, trockene Umgebung), als Sichtbeton, mit geringen Anforderungen, Klasse;20,0;m;gaeb;sonstiges/26E30281.X83
0130;Ortbeton Stütze, innen, als Stahlbeton, Normalbeton C 30/37 DIN 1045-2, natürliche Gesteinskörnung, Expositionsklasse XC1 (Bewehrungskorrosion durch Karbonatisierung, trocken/ständig nass), Feuchtigkeitsklasse WO (Betonkorrosion, trockene Umgebung), als Sichtbeton, mit geringen Anforderungen, Klasse;4,0;m;gaeb;sonstiges/26E30281.X83
0140;Schalung Stütze, innen, Querschnitt quadratisch, Bauteilquerschnitt über 1000 bis 1250 cm2, Schalungshaut geeignet für das Aufbringen von Dünnputz auf erhärtete Betonflächen, als Trägerschalung aus GF-Schalungsplatten DIN 68791, mit Dreikantleiste für gefaste Betonkanten, Hüllrohr aus Faserzement, V;29,0;m2;gaeb;sonstiges/26E30281.X83
0150;Ortbeton Stütze, innen, als Stahlbeton, Normalbeton C 30/37 DIN 1045-2, natürliche Gesteinskörnung, Expositionsklasse XC1 (Bewehrungskorrosion durch Karbonatisierung, trocken/ständig nass), Feuchtigkeitsklasse WO (Betonkorrosion, trockene Umgebung), als Sichtbeton, mit geringen Anforderungen, Klasse;85,0;m;gaeb;sonstiges/26E30281.X83
0160;Schalung Stütze, innen, Querschnitt rund,;120,0;m2;gaeb;sonstiges/26E30281.X83
0170;Ortbeton Stütze, innen, als Stahlbeton, Normalbeton C 30/37 DIN 1045-2, natürliche Gesteinskörnung, Expositionsklasse XC1 (Bewehrungskorrosion durch Karbonatisierung, trocken/ständig nass), Feuchtigkeitsklasse WO (Betonkorrosion, trockene Umgebung), als Sichtbeton, mit geringen Anforderungen, Klasse;20,0;m;gaeb;sonstiges/26E30281.X83
0180;Schalung Stütze, innen, Querschnitt quadratisch, Bauteilquerschnitt über 1000 bis 1250 cm2, Schalungshaut geeignet für das Aufbringen von Dünnputz auf erhärtete Betonflächen, als Trägerschalung aus GF-Schalungsplatten DIN 68791, mit Dreikantleiste für gefaste Betonkanten, Hüllrohr aus Faserzement, V;21,0;m2;gaeb;sonstiges/26E30281.X83
0190;Ortbeton Stütze, innen, als Stahlbeton, Normalbeton C 30/37 DIN 1045-2, natürliche Gesteinskörnung, Expositionsklasse XC1 (Bewehrungskorrosion durch Karbonatisierung, trocken/ständig nass), Feuchtigkeitsklasse WO (Betonkorrosion, trockene Umgebung), als Sichtbeton, mit geringen Anforderungen, Klasse;93,0;m;gaeb;sonstiges/26E30281.X83
0200;Schalung Stütze, innen, Querschnitt rund,;120,0;m2;gaeb;sonstiges/26E30281.X83
0210;Ortbeton Stütze, innen, als Stahlbeton, Normalbeton C 30/37 DIN 1045-2, natürliche Gesteinskörnung, Expositionsklasse XC1 (Bewehrungskorrosion durch Karbonatisierung, trocken/ständig nass), Feuchtigkeitsklasse WO (Betonkorrosion, trockene Umgebung), als Sichtbeton, mit geringen Anforderungen, Klasse;20,0;m;gaeb;sonstiges/26E30281.X83
0220;Schalung Stütze, innen, Querschnitt quadratisch, Bauteilquerschnitt über 1000 bis 1250 cm2, Schalungshaut geeignet für das Aufbringen von Dünnputz auf erhärtete Betonflächen, als Trägerschalung aus GF-Schalungsplatten DIN 68791, mit Dreikantleiste für gefaste Betonkanten, Hüllrohr aus Faserzement, V;21,0;m2;gaeb;sonstiges/26E30281.X83
0230;Ortbeton Stütze, innen, als Stahlbeton, Normalbeton C 30/37 DIN 1045-2, natürliche Gesteinskörnung, Expositionsklasse XC1 (Bewehrungskorrosion durch Karbonatisierung, trocken/ständig nass), Feuchtigkeitsklasse WO (Betonkorrosion, trockene Umgebung), als Sichtbeton, mit geringen Anforderungen, Klasse;94,0;m;gaeb;sonstiges/26E30281.X83
0240;Schalung Stütze, innen, Querschnitt rund,;120,0;m2;gaeb;sonstiges/26E30281.X83
0010;Ortbeton Unterzug, obere Betonfläche waagerecht, als Stahlbeton, Normalbeton C 30/37 DIN EN 206, DIN 1045-2, natürliche Gesteinskörnung, Expositionsklasse XC1 (Bewehrungskorrosion durch Karbonatisierung, trocken/ständig nass), als Sichtbeton, mit normalen Anforderungen, Klasse SB 2 gemäß DBV-Merkbla;7,0;m;gaeb;sonstiges/26E30281.X83
0020;Schalung Unterzug, mit rechteckigem Querschnitt,;7,0;m2;gaeb;sonstiges/26E30281.X83
0030;Ortbeton Unterzug, obere Betonfläche waagerecht, als Stahlbeton, Normalbeton C 30/37 DIN EN 206, DIN 1045-2, natürliche Gesteinskörnung, Expositionsklasse XC1 (Bewehrungskorrosion durch Karbonatisierung, trocken/ständig nass), als Sichtbeton, mit normalen Anforderungen, Klasse SB 2 gemäß DBV-Merkbla;44,0;m;gaeb;sonstiges/26E30281.X83
0040;Schalung Unterzug, mit rechteckigem Querschnitt,;42,0;m2;gaeb;sonstiges/26E30281.X83
0050;Ortbeton Unterzug, obere Betonfläche waagerecht, als Stahlbeton, Normalbeton C 30/37 DIN EN 206, DIN 1045-2, natürliche Gesteinskörnung, Expositionsklasse XC1 (Bewehrungskorrosion durch Karbonatisierung, trocken/ständig nass), als Sichtbeton, mit normalen Anforderungen, Klasse SB 2 gemäß DBV-Merkbla;8,0;m;gaeb;sonstiges/26E30281.X83
0060;Schalung Unterzug, mit rechteckigem Querschnitt,;9,5;m2;gaeb;sonstiges/26E30281.X83
0070;Ortbeton Unterzug, obere Betonfläche waagerecht, als Stahlbeton, Normalbeton C 30/37 DIN EN 206, DIN 1045-2, natürliche Gesteinskörnung, Expositionsklasse XC1 (Bewehrungskorrosion durch Karbonatisierung, trocken/ständig nass), Feuchtigkeitsklasse WO (Betonkorrosion, trockene Umgebung), als Sichtbeto;6,0;m;gaeb;sonstiges/26E30281.X83
0080;Schalung Unterzug, mit rechteckigem Querschnitt,;13,0;m2;gaeb;sonstiges/26E30281.X83
0090;Ortbeton Unterzug, obere Betonfläche waagerecht, als Stahlbeton, Normalbeton C 25/30 DIN EN 206, DIN 1045-2, natürliche Gesteinskörnung, Expositionsklasse XC2 (Bewehrungskorrosion durch Karbonatisierung, nass/selten trocken), Feuchtigkeitsklasse WO (Betonkorrosion, trockene Umgebung), als Sichtbeton;40,0;m;gaeb;sonstiges/26E30281.X83
0100;Schalung Unterzug, mit rechteckigem Querschnitt,;74,0;m2;gaeb;sonstiges/26E30281.X83
0110;Ortbeton Unterzug, obere Betonfläche waagerecht, als Stahlbeton, Normalbeton C 25/30 DIN 1045-2, natürliche Gesteinskörnung, Expositionsklasse XC2 (Bewehrungskorrosion durch Karbonatisierung, nass/selten trocken), Feuchtigkeitsklasse WO (Betonkorrosion, trockene Umgebung), rechteckig,;28,0;m;gaeb;sonstiges/26E30281.X83
0120;Schalung Unterzug, mit rechteckigem Querschnitt,;35,0;m2;gaeb;sonstiges/26E30281.X83
0130;Ortbeton Unterzug, obere Betonfläche waagerecht, als Stahlbeton, Normalbeton C 30/37 DIN 1045-2, natürliche Gesteinskörnung, Expositionsklasse XC1 (Bewehrungskorrosion durch Karbonatisierung, trocken/ständig nass), Feuchtigkeitsklasse WO (Betonkorrosion, trockene Umgebung), als Sichtbeton, mit norma;26,0;m;gaeb;sonstiges/26E30281.X83
0140;Schalung Unterzug, mit rechteckigem Querschnitt,;85,0;m2;gaeb;sonstiges/26E30281.X83
0010;"Ortbeton Attika, obere Betonfläche waagerecht, als Stahlbeton, Normalbeton C 25/30 DIN EN 206, DIN 1045-2, natürliche Gesteinskörnung, Expositionsklasse XC3 (Bewehrungskorrosion durch Karbonatisierung, mäßig feucht), als Sichtbeton, mit normalen Anforderungen, Klasse SB 2 gemäß DBV-Merkblatt ""Sichtb";17,0;m3;gaeb;sonstiges/26E30281.X83
0020;Schalung Attika, Stirnschalung wird gesondert vergütet, Schalungshaut für Betonflächen ohne Anforderung, als Trägerschalung aus Schalungsplatten, mit Dreikantleiste für gefaste Betonkanten, Stöße geordnet, Hüllrohr aus Faserzement, Verschluss der Ankerstellen durch Faserzementstopfen, Ankerstellen v;140,0;m2;gaeb;sonstiges/26E30281.X83
0030;"Ortbeton Attika, obere Betonfläche waagerecht, als Stahlbeton, Normalbeton C 25/30 DIN EN 206, DIN 1045-2, natürliche Gesteinskörnung, Expositionsklasse XC3 (Bewehrungskorrosion durch Karbonatisierung, mäßig feucht), als Sichtbeton, mit normalen Anforderungen, Klasse SB 2 gemäß DBV-Merkblatt ""Sichtb";8,0;m3;gaeb;sonstiges/26E30281.X83
0040;Schalung Attika, Stirnschalung wird gesondert vergütet, Schalungshaut für Betonflächen ohne Anforderung, als Trägerschalung aus Schalungsplatten, mit Dreikantleiste für gefaste Betonkanten, Stöße geordnet, Hüllrohr aus Faserzement, Verschluss der Ankerstellen durch Faserzementstopfen, Ankerstellen v;70,0;m2;gaeb;sonstiges/26E30281.X83
0050;"Ortbeton Attika, obere Betonfläche waagerecht, als Stahlbeton, Normalbeton C 25/30 DIN EN 206, DIN 1045-2, natürliche Gesteinskörnung, Expositionsklasse XC3 (Bewehrungskorrosion durch Karbonatisierung, mäßig feucht), als Sichtbeton, mit normalen Anforderungen, Klasse SB 2 gemäß DBV-Merkblatt ""Sichtb";4,0;m3;gaeb;sonstiges/26E30281.X83
0060;Schalung Attika, Stirnschalung wird gesondert vergütet, Schalungshaut für Betonflächen ohne Anforderung, als Trägerschalung aus Schalungsplatten, mit Dreikantleiste für gefaste Betonkanten, Stöße geordnet, Hüllrohr aus Faserzement, Verschluss der Ankerstellen durch Faserzementstopfen, Ankerstellen v;36,0;m2;gaeb;sonstiges/26E30281.X83
0070;Ortbeton Attika, obere Betonfläche waagerecht, als Stahlbeton, Normalbeton C 25/30 DIN 1045-2, natürliche Gesteinskörnung, Expositionsklasse XC3 (Bewehrungskorrosion durch Karbonatisierung, mäßig feucht), Feuchtigkeitsklasse WF (Betonkorrosion, feuchte Umgebung), als Sichtbeton, mit normalen Anforde;24,0;m3;gaeb;sonstiges/26E30281.X83
0080;Schalung Attika, Schalungshaut für Betonflächen ohne Anforderung, als Trägerschalung aus Schalungsplatten, mit Dreikantleiste für gefaste Betonkanten, Stöße geordnet, Hüllrohr aus Faserzement, Verschluss der Ankerstellen durch Faserzementstopfen, Ankerstellen versenkt, Bauteilhöhe über 1 bis 1,5 m, ;210,0;m2;gaeb;sonstiges/26E30281.X83
0010;Schalung Aussparung, einschl. temporärer Verdrängungskörper, Schalungshaut für Betonflächen ohne Anforderungen, Aussparungstiefe über 20 bis 30 cm, Einzelgröße der Aussparungen bis 500 cm2, Aussparungsform rechteckig, für Innenwand aus Ortbeton, Ausführung in allen Geschossen.;12,0;St;gaeb;sonstiges/26E30281.X83
0020;Einzelgröße der Aussparungen über 500 bis 2500 cm2,;85,0;St;gaeb;sonstiges/26E30281.X83
0030;Schalung Aussparung, einschl. temporärer Verdrängungskörper, Schalungshaut für Betonflächen ohne Anforderungen, Aussparungstiefe über 10 bis 20 cm, Einzelgröße der Aussparungen bis 500 cm2, Aussparungsform rechteckig, für Innenwand aus Ortbeton, Ausführung in allen Geschossen.;2,0;St;gaeb;sonstiges/26E30281.X83
0040;Einzelgröße der Aussparungen über 500 bis 2500 cm2,;10,0;St;gaeb;sonstiges/26E30281.X83
0050;Einzelgröße der Aussparungen über 5000 bis 10000 cm2,;2,0;St;gaeb;sonstiges/26E30281.X83
0060;Einzelgröße der Aussparungen über 25000 bis 50000 cm2,;4,0;St;gaeb;sonstiges/26E30281.X83
0070;Schalung Aussparung, einschl. temporärer Verdrängungskörper, Schalungshaut für Betonflächen ohne Anforderungen, Aussparungstiefe über 20 bis 30 cm, Einzelgröße der Aussparungen bis 500 cm2, Aussparungsform rechteckig, für Innenwand aus Ortbeton, Ausführung in allen Geschossen.;37,0;St;gaeb;sonstiges/26E30281.X83
0080;Einzelgröße der Aussparungen über 500 bis 2500 cm2,;61,0;St;gaeb;sonstiges/26E30281.X83
0090;Einzelgröße der Aussparungen über 2500 bis 5000 cm2,;14,0;St;gaeb;sonstiges/26E30281.X83
0100;Einzelgröße der Aussparungen über 5000 bis 10000 cm2,;9,0;St;gaeb;sonstiges/26E30281.X83
0110;Einzelgröße der Aussparungen über 10000 bis 25000 cm2,;3,0;St;gaeb;sonstiges/26E30281.X83
0120;Schalung Aussparung, einschl. temporärer Verdrängungskörper, Schalungshaut für Betonflächen ohne Anforderungen, Aussparungstiefe über 30 bis 50 cm, Einzelgröße der Aussparungen bis 500 cm2, Aussparungsform rechteckig, für Innenwand aus Ortbeton, Ausführung in allen Geschossen.;3,0;St;gaeb;sonstiges/26E30281.X83
0130;Einzelgröße der Aussparungen über 500 bis 2500 cm2,;4,0;St;gaeb;sonstiges/26E30281.X83
0140;Einzelgröße der Aussparungen über 2500 bis 5000 cm2,;2,0;St;gaeb;sonstiges/26E30281.X83
0150;Einzelgröße der Aussparungen über 5000 bis 10000 cm2,;2,0;St;gaeb;sonstiges/26E30281.X83
0160;Schalung Aussparung, einschl. temporärer Verdrängungskörper, Schalungshaut für Betonflächen ohne Anforderungen, Aussparungstiefe über 30 bis 50 cm, Einzelgröße der Aussparungen bis 500 cm2, Aussparungsform rechteckig, für Deckenplatte aus Ortbeton, Ausführung in allen Geschossen.;25,0;St;gaeb;sonstiges/26E30281.X83
0170;Einzelgröße der Aussparungen über 500 bis 2500 cm2,;102,0;St;gaeb;sonstiges/26E30281.X83
0180;Einzelgröße der Aussparungen über 2500 bis 5000 cm2,;3,0;St;gaeb;sonstiges/26E30281.X83
0190;Einzelgröße der Aussparungen über 5000 bis 10000 cm2,;4,0;St;gaeb;sonstiges/26E30281.X83
0200;Schalung Aussparung, einschl. temporärer Verdrängungskörper, Schalungshaut für Betonflächen ohne Anforderungen, Aussparungstiefe über 30 bis 50 cm, Einzelgröße der Aussparungen über 25000 bis 50000 cm2, Aussparungsform rechteckig, für Deckenplatte aus Ortbeton, Ausführung in allen Geschossen.;1,0;St;gaeb;sonstiges/26E30281.X83
0210;Kernbohrung, Untergrundfläche waagerecht, Bohrkern ist gegen Absturz zu sichern, aus unbewehrtem Beton, Normalbeton, Bohrdurchmesser über 800 bis 900 mm, Bohrtiefe über 35 bis 40 cm, nicht schadstoffbelastet,;1,0;St;gaeb;sonstiges/26E30281.X83
0220;Kernbohrung, Untergrundfläche senkrecht, aus unbewehrtem Beton, Normalbeton, Bohrdurchmesser über 50 bis 100 mm, Bohrtiefe über 10 bis 12,5 cm, nicht schadstoffbelastet,;2,0;St;gaeb;sonstiges/26E30281.X83
0230;Bohrdurchmesser über 100 bis 150 mm,;3,0;St;gaeb;sonstiges/26E30281.X83
0240;Bohrdurchmesser über 150 bis 200 mm,;12,0;St;gaeb;sonstiges/26E30281.X83
0250;Bohrdurchmesser über 200 bis 250 mm,;2,0;St;gaeb;sonstiges/26E30281.X83
0260;Kernbohrung, Untergrundfläche senkrecht, aus unbewehrtem Beton, Normalbeton, Bohrdurchmesser über 50 bis 100 mm, Bohrtiefe über 12,5 bis 15 cm, nicht schadstoffbelastet,;2,0;St;gaeb;sonstiges/26E30281.X83
0270;Bohrdurchmesser über 200 bis 250 mm,;1,0;St;gaeb;sonstiges/26E30281.X83
0280;Kernbohrung, Untergrundfläche senkrecht, aus unbewehrtem Beton, Normalbeton, Bohrdurchmesser über 50 bis 100 mm, Bohrtiefe über 20 bis 25 cm, nicht schadstoffbelastet,;35,0;St;gaeb;sonstiges/26E30281.X83
0290;Bohrdurchmesser über 100 bis 150 mm,;25,0;St;gaeb;sonstiges/26E30281.X83
0300;Bohrdurchmesser über 150 bis 200 mm,;61,0;St;gaeb;sonstiges/26E30281.X83
0310;Bohrdurchmesser über 200 bis 250 mm,;23,0;St;gaeb;sonstiges/26E30281.X83
0320;Bohrdurchmesser über 250 bis 300 mm,;16,0;St;gaeb;sonstiges/26E30281.X83
0330;Bohrdurchmesser über 300 bis 400 mm,;10,0;St;gaeb;sonstiges/26E30281.X83
0340;Bohrdurchmesser über 400 bis 500 mm,;5,0;St;gaeb;sonstiges/26E30281.X83
0350;Kernbohrung, Untergrundfläche senkrecht, aus unbewehrtem Beton, Normalbeton, Bohrdurchmesser über 50 bis 100 mm, Bohrtiefe über 25 bis 30 cm, nicht schadstoffbelastet,;4,0;St;gaeb;sonstiges/26E30281.X83
0360;Bohrdurchmesser über 200 bis 250 mm,;2,0;St;gaeb;sonstiges/26E30281.X83
0370;Bohrdurchmesser über 300 bis 400 mm,;4,0;St;gaeb;sonstiges/26E30281.X83
0380;Kernbohrung, Untergrundfläche senkrecht, aus unbewehrtem Beton, Normalbeton, Bohrdurchmesser über 50 bis 100 mm, Bohrtiefe über 30 bis 35 cm, nicht schadstoffbelastet,;1,0;St;gaeb;sonstiges/26E30281.X83
0390;Bohrdurchmesser über 100 bis 150 mm,;1,0;St;gaeb;sonstiges/26E30281.X83
0400;Kernbohrung, Untergrundfläche senkrecht, aus unbewehrtem Beton, Normalbeton, Bohrdurchmesser über 50 bis 100 mm, Bohrtiefe über 35 bis 40 cm, nicht schadstoffbelastet,;36,0;St;gaeb;sonstiges/26E30281.X83
0410;Bohrdurchmesser über 100 bis 150 mm,;46,0;St;gaeb;sonstiges/26E30281.X83
0420;Bohrdurchmesser über 150 bis 200 mm,;9,0;St;gaeb;sonstiges/26E30281.X83
0430;Bohrdurchmesser über 250 bis 300 mm,;5,0;St;gaeb;sonstiges/26E30281.X83
0440;Bohrdurchmesser über 500 bis 600 mm,;5,0;St;gaeb;sonstiges/26E30281.X83
0450;Bohrdurchmesser über 800 bis 900 mm,;1,0;St;gaeb;sonstiges/26E30281.X83
0460;Bohrdurchmesser über 1000 bis 1100 mm,;2,0;St;gaeb;sonstiges/26E30281.X83
0470;Kernbohrung, Untergrundfläche senkrecht, aus unbewehrtem Beton, Normalbeton, Bohrdurchmesser über 50 bis 100 mm, Bohrtiefe über 45 bis 50 cm, nicht schadstoffbelastet,;37,0;St;gaeb;sonstiges/26E30281.X83
0480;Bohrdurchmesser über 100 bis 150 mm,;28,0;St;gaeb;sonstiges/26E30281.X83
0490;Bohrdurchmesser über 150 bis 200 mm,;3,0;St;gaeb;sonstiges/26E30281.X83
0500;Bohrdurchmesser über 200 bis 250 mm,;2,0;St;gaeb;sonstiges/26E30281.X83
0510;Bohrdurchmesser über 250 bis 300 mm,;1,0;St;gaeb;sonstiges/26E30281.X83
0520;Kernbohrung, Untergrundfläche senkrecht, aus unbewehrtem Beton, Normalbeton, Bohrdurchmesser über 100 bis 150 mm, Bohrtiefe über 75 bis 80 cm, nicht schadstoffbelastet,;1,0;St;gaeb;sonstiges/26E30281.X83
0530;Schalung Schlitz, einschl. temporärer Verdrängungskörper, Schlitztiefe über 10 bis 15 cm, Schlitzbreite über 20 bis 25 cm, für Außenwand aus Ortbeton, Ausführung in allen Geschossen.;34,0;m;gaeb;sonstiges/26E30281.X83
0540;Schalung Aussparung, einschl. temporärer Verdrängungskörper, Aussparungstiefe über 10 bis 20 cm, Einzelgröße der Aussparungen über 500 bis 2500 cm2, Aussparungsform rechteckig, für Schachtwand aus Ortbeton, Ausführung in allen Geschossen.;9,0;St;gaeb;sonstiges/26E30281.X83
0010;Erstellung einer Montage- und Werkplanung für die gesamten, beschriebenen Leistungen der Vergabeeinheit einschl. Vorlage zur Prüfung und Freigabe vor Montagebeginn durch den Architekten an den AG.;1,0;psch;gaeb;sonstiges/26E30281.X83
0020;Zusammenstellung und Übergabe einer vollständigen Dokumentation aller eingebauten Bausysteme, bestehend aus:;1,0;psch;gaeb;sonstiges/26E30281.X83
0030;Herstellen von Probekörpern - Gussasphalt nach Vorgaben;1,0;St;gaeb;sonstiges/26E30281.X83
0040;Anschleifen und Entstauben des Untergrundes aus Stahlbeton, für Bodenbelagarbeiten, Untergrund geneigt, Neigung Untergrund über 5 bis 10 %, Ausführung gemäß Zeichnung,;170,0;m2;gaeb;sonstiges/26E30281.X83
0050;Kratzspachtelung, mit lösemittelfreiem Reaktionsharz, Untergrund Beton.;170,0;m2;gaeb;sonstiges/26E30281.X83
0060;Abdichtung befahrbarer Verkehrsflächen aus Beton DIN 18532-1 und DIN 18532-2, Nutzungsklasse N2-V, Bauweise 1a (Abdichtungsschicht auf dem Konstruktionsbeton unter einer Nutzschicht),;170,0;m2;gaeb;sonstiges/26E30281.X83
0070;Asphaltdeckschicht aus Gussasphalt ZTV Asphalt-StB, Belastungsklasse RStO 12/24 Bk100, Mischgutart MA 8 S, natürliche Gesteinskörnung TL Gestein, Schichtdicke 2,5 cm, Einbaubreite über 2,5 bis 3 m, nach Verfahren A ZTV Asphalt-StB auf die noch heiße Oberfläche 12 bis 15 kg/m2 grobe Gesteinskörnung d;170,0;m2;gaeb;sonstiges/26E30281.X83
0080;Asphaltschutzschicht aus Gussasphalt ZTV Asphalt-StB, Belastungsklasse RStO 12/24 Bk100, Mischgutart MA 8 S, natürliche Gesteinskörnung TL Gestein, Schichtdicke 3 cm, Einbaubreite über 2,5 bis 3 m, auf die noch heiße Oberfläche 12 bis 15 kg/m2 grobe Gesteinskörnung der Lieferkörnung 2/5 heiß einstre;170,0;m2;gaeb;sonstiges/26E30281.X83
0090;Deckschicht aus Asphaltbeton gemäß ZTV Asphalt-StB abstumpfen mit Baustoffgemisch für Oberflächenbehandlung, Körnung 1/3 aus natürlichen gebrochenen Gesteinskörnungen (Brechsand-Splitt-Gemisch), Abstreumenge 0,5 bis 1 kg/m2, mit glatter Walze einwalzen, erkaltete Decke abkehren, vor Aufhebung der Ge;170,0;m2;gaeb;sonstiges/26E30281.X83
0100;Bau- und Abbruchabfälle, Bitumengemische, Kohlenteer und teerhaltige Produkte,;0,5;t;gaeb;sonstiges/26E30281.X83
0110;Anschluss ZTV Fug-StB an Betonfläche, anschmelzbares Fugenband, Breite mind. 10 mm, ankleben.;98,0;m;gaeb;sonstiges/26E30281.X83
0120;Fuge ZTV Fug-StB beim Herstellen der Asphaltschicht anlegen, Ausführung in der Schutzschicht, aus Asphaltmastix, als Längsfuge, an Anschlüssen, Fugenbreite 10 mm, Fugentiefe 55 mm, Ausführung gemäß Zeichnung,;20,0;m;gaeb;sonstiges/26E30281.X83
0010;Bewehrung aus Betonstabstahl B500A DIN 488-1, DIN 488-2, alle Durchmesser, alle Längen, für Wand aus Ortbeton, Ausführung in allen Geschossen.;470,0;t;gaeb;sonstiges/26E30281.X83
0020;Bewehrung aus Betonstabstahl B500A DIN 488-1, DIN 488-2, alle Durchmesser, alle Längen, für Unterzug aus Ortbeton, Ausführung in allen Geschossen.;9,2;t;gaeb;sonstiges/26E30281.X83
0030;Bewehrung aus Betonstabstahl B500A DIN 488-1, DIN 488-2, alle Durchmesser, alle Längen, für Stütze aus Ortbeton, innen, Ausführung in allen Geschossen.;35,0;t;gaeb;sonstiges/26E30281.X83
0040;Bewehrung aus Betonstabstahl B500A DIN 488-1, DIN 488-2, alle Durchmesser, alle Längen, für Bodenplatte aus Ortbeton.;230,0;t;gaeb;sonstiges/26E30281.X83
0050;Bewehrung aus Betonstabstahl B500A DIN 488-1, DIN 488-2, alle Durchmesser, alle Längen, für Deckenplatte aus Ortbeton.;163,0;t;gaeb;sonstiges/26E30281.X83
0060;Bewehrung aus Betonstabstahl B500A DIN 488-1, DIN 488-2, alle Durchmesser, alle Längen, für Treppenlauf als Betonfertigteil, Ausführung in allen Geschossen.;5,9;t;gaeb;sonstiges/26E30281.X83
0070;Bewehrung aus Betonstahlmatten B500A DIN 488-1, DIN 488-4, als Lagermatte, für Deckenplatte aus Ortbeton, Ausführung in allen Geschossen.;143,0;t;gaeb;sonstiges/26E30281.X83
0080;Doppelkopfelement als Querkraftbewehrung, mit 4 Bolzen, Bolzendurchmesser 20 bis 25 mm, Länge Doppelkopfelement über 300 bis 400 mm, Einbau in Fundamentplatte, Dicke über 30 bis 50 cm, Ausführung im Kellergeschoss.;1148,0;St;gaeb;sonstiges/26E30281.X83
0090;Doppelkopfelement als Querkraftbewehrung, mit 3 Bolzen, Bolzendurchmesser 20 bis 25 mm, Länge Doppelkopfelement über 300 bis 400 mm, Einbau in Deckenplatte als Ortbetondecke, Dicke über 30 bis 50 cm.;212,0;St;gaeb;sonstiges/26E30281.X83
0100;Doppelkopfelement als Querkraftbewehrung, mit 3 Bolzen, Bolzendurchmesser 20 bis 25 mm, Länge Doppelkopfelement über 200 bis 300 mm, Einbau in Deckenplatte als Ortbetondecke, Dicke über 30 bis 50 cm.;10,0;St;gaeb;sonstiges/26E30281.X83
0110;Doppelkopfelement als Querkraftbewehrung, mit 2 Bolzen, Bolzendurchmesser 20 bis 25 mm, Länge Doppelkopfelement über 300 bis 400 mm, Einbau in Deckenplatte als Ortbetondecke, Dicke über 30 bis 50 cm.;200,0;St;gaeb;sonstiges/26E30281.X83
0120;Doppelkopfelement als Querkraftbewehrung, mit 2 Bolzen, Bolzendurchmesser 14 bis 16 mm, Länge Doppelkopfelement über 300 bis 400 mm, Einbau in Deckenplatte als Ortbetondecke, Dicke über 30 bis 50 cm.;6,0;St;gaeb;sonstiges/26E30281.X83
0130;Doppelkopfelement als Querkraftbewehrung, mit 2 Bolzen, Bolzendurchmesser 20 bis 25 mm, Länge Doppelkopfelement über 200 bis 300 mm, Einbau in Deckenplatte als Ortbetondecke, Dicke über 30 bis 50 cm.;368,0;St;gaeb;sonstiges/26E30281.X83
0140;Doppelkopfelement als Querkraftbewehrung, mit 2 Bolzen, Bolzendurchmesser 14 bis 16 mm, Länge Doppelkopfelement über 200 bis 300 mm, Einbau in Deckenplatte als Ortbetondecke, Dicke über 30 bis 50 cm.;212,0;St;gaeb;sonstiges/26E30281.X83
0150;Verwahrkasten/Bewehrungs-Rückbiegeelement aus Stahl, verzinkt, mit bauaufsichtlicher Zulassung, Breite über 10 bis 15 cm, zur Übertragung von Querkraft, Anordnung geneigt, 2-reihig, Stabdurchmesser 8 mm, Stababstand 15 cm, einschl. Entfernen des Gehäusedeckels und Rückbiegen Anschlussbewehrung nach ;61,0;m;gaeb;sonstiges/26E30281.X83
0010;Elektroinstallationsrohr DIN EN 61386 (VDE 0605), Maße DIN EN 60423, aus PVC-U, Außendurchmesser 25 mm, Druckfestigkeit Klasse 3 - mittel (750 N) DIN EN 61386-1 (VDE 0605-1), Klasse Schlagbeanspruchung 3 - mittel DIN EN 61386-1 (VDE 0605-1), max. Gebrauchstemperatur Klasse 1 (60 Grad C) DIN EN 61386;600,0;m;gaeb;sonstiges/26E30281.X83
0020;"Kunststoff-Steckmuffe; transparent; 25mm";120,0;St;gaeb;sonstiges/26E30281.X83
0030;Betonbau Wand- und Deckenkrümmer 30°, für M25 Rohre, mit Putzhaut, 2-teilig, 72 x 35 x 78 mm;130,0;St;gaeb;sonstiges/26E30281.X83
0040;Betonbau End- und Übergangstülle, für M25 Rohre, mit Putzhaut, 2-teilig, Ø 35 x 36 mm;15,0;St;gaeb;sonstiges/26E30281.X83
0050;Betonbau, B¹ Geräte-Verbindungsdose, 2-teilig, Einbauöffnung Ø 60 mm, Tiefe 91 mm, mit Prefix® Flügel-Aufnahme;100,0;St;gaeb;sonstiges/26E30281.X83
0060;Deckendose 45° Auslassöffnung Ø 45 mm Tiefe 72 mm,;70,0;St;gaeb;sonstiges/26E30281.X83
0010;Verbindungsteil als Ankerplatte aus Stahl 280/160/10 mm, korrosionsgeschützt, in Beton mit 2 Zugankern M16, 4,6, L=50 cm  Verteilerstab 20 mm, L= 50 cm verankern, in Schalung, Anordnung horizontal, für Brüstung aus Ortbeton.;31,0;St;gaeb;sonstiges/26E30281.X83
0020;Kantenschutz für Bodenplatte Zufahrtstor, aus Winkelstahl DIN EN 10056-1, L, Außenkante gerundet, Radius 3 mm, 100/250/10 mm, Einzellänge 1,51 m, langer Schenkel mit Gefälle 3,44° und Längsrillen für Rutschhemmung, in Schalung, einschl. angeschweißter Spreizanker, Durchmesser 10 mm, Länge 150 mm, Ab;1,0;St;gaeb;sonstiges/26E30281.X83
0030;Kantenschutz für Skateanlage, aus Winkelstahl DIN EN 10056-1, L, Außenkante gerundet, Radius 3 mm, 100/75/10 mm, Einzellänge 3,51 m, langer Schenkel mit Gefälle 3,44° und Längsrillen für Rutschhemmung, in Schalung, einschl. angeschweißter Spreizanker, Durchmesser 10 mm, Länge 150 mm, Abstand 30 cm, ;3,0;St;gaeb;sonstiges/26E30281.X83
0040;Anschlusskorb, wärmegedämmt, zur Übertragung von positiven Biegemomenten,;7,0;St;gaeb;sonstiges/26E30281.X83
0050;Grundierte Stahlprofile als Kleineisenzeug;500,0;kg;gaeb;sonstiges/26E30281.X83
0060;Verzinkte Stahlprofile als Kleineisenzeug;500,0;kg;gaeb;sonstiges/26E30281.X83
0070;Grundierte Stahlprofile als Kleineisenzeug;500,0;kg;gaeb;sonstiges/26E30281.X83
0080;Verzinkte Stahlprofile als Kleineisenzeug;500,0;kg;gaeb;sonstiges/26E30281.X83
0010;Ausgleichsschicht/Kimmschicht am Wandfuß aus Mörtel, Höhe der Ausgleichsschicht bis 3 cm, Mauerwerksdicke 24 cm.;95,0;m;gaeb;sonstiges/26E30281.X83
0020;Ausgleichsschicht/Kimmschicht am Wandfuß aus Mörtel, Höhe der Ausgleichsschicht bis 3 cm, Mauerwerksdicke 20 cm.;130,0;m;gaeb;sonstiges/26E30281.X83
0030;Ausgleichsschicht/Kimmschicht am Wandfuß aus Mörtel, Höhe der Ausgleichsschicht bis 3 cm, Mauerwerksdicke 17,5 cm.;20,0;m;gaeb;sonstiges/26E30281.X83
0040;Ausgleichsschicht/Kimmschicht am Wandfuß aus Mörtel, Höhe der Ausgleichsschicht bis 3 cm, Mauerwerksdicke 11,5 cm.;160,0;m;gaeb;sonstiges/26E30281.X83
0050;Abdichtung in oder unter Wänden DIN 18533-1 und DIN 18533-2, Wanddicke über 15 bis 25 cm, Raumnutzungsklasse RN2-E (übliche Anforderung), Wassereinwirkungsklasse W4-E (Spritzwasser und Bodenfeuchte am Wandsockel sowie Kapillarwasser in und unter Wänden), Rissklasse R2-E (mäßig), Rissüberbrückungskla;98,0;m;gaeb;sonstiges/26E30281.X83
0060;Mauerwerk DIN EN 1996 der Innenwand, obere Wandfläche waagerecht, für späteren Putzauftrag, mit Stoßfugenvermörtelung,;35,0;m2;gaeb;sonstiges/26E30281.X83
0070;Mauerwerk DIN EN 1996 der Innenwand, obere Wandfläche waagerecht, für späteren Putzauftrag, mit Stoßfugenvermörtelung,;45,0;m2;gaeb;sonstiges/26E30281.X83
0080;Mauerwerk DIN EN 1996 der Innenwand, obere Wandfläche waagerecht, für späteren Putzauftrag, mit Stoßfugenvermörtelung,;310,0;m2;gaeb;sonstiges/26E30281.X83
0090;Herstellen von Öffnungen beim Aufmauern, als Türöffnung,;2,0;St;gaeb;sonstiges/26E30281.X83
0100;Herstellen von Öffnungen beim Aufmauern, als Türöffnung,;5,0;St;gaeb;sonstiges/26E30281.X83
0110;Herstellen von Öffnungen beim Aufmauern, als Türöffnung,;2,0;St;gaeb;sonstiges/26E30281.X83
0120;Öffnung überdecken mit Kalksandsteinflachsturz nach bauaufsichtlicher Zulassung/Typenstatik, tragend gemäß Statik, Einbau in Innenwand, Sturzhöhe 11,3 cm, Wanddicke 20 cm, größte Rohbaubreite der Öffnung 126 cm.;3,0;m;gaeb;sonstiges/26E30281.X83
0130;Öffnung überdecken mit Kalksandsteinflachsturz nach bauaufsichtlicher Zulassung/Typenstatik, tragend gemäß Statik, Einbau in Innenwand, Sturzhöhe 11,3 cm, Wanddicke 11,5 cm, größte Rohbaubreite der Öffnung 126 cm.;10,0;m;gaeb;sonstiges/26E30281.X83
0140;Mauerwerk anschließen mit weichem Kalkmörtel, an vorh. Decke aus Beton, Mauerwerksdicke über 11,5 bis 17,5 cm.;87,0;m;gaeb;sonstiges/26E30281.X83
0150;Mauerwerk anschließen mit weichem Kalkmörtel, an vorh. Decke aus Beton, Mauerwerksdicke über 17,5 bis 24 cm.;23,0;m;gaeb;sonstiges/26E30281.X83
0160;Anker für den Anschluss von Mauerwerk (Stumpfstoßanker), aus nichtrostendem Stahl, Einbau in Innenwand, beim Aufmauern in vorh. Bauteil aus Beton eindübeln.;426,0;St;gaeb;sonstiges/26E30281.X83
0170;Mauerwerk durch Durchbinden an vorh. Wand aus Mauerwerk anschließen, Mauerwerksdicke über 11,5 bis 17,5 cm.;40,0;m;gaeb;sonstiges/26E30281.X83
0180;Eckausbildung mit geschnittenen Steinen, im Mauerwerk, Kalksandstein, DIN EN 771-2 in Verbindung mit DIN 20000-402, KS L-R P, Mauerwerksdicke 11,5 cm, 4 DF (248/115/248).;10,0;m;gaeb;sonstiges/26E30281.X83
0190;Mauerwerk DIN EN 1996 der Innenwand, obere Wandfläche waagerecht, für späteren Putzauftrag, mit Stoßfugenvermörtelung,;64,0;m2;gaeb;sonstiges/26E30281.X83
0200;Mauerwerk DIN EN 1996 der Innenwand, obere Wandfläche waagerecht, für späteren Putzauftrag, mit Stoßfugenvermörtelung,;77,0;m2;gaeb;sonstiges/26E30281.X83
0210;Mauerwerk DIN EN 1996 der Innenwand, obere Wandfläche waagerecht, für späteren Putzauftrag, mit Stoßfugenvermörtelung,;13,0;m2;gaeb;sonstiges/26E30281.X83
0220;Mauerwerk DIN EN 1996 der Innenwand, obere Wandfläche waagerecht, für späteren Putzauftrag, mit Stoßfugenvermörtelung,;45,0;m2;gaeb;sonstiges/26E30281.X83
0230;Herstellen von Öffnungen beim Aufmauern, als Türöffnung,;1,0;St;gaeb;sonstiges/26E30281.X83
0240;Herstellen von Öffnungen beim Aufmauern, als Türöffnung,;1,0;St;gaeb;sonstiges/26E30281.X83
0250;Herstellen von Öffnungen beim Aufmauern, als Türöffnung,;1,0;St;gaeb;sonstiges/26E30281.X83
0260;Herstellen von Öffnungen beim Aufmauern, als Türöffnung,;1,0;St;gaeb;sonstiges/26E30281.X83
0270;Öffnung überdecken mit Kalksandsteinflachsturz nach bauaufsichtlicher Zulassung/Typenstatik, tragend gemäß Statik, Einbau in Innenwand, Sturzhöhe 11,3 cm, Wanddicke 24 cm, größte Rohbaubreite der Öffnung 101 cm.;1,0;St;gaeb;sonstiges/26E30281.X83
0280;Öffnung überdecken mit Kalksandsteinflachsturz nach bauaufsichtlicher Zulassung/Typenstatik, tragend gemäß Statik, Einbau in Innenwand, Sturzhöhe 11,3 cm, Wanddicke 24 cm, größte Rohbaubreite der Öffnung 126 cm.;1,0;St;gaeb;sonstiges/26E30281.X83
0290;Öffnung überdecken mit Kalksandsteinflachsturz nach bauaufsichtlicher Zulassung/Typenstatik, tragend gemäß Statik, Einbau in Innenwand, Sturzhöhe 11,3 cm, Wanddicke 24 cm, größte Rohbaubreite der Öffnung 151 cm.;1,0;St;gaeb;sonstiges/26E30281.X83
0300;Öffnung überdecken mit Kalksandsteinflachsturz nach bauaufsichtlicher Zulassung/Typenstatik, tragend gemäß Statik, Einbau in Innenwand, Sturzhöhe 11,3 cm, Wanddicke 24 cm, größte Rohbaubreite der Öffnung 201 cm.;1,0;St;gaeb;sonstiges/26E30281.X83
0310;Mauerwerk anschließen mit weichem Kalkmörtel, an vorh. Decke aus Beton, Mauerwerksdicke bis 11,5 cm.;12,0;m;gaeb;sonstiges/26E30281.X83
0320;Mauerwerk anschließen mit weichem Kalkmörtel, an vorh. Decke aus Beton, Mauerwerksdicke über 17,5 bis 24 cm.;41,0;m;gaeb;sonstiges/26E30281.X83
0330;Eckausbildung mit geschnittenen Steinen, im Mauerwerk, Kalksandstein, DIN EN 771-2 in Verbindung mit DIN 20000-402, KS L-R P, Mauerwerksdicke 11,5 cm, 4 DF (248/115/248).;28,0;m;gaeb;sonstiges/26E30281.X83
0340;Anker für den Anschluss von Mauerwerk (Stumpfstoßanker), aus nichtrostendem Stahl, Einbau in Innenwand, beim Aufmauern in vorh. Bauteil aus Beton eindübeln.;50,0;St;gaeb;sonstiges/26E30281.X83
0350;Abdichtung in oder unter Wänden DIN 18533-1 und DIN 18533-2, Wanddicke über 15 bis 25 cm, Raumnutzungsklasse RN1-E (geringe Anforderung), Wassereinwirkungsklasse W4-E (Spritzwasser und Bodenfeuchte am Wandsockel sowie Kapillarwasser in und unter Wänden), Rissklasse R1-E (gering), Rissüberbrückungskl;19,0;m;gaeb;sonstiges/26E30281.X83
0360;Gebäudetrennfuge schallbrückenfrei anlegen, mit Füllung aus Mineralwolle, MW DIN EN 13162, als Platte, Dicke 20 mm, Anwendungsgebiet DIN 4108-10 WTH, geringe Zusammendrückbarkeit - sg.;11,0;m2;gaeb;sonstiges/26E30281.X83
0370;Mauerwerk DIN EN 1996 der freistehenden Wand, obere Wandfläche waagerecht, mit Stoßfugenvermörtelung,;48,0;m2;gaeb;sonstiges/26E30281.X83
0380;Herstellen von Öffnungen beim Aufmauern, als Türöffnung, mit Anschlag,;4,0;St;gaeb;sonstiges/26E30281.X83
0390;Öffnung überdecken mit Kalksandsteinflachsturz nach bauaufsichtlicher Zulassung/Typenstatik, tragend gemäß Statik, Einbau in Außenwand, Sturzhöhe 11,3 cm, Wanddicke 17,5 cm, größte Rohbaubreite der Öffnung 151 cm, einschl. Traggerüst Bemessungsklasse A, Ausführung gemäß Zeichnung,;1,6;m;gaeb;sonstiges/26E30281.X83
0400;Ortbeton Ringanker, obere Betonfläche geneigt, als Stahlbeton, Normalbeton C 25/30 DIN 1045-2, natürliche Gesteinskörnung, Expositionsklasse XC3 (Bewehrungskorrosion durch Karbonatisierung, mäßig feucht), Feuchtigkeitsklasse WF (Betonkorrosion, feuchte Umgebung), rechteckig,;10,5;m;gaeb;sonstiges/26E30281.X83
0410;Mauerwerk DIN EN 1996 der Innenwand, obere Wandfläche waagerecht, für späteren Putzauftrag, mit Stoßfugenvermörtelung,;66,0;m2;gaeb;sonstiges/26E30281.X83
0420;Mauerwerk DIN EN 1996 der Innenwand, obere Wandfläche waagerecht, für späteren Putzauftrag, mit Stoßfugenvermörtelung,;130,0;m2;gaeb;sonstiges/26E30281.X83
0430;Mauerwerk DIN EN 1996 der Innenwand, obere Wandfläche waagerecht, für späteren Putzauftrag, mit Stoßfugenvermörtelung,;60,0;m2;gaeb;sonstiges/26E30281.X83
0440;Herstellen von Öffnungen beim Aufmauern, als Türöffnung,;1,0;St;gaeb;sonstiges/26E30281.X83
0450;Herstellen von Öffnungen beim Aufmauern, als Türöffnung,;1,0;St;gaeb;sonstiges/26E30281.X83
0460;Herstellen von Öffnungen beim Aufmauern, als Türöffnung,;2,0;St;gaeb;sonstiges/26E30281.X83
0470;Öffnung überdecken mit Kalksandsteinflachsturz nach bauaufsichtlicher Zulassung/Typenstatik, tragend gemäß Statik, Einbau in Innenwand, Sturzhöhe 11,3 cm, Wanddicke 24 cm, größte Rohbaubreite der Öffnung 238,5 cm.;1,0;St;gaeb;sonstiges/26E30281.X83
0480;Öffnung überdecken mit Kalksandsteinflachsturz nach bauaufsichtlicher Zulassung/Typenstatik, tragend gemäß Statik, Einbau in Innenwand, Sturzhöhe 11,3 cm, Wanddicke 24 cm, größte Rohbaubreite der Öffnung 151 cm.;1,0;St;gaeb;sonstiges/26E30281.X83
0490;Öffnung überdecken mit Kalksandsteinflachsturz nach bauaufsichtlicher Zulassung/Typenstatik, tragend gemäß Statik, Einbau in Innenwand, Sturzhöhe 11,3 cm, Wanddicke 20 cm, größte Rohbaubreite der Öffnung 101 cm.;2,0;St;gaeb;sonstiges/26E30281.X83
0500;Mauerwerk anschließen mit weichem Kalkmörtel, an vorh. Decke aus Beton, Mauerwerksdicke bis 11,5 cm.;16,0;m;gaeb;sonstiges/26E30281.X83
0510;Mauerwerk anschließen mit weichem Kalkmörtel, an vorh. Decke aus Beton, Mauerwerksdicke über 17,5 bis 24 cm.;53,0;m;gaeb;sonstiges/26E30281.X83
0520;Eckausbildung mit geschnittenen Steinen, im Mauerwerk, Kalksandstein, DIN EN 771-2 in Verbindung mit DIN 20000-402, KS L-R P, Mauerwerksdicke 11,5 cm, 4 DF (248/115/248).;24,0;m;gaeb;sonstiges/26E30281.X83
0530;Mauerwerk DIN EN 1996 der Innenwand, obere Wandfläche waagerecht, für späteren Putzauftrag, mit Stoßfugenvermörtelung,;79,0;m2;gaeb;sonstiges/26E30281.X83
0540;Mauerwerk DIN EN 1996 der Innenwand, obere Wandfläche waagerecht, für späteren Putzauftrag, mit Stoßfugenvermörtelung,;130,0;m2;gaeb;sonstiges/26E30281.X83
0550;Mauerwerk DIN EN 1996 der Innenwand, obere Wandfläche waagerecht, für späteren Putzauftrag, mit Stoßfugenvermörtelung,;60,0;m2;gaeb;sonstiges/26E30281.X83
0560;Herstellen von Öffnungen beim Aufmauern, als Türöffnung,;1,0;St;gaeb;sonstiges/26E30281.X83
0570;Herstellen von Öffnungen beim Aufmauern, als Türöffnung,;1,0;St;gaeb;sonstiges/26E30281.X83
0580;Herstellen von Öffnungen beim Aufmauern, als Türöffnung,;2,0;St;gaeb;sonstiges/26E30281.X83
0590;Öffnung überdecken mit Kalksandsteinflachsturz nach bauaufsichtlicher Zulassung/Typenstatik, tragend gemäß Statik, Einbau in Innenwand, Sturzhöhe 11,3 cm, Wanddicke 24 cm, größte Rohbaubreite der Öffnung 238,5 cm.;1,0;St;gaeb;sonstiges/26E30281.X83
0600;Öffnung überdecken mit Kalksandsteinflachsturz nach bauaufsichtlicher Zulassung/Typenstatik, tragend gemäß Statik, Einbau in Innenwand, Sturzhöhe 11,3 cm, Wanddicke 24 cm, größte Rohbaubreite der Öffnung 151 cm.;1,0;St;gaeb;sonstiges/26E30281.X83
0610;Öffnung überdecken mit Kalksandsteinflachsturz nach bauaufsichtlicher Zulassung/Typenstatik, tragend gemäß Statik, Einbau in Innenwand, Sturzhöhe 11,3 cm, Wanddicke 20 cm, größte Rohbaubreite der Öffnung 101 cm.;2,0;St;gaeb;sonstiges/26E30281.X83
0620;Mauerwerk anschließen mit weichem Kalkmörtel, an vorh. Decke aus Beton, Mauerwerksdicke bis 11,5 cm.;16,0;m;gaeb;sonstiges/26E30281.X83
0630;Mauerwerk anschließen mit weichem Kalkmörtel, an vorh. Decke aus Beton, Mauerwerksdicke über 17,5 bis 24 cm.;56,0;m;gaeb;sonstiges/26E30281.X83
0640;Eckausbildung mit geschnittenen Steinen, im Mauerwerk, Kalksandstein, DIN EN 771-2 in Verbindung mit DIN 20000-402, KS L-R P, Mauerwerksdicke 11,5 cm, 4 DF (248/115/248).;31,0;m;gaeb;sonstiges/26E30281.X83
0650;Mauerwerk DIN EN 1996 der Innenwand, obere Wandfläche waagerecht, für späteren Putzauftrag, mit Stoßfugenvermörtelung,;67,0;m2;gaeb;sonstiges/26E30281.X83
0660;Mauerwerk DIN EN 1996 der Innenwand, obere Wandfläche waagerecht, für späteren Putzauftrag, mit Stoßfugenvermörtelung,;130,0;m2;gaeb;sonstiges/26E30281.X83
0670;Mauerwerk DIN EN 1996 der Innenwand, obere Wandfläche waagerecht, für späteren Putzauftrag, mit Stoßfugenvermörtelung,;61,0;m2;gaeb;sonstiges/26E30281.X83
0680;Herstellen von Öffnungen beim Aufmauern, als Türöffnung,;1,0;St;gaeb;sonstiges/26E30281.X83
0690;Herstellen von Öffnungen beim Aufmauern, als Türöffnung,;1,0;St;gaeb;sonstiges/26E30281.X83
0700;Herstellen von Öffnungen beim Aufmauern, als Türöffnung,;2,0;St;gaeb;sonstiges/26E30281.X83
0710;Öffnung überdecken mit Kalksandsteinflachsturz nach bauaufsichtlicher Zulassung/Typenstatik, tragend gemäß Statik, Einbau in Innenwand, Sturzhöhe 11,3 cm, Wanddicke 24 cm, größte Rohbaubreite der Öffnung 238,5 cm.;1,0;St;gaeb;sonstiges/26E30281.X83
0720;Öffnung überdecken mit Kalksandsteinflachsturz nach bauaufsichtlicher Zulassung/Typenstatik, tragend gemäß Statik, Einbau in Innenwand, Sturzhöhe 11,3 cm, Wanddicke 24 cm, größte Rohbaubreite der Öffnung 151 cm.;1,0;St;gaeb;sonstiges/26E30281.X83
0730;Öffnung überdecken mit Kalksandsteinflachsturz nach bauaufsichtlicher Zulassung/Typenstatik, tragend gemäß Statik, Einbau in Innenwand, Sturzhöhe 11,3 cm, Wanddicke 20 cm, größte Rohbaubreite der Öffnung 101 cm.;2,0;St;gaeb;sonstiges/26E30281.X83
0740;Mauerwerk anschließen mit weichem Kalkmörtel, an vorh. Decke aus Beton, Mauerwerksdicke bis 11,5 cm.;16,0;m;gaeb;sonstiges/26E30281.X83
0750;Mauerwerk anschließen mit weichem Kalkmörtel, an vorh. Decke aus Beton, Mauerwerksdicke über 17,5 bis 24 cm.;56,0;m;gaeb;sonstiges/26E30281.X83
0760;Eckausbildung mit geschnittenen Steinen, im Mauerwerk, Kalksandstein, DIN EN 771-2 in Verbindung mit DIN 20000-402, KS L-R P, Mauerwerksdicke 11,5 cm, 4 DF (248/115/248).;24,0;m;gaeb;sonstiges/26E30281.X83
0770;Mauerwerk DIN EN 1996 der Innenwand, obere Wandfläche geneigt, mit Stoßfugenvermörtelung,;330,0;m2;gaeb;sonstiges/26E30281.X83
0780;Herstellen von Öffnungen beim Aufmauern, als Türöffnung,;9,0;St;gaeb;sonstiges/26E30281.X83
0790;Öffnung überdecken mit Kalksandsteinflachsturz nach bauaufsichtlicher Zulassung/Typenstatik, tragend gemäß Statik, Einbau in Innenwand, Sturzhöhe 11,3 cm, Wanddicke 24 cm, größte Rohbaubreite der Öffnung 163,5 cm.;9,0;St;gaeb;sonstiges/26E30281.X83
0800;Eckausbildung mit geschnittenen Steinen, im Mauerwerk, Kalksandstein, DIN EN 771-2 in Verbindung mit DIN 20000-402, KS L-R P, Mauerwerksdicke 11,5 cm, 4 DF (248/115/248).;27,0;m;gaeb;sonstiges/26E30281.X83
0810;Mauerwerk anschließen mit gestopftem Dämmstoff, Mineralwolle, Schmelzpunkt größer 1000 Grad C, DIN 4102-17, Rohdichte 30 kg/m3, mit Brandschutzanforderung, Baustoffklasse DIN 4102-1 A (nichtbrennbar), an vorh. Decke Stahlblech, geneigt, Mauerwerksdicke bis 11,5 cm.;82,0;m;gaeb;sonstiges/26E30281.X83
0820;Durchbruch herstellen, Untergrundfläche senkrecht, aus Mauerwerk aus Kalksandstein, ohne Bekleidungen und Beschichtungen, Einzelöffnung über 700 bis 800 cm2, Tiefe über 10 bis 15 cm, Hilfsschnitte werden nicht gesondert vergütet, nicht schadstoffbelastet,;2,0;St;gaeb;sonstiges/26E30281.X83
0830;Einzelöffnung über 1000 bis 1500 cm2,;6,0;St;gaeb;sonstiges/26E30281.X83
0840;Einzelöffnung über 2000 bis 3000 cm2,;1,0;St;gaeb;sonstiges/26E30281.X83
0850;Durchbruch herstellen, Untergrundfläche senkrecht, aus Mauerwerk aus Kalksandstein, ohne Bekleidungen und Beschichtungen, Einzelöffnung über 100 bis 150 cm2, Tiefe über 10 bis 15 cm, Hilfsschnitte werden nicht gesondert vergütet, nicht schadstoffbelastet,;2,0;St;gaeb;sonstiges/26E30281.X83
0860;Einzelöffnung über 300 bis 400 cm2,;2,0;St;gaeb;sonstiges/26E30281.X83
0870;Einzelöffnung über 600 bis 700 cm2,;1,0;St;gaeb;sonstiges/26E30281.X83
0880;Einzelöffnung über 1000 bis 1500 cm2,;3,0;St;gaeb;sonstiges/26E30281.X83
0890;Einzelöffnung über 2000 bis 3000 cm2,;7,0;St;gaeb;sonstiges/26E30281.X83
0900;Einzelöffnung über 3000 bis 5000 cm2,;4,0;St;gaeb;sonstiges/26E30281.X83
0910;Einzelöffnung über 5000 bis 10000 cm2,;3,0;St;gaeb;sonstiges/26E30281.X83
0920;Einzelöffnung über 15000 bis 20000 cm2,;1,0;St;gaeb;sonstiges/26E30281.X83
0930;Durchbruch herstellen, Untergrundfläche senkrecht, aus Mauerwerk aus Kalksandstein, ohne Bekleidungen und Beschichtungen, Einzelöffnung über 100 bis 150 cm2, Tiefe über 20 bis 25 cm, Hilfsschnitte werden nicht gesondert vergütet, nicht schadstoffbelastet,;19,0;St;gaeb;sonstiges/26E30281.X83
0940;Einzelöffnung über 150 bis 200 cm2,;5,0;St;gaeb;sonstiges/26E30281.X83
0950;Einzelöffnung über 200 bis 250 cm2,;1,0;St;gaeb;sonstiges/26E30281.X83
0960;Einzelöffnung über 400 bis 500 cm2,;4,0;St;gaeb;sonstiges/26E30281.X83
0970;Einzelöffnung über 600 bis 700 cm2,;4,0;St;gaeb;sonstiges/26E30281.X83
0980;Einzelöffnung über 800 bis 900 cm2,;8,0;St;gaeb;sonstiges/26E30281.X83
0990;Einzelöffnung über 1000 bis 1500 cm2,;7,0;St;gaeb;sonstiges/26E30281.X83
1000;Einzelöffnung über 1500 bis 2000 cm2,;5,0;St;gaeb;sonstiges/26E30281.X83
1010;Einzelöffnung über 2000 bis 3000 cm2,;3,0;St;gaeb;sonstiges/26E30281.X83
1020;Einzelöffnung über 5000 bis 10000 cm2,;4,0;St;gaeb;sonstiges/26E30281.X83
1030;Einzelöffnung über 10000 bis 15000 cm2,;2,0;St;gaeb;sonstiges/26E30281.X83
1040;Einzelöffnung über 15000 bis 20000 cm2,;3,0;St;gaeb;sonstiges/26E30281.X83
1050;Einzelöffnung über 25000 bis 50000 cm2,;1,0;St;gaeb;sonstiges/26E30281.X83
1060;Anbringung von Meterrissen an den Schacht-/ bzw.;38,0;St;gaeb;sonstiges/26E30281.X83
0010;Technische Bearbeitung durch AN, Erstellung der Werk- und Montageplanung für alle nachfolgend beschriebenen Edelstahl - Konsolen, Fertigteil-Stürze, Abfangkonsolenanker und Deckenabhängungen. Digital per Mail der Bauleitung zur Prüfung und Freigabe zusenden.;1,0;psch;gaeb;sonstiges/26E30281.X83
0020;Statische Bearbeitung durch AN, Erstellung der Ausführungsstatik für alle nachfolgend beschriebenen Edelstahl - Konsolen, Fertigteil-Stürze, Abfangkonsolenanker und Deckenabhängungen erstellen und digital per Mail der Bauleitung zur Prüfung und Freigabe zusenden.;1,0;psch;gaeb;sonstiges/26E30281.X83
0030;Musterfläche aus vorbeschriebenen Klinkersteinen herstellen, einsch. Verfugung. Größe: ca. 3,00m2 / Stück;2,0;St;gaeb;sonstiges/26E30281.X83
0040;Kerndämmung für 2-schalige Außenwand, aus Mineralwolle MW DIN EN 13162, 2-lagig, versetzt gestoßen, als Platte, Bemessungswert der Wärmeleitfähigkeit max. 0,035 W/(mK), Nennwert der Wärmeleitfähigkeit max. 0,034 W/(mK), Baustoffklasse DIN 4102-1 A1 (nichtbrennbar), Gesamtdicke 240 mm, Anwendungsgebi;880,0;m2;gaeb;sonstiges/26E30281.X83
0050;Perimeterdämmung an Sockel, Wassereinwirkungsklasse W4-E (Spritzwasser und Bodenfeuchte am Wandsockel sowie Kapillarwasser in und unter Wänden), aus Polystyrol-Hartschaum XPS DIN EN 13164, Bemessungswert der Wärmeleitfähigkeit max. 0,035 W/(mK), Nennwert der Wärmeleitfähigkeit max. 0,034 W/(mK), Dic;100,0;m2;gaeb;sonstiges/26E30281.X83
0060;Perimeterdämmung auf Kelleraußenwand, Wassereinwirkungsklasse W2.2-E (hohe Einwirkung von drückendem Wasser über 3 m Eintauchtiefe), aus Schaumglas CG DIN EN 13167, Bemessungswert der Wärmeleitfähigkeit max. 0,038 W/(mK), Nennwert der Wärmeleitfähigkeit max. 0,037 W/(mK), Dicke 240 mm, Anwendungsgeb;2,0;m2;gaeb;sonstiges/26E30281.X83
0070;Dübelanker gemäß bauaufsichtlicher Zulassung, aus nichtrostendem Stahl, Einbau in Außenwand, beim Aufmauern in vorh. Bauteil aus Beton eindübeln, Schalenabstand 260 mm.;980,0;m2;gaeb;sonstiges/26E30281.X83
0080;Verblendmauerwerk DIN EN 1996 Dübelanker werden gesondert vergütet, mit Luftschicht und Dämmung, Dämmung wird gesondert vergütet, mit Lüftungs-/Entwässerungsöffnungen, Schalenabstand 260 mm, vor Außenwand, Klinker DIN EN 771-1 in Verbindung mit DIN 20000-401 oder nach Zulassung, KHLzB, Festigkeitskl;980,0;m2;gaeb;sonstiges/26E30281.X83
0090;Dämmung für Leibungen und Stürze liefern und fachgerecht einbauen. Wärmedämmung, geeignet für die Fenster- und Türöffnungsanschläge aus PU bzw. als Perimeterdämmung, zuschneiden und den Schalenabstand von 135mm komplett wärmebrückenfrei schließen. Dämmung auf Hintermauerwerk verlegen.;300,0;m;gaeb;sonstiges/26E30281.X83
0100;Fensterleibungen im Verblendmauerwerk ausführen.;70,0;m;gaeb;sonstiges/26E30281.X83
0110;Kerndämmung für 2-schalige Außenwand, aus Mineralwolle MW DIN EN 13162, 2-lagig, versetzt gestoßen, als Platte, Bemessungswert der Wärmeleitfähigkeit max. 0,035 W/(mK), Nennwert der Wärmeleitfähigkeit max. 0,034 W/(mK), Baustoffklasse DIN 4102-1 A1 (nichtbrennbar), Gesamtdicke 60 mm, Anwendungsgebie;560,0;m2;gaeb;sonstiges/26E30281.X83
0120;Perimeterdämmung an Sockel, Wassereinwirkungsklasse W4-E (Spritzwasser und Bodenfeuchte am Wandsockel sowie Kapillarwasser in und unter Wänden), aus Polystyrol-Hartschaum XPS DIN EN 13164, Bemessungswert der Wärmeleitfähigkeit max. 0,035 W/(mK), Nennwert der Wärmeleitfähigkeit max. 0,034 W/(mK), Dic;40,0;m2;gaeb;sonstiges/26E30281.X83
0130;Dübelanker gemäß bauaufsichtlicher Zulassung, aus nichtrostendem Stahl, Einbau in Außenwand, beim Aufmauern in vorh. Bauteil aus Beton eindübeln, Schalenabstand 80 mm.;710,0;m2;gaeb;sonstiges/26E30281.X83
0140;Verblendmauerwerk DIN EN 1996 Dübelanker werden gesondert vergütet, mit Luftschicht und Dämmung, Dämmung wird gesondert vergütet, mit Lüftungs-/Entwässerungsöffnungen, Schalenabstand 80 mm, vor Außenwand, Klinker DIN EN 771-1 in Verbindung mit DIN 20000-401 oder nach Zulassung, KHLzB, Festigkeitskla;710,0;m2;gaeb;sonstiges/26E30281.X83
0150;Dämmung für Leibungen und Stürze liefern und fachgerecht einbauen. Wärmedämmung, geeignet für die Fenster- und Türöffnungsanschläge aus PU bzw. als Perimeterdämmung, zuschneiden und den Schalenabstand von 135mm komplett wärmebrückenfrei schließen. Dämmung auf Hintermauerwerk verlegen.;150,04;m;gaeb;sonstiges/26E30281.X83
0160;Fensterleibungen im Verblendmauerwerk ausführen.;110,0;m;gaeb;sonstiges/26E30281.X83
0170;Riemchenverblendung DIN 18515-2 vor Außenwand, Mauerziegel-Riemchen, (240/11/71), Klebemörtel DIN 18580 oder DIN 20000-412 in Verbindung mit DIN EN 998-2, Fuge auskratzen und nachträgliches Verfugen wird gesondert vergütet, Ausführung im wilden Verband, Arbeitshöhe über 3,5 bis 5,5 m, einschl. Tragg;120,0;m2;gaeb;sonstiges/26E30281.X83
0180;Zulage zur Vorposition, für Riemchenverblendung Tapetentür, inkl. UK Trägerplatte an bauseitigen Stahlrohren mittels Agraffen befestigen,  Trägerplatte zur Aufnahme Klinkerriemchen (z. B. Porenbeton) Klinkerriemchen, D = 15 mm, aufgeklebt inkl. Gewebeeinlage.;7,0;m2;gaeb;sonstiges/26E30281.X83
0190;Kerndämmung für 2-schalige Außenwand, aus Mineralwolle MW DIN EN 13162, 2-lagig, versetzt gestoßen, als Platte, Bemessungswert der Wärmeleitfähigkeit max. 0,035 W/(mK), Nennwert der Wärmeleitfähigkeit max. 0,034 W/(mK), Baustoffklasse DIN 4102-1 A1 (nichtbrennbar), Gesamtdicke 240 mm, Anwendungsgebi;10,0;m2;gaeb;sonstiges/26E30281.X83
0200;Wärmedämmung mit Luftschicht für 2-schalige Außenwand, aus Mineralwolle MW DIN EN 13162, einlagig, als Platte, Bemessungswert der Wärmeleitfähigkeit max. 0,035 W/(mK), Nennwert der Wärmeleitfähigkeit max. 0,034 W/(mK), Baustoffklasse DIN 4102-1 A1 (nichtbrennbar), Dicke 160 mm, Anwendungsgebiet DIN ;46,0;m2;gaeb;sonstiges/26E30281.X83
0210;Wärmedämmung mit Luftschicht für 2-schalige Außenwand, aus Mineralwolle MW DIN EN 13162, einlagig, als Platte, Bemessungswert der Wärmeleitfähigkeit max. 0,035 W/(mK), Nennwert der Wärmeleitfähigkeit max. 0,034 W/(mK), Baustoffklasse DIN 4102-1 A1 (nichtbrennbar), Dicke 80 mm, Anwendungsgebiet DIN 4;6,5;m2;gaeb;sonstiges/26E30281.X83
0220;Dübelanker gemäß bauaufsichtlicher Zulassung, aus nichtrostendem Stahl, Einbau in Außenwand, beim Aufmauern in vorh. Bauteil aus Beton eindübeln, Schalenabstand 240 mm, Ausführung gemäß Zeichnung,;10,0;m2;gaeb;sonstiges/26E30281.X83
0230;Dübelanker gemäß bauaufsichtlicher Zulassung, aus nichtrostendem Stahl, Einbau in Außenwand, beim Aufmauern in vorh. Bauteil aus Beton eindübeln, Schalenabstand 160 mm, Ausführung gemäß Zeichnung,;46,0;m2;gaeb;sonstiges/26E30281.X83
0240;Dübelanker gemäß bauaufsichtlicher Zulassung, aus nichtrostendem Stahl, Einbau in Außenwand, beim Aufmauern in vorh. Bauteil aus Beton eindübeln, Schalenabstand 80 mm, Ausführung gemäß Zeichnung,;6,5;m2;gaeb;sonstiges/26E30281.X83
0250;Unterkonstruktion für vorgehängte hinterlüftete Fassade aus Grund- und Tragprofilen und Wandhaltern, Wandhalter aus nichtrostendem Stahl, Traglattung/-profil horizontal, Brandverhaltensklasse DIN EN 13501-1 A2 -s1, d0 (nichtbrennbar), Profile aus Aluminium, anodisch oxidiert, sichtbar bleibende Fläc;54,0;m2;gaeb;sonstiges/26E30281.X83
0260;Profilstahl, aus Winkelstahl DIN EN 10056-1, L, 120/12 mm, aus Stahl, feuerverzinkt DIN EN ISO 1461, werkseitiger Korrosionsschutz, für Befestigung Randabhängung, inkl thermischer Trennung am Befestigungsuntergrund und Befestigungsmaterial, Ausführung gemäß Zeichnung,;28,0;m;gaeb;sonstiges/26E30281.X83
0270;Vorgehängte hinterlüftete Außenwandbekleidung mit Trägerplatten für fugenlose Sichtflächenapplikation, gemäß bauaufsichtlicher Zulassung, aus Zementbauplatten, Dicke 12 mm, als Deckenuntersicht, Brandverhaltensklasse DIN EN 13501-1 A2 -s1, d0 (nichtbrennbar), Sichtflächenapplikation wird gesondert v;54,0;m2;gaeb;sonstiges/26E30281.X83
0280;Riemchenverblendung DIN 18515-2 vor Außenwand, Mauerziegel-Riemchen, (240/11/71), Klebemörtel DIN 18580 oder DIN 20000-412 in Verbindung mit DIN EN 998-2, Fugenglattstrich, Ausführung im wilden Verband, Untergrund Trägerplatten für vorgehängte hinterlüftete Fassade, Arbeitshöhe über 3,5 bis 5,5 m, A;54,0;m2;gaeb;sonstiges/26E30281.X83
0290;Reinigen der Klinkerfassade vor Verfugung;2000,0;m2;gaeb;sonstiges/26E30281.X83
0300;Verfugen des Sichtmauerwerks, im wilden Verband, Fuge zurückliegend, mit Fugenmörtel M 2,5, Farbton weiß, 12 Schichten je Meter Mauerwerkshöhe, Ausführung gemäß Einzelbeschreibung,;2000,0;m2;gaeb;sonstiges/26E30281.X83
0310;Fugen, senkrecht und waagerecht (Sturzbereich), dreiseitig, zwischen Verblendmauerwerk und Fenster / Türbauteile;340,0;m;gaeb;sonstiges/26E30281.X83
0320;Verblendmauerwerk nach Dehnfugenkonzept des Statikbüros, zur Sicherstellung der freien Beweglichkeit der Außenschale anlegen und fluchtgerecht hochführen. Dehnfugen vertikal und horizontal sind vor Versiegelung entsprechend vorzubereiten.;210,0;m;gaeb;sonstiges/26E30281.X83
0330;Öffnung überdecken mit Fertigteil-Läufersturz, Einbau in Außenwand, tragend gemäß Statik, mit Abfangung, wird gesondert vergütet, Sturzhöhe 25 cm, Sturzbreite 11,5 cm, Verblendmauerwerk DIN EN 1996, mit Luftschicht und Dämmung, Dämmung wird gesondert vergütet, Schalenabstand 250 mm, vor Außenwänden,;150,0;m;gaeb;sonstiges/26E30281.X83
0340;Öffnung überdecken mit Fertigteil-Läufersturz, Einbau in Außenwand, tragend gemäß Statik, mit Abfangung, wird gesondert vergütet, Sturzhöhe 25 cm, Sturzbreite 11,5 cm, größte Rohbaubreite der Öffnung 138,5 cm, Verblendmauerwerk DIN EN 1996, mit Luftschicht und Dämmung, Dämmung wird gesondert vergüte;1,0;St;gaeb;sonstiges/26E30281.X83
0350;Öffnung überdecken mit Fertigteil-Läufersturz, Einbau in Außenwand, tragend gemäß Statik, mit Abfangung, wird gesondert vergütet, Sturzhöhe 25 cm, Sturzbreite 11,5 cm, größte Rohbaubreite der Öffnung 126 cm, Verblendmauerwerk DIN EN 1996, mit Luftschicht und Dämmung, Dämmung wird gesondert vergütet,;2,0;St;gaeb;sonstiges/26E30281.X83
0360;Öffnung überdecken mit Fertigteil-Läufersturz, Einbau in Außenwand, tragend gemäß Statik, mit Abfangung, wird gesondert vergütet, Sturzhöhe 25 cm, Sturzbreite 11,5 cm, größte Rohbaubreite der Öffnung 151 cm, Verblendmauerwerk DIN EN 1996, mit Luftschicht und Dämmung, Dämmung wird gesondert vergütet,;1,0;St;gaeb;sonstiges/26E30281.X83
0370;Öffnung überdecken mit Fertigteil-Läufersturz, Einbau in Außenwand, tragend gemäß Statik, mit Abfangung, wird gesondert vergütet, Sturzhöhe 25 cm, Sturzbreite 11,5 cm, größte Rohbaubreite der Öffnung 201 cm, Verblendmauerwerk DIN EN 1996, mit Luftschicht und Dämmung, Dämmung wird gesondert vergütet,;1,0;St;gaeb;sonstiges/26E30281.X83
0380;Fusspunktabfangung über Rampe mit Fertigteil-Element, Einbau in Außenwand, tragend gemäß Statik, mit Abfangung, wird gesondert vergütet, Elementhöhe 20 cm bis 50 cm, Oberseite waagerecht, Unterseite geneigt, an Rampenneigung angepasst 10%, Sturzbreite 11,5 cm, Elementlänge 200 cm, Verblendmauerwerk ;21,0;St;gaeb;sonstiges/26E30281.X83
0390;Lochblechplatte, rechteckiger Zuschnitt, Aluminium 2mm Rv3-5, Bautiefe 260 mm, an Unterseite Fusspunktabfangung Rampe, als horizontaler Verschluss der Fuge,;43,0;m;gaeb;sonstiges/26E30281.X83
0400;Öffnung überdecken mit Fertigteil-Läufersturz, Einbau in Außenwand, tragend gemäß Statik, mit Abfangung, wird gesondert vergütet, Sturzhöhe 25 cm, Sturzbreite 11,5 cm, Verblendmauerwerk DIN EN 1996, mit Luftschicht und Dämmung, Dämmung wird gesondert vergütet, Schalenabstand 80 mm, vor Außenwänden, ;20,0;m;gaeb;sonstiges/26E30281.X83
0410;Öffnung überdecken mit Fertigteil-Läufersturz, Einbau in Außenwand, tragend gemäß Statik, mit Abfangung, wird gesondert vergütet, Sturzhöhe 25 cm, Sturzbreite 11,5 cm, größte Rohbaubreite der Öffnung 126 cm, Verblendmauerwerk DIN EN 1996, mit Luftschicht und Dämmung, Dämmung wird gesondert vergütet,;2,0;St;gaeb;sonstiges/26E30281.X83
0420;Öffnung überdecken mit Fertigteil-Läufersturz, Einbau in Außenwand, tragend gemäß Statik, mit Abfangung, wird gesondert vergütet, Sturzhöhe 25 cm, Sturzbreite 11,5 cm, größte Rohbaubreite der Öffnung 151 cm, Verblendmauerwerk DIN EN 1996, mit Luftschicht und Dämmung, Dämmung wird gesondert vergütet,;1,0;St;gaeb;sonstiges/26E30281.X83
0430;Öffnung überdecken mit Fertigteil-Läufersturz, Einbau in Außenwand, tragend gemäß Statik, mit Abfangung, wird gesondert vergütet, Sturzhöhe 25 cm, Sturzbreite 11,5 cm, größte Rohbaubreite der Öffnung 201 cm, Verblendmauerwerk DIN EN 1996, mit Luftschicht und Dämmung, Dämmung wird gesondert vergütet,;8,0;St;gaeb;sonstiges/26E30281.X83
0440;Öffnung überdecken mit Fertigteil-Läufersturz, Einbau in Außenwand, tragend gemäß Statik, mit Abfangung, wird gesondert vergütet, Sturzhöhe 25 cm, Sturzbreite 11,5 cm, größte Rohbaubreite der Öffnung 326 cm, Verblendmauerwerk DIN EN 1996, mit Luftschicht und Dämmung, Dämmung wird gesondert vergütet,;1,0;St;gaeb;sonstiges/26E30281.X83
0450;Herstellen von Öffnungen beim Aufmauern, als Türöffnung,;2,0;St;gaeb;sonstiges/26E30281.X83
0460;Herstellen von Öffnungen beim Aufmauern, als Türöffnung,;1,0;St;gaeb;sonstiges/26E30281.X83
0470;Herstellen von Öffnungen beim Aufmauern, als Türöffnung,;1,0;St;gaeb;sonstiges/26E30281.X83
0480;Herstellen von Öffnungen beim Aufmauern, als Türöffnung,;1,0;St;gaeb;sonstiges/26E30281.X83
0490;Herstellen von Öffnungen beim Aufmauern, als Türöffnung,;1,0;St;gaeb;sonstiges/26E30281.X83
0500;Herstellen von Öffnungen beim Aufmauern, als Türöffnung,;2,0;St;gaeb;sonstiges/26E30281.X83
0510;Herstellen von Öffnungen beim Aufmauern, als Türöffnung,;2,0;St;gaeb;sonstiges/26E30281.X83
0520;Herstellen von Öffnungen beim Aufmauern, als Türöffnung,;1,0;St;gaeb;sonstiges/26E30281.X83
0530;Herstellen von Öffnungen beim Aufmauern, als Türöffnung,;3,0;St;gaeb;sonstiges/26E30281.X83
0540;Herstellen von Öffnungen beim Aufmauern, als Türöffnung,;3,0;St;gaeb;sonstiges/26E30281.X83
0550;Herstellen von Öffnungen beim Aufmauern, als Türöffnung,;1,0;St;gaeb;sonstiges/26E30281.X83
0560;Herstellen von Öffnungen beim Aufmauern, als Türöffnung,;5,0;St;gaeb;sonstiges/26E30281.X83
0570;Übergang auf Bodenplatte der Abdichtung erdberührter Wände DIN 18533-1 und DIN 18533-2, mit adhäsiver Verklebung, Raumnutzungsklasse RN2-E (übliche Anforderung), Wassereinwirkungsklasse W2.2-E (hohe Einwirkung von drückendem Wasser über 3 m Eintauchtiefe), Eintauchtiefe bis 4 m, Rissklasse R1-E (ger;220,0;m;gaeb;sonstiges/26E30281.X83
0580;Feuchtigkeitssperre, Z-Folie, Fußpunkt der Verblendung,;230,0;m;gaeb;sonstiges/26E30281.X83
0590;Feuchtigkeitssperre, Z-Folie, in zweischaligen Aussenwänden,;130,0;m;gaeb;sonstiges/26E30281.X83
0600;Übergang auf Bodenplatte der Abdichtung erdberührter Wände DIN 18533-1 und DIN 18533-2, mit adhäsiver Verklebung, Raumnutzungsklasse RN2-E (übliche Anforderung), Wassereinwirkungsklasse W2.2-E (hohe Einwirkung von drückendem Wasser über 3 m Eintauchtiefe), Eintauchtiefe bis 4 m, Rissklasse R1-E (ger;90,0;m;gaeb;sonstiges/26E30281.X83
0610;Feuchtigkeitssperre, Z-Folie, Fußpunkt der Verblendung,;51,0;m;gaeb;sonstiges/26E30281.X83
0620;Feuchtigkeitssperre, Z-Folie, in zweischaligen Aussenwänden,;43,0;m;gaeb;sonstiges/26E30281.X83
0630;Mauerwerksabfangung als Winkelkonsolanker mit bauaufsichtlich zugelassenem Tragankerkopf, aus nichtrostendem Stahl, Laststufe 8 kN, Einbau in Außenwand, beim Aufmauern in vorh. Bauteil aus Beton eindübeln, Höhe über Gelände bis 12 m, einschl. Traggerüst Bemessungsklasse A, Schalenabstand 250 mm,;85,0;St;gaeb;sonstiges/26E30281.X83
0640;Mauerwerksabfangung als Winkelkonsolanker mit bauaufsichtlich zugelassenem Tragankerkopf, aus nichtrostendem Stahl, Laststufe 4 kN, Einbau in Außenwand, beim Aufmauern in vorh. Bauteil aus Beton eindübeln, Höhe über Gelände über 12 m, einschl. Traggerüst Bemessungsklasse A, Schalenabstand 250 mm,;41,0;St;gaeb;sonstiges/26E30281.X83
0650;Mauerwerksabfangung als Einzelkonsolanker mit bauaufsichtlich zugelassenem Tragankerkopf, aus nichtrostendem Stahl, Laststufe 12 kN, Einbau in Außenwand, beim Aufmauern in vorh. Bauteil aus Beton eindübeln, Höhe über Gelände über 12 m, einschl. Traggerüst Bemessungsklasse A, Schalenabstand 250 mm,;21,0;St;gaeb;sonstiges/26E30281.X83
0660;Zulage Mauerwerksabfangung als Aussen- Eckabfangung;3,0;St;gaeb;sonstiges/26E30281.X83
0670;Mauerwerksabfangung als Einzelkonsolanker mit bauaufsichtlich zugelassenem Tragankerkopf, aus nichtrostendem Stahl, Laststufe 8 kN, Einbau in Außenwand, beim Aufmauern in vorh. Bauteil aus Beton eindübeln, Höhe über Gelände über 12 m, einschl. Traggerüst Bemessungsklasse A, Schalenabstand 250 mm,;48,0;St;gaeb;sonstiges/26E30281.X83
0680;Mauerwerksabfangung als Einzelkonsolanker mit bauaufsichtlich zugelassenem Tragankerkopf, aus nichtrostendem Stahl, Laststufe 8 kN, Einbau in Außenwand, beim Aufmauern in vorh. Bauteil aus Beton eindübeln, Höhe über Gelände über 12 m, einschl. Traggerüst Bemessungsklasse A, Schalenabstand 250 mm,;14,0;St;gaeb;sonstiges/26E30281.X83
0690;Mauerwerksabfangung als Winkelkonsolanker mit bauaufsichtlich zugelassenem Tragankerkopf, aus nichtrostendem Stahl, Laststufe 8 kN, Einbau in Außenwand, beim Aufmauern in vorh. Bauteil aus Beton eindübeln, Höhe über Gelände über 12 m, einschl. Traggerüst Bemessungsklasse A, Schalenabstand 250 mm,;8,0;St;gaeb;sonstiges/26E30281.X83
0700;Mauerwerksabfangung als Winkelkonsolanker mit bauaufsichtlich zugelassenem Tragankerkopf, aus nichtrostendem Stahl, Einbau in Außenwand, beim Aufmauern in vorh. Bauteil aus Beton eindübeln, Höhe über Gelände über 12 m, einschl. Traggerüst Bemessungsklasse A, Schalenabstand 250 mm,;46,0;St;gaeb;sonstiges/26E30281.X83
0710;Zulage Mauerwerksabfangung als Aussen- Eckabfangung;3,0;St;gaeb;sonstiges/26E30281.X83
0720;Mauerwerksabfangung als Einzelkonsolanker mit bauaufsichtlich zugelassenem Tragankerkopf, aus nichtrostendem Stahl, Laststufe 12 kN, Einbau in Außenwand, beim Aufmauern in vorh. Bauteil aus Beton eindübeln, Höhe über Gelände über 12 m, einschl. Traggerüst Bemessungsklasse A, Schalenabstand 250 mm,;15,0;St;gaeb;sonstiges/26E30281.X83
0730;Mauerwerksabfangung als Einzelkonsolanker mit bauaufsichtlich zugelassenem Tragankerkopf, aus nichtrostendem Stahl, Laststufe 8 kN, Einbau in Außenwand, beim Aufmauern in vorh. Bauteil aus Beton eindübeln, Höhe über Gelände über 12 m, einschl. Traggerüst Bemessungsklasse A, Schalenabstand 250 mm,;7,0;St;gaeb;sonstiges/26E30281.X83
0010;Kellerlichtschacht, druckwasserdicht, als Betonfertigteil, mit Bodenplatte, Schachtbreite 175 cm, Schachthöhe 200 cm, Schachttiefe 80 cm, einschl. korrosionsbeständiger Befestigungsmittel, Abstand zum tragenden Untergrund 160 mm, Befestigungsuntergrund Beton, Ausführung thermisch getrennt, einschl. ;6,0;St;gaeb;sonstiges/26E30281.X83
0020;Kellerlichtschacht, druckwasserdicht, als Betonfertigteil, mit Bodenplatte, Schachtbreite 250 cm, Schachthöhe 200 cm, Schachttiefe 80 cm, einschl. korrosionsbeständiger Befestigungsmittel, Abstand zum tragenden Untergrund 160 mm, Befestigungsuntergrund Beton, Ausführung thermisch getrennt, einschl. ;1,0;St;gaeb;sonstiges/26E30281.X83
0010;Technische Bearbeitung durch AN, Erstellung der Werk- und Montageplanung für alle nachfolgend beschriebenen Fertigteil-Podeste und Treppenläufe. Digital per Mail der Bauleitung zur Prüfung und Freigabe zusenden.;1,0;psch;gaeb;sonstiges/26E30281.X83
0020;Treppenlauf, gerade, als Fertigteil DIN EN 13369 und DIN EN 14843, Dicke Treppenlaufplatte 22 cm, Breite Treppenlauf 140 cm,;9,0;St;gaeb;sonstiges/26E30281.X83
0030;Treppenlauf, gerade, als Fertigteil DIN EN 13369 und DIN EN 14843, Dicke Treppenlaufplatte 22 cm, Breite Treppenlauf 140 cm,;9,0;St;gaeb;sonstiges/26E30281.X83
0040;Treppenlauf, gerade, als Fertigteil DIN EN 13369 und DIN EN 14843, Dicke Treppenlaufplatte 22 cm, Breite Treppenlauf 140 cm,;9,0;St;gaeb;sonstiges/26E30281.X83
0050;Treppenlauf, gerade, mit oben angeformten Podest, als Fertigteil DIN EN 13369 und DIN EN 14843, Dicke Treppenlaufplatte 22 cm, Breite Treppenlauf 100 cm,;1,0;St;gaeb;sonstiges/26E30281.X83
0060;Treppenlauf, gerade, als Fertigteil DIN EN 13369 und DIN EN 14843, Dicke Treppenlaufplatte 22 cm, Breite Treppenlauf 100 cm,;1,0;St;gaeb;sonstiges/26E30281.X83
0070;Liefern eines 20 mm dicken, einlagigen Dämmstreifen, zwischen den Treppenläufen und den Treppenhauswänden  einbauen. Der Dämmstreifen ist bündig mit der Unterseite des Treppenlaufes und den Oberkanten der Treppenstufen auszubilden. Auszuführen in den Geschossen UG bis 4. OG.;680,0;m;gaeb;sonstiges/26E30281.X83
0080;Trittschalldämmelement, tragend, zwischen Treppenpodest und -lauf, gerader Lauf, mit Konsolauflager, Dämmstoff PE-Schaum, Baustoffklasse DIN 4102-1 B2 (normalentflammbar), Feuerwiderstandsklasse R 90 DIN EN 13501-2, Breite Treppenlauf 140 cm, Dicke Treppenlaufplatte 22 cm, Dicke Podestplatte 30 cm,;76,0;m;gaeb;sonstiges/26E30281.X83
0010;Rähm als Fertigteil DIN EN 13369 und DIN EN 13225, Rechteckquerschnitt, obere Fläche als Sattel ausbilden,;1,0;St;gaeb;sonstiges/26E30281.X83
0010;Decken-Vollplatte als Fertigteil DIN 1045-4, geschalte Fläche im Einbau ist die Oberseite, Höhe 30 cm,;2,0;St;gaeb;sonstiges/26E30281.X83
0020;Feuerbeständiger Verschluss von Fugen in horizontalem Verlauf zwischen Decken der Feuerwiderstandsklasse F 90-A nach DIN 4101, Teil 4.;18,0;m;gaeb;sonstiges/26E30281.X83
0010;Lieferung und Montage von Schutzfolien, als reißfeste Baufolie,;1160,0;m2;gaeb;sonstiges/26E30281.X83
0020;Behelfsmäßige Tür, abschließbar, 2-flügelig, aus Brettern, mit Feststeller, im Bauwerk, Breite über 2,25 bis 2,5 m, Höhe über 2,25 bis 2,5 m, einbauen und ausbauen.;1,0;St;gaeb;sonstiges/26E30281.X83
0030;Behelfsmäßige Tür, abschließbar, einflügelig, aus Brettern, mit Feststeller, im Bauwerk, Breite über 1,5 bis 1,75 m, Höhe über 2,5 bis 2,75 m, einbauen und ausbauen.;1,0;St;gaeb;sonstiges/26E30281.X83
0040;Behelfsmäßige Tür, abschließbar, einflügelig, aus Brettern, mit Feststeller, im Bauwerk, Breite über 1,25 bis 1,5 m, Höhe über 2,25 bis 2,5 m, einbauen und ausbauen.;1,0;St;gaeb;sonstiges/26E30281.X83
0050;Seitenschutz DIN 4420-1 und DIN EN 12811-1 bestehend aus Geländer, Zwischenholm und Bordbrett, aus Holz, aufbauen und entfernen, an Deckenrändern, aus Beton.;40,0;m;gaeb;sonstiges/26E30281.X83
0060;Seitenschutz DIN 4420-1 und DIN EN 12811-1 bestehend aus Geländer, Zwischenholm und Bordbrett, aus Holz, aufbauen und entfernen, an Schächten, aus Beton.;16,0;m;gaeb;sonstiges/26E30281.X83
0010;Durchbruch in Dachflächen für Rohrdurchführungen, schließen, begehbare Füllung aus ungehobelten Bohlen, mit zusätzlicher witterungsseitiger Bekleidung aus Bitumen-Dachdichtungsbahnen DIN EN 13707 G 200 DD, Stöße regen- und windsicher verbinden, Randanschlüsse allseitig regen- und windsicher, Rahmen ;5,0;St;gaeb;sonstiges/26E30281.X83
0020;Durchbruch in Dachflächen für Rohrdurchführungen, schließen, begehbare Füllung aus ungehobelten Bohlen, mit zusätzlicher witterungsseitiger Bekleidung aus Bitumen-Dachdichtungsbahnen DIN EN 13707 G 200 DD, Stöße regen- und windsicher verbinden, Randanschlüsse allseitig regen- und windsicher, Rahmen ;5,0;St;gaeb;sonstiges/26E30281.X83
0030;Durchbruch in Dachflächen für Rohrdurchführungen, schließen, begehbare Füllung aus ungehobelten Bohlen, mit zusätzlicher witterungsseitiger Bekleidung aus Bitumen-Dachdichtungsbahnen DIN EN 13707 G 200 DD, Stöße regen- und windsicher verbinden, Randanschlüsse allseitig regen- und windsicher, Rahmen ;5,0;St;gaeb;sonstiges/26E30281.X83
0040;Durchbruch in Dachflächen für Rohrdurchführungen, schließen, begehbare Füllung aus ungehobelten Bohlen, mit zusätzlicher witterungsseitiger Bekleidung aus Bitumen-Dachdichtungsbahnen DIN EN 13707 G 200 DD, Stöße regen- und windsicher verbinden, Randanschlüsse allseitig regen- und windsicher, Rahmen ;2,0;St;gaeb;sonstiges/26E30281.X83
0050;Durchbruch in Dachflächen für Rohrdurchführungen, schließen, begehbare Füllung aus ungehobelten Bohlen, mit zusätzlicher witterungsseitiger Bekleidung aus Bitumen-Dachdichtungsbahnen DIN EN 13707 G 200 DD, Stöße regen- und windsicher verbinden, Randanschlüsse allseitig regen- und windsicher, Rahmen ;3,0;St;gaeb;sonstiges/26E30281.X83
0060;Unterhaltung und ggf. Reparatur und Nachbessern der Abdichtung an den Bauteilfugen,;65,0;mMt;gaeb;sonstiges/26E30281.X83
0010;Winterschutzwand bestehend aus einer Holzrahmen-;10,0;m2;gaeb;sonstiges/26E30281.X83
0020;Provisorische Entwässerung an allen Entwässerungspunkten;16,0;St;gaeb;sonstiges/26E30281.X83
0030;Aufbauen Witterungsschutz-Dachkonstruktion als Satteldach, aus Leichtmetall, Abdeckung mit lichtdurchlässiger Plane, Spannweite über 5 bis 10 m, Schneelast 0,75 kN/m2, darunterliegender Raum unbeheizt, Dachneigung über 5 bis 10 Grad, nutzbarer Abstand über horizontalen Flächen 2 m, nicht begehbar, e;94,0;m2;gaeb;sonstiges/26E30281.X83
0040;Gebrauchsüberlassung für Witterungsschutz-Dachkonstruktion als Satteldach, aus Leichtmetall, Abdeckung mit lichtdurchlässiger Plane, Spannweite über 5 bis 10 m, Dachneigung über 5 bis 10 Grad, nutzbarer Abstand über horizontalen Flächen 2 m, nicht begehbar,;1128,0;m2Mt;gaeb;sonstiges/26E30281.X83
0050;Abbauen Witterungsschutz-Dachkonstruktion als Satteldach, aus Leichtmetall, Abdeckung mit lichtdurchlässiger Plane, Spannweite über 5 bis 10 m, Dachneigung über 5 bis 10 Grad, nutzbarer Abstand über horizontalen Flächen 2 m.;94,0;m2;gaeb;sonstiges/26E30281.X83
0060;Eingebaute und offenliegende Deckenschalung von Schnee;100,0;m2;gaeb;sonstiges/26E30281.X83
0070;Eingebaute und offenliegende Bewehrung von Schnee;100,0;m2;gaeb;sonstiges/26E30281.X83
0080;Abdecken von Bewehrung mittels Schutzfolie bzw .;100,0;m2;gaeb;sonstiges/26E30281.X83
0090;Abdecken von frischen Betonoberflächen mit wärmehaltenden;100,0;m2;gaeb;sonstiges/26E30281.X83
0100;Beseitigung von Eis und Schnee auf Flachdachflächen, Untergrund Beton, bei Außentemperaturen im Bereich von 0 bis - 5 Grad C.;1,0;m2;gaeb;sonstiges/26E30281.X83
0110;Schneeräumeinsatz;1,0;St;gaeb;sonstiges/26E30281.X83
0120;Vergütung der Einsatzzeit eines Facharbeiter für Durchführung;1,0;Std;gaeb;sonstiges/26E30281.X83
0010;Abwasserleitung aus PP-Rohr DIN EN 1451-1, heißwasserbeständig (bis 95 Grad C), DN/OD 125, Verbindung mit Steckmuffe, einschl. Dichtringen, Verlegung in Gebäuden, Form- und Verbindungsstücke werden gesondert vergütet, Arbeitshöhe des Montageortes bis 3,5 m über der Standfläche des hierfür erforderli;34,0;m;gaeb;sonstiges/26E30281.X83
0020;Abwasserleitung aus PP-Rohr DIN EN 1451-1, heißwasserbeständig (bis 95 Grad C), DN/OD 160, Verbindung mit Steckmuffe, einschl. Dichtringen, Verlegung in Gebäuden, Form- und Verbindungsstücke werden gesondert vergütet, Arbeitshöhe des Montageortes bis 3,5 m über der Standfläche des hierfür erforderli;1,0;m;gaeb;sonstiges/26E30281.X83
0030;Abwasserleitung aus PP-Rohr DIN EN 1451-1, heißwasserbeständig (bis 95 Grad C), DN/OD 200, Verbindung mit Steckmuffe, einschl. Dichtringen, Verlegung in Gebäuden, Form- und Verbindungsstücke werden gesondert vergütet, Arbeitshöhe des Montageortes bis 3,5 m über der Standfläche des hierfür erforderli;8,0;m;gaeb;sonstiges/26E30281.X83
0010;Abwasserleitung aus PP-Rohr DIN EN 1451-1, heißwasserbeständig (bis 95 Grad C), DN/OD 110, Verbindung mit Steckmuffe, einschl. Dichtringen, Verlegung in Gebäuden, Form- und Verbindungsstücke werden gesondert vergütet, Arbeitshöhe des Montageortes bis 3,5 m über der Standfläche des hierfür erforderli;123,0;m;gaeb;sonstiges/26E30281.X83
0020;Bogen, 45 Grad, für Abwasserleitung, aus PP-Rohr DIN EN 1451-1, heißwasserbeständig (bis 95 Grad C), DN/OD 110.;97,0;St;gaeb;sonstiges/26E30281.X83
0030;Reduzierstück, für Abwasserleitung, aus PP-Rohr DIN EN 1451-1, heißwasserbeständig (bis 95 Grad C), DN/OD 110, 2. DN/OD 90.;10,0;St;gaeb;sonstiges/26E30281.X83
0040;Abzweig, 45 Grad, für Abwasserleitung, aus PP-Rohr DIN EN 1451-1, heißwasserbeständig (bis 95 Grad C), DN/OD 110.;24,0;St;gaeb;sonstiges/26E30281.X83
0050;Reinigungsverschluss aus Gusseisen für Bodeneinbau, einteilig, Unterteil mit Pressdichtungsflansch, Anschluss DN 150, Deckel aus Gusseisen mit Betonfüllung, Klasse M 125 DIN EN 1253-4.;10,0;St;gaeb;sonstiges/26E30281.X83
0060;Mediendurchführung, einfach, rund, für Abwasser,;3,0;St;gaeb;sonstiges/26E30281.X83
0070;Bodenablauf DIN EN 1253-1 mit Geruchverschluss mit einer Sperrwasserhöhe von mind. 50 mm, herausnehmbar, aus Kunststoff, Gehäuse aus PP, Abgang senkrecht, mit Klebeflansch, Anschluss DN 50, mit Aufsatzstück und Rostrahmen, Aufsatzstück aus nichtrostendem Stahl, Höhe über 200 bis 250 mm, mit Klebefla;17,0;St;gaeb;sonstiges/26E30281.X83
0010;Liefern und Einbauen einer Entwässerungsrinne gemäß DIN EN;9,0;m;gaeb;sonstiges/26E30281.X83
0020;Einlaufkasten passend zum Rinnensystem,;3,0;Stk;gaeb;sonstiges/26E30281.X83
0030;Stirnwände für Rinnenenden, passend zum System,;6,0;Stk;gaeb;sonstiges/26E30281.X83
0040;Herstellen von Längszuschnitten der Rinnenelemente und Abdeckungen entsprechend örtlichem Aufmaß,  fachgerechte Bearbeitung der Schnittkanten, Korrosionsschutz von Schnittflächen verzinkter Bauteile mittels geeigneter Beschichtung, Behandlung von Schnittflächen aus Gusseisen mit geeigneter Schutzbes;3,0;Stk;gaeb;sonstiges/26E30281.X83
0010;Dichtheitsprüfung DWA-M 149 Teil 6 mit Luft, der Abwasserleitung aus PVC-U, bis DN 200,;157,0;m;gaeb;sonstiges/26E30281.X83
0020;Frostfreien Bauwasseranschluss am Hydranten zum Betrieb von Beton- oder Estrichpumpen, mit Schlauchanschluss, DN 32, einschl. Sicherungseinrichtung für Trinkwasser DIN EN 1717, als ungehinderter freier Auslauf, Gruppe/Typ AA, zur Absicherung von Anlagen bis Flüssigkeitskategorie 5, einrichten und rä;1,0;St;gaeb;sonstiges/26E30281.X83
0010;Stundenlohnarbeiten durch Bauvorarbeiter/-in;10,0;h;gaeb;sonstiges/26E30281.X83
0020;Stundenlohnarbeiten durch Baufacharbeiter/-in;10,0;h;gaeb;sonstiges/26E30281.X83
0030;Stundenlohnarbeiten durch Bauhelfer/-in;10,0;h;gaeb;sonstiges/26E30281.X83
0040;Für Frontlader, luftbereift über 45 kW bis 75 kW, einschließlich Bedienung, frei Baustelle;1,0;h;gaeb;sonstiges/26E30281.X83
0050;Für Flächenrüttler (Rüttelverdichter) bis 0,75 t, einschließlich Bedienung, frei Baustelle;1,0;h;gaeb;sonstiges/26E30281.X83
0060;Stundenlohnarbeiten für Kompressor bis 5;1,0;h;gaeb;sonstiges/26E30281.X83
0070;Stundenlohnarbeiten durch Lastkraftwagen auf Anordnung;1,0;h;gaeb;sonstiges/26E30281.X83
0080;Stundenlohnarbeiten wie vor,;1,0;h;gaeb;sonstiges/26E30281.X83
0090;Stundenlohnarbeiten durch Mobilbagger, ca. 4,5 t, auf Anordnung des AG ausführen. Der Verrechnungssatz für den jeweiligen Mobilbagger umfasst sämtliche Aufwendungen für den Einsatz des Mobilbagger, insbesondere Gerätevorhalte- und Betriebsstoffkosten sowie sämtliche Zuschläge einschließlich der Kost;1,0;h;gaeb;sonstiges/26E30281.X83
0100;Stundenlohnarbeiten durch Mobilbagger, ca. 12t, auf Anordnung;1,0;h;gaeb;sonstiges/26E30281.X83
0110;Für Handstemmgerät, elektrisch,;1,0;h;gaeb;sonstiges/26E30281.X83
0120;Für Kleingeräte wie Bohrhammer, Winkelschleifer ....;1,0;h;gaeb;sonstiges/26E30281.X83
0130;Vergütung der Einsatzzeit einer sicherheitstechnischen;1,0;h;gaeb;sonstiges/26E30281.X83
0010;Für die Dokumentation der geleisteten Arbeiten für das Gewerk der Rohbauarbeiten 1 sind durch den Auftragnehmer die nachfolgend beschriebenen Leistungen zu erbringen.;1,0;psch;gaeb;sonstiges/26E30281.X83
