Pos.;Leistung;Menge;Einheit;Quelle;Datei
10;Für das Einrichten der kompletten Baustelle.;1,0;psch;gaeb;leistungsbeschreibungen/Leistungsbeschreibung.x81
20;Vorhalten der Baustelleneinrichtung für sämtliche in der Ausschreibung aufgeführten Leistungen.;1,0;psch;gaeb;leistungsbeschreibungen/Leistungsbeschreibung.x81
30;Räumen der Baustelleneinrichtung für sämtliche in der Ausschreibung aufgeführten Leistungen einschließlich Säuberung der Anlage und Bauwerke (besenrein) nach Beendigung der Bauarbeiten und die Wiederherstellung des übrigen Geländes in seinen ursprünglichen Zustand.;1,0;psch;gaeb;leistungsbeschreibungen/Leistungsbeschreibung.x81
40;Sanitäreinrichtung liefern, vorhalten, abbauen;12,0;Mt;gaeb;leistungsbeschreibungen/Leistungsbeschreibung.x81
50;Im Gebäude der Filtration befinden sich vom AG gestellte Sanitäreinrichtungen, die ebenfalls allen Auftragnehmern zur Nutzung zur Verfügung gestellt werden.;12,0;Mt;gaeb;leistungsbeschreibungen/Leistungsbeschreibung.x81
60;Bauzaun, 2,0 m hoch, versetzbar, stabile Ausführung aus Fertigsegmenten, komplett einschl. Pfosten und Fußplatten liefern und zur Sicherung gegen unbefugtes Betreten an den Baufeldgrenzen einschl. Baustelleneinrichtungsfläche und im Bereich offener Rohrgräben in Abstimmung mit der Bauleitung des AG';400,0;m;gaeb;leistungsbeschreibungen/Leistungsbeschreibung.x81
70;Baustraße  in der für Baufahrzeuge erforderlichen Breite und Dicke (mind. 30 cm) herstellen, über die gesamte Bauzeit unterhalten und nach Beendigung der Bauarbeiten wieder beseitigen.;650,0;m2;gaeb;leistungsbeschreibungen/Leistungsbeschreibung.x81
10;Beweissicherung im Einflussbereich der Baumaßnahme vor Beginn und nach Abschluss der Bauarbeiten. Für die im Baufeld befindlichen Straßen, Leitungen und Gebäude, in Abstimmung mit dem AG, Zustand und Beschaffenheit feststellen und dokumentieren, durch Begehung mit schriftlichem Protokoll und Bildern;1,0;psch;gaeb;leistungsbeschreibungen/Leistungsbeschreibung.x81
20;Von den verschiedenen Abschnitten des Bauvorhabens;1,0;psch;gaeb;leistungsbeschreibungen/Leistungsbeschreibung.x81
30;Höhenbolzen (Mauerbolzen) liefern und nach Angabe des AG am Verblendmauerwerk des Schlammsilos anbringen, höhenmäßig auf NN bezogen einnivellieren einschl. Kontrollmessungen. Unterhalb des Bolzens ist ein dauerhaftes Schild mit der Höhenangabe auf NHN anzubringen (Genauigkeit +/- 1 mm).;1,0;Stk;gaeb;leistungsbeschreibungen/Leistungsbeschreibung.x81
40;Einmessen aller neu erstellten Rohrleitungen, Schächte, Kabelleerrohre, Bauwerke, etc. des Leistungsumfanges dieses Loses in Lage und Höhe zur Erstellung von Bestandslageplänen. Lage in UTM-Koordinaten, Höhe in mNHN.;1,0;psch;gaeb;leistungsbeschreibungen/Leistungsbeschreibung.x81
50;Für das Bauvorhaben sind Bestandspläne gemäß den Anforderungen des AG in digitaler Form für die neuen Bauwerke und verlegten Rohrleitungen herzustellen.;1,0;psch;gaeb;leistungsbeschreibungen/Leistungsbeschreibung.x81
60;Der AN ist verpflichtet, zur Dokumentation des gesamten Baugeschehens eine Bauwerksakte zu führen.;1,0;psch;gaeb;leistungsbeschreibungen/Leistungsbeschreibung.x81
70;Offene Wasserhaltung nach DIN 18035, für das Ableiten von Oberflächenwasser während der Bauzeit der offenen Baugruben.;1,0;psch;gaeb;leistungsbeschreibungen/Leistungsbeschreibung.x81
10;des Schlammspeicher unter Beachtung aller erforderlicher Sicherheitsmaßnahmen für die komplette Erstellung des Behälters einschl. aller dazugehörigen Konstruktionen wie Dämmung, Fassade, Dacharbeiten, Brücken, Geländer, usw. Die Einrüstung ist gemäß der UVV, GUV sowie der Arbeitsstättenverordnung au;1,0;St;gaeb;leistungsbeschreibungen/Leistungsbeschreibung.x81
20;Gerüstdaueranker zur Verankerung mit bauaufsichtlich zugelassenen Klebeankern, zur Aufnahme von rechtwinklig und parallel zum Gebäude wirkenden Gerüstlasten (F- = ca. 3,9 kN / FII = ca. 1,3 kN) nach Gerüststatik, Zulassung der Gerüste, DIN EN 12811-1 / DIN 4420-3 bzw. DIN 4426 in der Horizontalfuge ;40,0;St;gaeb;leistungsbeschreibungen/Leistungsbeschreibung.x81
30;wie in Position äußere Einrüstung beschrieben, jedoch für die innere Einrüstung des Schlammspeichers.;1,0;St;gaeb;leistungsbeschreibungen/Leistungsbeschreibung.x81
10;Mobile Vakuumanlage für örtliche Wasserhaltungen liefern, Förderleistung min. 10 m³/h anliefern aufstellen, wieder abbauen und abfahren.;1,0;St;gaeb;leistungsbeschreibungen/Leistungsbeschreibung.x81
20;Betriebsstunden der Vakuumanlage. Abrechnung nach Betriebsstundenzähler.;2,0;Wo;gaeb;leistungsbeschreibungen/Leistungsbeschreibung.x81
30;Länge bis 4,00 m. Anliefern, einspülen, vorhalten, wieder abbauen und abtransportieren. Einschl. Verbindungsleitungen zur Vakuumanlage.;5,0;St;gaeb;leistungsbeschreibungen/Leistungsbeschreibung.x81
40;Verbindung der Vakuumanlage zur Einspeisestelle mit Schnellkupplungsrohren in geeignetem Durchmesser sowie Pass- und Formstücken;40,0;m;gaeb;leistungsbeschreibungen/Leistungsbeschreibung.x81
10;Oberboden mit Grasnarbe bis 50 cm Stärke abschieben, aufladen und auf der BE-Fläche abladen. Transportentfernung bis 200m.;75,0;m3;gaeb;leistungsbeschreibungen/Leistungsbeschreibung.x81
20;Baugrube für den Schlammspeicher nach Vorgabe der aktuellen DIN 4124 (2012) profilgerecht und geböscht 45°, herstellen. Der Bodenaushub ist zur Wiederverfüllung auf den markierten BE-Flächen im Lageplan seitlich zu lagern.;75,0;m3;gaeb;leistungsbeschreibungen/Leistungsbeschreibung.x81
30;zwischengelagerten Boden von der BE-Fläche aufnehmen, in die Arbeitsräume  einbauen und lagenweise verdichten.;43,0;m3;gaeb;leistungsbeschreibungen/Leistungsbeschreibung.x81
40;Maschinelle Nachverdichtung der Baugrubensohle auf ein Verformungsmodul EV2 >= 120 MN/m².;150,0;m2;gaeb;leistungsbeschreibungen/Leistungsbeschreibung.x81
10;Oberboden mit Grasnarbe bis 30 cm Stärke abschieben, fräsen, aufladen und auf der BE-Fläche abladen. Transportentfernung bis 200m.;27,0;m3;gaeb;leistungsbeschreibungen/Leistungsbeschreibung.x81
20;Oberboden von der BE-Fläche zur Einbaustelle transportieren und dort  in einer Stärke von rd. 20 cm einbauen profilieren und planieren.;50,0;m2;gaeb;leistungsbeschreibungen/Leistungsbeschreibung.x81
30;Baugrube für die Fundamente nach Vorgabe der aktuellen DIN 4124 (2012) profilgerecht und geböscht 45°,herstellen. Der Bodenaushub ist zur Wiederverfüllung auf den markierten BE-Flächen  zu lagern.;96,0;m3;gaeb;leistungsbeschreibungen/Leistungsbeschreibung.x81
40;Auf der BE-Fläche gelagerten, zur Wiederverfüllung geeigneten Bodenaushub einbauen und lagenweise verdichten.;42,0;m3;gaeb;leistungsbeschreibungen/Leistungsbeschreibung.x81
10;Baugrube für den Abtankplatz und das Fundament der Fällmittelbehälter nach Vorgabe der aktuellen DIN 4124 (2012) profilgerecht und geböscht 45°,herstellen. Der Bodenaushub ist zur Wiederverfüllung auf den markierten BE-Flächen seitlich zu lagern.;42,0;m3;gaeb;leistungsbeschreibungen/Leistungsbeschreibung.x81
20;Maschinelle Nachverdichtung der Baugrubensohlen auf ein Verformungsmodul EV2 >= 120 MN/m².;77,0;m2;gaeb;leistungsbeschreibungen/Leistungsbeschreibung.x81
30;Boden nach DIN 18196 der Frostempfindlichkeit F1, Schluffanteil >5 %, liefern und unterhalb der Sauberkeitsschicht lagenweise einbauen und verdichten auf 100 % einfache Proctordichte, einschl. Grobplanum. Die Baugrubenverfüllung muss umlaufend lagenweise erfolgen. Abrechnung nach eingebauter und ver;23,0;m3;gaeb;leistungsbeschreibungen/Leistungsbeschreibung.x81
10;Baugrube für den Havarieschacht nach Vorgabe der aktuellen DIN 4124 (2012) profilgerecht herstellen. Der Bodenaushub ist zur Zwischenlagerung auf den markierten BE-Flächen zu lagern.;20,0;m3;gaeb;leistungsbeschreibungen/Leistungsbeschreibung.x81
20;Auf der BE-Fläche gelagerten, zur Wiederverfüllung geeigneten Bodenaushub einbauen und lagenweise verdichten.;14,4;m3;gaeb;leistungsbeschreibungen/Leistungsbeschreibung.x81
30;Maschinelle Nachverdichtung der Baugrubensohle auf ein Verformungsmodul EV2 >= 120 MN/m².;9,0;m2;gaeb;leistungsbeschreibungen/Leistungsbeschreibung.x81
10;Bauwerkssicherung für die vorgesehene Bebauung direkt am Maschinengebäude , Abtankplatz und Schachtpumpwerk .;1,0;psch;gaeb;leistungsbeschreibungen/Leistungsbeschreibung.x81
10;Oberboden mit Grasnarbe bis 30 cm Stärke fräsen, abschieben, aufladen und auf der BE-Fläche abladen. Transportentfernung bis 500m.;125,0;m3;gaeb;leistungsbeschreibungen/Leistungsbeschreibung.x81
20;Oberboden von der BE-Fläche zur Einbaustelle transportieren und  in einer Stärke von rd. 20 cm einbauen, profilieren und planieren.;370,0;m2;gaeb;leistungsbeschreibungen/Leistungsbeschreibung.x81
30;Flächen der Vor-Position zur Raseneinsaat wie folgt vorbereiten und einsäen:;370,0;m2;gaeb;leistungsbeschreibungen/Leistungsbeschreibung.x81
40;zur Verlegung von Druckrohr-/Freigefälleleitungen im Boden bis zu einer mittleren Tiefe von 1,50m herstellen. Tiefe im Mittel gemessen von OK Gelände nach Oberflächenabtrag bis Rohrgrabensohle. Boden ausheben und neben dem Rohrgraben lagern.;500,0;m3;gaeb;leistungsbeschreibungen/Leistungsbeschreibung.x81
50;zur Verlegung von Druckrohr-/Freigefälleleitungen im Boden bis zu einer mittleren Tiefe von >1,50 m bis 2,50m herstellen. Tiefe im Mittel gemessen von 1,50m Rohrgrabentiefe bis Rohrgrabensohle. Boden ausheben und neben dem Rohrgraben lagern.;35,0;m3;gaeb;leistungsbeschreibungen/Leistungsbeschreibung.x81
60;Als Leitungszone und Auflager für Rohrleitungen.;150,0;m3;gaeb;leistungsbeschreibungen/Leistungsbeschreibung.x81
70;Baugrube für die Schächte des Leerrohrsystems nach Vorgabe der aktuellen DIN 4124 (2012) profilgerecht herstellen. Der Bodenaushub ist zur Wiederverfüllung seitlich zu lagern.;55,0;m3;gaeb;leistungsbeschreibungen/Leistungsbeschreibung.x81
80;Abfahren des überschüssigen Bodens, aus dem Bodenaushub seitlich zu den errichteten Rohrgräben, zur  BE -Fläche.;75,0;m3;gaeb;leistungsbeschreibungen/Leistungsbeschreibung.x81
90;als Überfahrten für die Straßenkreuzungen von Rohrgräben, Kabelgräben etc. verkehrssichere Baugrubenüberfahrten nach Wahl des AN's herstellen, vorhalten und wieder abbauen. Die erforderlichen statischen Berechnung sind vom AN zu erstellen und im Einheitspreis dieser Pos. einzukalkulieren.;5,0;St;gaeb;leistungsbeschreibungen/Leistungsbeschreibung.x81
100;Querende Pflasterrinne 30 cm breit im oberen Bereich des Rohrgrabens durch Unterfüttern/Abstützen während der Bauzeit sichern.;1,0;St;gaeb;leistungsbeschreibungen/Leistungsbeschreibung.x81
110;Querende Rohrleitungen im Rohrgraben durch Unterfüttern/Abstützungen während der Bauzeit sichern.;30,0;St;gaeb;leistungsbeschreibungen/Leistungsbeschreibung.x81
120;Querende Rohrleitungen im Rohrgraben durch Unterfüttern/Abstützungen während der Bauzeit sichern.;20,0;St;gaeb;leistungsbeschreibungen/Leistungsbeschreibung.x81
130;Elt, -Post- und sonstige Kabel(bündel), die die Baugrube kreuzen und während des Bodenaushubes freigelegt wurden, bis zur Baugrubenverfüllung, soweit erforderlich, entsprechend unterfangen, aufhängen bzw. schubsichern, einschließlich liefern und vorhalten der zur Leitungssicherung erforderlichen Mat;20,0;St;gaeb;leistungsbeschreibungen/Leistungsbeschreibung.x81
140;Leitungssicherung wie vor, jedoch parallel zur Kanaltrasse. Kabeldurchmesser bis 10 cm bzw. Leitungsbund bis 10 cm Durchmesser.;80,0;m;gaeb;leistungsbeschreibungen/Leistungsbeschreibung.x81
10;Probenahme und Deklarationsanalysen des zwischengelagerten Bodens nach ErsatzbaustoffV und Klassifizierung des Bodenaushubs mit den Materialwerten;6,0;St;gaeb;leistungsbeschreibungen/Leistungsbeschreibung.x81
20;Deklarationsanalysen nach LAGA M20 durch ein akkreditiertes Prüfinstitut des zwischengelagerten Bodens nach fachlich korrekter Probenahme auf Basis der LAGA Richtlinie PN98 und DIN 19698-1. Festlegung der Zuordnungskategorie zur Feststellung der notwendigen Behandlung und Beseitigung des Bodenaushub;6,0;St;gaeb;leistungsbeschreibungen/Leistungsbeschreibung.x81
30;Überschüssigen bzw. zum Wiedereinbau ungeeigneten Bodenaushub vom Zwischenlager aufnehmen, abfahren und entsorgen.;450,0;t;gaeb;leistungsbeschreibungen/Leistungsbeschreibung.x81
40;Überschüssigen bzw. zum Wiedereinbau ungeeigneten Bodenaushub vom Zwischenlager aufnehmen, abfahren und entsorgen.;120,0;t;gaeb;leistungsbeschreibungen/Leistungsbeschreibung.x81
50;Überschüssigen bzw. zum Wiedereinbau ungeeigneten Bodenaushub vom Zwischenlager aufnehmen, abfahren und entsorgen.;70,0;t;gaeb;leistungsbeschreibungen/Leistungsbeschreibung.x81
10;Feinplanum gemäß aktueller ZTVE - Stb mit dem erforderlichen Quer- und Längsgefälle, ordnungsgemäß verdichtet herstellen. Das Feinplanum muss unmittelbar vor dem Einbau der Frostschutzschicht vom AG abgenommen werden.;68,0;m2;gaeb;leistungsbeschreibungen/Leistungsbeschreibung.x81
20;Frostschutzschicht (FSS) für die Bauweise von Fahrbahnen mit Pflasterdecken auf F2- bzw. F3-Untergund nach RStO 12 (Belastungsklasse Bk 3,2) herstellen. Frostschutzschicht Brechkorngemisch, 0/45 mm aus Naturgestein, Basalt. (kein Kalkgestein, da zu geringer Abriebwiderstand und aufgrund des hohen Gr;68,0;m2;gaeb;leistungsbeschreibungen/Leistungsbeschreibung.x81
30;Schottertragschicht (STS) für die Bauweise von Fahrbahnen mit Pflasterdecke auf F2- bzw. F3-Untergund nach RStO 12 (Belastungsklasse Bk 3,2) als Unterlage für die Pflasterdecke herstellen. Schottertragschicht aus Brechkorngemisch, 0/32 mm aus Naturgestein, Basalt. (kein Kalkgestein, da zu geringer A;26,0;m2;gaeb;leistungsbeschreibungen/Leistungsbeschreibung.x81
40;Plattendruckversuche werden bauseits vom Gutachter des AG durchgeführt.  Die Prüforte werden auf Anweisung der Bauleitung des AG festgelegt, Die Versuche werden nach DIN 18134 ausgeführt. Zu kalkulieren ist vom AN die Stellung und Vorhaltung des erforderlichen Gegengewichtes einschl. Bedienung.  An ;2,0;St;gaeb;leistungsbeschreibungen/Leistungsbeschreibung.x81
50;Betonsteinpflaster;33,0;m2;gaeb;leistungsbeschreibungen/Leistungsbeschreibung.x81
60;Vorh. Oberflächenbefestigung aus Betonrechteckpflaster aufnehmen, abfahren und fachgerecht entsorgen.;7,0;m2;gaeb;leistungsbeschreibungen/Leistungsbeschreibung.x81
70;Anschluss der neuen Verbundpflasterfläche an vorhandene Pflasterflächen und Treppen.;7,0;m;gaeb;leistungsbeschreibungen/Leistungsbeschreibung.x81
80;Tiefbordstein 10/30/100 und 50 cm, DIN EN 1340, Unterbeton 20 cm dick. liefern und mit engen Fugen flucht- und höhengerecht auf Unterbeton C20/25 versetzen, einschließlich einer Sauberkeitsschicht von 25 cm aus Basaltmineralgemisch und der Rückenstütze aus Beton C20/25, 10 cm breit herstellen bis 10;18,0;m;gaeb;leistungsbeschreibungen/Leistungsbeschreibung.x81
10;Der Tiefbordstein ist als Kurvenstein auszuführen mit einem Kurvenradius von ca. 5,6 m. Alternativ kann die Biegung auch aus geraden Boardsteinen hergestellt werden, diese sind dann in 0,25 m lange Einzelelemente zu trennen und mit einer maximal 0,7 mm großen Keilfuge auszuführen.;36,0;m;gaeb;leistungsbeschreibungen/Leistungsbeschreibung.x81
20;Grobkies aus gewaschenem Kies der Körnung 16 / 32 mm liefern und an der Froschklappe der Regengrundleitung einbauen.;4,0;m3;gaeb;leistungsbeschreibungen/Leistungsbeschreibung.x81
30;Geotextilmatte, mechanisch verfestigter Spinnfaservliesstoff, Geotextilrohbustheitsklasse GRK 4, liefern und zur Umschließung der Grobkiespackung der vorigen Position einbauen.;17,0;m2;gaeb;leistungsbeschreibungen/Leistungsbeschreibung.x81
40;Feinplanum gemäß aktueller ZTVE - Stb mit dem erforderlichen Quer- und Längsgefälle, ordnungsgemäß verdichtet herstellen. Das Feinplanum muss unmittelbar vor dem Einbau der Frostschutzschicht vom AG abgenommen werden.;20,0;m2;gaeb;leistungsbeschreibungen/Leistungsbeschreibung.x81
50;Frostschutzschicht (FSS) für die Bauweise von Gewegen auf F2- bzw. F3-Untergund nach RStO 12 (Belastungsklasse Bk 1,8) herstellen. Frostschutzschicht Brechkorngemisch, 0/45 mm aus Naturgestein, Basalt. (kein Kalkgestein, da zu geringer Abriebwiderstand und aufgrund des hohen Grundwasserstandes kein ;10,0;m2;gaeb;leistungsbeschreibungen/Leistungsbeschreibung.x81
60;Schottertragschicht- oder Kiestragschicht für die Bauweise von Gehwegen auf F2- bzw. F3-Untergund nach RStO 12 herstellen. Schottertragschicht Brechkorngemisch, 0/32 mm aus Naturgestein, Basalt. (kein Kalkgestein, da zu geringer Abriebwiderstand und Kein RC-Material);20,0;m2;gaeb;leistungsbeschreibungen/Leistungsbeschreibung.x81
70;Plattendruckversuche werden bauseits vom Gutachter des AG durchgeführt.  Die Prüforte werden auf Anweisung der Bauleitung des AG festgelegt, Die Versuche werden nach DIN 18134 ausgeführt. Zu kalkulieren ist vom AN die Stellung und Vorhaltung des erforderlichen Gegengewichtes einschl. Bedienung.  An ;1,0;St;gaeb;leistungsbeschreibungen/Leistungsbeschreibung.x81
80;Betonsteinpflaster;20,0;m2;gaeb;leistungsbeschreibungen/Leistungsbeschreibung.x81
90;Rasenkantenstein 8/25/100 cm liefern und setzen, Unterbeton 10 cm dick. liefern und mit engen Fugen flucht- und höhengerecht auf Unterbeton C20/25 versetzen, einschließlich einer Sauberkeitsschicht von 25 cm aus Basaltmineralgemisch und der Rückenstütze aus Beton C20/25, 10 cm breit herstellen bis 1;20,0;m;gaeb;leistungsbeschreibungen/Leistungsbeschreibung.x81
10;Vorh. Betontiefbord 10/30/100 cm einschl. Betonrückenstütze aufnehmen, abfahren und fachgerecht entsorgen. Einschl. der erf. Erdarbeiten.;8,0;m;gaeb;leistungsbeschreibungen/Leistungsbeschreibung.x81
20;Vorh. Betontiefbord 10/30/100 cm einschl. Betonrückenstütze aufnehmen und auf die 50 m entfernte BE-Fläche transportieren.;1,0;m;gaeb;leistungsbeschreibungen/Leistungsbeschreibung.x81
30;Vorh. Oberflächenbefestigung aus Beton-Verbundpflaster bzw. Rechteckpflaster aufnehmen und fachgerecht entsorgen;88,0;m2;gaeb;leistungsbeschreibungen/Leistungsbeschreibung.x81
40;Vorh. Unterbau aufnehmen und entsorgen.;48,3;m3;gaeb;leistungsbeschreibungen/Leistungsbeschreibung.x81
50;Vorh. Schotterfläche aufnehmen und auf der BE-Fläche in 50 m lagern.;20,6;m3;gaeb;leistungsbeschreibungen/Leistungsbeschreibung.x81
60;Feinplanum gemäß aktueller ZTVE - Stb mit dem erforderlichen Quer- und Längsgefälle, ordnungsgemäß verdichtet herstellen. Das Feinplanum muss unmittelbar vor dem Einbau der Frostschutzschicht vom AG abgenommen werden.;73,0;m2;gaeb;leistungsbeschreibungen/Leistungsbeschreibung.x81
70;Frostschutzschicht (FSS) für die Bauweise von Fahrbahnen mit Pflasterdecken auf F2- bzw. F3-Untergund nach RStO 12 (Belastungsklasse Bk 3,2) herstellen. Frostschutzschicht Brechkorngemisch, 0/45 mm aus Naturgestein, Basalt. (kein Kalkgestein, da zu geringer Abriebwiderstand und aufgrund des hohen Gr;73,0;m2;gaeb;leistungsbeschreibungen/Leistungsbeschreibung.x81
80;Schottertragschicht (STS) für die Bauweise von Fahrbahnen mit Pflasterdecke auf F2- bzw. F3-Untergund nach RStO 12 (Belastungsklasse Bk 3,2) als Unterlage für die Pflasterdecke herstellen. Schottertragschicht aus Brechkorngemisch, 0/32 mm aus Naturgestein, Basalt. (kein Kalkgestein, da zu geringer A;73,0;m2;gaeb;leistungsbeschreibungen/Leistungsbeschreibung.x81
90;Plattendruckversuche werden bauseits vom Gutachter des AG durchgeführt.  Die Prüforte werden auf Anweisung der Bauleitung des AG festgelegt, Die Versuche werden nach DIN 18134 ausgeführt. Zu kalkulieren ist vom AN die Stellung und Vorhaltung des erforderlichen Gegengewichtes einschl. Bedienung.  An ;1,0;St;gaeb;leistungsbeschreibungen/Leistungsbeschreibung.x81
100;Betonsteinpflaster;73,0;m2;gaeb;leistungsbeschreibungen/Leistungsbeschreibung.x81
110;Verbund-/Rechteckpflaster an die vorhandene Entwässerungsrinne anarbeiten inkl. aller notwendigen Zuschneidarbeiten an Kanten und Ecken.;14,0;m;gaeb;leistungsbeschreibungen/Leistungsbeschreibung.x81
120;Anschluss der neuen Verbundspflasterfläche an vorhandene Pflasterflächen und Treppen.;6,0;m;gaeb;leistungsbeschreibungen/Leistungsbeschreibung.x81
130;Zuschneiden der Pflastersteine aus Beton per Nassschnitt für das Verlegen an Kanten und Einfassungen in der Pflasterdecke.;6,0;m;gaeb;leistungsbeschreibungen/Leistungsbeschreibung.x81
140;Zuschneiden der Pflastersteine aus Beton per Nassschnitt für das Verlegen an Einbauten und Aussparungen in der Pflasterdecke.;3,0;m;gaeb;leistungsbeschreibungen/Leistungsbeschreibung.x81
150;Anschluss der neuen Verbundspflasterfläche an neu hergestellte Bauwerke.;32,4;m;gaeb;leistungsbeschreibungen/Leistungsbeschreibung.x81
160;Tiefbordstein 10/30/100 cm von der 50 m entfernten BE-Fläche liefern und setzen, Unterbeton 10 cm dick. liefern und mit engen Fugen flucht- und höhengerecht auf Unterbeton C20/25 versetzen, einschließlich einer Sauberkeitsschicht von 25 cm aus Basaltmineralgemisch und der Rückenstütze aus Beton C20/;1,0;m;gaeb;leistungsbeschreibungen/Leistungsbeschreibung.x81
170;Frostschutzschicht (FSS) für die Bauweise von Gewegen auf F2- bzw. F3-Untergund nach RStO 12 (Belastungsklasse Bk 0,3) herstellen. Frostschutzschicht Brechkorngemisch, 0/45 mm aus Naturgestein, Basalt. (kein Kalkgestein, da zu geringer Abriebwiderstand und aufgrund des hohen Grundwasserstandes kein ;34,7;m2;gaeb;leistungsbeschreibungen/Leistungsbeschreibung.x81
180;Schottertragschicht- oder Kiestragschicht für die Bauweise von Gehwegen auf F2- bzw. F3-Untergund nach RStO 12 herstellen. Schottertragschicht Brechkorngemisch, 0/32 mm aus Naturgestein, Basalt. (kein Kalkgestein, da zu geringer Abriebwiderstand und Kein RC-Material);34,7;m2;gaeb;leistungsbeschreibungen/Leistungsbeschreibung.x81
190;Betonsteinpflaster;23,0;m2;gaeb;leistungsbeschreibungen/Leistungsbeschreibung.x81
200;Blockstufe als Betonfertigteil nach DIN EN 13198,;1,0;m;gaeb;leistungsbeschreibungen/Leistungsbeschreibung.x81
210;Blockstufe als Betonfertigteil nach DIN EN 13198,;2,7;m;gaeb;leistungsbeschreibungen/Leistungsbeschreibung.x81
220;Rammschutz- Prallschutz- Anfahrschutz zum Einbetonieren liefern und einbauen.;3,0;St;gaeb;leistungsbeschreibungen/Leistungsbeschreibung.x81
10;Korrosionsschutzplatten für die runden Innenwände des Schlammbehälters als Betonschutzplatten mit Noppenverankerung in den frischen Beton, direkt extrudiert (keine nachträgliche Profilaufschweißung), Rohmaterial / Formstoff PE-HD nach EN ISO 1872-1, einschl. Winkel, Verbinder, Nenndicke mind. 3 mm, ;254,0;m2;gaeb;leistungsbeschreibungen/Leistungsbeschreibung.x81
20;wie vor, jedoch für die Unterseite der Bedienbrücke und deren Seitenwände über dem Schlammbehälter.;29,0;m2;gaeb;leistungsbeschreibungen/Leistungsbeschreibung.x81
30;Zur Verbindung zwischen der Wandauskleidung und dem Deckenabschlussprofil ist nach dem Betonieren ein gewebekaschierter PE-HD Bandstreifen mit einer Stärke von min. 5 mm aufzukleben und bündig mit der Wandauskleidung zu verschweißen. Der Bandstreifen ist auf der Wandkrone in einer Breite von 30 cm a;32,0;m;gaeb;leistungsbeschreibungen/Leistungsbeschreibung.x81
40;Wandabschlussprofil aus PE-HD, im Bereich der runden Innenwand kurz oberhalb der Betonsohle des Schlammspeichers liefern und einbauen, einschließlich aller erforderlicher Anpassungsarbeiten insbesondere der gebogenen Form.;29,0;m;gaeb;leistungsbeschreibungen/Leistungsbeschreibung.x81
50;Zur Weiterführung der Korrosionsschutzauskleidung werden in die DN 1000 Revisionseinstiegsöffnungen PE-HD Rohre eingesetzt.;2,0;St;gaeb;leistungsbeschreibungen/Leistungsbeschreibung.x81
60;Anbindung des PE Rohrs da 1000 SDR 33 an die PE-Auskleidung gemäß Zeichnung ausführen. Die Anbindung zwischen der PE-HD Betonschutzauskleidung und dem PE Rohr erfolgt durch die Verschweißung des PE-Rohres mit der Wandschutzauskleidung.;2,0;St;gaeb;leistungsbeschreibungen/Leistungsbeschreibung.x81
70;Die DN 1000 Edelstahlrohrleitung ist nach dem Ausschalen der Betonwand bündig auf den Verlauf der Betoninnenwand abzuschneiden.;2,0;St;gaeb;leistungsbeschreibungen/Leistungsbeschreibung.x81
80;Fugenverschluss von Dehn- und Arbeitsfugen mit glatten, mindestens 26 cm breiten, unverankerten PE-HD-Streifen.;18,7;m;gaeb;leistungsbeschreibungen/Leistungsbeschreibung.x81
90;Funkenelektrische Prüfung der Schweißnähte der vorstehenden PE-Betonschutzplatten einschließlich Dokumentation;1,0;psch;gaeb;leistungsbeschreibungen/Leistungsbeschreibung.x81
10;GFK-Abdeckung, bestehend aus GFK-Tonnenschalen, h = 600 mm und Flachelementen im Bereich der Inspektionsöffnungen gemäß Plan A xx einschließlich Unterkonstruktion für die Abdeckung eines Schlammspeichers.;1,0;St;gaeb;leistungsbeschreibungen/Leistungsbeschreibung.x81
20;Montage- und Einstiegsluke in einer Größe von ca. 1.800 x 800mm als Rührwerksöffnung, 2-teilig, Gestaltung der Montageluke in Abhängigkeit der Elementegestaltung, mit Seil- und Kabeldurchführung (mind. 200 x 200 mm) im geschlossenen Zustand, sonst gemäß wie vorstehend beschrieben.;1,0;St;gaeb;leistungsbeschreibungen/Leistungsbeschreibung.x81
30;wie vor, mit Vorreiberverschlüssen, als Inspektionsöffnung für die Füllstandsmessungen.;1,0;St;gaeb;leistungsbeschreibungen/Leistungsbeschreibung.x81
40;Herstellung von Schlitzen, Aussparungen o.ä. für die Durchführung von Rohrleitungen und Kabeln bis DN 100. Die Anpassungsarbeiten sind Vorort im Zuge der Montage vorzunehmen.;2,0;St;gaeb;leistungsbeschreibungen/Leistungsbeschreibung.x81
50;Be- und Entlüftungsvorrichtung in einer Größe von ca. 20 x 20 cm für die Be-und Entlüftung des Schlammspeichers, Gestaltung in Abhängigkeit der Elementegestaltung, sonst wie in der Pos. GFK--Abdeckung beschrieben.;2,0;St;gaeb;leistungsbeschreibungen/Leistungsbeschreibung.x81
60;Technische Unterlagen und Baudokumentation für den gesamten Lieferumfang dieses Titels, bestehend aus:;1,0;psch;gaeb;leistungsbeschreibungen/Leistungsbeschreibung.x81
10;als Wärmedämmung der senkrechten runden Schlammspeicherwand im Erdreich bis an die Behälterwanddämmung unter der Verkleidung führend. Liefern und gemäß Zeichnung einbauen.;21,0;m2;gaeb;leistungsbeschreibungen/Leistungsbeschreibung.x81
20;Abdichtung Wandsockel DIN 18533-1 und DIN 18533-2, Raumnutzungsklasse RN2-E (übliche Anforderung), Wassereinwirkungsklasse W4-E (Spritzwasser und Bodenfeuchte am Wandsockel sowie Kapillarwasser in und unter Wänden), Rissklasse R1-E (gering), Rissüberbrückungsklasse RÜ1-E (geringe Rissüberbrückung bi;38,0;m2;gaeb;leistungsbeschreibungen/Leistungsbeschreibung.x81
30;Grundmauerschutz Noppenbahn liefern und fachgerecht verlegen. Verlegung und mechanische Befestigung nach Herstellervorschrift. Auf sorgfältige Überlappung der Bahnen ist zu achten. Verschnitt und Überlappungen sind in den EP dieser Position einzurechnen. Es wird die Grundmauerfläche abgerechnet.;27,0;m2;gaeb;leistungsbeschreibungen/Leistungsbeschreibung.x81
40;Liefern und Einbauen einer Z-Folie nach DIN 1053-1, t = ca. 1,2 mm, bitumenverträglich, in eine Lagerfuge des Verblendmauerwerks einlegen, zur Verhinderung von aufsteigender Feuchtigkeit, inkl. Montage mit Klemmleiste (ALU-Kappleiste) durch Andübeln an KS-Wänden bzw. Betonwänden, Zuschnittsbreite bi;32,0;m;gaeb;leistungsbeschreibungen/Leistungsbeschreibung.x81
50;Wärmedämmung der hinterlüfteten Fassade der Schlammspeicherwand oberhalb der Perimeterdämmung mit einer Mineralfaser-Fassaden-Dämmplatte. Wärmeleitfähikeitsgruppe 035. Normgerecht und amtlich güteüberwacht nach DIN 18165, nicht brennbar, Baustoffklasse A nach DIN 4102, hydrophobiert, Anwendungstyp W;272,0;m2;gaeb;leistungsbeschreibungen/Leistungsbeschreibung.x81
60;11,5 cm dickes Verblendermauerwerk aus VHLz- B 28-1,6 -NF nach DIN EN 771, Teil 1 (bzw. DIN 105, Teil 1).;300,0;m2;gaeb;leistungsbeschreibungen/Leistungsbeschreibung.x81
70;Für den oberen Abschluss, im Traufenbereich, vollständig aus Aluminium, angepasst an die FB-Fassade.;32,0;m;gaeb;leistungsbeschreibungen/Leistungsbeschreibung.x81
80;Regendichtes Anarbeiten eines Stahlträgers (z.B. HEB 200) / Konsole des Treppenturms aus feuerverzinktem Stahl in der Wandverkleidung und Wärmedämmung des Schlammspeichers.;8,0;St;gaeb;leistungsbeschreibungen/Leistungsbeschreibung.x81
90;Regendichtes Anarbeiten von Gewindestangen bis 20 mm aus feuerverzinktem Stahl oder Edelstahl in der Wandverkleidung und Wärmedämmung des Schlammspeichers.;18,0;St;gaeb;leistungsbeschreibungen/Leistungsbeschreibung.x81
100;Regendichtes Anarbeiten des Revisionseinstieges aus Edelstahl in der Wandverkleidung und Wärmedämmung des Schlammspeichers.;2,0;St;gaeb;leistungsbeschreibungen/Leistungsbeschreibung.x81
10;Erstellung einer prüffähigen statischen Berechnung für den komplette Aufstiegstreppe einschließlich des Anschlusses zum Faulschlammbehälter und das Fertigbauteilelement zur Vorlage beim Prüfstatiker der Bauaufsichtsbehörde in vierfacher Ausfertigung. Die Unterlagen sind mit einem für die Prüfung ang;1,0;St;gaeb;leistungsbeschreibungen/Leistungsbeschreibung.x81
20;Herstellung, Lieferung und Montage einer Stahltreppe nach DIN 18065 als gebogene Zweiwangentreppe als Kreisbogentreppe.;1,0;St;gaeb;leistungsbeschreibungen/Leistungsbeschreibung.x81
30;Geländer aus Edelstahl 1.4301 für die Treppe  der vorigen Position;1,0;psch;gaeb;leistungsbeschreibungen/Leistungsbeschreibung.x81
40;Systemgeländer aus Edelstahl 1.4301 zum Aufdübeln auf das Sthalbetonfertigbauteil des Schlammspeichers.;25,0;m;gaeb;leistungsbeschreibungen/Leistungsbeschreibung.x81
50;für die Ausführung von Geländerenden;4,0;St;gaeb;leistungsbeschreibungen/Leistungsbeschreibung.x81
60;Zulage für die Ausführung von abgerundeten Ecken bis 90°, sonst wie Vorposition. Handläufe sind an Geländerecken durchlaufend anzuschließen.;4,0;St;gaeb;leistungsbeschreibungen/Leistungsbeschreibung.x81
70;Zulage für eine nach innen aufgehende, selbsteinfallende Klapptür,;1,0;St;gaeb;leistungsbeschreibungen/Leistungsbeschreibung.x81
10;aus Zinkblech, gemäß DIN EN 612, halbrund, komplett einschl. Traufstreifen mit Falz und Wulst aus Zinkblech, eingehängt in den Falz. Verstärkte Dachrinnenhalter aus Zinkblech werden nicht gesondert vergütet und sind im EP mit einzukalkulieren inkl. Befestigungsmaterial.;31,0;m;gaeb;leistungsbeschreibungen/Leistungsbeschreibung.x81
20;Dehnungsausgleicher als Schiebenaht für die zuvor beschriebene Dachrinne.;6,0;St;gaeb;leistungsbeschreibungen/Leistungsbeschreibung.x81
30;Zulage zur Dachrinne. Die Dachrinne ist in einem Gefälle von 1-3 mm pro Meter zu verlegen.;31,0;m;gaeb;leistungsbeschreibungen/Leistungsbeschreibung.x81
40;Halbrunde Rinnenviertelkugeln aus Zinkblech, gemäß DIN EN 612, zum Verschließen des Dachrinnenendes. Die Viertelkugel wird auf das Ende der Dachrinne aufgesteckt und verlötet.;4,0;St;gaeb;leistungsbeschreibungen/Leistungsbeschreibung.x81
50;aus Zinkblech, gemäß DIN EN 612, mit einen DN 60 Abgang als vorgefertigter Rinnenstutzen, rund, gebördelt in der Dachrinne fachgerecht herstellen.;2,0;St;gaeb;leistungsbeschreibungen/Leistungsbeschreibung.x81
60;Rundrohr, Material: Zinkblech, gemäß DIN EN 612, Blechdicke > 1,0 mm mit 50 mm langer Muffe und lösbaren Rohrschellen liefern, im erforderlichen Abstand befestigen und an den Fallrohrabgang und das Standrohr mit einer Dichtung anschließen. Das Regenfallrohr muss mit einen mindest Abstand von 20 mm z;18,0;m;gaeb;leistungsbeschreibungen/Leistungsbeschreibung.x81
70;verzinkt, rund, aus Stahl mit Steckmuffenverbindung und zusätzlicher Innenbeschichtung, DN 100, mit Reinigungsöffnung, l = 1000 mm, liefern und fachgerecht mit Dichtung an das Regenfallrohr und die Grundleitung DN 150 mit Übergangsstück anschließen und befestigen.;2,0;St;gaeb;leistungsbeschreibungen/Leistungsbeschreibung.x81
80;aus Zinkblech, gemäß DIN EN 612,;4,0;St;gaeb;leistungsbeschreibungen/Leistungsbeschreibung.x81
90;Zum Befestigen der Regenfallrohrleitungen sind Gewindestangen in die Betonaußenwand einzusetzen und mittels eines geeigneten Injekttionsmörtels zu verankern. Die Gewindestangen sind über die Gesamte Höhe des Schlammspeichers (0 - 9 m über GOK) in 2 Parallel laufenden vertikalen Linien gleichmäßig zu;12,0;St;gaeb;leistungsbeschreibungen/Leistungsbeschreibung.x81
10;Kabelleiter mit gelochtem Seitenholm, C-Profilschienen, eingerollter Kante im Seitenholm zur Verstärkung und als Kantenschutz. Einschließlich Bügelschellen zur Befestigung von Kabeln und Leitungen.;9,0;m;gaeb;leistungsbeschreibungen/Leistungsbeschreibung.x81
20;Deckel für Kabelrinnen und Kabelleitern, mit Drehriegelverschlüssen.;9,0;m;gaeb;leistungsbeschreibungen/Leistungsbeschreibung.x81
30;Zum Befestigen der Kabelleiter sind Gewindestangen (Material 1.4301) in die Betonaußenwand einzusetzen und mittels eines geeigneten Injekttionsmörtels zu verankern. Die Gewindestangen sind über die gesamte Höhe des Schlammspeichers (0 - 9 m über GOK) in einer vertikalen Linie gleichmäßig zu verteile;9,0;St;gaeb;leistungsbeschreibungen/Leistungsbeschreibung.x81
10;Für die Herrichtung des neuen Schaltraums sind im Vorwege Demontagearbeiten des aktuellen Schaltraumes notwendig.;1,0;psch;gaeb;leistungsbeschreibungen/Leistungsbeschreibung.x81
20;Holz oder Kunststoff, Stahlblech, mit Blend- und;1,0;St;gaeb;leistungsbeschreibungen/Leistungsbeschreibung.x81
30;Abbrechen des vorhandenen Fliesenbodens und 10 cm des Vorhandnen Estrichs bis zur Oberkante Rohbetonsohle inkl. Entsorgung.;10,0;m2;gaeb;leistungsbeschreibungen/Leistungsbeschreibung.x81
10;aus Bitumen-Schweißbahnen V60 S4, b = 30 cm  liefern und auf der Stahlbetonsohle unterhalb der neuen Mauerwerkswand aufschweißen.;2,0;m2;gaeb;leistungsbeschreibungen/Leistungsbeschreibung.x81
20;11,5 cm dickes Mauerwerk, Innenwand aus Kalksandlochsteinen gem. DIN 106 KSL - 12 - 1,4 - 3 DF- MG II liefern und fachgerecht im Verband (nach Wahl des AG) vollfugig herstellen. Gefordert: Sichtmauerwerk und beidseitiger Fugenglattstrich.;27,0;m2;gaeb;leistungsbeschreibungen/Leistungsbeschreibung.x81
30;Maueranschlussschiene zur Verbindung der vorh. KS-Mauerwerks- bzw. Stahlbetonwände mit der neu zu erstellenden KS-Wand.;15,0;St;gaeb;leistungsbeschreibungen/Leistungsbeschreibung.x81
10;mit 2-Komponenten-Epoxidharzbindemittel;20,0;m2;gaeb;leistungsbeschreibungen/Leistungsbeschreibung.x81
20;Farbige, 1-Komponentige Acrylatversiegelung;20,0;m2;gaeb;leistungsbeschreibungen/Leistungsbeschreibung.x81
30;mit dünnflüssiger Epoxidharzemulsion zur Imprägung und Versiegelung;20,0;m2;gaeb;leistungsbeschreibungen/Leistungsbeschreibung.x81
40;mit 2-Komponenten-Epoxidharzbindemittel;54,0;m2;gaeb;leistungsbeschreibungen/Leistungsbeschreibung.x81
50;Farbige, 1-Komponentige Acrylatversiegelung;54,0;m2;gaeb;leistungsbeschreibungen/Leistungsbeschreibung.x81
60;Wandanstrich, Untergrund, Innenflächen aus Kalksandsteinsichtmauerwerk  / Beton, unbeschichtet, Oberfläche tragfähig und sauber.;54,0;m2;gaeb;leistungsbeschreibungen/Leistungsbeschreibung.x81
10;Tür-Element, bestehend aus einer einflügeligen nach innen öffnenden Anschlagtür, Rohbauöffnungsmaß innen ca. 1,26 x 2,51 m und einer ca. 60 mm hohen horizontalen Sprosse in Griffhöhe, Achsmaßhöhe 1,05 m und einem ca. 200 mm hohen Sockelprofil. Innen und außen RAL nach Wahl des AG.;1,0;St;gaeb;leistungsbeschreibungen/Leistungsbeschreibung.x81
10;liefern und in einer Dicke von 10 cm, gemäß Zeichnung  unter der Sohle des Schlammspeichers waagerecht einbauen und sauber abziehen.;87,0;m2;gaeb;leistungsbeschreibungen/Leistungsbeschreibung.x81
20;Gleitschicht, bestehend aus einer zweilagigen PE-HD- Folie, d = 0,5 mm, liefern und auf dem Unterbeton mit einer Überlappung von mindestens 30 cm pro Lage einbauen. Abgerechnet wird nach der Fläche des Bauwerkes (Außenabmessungen), d. h., der Materialmehrbedarf für die Überlappungen sowie Verschnitt;87,0;m2;gaeb;leistungsbeschreibungen/Leistungsbeschreibung.x81
30;Wärmedämmschicht auf Bodenfläche aus Schaumglasplatten nach DIN EN 13167, Typ PB/dX (nach DIN 18 174, Typ WDH erhöht lastabtragend), mit allgemeiner bauaufsichtlicher Zulassung des DIBt. Statisch ausgelegt für eine charakteristische statische Baugrundpressung von 0,20N/mm², erhöht lastabtragend), mi;87,0;m2;gaeb;leistungsbeschreibungen/Leistungsbeschreibung.x81
40;Überwachungsklasse 2 gemäß DIN 1045 Teil 3, Tabelle 4 als werkgemischter Transportbeton 0/16 für den Einsatz als Stahlbeton liefern und als waagerechte Sohle des neuen Schlammspeichers gemäß Zeichnung einbauen.;29,0;m3;gaeb;leistungsbeschreibungen/Leistungsbeschreibung.x81
50;als 35 cm dicke Behälterringwand des Schlammspeichers, gemäß Zeichnung liefern und einbauen mit Ebenheitsanforderungen der DIN 18202, Tabelle 3, Zeile 5.;96,0;m3;gaeb;leistungsbeschreibungen/Leistungsbeschreibung.x81
60;als kleines Einzelfundament für den Treppenaufstieg, gemäß Zeichnung liefern und einbauen mit Ebenheitsanforderungen der DIN 18202, Tabelle 3, Zeile 5.;0,5;m3;gaeb;leistungsbeschreibungen/Leistungsbeschreibung.x81
70;C30/37, Expositionsklasse:  XA1, XC4, XF1, WF liefern und als Profilbeton auf der Sohle gem. Zeichnung einbauen und sauber abreiben, sonst  wie  vor.;16,0;m3;gaeb;leistungsbeschreibungen/Leistungsbeschreibung.x81
80;Herstellung eines passenden Betonsockels für die Befestigungsplatte des Rührwerks der Maschinentechnik auf dem mit Gefälle ausgebildeten Profilbetons.;1,0;St;gaeb;leistungsbeschreibungen/Leistungsbeschreibung.x81
90;In den Schlammspeicher werden 3 Rohrleitungen PE da 225 SDR 17 und 1 Rohrleitung da 180 SDR 17 durch die Sohle geführt.;4,0;St;gaeb;leistungsbeschreibungen/Leistungsbeschreibung.x81
100;nach der Herstellung der Stahlbetonringwand des Schlammbehälters ist auf diesen eine Stahlbeton-Bedienbrücke mit Unterzug als Fertigbetonteil gemäß Zeichnung zu fertigen, liefern und einzubauen.;1,0;psch;gaeb;leistungsbeschreibungen/Leistungsbeschreibung.x81
110;Auflagestreifen 350 mm mit einer Stärke von mind. 15 mm als Unterlage für ein sattes Auflager der Brücke auf die Unterkonstruktion, Werkstoff aus PTFE/Spezialkunststoff, alterungsbeständig und formatunabhängig belastbar bis  max. 0,5 N/mm², angepasst an die Biegung der Stahlbetonwand. In Teilstücken;1,5;m;gaeb;leistungsbeschreibungen/Leistungsbeschreibung.x81
120;Herstellen von Tassen im Ringanker für die Aufnahme der Fertigbetinbauteils aus Pos. 10.1.100;4,0;St;gaeb;leistungsbeschreibungen/Leistungsbeschreibung.x81
130;zweiteilige Revisionsöffnung aus Edelstahl, Werkstoff 1.4571, 1.000 mm Durchmesser, bestehend aus;2,0;St;gaeb;leistungsbeschreibungen/Leistungsbeschreibung.x81
140;Herstellung von Arbeitsfugen zwischen den Betonierabschnitten nach Wahl des Auftragnehmers.;1,0;psch;gaeb;leistungsbeschreibungen/Leistungsbeschreibung.x81
150;liefern und verlegen in Arbeitsfugen zusätzlich zum Fugenblech. Einzurechnen sind sämtliche Befestigungsmittel gem. Herstellervorschrift und Nagelpacker. Abgerechnet wird nach laufender Fugenachse.;30,0;m;gaeb;leistungsbeschreibungen/Leistungsbeschreibung.x81
160;Wandkronen für die GFK-Abdeckung d = 25 cm wie folgt herstellen:;31,0;m;gaeb;leistungsbeschreibungen/Leistungsbeschreibung.x81
170;in Durchmessern 8 bis 14 mm nach Bewehrungsplan biegen, frei Baustelle liefern und verlegen. In den Stahllisten ist der Aufwand für die Unterstützung obenliegender Bewehrungen und für Montagezwecke enthalten.;6,2;t;gaeb;leistungsbeschreibungen/Leistungsbeschreibung.x81
180;wie vor, jedoch in Durchmessern 16 bis 28 mm;28,2;t;gaeb;leistungsbeschreibungen/Leistungsbeschreibung.x81
190;Für die Durchführung der Prüfungen hat sich der Auftragnehmer einer ständigen Betonprüfstelle und einer anerkannten Überwachungsstelle zu bedienen.;1,0;psch;gaeb;leistungsbeschreibungen/Leistungsbeschreibung.x81
200;V = ca. 500 m³ bis max. Betriebseinstau (Notüberlauf);1,0;St;gaeb;leistungsbeschreibungen/Leistungsbeschreibung.x81
10;Beton C12/15, d = 10 cm dick liefern und unter der Sohle des Bauwerkes gemäß Zeichnung einbauen, verdichten, sauber abziehen und glätten. Überstände sind  in den Einheitspreis einzukalkulieren.;38,0;m2;gaeb;leistungsbeschreibungen/Leistungsbeschreibung.x81
20;Gleitschicht, bestehend aus einer zweilagigen PE-HD- Folie, d = 0,5 mm, liefern und auf dem Unterbeton mit einer Überlappung von mindestens 30 cm pro Lage einbauen. Abgerechnet wird nach der Fläche des Bauwerkes (Außenabmessungen), d. h., der Materialmehrbedarf für die Überlappungen sowie Verschnitt;38,0;m2;gaeb;leistungsbeschreibungen/Leistungsbeschreibung.x81
30;Körnung 0/32 wie oben im Haupttext beschrieben als Bauwerkssohle d = 40 cm gemäß Zeichnung einbauen.;15,1;m3;gaeb;leistungsbeschreibungen/Leistungsbeschreibung.x81
40;BST 500A in Durchmessern von 6 mm bis 14 mm nach Zeichnung biegen, frei Baustelle liefern und verlegen. In den Stahllisten ist der Aufwand für die Unterstützung oben liegender Bewehrungen und für Montagezwecke enthalten. Die Teilmengen der Durchmessergruppen sind geschätzt und können sich deshalb ve;3,0;t;gaeb;leistungsbeschreibungen/Leistungsbeschreibung.x81
50;Fuge zwischen dem Fundament der Fällmitteltanks und dem  Abtankplatz wie folgt herstellen:;3,0;m2;gaeb;leistungsbeschreibungen/Leistungsbeschreibung.x81
60;Fugenausbildung mit Abdichtung durch bauaufsichtlich zugelassenem Abdichtungssystem für Anlagen zum Lagern, Abfüllen und Umschlagen von wassergefährdenden Flüssigkeiten (LAU-Anlagen) zwischen der Stahlbetonsohle und den auf der Fläche vorhandenen Einbauten (Schachtring Abscheider, Einlaufkasten, unb;7,6;m;gaeb;leistungsbeschreibungen/Leistungsbeschreibung.x81
70;Nach dem Betonieren ist die Betonsohle zusätzlich mit einem Besenstrich zu versehen.;38,0;m2;gaeb;leistungsbeschreibungen/Leistungsbeschreibung.x81
10;Beton C12/15, d = 10 cm dick liefern und unter der Sohle des Bauwerkes gemäß Zeichnung einbauen, verdichten, sauber abziehen und glätten. Überstände sind  in den Einheitspreis einzukalkulieren.;26,0;m2;gaeb;leistungsbeschreibungen/Leistungsbeschreibung.x81
20;Gleitschicht, bestehend aus einer zweilagigen PE-HD- Folie, d = 0,5 mm, liefern und auf dem Unterbeton mit einer Überlappung von mindestens 30 cm pro Lage einbauen. Abgerechnet wird nach der Fläche des Bauwerkes (Außenabmessungen), d. h., der Materialmehrbedarf für die Überlappungen sowie Verschnitt;26,0;m2;gaeb;leistungsbeschreibungen/Leistungsbeschreibung.x81
30;Körnung 0/32 wie oben im Haupttext beschrieben als Bauwerkssohle d = 35 cm gemäß Zeichnung einbauen.;9,0;m3;gaeb;leistungsbeschreibungen/Leistungsbeschreibung.x81
40;BST 500A in Durchmessern von 6 mm bis 14 mm nach Zeichnung biegen, frei Baustelle liefern und verlegen. In den Stahllisten ist der Aufwand für die Unterstützung oben liegender Bewehrungen und für Montagezwecke enthalten. Die Teilmengen der Durchmessergruppen sind geschätzt und können sich deshalb ve;1,6;t;gaeb;leistungsbeschreibungen/Leistungsbeschreibung.x81
50;wie vor, jedoch in Durchmessern 16 bis 28 mm;0,2;t;gaeb;leistungsbeschreibungen/Leistungsbeschreibung.x81
60;Oberfläche der Bauwerkssohle flügelglätten.;26,0;m2;gaeb;leistungsbeschreibungen/Leistungsbeschreibung.x81
10;Beton C12/15, d = 10 cm dick liefern und unter der Sohle des Bauwerkes gemäß Zeichnung einbauen, verdichten, sauber abziehen und glätten. Überstände sind  in den Einheitspreis einzukalkulieren.;13,0;m2;gaeb;leistungsbeschreibungen/Leistungsbeschreibung.x81
20;Gleitschicht, bestehend aus einer zweilagigen PE-HD- Folie, d = 0,5 mm, liefern und auf dem Unterbeton mit einer Überlappung von mindestens 30 cm pro Lage einbauen. Abgerechnet wird nach der Fläche des Bauwerkes (Außenabmessungen), d. h., der Materialmehrbedarf für die Überlappungen sowie Verschnitt;13,0;m2;gaeb;leistungsbeschreibungen/Leistungsbeschreibung.x81
30;Körnung 0/32 wie oben im Haupttext beschrieben als Bauwerkssohle d = 25 cm gemäß Zeichnung einbauen.;3,0;m3;gaeb;leistungsbeschreibungen/Leistungsbeschreibung.x81
40;BST 500A in Durchmessern von 6 mm bis 14 mm nach Zeichnung biegen, frei Baustelle liefern und verlegen. In den Stahllisten ist der Aufwand für die Unterstützung oben liegender Bewehrungen und für Montagezwecke enthalten. Die Teilmengen der Durchmessergruppen sind geschätzt und können sich deshalb ve;0,6;t;gaeb;leistungsbeschreibungen/Leistungsbeschreibung.x81
50;Nach dem Betonieren ist die Betonsohle zusätzlich mit einem Besenstrich zu versehen.;13,0;m2;gaeb;leistungsbeschreibungen/Leistungsbeschreibung.x81
10;Körnung 0/32 wie oben im Haupttext beschrieben als Bauwerkssohle Höhe = 0,1 m gemäß Zeichnung einbauen.;0,16;m3;gaeb;leistungsbeschreibungen/Leistungsbeschreibung.x81
20;BST 500A in Durchmessern von 6 mm bis 14 mm nach Zeichnung biegen, frei Baustelle liefern und verlegen. In den Stahllisten ist der Aufwand für die Unterstützung oben liegender Bewehrungen und für Montagezwecke enthalten. Die Teilmengen der Durchmessergruppen sind geschätzt und können sich deshalb ve;0,03;t;gaeb;leistungsbeschreibungen/Leistungsbeschreibung.x81
30;Abbruch der vorhandenen Fliesen und vorbereitende Arbeiten für die Herrichtung der Sohle für das Maschinenfundament;1,0;psch;gaeb;leistungsbeschreibungen/Leistungsbeschreibung.x81
10;Edelstahlrunddraht, Werkstoff-Nr. 1.4571, d = 10 mm, liefern und als Ringerder gem. DIN 18014 vor dem Betonieren der Sauberkeitsschicht auf dem Erdplanum gem. Zeichnung verlegen, Fixierung mit Erdnägeln aus 1.4571 gem. Erfordernis, Kreuzungspunkte sind mit Kreuzverbindern aus 1.4571 zu befestigen Ma;0,0;m;gaeb;leistungsbeschreibungen/Leistungsbeschreibung.x81
20;verzinkter Bandstahl 30 x 3,5 mm während der Betonierarbeiten abschnittsweise verlegen einschl. Kreuzverbinder mit der Bewehrung im Abstand von max. 2 m liefern und montieren.;36,0;m;gaeb;leistungsbeschreibungen/Leistungsbeschreibung.x81
30;Kreuzverbinder mit Zwischenplatte für Rund- und Flachleiter zur unterirdischen Verbindung von Erdungsleitern in Kreuz- und T-Anordnung für die Vermaschung außerhalb der Bauwerke mit folgenden Eigenschaften:;0,0;St;gaeb;leistungsbeschreibungen/Leistungsbeschreibung.x81
40;Erdungsfestpunkt mit rückseitiger Anschlussachse zur frontbündigen Montage auf der Schalung mit folgenden Eigenschaften:;0,0;St;gaeb;leistungsbeschreibungen/Leistungsbeschreibung.x81
50;Verbindung vom Ringerder zum Fundamenterder mit Anschluss des Edelstahlrunddrahtes an die äußeren Erdungsfestpunkte in 2 Bauabschnitten wie folgt:;0,0;St;gaeb;leistungsbeschreibungen/Leistungsbeschreibung.x81
60;Messung und Dokumentation der kompletten Erdungsanlage für das Bauwerk dieses Titels gemäß DIN 18014 bestehend aus:;1,0;St;gaeb;leistungsbeschreibungen/Leistungsbeschreibung.x81
10;Betonwanne als LKW-Tragwanne nach Vorgaben des Wasserhaushaltsgesetzes und DIBt liefern und einbauen. Einbau im Außenbereich. Geeignet für LAU-Anlagen.;1,0;St;gaeb;leistungsbeschreibungen/Leistungsbeschreibung.x81
10;zur Verwendung in Anlagen zum Lagern, Abfüllen und Umschlagen (LAU-Anlage) wassergefährdender Flüssigkeiten.;1,0;St;gaeb;leistungsbeschreibungen/Leistungsbeschreibung.x81
20;Auflagerringe zum Angleichen an das Oberflächengefälle nach DIN 4034 Teil 1 in verschiedenen Höhen (60 - 100 mm), Nennweite 625, liefern und auf das Sicherheitsauffangbecken zur Anpassung an die planmäßige Höhe einbauen. Die Vorgaben zur Dichtigkeit und WHG-Ausführung der vorherigen Position sind tr;2,0;St;gaeb;leistungsbeschreibungen/Leistungsbeschreibung.x81
10;Konsole für die genannte Rohrleitung an einer Beton-/Mauerwerkswand oder Betondecke. Vollständig aus Edelstahl, Werkstoff-Nr. 1.4404 oder 1.4571. Verschweißte Konstruktion, komplett demontierbar, bestehend aus:;10,0;St;gaeb;leistungsbeschreibungen/Leistungsbeschreibung.x81
20;Konsole für die genannte Rohrleitung an einer Beton-/Mauerwerkswand oder Betondecke vollständig aus Werkstoff-Nr.1.4404 oder Nr.1.4571 montieren. Einschließlich aller Schweißnähte, komplett demontierbar, bestehend aus:;5,0;St;gaeb;leistungsbeschreibungen/Leistungsbeschreibung.x81
30;Nach dem setzen der Ankerstangen für die Auflagerkonsolen der vorherigen Position sind PE-Unterlegscheiben passend zu den verwendeten Ankerstangen auf die Ankerstange zu schieben und mit einer passenden Mutter mit Flansch festzuziehen.;15,0;St;gaeb;leistungsbeschreibungen/Leistungsbeschreibung.x81
40;Werkstoff-Nr.1.4404 oder Nr.1.4571, geschweißt oder nahtlos, nach DIN EN 10253-3 Tabelle A.5 und A.6, mit zylindrischen Ansätzen oder ohne zylindrische Ansätze, passend zur zuvor beschriebenen Rohrleitung liefern und einschweißen.;1,0;St;gaeb;leistungsbeschreibungen/Leistungsbeschreibung.x81
50;Rohrleitung aus Edelstahl, Werkstoff-Nr.1.4571 oder 1.4404 gem. DIN EN ISO 1127, liefern, in entsprechende Teillängen trennen, zusammenschweißen und an Wänden und Decken montieren. Auflagerkonsolen werden als Zulage gesondert vergütet.;17,0;m;gaeb;leistungsbeschreibungen/Leistungsbeschreibung.x81
60;Werkstoff-Nr.1.4404 oder Nr.1.4571, geschweißt, kurze Bauform, DIN EN 10253-3 Bauart 3D passend zur zuvor beschriebenen Rohrleitung liefern und einschweißen.;2,0;St;gaeb;leistungsbeschreibungen/Leistungsbeschreibung.x81
70;Vorschweißbördel und Losflansche aus Edelstahl, Werkstoff-Nr. 1.4404 oder Nr.1.4571, passend zu den entsprechenden Rohren liefern und einschweißen.;2,0;St;gaeb;leistungsbeschreibungen/Leistungsbeschreibung.x81
80;bestehend aus den erforderlichen Schrauben (DIN EN ISO 3506-1) und Muttern (DIN EN ISO 3506-2) mit Unterlegscheiben in A4/A5-Qualität und einer medienbeständigen Flachdichtung mit Stahleinlage liefern und montieren.;2,0;Satz;gaeb;leistungsbeschreibungen/Leistungsbeschreibung.x81
90;Rohrleitung aus Edelstahl, Werkstoff-Nr.1.4571 oder 1.4404 gem. DIN EN ISO 1127, liefern, in entsprechende Teillängen trennen, zusammenschweißen und an Wänden und Decken montieren. Auflagerkonsolen werden als Zulage gesondert vergütet.;9,0;m;gaeb;leistungsbeschreibungen/Leistungsbeschreibung.x81
100;Werkstoff-Nr.1.4404 oder Nr.1.4571, geschweißt, kurze Bauform, DIN EN 10253-3 Bauart 3D passend zur zuvor beschriebenen Rohrleitung liefern und einschweißen.;2,0;St;gaeb;leistungsbeschreibungen/Leistungsbeschreibung.x81
110;Vorschweißbördel und Losflansche aus Edelstahl, Werkstoff-Nr. 1.4404 oder Nr.1.4571, passend zu den entsprechenden Rohren liefern und einschweißen.;1,0;St;gaeb;leistungsbeschreibungen/Leistungsbeschreibung.x81
120;bestehend aus den erforderlichen Schrauben (DIN EN ISO 3506-1) und Muttern (DIN EN ISO 3506-2) mit Unterlegscheiben in A4/A5-Qualität und einer medienbeständigen Flachdichtung mit Stahleinlage liefern und montieren.;1,0;Satz;gaeb;leistungsbeschreibungen/Leistungsbeschreibung.x81
10;Die angebotenen PE Druckrohre müssen in ihren Maßen und Toleranzen der DIN 8074 entsprechen. Die Güteanforderungen sind gemäß DIN 8075 zu erfüllen. Für die Produktion der Rohre ist ein Qualitätsmanagementsystem nach DIN EN ISO 9001 nachzuweisen. Die Dokumentation der Rohrqualität durch Abnahmeprüfze;40,0;m;gaeb;leistungsbeschreibungen/Leistungsbeschreibung.x81
20;Nahtloser PE-Bogen, formgespritzt mit langen Schweißenden für PE Druckrohre, mit DVGW Zulassung.;1,0;St;gaeb;leistungsbeschreibungen/Leistungsbeschreibung.x81
30;Nahtloser PE-Bogen, formgespritzt mit langen Schweißenden für PE Druckrohre, mit DVGW Zulassung.;1,0;St;gaeb;leistungsbeschreibungen/Leistungsbeschreibung.x81
40;mit Stahleinlage, PN 10, Bohrbild nach DIN EN 1092-1.;1,0;St;gaeb;leistungsbeschreibungen/Leistungsbeschreibung.x81
50;Elektroschweißmuffe für PE-Rohre und Formstücke, gemäß den Richtlinien und Vorschriften des Herstellers liefern und einbauen, einschl. der Vorhaltung und Betrieb der dafür notwendigen Geräte und Materialien.;16,0;St;gaeb;leistungsbeschreibungen/Leistungsbeschreibung.x81
60;Die angebotenen PE Druckrohre müssen in ihren Maßen und Toleranzen der DIN 8074 entsprechen. Die Güteanforderungen sind gemäß DIN 8075 zu erfüllen. Für die Produktion der Rohre ist ein Qualitätsmanagementsystem nach DIN EN ISO 9001 nachzuweisen. Die Dokumentation der Rohrqualität durch Abnahmeprüfze;430,0;m;gaeb;leistungsbeschreibungen/Leistungsbeschreibung.x81
70;Nahtloser PE-Bogen, formgespritzt mit langen Schweißenden für PE Druckrohre, mit DVGW Zulassung.;6,0;St;gaeb;leistungsbeschreibungen/Leistungsbeschreibung.x81
80;Nahtloser PE-Bogen, formgespritzt mit langen Schweißenden für PE Druckrohre, mit DVGW Zulassung.;2,0;St;gaeb;leistungsbeschreibungen/Leistungsbeschreibung.x81
90;Nahtloser PE-Bogen, formgespritzt mit langen Schweißenden für PE Druckrohre, mit DVGW Zulassung.;1,0;St;gaeb;leistungsbeschreibungen/Leistungsbeschreibung.x81
100;Elektroschweißmuffe für PE-Rohre und Formstücke, gemäß den Richtlinien und Vorschriften des Herstellers liefern und einbauen, einschl. der Vorhaltung und Betrieb der dafür notwendigen Geräte und Materialien.;87,0;St;gaeb;leistungsbeschreibungen/Leistungsbeschreibung.x81
110;Die 2 PE Rohrleitungen da 110 SDR 17 sind über eine Strecke von rd. 3 Metern unter einem Stahlbetonbauwerk (Rohrkanal Faulung) hindurchzuführen. Im EP dieser Position sind die damit verbundenen erschwerten Erschwernisse für die Erdarbeiten , das Verlegen der beiden Rohrleitungen und die anschließend;1,0;psch;gaeb;leistungsbeschreibungen/Leistungsbeschreibung.x81
120;Das PE-Leerrohr wird vom letzten Schacht (SD 8) auf die Oberkante des Nachklärbeckens, rd. 1 m über GOK, geführt. Zum Auflagern der Rohrleitung wird eine Rohrhalterungskonsole auf die Nachklärbeckenwand befestigt. Das Rohr wird bis über die Nachklärbeckenwand geführt und endet dort.;1,0;St;gaeb;leistungsbeschreibungen/Leistungsbeschreibung.x81
130;in wasserdichter Ausführung, aus 100% Neumaterial, ohne Recyclinganteile und ohne Schäumungszusätze (Bruch- bzw. Reißdehnung => 200%), flacher verrippter Boden, mit korrosionsbeständigen Steigstufen, Steigstufenabstand 25 cm, Schachtkonus LW 625 zentrisch.;8,0;St;gaeb;leistungsbeschreibungen/Leistungsbeschreibung.x81
140;PE-druckwasserdichte Wanddurchführung durch die PE-Schachtwand   passend für PE-Druckrohre Rohrleitung PE 100 da 140 x 8,3 mm SDR 17;3,0;St;gaeb;leistungsbeschreibungen/Leistungsbeschreibung.x81
150;PE-druckwasserdichte Wanddurchführung durch die PE-Schachtwand   passend für PE-Druckrohre Rohrleitung PE 100 da 110 x 6,6 mm SDR 17;28,0;St;gaeb;leistungsbeschreibungen/Leistungsbeschreibung.x81
160;Der Schachthals des PE-Schachtes in der vorherigen Position ist an das zukünftige Gefälle der Oberfläche anzupassen. Der Schachthals ist hierbei möglichst lang zu belassen.;1,0;St;gaeb;leistungsbeschreibungen/Leistungsbeschreibung.x81
170;Abdichtung von Durchdringungen gegen drückendes und nichtdrückendes Wasser von Medienrohren. Geeignet für die Abdichtung eines Ringspaltes zwischen Rohrleitung und runder Öffnung bis zu einer Schiefstellung von 8°. Bestehend aus einteiliger dauerelastischer Manschette (Mindestbreite 40mm) und einsei;1,0;St;gaeb;leistungsbeschreibungen/Leistungsbeschreibung.x81
180;Abdichtung von Durchdringungen gegen drückendes und nichtdrückendes Wasser von Medienrohren. Geeignet für die Abdichtung eines Ringspaltes zwischen Rohrleitung und runder Öffnung bis zu einer Schiefstellung von 8°. Bestehend aus einteiliger dauerelastischer Manschette (Mindestbreite 40mm) und einsei;1,0;St;gaeb;leistungsbeschreibungen/Leistungsbeschreibung.x81
190;In die Rohrleitungen dieses Kapitels ist ein Kabelzugdraht zum einziehen der späteren Dosierleitungen und Elektrokabel mit  vorzusehen.;470,0;m;gaeb;leistungsbeschreibungen/Leistungsbeschreibung.x81
200;Dichtheitsprüfung der verlegten PE-Rohre nach DIN EN 805 durchführen, einschließlich aller Nebenkosten wie Fahrtkosten, Geräteauf- und -abbau, Absperrungen, Sicherungen etc., Befüllen und Entleeren der Leitung sowie der Prüfbericht für eine  Rohrleitung der oben genannten Nennweite.;18,0;St;gaeb;leistungsbeschreibungen/Leistungsbeschreibung.x81
10;"Kabelschutzrohr in Verbundrohrbauweise gemäß DIN 16961, entsprechend DIN EN 61386-24 Klasse N 450 (Druckfestigkeit &gt;=450 Newton, Schlagfestigkeit N), DN 160, Material Polyethylen (PE), als Ringware, mit integrierter Einzugschnur zum Einziehen eines Kabelzugdrahtes bzw. -seiles, liefern und höhen-";80,0;m;gaeb;leistungsbeschreibungen/Leistungsbeschreibung.x81
20;Systemdeckel mit Manschettentechnik für gewellte Kabelschutzrohre da 110, Fabrikat Hauff Typ HSI 150 MA 168 WR zur Anbindung der Kabelleerrohre aus voriger Position.;2,0;St;gaeb;leistungsbeschreibungen/Leistungsbeschreibung.x81
30;"Kabelschutzrohr in Verbundrohrbauweise gemäß DIN 16961, entsprechend DIN EN 61386-24 Klasse N 450 (Druckfestigkeit &gt;=450 Newton, Schlagfestigkeit N), DN 100, Material Polyethylen (PE), als Ringware, mit integrierter Einzugschnur zum Einziehen eines Kabelzugdrahtes bzw. -seiles, liefern und höhen-";9,0;m;gaeb;leistungsbeschreibungen/Leistungsbeschreibung.x81
40;Verbindungsstück zur Wasserdichten Verbindung zwischen 2 Kabelleerrohren DN 100. Verbindungsstück als beidseitig Zugfeste Verbindung ausgeführt.;1,0;St;gaeb;leistungsbeschreibungen/Leistungsbeschreibung.x81
50;Systemdeckel mit Manschettentechnik für gewellte Kabelschutzrohre da 110, Fabrikat Hauff Typ HSI 150 MA 168 WR zur Anbindung der Kabelleerrohre aus voriger Position.;2,0;St;gaeb;leistungsbeschreibungen/Leistungsbeschreibung.x81
10;Die angebotenen PE Druckrohre müssen in ihren Maßen und Toleranzen der DIN 8074 entsprechen. Die Güteanforderungen sind gemäß DIN 8075 zu erfüllen. Für die Produktion der Rohre ist ein Qualitätsmanagementsystem nach DIN EN ISO 9001 nachzuweisen. Die Dokumentation der Rohrqualität durch Abnahmeprüfze;8,5;m;gaeb;leistungsbeschreibungen/Leistungsbeschreibung.x81
20;Nahtloser PE-Bogen, formgespritzt mit langen Schweißenden für PE Druckrohre, mit DVGW Zulassung.;2,0;St;gaeb;leistungsbeschreibungen/Leistungsbeschreibung.x81
30;Nahtloser PE-Bogen, formgespritzt mit langen Schweißenden für PE Druckrohre, mit DVGW Zulassung.;3,0;St;gaeb;leistungsbeschreibungen/Leistungsbeschreibung.x81
40;Elektroschweißmuffe für PE-Rohre und Formstücke, gemäß den Richtlinien und Vorschriften des Herstellers liefern und einbauen, einschl. der Vorhaltung und Betrieb der dafür notwendigen Geräte und Materialien.;12,0;St;gaeb;leistungsbeschreibungen/Leistungsbeschreibung.x81
50;für PE Rohrleitung;1,0;St;gaeb;leistungsbeschreibungen/Leistungsbeschreibung.x81
60;Anschluss der da 110 PE Rohrleitung mit einer Kernbohrung im Durchmesser 150 mm und einer dazu passenden Gliederkettendichtung an den Pumpwerksschacht.;1,0;St;gaeb;leistungsbeschreibungen/Leistungsbeschreibung.x81
70;Dichtheitsprüfung der verlegten PE-Rohre nach DIN EN 805 durchführen, einschließlich aller Nebenkosten wie Fahrtkosten, Geräteauf- und -abbau, Absperrungen, Sicherungen etc., Befüllen und Entleeren der Leitung sowie der Prüfbericht für eine  Rohrleitung der oben genannten Nennweite.;2,0;St;gaeb;leistungsbeschreibungen/Leistungsbeschreibung.x81
10;Die angebotenen PE Druckrohre müssen in ihren Maßen und Toleranzen der DIN 8074 entsprechen. Die Güteanforderungen sind gemäß DIN 8075 zu erfüllen. Für die Produktion der Rohre ist ein Qualitätsmanagementsystem nach DIN EN ISO 9001 nachzuweisen. Die Dokumentation der Rohrqualität durch Abnahmeprüfze;5,0;m;gaeb;leistungsbeschreibungen/Leistungsbeschreibung.x81
20;Nahtloser PE-Bogen, formgespritzt mit langen Schweißenden für PE Druckrohre, mit DVGW Zulassung.;1,0;St;gaeb;leistungsbeschreibungen/Leistungsbeschreibung.x81
30;wie vor, jedoch 45°;2,0;St;gaeb;leistungsbeschreibungen/Leistungsbeschreibung.x81
40;Elektroschweißmuffe für PE-Rohre und Formstücke, gemäß den Richtlinien und Vorschriften des Herstellers liefern und einbauen, einschl. der Vorhaltung und Betrieb der dafür notwendigen Geräte und Materialien.;6,0;St;gaeb;leistungsbeschreibungen/Leistungsbeschreibung.x81
50;PE-Rohr am Rohrende mit Rohrkappe versehen.;1,0;St;gaeb;leistungsbeschreibungen/Leistungsbeschreibung.x81
60;Abdichtung von Durchdringungen gegen drückendes und nichtdrückendes Wasser von Medienrohren. Geeignet für die Abdichtung eines Ringspaltes zwischen Rohrleitung und runder Öffnung bis zu einer Schiefstellung von 8°. Bestehend aus einzelnen, ineinandergreifenden Dichtelementen, die durch Schrauben Mut;1,0;St;gaeb;leistungsbeschreibungen/Leistungsbeschreibung.x81
10;Die angebotenen PE Druckrohre müssen in ihren Maßen und Toleranzen der DIN 8074 entsprechen. Die Güteanforderungen sind gemäß DIN 8075 zu erfüllen. Für die Produktion der Rohre ist ein Qualitätsmanagementsystem nach DIN EN ISO 9001 nachzuweisen. Die Dokumentation der Rohrqualität durch Abnahmeprüfze;150,0;m;gaeb;leistungsbeschreibungen/Leistungsbeschreibung.x81
20;PE 100 Sonderflansch mit Hinterlegflansch aus Stahl mit Kunststoffbeschichtung nach DIN EN 10310 inkl. Vorschweißbund für querschnittsoptimierten Anschluss an Armaturen und Edelstahlflansche ohne Reduzierung der Nennweite (DN). Ausgelegt für volle Druckbelastbarkeit PN 10, gebohrt nach DIN EN 1092-1;3,0;St;gaeb;leistungsbeschreibungen/Leistungsbeschreibung.x81
30;Nahtloser PE-Bogen, formgespritzt mit langen Schweißenden für PE Druckrohre, mit DVGW Zulassung.;1,0;St;gaeb;leistungsbeschreibungen/Leistungsbeschreibung.x81
40;Nahtloser PE-Bogen, formgespritzt mit langen Schweißenden für PE Druckrohre, mit DVGW Zulassung.;2,0;St;gaeb;leistungsbeschreibungen/Leistungsbeschreibung.x81
50;Nahtloser PE-Bogen, formgespritzt mit langen Schweißenden für PE Druckrohre, mit DVGW Zulassung.;5,0;St;gaeb;leistungsbeschreibungen/Leistungsbeschreibung.x81
60;Nahtloser PE-Bogen, formgespritzt mit langen Schweißenden für PE Druckrohre, mit DVGW Zulassung.;2,0;St;gaeb;leistungsbeschreibungen/Leistungsbeschreibung.x81
70;mit Stahleinlage, PN 10, Bohrbild nach DIN EN 1092-1.;8,0;St;gaeb;leistungsbeschreibungen/Leistungsbeschreibung.x81
80;mit Stahleinlage, PN 10, Bohrbild nach DIN EN 1092-1.;5,0;St;gaeb;leistungsbeschreibungen/Leistungsbeschreibung.x81
90;bestehend aus den erforderlichen Schrauben (DIN EN ISO 3506-1) und Muttern (DIN EN ISO 3506-2) mit Unterlegscheiben in A4/A5-Qualität und einer medienbeständigen Flachdichtung mit Stahleinlage liefern und montieren.;13,0;Satz;gaeb;leistungsbeschreibungen/Leistungsbeschreibung.x81
100;Elektroschweißmuffe für PE-Rohre und Formstücke, gemäß den Richtlinien und Vorschriften des Herstellers liefern und einbauen, einschl. der Vorhaltung und Betrieb der dafür notwendigen Geräte und Materialien.;10,0;St;gaeb;leistungsbeschreibungen/Leistungsbeschreibung.x81
110;für PE Rohrleitung;1,0;St;gaeb;leistungsbeschreibungen/Leistungsbeschreibung.x81
120;Dichtheitsprüfung mit Wasser;1,0;St;gaeb;leistungsbeschreibungen/Leistungsbeschreibung.x81
130;Die angebotenen PE Druckrohre müssen in ihren Maßen und Toleranzen der DIN 8074 entsprechen. Die Güteanforderungen sind gemäß DIN 8075 zu erfüllen. Für die Produktion der Rohre ist ein Qualitätsmanagementsystem nach DIN EN ISO 9001 nachzuweisen. Die Dokumentation der Rohrqualität durch Abnahmeprüfze;420,0;m;gaeb;leistungsbeschreibungen/Leistungsbeschreibung.x81
140;Nahtloser PE-Bogen, formgespritzt mit langen Schweißenden für PE Druckrohre, mit DVGW Zulassung.;6,0;St;gaeb;leistungsbeschreibungen/Leistungsbeschreibung.x81
150;Nahtloser PE-Bogen, formgespritzt mit langen Schweißenden für PE Druckrohre, mit DVGW Zulassung.;15,0;St;gaeb;leistungsbeschreibungen/Leistungsbeschreibung.x81
160;Nahtloser PE-Bogen, formgespritzt mit langen Schweißenden für PE Druckrohre, mit DVGW Zulassung.;10,0;St;gaeb;leistungsbeschreibungen/Leistungsbeschreibung.x81
170;Nahtloser PE-Bogen, formgespritzt mit langen Schweißenden für PE Druckrohre, mit DVGW Zulassung.;8,0;St;gaeb;leistungsbeschreibungen/Leistungsbeschreibung.x81
180;Nahtloser PE 45 Grad Abzweigstutzen, formgespritzt mit langen Schweißenden für PE Druckrohre, mit DVGW Zulassung.;2,0;St;gaeb;leistungsbeschreibungen/Leistungsbeschreibung.x81
190;Nahtloses PE T-Stück, formgespritzt mit langen Schweißenden für PE Druckrohre, mit DVGW Zulassung.;2,0;St;gaeb;leistungsbeschreibungen/Leistungsbeschreibung.x81
200;mit Stahleinlage, PN 10, Bohrbild nach DIN EN 1092-1.;10,0;St;gaeb;leistungsbeschreibungen/Leistungsbeschreibung.x81
210;mit Stahleinlage, PN 10, Bohrbild nach DIN EN 1092-1.;10,0;St;gaeb;leistungsbeschreibungen/Leistungsbeschreibung.x81
220;bestehend aus den erforderlichen Schrauben (DIN EN ISO 3506-1) und Muttern (DIN EN ISO 3506-2) mit Unterlegscheiben in A4/A5-Qualität und einer medienbeständigen Flachdichtung mit Stahleinlage liefern und montieren.;10,0;Satz;gaeb;leistungsbeschreibungen/Leistungsbeschreibung.x81
230;Elektroschweißmuffe für PE-Rohre und Formstücke, gemäß den Richtlinien und Vorschriften des Herstellers liefern und einbauen, einschl. der Vorhaltung und Betrieb der dafür notwendigen Geräte und Materialien.;25,0;St;gaeb;leistungsbeschreibungen/Leistungsbeschreibung.x81
240;für PE Rohrleitung;3,0;St;gaeb;leistungsbeschreibungen/Leistungsbeschreibung.x81
250;PE 100 Sonderflansch mit Hinterlegflansch aus Stahl mit Kunststoffbeschichtung nach DIN EN 10310 inkl. Vorschweißbund für querschnittsoptimierten Anschluss an Armaturen und Edelstahlflansche ohne Reduzierung der Nennweite (DN). Ausgelegt für volle Druckbelastbarkeit PN 10, gebohrt nach DIN EN 1092-1;4,0;St;gaeb;leistungsbeschreibungen/Leistungsbeschreibung.x81
260;Umfahrung Zulauf ÜS-Schlamm direkt in das SEW-/ÜS-Gebäude;5,0;Stk;gaeb;leistungsbeschreibungen/Leistungsbeschreibung.x81
270;Dichtheitsprüfung mit Wasser;1,0;St;gaeb;leistungsbeschreibungen/Leistungsbeschreibung.x81
10;Trennschnitt PVC-Rohrleitung DN 200 in Rohrgraben ausführen. Sonst wie vor.;5,0;St;gaeb;leistungsbeschreibungen/Leistungsbeschreibung.x81
20;Rückbau und Entsorgung eines PVC-Muffenrohres DN 200 aus Rohrgraben. Sonst wie vor.;50,0;m;gaeb;leistungsbeschreibungen/Leistungsbeschreibung.x81
10;wie Position 3.5.40, jedoch zur Freilegung von erdverlegten Asbestzementrohrleitungen DN 200 bis DN 350  im Baubereich.;200,0;m3;gaeb;leistungsbeschreibungen/Leistungsbeschreibung.x81
20;Trennschnitte AZ-Leitungen bis DN 200 mit langsamlaufenden Nassägen, Seilsägen, o.ä. unter Beachtung der Asbestrichtlinien.;50,0;St;gaeb;leistungsbeschreibungen/Leistungsbeschreibung.x81
30;sonst wie vor.;30,0;St;gaeb;leistungsbeschreibungen/Leistungsbeschreibung.x81
40;sonst wie vor.;40,0;St;gaeb;leistungsbeschreibungen/Leistungsbeschreibung.x81
50;AZ-Rohrleitung nach dem Trennen aus dem Rohrgraben heben, aufladen, zum Zwischenlager (Transportentfernung rd. 200 m) verbringen und dort lagern.;20,0;m;gaeb;leistungsbeschreibungen/Leistungsbeschreibung.x81
60;sonst wie vor;40,0;m;gaeb;leistungsbeschreibungen/Leistungsbeschreibung.x81
70;sonst wie vor;80,0;m;gaeb;leistungsbeschreibungen/Leistungsbeschreibung.x81
80;AZ-Rohre DN 200 - DN 400 auf dem Zwischenlager aus Folie wickeln und vor der Abfuhr von Restschlamm mit Hochdruckdüsen, -lanzen o.ä. reinigen. Der Schlamm kann auf der Lagerfläche verbleiben.;140,0;m;gaeb;leistungsbeschreibungen/Leistungsbeschreibung.x81
90;AZ-Rohrleitungen gemäß AZ-Richtlinien zum Transport verpacken (z.B. Folie) vom Zwischenlager aufnehmen, abfahren und entsorgen. Einschließlich Entsorgungsnachweis.;10,0;t;gaeb;leistungsbeschreibungen/Leistungsbeschreibung.x81
10;Anschlussflansch PEHD angeschweißt an Rohrleitung passend für die Anschlusstafel DN 25 (V4A);1,0;;gaeb;leistungsbeschreibungen/Leistungsbeschreibung.x81
20;Die angebotenen PE Druckrohre müssen in ihren Maßen und Toleranzen der DIN 8074 entsprechen. Die Güteanforderungen sind gemäß DIN 8075 zu erfüllen. Für die Produktion der Rohre ist ein Qualitätsmanagementsystem nach DIN EN ISO 9001 nachzuweisen. Die Dokumentation der Rohrqualität durch Abnahmeprüfze;15,0;m;gaeb;leistungsbeschreibungen/Leistungsbeschreibung.x81
30;Nahtloser PE-Bogen, formgespritzt mit kurzen Schweißenden für PE Druckrohre, mit DVGW Zulassung.;1,0;St;gaeb;leistungsbeschreibungen/Leistungsbeschreibung.x81
40;Nahtloser PE-Bogen, formgespritzt mit kurzen Schweißenden für PE Druckrohre, mit DVGW Zulassung.;1,0;St;gaeb;leistungsbeschreibungen/Leistungsbeschreibung.x81
50;Nahtloser PE-Bogen, formgespritzt mit kurzen Schweißenden für PE Druckrohre, mit DVGW Zulassung.;4,0;St;gaeb;leistungsbeschreibungen/Leistungsbeschreibung.x81
60;mit Stahleinlage, PN 10, Bohrbild nach DIN EN 1092-1.;2,0;St;gaeb;leistungsbeschreibungen/Leistungsbeschreibung.x81
70;bestehend aus den erforderlichen Schrauben (DIN EN ISO 3506-1) und Muttern (DIN EN ISO 3506-2) mit Unterlegscheiben in A4/A5-Qualität und einer medienbeständigen Flachdichtung mit Stahleinlage liefern und montieren.;2,0;Satz;gaeb;leistungsbeschreibungen/Leistungsbeschreibung.x81
80;Elektroschweißmuffe für PE-Rohre und Formstücke, gemäß den Richtlinien und Vorschriften des Herstellers liefern und einbauen, einschl. der Vorhaltung und Betrieb der dafür notwendigen Geräte und Materialien.;5,0;St;gaeb;leistungsbeschreibungen/Leistungsbeschreibung.x81
90;Anschluss an Anschlussflansch DN 25 V4A an der neuen Trübwasserleitung mit notwendigen Dichtungsmaterial und Schrauben.;1,0;;gaeb;leistungsbeschreibungen/Leistungsbeschreibung.x81
100;Dichtheitsprüfung mit Wasser;1,0;St;gaeb;leistungsbeschreibungen/Leistungsbeschreibung.x81
10;Anschlussflansch PEHD angeschweißt an Rohrleitung passend für die Anschlusstafel DN 40 (V4A);1,0;St;gaeb;leistungsbeschreibungen/Leistungsbeschreibung.x81
20;Die angebotenen PE Druckrohre müssen in ihren Maßen und Toleranzen der DIN 8074 entsprechen. Die Güteanforderungen sind gemäß DIN 8075 zu erfüllen. Für die Produktion der Rohre ist ein Qualitätsmanagementsystem nach DIN EN ISO 9001 nachzuweisen. Die Dokumentation der Rohrqualität durch Abnahmeprüfze;20,0;m;gaeb;leistungsbeschreibungen/Leistungsbeschreibung.x81
30;Nahtloser PE-Bogen, formgespritzt mit langen Schweißenden für PE Druckrohre, mit DVGW Zulassung.;1,0;St;gaeb;leistungsbeschreibungen/Leistungsbeschreibung.x81
40;Nahtloser PE-Bogen, formgespritzt mit langen Schweißenden für PE Druckrohre, mit DVGW Zulassung.;1,0;St;gaeb;leistungsbeschreibungen/Leistungsbeschreibung.x81
50;Nahtloser PE-Bogen, formgespritzt mit langen Schweißenden für PE Druckrohre, mit DVGW Zulassung.;4,0;St;gaeb;leistungsbeschreibungen/Leistungsbeschreibung.x81
60;mit Stahleinlage, PN 10, Bohrbild nach DIN EN 1092-1.;4,0;St;gaeb;leistungsbeschreibungen/Leistungsbeschreibung.x81
70;bestehend aus den erforderlichen Schrauben (DIN EN ISO 3506-1) und Muttern (DIN EN ISO 3506-2) mit Unterlegscheiben in A4/A5-Qualität und einer medienbeständigen Flachdichtung mit Stahleinlage liefern und montieren.;4,0;Satz;gaeb;leistungsbeschreibungen/Leistungsbeschreibung.x81
80;Elektroschweißmuffe für PE-Rohre und Formstücke, gemäß den Richtlinien und Vorschriften des Herstellers liefern und einbauen, einschl. der Vorhaltung und Betrieb der dafür notwendigen Geräte und Materialien.;5,0;St;gaeb;leistungsbeschreibungen/Leistungsbeschreibung.x81
90;Anschluss an das Brauchwasserbestandsnetz im Bereich der IV Reinigungsstufe, zwischen Hydrant 88 und 89 auf dem beigefügten Lageplan.;1,0;St;gaeb;leistungsbeschreibungen/Leistungsbeschreibung.x81
100;Dichtheitsprüfung mit Wasser;1,0;St;gaeb;leistungsbeschreibungen/Leistungsbeschreibung.x81
10;für nachträglich herzustellende horizontale Aussparungen und Öffnungen:;4,0;St;gaeb;leistungsbeschreibungen/Leistungsbeschreibung.x81
20;für nachträglich herzustellende horizontale Aussparungen und Öffnungen:;4,0;St;gaeb;leistungsbeschreibungen/Leistungsbeschreibung.x81
30;für nachträglich herzustellende horizontale Aussparungen und Öffnungen:;2,0;St;gaeb;leistungsbeschreibungen/Leistungsbeschreibung.x81
40;für nachträglich herzustellende horizontale Aussparungen und Öffnungen:;1,0;St;gaeb;leistungsbeschreibungen/Leistungsbeschreibung.x81
50;Stahlschnitte für die vorgenannten Positionen mit folgenden Randbedingungen:;30,0;cm2;gaeb;leistungsbeschreibungen/Leistungsbeschreibung.x81
60;An- und Abtransport eines kompletten Kernbohrgeräts zur Baustelle für die genannten Positionen.;1,0;St;gaeb;leistungsbeschreibungen/Leistungsbeschreibung.x81
10;Stundenlohnarbeiten durch Poliere, Schachtmeister (Lohngruppe 6)  o. glw. auf Anordnung des AG ausführen.;20,0;h;gaeb;leistungsbeschreibungen/Leistungsbeschreibung.x81
20;Stundenlohnarbeiten durch Vorarbeiter (Lohngruppe 5) o. glw.;20,0;h;gaeb;leistungsbeschreibungen/Leistungsbeschreibung.x81
30;Stundenlohnarbeiten durch Spezialfacharbeiter (Lohngruppe 4) o. glw.;20,0;h;gaeb;leistungsbeschreibungen/Leistungsbeschreibung.x81
40;Stundenlohnarbeiten durch Facharbeiter (Lohngruppe 3) o. glw.;20,0;h;gaeb;leistungsbeschreibungen/Leistungsbeschreibung.x81
50;Stundenlohnarbeiten durch (Fach-)Werker (Lohngruppen 1 und 2) o. glw. auf Anordnung des AG ausführen.;20,0;h;gaeb;leistungsbeschreibungen/Leistungsbeschreibung.x81
60;Radlader bis 75 KW mit Fahrer einsetzen,;20,0;h;gaeb;leistungsbeschreibungen/Leistungsbeschreibung.x81
70;Hydraulikbagger 3-7,5 t, mit Fahrer/-in, einsetzen,;20,0;h;gaeb;leistungsbeschreibungen/Leistungsbeschreibung.x81
80;Hydraulikbagger Einsatzgewicht ca. 25 t, mit Fahrer/-in, einsetzen,;20,0;h;gaeb;leistungsbeschreibungen/Leistungsbeschreibung.x81
90;Walzenzug Glattmantelwalze, Bruttoleistung: 90 kW, mit;20,0;h;gaeb;leistungsbeschreibungen/Leistungsbeschreibung.x81
100;Rüttelplatte 450 kg, mit Bedienpersonal, einsetzen,;20,0;h;gaeb;leistungsbeschreibungen/Leistungsbeschreibung.x81
110;Stromaggregat bis 30 kvA, einsetzen,;20,0;h;gaeb;leistungsbeschreibungen/Leistungsbeschreibung.x81
10;Für das Einrichten der kompletten Baustelle.;1,0;psch;gaeb;vom_unternehmen_auszufuellende_dokumente/Angebotsaufforderung.x83
20;Vorhalten der Baustelleneinrichtung für sämtliche in der Ausschreibung aufgeführten Leistungen.;1,0;psch;gaeb;vom_unternehmen_auszufuellende_dokumente/Angebotsaufforderung.x83
30;Räumen der Baustelleneinrichtung für sämtliche in der Ausschreibung aufgeführten Leistungen einschließlich Säuberung der Anlage und Bauwerke (besenrein) nach Beendigung der Bauarbeiten und die Wiederherstellung des übrigen Geländes in seinen ursprünglichen Zustand.;1,0;psch;gaeb;vom_unternehmen_auszufuellende_dokumente/Angebotsaufforderung.x83
40;Sanitäreinrichtung liefern, vorhalten, abbauen;12,0;Mt;gaeb;vom_unternehmen_auszufuellende_dokumente/Angebotsaufforderung.x83
50;Im Gebäude der Filtration befinden sich vom AG gestellte Sanitäreinrichtungen, die ebenfalls allen Auftragnehmern zur Nutzung zur Verfügung gestellt werden.;12,0;Mt;gaeb;vom_unternehmen_auszufuellende_dokumente/Angebotsaufforderung.x83
60;Bauzaun, 2,0 m hoch, versetzbar, stabile Ausführung aus Fertigsegmenten, komplett einschl. Pfosten und Fußplatten liefern und zur Sicherung gegen unbefugtes Betreten an den Baufeldgrenzen einschl. Baustelleneinrichtungsfläche und im Bereich offener Rohrgräben in Abstimmung mit der Bauleitung des AG';400,0;m;gaeb;vom_unternehmen_auszufuellende_dokumente/Angebotsaufforderung.x83
70;Baustraße  in der für Baufahrzeuge erforderlichen Breite und Dicke (mind. 30 cm) herstellen, über die gesamte Bauzeit unterhalten und nach Beendigung der Bauarbeiten wieder beseitigen.;650,0;m2;gaeb;vom_unternehmen_auszufuellende_dokumente/Angebotsaufforderung.x83
10;Beweissicherung im Einflussbereich der Baumaßnahme vor Beginn und nach Abschluss der Bauarbeiten. Für die im Baufeld befindlichen Straßen, Leitungen und Gebäude, in Abstimmung mit dem AG, Zustand und Beschaffenheit feststellen und dokumentieren, durch Begehung mit schriftlichem Protokoll und Bildern;1,0;psch;gaeb;vom_unternehmen_auszufuellende_dokumente/Angebotsaufforderung.x83
20;Von den verschiedenen Abschnitten des Bauvorhabens;1,0;psch;gaeb;vom_unternehmen_auszufuellende_dokumente/Angebotsaufforderung.x83
30;Höhenbolzen (Mauerbolzen) liefern und nach Angabe des AG am Verblendmauerwerk des Schlammsilos anbringen, höhenmäßig auf NN bezogen einnivellieren einschl. Kontrollmessungen. Unterhalb des Bolzens ist ein dauerhaftes Schild mit der Höhenangabe auf NHN anzubringen (Genauigkeit +/- 1 mm).;1,0;Stk;gaeb;vom_unternehmen_auszufuellende_dokumente/Angebotsaufforderung.x83
40;Einmessen aller neu erstellten Rohrleitungen, Schächte, Kabelleerrohre, Bauwerke, etc. des Leistungsumfanges dieses Loses in Lage und Höhe zur Erstellung von Bestandslageplänen. Lage in UTM-Koordinaten, Höhe in mNHN.;1,0;psch;gaeb;vom_unternehmen_auszufuellende_dokumente/Angebotsaufforderung.x83
50;Für das Bauvorhaben sind Bestandspläne gemäß den Anforderungen des AG in digitaler Form für die neuen Bauwerke und verlegten Rohrleitungen herzustellen.;1,0;psch;gaeb;vom_unternehmen_auszufuellende_dokumente/Angebotsaufforderung.x83
60;Der AN ist verpflichtet, zur Dokumentation des gesamten Baugeschehens eine Bauwerksakte zu führen.;1,0;psch;gaeb;vom_unternehmen_auszufuellende_dokumente/Angebotsaufforderung.x83
70;Offene Wasserhaltung nach DIN 18035, für das Ableiten von Oberflächenwasser während der Bauzeit der offenen Baugruben.;1,0;psch;gaeb;vom_unternehmen_auszufuellende_dokumente/Angebotsaufforderung.x83
10;des Schlammspeicher unter Beachtung aller erforderlicher Sicherheitsmaßnahmen für die komplette Erstellung des Behälters einschl. aller dazugehörigen Konstruktionen wie Dämmung, Fassade, Dacharbeiten, Brücken, Geländer, usw. Die Einrüstung ist gemäß der UVV, GUV sowie der Arbeitsstättenverordnung au;1,0;St;gaeb;vom_unternehmen_auszufuellende_dokumente/Angebotsaufforderung.x83
20;Gerüstdaueranker zur Verankerung mit bauaufsichtlich zugelassenen Klebeankern, zur Aufnahme von rechtwinklig und parallel zum Gebäude wirkenden Gerüstlasten (F- = ca. 3,9 kN / FII = ca. 1,3 kN) nach Gerüststatik, Zulassung der Gerüste, DIN EN 12811-1 / DIN 4420-3 bzw. DIN 4426 in der Horizontalfuge ;40,0;St;gaeb;vom_unternehmen_auszufuellende_dokumente/Angebotsaufforderung.x83
30;wie in Position äußere Einrüstung beschrieben, jedoch für die innere Einrüstung des Schlammspeichers.;1,0;St;gaeb;vom_unternehmen_auszufuellende_dokumente/Angebotsaufforderung.x83
10;Mobile Vakuumanlage für örtliche Wasserhaltungen liefern, Förderleistung min. 10 m³/h anliefern aufstellen, wieder abbauen und abfahren.;1,0;St;gaeb;vom_unternehmen_auszufuellende_dokumente/Angebotsaufforderung.x83
20;Betriebsstunden der Vakuumanlage. Abrechnung nach Betriebsstundenzähler.;2,0;Wo;gaeb;vom_unternehmen_auszufuellende_dokumente/Angebotsaufforderung.x83
30;Länge bis 4,00 m. Anliefern, einspülen, vorhalten, wieder abbauen und abtransportieren. Einschl. Verbindungsleitungen zur Vakuumanlage.;5,0;St;gaeb;vom_unternehmen_auszufuellende_dokumente/Angebotsaufforderung.x83
40;Verbindung der Vakuumanlage zur Einspeisestelle mit Schnellkupplungsrohren in geeignetem Durchmesser sowie Pass- und Formstücken;40,0;m;gaeb;vom_unternehmen_auszufuellende_dokumente/Angebotsaufforderung.x83
10;Oberboden mit Grasnarbe bis 50 cm Stärke abschieben, aufladen und auf der BE-Fläche abladen. Transportentfernung bis 200m.;75,0;m3;gaeb;vom_unternehmen_auszufuellende_dokumente/Angebotsaufforderung.x83
20;Baugrube für den Schlammspeicher nach Vorgabe der aktuellen DIN 4124 (2012) profilgerecht und geböscht 45°, herstellen. Der Bodenaushub ist zur Wiederverfüllung auf den markierten BE-Flächen im Lageplan seitlich zu lagern.;75,0;m3;gaeb;vom_unternehmen_auszufuellende_dokumente/Angebotsaufforderung.x83
30;zwischengelagerten Boden von der BE-Fläche aufnehmen, in die Arbeitsräume  einbauen und lagenweise verdichten.;43,0;m3;gaeb;vom_unternehmen_auszufuellende_dokumente/Angebotsaufforderung.x83
40;Maschinelle Nachverdichtung der Baugrubensohle auf ein Verformungsmodul EV2 >= 120 MN/m².;150,0;m2;gaeb;vom_unternehmen_auszufuellende_dokumente/Angebotsaufforderung.x83
10;Oberboden mit Grasnarbe bis 30 cm Stärke abschieben, fräsen, aufladen und auf der BE-Fläche abladen. Transportentfernung bis 200m.;27,0;m3;gaeb;vom_unternehmen_auszufuellende_dokumente/Angebotsaufforderung.x83
20;Oberboden von der BE-Fläche zur Einbaustelle transportieren und dort  in einer Stärke von rd. 20 cm einbauen profilieren und planieren.;50,0;m2;gaeb;vom_unternehmen_auszufuellende_dokumente/Angebotsaufforderung.x83
30;Baugrube für die Fundamente nach Vorgabe der aktuellen DIN 4124 (2012) profilgerecht und geböscht 45°,herstellen. Der Bodenaushub ist zur Wiederverfüllung auf den markierten BE-Flächen  zu lagern.;96,0;m3;gaeb;vom_unternehmen_auszufuellende_dokumente/Angebotsaufforderung.x83
40;Auf der BE-Fläche gelagerten, zur Wiederverfüllung geeigneten Bodenaushub einbauen und lagenweise verdichten.;42,0;m3;gaeb;vom_unternehmen_auszufuellende_dokumente/Angebotsaufforderung.x83
10;Baugrube für den Abtankplatz und das Fundament der Fällmittelbehälter nach Vorgabe der aktuellen DIN 4124 (2012) profilgerecht und geböscht 45°,herstellen. Der Bodenaushub ist zur Wiederverfüllung auf den markierten BE-Flächen seitlich zu lagern.;42,0;m3;gaeb;vom_unternehmen_auszufuellende_dokumente/Angebotsaufforderung.x83
20;Maschinelle Nachverdichtung der Baugrubensohlen auf ein Verformungsmodul EV2 >= 120 MN/m².;77,0;m2;gaeb;vom_unternehmen_auszufuellende_dokumente/Angebotsaufforderung.x83
30;Boden nach DIN 18196 der Frostempfindlichkeit F1, Schluffanteil >5 %, liefern und unterhalb der Sauberkeitsschicht lagenweise einbauen und verdichten auf 100 % einfache Proctordichte, einschl. Grobplanum. Die Baugrubenverfüllung muss umlaufend lagenweise erfolgen. Abrechnung nach eingebauter und ver;23,0;m3;gaeb;vom_unternehmen_auszufuellende_dokumente/Angebotsaufforderung.x83
10;Baugrube für den Havarieschacht nach Vorgabe der aktuellen DIN 4124 (2012) profilgerecht herstellen. Der Bodenaushub ist zur Zwischenlagerung auf den markierten BE-Flächen zu lagern.;20,0;m3;gaeb;vom_unternehmen_auszufuellende_dokumente/Angebotsaufforderung.x83
20;Auf der BE-Fläche gelagerten, zur Wiederverfüllung geeigneten Bodenaushub einbauen und lagenweise verdichten.;14,4;m3;gaeb;vom_unternehmen_auszufuellende_dokumente/Angebotsaufforderung.x83
30;Maschinelle Nachverdichtung der Baugrubensohle auf ein Verformungsmodul EV2 >= 120 MN/m².;9,0;m2;gaeb;vom_unternehmen_auszufuellende_dokumente/Angebotsaufforderung.x83
10;Bauwerkssicherung für die vorgesehene Bebauung direkt am Maschinengebäude , Abtankplatz und Schachtpumpwerk .;1,0;psch;gaeb;vom_unternehmen_auszufuellende_dokumente/Angebotsaufforderung.x83
10;Oberboden mit Grasnarbe bis 30 cm Stärke fräsen, abschieben, aufladen und auf der BE-Fläche abladen. Transportentfernung bis 500m.;125,0;m3;gaeb;vom_unternehmen_auszufuellende_dokumente/Angebotsaufforderung.x83
20;Oberboden von der BE-Fläche zur Einbaustelle transportieren und  in einer Stärke von rd. 20 cm einbauen, profilieren und planieren.;370,0;m2;gaeb;vom_unternehmen_auszufuellende_dokumente/Angebotsaufforderung.x83
30;Flächen der Vor-Position zur Raseneinsaat wie folgt vorbereiten und einsäen:;370,0;m2;gaeb;vom_unternehmen_auszufuellende_dokumente/Angebotsaufforderung.x83
40;zur Verlegung von Druckrohr-/Freigefälleleitungen im Boden bis zu einer mittleren Tiefe von 1,50m herstellen. Tiefe im Mittel gemessen von OK Gelände nach Oberflächenabtrag bis Rohrgrabensohle. Boden ausheben und neben dem Rohrgraben lagern.;500,0;m3;gaeb;vom_unternehmen_auszufuellende_dokumente/Angebotsaufforderung.x83
50;zur Verlegung von Druckrohr-/Freigefälleleitungen im Boden bis zu einer mittleren Tiefe von >1,50 m bis 2,50m herstellen. Tiefe im Mittel gemessen von 1,50m Rohrgrabentiefe bis Rohrgrabensohle. Boden ausheben und neben dem Rohrgraben lagern.;35,0;m3;gaeb;vom_unternehmen_auszufuellende_dokumente/Angebotsaufforderung.x83
60;Als Leitungszone und Auflager für Rohrleitungen.;150,0;m3;gaeb;vom_unternehmen_auszufuellende_dokumente/Angebotsaufforderung.x83
70;Baugrube für die Schächte des Leerrohrsystems nach Vorgabe der aktuellen DIN 4124 (2012) profilgerecht herstellen. Der Bodenaushub ist zur Wiederverfüllung seitlich zu lagern.;55,0;m3;gaeb;vom_unternehmen_auszufuellende_dokumente/Angebotsaufforderung.x83
80;Abfahren des überschüssigen Bodens, aus dem Bodenaushub seitlich zu den errichteten Rohrgräben, zur  BE -Fläche.;75,0;m3;gaeb;vom_unternehmen_auszufuellende_dokumente/Angebotsaufforderung.x83
90;als Überfahrten für die Straßenkreuzungen von Rohrgräben, Kabelgräben etc. verkehrssichere Baugrubenüberfahrten nach Wahl des AN's herstellen, vorhalten und wieder abbauen. Die erforderlichen statischen Berechnung sind vom AN zu erstellen und im Einheitspreis dieser Pos. einzukalkulieren.;5,0;St;gaeb;vom_unternehmen_auszufuellende_dokumente/Angebotsaufforderung.x83
100;Querende Pflasterrinne 30 cm breit im oberen Bereich des Rohrgrabens durch Unterfüttern/Abstützen während der Bauzeit sichern.;1,0;St;gaeb;vom_unternehmen_auszufuellende_dokumente/Angebotsaufforderung.x83
110;Querende Rohrleitungen im Rohrgraben durch Unterfüttern/Abstützungen während der Bauzeit sichern.;30,0;St;gaeb;vom_unternehmen_auszufuellende_dokumente/Angebotsaufforderung.x83
120;Querende Rohrleitungen im Rohrgraben durch Unterfüttern/Abstützungen während der Bauzeit sichern.;20,0;St;gaeb;vom_unternehmen_auszufuellende_dokumente/Angebotsaufforderung.x83
130;Elt, -Post- und sonstige Kabel(bündel), die die Baugrube kreuzen und während des Bodenaushubes freigelegt wurden, bis zur Baugrubenverfüllung, soweit erforderlich, entsprechend unterfangen, aufhängen bzw. schubsichern, einschließlich liefern und vorhalten der zur Leitungssicherung erforderlichen Mat;20,0;St;gaeb;vom_unternehmen_auszufuellende_dokumente/Angebotsaufforderung.x83
140;Leitungssicherung wie vor, jedoch parallel zur Kanaltrasse. Kabeldurchmesser bis 10 cm bzw. Leitungsbund bis 10 cm Durchmesser.;80,0;m;gaeb;vom_unternehmen_auszufuellende_dokumente/Angebotsaufforderung.x83
10;Probenahme und Deklarationsanalysen des zwischengelagerten Bodens nach ErsatzbaustoffV und Klassifizierung des Bodenaushubs mit den Materialwerten;6,0;St;gaeb;vom_unternehmen_auszufuellende_dokumente/Angebotsaufforderung.x83
20;Deklarationsanalysen nach LAGA M20 durch ein akkreditiertes Prüfinstitut des zwischengelagerten Bodens nach fachlich korrekter Probenahme auf Basis der LAGA Richtlinie PN98 und DIN 19698-1. Festlegung der Zuordnungskategorie zur Feststellung der notwendigen Behandlung und Beseitigung des Bodenaushub;6,0;St;gaeb;vom_unternehmen_auszufuellende_dokumente/Angebotsaufforderung.x83
30;Überschüssigen bzw. zum Wiedereinbau ungeeigneten Bodenaushub vom Zwischenlager aufnehmen, abfahren und entsorgen.;450,0;t;gaeb;vom_unternehmen_auszufuellende_dokumente/Angebotsaufforderung.x83
40;Überschüssigen bzw. zum Wiedereinbau ungeeigneten Bodenaushub vom Zwischenlager aufnehmen, abfahren und entsorgen.;120,0;t;gaeb;vom_unternehmen_auszufuellende_dokumente/Angebotsaufforderung.x83
50;Überschüssigen bzw. zum Wiedereinbau ungeeigneten Bodenaushub vom Zwischenlager aufnehmen, abfahren und entsorgen.;70,0;t;gaeb;vom_unternehmen_auszufuellende_dokumente/Angebotsaufforderung.x83
10;Feinplanum gemäß aktueller ZTVE - Stb mit dem erforderlichen Quer- und Längsgefälle, ordnungsgemäß verdichtet herstellen. Das Feinplanum muss unmittelbar vor dem Einbau der Frostschutzschicht vom AG abgenommen werden.;68,0;m2;gaeb;vom_unternehmen_auszufuellende_dokumente/Angebotsaufforderung.x83
20;Frostschutzschicht (FSS) für die Bauweise von Fahrbahnen mit Pflasterdecken auf F2- bzw. F3-Untergund nach RStO 12 (Belastungsklasse Bk 3,2) herstellen. Frostschutzschicht Brechkorngemisch, 0/45 mm aus Naturgestein, Basalt. (kein Kalkgestein, da zu geringer Abriebwiderstand und aufgrund des hohen Gr;68,0;m2;gaeb;vom_unternehmen_auszufuellende_dokumente/Angebotsaufforderung.x83
30;Schottertragschicht (STS) für die Bauweise von Fahrbahnen mit Pflasterdecke auf F2- bzw. F3-Untergund nach RStO 12 (Belastungsklasse Bk 3,2) als Unterlage für die Pflasterdecke herstellen. Schottertragschicht aus Brechkorngemisch, 0/32 mm aus Naturgestein, Basalt. (kein Kalkgestein, da zu geringer A;26,0;m2;gaeb;vom_unternehmen_auszufuellende_dokumente/Angebotsaufforderung.x83
40;Plattendruckversuche werden bauseits vom Gutachter des AG durchgeführt.  Die Prüforte werden auf Anweisung der Bauleitung des AG festgelegt, Die Versuche werden nach DIN 18134 ausgeführt. Zu kalkulieren ist vom AN die Stellung und Vorhaltung des erforderlichen Gegengewichtes einschl. Bedienung.  An ;2,0;St;gaeb;vom_unternehmen_auszufuellende_dokumente/Angebotsaufforderung.x83
50;Betonsteinpflaster;33,0;m2;gaeb;vom_unternehmen_auszufuellende_dokumente/Angebotsaufforderung.x83
60;Vorh. Oberflächenbefestigung aus Betonrechteckpflaster aufnehmen, abfahren und fachgerecht entsorgen.;7,0;m2;gaeb;vom_unternehmen_auszufuellende_dokumente/Angebotsaufforderung.x83
70;Anschluss der neuen Verbundpflasterfläche an vorhandene Pflasterflächen und Treppen.;7,0;m;gaeb;vom_unternehmen_auszufuellende_dokumente/Angebotsaufforderung.x83
80;Tiefbordstein 10/30/100 und 50 cm, DIN EN 1340, Unterbeton 20 cm dick. liefern und mit engen Fugen flucht- und höhengerecht auf Unterbeton C20/25 versetzen, einschließlich einer Sauberkeitsschicht von 25 cm aus Basaltmineralgemisch und der Rückenstütze aus Beton C20/25, 10 cm breit herstellen bis 10;18,0;m;gaeb;vom_unternehmen_auszufuellende_dokumente/Angebotsaufforderung.x83
10;Der Tiefbordstein ist als Kurvenstein auszuführen mit einem Kurvenradius von ca. 5,6 m. Alternativ kann die Biegung auch aus geraden Boardsteinen hergestellt werden, diese sind dann in 0,25 m lange Einzelelemente zu trennen und mit einer maximal 0,7 mm großen Keilfuge auszuführen.;36,0;m;gaeb;vom_unternehmen_auszufuellende_dokumente/Angebotsaufforderung.x83
20;Grobkies aus gewaschenem Kies der Körnung 16 / 32 mm liefern und an der Froschklappe der Regengrundleitung einbauen.;4,0;m3;gaeb;vom_unternehmen_auszufuellende_dokumente/Angebotsaufforderung.x83
30;Geotextilmatte, mechanisch verfestigter Spinnfaservliesstoff, Geotextilrohbustheitsklasse GRK 4, liefern und zur Umschließung der Grobkiespackung der vorigen Position einbauen.;17,0;m2;gaeb;vom_unternehmen_auszufuellende_dokumente/Angebotsaufforderung.x83
40;Feinplanum gemäß aktueller ZTVE - Stb mit dem erforderlichen Quer- und Längsgefälle, ordnungsgemäß verdichtet herstellen. Das Feinplanum muss unmittelbar vor dem Einbau der Frostschutzschicht vom AG abgenommen werden.;20,0;m2;gaeb;vom_unternehmen_auszufuellende_dokumente/Angebotsaufforderung.x83
50;Frostschutzschicht (FSS) für die Bauweise von Gewegen auf F2- bzw. F3-Untergund nach RStO 12 (Belastungsklasse Bk 1,8) herstellen. Frostschutzschicht Brechkorngemisch, 0/45 mm aus Naturgestein, Basalt. (kein Kalkgestein, da zu geringer Abriebwiderstand und aufgrund des hohen Grundwasserstandes kein ;10,0;m2;gaeb;vom_unternehmen_auszufuellende_dokumente/Angebotsaufforderung.x83
60;Schottertragschicht- oder Kiestragschicht für die Bauweise von Gehwegen auf F2- bzw. F3-Untergund nach RStO 12 herstellen. Schottertragschicht Brechkorngemisch, 0/32 mm aus Naturgestein, Basalt. (kein Kalkgestein, da zu geringer Abriebwiderstand und Kein RC-Material);20,0;m2;gaeb;vom_unternehmen_auszufuellende_dokumente/Angebotsaufforderung.x83
70;Plattendruckversuche werden bauseits vom Gutachter des AG durchgeführt.  Die Prüforte werden auf Anweisung der Bauleitung des AG festgelegt, Die Versuche werden nach DIN 18134 ausgeführt. Zu kalkulieren ist vom AN die Stellung und Vorhaltung des erforderlichen Gegengewichtes einschl. Bedienung.  An ;1,0;St;gaeb;vom_unternehmen_auszufuellende_dokumente/Angebotsaufforderung.x83
80;Betonsteinpflaster;20,0;m2;gaeb;vom_unternehmen_auszufuellende_dokumente/Angebotsaufforderung.x83
90;Rasenkantenstein 8/25/100 cm liefern und setzen, Unterbeton 10 cm dick. liefern und mit engen Fugen flucht- und höhengerecht auf Unterbeton C20/25 versetzen, einschließlich einer Sauberkeitsschicht von 25 cm aus Basaltmineralgemisch und der Rückenstütze aus Beton C20/25, 10 cm breit herstellen bis 1;20,0;m;gaeb;vom_unternehmen_auszufuellende_dokumente/Angebotsaufforderung.x83
10;Vorh. Betontiefbord 10/30/100 cm einschl. Betonrückenstütze aufnehmen, abfahren und fachgerecht entsorgen. Einschl. der erf. Erdarbeiten.;8,0;m;gaeb;vom_unternehmen_auszufuellende_dokumente/Angebotsaufforderung.x83
20;Vorh. Betontiefbord 10/30/100 cm einschl. Betonrückenstütze aufnehmen und auf die 50 m entfernte BE-Fläche transportieren.;1,0;m;gaeb;vom_unternehmen_auszufuellende_dokumente/Angebotsaufforderung.x83
30;Vorh. Oberflächenbefestigung aus Beton-Verbundpflaster bzw. Rechteckpflaster aufnehmen und fachgerecht entsorgen;88,0;m2;gaeb;vom_unternehmen_auszufuellende_dokumente/Angebotsaufforderung.x83
40;Vorh. Unterbau aufnehmen und entsorgen.;48,3;m3;gaeb;vom_unternehmen_auszufuellende_dokumente/Angebotsaufforderung.x83
50;Vorh. Schotterfläche aufnehmen und auf der BE-Fläche in 50 m lagern.;20,6;m3;gaeb;vom_unternehmen_auszufuellende_dokumente/Angebotsaufforderung.x83
60;Feinplanum gemäß aktueller ZTVE - Stb mit dem erforderlichen Quer- und Längsgefälle, ordnungsgemäß verdichtet herstellen. Das Feinplanum muss unmittelbar vor dem Einbau der Frostschutzschicht vom AG abgenommen werden.;73,0;m2;gaeb;vom_unternehmen_auszufuellende_dokumente/Angebotsaufforderung.x83
70;Frostschutzschicht (FSS) für die Bauweise von Fahrbahnen mit Pflasterdecken auf F2- bzw. F3-Untergund nach RStO 12 (Belastungsklasse Bk 3,2) herstellen. Frostschutzschicht Brechkorngemisch, 0/45 mm aus Naturgestein, Basalt. (kein Kalkgestein, da zu geringer Abriebwiderstand und aufgrund des hohen Gr;73,0;m2;gaeb;vom_unternehmen_auszufuellende_dokumente/Angebotsaufforderung.x83
80;Schottertragschicht (STS) für die Bauweise von Fahrbahnen mit Pflasterdecke auf F2- bzw. F3-Untergund nach RStO 12 (Belastungsklasse Bk 3,2) als Unterlage für die Pflasterdecke herstellen. Schottertragschicht aus Brechkorngemisch, 0/32 mm aus Naturgestein, Basalt. (kein Kalkgestein, da zu geringer A;73,0;m2;gaeb;vom_unternehmen_auszufuellende_dokumente/Angebotsaufforderung.x83
90;Plattendruckversuche werden bauseits vom Gutachter des AG durchgeführt.  Die Prüforte werden auf Anweisung der Bauleitung des AG festgelegt, Die Versuche werden nach DIN 18134 ausgeführt. Zu kalkulieren ist vom AN die Stellung und Vorhaltung des erforderlichen Gegengewichtes einschl. Bedienung.  An ;1,0;St;gaeb;vom_unternehmen_auszufuellende_dokumente/Angebotsaufforderung.x83
100;Betonsteinpflaster;73,0;m2;gaeb;vom_unternehmen_auszufuellende_dokumente/Angebotsaufforderung.x83
110;Verbund-/Rechteckpflaster an die vorhandene Entwässerungsrinne anarbeiten inkl. aller notwendigen Zuschneidarbeiten an Kanten und Ecken.;14,0;m;gaeb;vom_unternehmen_auszufuellende_dokumente/Angebotsaufforderung.x83
120;Anschluss der neuen Verbundspflasterfläche an vorhandene Pflasterflächen und Treppen.;6,0;m;gaeb;vom_unternehmen_auszufuellende_dokumente/Angebotsaufforderung.x83
130;Zuschneiden der Pflastersteine aus Beton per Nassschnitt für das Verlegen an Kanten und Einfassungen in der Pflasterdecke.;6,0;m;gaeb;vom_unternehmen_auszufuellende_dokumente/Angebotsaufforderung.x83
140;Zuschneiden der Pflastersteine aus Beton per Nassschnitt für das Verlegen an Einbauten und Aussparungen in der Pflasterdecke.;3,0;m;gaeb;vom_unternehmen_auszufuellende_dokumente/Angebotsaufforderung.x83
150;Anschluss der neuen Verbundspflasterfläche an neu hergestellte Bauwerke.;32,4;m;gaeb;vom_unternehmen_auszufuellende_dokumente/Angebotsaufforderung.x83
160;Tiefbordstein 10/30/100 cm von der 50 m entfernten BE-Fläche liefern und setzen, Unterbeton 10 cm dick. liefern und mit engen Fugen flucht- und höhengerecht auf Unterbeton C20/25 versetzen, einschließlich einer Sauberkeitsschicht von 25 cm aus Basaltmineralgemisch und der Rückenstütze aus Beton C20/;1,0;m;gaeb;vom_unternehmen_auszufuellende_dokumente/Angebotsaufforderung.x83
170;Frostschutzschicht (FSS) für die Bauweise von Gewegen auf F2- bzw. F3-Untergund nach RStO 12 (Belastungsklasse Bk 0,3) herstellen. Frostschutzschicht Brechkorngemisch, 0/45 mm aus Naturgestein, Basalt. (kein Kalkgestein, da zu geringer Abriebwiderstand und aufgrund des hohen Grundwasserstandes kein ;34,7;m2;gaeb;vom_unternehmen_auszufuellende_dokumente/Angebotsaufforderung.x83
180;Schottertragschicht- oder Kiestragschicht für die Bauweise von Gehwegen auf F2- bzw. F3-Untergund nach RStO 12 herstellen. Schottertragschicht Brechkorngemisch, 0/32 mm aus Naturgestein, Basalt. (kein Kalkgestein, da zu geringer Abriebwiderstand und Kein RC-Material);34,7;m2;gaeb;vom_unternehmen_auszufuellende_dokumente/Angebotsaufforderung.x83
190;Betonsteinpflaster;23,0;m2;gaeb;vom_unternehmen_auszufuellende_dokumente/Angebotsaufforderung.x83
200;Blockstufe als Betonfertigteil nach DIN EN 13198,;1,0;m;gaeb;vom_unternehmen_auszufuellende_dokumente/Angebotsaufforderung.x83
210;Blockstufe als Betonfertigteil nach DIN EN 13198,;2,7;m;gaeb;vom_unternehmen_auszufuellende_dokumente/Angebotsaufforderung.x83
220;Rammschutz- Prallschutz- Anfahrschutz zum Einbetonieren liefern und einbauen.;3,0;St;gaeb;vom_unternehmen_auszufuellende_dokumente/Angebotsaufforderung.x83
10;Korrosionsschutzplatten für die runden Innenwände des Schlammbehälters als Betonschutzplatten mit Noppenverankerung in den frischen Beton, direkt extrudiert (keine nachträgliche Profilaufschweißung), Rohmaterial / Formstoff PE-HD nach EN ISO 1872-1, einschl. Winkel, Verbinder, Nenndicke mind. 3 mm, ;254,0;m2;gaeb;vom_unternehmen_auszufuellende_dokumente/Angebotsaufforderung.x83
20;wie vor, jedoch für die Unterseite der Bedienbrücke und deren Seitenwände über dem Schlammbehälter.;29,0;m2;gaeb;vom_unternehmen_auszufuellende_dokumente/Angebotsaufforderung.x83
30;Zur Verbindung zwischen der Wandauskleidung und dem Deckenabschlussprofil ist nach dem Betonieren ein gewebekaschierter PE-HD Bandstreifen mit einer Stärke von min. 5 mm aufzukleben und bündig mit der Wandauskleidung zu verschweißen. Der Bandstreifen ist auf der Wandkrone in einer Breite von 30 cm a;32,0;m;gaeb;vom_unternehmen_auszufuellende_dokumente/Angebotsaufforderung.x83
40;Wandabschlussprofil aus PE-HD, im Bereich der runden Innenwand kurz oberhalb der Betonsohle des Schlammspeichers liefern und einbauen, einschließlich aller erforderlicher Anpassungsarbeiten insbesondere der gebogenen Form.;29,0;m;gaeb;vom_unternehmen_auszufuellende_dokumente/Angebotsaufforderung.x83
50;Zur Weiterführung der Korrosionsschutzauskleidung werden in die DN 1000 Revisionseinstiegsöffnungen PE-HD Rohre eingesetzt.;2,0;St;gaeb;vom_unternehmen_auszufuellende_dokumente/Angebotsaufforderung.x83
60;Anbindung des PE Rohrs da 1000 SDR 33 an die PE-Auskleidung gemäß Zeichnung ausführen. Die Anbindung zwischen der PE-HD Betonschutzauskleidung und dem PE Rohr erfolgt durch die Verschweißung des PE-Rohres mit der Wandschutzauskleidung.;2,0;St;gaeb;vom_unternehmen_auszufuellende_dokumente/Angebotsaufforderung.x83
70;Die DN 1000 Edelstahlrohrleitung ist nach dem Ausschalen der Betonwand bündig auf den Verlauf der Betoninnenwand abzuschneiden.;2,0;St;gaeb;vom_unternehmen_auszufuellende_dokumente/Angebotsaufforderung.x83
80;Fugenverschluss von Dehn- und Arbeitsfugen mit glatten, mindestens 26 cm breiten, unverankerten PE-HD-Streifen.;18,7;m;gaeb;vom_unternehmen_auszufuellende_dokumente/Angebotsaufforderung.x83
90;Funkenelektrische Prüfung der Schweißnähte der vorstehenden PE-Betonschutzplatten einschließlich Dokumentation;1,0;psch;gaeb;vom_unternehmen_auszufuellende_dokumente/Angebotsaufforderung.x83
10;GFK-Abdeckung, bestehend aus GFK-Tonnenschalen, h = 600 mm und Flachelementen im Bereich der Inspektionsöffnungen gemäß Plan A xx einschließlich Unterkonstruktion für die Abdeckung eines Schlammspeichers.;1,0;St;gaeb;vom_unternehmen_auszufuellende_dokumente/Angebotsaufforderung.x83
20;Montage- und Einstiegsluke in einer Größe von ca. 1.800 x 800mm als Rührwerksöffnung, 2-teilig, Gestaltung der Montageluke in Abhängigkeit der Elementegestaltung, mit Seil- und Kabeldurchführung (mind. 200 x 200 mm) im geschlossenen Zustand, sonst gemäß wie vorstehend beschrieben.;1,0;St;gaeb;vom_unternehmen_auszufuellende_dokumente/Angebotsaufforderung.x83
30;wie vor, mit Vorreiberverschlüssen, als Inspektionsöffnung für die Füllstandsmessungen.;1,0;St;gaeb;vom_unternehmen_auszufuellende_dokumente/Angebotsaufforderung.x83
40;Herstellung von Schlitzen, Aussparungen o.ä. für die Durchführung von Rohrleitungen und Kabeln bis DN 100. Die Anpassungsarbeiten sind Vorort im Zuge der Montage vorzunehmen.;2,0;St;gaeb;vom_unternehmen_auszufuellende_dokumente/Angebotsaufforderung.x83
50;Be- und Entlüftungsvorrichtung in einer Größe von ca. 20 x 20 cm für die Be-und Entlüftung des Schlammspeichers, Gestaltung in Abhängigkeit der Elementegestaltung, sonst wie in der Pos. GFK--Abdeckung beschrieben.;2,0;St;gaeb;vom_unternehmen_auszufuellende_dokumente/Angebotsaufforderung.x83
60;Technische Unterlagen und Baudokumentation für den gesamten Lieferumfang dieses Titels, bestehend aus:;1,0;psch;gaeb;vom_unternehmen_auszufuellende_dokumente/Angebotsaufforderung.x83
10;als Wärmedämmung der senkrechten runden Schlammspeicherwand im Erdreich bis an die Behälterwanddämmung unter der Verkleidung führend. Liefern und gemäß Zeichnung einbauen.;21,0;m2;gaeb;vom_unternehmen_auszufuellende_dokumente/Angebotsaufforderung.x83
20;Abdichtung Wandsockel DIN 18533-1 und DIN 18533-2, Raumnutzungsklasse RN2-E (übliche Anforderung), Wassereinwirkungsklasse W4-E (Spritzwasser und Bodenfeuchte am Wandsockel sowie Kapillarwasser in und unter Wänden), Rissklasse R1-E (gering), Rissüberbrückungsklasse RÜ1-E (geringe Rissüberbrückung bi;38,0;m2;gaeb;vom_unternehmen_auszufuellende_dokumente/Angebotsaufforderung.x83
30;Grundmauerschutz Noppenbahn liefern und fachgerecht verlegen. Verlegung und mechanische Befestigung nach Herstellervorschrift. Auf sorgfältige Überlappung der Bahnen ist zu achten. Verschnitt und Überlappungen sind in den EP dieser Position einzurechnen. Es wird die Grundmauerfläche abgerechnet.;27,0;m2;gaeb;vom_unternehmen_auszufuellende_dokumente/Angebotsaufforderung.x83
40;Liefern und Einbauen einer Z-Folie nach DIN 1053-1, t = ca. 1,2 mm, bitumenverträglich, in eine Lagerfuge des Verblendmauerwerks einlegen, zur Verhinderung von aufsteigender Feuchtigkeit, inkl. Montage mit Klemmleiste (ALU-Kappleiste) durch Andübeln an KS-Wänden bzw. Betonwänden, Zuschnittsbreite bi;32,0;m;gaeb;vom_unternehmen_auszufuellende_dokumente/Angebotsaufforderung.x83
50;Wärmedämmung der hinterlüfteten Fassade der Schlammspeicherwand oberhalb der Perimeterdämmung mit einer Mineralfaser-Fassaden-Dämmplatte. Wärmeleitfähikeitsgruppe 035. Normgerecht und amtlich güteüberwacht nach DIN 18165, nicht brennbar, Baustoffklasse A nach DIN 4102, hydrophobiert, Anwendungstyp W;272,0;m2;gaeb;vom_unternehmen_auszufuellende_dokumente/Angebotsaufforderung.x83
60;11,5 cm dickes Verblendermauerwerk aus VHLz- B 28-1,6 -NF nach DIN EN 771, Teil 1 (bzw. DIN 105, Teil 1).;300,0;m2;gaeb;vom_unternehmen_auszufuellende_dokumente/Angebotsaufforderung.x83
70;Für den oberen Abschluss, im Traufenbereich, vollständig aus Aluminium, angepasst an die FB-Fassade.;32,0;m;gaeb;vom_unternehmen_auszufuellende_dokumente/Angebotsaufforderung.x83
80;Regendichtes Anarbeiten eines Stahlträgers (z.B. HEB 200) / Konsole des Treppenturms aus feuerverzinktem Stahl in der Wandverkleidung und Wärmedämmung des Schlammspeichers.;8,0;St;gaeb;vom_unternehmen_auszufuellende_dokumente/Angebotsaufforderung.x83
90;Regendichtes Anarbeiten von Gewindestangen bis 20 mm aus feuerverzinktem Stahl oder Edelstahl in der Wandverkleidung und Wärmedämmung des Schlammspeichers.;18,0;St;gaeb;vom_unternehmen_auszufuellende_dokumente/Angebotsaufforderung.x83
100;Regendichtes Anarbeiten des Revisionseinstieges aus Edelstahl in der Wandverkleidung und Wärmedämmung des Schlammspeichers.;2,0;St;gaeb;vom_unternehmen_auszufuellende_dokumente/Angebotsaufforderung.x83
10;Erstellung einer prüffähigen statischen Berechnung für den komplette Aufstiegstreppe einschließlich des Anschlusses zum Faulschlammbehälter und das Fertigbauteilelement zur Vorlage beim Prüfstatiker der Bauaufsichtsbehörde in vierfacher Ausfertigung. Die Unterlagen sind mit einem für die Prüfung ang;1,0;St;gaeb;vom_unternehmen_auszufuellende_dokumente/Angebotsaufforderung.x83
20;Herstellung, Lieferung und Montage einer Stahltreppe nach DIN 18065 als gebogene Zweiwangentreppe als Kreisbogentreppe.;1,0;St;gaeb;vom_unternehmen_auszufuellende_dokumente/Angebotsaufforderung.x83
30;Geländer aus Edelstahl 1.4301 für die Treppe  der vorigen Position;1,0;psch;gaeb;vom_unternehmen_auszufuellende_dokumente/Angebotsaufforderung.x83
40;Systemgeländer aus Edelstahl 1.4301 zum Aufdübeln auf das Sthalbetonfertigbauteil des Schlammspeichers.;25,0;m;gaeb;vom_unternehmen_auszufuellende_dokumente/Angebotsaufforderung.x83
50;für die Ausführung von Geländerenden;4,0;St;gaeb;vom_unternehmen_auszufuellende_dokumente/Angebotsaufforderung.x83
60;Zulage für die Ausführung von abgerundeten Ecken bis 90°, sonst wie Vorposition. Handläufe sind an Geländerecken durchlaufend anzuschließen.;4,0;St;gaeb;vom_unternehmen_auszufuellende_dokumente/Angebotsaufforderung.x83
70;Zulage für eine nach innen aufgehende, selbsteinfallende Klapptür,;1,0;St;gaeb;vom_unternehmen_auszufuellende_dokumente/Angebotsaufforderung.x83
10;aus Zinkblech, gemäß DIN EN 612, halbrund, komplett einschl. Traufstreifen mit Falz und Wulst aus Zinkblech, eingehängt in den Falz. Verstärkte Dachrinnenhalter aus Zinkblech werden nicht gesondert vergütet und sind im EP mit einzukalkulieren inkl. Befestigungsmaterial.;31,0;m;gaeb;vom_unternehmen_auszufuellende_dokumente/Angebotsaufforderung.x83
20;Dehnungsausgleicher als Schiebenaht für die zuvor beschriebene Dachrinne.;6,0;St;gaeb;vom_unternehmen_auszufuellende_dokumente/Angebotsaufforderung.x83
30;Zulage zur Dachrinne. Die Dachrinne ist in einem Gefälle von 1-3 mm pro Meter zu verlegen.;31,0;m;gaeb;vom_unternehmen_auszufuellende_dokumente/Angebotsaufforderung.x83
40;Halbrunde Rinnenviertelkugeln aus Zinkblech, gemäß DIN EN 612, zum Verschließen des Dachrinnenendes. Die Viertelkugel wird auf das Ende der Dachrinne aufgesteckt und verlötet.;4,0;St;gaeb;vom_unternehmen_auszufuellende_dokumente/Angebotsaufforderung.x83
50;aus Zinkblech, gemäß DIN EN 612, mit einen DN 60 Abgang als vorgefertigter Rinnenstutzen, rund, gebördelt in der Dachrinne fachgerecht herstellen.;2,0;St;gaeb;vom_unternehmen_auszufuellende_dokumente/Angebotsaufforderung.x83
60;Rundrohr, Material: Zinkblech, gemäß DIN EN 612, Blechdicke > 1,0 mm mit 50 mm langer Muffe und lösbaren Rohrschellen liefern, im erforderlichen Abstand befestigen und an den Fallrohrabgang und das Standrohr mit einer Dichtung anschließen. Das Regenfallrohr muss mit einen mindest Abstand von 20 mm z;18,0;m;gaeb;vom_unternehmen_auszufuellende_dokumente/Angebotsaufforderung.x83
70;verzinkt, rund, aus Stahl mit Steckmuffenverbindung und zusätzlicher Innenbeschichtung, DN 100, mit Reinigungsöffnung, l = 1000 mm, liefern und fachgerecht mit Dichtung an das Regenfallrohr und die Grundleitung DN 150 mit Übergangsstück anschließen und befestigen.;2,0;St;gaeb;vom_unternehmen_auszufuellende_dokumente/Angebotsaufforderung.x83
80;aus Zinkblech, gemäß DIN EN 612,;4,0;St;gaeb;vom_unternehmen_auszufuellende_dokumente/Angebotsaufforderung.x83
90;Zum Befestigen der Regenfallrohrleitungen sind Gewindestangen in die Betonaußenwand einzusetzen und mittels eines geeigneten Injekttionsmörtels zu verankern. Die Gewindestangen sind über die Gesamte Höhe des Schlammspeichers (0 - 9 m über GOK) in 2 Parallel laufenden vertikalen Linien gleichmäßig zu;12,0;St;gaeb;vom_unternehmen_auszufuellende_dokumente/Angebotsaufforderung.x83
10;Kabelleiter mit gelochtem Seitenholm, C-Profilschienen, eingerollter Kante im Seitenholm zur Verstärkung und als Kantenschutz. Einschließlich Bügelschellen zur Befestigung von Kabeln und Leitungen.;9,0;m;gaeb;vom_unternehmen_auszufuellende_dokumente/Angebotsaufforderung.x83
20;Deckel für Kabelrinnen und Kabelleitern, mit Drehriegelverschlüssen.;9,0;m;gaeb;vom_unternehmen_auszufuellende_dokumente/Angebotsaufforderung.x83
30;Zum Befestigen der Kabelleiter sind Gewindestangen (Material 1.4301) in die Betonaußenwand einzusetzen und mittels eines geeigneten Injekttionsmörtels zu verankern. Die Gewindestangen sind über die gesamte Höhe des Schlammspeichers (0 - 9 m über GOK) in einer vertikalen Linie gleichmäßig zu verteile;9,0;St;gaeb;vom_unternehmen_auszufuellende_dokumente/Angebotsaufforderung.x83
10;Für die Herrichtung des neuen Schaltraums sind im Vorwege Demontagearbeiten des aktuellen Schaltraumes notwendig.;1,0;psch;gaeb;vom_unternehmen_auszufuellende_dokumente/Angebotsaufforderung.x83
20;Holz oder Kunststoff, Stahlblech, mit Blend- und;1,0;St;gaeb;vom_unternehmen_auszufuellende_dokumente/Angebotsaufforderung.x83
30;Abbrechen des vorhandenen Fliesenbodens und 10 cm des Vorhandnen Estrichs bis zur Oberkante Rohbetonsohle inkl. Entsorgung.;10,0;m2;gaeb;vom_unternehmen_auszufuellende_dokumente/Angebotsaufforderung.x83
10;aus Bitumen-Schweißbahnen V60 S4, b = 30 cm  liefern und auf der Stahlbetonsohle unterhalb der neuen Mauerwerkswand aufschweißen.;2,0;m2;gaeb;vom_unternehmen_auszufuellende_dokumente/Angebotsaufforderung.x83
20;11,5 cm dickes Mauerwerk, Innenwand aus Kalksandlochsteinen gem. DIN 106 KSL - 12 - 1,4 - 3 DF- MG II liefern und fachgerecht im Verband (nach Wahl des AG) vollfugig herstellen. Gefordert: Sichtmauerwerk und beidseitiger Fugenglattstrich.;27,0;m2;gaeb;vom_unternehmen_auszufuellende_dokumente/Angebotsaufforderung.x83
30;Maueranschlussschiene zur Verbindung der vorh. KS-Mauerwerks- bzw. Stahlbetonwände mit der neu zu erstellenden KS-Wand.;15,0;St;gaeb;vom_unternehmen_auszufuellende_dokumente/Angebotsaufforderung.x83
10;mit 2-Komponenten-Epoxidharzbindemittel;20,0;m2;gaeb;vom_unternehmen_auszufuellende_dokumente/Angebotsaufforderung.x83
20;Farbige, 1-Komponentige Acrylatversiegelung;20,0;m2;gaeb;vom_unternehmen_auszufuellende_dokumente/Angebotsaufforderung.x83
30;mit dünnflüssiger Epoxidharzemulsion zur Imprägung und Versiegelung;20,0;m2;gaeb;vom_unternehmen_auszufuellende_dokumente/Angebotsaufforderung.x83
40;mit 2-Komponenten-Epoxidharzbindemittel;54,0;m2;gaeb;vom_unternehmen_auszufuellende_dokumente/Angebotsaufforderung.x83
50;Farbige, 1-Komponentige Acrylatversiegelung;54,0;m2;gaeb;vom_unternehmen_auszufuellende_dokumente/Angebotsaufforderung.x83
60;Wandanstrich, Untergrund, Innenflächen aus Kalksandsteinsichtmauerwerk  / Beton, unbeschichtet, Oberfläche tragfähig und sauber.;54,0;m2;gaeb;vom_unternehmen_auszufuellende_dokumente/Angebotsaufforderung.x83
10;Tür-Element, bestehend aus einer einflügeligen nach innen öffnenden Anschlagtür, Rohbauöffnungsmaß innen ca. 1,26 x 2,51 m und einer ca. 60 mm hohen horizontalen Sprosse in Griffhöhe, Achsmaßhöhe 1,05 m und einem ca. 200 mm hohen Sockelprofil. Innen und außen RAL nach Wahl des AG.;1,0;St;gaeb;vom_unternehmen_auszufuellende_dokumente/Angebotsaufforderung.x83
10;liefern und in einer Dicke von 10 cm, gemäß Zeichnung  unter der Sohle des Schlammspeichers waagerecht einbauen und sauber abziehen.;87,0;m2;gaeb;vom_unternehmen_auszufuellende_dokumente/Angebotsaufforderung.x83
20;Gleitschicht, bestehend aus einer zweilagigen PE-HD- Folie, d = 0,5 mm, liefern und auf dem Unterbeton mit einer Überlappung von mindestens 30 cm pro Lage einbauen. Abgerechnet wird nach der Fläche des Bauwerkes (Außenabmessungen), d. h., der Materialmehrbedarf für die Überlappungen sowie Verschnitt;87,0;m2;gaeb;vom_unternehmen_auszufuellende_dokumente/Angebotsaufforderung.x83
30;Wärmedämmschicht auf Bodenfläche aus Schaumglasplatten nach DIN EN 13167, Typ PB/dX (nach DIN 18 174, Typ WDH erhöht lastabtragend), mit allgemeiner bauaufsichtlicher Zulassung des DIBt. Statisch ausgelegt für eine charakteristische statische Baugrundpressung von 0,20N/mm², erhöht lastabtragend), mi;87,0;m2;gaeb;vom_unternehmen_auszufuellende_dokumente/Angebotsaufforderung.x83
40;Überwachungsklasse 2 gemäß DIN 1045 Teil 3, Tabelle 4 als werkgemischter Transportbeton 0/16 für den Einsatz als Stahlbeton liefern und als waagerechte Sohle des neuen Schlammspeichers gemäß Zeichnung einbauen.;29,0;m3;gaeb;vom_unternehmen_auszufuellende_dokumente/Angebotsaufforderung.x83
50;als 35 cm dicke Behälterringwand des Schlammspeichers, gemäß Zeichnung liefern und einbauen mit Ebenheitsanforderungen der DIN 18202, Tabelle 3, Zeile 5.;96,0;m3;gaeb;vom_unternehmen_auszufuellende_dokumente/Angebotsaufforderung.x83
60;als kleines Einzelfundament für den Treppenaufstieg, gemäß Zeichnung liefern und einbauen mit Ebenheitsanforderungen der DIN 18202, Tabelle 3, Zeile 5.;0,5;m3;gaeb;vom_unternehmen_auszufuellende_dokumente/Angebotsaufforderung.x83
70;C30/37, Expositionsklasse:  XA1, XC4, XF1, WF liefern und als Profilbeton auf der Sohle gem. Zeichnung einbauen und sauber abreiben, sonst  wie  vor.;16,0;m3;gaeb;vom_unternehmen_auszufuellende_dokumente/Angebotsaufforderung.x83
80;Herstellung eines passenden Betonsockels für die Befestigungsplatte des Rührwerks der Maschinentechnik auf dem mit Gefälle ausgebildeten Profilbetons.;1,0;St;gaeb;vom_unternehmen_auszufuellende_dokumente/Angebotsaufforderung.x83
90;In den Schlammspeicher werden 3 Rohrleitungen PE da 225 SDR 17 und 1 Rohrleitung da 180 SDR 17 durch die Sohle geführt.;4,0;St;gaeb;vom_unternehmen_auszufuellende_dokumente/Angebotsaufforderung.x83
100;nach der Herstellung der Stahlbetonringwand des Schlammbehälters ist auf diesen eine Stahlbeton-Bedienbrücke mit Unterzug als Fertigbetonteil gemäß Zeichnung zu fertigen, liefern und einzubauen.;1,0;psch;gaeb;vom_unternehmen_auszufuellende_dokumente/Angebotsaufforderung.x83
110;Auflagestreifen 350 mm mit einer Stärke von mind. 15 mm als Unterlage für ein sattes Auflager der Brücke auf die Unterkonstruktion, Werkstoff aus PTFE/Spezialkunststoff, alterungsbeständig und formatunabhängig belastbar bis  max. 0,5 N/mm², angepasst an die Biegung der Stahlbetonwand. In Teilstücken;1,5;m;gaeb;vom_unternehmen_auszufuellende_dokumente/Angebotsaufforderung.x83
120;Herstellen von Tassen im Ringanker für die Aufnahme der Fertigbetinbauteils aus Pos. 10.1.100;4,0;St;gaeb;vom_unternehmen_auszufuellende_dokumente/Angebotsaufforderung.x83
130;zweiteilige Revisionsöffnung aus Edelstahl, Werkstoff 1.4571, 1.000 mm Durchmesser, bestehend aus;2,0;St;gaeb;vom_unternehmen_auszufuellende_dokumente/Angebotsaufforderung.x83
140;Herstellung von Arbeitsfugen zwischen den Betonierabschnitten nach Wahl des Auftragnehmers.;1,0;psch;gaeb;vom_unternehmen_auszufuellende_dokumente/Angebotsaufforderung.x83
150;liefern und verlegen in Arbeitsfugen zusätzlich zum Fugenblech. Einzurechnen sind sämtliche Befestigungsmittel gem. Herstellervorschrift und Nagelpacker. Abgerechnet wird nach laufender Fugenachse.;30,0;m;gaeb;vom_unternehmen_auszufuellende_dokumente/Angebotsaufforderung.x83
160;Wandkronen für die GFK-Abdeckung d = 25 cm wie folgt herstellen:;31,0;m;gaeb;vom_unternehmen_auszufuellende_dokumente/Angebotsaufforderung.x83
170;in Durchmessern 8 bis 14 mm nach Bewehrungsplan biegen, frei Baustelle liefern und verlegen. In den Stahllisten ist der Aufwand für die Unterstützung obenliegender Bewehrungen und für Montagezwecke enthalten.;6,2;t;gaeb;vom_unternehmen_auszufuellende_dokumente/Angebotsaufforderung.x83
180;wie vor, jedoch in Durchmessern 16 bis 28 mm;28,2;t;gaeb;vom_unternehmen_auszufuellende_dokumente/Angebotsaufforderung.x83
190;Für die Durchführung der Prüfungen hat sich der Auftragnehmer einer ständigen Betonprüfstelle und einer anerkannten Überwachungsstelle zu bedienen.;1,0;psch;gaeb;vom_unternehmen_auszufuellende_dokumente/Angebotsaufforderung.x83
200;V = ca. 500 m³ bis max. Betriebseinstau (Notüberlauf);1,0;St;gaeb;vom_unternehmen_auszufuellende_dokumente/Angebotsaufforderung.x83
10;Beton C12/15, d = 10 cm dick liefern und unter der Sohle des Bauwerkes gemäß Zeichnung einbauen, verdichten, sauber abziehen und glätten. Überstände sind  in den Einheitspreis einzukalkulieren.;38,0;m2;gaeb;vom_unternehmen_auszufuellende_dokumente/Angebotsaufforderung.x83
20;Gleitschicht, bestehend aus einer zweilagigen PE-HD- Folie, d = 0,5 mm, liefern und auf dem Unterbeton mit einer Überlappung von mindestens 30 cm pro Lage einbauen. Abgerechnet wird nach der Fläche des Bauwerkes (Außenabmessungen), d. h., der Materialmehrbedarf für die Überlappungen sowie Verschnitt;38,0;m2;gaeb;vom_unternehmen_auszufuellende_dokumente/Angebotsaufforderung.x83
30;Körnung 0/32 wie oben im Haupttext beschrieben als Bauwerkssohle d = 40 cm gemäß Zeichnung einbauen.;15,1;m3;gaeb;vom_unternehmen_auszufuellende_dokumente/Angebotsaufforderung.x83
40;BST 500A in Durchmessern von 6 mm bis 14 mm nach Zeichnung biegen, frei Baustelle liefern und verlegen. In den Stahllisten ist der Aufwand für die Unterstützung oben liegender Bewehrungen und für Montagezwecke enthalten. Die Teilmengen der Durchmessergruppen sind geschätzt und können sich deshalb ve;3,0;t;gaeb;vom_unternehmen_auszufuellende_dokumente/Angebotsaufforderung.x83
50;Fuge zwischen dem Fundament der Fällmitteltanks und dem  Abtankplatz wie folgt herstellen:;3,0;m2;gaeb;vom_unternehmen_auszufuellende_dokumente/Angebotsaufforderung.x83
60;Fugenausbildung mit Abdichtung durch bauaufsichtlich zugelassenem Abdichtungssystem für Anlagen zum Lagern, Abfüllen und Umschlagen von wassergefährdenden Flüssigkeiten (LAU-Anlagen) zwischen der Stahlbetonsohle und den auf der Fläche vorhandenen Einbauten (Schachtring Abscheider, Einlaufkasten, unb;7,6;m;gaeb;vom_unternehmen_auszufuellende_dokumente/Angebotsaufforderung.x83
70;Nach dem Betonieren ist die Betonsohle zusätzlich mit einem Besenstrich zu versehen.;38,0;m2;gaeb;vom_unternehmen_auszufuellende_dokumente/Angebotsaufforderung.x83
10;Beton C12/15, d = 10 cm dick liefern und unter der Sohle des Bauwerkes gemäß Zeichnung einbauen, verdichten, sauber abziehen und glätten. Überstände sind  in den Einheitspreis einzukalkulieren.;26,0;m2;gaeb;vom_unternehmen_auszufuellende_dokumente/Angebotsaufforderung.x83
20;Gleitschicht, bestehend aus einer zweilagigen PE-HD- Folie, d = 0,5 mm, liefern und auf dem Unterbeton mit einer Überlappung von mindestens 30 cm pro Lage einbauen. Abgerechnet wird nach der Fläche des Bauwerkes (Außenabmessungen), d. h., der Materialmehrbedarf für die Überlappungen sowie Verschnitt;26,0;m2;gaeb;vom_unternehmen_auszufuellende_dokumente/Angebotsaufforderung.x83
30;Körnung 0/32 wie oben im Haupttext beschrieben als Bauwerkssohle d = 35 cm gemäß Zeichnung einbauen.;9,0;m3;gaeb;vom_unternehmen_auszufuellende_dokumente/Angebotsaufforderung.x83
40;BST 500A in Durchmessern von 6 mm bis 14 mm nach Zeichnung biegen, frei Baustelle liefern und verlegen. In den Stahllisten ist der Aufwand für die Unterstützung oben liegender Bewehrungen und für Montagezwecke enthalten. Die Teilmengen der Durchmessergruppen sind geschätzt und können sich deshalb ve;1,6;t;gaeb;vom_unternehmen_auszufuellende_dokumente/Angebotsaufforderung.x83
50;wie vor, jedoch in Durchmessern 16 bis 28 mm;0,2;t;gaeb;vom_unternehmen_auszufuellende_dokumente/Angebotsaufforderung.x83
60;Oberfläche der Bauwerkssohle flügelglätten.;26,0;m2;gaeb;vom_unternehmen_auszufuellende_dokumente/Angebotsaufforderung.x83
10;Beton C12/15, d = 10 cm dick liefern und unter der Sohle des Bauwerkes gemäß Zeichnung einbauen, verdichten, sauber abziehen und glätten. Überstände sind  in den Einheitspreis einzukalkulieren.;13,0;m2;gaeb;vom_unternehmen_auszufuellende_dokumente/Angebotsaufforderung.x83
20;Gleitschicht, bestehend aus einer zweilagigen PE-HD- Folie, d = 0,5 mm, liefern und auf dem Unterbeton mit einer Überlappung von mindestens 30 cm pro Lage einbauen. Abgerechnet wird nach der Fläche des Bauwerkes (Außenabmessungen), d. h., der Materialmehrbedarf für die Überlappungen sowie Verschnitt;13,0;m2;gaeb;vom_unternehmen_auszufuellende_dokumente/Angebotsaufforderung.x83
30;Körnung 0/32 wie oben im Haupttext beschrieben als Bauwerkssohle d = 25 cm gemäß Zeichnung einbauen.;3,0;m3;gaeb;vom_unternehmen_auszufuellende_dokumente/Angebotsaufforderung.x83
40;BST 500A in Durchmessern von 6 mm bis 14 mm nach Zeichnung biegen, frei Baustelle liefern und verlegen. In den Stahllisten ist der Aufwand für die Unterstützung oben liegender Bewehrungen und für Montagezwecke enthalten. Die Teilmengen der Durchmessergruppen sind geschätzt und können sich deshalb ve;0,6;t;gaeb;vom_unternehmen_auszufuellende_dokumente/Angebotsaufforderung.x83
50;Nach dem Betonieren ist die Betonsohle zusätzlich mit einem Besenstrich zu versehen.;13,0;m2;gaeb;vom_unternehmen_auszufuellende_dokumente/Angebotsaufforderung.x83
10;Körnung 0/32 wie oben im Haupttext beschrieben als Bauwerkssohle Höhe = 0,1 m gemäß Zeichnung einbauen.;0,16;m3;gaeb;vom_unternehmen_auszufuellende_dokumente/Angebotsaufforderung.x83
20;BST 500A in Durchmessern von 6 mm bis 14 mm nach Zeichnung biegen, frei Baustelle liefern und verlegen. In den Stahllisten ist der Aufwand für die Unterstützung oben liegender Bewehrungen und für Montagezwecke enthalten. Die Teilmengen der Durchmessergruppen sind geschätzt und können sich deshalb ve;0,03;t;gaeb;vom_unternehmen_auszufuellende_dokumente/Angebotsaufforderung.x83
30;Abbruch der vorhandenen Fliesen und vorbereitende Arbeiten für die Herrichtung der Sohle für das Maschinenfundament;1,0;psch;gaeb;vom_unternehmen_auszufuellende_dokumente/Angebotsaufforderung.x83
10;Edelstahlrunddraht, Werkstoff-Nr. 1.4571, d = 10 mm, liefern und als Ringerder gem. DIN 18014 vor dem Betonieren der Sauberkeitsschicht auf dem Erdplanum gem. Zeichnung verlegen, Fixierung mit Erdnägeln aus 1.4571 gem. Erfordernis, Kreuzungspunkte sind mit Kreuzverbindern aus 1.4571 zu befestigen Ma;0,0;m;gaeb;vom_unternehmen_auszufuellende_dokumente/Angebotsaufforderung.x83
20;verzinkter Bandstahl 30 x 3,5 mm während der Betonierarbeiten abschnittsweise verlegen einschl. Kreuzverbinder mit der Bewehrung im Abstand von max. 2 m liefern und montieren.;36,0;m;gaeb;vom_unternehmen_auszufuellende_dokumente/Angebotsaufforderung.x83
30;Kreuzverbinder mit Zwischenplatte für Rund- und Flachleiter zur unterirdischen Verbindung von Erdungsleitern in Kreuz- und T-Anordnung für die Vermaschung außerhalb der Bauwerke mit folgenden Eigenschaften:;0,0;St;gaeb;vom_unternehmen_auszufuellende_dokumente/Angebotsaufforderung.x83
40;Erdungsfestpunkt mit rückseitiger Anschlussachse zur frontbündigen Montage auf der Schalung mit folgenden Eigenschaften:;0,0;St;gaeb;vom_unternehmen_auszufuellende_dokumente/Angebotsaufforderung.x83
50;Verbindung vom Ringerder zum Fundamenterder mit Anschluss des Edelstahlrunddrahtes an die äußeren Erdungsfestpunkte in 2 Bauabschnitten wie folgt:;0,0;St;gaeb;vom_unternehmen_auszufuellende_dokumente/Angebotsaufforderung.x83
60;Messung und Dokumentation der kompletten Erdungsanlage für das Bauwerk dieses Titels gemäß DIN 18014 bestehend aus:;1,0;St;gaeb;vom_unternehmen_auszufuellende_dokumente/Angebotsaufforderung.x83
10;Betonwanne als LKW-Tragwanne nach Vorgaben des Wasserhaushaltsgesetzes und DIBt liefern und einbauen. Einbau im Außenbereich. Geeignet für LAU-Anlagen.;1,0;St;gaeb;vom_unternehmen_auszufuellende_dokumente/Angebotsaufforderung.x83
10;zur Verwendung in Anlagen zum Lagern, Abfüllen und Umschlagen (LAU-Anlage) wassergefährdender Flüssigkeiten.;1,0;St;gaeb;vom_unternehmen_auszufuellende_dokumente/Angebotsaufforderung.x83
20;Auflagerringe zum Angleichen an das Oberflächengefälle nach DIN 4034 Teil 1 in verschiedenen Höhen (60 - 100 mm), Nennweite 625, liefern und auf das Sicherheitsauffangbecken zur Anpassung an die planmäßige Höhe einbauen. Die Vorgaben zur Dichtigkeit und WHG-Ausführung der vorherigen Position sind tr;2,0;St;gaeb;vom_unternehmen_auszufuellende_dokumente/Angebotsaufforderung.x83
10;Konsole für die genannte Rohrleitung an einer Beton-/Mauerwerkswand oder Betondecke. Vollständig aus Edelstahl, Werkstoff-Nr. 1.4404 oder 1.4571. Verschweißte Konstruktion, komplett demontierbar, bestehend aus:;10,0;St;gaeb;vom_unternehmen_auszufuellende_dokumente/Angebotsaufforderung.x83
20;Konsole für die genannte Rohrleitung an einer Beton-/Mauerwerkswand oder Betondecke vollständig aus Werkstoff-Nr.1.4404 oder Nr.1.4571 montieren. Einschließlich aller Schweißnähte, komplett demontierbar, bestehend aus:;5,0;St;gaeb;vom_unternehmen_auszufuellende_dokumente/Angebotsaufforderung.x83
30;Nach dem setzen der Ankerstangen für die Auflagerkonsolen der vorherigen Position sind PE-Unterlegscheiben passend zu den verwendeten Ankerstangen auf die Ankerstange zu schieben und mit einer passenden Mutter mit Flansch festzuziehen.;15,0;St;gaeb;vom_unternehmen_auszufuellende_dokumente/Angebotsaufforderung.x83
40;Werkstoff-Nr.1.4404 oder Nr.1.4571, geschweißt oder nahtlos, nach DIN EN 10253-3 Tabelle A.5 und A.6, mit zylindrischen Ansätzen oder ohne zylindrische Ansätze, passend zur zuvor beschriebenen Rohrleitung liefern und einschweißen.;1,0;St;gaeb;vom_unternehmen_auszufuellende_dokumente/Angebotsaufforderung.x83
50;Rohrleitung aus Edelstahl, Werkstoff-Nr.1.4571 oder 1.4404 gem. DIN EN ISO 1127, liefern, in entsprechende Teillängen trennen, zusammenschweißen und an Wänden und Decken montieren. Auflagerkonsolen werden als Zulage gesondert vergütet.;17,0;m;gaeb;vom_unternehmen_auszufuellende_dokumente/Angebotsaufforderung.x83
60;Werkstoff-Nr.1.4404 oder Nr.1.4571, geschweißt, kurze Bauform, DIN EN 10253-3 Bauart 3D passend zur zuvor beschriebenen Rohrleitung liefern und einschweißen.;2,0;St;gaeb;vom_unternehmen_auszufuellende_dokumente/Angebotsaufforderung.x83
70;Vorschweißbördel und Losflansche aus Edelstahl, Werkstoff-Nr. 1.4404 oder Nr.1.4571, passend zu den entsprechenden Rohren liefern und einschweißen.;2,0;St;gaeb;vom_unternehmen_auszufuellende_dokumente/Angebotsaufforderung.x83
80;bestehend aus den erforderlichen Schrauben (DIN EN ISO 3506-1) und Muttern (DIN EN ISO 3506-2) mit Unterlegscheiben in A4/A5-Qualität und einer medienbeständigen Flachdichtung mit Stahleinlage liefern und montieren.;2,0;Satz;gaeb;vom_unternehmen_auszufuellende_dokumente/Angebotsaufforderung.x83
90;Rohrleitung aus Edelstahl, Werkstoff-Nr.1.4571 oder 1.4404 gem. DIN EN ISO 1127, liefern, in entsprechende Teillängen trennen, zusammenschweißen und an Wänden und Decken montieren. Auflagerkonsolen werden als Zulage gesondert vergütet.;9,0;m;gaeb;vom_unternehmen_auszufuellende_dokumente/Angebotsaufforderung.x83
100;Werkstoff-Nr.1.4404 oder Nr.1.4571, geschweißt, kurze Bauform, DIN EN 10253-3 Bauart 3D passend zur zuvor beschriebenen Rohrleitung liefern und einschweißen.;2,0;St;gaeb;vom_unternehmen_auszufuellende_dokumente/Angebotsaufforderung.x83
110;Vorschweißbördel und Losflansche aus Edelstahl, Werkstoff-Nr. 1.4404 oder Nr.1.4571, passend zu den entsprechenden Rohren liefern und einschweißen.;1,0;St;gaeb;vom_unternehmen_auszufuellende_dokumente/Angebotsaufforderung.x83
120;bestehend aus den erforderlichen Schrauben (DIN EN ISO 3506-1) und Muttern (DIN EN ISO 3506-2) mit Unterlegscheiben in A4/A5-Qualität und einer medienbeständigen Flachdichtung mit Stahleinlage liefern und montieren.;1,0;Satz;gaeb;vom_unternehmen_auszufuellende_dokumente/Angebotsaufforderung.x83
10;Die angebotenen PE Druckrohre müssen in ihren Maßen und Toleranzen der DIN 8074 entsprechen. Die Güteanforderungen sind gemäß DIN 8075 zu erfüllen. Für die Produktion der Rohre ist ein Qualitätsmanagementsystem nach DIN EN ISO 9001 nachzuweisen. Die Dokumentation der Rohrqualität durch Abnahmeprüfze;40,0;m;gaeb;vom_unternehmen_auszufuellende_dokumente/Angebotsaufforderung.x83
20;Nahtloser PE-Bogen, formgespritzt mit langen Schweißenden für PE Druckrohre, mit DVGW Zulassung.;1,0;St;gaeb;vom_unternehmen_auszufuellende_dokumente/Angebotsaufforderung.x83
30;Nahtloser PE-Bogen, formgespritzt mit langen Schweißenden für PE Druckrohre, mit DVGW Zulassung.;1,0;St;gaeb;vom_unternehmen_auszufuellende_dokumente/Angebotsaufforderung.x83
40;mit Stahleinlage, PN 10, Bohrbild nach DIN EN 1092-1.;1,0;St;gaeb;vom_unternehmen_auszufuellende_dokumente/Angebotsaufforderung.x83
50;Elektroschweißmuffe für PE-Rohre und Formstücke, gemäß den Richtlinien und Vorschriften des Herstellers liefern und einbauen, einschl. der Vorhaltung und Betrieb der dafür notwendigen Geräte und Materialien.;16,0;St;gaeb;vom_unternehmen_auszufuellende_dokumente/Angebotsaufforderung.x83
60;Die angebotenen PE Druckrohre müssen in ihren Maßen und Toleranzen der DIN 8074 entsprechen. Die Güteanforderungen sind gemäß DIN 8075 zu erfüllen. Für die Produktion der Rohre ist ein Qualitätsmanagementsystem nach DIN EN ISO 9001 nachzuweisen. Die Dokumentation der Rohrqualität durch Abnahmeprüfze;430,0;m;gaeb;vom_unternehmen_auszufuellende_dokumente/Angebotsaufforderung.x83
70;Nahtloser PE-Bogen, formgespritzt mit langen Schweißenden für PE Druckrohre, mit DVGW Zulassung.;6,0;St;gaeb;vom_unternehmen_auszufuellende_dokumente/Angebotsaufforderung.x83
80;Nahtloser PE-Bogen, formgespritzt mit langen Schweißenden für PE Druckrohre, mit DVGW Zulassung.;2,0;St;gaeb;vom_unternehmen_auszufuellende_dokumente/Angebotsaufforderung.x83
90;Nahtloser PE-Bogen, formgespritzt mit langen Schweißenden für PE Druckrohre, mit DVGW Zulassung.;1,0;St;gaeb;vom_unternehmen_auszufuellende_dokumente/Angebotsaufforderung.x83
100;Elektroschweißmuffe für PE-Rohre und Formstücke, gemäß den Richtlinien und Vorschriften des Herstellers liefern und einbauen, einschl. der Vorhaltung und Betrieb der dafür notwendigen Geräte und Materialien.;87,0;St;gaeb;vom_unternehmen_auszufuellende_dokumente/Angebotsaufforderung.x83
110;Die 2 PE Rohrleitungen da 110 SDR 17 sind über eine Strecke von rd. 3 Metern unter einem Stahlbetonbauwerk (Rohrkanal Faulung) hindurchzuführen. Im EP dieser Position sind die damit verbundenen erschwerten Erschwernisse für die Erdarbeiten , das Verlegen der beiden Rohrleitungen und die anschließend;1,0;psch;gaeb;vom_unternehmen_auszufuellende_dokumente/Angebotsaufforderung.x83
120;Das PE-Leerrohr wird vom letzten Schacht (SD 8) auf die Oberkante des Nachklärbeckens, rd. 1 m über GOK, geführt. Zum Auflagern der Rohrleitung wird eine Rohrhalterungskonsole auf die Nachklärbeckenwand befestigt. Das Rohr wird bis über die Nachklärbeckenwand geführt und endet dort.;1,0;St;gaeb;vom_unternehmen_auszufuellende_dokumente/Angebotsaufforderung.x83
130;in wasserdichter Ausführung, aus 100% Neumaterial, ohne Recyclinganteile und ohne Schäumungszusätze (Bruch- bzw. Reißdehnung => 200%), flacher verrippter Boden, mit korrosionsbeständigen Steigstufen, Steigstufenabstand 25 cm, Schachtkonus LW 625 zentrisch.;8,0;St;gaeb;vom_unternehmen_auszufuellende_dokumente/Angebotsaufforderung.x83
140;PE-druckwasserdichte Wanddurchführung durch die PE-Schachtwand   passend für PE-Druckrohre Rohrleitung PE 100 da 140 x 8,3 mm SDR 17;3,0;St;gaeb;vom_unternehmen_auszufuellende_dokumente/Angebotsaufforderung.x83
150;PE-druckwasserdichte Wanddurchführung durch die PE-Schachtwand   passend für PE-Druckrohre Rohrleitung PE 100 da 110 x 6,6 mm SDR 17;28,0;St;gaeb;vom_unternehmen_auszufuellende_dokumente/Angebotsaufforderung.x83
160;Der Schachthals des PE-Schachtes in der vorherigen Position ist an das zukünftige Gefälle der Oberfläche anzupassen. Der Schachthals ist hierbei möglichst lang zu belassen.;1,0;St;gaeb;vom_unternehmen_auszufuellende_dokumente/Angebotsaufforderung.x83
170;Abdichtung von Durchdringungen gegen drückendes und nichtdrückendes Wasser von Medienrohren. Geeignet für die Abdichtung eines Ringspaltes zwischen Rohrleitung und runder Öffnung bis zu einer Schiefstellung von 8°. Bestehend aus einteiliger dauerelastischer Manschette (Mindestbreite 40mm) und einsei;1,0;St;gaeb;vom_unternehmen_auszufuellende_dokumente/Angebotsaufforderung.x83
180;Abdichtung von Durchdringungen gegen drückendes und nichtdrückendes Wasser von Medienrohren. Geeignet für die Abdichtung eines Ringspaltes zwischen Rohrleitung und runder Öffnung bis zu einer Schiefstellung von 8°. Bestehend aus einteiliger dauerelastischer Manschette (Mindestbreite 40mm) und einsei;1,0;St;gaeb;vom_unternehmen_auszufuellende_dokumente/Angebotsaufforderung.x83
190;In die Rohrleitungen dieses Kapitels ist ein Kabelzugdraht zum einziehen der späteren Dosierleitungen und Elektrokabel mit  vorzusehen.;470,0;m;gaeb;vom_unternehmen_auszufuellende_dokumente/Angebotsaufforderung.x83
200;Dichtheitsprüfung der verlegten PE-Rohre nach DIN EN 805 durchführen, einschließlich aller Nebenkosten wie Fahrtkosten, Geräteauf- und -abbau, Absperrungen, Sicherungen etc., Befüllen und Entleeren der Leitung sowie der Prüfbericht für eine  Rohrleitung der oben genannten Nennweite.;18,0;St;gaeb;vom_unternehmen_auszufuellende_dokumente/Angebotsaufforderung.x83
10;"Kabelschutzrohr in Verbundrohrbauweise gemäß DIN 16961, entsprechend DIN EN 61386-24 Klasse N 450 (Druckfestigkeit &gt;=450 Newton, Schlagfestigkeit N), DN 160, Material Polyethylen (PE), als Ringware, mit integrierter Einzugschnur zum Einziehen eines Kabelzugdrahtes bzw. -seiles, liefern und höhen-";80,0;m;gaeb;vom_unternehmen_auszufuellende_dokumente/Angebotsaufforderung.x83
20;Systemdeckel mit Manschettentechnik für gewellte Kabelschutzrohre da 110, Fabrikat Hauff Typ HSI 150 MA 168 WR zur Anbindung der Kabelleerrohre aus voriger Position.;2,0;St;gaeb;vom_unternehmen_auszufuellende_dokumente/Angebotsaufforderung.x83
30;"Kabelschutzrohr in Verbundrohrbauweise gemäß DIN 16961, entsprechend DIN EN 61386-24 Klasse N 450 (Druckfestigkeit &gt;=450 Newton, Schlagfestigkeit N), DN 100, Material Polyethylen (PE), als Ringware, mit integrierter Einzugschnur zum Einziehen eines Kabelzugdrahtes bzw. -seiles, liefern und höhen-";9,0;m;gaeb;vom_unternehmen_auszufuellende_dokumente/Angebotsaufforderung.x83
40;Verbindungsstück zur Wasserdichten Verbindung zwischen 2 Kabelleerrohren DN 100. Verbindungsstück als beidseitig Zugfeste Verbindung ausgeführt.;1,0;St;gaeb;vom_unternehmen_auszufuellende_dokumente/Angebotsaufforderung.x83
50;Systemdeckel mit Manschettentechnik für gewellte Kabelschutzrohre da 110, Fabrikat Hauff Typ HSI 150 MA 168 WR zur Anbindung der Kabelleerrohre aus voriger Position.;2,0;St;gaeb;vom_unternehmen_auszufuellende_dokumente/Angebotsaufforderung.x83
10;Die angebotenen PE Druckrohre müssen in ihren Maßen und Toleranzen der DIN 8074 entsprechen. Die Güteanforderungen sind gemäß DIN 8075 zu erfüllen. Für die Produktion der Rohre ist ein Qualitätsmanagementsystem nach DIN EN ISO 9001 nachzuweisen. Die Dokumentation der Rohrqualität durch Abnahmeprüfze;8,5;m;gaeb;vom_unternehmen_auszufuellende_dokumente/Angebotsaufforderung.x83
20;Nahtloser PE-Bogen, formgespritzt mit langen Schweißenden für PE Druckrohre, mit DVGW Zulassung.;2,0;St;gaeb;vom_unternehmen_auszufuellende_dokumente/Angebotsaufforderung.x83
30;Nahtloser PE-Bogen, formgespritzt mit langen Schweißenden für PE Druckrohre, mit DVGW Zulassung.;3,0;St;gaeb;vom_unternehmen_auszufuellende_dokumente/Angebotsaufforderung.x83
40;Elektroschweißmuffe für PE-Rohre und Formstücke, gemäß den Richtlinien und Vorschriften des Herstellers liefern und einbauen, einschl. der Vorhaltung und Betrieb der dafür notwendigen Geräte und Materialien.;12,0;St;gaeb;vom_unternehmen_auszufuellende_dokumente/Angebotsaufforderung.x83
50;für PE Rohrleitung;1,0;St;gaeb;vom_unternehmen_auszufuellende_dokumente/Angebotsaufforderung.x83
60;Anschluss der da 110 PE Rohrleitung mit einer Kernbohrung im Durchmesser 150 mm und einer dazu passenden Gliederkettendichtung an den Pumpwerksschacht.;1,0;St;gaeb;vom_unternehmen_auszufuellende_dokumente/Angebotsaufforderung.x83
70;Dichtheitsprüfung der verlegten PE-Rohre nach DIN EN 805 durchführen, einschließlich aller Nebenkosten wie Fahrtkosten, Geräteauf- und -abbau, Absperrungen, Sicherungen etc., Befüllen und Entleeren der Leitung sowie der Prüfbericht für eine  Rohrleitung der oben genannten Nennweite.;2,0;St;gaeb;vom_unternehmen_auszufuellende_dokumente/Angebotsaufforderung.x83
10;Die angebotenen PE Druckrohre müssen in ihren Maßen und Toleranzen der DIN 8074 entsprechen. Die Güteanforderungen sind gemäß DIN 8075 zu erfüllen. Für die Produktion der Rohre ist ein Qualitätsmanagementsystem nach DIN EN ISO 9001 nachzuweisen. Die Dokumentation der Rohrqualität durch Abnahmeprüfze;5,0;m;gaeb;vom_unternehmen_auszufuellende_dokumente/Angebotsaufforderung.x83
20;Nahtloser PE-Bogen, formgespritzt mit langen Schweißenden für PE Druckrohre, mit DVGW Zulassung.;1,0;St;gaeb;vom_unternehmen_auszufuellende_dokumente/Angebotsaufforderung.x83
30;wie vor, jedoch 45°;2,0;St;gaeb;vom_unternehmen_auszufuellende_dokumente/Angebotsaufforderung.x83
40;Elektroschweißmuffe für PE-Rohre und Formstücke, gemäß den Richtlinien und Vorschriften des Herstellers liefern und einbauen, einschl. der Vorhaltung und Betrieb der dafür notwendigen Geräte und Materialien.;6,0;St;gaeb;vom_unternehmen_auszufuellende_dokumente/Angebotsaufforderung.x83
50;PE-Rohr am Rohrende mit Rohrkappe versehen.;1,0;St;gaeb;vom_unternehmen_auszufuellende_dokumente/Angebotsaufforderung.x83
60;Abdichtung von Durchdringungen gegen drückendes und nichtdrückendes Wasser von Medienrohren. Geeignet für die Abdichtung eines Ringspaltes zwischen Rohrleitung und runder Öffnung bis zu einer Schiefstellung von 8°. Bestehend aus einzelnen, ineinandergreifenden Dichtelementen, die durch Schrauben Mut;1,0;St;gaeb;vom_unternehmen_auszufuellende_dokumente/Angebotsaufforderung.x83
10;Die angebotenen PE Druckrohre müssen in ihren Maßen und Toleranzen der DIN 8074 entsprechen. Die Güteanforderungen sind gemäß DIN 8075 zu erfüllen. Für die Produktion der Rohre ist ein Qualitätsmanagementsystem nach DIN EN ISO 9001 nachzuweisen. Die Dokumentation der Rohrqualität durch Abnahmeprüfze;150,0;m;gaeb;vom_unternehmen_auszufuellende_dokumente/Angebotsaufforderung.x83
20;PE 100 Sonderflansch mit Hinterlegflansch aus Stahl mit Kunststoffbeschichtung nach DIN EN 10310 inkl. Vorschweißbund für querschnittsoptimierten Anschluss an Armaturen und Edelstahlflansche ohne Reduzierung der Nennweite (DN). Ausgelegt für volle Druckbelastbarkeit PN 10, gebohrt nach DIN EN 1092-1;3,0;St;gaeb;vom_unternehmen_auszufuellende_dokumente/Angebotsaufforderung.x83
30;Nahtloser PE-Bogen, formgespritzt mit langen Schweißenden für PE Druckrohre, mit DVGW Zulassung.;1,0;St;gaeb;vom_unternehmen_auszufuellende_dokumente/Angebotsaufforderung.x83
40;Nahtloser PE-Bogen, formgespritzt mit langen Schweißenden für PE Druckrohre, mit DVGW Zulassung.;2,0;St;gaeb;vom_unternehmen_auszufuellende_dokumente/Angebotsaufforderung.x83
50;Nahtloser PE-Bogen, formgespritzt mit langen Schweißenden für PE Druckrohre, mit DVGW Zulassung.;5,0;St;gaeb;vom_unternehmen_auszufuellende_dokumente/Angebotsaufforderung.x83
60;Nahtloser PE-Bogen, formgespritzt mit langen Schweißenden für PE Druckrohre, mit DVGW Zulassung.;2,0;St;gaeb;vom_unternehmen_auszufuellende_dokumente/Angebotsaufforderung.x83
70;mit Stahleinlage, PN 10, Bohrbild nach DIN EN 1092-1.;8,0;St;gaeb;vom_unternehmen_auszufuellende_dokumente/Angebotsaufforderung.x83
80;mit Stahleinlage, PN 10, Bohrbild nach DIN EN 1092-1.;5,0;St;gaeb;vom_unternehmen_auszufuellende_dokumente/Angebotsaufforderung.x83
90;bestehend aus den erforderlichen Schrauben (DIN EN ISO 3506-1) und Muttern (DIN EN ISO 3506-2) mit Unterlegscheiben in A4/A5-Qualität und einer medienbeständigen Flachdichtung mit Stahleinlage liefern und montieren.;13,0;Satz;gaeb;vom_unternehmen_auszufuellende_dokumente/Angebotsaufforderung.x83
100;Elektroschweißmuffe für PE-Rohre und Formstücke, gemäß den Richtlinien und Vorschriften des Herstellers liefern und einbauen, einschl. der Vorhaltung und Betrieb der dafür notwendigen Geräte und Materialien.;10,0;St;gaeb;vom_unternehmen_auszufuellende_dokumente/Angebotsaufforderung.x83
110;für PE Rohrleitung;1,0;St;gaeb;vom_unternehmen_auszufuellende_dokumente/Angebotsaufforderung.x83
120;Dichtheitsprüfung mit Wasser;1,0;St;gaeb;vom_unternehmen_auszufuellende_dokumente/Angebotsaufforderung.x83
130;Die angebotenen PE Druckrohre müssen in ihren Maßen und Toleranzen der DIN 8074 entsprechen. Die Güteanforderungen sind gemäß DIN 8075 zu erfüllen. Für die Produktion der Rohre ist ein Qualitätsmanagementsystem nach DIN EN ISO 9001 nachzuweisen. Die Dokumentation der Rohrqualität durch Abnahmeprüfze;420,0;m;gaeb;vom_unternehmen_auszufuellende_dokumente/Angebotsaufforderung.x83
140;Nahtloser PE-Bogen, formgespritzt mit langen Schweißenden für PE Druckrohre, mit DVGW Zulassung.;6,0;St;gaeb;vom_unternehmen_auszufuellende_dokumente/Angebotsaufforderung.x83
150;Nahtloser PE-Bogen, formgespritzt mit langen Schweißenden für PE Druckrohre, mit DVGW Zulassung.;15,0;St;gaeb;vom_unternehmen_auszufuellende_dokumente/Angebotsaufforderung.x83
160;Nahtloser PE-Bogen, formgespritzt mit langen Schweißenden für PE Druckrohre, mit DVGW Zulassung.;10,0;St;gaeb;vom_unternehmen_auszufuellende_dokumente/Angebotsaufforderung.x83
170;Nahtloser PE-Bogen, formgespritzt mit langen Schweißenden für PE Druckrohre, mit DVGW Zulassung.;8,0;St;gaeb;vom_unternehmen_auszufuellende_dokumente/Angebotsaufforderung.x83
180;Nahtloser PE 45 Grad Abzweigstutzen, formgespritzt mit langen Schweißenden für PE Druckrohre, mit DVGW Zulassung.;2,0;St;gaeb;vom_unternehmen_auszufuellende_dokumente/Angebotsaufforderung.x83
190;Nahtloses PE T-Stück, formgespritzt mit langen Schweißenden für PE Druckrohre, mit DVGW Zulassung.;2,0;St;gaeb;vom_unternehmen_auszufuellende_dokumente/Angebotsaufforderung.x83
200;mit Stahleinlage, PN 10, Bohrbild nach DIN EN 1092-1.;10,0;St;gaeb;vom_unternehmen_auszufuellende_dokumente/Angebotsaufforderung.x83
210;mit Stahleinlage, PN 10, Bohrbild nach DIN EN 1092-1.;10,0;St;gaeb;vom_unternehmen_auszufuellende_dokumente/Angebotsaufforderung.x83
220;bestehend aus den erforderlichen Schrauben (DIN EN ISO 3506-1) und Muttern (DIN EN ISO 3506-2) mit Unterlegscheiben in A4/A5-Qualität und einer medienbeständigen Flachdichtung mit Stahleinlage liefern und montieren.;10,0;Satz;gaeb;vom_unternehmen_auszufuellende_dokumente/Angebotsaufforderung.x83
230;Elektroschweißmuffe für PE-Rohre und Formstücke, gemäß den Richtlinien und Vorschriften des Herstellers liefern und einbauen, einschl. der Vorhaltung und Betrieb der dafür notwendigen Geräte und Materialien.;25,0;St;gaeb;vom_unternehmen_auszufuellende_dokumente/Angebotsaufforderung.x83
240;für PE Rohrleitung;3,0;St;gaeb;vom_unternehmen_auszufuellende_dokumente/Angebotsaufforderung.x83
250;PE 100 Sonderflansch mit Hinterlegflansch aus Stahl mit Kunststoffbeschichtung nach DIN EN 10310 inkl. Vorschweißbund für querschnittsoptimierten Anschluss an Armaturen und Edelstahlflansche ohne Reduzierung der Nennweite (DN). Ausgelegt für volle Druckbelastbarkeit PN 10, gebohrt nach DIN EN 1092-1;4,0;St;gaeb;vom_unternehmen_auszufuellende_dokumente/Angebotsaufforderung.x83
260;Umfahrung Zulauf ÜS-Schlamm direkt in das SEW-/ÜS-Gebäude;5,0;Stk;gaeb;vom_unternehmen_auszufuellende_dokumente/Angebotsaufforderung.x83
270;Dichtheitsprüfung mit Wasser;1,0;St;gaeb;vom_unternehmen_auszufuellende_dokumente/Angebotsaufforderung.x83
10;Trennschnitt PVC-Rohrleitung DN 200 in Rohrgraben ausführen. Sonst wie vor.;5,0;St;gaeb;vom_unternehmen_auszufuellende_dokumente/Angebotsaufforderung.x83
20;Rückbau und Entsorgung eines PVC-Muffenrohres DN 200 aus Rohrgraben. Sonst wie vor.;50,0;m;gaeb;vom_unternehmen_auszufuellende_dokumente/Angebotsaufforderung.x83
10;wie Position 3.5.40, jedoch zur Freilegung von erdverlegten Asbestzementrohrleitungen DN 200 bis DN 350  im Baubereich.;200,0;m3;gaeb;vom_unternehmen_auszufuellende_dokumente/Angebotsaufforderung.x83
20;Trennschnitte AZ-Leitungen bis DN 200 mit langsamlaufenden Nassägen, Seilsägen, o.ä. unter Beachtung der Asbestrichtlinien.;50,0;St;gaeb;vom_unternehmen_auszufuellende_dokumente/Angebotsaufforderung.x83
30;sonst wie vor.;30,0;St;gaeb;vom_unternehmen_auszufuellende_dokumente/Angebotsaufforderung.x83
40;sonst wie vor.;40,0;St;gaeb;vom_unternehmen_auszufuellende_dokumente/Angebotsaufforderung.x83
50;AZ-Rohrleitung nach dem Trennen aus dem Rohrgraben heben, aufladen, zum Zwischenlager (Transportentfernung rd. 200 m) verbringen und dort lagern.;20,0;m;gaeb;vom_unternehmen_auszufuellende_dokumente/Angebotsaufforderung.x83
60;sonst wie vor;40,0;m;gaeb;vom_unternehmen_auszufuellende_dokumente/Angebotsaufforderung.x83
70;sonst wie vor;80,0;m;gaeb;vom_unternehmen_auszufuellende_dokumente/Angebotsaufforderung.x83
80;AZ-Rohre DN 200 - DN 400 auf dem Zwischenlager aus Folie wickeln und vor der Abfuhr von Restschlamm mit Hochdruckdüsen, -lanzen o.ä. reinigen. Der Schlamm kann auf der Lagerfläche verbleiben.;140,0;m;gaeb;vom_unternehmen_auszufuellende_dokumente/Angebotsaufforderung.x83
90;AZ-Rohrleitungen gemäß AZ-Richtlinien zum Transport verpacken (z.B. Folie) vom Zwischenlager aufnehmen, abfahren und entsorgen. Einschließlich Entsorgungsnachweis.;10,0;t;gaeb;vom_unternehmen_auszufuellende_dokumente/Angebotsaufforderung.x83
10;Anschlussflansch PEHD angeschweißt an Rohrleitung passend für die Anschlusstafel DN 25 (V4A);1,0;;gaeb;vom_unternehmen_auszufuellende_dokumente/Angebotsaufforderung.x83
20;Die angebotenen PE Druckrohre müssen in ihren Maßen und Toleranzen der DIN 8074 entsprechen. Die Güteanforderungen sind gemäß DIN 8075 zu erfüllen. Für die Produktion der Rohre ist ein Qualitätsmanagementsystem nach DIN EN ISO 9001 nachzuweisen. Die Dokumentation der Rohrqualität durch Abnahmeprüfze;15,0;m;gaeb;vom_unternehmen_auszufuellende_dokumente/Angebotsaufforderung.x83
30;Nahtloser PE-Bogen, formgespritzt mit kurzen Schweißenden für PE Druckrohre, mit DVGW Zulassung.;1,0;St;gaeb;vom_unternehmen_auszufuellende_dokumente/Angebotsaufforderung.x83
40;Nahtloser PE-Bogen, formgespritzt mit kurzen Schweißenden für PE Druckrohre, mit DVGW Zulassung.;1,0;St;gaeb;vom_unternehmen_auszufuellende_dokumente/Angebotsaufforderung.x83
50;Nahtloser PE-Bogen, formgespritzt mit kurzen Schweißenden für PE Druckrohre, mit DVGW Zulassung.;4,0;St;gaeb;vom_unternehmen_auszufuellende_dokumente/Angebotsaufforderung.x83
60;mit Stahleinlage, PN 10, Bohrbild nach DIN EN 1092-1.;2,0;St;gaeb;vom_unternehmen_auszufuellende_dokumente/Angebotsaufforderung.x83
70;bestehend aus den erforderlichen Schrauben (DIN EN ISO 3506-1) und Muttern (DIN EN ISO 3506-2) mit Unterlegscheiben in A4/A5-Qualität und einer medienbeständigen Flachdichtung mit Stahleinlage liefern und montieren.;2,0;Satz;gaeb;vom_unternehmen_auszufuellende_dokumente/Angebotsaufforderung.x83
80;Elektroschweißmuffe für PE-Rohre und Formstücke, gemäß den Richtlinien und Vorschriften des Herstellers liefern und einbauen, einschl. der Vorhaltung und Betrieb der dafür notwendigen Geräte und Materialien.;5,0;St;gaeb;vom_unternehmen_auszufuellende_dokumente/Angebotsaufforderung.x83
90;Anschluss an Anschlussflansch DN 25 V4A an der neuen Trübwasserleitung mit notwendigen Dichtungsmaterial und Schrauben.;1,0;;gaeb;vom_unternehmen_auszufuellende_dokumente/Angebotsaufforderung.x83
100;Dichtheitsprüfung mit Wasser;1,0;St;gaeb;vom_unternehmen_auszufuellende_dokumente/Angebotsaufforderung.x83
10;Anschlussflansch PEHD angeschweißt an Rohrleitung passend für die Anschlusstafel DN 40 (V4A);1,0;St;gaeb;vom_unternehmen_auszufuellende_dokumente/Angebotsaufforderung.x83
20;Die angebotenen PE Druckrohre müssen in ihren Maßen und Toleranzen der DIN 8074 entsprechen. Die Güteanforderungen sind gemäß DIN 8075 zu erfüllen. Für die Produktion der Rohre ist ein Qualitätsmanagementsystem nach DIN EN ISO 9001 nachzuweisen. Die Dokumentation der Rohrqualität durch Abnahmeprüfze;20,0;m;gaeb;vom_unternehmen_auszufuellende_dokumente/Angebotsaufforderung.x83
30;Nahtloser PE-Bogen, formgespritzt mit langen Schweißenden für PE Druckrohre, mit DVGW Zulassung.;1,0;St;gaeb;vom_unternehmen_auszufuellende_dokumente/Angebotsaufforderung.x83
40;Nahtloser PE-Bogen, formgespritzt mit langen Schweißenden für PE Druckrohre, mit DVGW Zulassung.;1,0;St;gaeb;vom_unternehmen_auszufuellende_dokumente/Angebotsaufforderung.x83
50;Nahtloser PE-Bogen, formgespritzt mit langen Schweißenden für PE Druckrohre, mit DVGW Zulassung.;4,0;St;gaeb;vom_unternehmen_auszufuellende_dokumente/Angebotsaufforderung.x83
60;mit Stahleinlage, PN 10, Bohrbild nach DIN EN 1092-1.;4,0;St;gaeb;vom_unternehmen_auszufuellende_dokumente/Angebotsaufforderung.x83
70;bestehend aus den erforderlichen Schrauben (DIN EN ISO 3506-1) und Muttern (DIN EN ISO 3506-2) mit Unterlegscheiben in A4/A5-Qualität und einer medienbeständigen Flachdichtung mit Stahleinlage liefern und montieren.;4,0;Satz;gaeb;vom_unternehmen_auszufuellende_dokumente/Angebotsaufforderung.x83
80;Elektroschweißmuffe für PE-Rohre und Formstücke, gemäß den Richtlinien und Vorschriften des Herstellers liefern und einbauen, einschl. der Vorhaltung und Betrieb der dafür notwendigen Geräte und Materialien.;5,0;St;gaeb;vom_unternehmen_auszufuellende_dokumente/Angebotsaufforderung.x83
90;Anschluss an das Brauchwasserbestandsnetz im Bereich der IV Reinigungsstufe, zwischen Hydrant 88 und 89 auf dem beigefügten Lageplan.;1,0;St;gaeb;vom_unternehmen_auszufuellende_dokumente/Angebotsaufforderung.x83
100;Dichtheitsprüfung mit Wasser;1,0;St;gaeb;vom_unternehmen_auszufuellende_dokumente/Angebotsaufforderung.x83
10;für nachträglich herzustellende horizontale Aussparungen und Öffnungen:;4,0;St;gaeb;vom_unternehmen_auszufuellende_dokumente/Angebotsaufforderung.x83
20;für nachträglich herzustellende horizontale Aussparungen und Öffnungen:;4,0;St;gaeb;vom_unternehmen_auszufuellende_dokumente/Angebotsaufforderung.x83
30;für nachträglich herzustellende horizontale Aussparungen und Öffnungen:;2,0;St;gaeb;vom_unternehmen_auszufuellende_dokumente/Angebotsaufforderung.x83
40;für nachträglich herzustellende horizontale Aussparungen und Öffnungen:;1,0;St;gaeb;vom_unternehmen_auszufuellende_dokumente/Angebotsaufforderung.x83
50;Stahlschnitte für die vorgenannten Positionen mit folgenden Randbedingungen:;30,0;cm2;gaeb;vom_unternehmen_auszufuellende_dokumente/Angebotsaufforderung.x83
60;An- und Abtransport eines kompletten Kernbohrgeräts zur Baustelle für die genannten Positionen.;1,0;St;gaeb;vom_unternehmen_auszufuellende_dokumente/Angebotsaufforderung.x83
10;Stundenlohnarbeiten durch Poliere, Schachtmeister (Lohngruppe 6)  o. glw. auf Anordnung des AG ausführen.;20,0;h;gaeb;vom_unternehmen_auszufuellende_dokumente/Angebotsaufforderung.x83
20;Stundenlohnarbeiten durch Vorarbeiter (Lohngruppe 5) o. glw.;20,0;h;gaeb;vom_unternehmen_auszufuellende_dokumente/Angebotsaufforderung.x83
30;Stundenlohnarbeiten durch Spezialfacharbeiter (Lohngruppe 4) o. glw.;20,0;h;gaeb;vom_unternehmen_auszufuellende_dokumente/Angebotsaufforderung.x83
40;Stundenlohnarbeiten durch Facharbeiter (Lohngruppe 3) o. glw.;20,0;h;gaeb;vom_unternehmen_auszufuellende_dokumente/Angebotsaufforderung.x83
50;Stundenlohnarbeiten durch (Fach-)Werker (Lohngruppen 1 und 2) o. glw. auf Anordnung des AG ausführen.;20,0;h;gaeb;vom_unternehmen_auszufuellende_dokumente/Angebotsaufforderung.x83
60;Radlader bis 75 KW mit Fahrer einsetzen,;20,0;h;gaeb;vom_unternehmen_auszufuellende_dokumente/Angebotsaufforderung.x83
70;Hydraulikbagger 3-7,5 t, mit Fahrer/-in, einsetzen,;20,0;h;gaeb;vom_unternehmen_auszufuellende_dokumente/Angebotsaufforderung.x83
80;Hydraulikbagger Einsatzgewicht ca. 25 t, mit Fahrer/-in, einsetzen,;20,0;h;gaeb;vom_unternehmen_auszufuellende_dokumente/Angebotsaufforderung.x83
90;Walzenzug Glattmantelwalze, Bruttoleistung: 90 kW, mit;20,0;h;gaeb;vom_unternehmen_auszufuellende_dokumente/Angebotsaufforderung.x83
100;Rüttelplatte 450 kg, mit Bedienpersonal, einsetzen,;20,0;h;gaeb;vom_unternehmen_auszufuellende_dokumente/Angebotsaufforderung.x83
110;Stromaggregat bis 30 kvA, einsetzen,;20,0;h;gaeb;vom_unternehmen_auszufuellende_dokumente/Angebotsaufforderung.x83
