Pos.;Leistung;Menge;Einheit;Quelle;Datei
0010;Wärmepumpe für Raumheizung DIN EN 14511, mit WP-Gütesiegel (EHPA), Wärmequelle Luft, Wärmequellentemperatur 0 Grad C, Speichervolumen Pufferspeicher für statische Heizflächen 2010 l, Speichervolumen Pufferspeicher für Vorhaltung Frischwasserstationen 910 l, max. Vorlauftemperatur (-5 Grad C) 65 Grad;1,0;St;gaeb;leistungsbeschreibungen/260714 Angebotsaufforderung Heizung-Sanitär.x83
0020;2 Kompensatoren DN 40 zur Schwingungs- und Schallentkopplung der Vor- und Rücklaufleitungen.;1,0;St;gaeb;leistungsbeschreibungen/260714 Angebotsaufforderung Heizung-Sanitär.x83
0030;Außentemperatursensor (Pt1000);1,0;St;gaeb;leistungsbeschreibungen/260714 Angebotsaufforderung Heizung-Sanitär.x83
0040;Zur Erfassung der Temperatur in einer Tauchhülse;4,0;St;gaeb;leistungsbeschreibungen/260714 Angebotsaufforderung Heizung-Sanitär.x83
0050;Zur Erfassung der Temperatur an einem Rohr;2,0;St;gaeb;leistungsbeschreibungen/260714 Angebotsaufforderung Heizung-Sanitär.x83
0060;Dämpfungssockel;1,0;St;gaeb;leistungsbeschreibungen/260714 Angebotsaufforderung Heizung-Sanitär.x83
0070;Optionales Schutzgitter zur Abdeckung der Verdampferoberfläche;1,0;St;gaeb;leistungsbeschreibungen/260714 Angebotsaufforderung Heizung-Sanitär.x83
0080;Verkleidung und rückseitiges Schutzgitter;1,0;St;gaeb;leistungsbeschreibungen/260714 Angebotsaufforderung Heizung-Sanitär.x83
0090;Ventilatorringheizung;1,0;St;gaeb;leistungsbeschreibungen/260714 Angebotsaufforderung Heizung-Sanitär.x83
0100;Kondenswasserablauf-Set;1,0;St;gaeb;leistungsbeschreibungen/260714 Angebotsaufforderung Heizung-Sanitär.x83
0110;Pumpenmodul für Innenaufstellung;1,0;St;gaeb;leistungsbeschreibungen/260714 Angebotsaufforderung Heizung-Sanitär.x83
0120;Sicherheitstemperaturbegrenzer 80 °C;1,0;St;gaeb;leistungsbeschreibungen/260714 Angebotsaufforderung Heizung-Sanitär.x83
0130;Kleinverteiler;1,0;St;gaeb;leistungsbeschreibungen/260714 Angebotsaufforderung Heizung-Sanitär.x83
0140;Membran-Druckausdehnungsgefäß;1,0;St;gaeb;leistungsbeschreibungen/260714 Angebotsaufforderung Heizung-Sanitär.x83
0150;Kappenventil R 3/4;1,0;St;gaeb;leistungsbeschreibungen/260714 Angebotsaufforderung Heizung-Sanitär.x83
0160;Schlammabscheider mit Magnet zur Beseitigung magnetischer und nichtmagnetischer Schmutzpartikel (ab 5 µm) aus Heiz- und Kühlkreisläufen;1,0;St;gaeb;leistungsbeschreibungen/260714 Angebotsaufforderung Heizung-Sanitär.x83
0170;Zur kontinuierlichen Entfernung von Luft- und Mikroblasen aus Heiz- und Kühlkreisläufen;1,0;St;gaeb;leistungsbeschreibungen/260714 Angebotsaufforderung Heizung-Sanitär.x83
0180;Armatur zur Befüllung von geschlossenen Heizungsanlagen mit aufbereitetem Wasser;1,0;St;gaeb;leistungsbeschreibungen/260714 Angebotsaufforderung Heizung-Sanitär.x83
0190;Membran-Druckausdehnungsgefäß für geschlossene Heizungsanlagen;1,0;St;gaeb;leistungsbeschreibungen/260714 Angebotsaufforderung Heizung-Sanitär.x83
0200;Für Membran-Druckausdehnungsgefäße Typ N 80 bis N 500;1,0;St;gaeb;leistungsbeschreibungen/260714 Angebotsaufforderung Heizung-Sanitär.x83
0210;Einsatzbereich: Für Heizungsanlagen mit saisonaler Kühlung, insbesondere mit Wärmepumpen;1,0;St;gaeb;leistungsbeschreibungen/260714 Angebotsaufforderung Heizung-Sanitär.x83
0220;Montage-Set Gegenflansch;4,0;St;gaeb;leistungsbeschreibungen/260714 Angebotsaufforderung Heizung-Sanitär.x83
0230;Mit Sicherheitstemperaturbegrenzer und Temperaturregler;1,0;St;gaeb;leistungsbeschreibungen/260714 Angebotsaufforderung Heizung-Sanitär.x83
0240;Zur Verwendung mit Elektro-Heizeinsätzen;1,0;St;gaeb;leistungsbeschreibungen/260714 Angebotsaufforderung Heizung-Sanitär.x83
0250;Kompaktes 3-Wege-Regelventil, geeignet für den Einsatz in Heiz- und Kühlanlagen.;2,0;St;gaeb;leistungsbeschreibungen/260714 Angebotsaufforderung Heizung-Sanitär.x83
0260;Motorkugelhahn, geeignet für den Einsatz in Heiz- und Kühlanlagen.;4,0;St;gaeb;leistungsbeschreibungen/260714 Angebotsaufforderung Heizung-Sanitär.x83
0270;Verschraubung, geeignet zum Anschluss von Regelkugelhähnen und 3-Wege-Ventilen an Rohrleitungen.;14,0;St;gaeb;leistungsbeschreibungen/260714 Angebotsaufforderung Heizung-Sanitär.x83
0280;Hilfsschütz als Schaltschütz im Kleingehäuse, geeignet für Steuerungs- und Schaltaufgaben in elektrischen Anlagen.;1,0;St;gaeb;leistungsbeschreibungen/260714 Angebotsaufforderung Heizung-Sanitär.x83
0290;Feuchteanbauschalter zur Erfassung des Taupunkts, geeignet zur Vermeidung von Kondenswasserbildung bei Kühlbetrieb in Heiz-/Kühlanlagen.;1,0;St;gaeb;leistungsbeschreibungen/260714 Angebotsaufforderung Heizung-Sanitär.x83
0300;Unterkonstruktion zur durchdringungsfreien Aufständerung einer Wärmepumpe auf einem Flachdach;1,0;St;gaeb;leistungsbeschreibungen/260714 Angebotsaufforderung Heizung-Sanitär.x83
0310;Verteiler-/Sammlerkombination, mit Prüfzeugnis, für Wasser, max. Betriebstemperatur bis 90 Grad C, max. Betriebsüberdruck 0,6 MPa (6 bar), max. Volumenstrom 5 m3/h, aus Stahl, mit werkseitigem Korrosionsschutz, Vor- und Rücklauf der Heizgruppen reihig fluchtend, mit thermischer Trennung, mit 10 Ansc;1,0;St;gaeb;leistungsbeschreibungen/260714 Angebotsaufforderung Heizung-Sanitär.x83
0320;Frostschutz-Begleitheizung für Rohrleitungen von Ver- und Entsorgungssystemen, mit korrosionsschützendem Außenmantel, für Klimakaltwasser, Nennhaltetemperatur 5 Grad C, Heizleitung mit sich deutlich vermindernder Leistung bei steigender Temperatur, mit Schutzgeflecht, mit VDE-Registrierung, Rohrleit;10,0;m;gaeb;leistungsbeschreibungen/260714 Angebotsaufforderung Heizung-Sanitär.x83
0010;Kreiselpumpe, als Nassläufer, stufenlos regelbar, differenzdruckgeregelt, Kommunikationsschnittstelle BACnet MS/TP DIN EN ISO 16484-5,;1,0;St;gaeb;leistungsbeschreibungen/260714 Angebotsaufforderung Heizung-Sanitär.x83
0020;Kreiselpumpe, als Nassläufer, stufenlos regelbar, differenzdruckgeregelt, Kommunikationsschnittstelle BACnet MS/TP DIN EN ISO 16484-5,;1,0;St;gaeb;leistungsbeschreibungen/260714 Angebotsaufforderung Heizung-Sanitär.x83
0030;Liefern und betriebsfertig montieren eines druckunabhängigen 3-Wege-Regelkugelhahns zur stetigen Mischregelung in Warm- und Kaltwasseranlagen der technischen Gebäudeausrüstung.;1,0;St;gaeb;leistungsbeschreibungen/260714 Angebotsaufforderung Heizung-Sanitär.x83
0040;Liefern und betriebsfertig montieren eines druckunabhängigen 3-Wege-Regelkugelhahns zur stetigen Mischregelung in Warm- und Kaltwasseranlagen der technischen Gebäudeausrüstung.;1,0;St;gaeb;leistungsbeschreibungen/260714 Angebotsaufforderung Heizung-Sanitär.x83
0050;Übergangsverschraubung, mit zylindrischem Innengewinde, aus nichtrostendem Stahl, Außendurchmesser 22 mm, Gewindeanschluss Rp 3/4, für Heizungswasser, für Rohrleitung aus nichtrostenden Stahlrohren DIN EN 10296-2, geschweißt.;4,0;St;gaeb;leistungsbeschreibungen/260714 Angebotsaufforderung Heizung-Sanitär.x83
0060;Außendurchmesser 28 mm, Gewindeanschluss Rp 1,;4,0;St;gaeb;leistungsbeschreibungen/260714 Angebotsaufforderung Heizung-Sanitär.x83
0070;Außendurchmesser 35 mm, Gewindeanschluss Rp 1,;2,0;St;gaeb;leistungsbeschreibungen/260714 Angebotsaufforderung Heizung-Sanitär.x83
0080;Außendurchmesser 42 mm, Gewindeanschluss Rp 1 1/4,;4,0;St;gaeb;leistungsbeschreibungen/260714 Angebotsaufforderung Heizung-Sanitär.x83
0090;Übergangsverschraubung, mit konischem Außengewinde, aus nichtrostendem Stahl, Außendurchmesser 22 mm, Gewindeanschluss R 1, für Heizungswasser, für Rohrleitung aus nichtrostenden Stahlrohren DIN EN 10296-2, geschweißt.;2,0;St;gaeb;leistungsbeschreibungen/260714 Angebotsaufforderung Heizung-Sanitär.x83
0100;T-Stück DN 20;2,0;St;gaeb;leistungsbeschreibungen/260714 Angebotsaufforderung Heizung-Sanitär.x83
0110;Tauchhülse;2,0;St;gaeb;leistungsbeschreibungen/260714 Angebotsaufforderung Heizung-Sanitär.x83
0120;Absperrventil, für Wasser bis 120 Grad C, mit Pressanschluss, Gehäuse aus Rotguss, in Geradsitz-Durchgangsform, mit Handrad, mit wartungsfreier Spindelabdichtung, Sitz weich dichtend, Nenndruck 0,6 MPa (6 bar), DN 15, mit Dämmschalen.;4,0;St;gaeb;leistungsbeschreibungen/260714 Angebotsaufforderung Heizung-Sanitär.x83
0130;DN 20,;2,0;St;gaeb;leistungsbeschreibungen/260714 Angebotsaufforderung Heizung-Sanitär.x83
0140;DN 25,;10,0;St;gaeb;leistungsbeschreibungen/260714 Angebotsaufforderung Heizung-Sanitär.x83
0150;DN 32,;6,0;St;gaeb;leistungsbeschreibungen/260714 Angebotsaufforderung Heizung-Sanitär.x83
0160;DN 40,;2,0;St;gaeb;leistungsbeschreibungen/260714 Angebotsaufforderung Heizung-Sanitär.x83
0170;DN 50,;4,0;St;gaeb;leistungsbeschreibungen/260714 Angebotsaufforderung Heizung-Sanitär.x83
0180;Kugelhahn, Durchgangsform, mit Muffenanschluss, Gehäuse aus Rotguss, Betätigung mit Hebel, Nenndruck 0,6 MPa (6 bar), DN 15, mit Dämmschalen.;10,0;St;gaeb;leistungsbeschreibungen/260714 Angebotsaufforderung Heizung-Sanitär.x83
0190;DN 20,;4,0;St;gaeb;leistungsbeschreibungen/260714 Angebotsaufforderung Heizung-Sanitär.x83
0200;DN 25,;4,0;St;gaeb;leistungsbeschreibungen/260714 Angebotsaufforderung Heizung-Sanitär.x83
0210;DN 32,;2,0;St;gaeb;leistungsbeschreibungen/260714 Angebotsaufforderung Heizung-Sanitär.x83
0220;Maschinen-Glasthermometer, Einbaulänge 50 mm, einschl. Tauchhülse, aus nichtrostendem Stahl, mit V-förmigen Gehäuse DIN 16181, Anzeigebereich 0 bis 100 Grad C, einschl. Schutzrohr.;6,0;St;gaeb;leistungsbeschreibungen/260714 Angebotsaufforderung Heizung-Sanitär.x83
0230;Zeigerthermometer DIN EN 13190, Messsystem Bimetall, Austritt des Messelementes nach hinten, glattes Messelement, Einbaulänge 100 mm, Gehäuse aus nichtrostendem Stahl, Gehäusenenndurchmesser 80 mm, Anzeigebereich 0 bis 100 Grad C.;6,0;St;gaeb;leistungsbeschreibungen/260714 Angebotsaufforderung Heizung-Sanitär.x83
0240;Druckmessgerät, Messsystem Rohrfeder DIN EN 837-1, mit verstellbarem Markenzeiger, Nenndruck 0,6 MPa (6 bar), Gehäuse aus nichtrostendem Stahl, ohne Rand, Gehäusenenngröße 63, Güteklasse 1,6, Anzeigebereich 0 bis 4 bar, Anschluss G 1/2 unten, mediumberührte Teile aus Messing.;6,0;St;gaeb;leistungsbeschreibungen/260714 Angebotsaufforderung Heizung-Sanitär.x83
0250;Rückschlagklappe, Gehäuse aus Rotguss, DN 25, Nenndruck 0,6 MPa (6 bar), für Wasser, max. Betriebstemperatur bis 120 Grad C, mit Flanschanschluss, als Zwischenflanschausführung.;2,0;St;gaeb;leistungsbeschreibungen/260714 Angebotsaufforderung Heizung-Sanitär.x83
0260;Rückschlagventil für Wasser bis 120 Grad C, Geradsitz-Durchgangsform, mit Pressmuffe, Gehäuse aus Rotguss, Sitz metallisch dichtend, Nenndruck 0,6 MPa (6 bar), DN 25.;2,0;St;gaeb;leistungsbeschreibungen/260714 Angebotsaufforderung Heizung-Sanitär.x83
0270;Schmutzfänger, DN 15, max. Betriebstemperatur bis 90 Grad C, Nenndruck 0,6 MPa (6 bar), mit Gewindeanschluss, Gehäuse aus Rotguss, mit Normalsieb.;1,0;St;gaeb;leistungsbeschreibungen/260714 Angebotsaufforderung Heizung-Sanitär.x83
0280;DN 20,;1,0;St;gaeb;leistungsbeschreibungen/260714 Angebotsaufforderung Heizung-Sanitär.x83
0290;DN 25,;2,0;St;gaeb;leistungsbeschreibungen/260714 Angebotsaufforderung Heizung-Sanitär.x83
0300;DN 32,;1,0;St;gaeb;leistungsbeschreibungen/260714 Angebotsaufforderung Heizung-Sanitär.x83
0310;DN 40,;1,0;St;gaeb;leistungsbeschreibungen/260714 Angebotsaufforderung Heizung-Sanitär.x83
0320;Abscheider für Mikroblasen, Luft, Schmutz mit Magneten zur Magnetitabscheidung, Einbau waagerecht, aus Messing, für Heizungswasser, mit Dämmschalen, mit Gewindeanschluss, max. Betriebstemperatur bis 70 Grad C, Nenndruck 0,6 MPa (6 bar), DN 32.;1,0;St;gaeb;leistungsbeschreibungen/260714 Angebotsaufforderung Heizung-Sanitär.x83
0330;Anschluss herstellen, Form- und Verbindungsstücke werden gesondert vergütet, an Lufterhitzer, mit Rohr aus nichtrostendem Stahl, DN 25, Ausführung gemäß Einzelbeschreibung,;1,0;St;gaeb;leistungsbeschreibungen/260714 Angebotsaufforderung Heizung-Sanitär.x83
0340;DN 40,;1,0;St;gaeb;leistungsbeschreibungen/260714 Angebotsaufforderung Heizung-Sanitär.x83
0010;Rohrleitung aus Präzisionsstahlrohr DIN EN 10305-3, geschweißt, außen verzinkt, Stahlsorte E235 (Werkstoff-Nr 1.0308), DIN EN 10305, für Heizungswasser, Außendurchmesser 18 mm, Wanddicke 1,2 mm, Verbindung durch Pressen, mit Verpresstkennzeichnung und Prüfsicherheit, Form- und Verbindungsstücke werd;100,0;m;gaeb;leistungsbeschreibungen/260714 Angebotsaufforderung Heizung-Sanitär.x83
0020;Außendurchmesser 22 mm, Wanddicke 1,5 mm,;7,0;m;gaeb;leistungsbeschreibungen/260714 Angebotsaufforderung Heizung-Sanitär.x83
0030;Außendurchmesser 28 mm, Wanddicke 1,5 mm,;45,0;m;gaeb;leistungsbeschreibungen/260714 Angebotsaufforderung Heizung-Sanitär.x83
0040;Außendurchmesser 35 mm, Wanddicke 1,5 mm,;110,0;m;gaeb;leistungsbeschreibungen/260714 Angebotsaufforderung Heizung-Sanitär.x83
0050;Außendurchmesser 42 mm, Wanddicke 1,5 mm,;30,0;m;gaeb;leistungsbeschreibungen/260714 Angebotsaufforderung Heizung-Sanitär.x83
0060;Bogen, aus Kohlenstoffstahl, außen verzinkt, Pressverbindung, mit Verpresstkennzeichnung und Prüfsicherheit, bis 45 Grad, für Rohrleitung aus Präzisionsstahlrohr DIN EN 10305-3, geschweißt, für Heizungswasser, Außendurchmesser 18 mm.;35,0;St;gaeb;leistungsbeschreibungen/260714 Angebotsaufforderung Heizung-Sanitär.x83
0070;Außendurchmesser 22 mm.;4,0;St;gaeb;leistungsbeschreibungen/260714 Angebotsaufforderung Heizung-Sanitär.x83
0080;Außendurchmesser 28 mm.;14,0;St;gaeb;leistungsbeschreibungen/260714 Angebotsaufforderung Heizung-Sanitär.x83
0090;Außendurchmesser 35 mm.;35,0;St;gaeb;leistungsbeschreibungen/260714 Angebotsaufforderung Heizung-Sanitär.x83
0100;Außendurchmesser 42 mm.;9,0;St;gaeb;leistungsbeschreibungen/260714 Angebotsaufforderung Heizung-Sanitär.x83
0110;Bogen, aus Kohlenstoffstahl, außen verzinkt, Pressverbindung, mit Verpresstkennzeichnung und Prüfsicherheit, über 45 bis 90 Grad, für Rohrleitung aus Präzisionsstahlrohr DIN EN 10305-3, geschweißt, für Heizungswasser, Außendurchmesser 18 mm.;35,0;St;gaeb;leistungsbeschreibungen/260714 Angebotsaufforderung Heizung-Sanitär.x83
0120;Außendurchmesser 22 mm.;4,0;St;gaeb;leistungsbeschreibungen/260714 Angebotsaufforderung Heizung-Sanitär.x83
0130;Außendurchmesser 28 mm.;14,0;St;gaeb;leistungsbeschreibungen/260714 Angebotsaufforderung Heizung-Sanitär.x83
0140;Außendurchmesser 35 mm.;35,0;St;gaeb;leistungsbeschreibungen/260714 Angebotsaufforderung Heizung-Sanitär.x83
0150;Außendurchmesser 42 mm.;9,0;St;gaeb;leistungsbeschreibungen/260714 Angebotsaufforderung Heizung-Sanitär.x83
0160;T-Stück, aus Kohlenstoffstahl, außen verzinkt, Pressverbindung, mit Verpresstkennzeichnung und Prüfsicherheit, für Rohrleitung aus Präzisionsstahlrohr DIN EN 10305-3, geschweißt, für Heizungswasser, Außendurchmesser 18 mm.;1,0;St;gaeb;leistungsbeschreibungen/260714 Angebotsaufforderung Heizung-Sanitär.x83
0170;Außendurchmesser 22 mm.;2,0;St;gaeb;leistungsbeschreibungen/260714 Angebotsaufforderung Heizung-Sanitär.x83
0180;Außendurchmesser 28 mm.;4,0;St;gaeb;leistungsbeschreibungen/260714 Angebotsaufforderung Heizung-Sanitär.x83
0190;Außendurchmesser 35 mm.;6,0;St;gaeb;leistungsbeschreibungen/260714 Angebotsaufforderung Heizung-Sanitär.x83
0200;Außendurchmesser 42 mm.;3,0;St;gaeb;leistungsbeschreibungen/260714 Angebotsaufforderung Heizung-Sanitär.x83
0210;Reduzierstück, aus Kohlenstoffstahl, außen verzinkt, Pressverbindung, mit Verpresstkennzeichnung und Prüfsicherheit, für Rohrleitung aus Präzisionsstahlrohr DIN EN 10305-3, geschweißt, für Heizungswasser, Außendurchmesser 22 mm, 2. Durchmesser 18 mm.;2,0;St;gaeb;leistungsbeschreibungen/260714 Angebotsaufforderung Heizung-Sanitär.x83
0220;Außendurchmesser 28 mm, 2. Durchmesser 22 mm.;4,0;St;gaeb;leistungsbeschreibungen/260714 Angebotsaufforderung Heizung-Sanitär.x83
0230;Außendurchmesser 35 mm, 2. Durchmesser 22 mm.;2,0;St;gaeb;leistungsbeschreibungen/260714 Angebotsaufforderung Heizung-Sanitär.x83
0240;Außendurchmesser 35 mm, 2. Durchmesser 28 mm.;4,0;St;gaeb;leistungsbeschreibungen/260714 Angebotsaufforderung Heizung-Sanitär.x83
0250;Außendurchmesser 42 mm, 2. Durchmesser 35 mm.;2,0;St;gaeb;leistungsbeschreibungen/260714 Angebotsaufforderung Heizung-Sanitär.x83
0260;Muffe, aus Kohlenstoffstahl, außen verzinkt, Pressverbindung, mit Verpresstkennzeichnung und Prüfsicherheit, für Rohrleitung aus Präzisionsstahlrohr DIN EN 10305-3, geschweißt, für Heizungswasser, Außendurchmesser 18 mm.;25,0;St;gaeb;leistungsbeschreibungen/260714 Angebotsaufforderung Heizung-Sanitär.x83
0270;Außendurchmesser 22 mm.;4,0;St;gaeb;leistungsbeschreibungen/260714 Angebotsaufforderung Heizung-Sanitär.x83
0280;Außendurchmesser 28 mm.;12,0;St;gaeb;leistungsbeschreibungen/260714 Angebotsaufforderung Heizung-Sanitär.x83
0290;Außendurchmesser 35 mm.;27,0;St;gaeb;leistungsbeschreibungen/260714 Angebotsaufforderung Heizung-Sanitär.x83
0300;Außendurchmesser 42 mm.;10,0;St;gaeb;leistungsbeschreibungen/260714 Angebotsaufforderung Heizung-Sanitär.x83
0310;Gerade Verschraubung, aus Kohlenstoffstahl, außen verzinkt, flach dichtend, Pressverbindung, mit Verpresstkennzeichnung und Prüfsicherheit, für Rohrleitung aus Präzisionsstahlrohr DIN EN 10305-3, geschweißt, für Heizungswasser, Außendurchmesser 18 mm.;4,0;St;gaeb;leistungsbeschreibungen/260714 Angebotsaufforderung Heizung-Sanitär.x83
0320;Außendurchmesser 22 mm.;2,0;St;gaeb;leistungsbeschreibungen/260714 Angebotsaufforderung Heizung-Sanitär.x83
0330;Außendurchmesser 28 mm.;6,0;St;gaeb;leistungsbeschreibungen/260714 Angebotsaufforderung Heizung-Sanitär.x83
0340;Außendurchmesser 35 mm.;4,0;St;gaeb;leistungsbeschreibungen/260714 Angebotsaufforderung Heizung-Sanitär.x83
0350;Übergangsverschraubung, aus Kohlenstoffstahl, außen verzinkt, flach dichtend, Pressverbindung, mit Verpresstkennzeichnung und Prüfsicherheit, für Rohrleitung aus Präzisionsstahlrohr DIN EN 10305-3, geschweißt, für Heizungswasser, Außendurchmesser 18 mm.;4,0;St;gaeb;leistungsbeschreibungen/260714 Angebotsaufforderung Heizung-Sanitär.x83
0360;Außendurchmesser 22 mm.;6,0;St;gaeb;leistungsbeschreibungen/260714 Angebotsaufforderung Heizung-Sanitär.x83
0370;Außendurchmesser 28 mm.;6,0;St;gaeb;leistungsbeschreibungen/260714 Angebotsaufforderung Heizung-Sanitär.x83
0380;Außendurchmesser 35 mm.;2,0;St;gaeb;leistungsbeschreibungen/260714 Angebotsaufforderung Heizung-Sanitär.x83
0390;Kappe, aus Kohlenstoffstahl, außen verzinkt, Pressverbindung, mit Verpresstkennzeichnung und Prüfsicherheit, für Rohrleitung aus Präzisionsstahlrohr DIN EN 10305-3, geschweißt, für Heizungswasser, Außendurchmesser 18 mm.;4,0;St;gaeb;leistungsbeschreibungen/260714 Angebotsaufforderung Heizung-Sanitär.x83
0400;Außendurchmesser 22 mm.;2,0;St;gaeb;leistungsbeschreibungen/260714 Angebotsaufforderung Heizung-Sanitär.x83
0410;Außendurchmesser 28 mm.;2,0;St;gaeb;leistungsbeschreibungen/260714 Angebotsaufforderung Heizung-Sanitär.x83
0420;Außendurchmesser 35 mm.;6,0;St;gaeb;leistungsbeschreibungen/260714 Angebotsaufforderung Heizung-Sanitär.x83
0430;Außendurchmesser 42 mm.;2,0;St;gaeb;leistungsbeschreibungen/260714 Angebotsaufforderung Heizung-Sanitär.x83
0440;Luftgefäß mit einem gewölbtem Boden, max. zulässige Betriebstemperatur 120 Grad C, max. Betriebsüberdruck 0,6 MPa (6 bar), aus Stahlrohren, mit Werkszeugnis 2.2 DIN EN 10204, bis DN 40, Gesamtlänge 200 mm, mit einem Leitungsanschluss mit Flansch, Anschluss DN 15, mit Entlüftungsleitung, Länge 2 m un;2,0;St;gaeb;leistungsbeschreibungen/260714 Angebotsaufforderung Heizung-Sanitär.x83
0450;Anschluss DN 25,;4,0;St;gaeb;leistungsbeschreibungen/260714 Angebotsaufforderung Heizung-Sanitär.x83
0460;bis DN 65, Gesamtlänge 250 mm, Anschluss DN 40,;2,0;St;gaeb;leistungsbeschreibungen/260714 Angebotsaufforderung Heizung-Sanitär.x83
0470;Übergangsflansch, mit konischem Außengewinde, aus nichtrostendem Stahl, Pressverbindung, mit Verpresstkennzeichnung und Prüfsicherheit, Außendurchmesser 15 mm, für Heizungswasser, für Rohrleitung aus nichtrostenden Stahlrohren DIN EN 10296-2, geschweißt, Ausführung gemäß Einzelbeschreibung,;2,0;St;gaeb;leistungsbeschreibungen/260714 Angebotsaufforderung Heizung-Sanitär.x83
0480;Außendurchmesser 28 mm,;4,0;St;gaeb;leistungsbeschreibungen/260714 Angebotsaufforderung Heizung-Sanitär.x83
0490;Außendurchmesser 42 mm,;2,0;St;gaeb;leistungsbeschreibungen/260714 Angebotsaufforderung Heizung-Sanitär.x83
0010;Heizkreisverteiler für Fußbodenheizungen, Betriebsmedium Heizungswasser, max. Betriebstemperatur 60 Grad C, max. Betriebsüberdruck 0,4 MPa (4 bar), max. Volumenstrom 3 m3/h, für 8 Heizkreise, Gewindeanschluss;1,0;St;gaeb;leistungsbeschreibungen/260714 Angebotsaufforderung Heizung-Sanitär.x83
0020;für 9 Heizkreise,;2,0;St;gaeb;leistungsbeschreibungen/260714 Angebotsaufforderung Heizung-Sanitär.x83
0030;für 11 Heizkreise,;1,0;St;gaeb;leistungsbeschreibungen/260714 Angebotsaufforderung Heizung-Sanitär.x83
0040;Verteilerschrank für Heizkreisverteiler, höhenverstellbar bis 150 mm, für 8 Heizkreise, Gehäuse aus beschichtetem Stahl, für Wandeinbau, mit Tür und höhenverstellbarem Sockel, aus beschichtetem Stahl, zur Aufnahme der Anschlussgarnitur für Verteiler, mit Zylinderschloss, Ausführung gemäß Einzelbesch;1,0;St;gaeb;leistungsbeschreibungen/260714 Angebotsaufforderung Heizung-Sanitär.x83
0050;für 9 Heizkreise,;2,0;St;gaeb;leistungsbeschreibungen/260714 Angebotsaufforderung Heizung-Sanitär.x83
0060;für 11 Heizkreise,;1,0;St;gaeb;leistungsbeschreibungen/260714 Angebotsaufforderung Heizung-Sanitär.x83
0070;Fußbodenheizung DIN EN 1264-1, für Verlegesystem Typ A (Systeme mit Rohren, die in die Wärmeleitschicht integriert sind), Trägersystem Tacker, Vorlauftemperatur 40 Grad C, Norm-Innentemperatur 20 Grad C, max. Druckdifferenz der Heizkreise 30 kPa, Rohr aus Polybuten-Homopolymer PB-H DIN EN ISO 15876-;106,0;m2;gaeb;leistungsbeschreibungen/260714 Angebotsaufforderung Heizung-Sanitär.x83
0080;Verlegeabstand 160 mm,;245,0;m2;gaeb;leistungsbeschreibungen/260714 Angebotsaufforderung Heizung-Sanitär.x83
0090;Verlegeabstand 225 mm,;175,0;m2;gaeb;leistungsbeschreibungen/260714 Angebotsaufforderung Heizung-Sanitär.x83
0100;Anbindeleitung für Fußbodenheizung, Rohr aus Polybuten-Homopolymer PB-H DIN EN ISO 15876-1 und DIN EN ISO 15876-2, sauerstoffdicht DIN 4726, Außendurchmesser 17 mm.;200,0;m;gaeb;leistungsbeschreibungen/260714 Angebotsaufforderung Heizung-Sanitär.x83
0110;Wärmedämmschicht für Fußboden, aus Polystyrol-Hartschaum EPS DIN EN 13163, als Platte, Dicke 35 mm, Bemessungswert der Wärmeleitfähigkeit max. 0,040 W/(mK), Nennwert der Wärmeleitfähigkeit max. 0,039 W/(mK), einlagig, Anwendungsgebiet DIN 4108-10 DEO, auf Trittschalldämmschicht, als Unterlage für Es;525,0;m2;gaeb;leistungsbeschreibungen/260714 Angebotsaufforderung Heizung-Sanitär.x83
0010;Mediendurchführung, einfach, rund, für Heizungswasser, in Flachdach, mit vorh. Dichtungsbahn, Deckendicke über 50 bis 100 cm, in vorh. Kernbohrung, Durchmesser über 25 bis 50 mm, Medienrohr aus nichtrostendem Stahl, Außendurchmesser Medienrohr über 25 bis 50 mm, mit Los- und Festflansch, geschlossen;2,0;St;gaeb;leistungsbeschreibungen/260714 Angebotsaufforderung Heizung-Sanitär.x83
0020;Autokran mit Teleskopausleger, Lastmoment 50 tm,;4,0;Std;gaeb;leistungsbeschreibungen/260714 Angebotsaufforderung Heizung-Sanitär.x83
0030;Autokran mit Teleskopausleger, Lastmoment 50 tm,;1,0;St;gaeb;leistungsbeschreibungen/260714 Angebotsaufforderung Heizung-Sanitär.x83
0040;Autokran mit Teleskopausleger, Lastmoment 50 tm,;1,0;St;gaeb;leistungsbeschreibungen/260714 Angebotsaufforderung Heizung-Sanitär.x83
0010;Brandschutzabschottung von Rohrleitung aus nichtrostendem Stahl, mit allgemeinem bauaufsichtlichen Prüfzeugnis/allgemeiner bauaufsichtlicher Zulassung, Feuerwiderstandsklasse R 90 DIN 4102-11,;2,0;St;gaeb;leistungsbeschreibungen/260714 Angebotsaufforderung Heizung-Sanitär.x83
0020;DN 32,;2,0;St;gaeb;leistungsbeschreibungen/260714 Angebotsaufforderung Heizung-Sanitär.x83
0030;Brandschutzabschottung von Rohrleitung aus nichtrostendem Stahl, mit allgemeinem bauaufsichtlichen Prüfzeugnis/allgemeiner bauaufsichtlicher Zulassung, Feuerwiderstandsklasse R 90 DIN 4102-11,;6,0;St;gaeb;leistungsbeschreibungen/260714 Angebotsaufforderung Heizung-Sanitär.x83
0040;DN 20,;2,0;St;gaeb;leistungsbeschreibungen/260714 Angebotsaufforderung Heizung-Sanitär.x83
0050;DN 25,;4,0;St;gaeb;leistungsbeschreibungen/260714 Angebotsaufforderung Heizung-Sanitär.x83
0060;DN 32,;6,0;St;gaeb;leistungsbeschreibungen/260714 Angebotsaufforderung Heizung-Sanitär.x83
0070;DN 40,;2,0;St;gaeb;leistungsbeschreibungen/260714 Angebotsaufforderung Heizung-Sanitär.x83
0080;DN 50,;6,0;St;gaeb;leistungsbeschreibungen/260714 Angebotsaufforderung Heizung-Sanitär.x83
0090;Wärmedämmung ohne Ummantelung DIN 4140 an haus- und betriebstechnischen Anlagen, an Rohrleitung, DN 15, Rohrverbindung als Pressverbindung, im Gebäude, Dämmung aus Mineralwolle DIN EN 14303, als Rohrschale, Dämmschichtdicke 20 mm, Brandverhaltensklasse DIN EN 13501-1 A2 -s1, d0 (nichtbrennbar), Wärm;100,0;m;gaeb;leistungsbeschreibungen/260714 Angebotsaufforderung Heizung-Sanitär.x83
0100;DN 20,;7,0;m;gaeb;leistungsbeschreibungen/260714 Angebotsaufforderung Heizung-Sanitär.x83
0110;DN 25, Dämmschichtdicke 30 mm,;45,0;m;gaeb;leistungsbeschreibungen/260714 Angebotsaufforderung Heizung-Sanitär.x83
0120;DN 32, Dämmschichtdicke 30 mm,;110,0;m;gaeb;leistungsbeschreibungen/260714 Angebotsaufforderung Heizung-Sanitär.x83
0130;DN 40, Dämmschichtdicke 40 mm,;30,0;m;gaeb;leistungsbeschreibungen/260714 Angebotsaufforderung Heizung-Sanitär.x83
0140;Bogen aus Mineralwolle DIN EN 14303, Wärmedämmung DIN 4140 an haus- und betriebstechnischen Anlagen, an Rohrleitung, DN 15, im Gebäude, Brandverhaltensklasse DIN EN 13501-1 A2 -s1, d0 (nichtbrennbar), Wärmeleitfähigkeit 0,035 W/(mK) bei 40 Grad C Mitteltemperatur DIN EN 12667, Dämmschichtdicke 20 mm;70,0;St;gaeb;leistungsbeschreibungen/260714 Angebotsaufforderung Heizung-Sanitär.x83
0150;DN 20,;8,0;St;gaeb;leistungsbeschreibungen/260714 Angebotsaufforderung Heizung-Sanitär.x83
0160;DN 25, Dämmschichtdicke 30 mm,;28,0;St;gaeb;leistungsbeschreibungen/260714 Angebotsaufforderung Heizung-Sanitär.x83
0170;DN 32, Dämmschichtdicke 30 mm,;70,0;St;gaeb;leistungsbeschreibungen/260714 Angebotsaufforderung Heizung-Sanitär.x83
0180;DN 40, Dämmschichtdicke 40 mm,;18,0;St;gaeb;leistungsbeschreibungen/260714 Angebotsaufforderung Heizung-Sanitär.x83
0190;Reduzierung aus Mineralwolle DIN EN 14303, Wärmedämmung DIN 4140 an haus- und betriebstechnischen Anlagen, an Rohrleitung, DN 20, im Gebäude, Brandverhaltensklasse DIN EN 13501-1 A1 (nichtbrennbar), Wärmeleitfähigkeit 0,035 W/(mK) bei 40 Grad C Mitteltemperatur DIN EN 12667, Dämmschichtdicke 20 mm, ;2,0;St;gaeb;leistungsbeschreibungen/260714 Angebotsaufforderung Heizung-Sanitär.x83
0200;DN 25, Dämmschichtdicke 30 mm,;4,0;St;gaeb;leistungsbeschreibungen/260714 Angebotsaufforderung Heizung-Sanitär.x83
0210;DN 32, Dämmschichtdicke 30 mm,;6,0;St;gaeb;leistungsbeschreibungen/260714 Angebotsaufforderung Heizung-Sanitär.x83
0220;DN 40, Dämmschichtdicke 40 mm,;2,0;St;gaeb;leistungsbeschreibungen/260714 Angebotsaufforderung Heizung-Sanitär.x83
0230;T-Stück aus Mineralwolle DIN EN 14303, Wärmedämmung DIN 4140 an haus- und betriebstechnischen Anlagen, an Rohrleitung, DN 15, im Gebäude, Brandverhaltensklasse DIN EN 13501-1 A2 -s1, d0 (nichtbrennbar), Wärmeleitfähigkeit 0,035 W/(mK) bei 40 Grad C Mitteltemperatur DIN EN 12667, Dämmschichtdicke 20 ;1,0;St;gaeb;leistungsbeschreibungen/260714 Angebotsaufforderung Heizung-Sanitär.x83
0240;DN 20,;2,0;St;gaeb;leistungsbeschreibungen/260714 Angebotsaufforderung Heizung-Sanitär.x83
0250;DN 25, Dämmschichtdicke 30 mm,;4,0;St;gaeb;leistungsbeschreibungen/260714 Angebotsaufforderung Heizung-Sanitär.x83
0260;DN 32, Dämmschichtdicke 30 mm,;6,0;St;gaeb;leistungsbeschreibungen/260714 Angebotsaufforderung Heizung-Sanitär.x83
0270;DN 40, Dämmschichtdicke 40 mm,;3,0;St;gaeb;leistungsbeschreibungen/260714 Angebotsaufforderung Heizung-Sanitär.x83
0280;Passstück aus Mineralwolle DIN EN 14303, Wärmedämmung DIN 4140 an haus- und betriebstechnischen Anlagen, an Rohrleitung, DN 15, im Gebäude, Brandverhaltensklasse DIN EN 13501-1 A2 -s1, d0 (nichtbrennbar), Wärmeleitfähigkeit 0,035 W/(mK) bei 40 Grad C Mitteltemperatur DIN EN 12667, Dämmschichtdicke 2;25,0;St;gaeb;leistungsbeschreibungen/260714 Angebotsaufforderung Heizung-Sanitär.x83
0290;DN 20,;4,0;St;gaeb;leistungsbeschreibungen/260714 Angebotsaufforderung Heizung-Sanitär.x83
0300;DN 25, Dämmschichtdicke 30 mm,;12,0;St;gaeb;leistungsbeschreibungen/260714 Angebotsaufforderung Heizung-Sanitär.x83
0310;DN 32, Dämmschichtdicke 30 mm,;27,0;St;gaeb;leistungsbeschreibungen/260714 Angebotsaufforderung Heizung-Sanitär.x83
0320;DN 40, Dämmschichtdicke 40 mm,;10,0;St;gaeb;leistungsbeschreibungen/260714 Angebotsaufforderung Heizung-Sanitär.x83
0330;Übergangsstück aus Mineralwolle DIN EN 14303, Wärmedämmung DIN 4140 an haus- und betriebstechnischen Anlagen, an Rohrleitung, DN 15, im Gebäude, Brandverhaltensklasse DIN EN 13501-1 A1 (nichtbrennbar), Wärmeleitfähigkeit 0,035 W/(mK) bei 40 Grad C Mitteltemperatur DIN EN 12667, Dämmschichtdicke 20 m;8,0;St;gaeb;leistungsbeschreibungen/260714 Angebotsaufforderung Heizung-Sanitär.x83
0340;DN 20,;8,0;St;gaeb;leistungsbeschreibungen/260714 Angebotsaufforderung Heizung-Sanitär.x83
0350;DN 25, Dämmschichtdicke 30 mm,;12,0;St;gaeb;leistungsbeschreibungen/260714 Angebotsaufforderung Heizung-Sanitär.x83
0360;DN 32, Dämmschichtdicke 30 mm,;6,0;St;gaeb;leistungsbeschreibungen/260714 Angebotsaufforderung Heizung-Sanitär.x83
0370;Kappe aus Mineralwolle DIN EN 14303, Wärmedämmung DIN 4140 an haus- und betriebstechnischen Anlagen, an Rohrleitung, DN 15, im Gebäude, Brandverhaltensklasse DIN EN 13501-1 A1 (nichtbrennbar), Wärmeleitfähigkeit 0,035 W/(mK) bei 40 Grad C Mitteltemperatur DIN EN 12667, Dämmschichtdicke 20 mm, kaschi;4,0;St;gaeb;leistungsbeschreibungen/260714 Angebotsaufforderung Heizung-Sanitär.x83
0380;DN 20,;2,0;St;gaeb;leistungsbeschreibungen/260714 Angebotsaufforderung Heizung-Sanitär.x83
0390;DN 25, Dämmschichtdicke 30 mm,;2,0;St;gaeb;leistungsbeschreibungen/260714 Angebotsaufforderung Heizung-Sanitär.x83
0400;DN 32, Dämmschichtdicke 30 mm,;6,0;St;gaeb;leistungsbeschreibungen/260714 Angebotsaufforderung Heizung-Sanitär.x83
0410;DN 40, Dämmschichtdicke 40 mm,;2,0;St;gaeb;leistungsbeschreibungen/260714 Angebotsaufforderung Heizung-Sanitär.x83
0010;Installationsleitung DIN VDE 0250-204 (VDE 0250-204);30,0;m;gaeb;leistungsbeschreibungen/260714 Angebotsaufforderung Heizung-Sanitär.x83
0020;Installationsleitung DIN VDE 0250-204 (VDE 0250-204);80,0;m;gaeb;leistungsbeschreibungen/260714 Angebotsaufforderung Heizung-Sanitär.x83
0030;Installationsleitung DIN VDE 0250-204 (VDE 0250-204);20,0;m;gaeb;leistungsbeschreibungen/260714 Angebotsaufforderung Heizung-Sanitär.x83
0040;Installationsleitung DIN VDE 0250-204 (VDE 0250-204);10,0;m;gaeb;leistungsbeschreibungen/260714 Angebotsaufforderung Heizung-Sanitär.x83
0050;Installationsleitung DIN VDE 0250-204 (VDE 0250-204) NYM-J 2 x 1,5, Cu-Zahl 29, nur anschließen an beigestellte Betriebsmittel, einschl. Verbindungsmittel.;10,0;St;gaeb;leistungsbeschreibungen/260714 Angebotsaufforderung Heizung-Sanitär.x83
0060;3 x 1,5, Cu-Zahl 43,;30,0;St;gaeb;leistungsbeschreibungen/260714 Angebotsaufforderung Heizung-Sanitär.x83
0070;4 x 1,5, Cu-Zahl 58,;5,0;St;gaeb;leistungsbeschreibungen/260714 Angebotsaufforderung Heizung-Sanitär.x83
0080;5 x 1,5, Cu-Zahl 72,;5,0;St;gaeb;leistungsbeschreibungen/260714 Angebotsaufforderung Heizung-Sanitär.x83
0010;Abwasserleitung aus PP-Rohr DIN EN 1451-1, heißwasserbeständig (bis 95 Grad C) und schallgedämmt, für Schmutzwasser, DN/OD 50, Verbindung mit Steckmuffe, einschl. Dichtringen, Verlegung in Gebäuden, Form- und Verbindungsstücke werden gesondert vergütet, besondere Rohrbefestigungen werden gesondert v;20,0;m;gaeb;leistungsbeschreibungen/260714 Angebotsaufforderung Heizung-Sanitär.x83
0020;DN/OD 75,;10,0;m;gaeb;leistungsbeschreibungen/260714 Angebotsaufforderung Heizung-Sanitär.x83
0030;DN/OD 100,;35,0;m;gaeb;leistungsbeschreibungen/260714 Angebotsaufforderung Heizung-Sanitär.x83
0040;Passstück bis 50 cm, für Abwasserleitung, aus PP-Rohr DIN EN 1451-1, heißwasserbeständig (bis 95 Grad C) und schallgedämmt, DN/OD 50.;10,0;St;gaeb;leistungsbeschreibungen/260714 Angebotsaufforderung Heizung-Sanitär.x83
0050;DN/OD 75.;5,0;St;gaeb;leistungsbeschreibungen/260714 Angebotsaufforderung Heizung-Sanitär.x83
0060;DN/OD 100.;15,0;St;gaeb;leistungsbeschreibungen/260714 Angebotsaufforderung Heizung-Sanitär.x83
0070;Bogen, bis 45 Grad, für Abwasserleitung, aus PP-Rohr DIN EN 1451-1, heißwasserbeständig (bis 95 Grad C) und schallgedämmt, DN/OD 50.;45,0;St;gaeb;leistungsbeschreibungen/260714 Angebotsaufforderung Heizung-Sanitär.x83
0080;DN/OD 75.;10,0;St;gaeb;leistungsbeschreibungen/260714 Angebotsaufforderung Heizung-Sanitär.x83
0090;DN/OD 90.;2,0;St;gaeb;leistungsbeschreibungen/260714 Angebotsaufforderung Heizung-Sanitär.x83
0100;DN/OD 100.;10,0;St;gaeb;leistungsbeschreibungen/260714 Angebotsaufforderung Heizung-Sanitär.x83
0110;Bogen, 87 Grad, für Abwasserleitung, aus PP-Rohr DIN EN 1451-1, heißwasserbeständig (bis 95 Grad C) und schallgedämmt, DN/OD 50.;10,0;St;gaeb;leistungsbeschreibungen/260714 Angebotsaufforderung Heizung-Sanitär.x83
0120;DN/OD 75.;8,0;St;gaeb;leistungsbeschreibungen/260714 Angebotsaufforderung Heizung-Sanitär.x83
0130;DN/OD 100.;10,0;St;gaeb;leistungsbeschreibungen/260714 Angebotsaufforderung Heizung-Sanitär.x83
0140;Abzweig, bis 45 Grad, für Abwasserleitung, aus PP-Rohr DIN EN 1451-1, heißwasserbeständig (bis 95 Grad C) und schallgedämmt, DN/OD 50.;7,0;St;gaeb;leistungsbeschreibungen/260714 Angebotsaufforderung Heizung-Sanitär.x83
0150;DN/OD 75.;2,0;St;gaeb;leistungsbeschreibungen/260714 Angebotsaufforderung Heizung-Sanitär.x83
0160;DN/OD 100.;5,0;St;gaeb;leistungsbeschreibungen/260714 Angebotsaufforderung Heizung-Sanitär.x83
0170;Abzweig, 87 Grad, für Abwasserleitung, aus PP-Rohr DIN EN 1451-1, heißwasserbeständig (bis 95 Grad C) und schallgedämmt, DN/OD 50.;3,0;St;gaeb;leistungsbeschreibungen/260714 Angebotsaufforderung Heizung-Sanitär.x83
0180;DN/OD 75.;2,0;St;gaeb;leistungsbeschreibungen/260714 Angebotsaufforderung Heizung-Sanitär.x83
0190;DN/OD 100.;4,0;St;gaeb;leistungsbeschreibungen/260714 Angebotsaufforderung Heizung-Sanitär.x83
0200;Reduzierstück, für Abwasserleitung, aus PP-Rohr DIN EN 1451-1, heißwasserbeständig (bis 95 Grad C) und schallgedämmt, DN/OD 75, 2. DN/OD 50.;5,0;St;gaeb;leistungsbeschreibungen/260714 Angebotsaufforderung Heizung-Sanitär.x83
0210;DN/OD 100,;8,0;St;gaeb;leistungsbeschreibungen/260714 Angebotsaufforderung Heizung-Sanitär.x83
0220;DN/OD 100, 2. DN/OD 75.;6,0;St;gaeb;leistungsbeschreibungen/260714 Angebotsaufforderung Heizung-Sanitär.x83
0230;DN/OD 100, 2. DN/OD 90.;4,0;St;gaeb;leistungsbeschreibungen/260714 Angebotsaufforderung Heizung-Sanitär.x83
0240;Langmuffe, 2-fache Muffentiefe, für Abwasserleitung, aus PP-Rohr DIN EN 1451-1, heißwasserbeständig (bis 95 Grad C) und schallgedämmt, DN/OD 50.;4,0;St;gaeb;leistungsbeschreibungen/260714 Angebotsaufforderung Heizung-Sanitär.x83
0250;DN/OD 75.;6,0;St;gaeb;leistungsbeschreibungen/260714 Angebotsaufforderung Heizung-Sanitär.x83
0260;DN/OD 100.;4,0;St;gaeb;leistungsbeschreibungen/260714 Angebotsaufforderung Heizung-Sanitär.x83
0270;Enddeckel, für Abwasserleitung, aus PP-Rohr DIN EN 1451-1, heißwasserbeständig (bis 95 Grad C) und schallgedämmt, DN/OD 50.;2,0;St;gaeb;leistungsbeschreibungen/260714 Angebotsaufforderung Heizung-Sanitär.x83
0280;DN/OD 75.;2,0;St;gaeb;leistungsbeschreibungen/260714 Angebotsaufforderung Heizung-Sanitär.x83
0290;DN/OD 100.;4,0;St;gaeb;leistungsbeschreibungen/260714 Angebotsaufforderung Heizung-Sanitär.x83
0300;Reinigungsrohr mit Verschlussdeckel, Deckel rund, für Abwasserleitung, aus PP-Rohr DIN EN 1451-1, heißwasserbeständig (bis 95 Grad C) und schallgedämmt, DN/OD 75.;4,0;St;gaeb;leistungsbeschreibungen/260714 Angebotsaufforderung Heizung-Sanitär.x83
0310;DN/OD 100.;6,0;St;gaeb;leistungsbeschreibungen/260714 Angebotsaufforderung Heizung-Sanitär.x83
0010;Rohrleitung aus nichtrostenden Stahlrohren DVGW GW 541, geschweißt, für Trinkwasser DIN 1988-200, Außendurchmesser 15 mm, Wanddicke 1 mm, Verbindung durch Pressen, mit Verpresstkennzeichnung und Prüfsicherheit, einschl. Dichtungsmittel und Herstellen der Verbindungen, Form- und Verbindungsstücke wer;80,0;m;gaeb;leistungsbeschreibungen/260714 Angebotsaufforderung Heizung-Sanitär.x83
0020;Außendurchmesser 18 mm,;30,0;m;gaeb;leistungsbeschreibungen/260714 Angebotsaufforderung Heizung-Sanitär.x83
0030;Außendurchmesser 22 mm, Wanddicke 1,2 mm,;40,0;m;gaeb;leistungsbeschreibungen/260714 Angebotsaufforderung Heizung-Sanitär.x83
0040;Außendurchmesser 28 mm, Wanddicke 1,2 mm,;55,0;m;gaeb;leistungsbeschreibungen/260714 Angebotsaufforderung Heizung-Sanitär.x83
0050;Außendurchmesser 35 mm, Wanddicke 1,5 mm,;30,0;m;gaeb;leistungsbeschreibungen/260714 Angebotsaufforderung Heizung-Sanitär.x83
0060;Bogen, aus nichtrostendem Stahl, über 45 bis 90 Grad, für Rohrleitung aus nichtrostendem Stahl, für Trinkwasser DIN 1988-200, als Pressverbindung mit DVGW-Zertifizierung, mit Verpresstkennzeichnung und Prüfsicherheit, Außendurchmesser 15 mm.;80,0;St;gaeb;leistungsbeschreibungen/260714 Angebotsaufforderung Heizung-Sanitär.x83
0070;Außendurchmesser 18 mm.;20,0;St;gaeb;leistungsbeschreibungen/260714 Angebotsaufforderung Heizung-Sanitär.x83
0080;Außendurchmesser 22 mm.;20,0;St;gaeb;leistungsbeschreibungen/260714 Angebotsaufforderung Heizung-Sanitär.x83
0090;Außendurchmesser 28 mm.;15,0;St;gaeb;leistungsbeschreibungen/260714 Angebotsaufforderung Heizung-Sanitär.x83
0100;Außendurchmesser 35 mm.;7,0;St;gaeb;leistungsbeschreibungen/260714 Angebotsaufforderung Heizung-Sanitär.x83
0110;Bogen, aus nichtrostendem Stahl, bis 45 Grad, für Rohrleitung aus nichtrostendem Stahl, für Trinkwasser DIN 1988-200, als Pressverbindung mit DVGW-Zertifizierung, mit Verpresstkennzeichnung und Prüfsicherheit, Außendurchmesser 15 mm.;30,0;St;gaeb;leistungsbeschreibungen/260714 Angebotsaufforderung Heizung-Sanitär.x83
0120;Außendurchmesser 18 mm.;10,0;St;gaeb;leistungsbeschreibungen/260714 Angebotsaufforderung Heizung-Sanitär.x83
0130;Außendurchmesser 22 mm.;10,0;St;gaeb;leistungsbeschreibungen/260714 Angebotsaufforderung Heizung-Sanitär.x83
0140;Außendurchmesser 28 mm.;15,0;St;gaeb;leistungsbeschreibungen/260714 Angebotsaufforderung Heizung-Sanitär.x83
0150;Außendurchmesser 35 mm.;3,0;St;gaeb;leistungsbeschreibungen/260714 Angebotsaufforderung Heizung-Sanitär.x83
0160;Muffe, aus nichtrostendem Stahl, für Rohrleitung aus nichtrostendem Stahl, für Trinkwasser DIN 1988-200, als Pressverbindung mit DVGW-Zertifizierung, mit Verpresstkennzeichnung und Prüfsicherheit, Außendurchmesser 15 mm.;20,0;St;gaeb;leistungsbeschreibungen/260714 Angebotsaufforderung Heizung-Sanitär.x83
0170;Außendurchmesser 18 mm.;15,0;St;gaeb;leistungsbeschreibungen/260714 Angebotsaufforderung Heizung-Sanitär.x83
0180;Außendurchmesser 22 mm.;15,0;St;gaeb;leistungsbeschreibungen/260714 Angebotsaufforderung Heizung-Sanitär.x83
0190;Außendurchmesser 28 mm.;20,0;St;gaeb;leistungsbeschreibungen/260714 Angebotsaufforderung Heizung-Sanitär.x83
0200;Außendurchmesser 35 mm.;10,0;St;gaeb;leistungsbeschreibungen/260714 Angebotsaufforderung Heizung-Sanitär.x83
0210;Außendurchmesser 42 mm.;5,0;St;gaeb;leistungsbeschreibungen/260714 Angebotsaufforderung Heizung-Sanitär.x83
0220;T-Stück, aus nichtrostendem Stahl, für Rohrleitung aus nichtrostendem Stahl, für Trinkwasser DIN 1988-200, als Pressverbindung mit DVGW-Zertifizierung, mit Verpresstkennzeichnung und Prüfsicherheit, Außendurchmesser 15 mm.;18,0;St;gaeb;leistungsbeschreibungen/260714 Angebotsaufforderung Heizung-Sanitär.x83
0230;Außendurchmesser 18 mm.;5,0;St;gaeb;leistungsbeschreibungen/260714 Angebotsaufforderung Heizung-Sanitär.x83
0240;Außendurchmesser 22 mm.;6,0;St;gaeb;leistungsbeschreibungen/260714 Angebotsaufforderung Heizung-Sanitär.x83
0250;Außendurchmesser 28 mm.;8,0;St;gaeb;leistungsbeschreibungen/260714 Angebotsaufforderung Heizung-Sanitär.x83
0260;Außendurchmesser 35 mm.;2,0;St;gaeb;leistungsbeschreibungen/260714 Angebotsaufforderung Heizung-Sanitär.x83
0270;Außendurchmesser 42 mm.;1,0;St;gaeb;leistungsbeschreibungen/260714 Angebotsaufforderung Heizung-Sanitär.x83
0280;T-Stück, reduziert, aus nichtrostendem Stahl, für Rohrleitung aus nichtrostendem Stahl, für Nichttrinkwasser, als Pressverbindung, mit Verpresstkennzeichnung und Prüfsicherheit, Außendurchmesser 18 mm, 2. Durchmesser 15 mm.;6,0;St;gaeb;leistungsbeschreibungen/260714 Angebotsaufforderung Heizung-Sanitär.x83
0290;Außendurchmesser 22 mm, 2. Durchmesser 18 mm.;4,0;St;gaeb;leistungsbeschreibungen/260714 Angebotsaufforderung Heizung-Sanitär.x83
0300;Außendurchmesser 28 mm, 2. Durchmesser 22 mm.;3,0;St;gaeb;leistungsbeschreibungen/260714 Angebotsaufforderung Heizung-Sanitär.x83
0310;Außendurchmesser 35 mm, 2. Durchmesser 28 mm.;2,0;St;gaeb;leistungsbeschreibungen/260714 Angebotsaufforderung Heizung-Sanitär.x83
0320;Außendurchmesser 42 mm, 2. Durchmesser 35 mm.;1,0;St;gaeb;leistungsbeschreibungen/260714 Angebotsaufforderung Heizung-Sanitär.x83
0330;Reduzierstück, aus nichtrostendem Stahl, für Rohrleitung aus nichtrostendem Stahl, für Nichttrinkwasser, als Pressverbindung, mit Verpresstkennzeichnung und Prüfsicherheit, Außendurchmesser 18 mm, 2. Durchmesser 15 mm.;2,0;St;gaeb;leistungsbeschreibungen/260714 Angebotsaufforderung Heizung-Sanitär.x83
0340;Außendurchmesser 22 mm, 2. Durchmesser 18 mm.;4,0;St;gaeb;leistungsbeschreibungen/260714 Angebotsaufforderung Heizung-Sanitär.x83
0350;Außendurchmesser 28 mm,;3,0;St;gaeb;leistungsbeschreibungen/260714 Angebotsaufforderung Heizung-Sanitär.x83
0360;Außendurchmesser 28 mm, 2. Durchmesser 18 mm.;5,0;St;gaeb;leistungsbeschreibungen/260714 Angebotsaufforderung Heizung-Sanitär.x83
0370;Außendurchmesser 28 mm, 2. Durchmesser 22 mm.;4,0;St;gaeb;leistungsbeschreibungen/260714 Angebotsaufforderung Heizung-Sanitär.x83
0380;Außendurchmesser 35 mm,;2,0;St;gaeb;leistungsbeschreibungen/260714 Angebotsaufforderung Heizung-Sanitär.x83
0390;Außendurchmesser 35 mm, 2. Durchmesser 22 mm.;3,0;St;gaeb;leistungsbeschreibungen/260714 Angebotsaufforderung Heizung-Sanitär.x83
0400;Außendurchmesser 35 mm, 2. Durchmesser 28 mm.;2,0;St;gaeb;leistungsbeschreibungen/260714 Angebotsaufforderung Heizung-Sanitär.x83
0410;Außendurchmesser 42 mm, 2. Durchmesser 35 mm.;1,0;St;gaeb;leistungsbeschreibungen/260714 Angebotsaufforderung Heizung-Sanitär.x83
0420;Übergangsstück, mit Einsteckende und Außengewinde, aus nichtrostendem Stahl, für Rohrleitung aus nichtrostendem Stahl, für Trinkwasser DIN 1988-200, als Pressverbindung mit DVGW-Zertifizierung, mit Verpresstkennzeichnung und Prüfsicherheit, Außendurchmesser 15 mm, Gewindeanschluss R 3/8.;1,0;St;gaeb;leistungsbeschreibungen/260714 Angebotsaufforderung Heizung-Sanitär.x83
0430;Übergangsstück, mit Einsteckende und Außengewinde, aus nichtrostendem Stahl, für Rohrleitung aus nichtrostendem Stahl, für Trinkwasser DIN 1988-200, als Pressverbindung mit DVGW-Zertifizierung, mit Verpresstkennzeichnung und Prüfsicherheit, Außendurchmesser 15 mm, Gewindeanschluss R 1/2.;3,0;St;gaeb;leistungsbeschreibungen/260714 Angebotsaufforderung Heizung-Sanitär.x83
0440;Übergangsstück, mit Einsteckende und Außengewinde, aus nichtrostendem Stahl, für Rohrleitung aus nichtrostendem Stahl, für Trinkwasser DIN 1988-200, als Pressverbindung mit DVGW-Zertifizierung, mit Verpresstkennzeichnung und Prüfsicherheit, Außendurchmesser 18 mm, Gewindeanschluss R 1/2.;4,0;St;gaeb;leistungsbeschreibungen/260714 Angebotsaufforderung Heizung-Sanitär.x83
0450;Übergangsstück, mit Einsteckende und Außengewinde, aus nichtrostendem Stahl, für Rohrleitung aus nichtrostendem Stahl, für Trinkwasser DIN 1988-200, als Pressverbindung mit DVGW-Zertifizierung, mit Verpresstkennzeichnung und Prüfsicherheit, Außendurchmesser 18 mm, Gewindeanschluss R 3/4.;2,0;St;gaeb;leistungsbeschreibungen/260714 Angebotsaufforderung Heizung-Sanitär.x83
0460;Übergangsstück, mit Einsteckende und Außengewinde, aus nichtrostendem Stahl, für Rohrleitung aus nichtrostendem Stahl, für Trinkwasser DIN 1988-200, als Pressverbindung mit DVGW-Zertifizierung, mit Verpresstkennzeichnung und Prüfsicherheit, Außendurchmesser 22 mm, Gewindeanschluss R 1/2.;3,0;St;gaeb;leistungsbeschreibungen/260714 Angebotsaufforderung Heizung-Sanitär.x83
0470;Übergangsstück, mit Einsteckende und Außengewinde, aus nichtrostendem Stahl, für Rohrleitung aus nichtrostendem Stahl, für Trinkwasser DIN 1988-200, als Pressverbindung mit DVGW-Zertifizierung, mit Verpresstkennzeichnung und Prüfsicherheit, Außendurchmesser 22 mm, Gewindeanschluss R 3/4.;5,0;St;gaeb;leistungsbeschreibungen/260714 Angebotsaufforderung Heizung-Sanitär.x83
0480;Übergangsstück, mit Einsteckende und Außengewinde, aus nichtrostendem Stahl, für Rohrleitung aus nichtrostendem Stahl, für Trinkwasser DIN 1988-200, als Pressverbindung mit DVGW-Zertifizierung, mit Verpresstkennzeichnung und Prüfsicherheit, Außendurchmesser 28 mm, Gewindeanschluss R 3/4.;3,0;St;gaeb;leistungsbeschreibungen/260714 Angebotsaufforderung Heizung-Sanitär.x83
0490;Übergangsstück mit Überwurfmutter, aus nichtrostendem Stahl, für Rohrleitung aus nichtrostendem Stahl, für Trinkwasser DIN 1988-200, als Pressverbindung mit DVGW-Zertifizierung, mit Verpresstkennzeichnung und Prüfsicherheit, Außendurchmesser 15 mm, Gewindeanschluss G 1/2.;2,0;St;gaeb;leistungsbeschreibungen/260714 Angebotsaufforderung Heizung-Sanitär.x83
0500;Übergangsstück mit Überwurfmutter, aus nichtrostendem Stahl, für Rohrleitung aus nichtrostendem Stahl, für Trinkwasser DIN 1988-200, als Pressverbindung mit DVGW-Zertifizierung, mit Verpresstkennzeichnung und Prüfsicherheit, Außendurchmesser 15 mm, Gewindeanschluss G 3/4.;4,0;St;gaeb;leistungsbeschreibungen/260714 Angebotsaufforderung Heizung-Sanitär.x83
0510;Übergangsstück mit Überwurfmutter, aus nichtrostendem Stahl, für Rohrleitung aus nichtrostendem Stahl, für Trinkwasser DIN 1988-200, als Pressverbindung mit DVGW-Zertifizierung, mit Verpresstkennzeichnung und Prüfsicherheit, Außendurchmesser 15 mm, Gewindeanschluss G 1.;6,0;St;gaeb;leistungsbeschreibungen/260714 Angebotsaufforderung Heizung-Sanitär.x83
0520;Übergangsstück mit Überwurfmutter, aus nichtrostendem Stahl, für Rohrleitung aus nichtrostendem Stahl, für Trinkwasser DIN 1988-200, als Pressverbindung mit DVGW-Zertifizierung, mit Verpresstkennzeichnung und Prüfsicherheit, Außendurchmesser 18 mm, Gewindeanschluss G 3/4.;2,0;St;gaeb;leistungsbeschreibungen/260714 Angebotsaufforderung Heizung-Sanitär.x83
0530;Anschlusswinkel einschl. Abpressstopfen, verdrehsicher, in 45-Grad-Stufen arretierbar, aus nichtrostendem Stahl, Anschlussmaße Rp 1/2/15 mm, für Rohrleitung aus nichtrostendem Stahl, für Trinkwasser DIN 1988-200, als Pressverbindung mit DVGW-Zertifizierung, mit Verpresstkennzeichnung und Prüfsicherh;6,0;St;gaeb;leistungsbeschreibungen/260714 Angebotsaufforderung Heizung-Sanitär.x83
0540;Anschlusswinkel einschl. Abpressstopfen, verdrehsicher, in 45-Grad-Stufen arretierbar, aus nichtrostendem Stahl, Anschlussmaße Rp 1/2/18 mm, für Rohrleitung aus nichtrostendem Stahl, für Trinkwasser DIN 1988-200, als Pressverbindung mit DVGW-Zertifizierung, mit Verpresstkennzeichnung und Prüfsicherh;6,0;St;gaeb;leistungsbeschreibungen/260714 Angebotsaufforderung Heizung-Sanitär.x83
0550;Doppelanschlusswinkel einschl. Abpressstopfen, verdrehsicher, in 45-Grad-Stufen arretierbar, aus nichtrostendem Stahl, Anschlussmaße Rp 1/2/15 mm, für Rohrleitung aus nichtrostendem Stahl, für Trinkwasser DIN 1988-200, als Pressverbindung mit DVGW-Zertifizierung, mit Verpresstkennzeichnung und Prüfs;10,0;St;gaeb;leistungsbeschreibungen/260714 Angebotsaufforderung Heizung-Sanitär.x83
0560;Doppelanschlusswinkel einschl. Abpressstopfen, verdrehsicher, in 45-Grad-Stufen arretierbar, aus nichtrostendem Stahl, Anschlussmaße Rp 1/2/18 mm, für Rohrleitung aus nichtrostendem Stahl, für Trinkwasser DIN 1988-200, als Pressverbindung mit DVGW-Zertifizierung, mit Verpresstkennzeichnung und Prüfs;10,0;St;gaeb;leistungsbeschreibungen/260714 Angebotsaufforderung Heizung-Sanitär.x83
0570;Doppelanschlusswinkel einschl. Abpressstopfen, verdrehsicher, in 45-Grad-Stufen arretierbar, aus nichtrostendem Stahl, Anschlussmaße Rp 1/2/22 mm, für Rohrleitung aus nichtrostendem Stahl, für Trinkwasser DIN 1988-200, als Pressverbindung mit DVGW-Zertifizierung, mit Verpresstkennzeichnung und Prüfs;2,0;St;gaeb;leistungsbeschreibungen/260714 Angebotsaufforderung Heizung-Sanitär.x83
0580;Kappe, aus nichtrostendem Stahl, für Rohrleitung aus nichtrostendem Stahl, für Trinkwasser DIN 1988-200, als Pressverbindung mit DVGW-Zertifizierung, mit Verpresstkennzeichnung und Prüfsicherheit, Außendurchmesser 15 mm.;4,0;St;gaeb;leistungsbeschreibungen/260714 Angebotsaufforderung Heizung-Sanitär.x83
0590;Außendurchmesser 18 mm.;2,0;St;gaeb;leistungsbeschreibungen/260714 Angebotsaufforderung Heizung-Sanitär.x83
0600;Außendurchmesser 22 mm.;6,0;St;gaeb;leistungsbeschreibungen/260714 Angebotsaufforderung Heizung-Sanitär.x83
0610;Außendurchmesser 28 mm.;2,0;St;gaeb;leistungsbeschreibungen/260714 Angebotsaufforderung Heizung-Sanitär.x83
0620;Außendurchmesser 35 mm.;4,0;St;gaeb;leistungsbeschreibungen/260714 Angebotsaufforderung Heizung-Sanitär.x83
0630;Außendurchmesser 42 mm.;3,0;St;gaeb;leistungsbeschreibungen/260714 Angebotsaufforderung Heizung-Sanitär.x83
0640;Rohrleitung aus Mehrschichtverbundwerkstoff, für Trinkwasser warm und kalt DIN 1988-200, Außendurchmesser 16 mm, in Ringen, Verbindung durch Pressen, einschl. Klebe- und Dichtungsmittel, sowie Herstellen der Verbindungen, Form- und Verbindungsstücke werden gesondert vergütet, besondere Rohrbefestigu;60,0;m;gaeb;leistungsbeschreibungen/260714 Angebotsaufforderung Heizung-Sanitär.x83
0650;Außendurchmesser 20 mm,;15,0;m;gaeb;leistungsbeschreibungen/260714 Angebotsaufforderung Heizung-Sanitär.x83
0660;Außendurchmesser 26 mm,;20,0;m;gaeb;leistungsbeschreibungen/260714 Angebotsaufforderung Heizung-Sanitär.x83
0670;Außendurchmesser 32 mm,;10,0;m;gaeb;leistungsbeschreibungen/260714 Angebotsaufforderung Heizung-Sanitär.x83
0680;Winkel, als Pressfitting mit DVGW-Zertifizierung, über 45 bis 90 Grad, aus Kunststoff, für Rohrleitung aus Mehrschichtverbundwerkstoff, für Trinkwasser warm und kalt DIN 1988-200, Durchmesser 16 mm.;55,0;St;gaeb;leistungsbeschreibungen/260714 Angebotsaufforderung Heizung-Sanitär.x83
0690;Durchmesser 20 mm.;15,0;St;gaeb;leistungsbeschreibungen/260714 Angebotsaufforderung Heizung-Sanitär.x83
0700;Durchmesser 26 mm.;15,0;St;gaeb;leistungsbeschreibungen/260714 Angebotsaufforderung Heizung-Sanitär.x83
0710;Durchmesser 32 mm.;5,0;St;gaeb;leistungsbeschreibungen/260714 Angebotsaufforderung Heizung-Sanitär.x83
0720;Kupplung, als Pressfitting mit DVGW-Zertifizierung, aus Messing, mit Verpresstkennzeichnung und Prüfsicherheit, für Rohrleitung aus Mehrschichtverbundwerkstoff, für Trinkwasser warm und kalt DIN 1988-200, Durchmesser 16 mm.;10,0;St;gaeb;leistungsbeschreibungen/260714 Angebotsaufforderung Heizung-Sanitär.x83
0730;Durchmesser 20 mm.;8,0;St;gaeb;leistungsbeschreibungen/260714 Angebotsaufforderung Heizung-Sanitär.x83
0740;Durchmesser 26 mm.;10,0;St;gaeb;leistungsbeschreibungen/260714 Angebotsaufforderung Heizung-Sanitär.x83
0750;Durchmesser 32 mm.;5,0;St;gaeb;leistungsbeschreibungen/260714 Angebotsaufforderung Heizung-Sanitär.x83
0760;T-Stück, als Pressfitting mit DVGW-Zertifizierung, aus Kunststoff, mit Verpresstkennzeichnung und Prüfsicherheit, für Rohrleitung aus Mehrschichtverbundwerkstoff, für Trinkwasser warm und kalt DIN 1988-200, Durchmesser 16 mm.;9,0;St;gaeb;leistungsbeschreibungen/260714 Angebotsaufforderung Heizung-Sanitär.x83
0770;Durchmesser 20 mm.;3,0;St;gaeb;leistungsbeschreibungen/260714 Angebotsaufforderung Heizung-Sanitär.x83
0780;Durchmesser 26 mm.;4,0;St;gaeb;leistungsbeschreibungen/260714 Angebotsaufforderung Heizung-Sanitär.x83
0790;Durchmesser 32 mm.;1,0;St;gaeb;leistungsbeschreibungen/260714 Angebotsaufforderung Heizung-Sanitär.x83
0800;T-Stück, reduziert, als Pressfitting mit DVGW-Zertifizierung, aus Kunststoff, mit Verpresstkennzeichnung und Prüfsicherheit, für Rohrleitung aus Mehrschichtverbundwerkstoff, für Trinkwasser kalt DIN 1988-200, Durchmesser 20 mm, 2. Durchmesser 16 mm.;3,0;St;gaeb;leistungsbeschreibungen/260714 Angebotsaufforderung Heizung-Sanitär.x83
0810;Durchmesser 26 mm,;2,0;St;gaeb;leistungsbeschreibungen/260714 Angebotsaufforderung Heizung-Sanitär.x83
0820;Durchmesser 26 mm, 2. Durchmesser 20 mm.;2,0;St;gaeb;leistungsbeschreibungen/260714 Angebotsaufforderung Heizung-Sanitär.x83
0830;Durchmesser 32 mm, 2. Durchmesser 26 mm.;3,0;St;gaeb;leistungsbeschreibungen/260714 Angebotsaufforderung Heizung-Sanitär.x83
0840;Reduzierstück, als Pressfitting mit DVGW-Zertifizierung, aus Kunststoff, mit Verpresstkennzeichnung und Prüfsicherheit, für Rohrleitung aus Mehrschichtverbundwerkstoff, für Trinkwasser warm und kalt DIN 1988-200, Durchmesser 20 mm, 2. Durchmesser 16 mm.;4,0;St;gaeb;leistungsbeschreibungen/260714 Angebotsaufforderung Heizung-Sanitär.x83
0850;Durchmesser 26 mm, 2. Durchmesser 20 mm.;3,0;St;gaeb;leistungsbeschreibungen/260714 Angebotsaufforderung Heizung-Sanitär.x83
0860;Durchmesser 32 mm, 2. Durchmesser 26 mm.;5,0;St;gaeb;leistungsbeschreibungen/260714 Angebotsaufforderung Heizung-Sanitär.x83
0870;Übergangsverschraubung, als Pressfitting mit DVGW-Zertifizierung, über 45 bis 90 Grad, aus Rotguss, flach dichtend, mit Verpresstkennzeichnung und Prüfsicherheit, mit Außengewinde, für Rohrleitung aus Mehrschichtverbundwerkstoff, für Trinkwasser kalt DIN 1988-200, Durchmesser 16 mm, Gewindeanschluss;8,0;St;gaeb;leistungsbeschreibungen/260714 Angebotsaufforderung Heizung-Sanitär.x83
0880;Durchmesser 20 mm,;8,0;St;gaeb;leistungsbeschreibungen/260714 Angebotsaufforderung Heizung-Sanitär.x83
0890;Durchmesser 26 mm, Gewindeanschluss R 3/4.;4,0;St;gaeb;leistungsbeschreibungen/260714 Angebotsaufforderung Heizung-Sanitär.x83
0900;Durchmesser 32 mm, Gewindeanschluss R 1.;6,0;St;gaeb;leistungsbeschreibungen/260714 Angebotsaufforderung Heizung-Sanitär.x83
0010;Absperrventil mit Schallschutzprüfzeichen DIN EN ISO 3822-1 Klasse I, für Trinkwasserleitung DIN 1988-200, Gehäuse, Oberteil und wasserberührende Teile der Innengarnitur aus Rotguss DIN EN 1982, Schrägsitzform, mit wartungsfreier Spindelabdichtung, mit Handrad, beiderseits Pressverschraubung, Nenndr;6,0;St;gaeb;leistungsbeschreibungen/260714 Angebotsaufforderung Heizung-Sanitär.x83
0020;Absperrventil mit Schallschutzprüfzeichen DIN EN ISO 3822-1 Klasse I, für Trinkwasserleitung DIN 1988-200, Gehäuse, Oberteil und wasserberührende Teile der Innengarnitur aus Rotguss DIN EN 1982, Schrägsitzform, mit wartungsfreier Spindelabdichtung, mit Handrad, beiderseits Pressverschraubung, Nenndr;2,0;St;gaeb;leistungsbeschreibungen/260714 Angebotsaufforderung Heizung-Sanitär.x83
0030;Absperrventil mit Schallschutzprüfzeichen DIN EN ISO 3822-1 Klasse I, für Trinkwasserleitung DIN 1988-200, Gehäuse, Oberteil und wasserberührende Teile der Innengarnitur aus Rotguss DIN EN 1982, Schrägsitzform, mit wartungsfreier Spindelabdichtung, mit Handrad, beiderseits Pressverschraubung, Nenndr;2,0;St;gaeb;leistungsbeschreibungen/260714 Angebotsaufforderung Heizung-Sanitär.x83
0040;Absperrventil mit Schallschutzprüfzeichen DIN EN ISO 3822-1 Klasse I, für Trinkwasserleitung DIN 1988-200, Gehäuse, Oberteil und wasserberührende Teile der Innengarnitur aus Rotguss DIN EN 1982, Schrägsitzform, mit wartungsfreier Spindelabdichtung, mit Handrad, beiderseits Pressverschraubung, Nenndr;2,0;St;gaeb;leistungsbeschreibungen/260714 Angebotsaufforderung Heizung-Sanitär.x83
0050;Absperrventil, für Trinkwasserleitung DIN 1988-200, Gehäuse, Oberteil und wasserberührende Teile der Innengarnitur aus Rotguss DIN EN 1982, Schrägsitzform, mit wartungsfreier Spindelabdichtung, mit Handrad, beiderseits Pressverschraubung, Nenndruck 1 MPa (10 bar), DN 40.;4,0;St;gaeb;leistungsbeschreibungen/260714 Angebotsaufforderung Heizung-Sanitär.x83
0060;Rückflussverhinderer DIN EN 13959, mit Schallschutzprüfzeichen DIN EN ISO 3822-1 Klasse I, für Trinkwasserleitung DIN 1988-200, beiderseits Pressverschraubung, mit Prüf- und Entleereinrichtung, Nenndruck 1 MPa (10 bar), DN 40, für waagerechten oder senkrechten Einbau, in Schrägsitzform mit Entleerun;1,0;St;gaeb;leistungsbeschreibungen/260714 Angebotsaufforderung Heizung-Sanitär.x83
0070;Filter, rückspülbar, Nenndurchfluss Qn 10 m3/h, für Trinkwasserleitung DIN 1988-200, DIN EN 13443-1, Filterfeinheit 80 bis 150 mym, mit Schallschutzprüfzeichen DIN EN ISO 3822-1 Klasse I, mit lichtundurchlässiger Filtertasse, Monatswartungsanzeige und differenzdruckgesteuerter Anzeige bei Verschmutz;1,0;St;gaeb;leistungsbeschreibungen/260714 Angebotsaufforderung Heizung-Sanitär.x83
0080;Probenahmeventil, zur Bestimmung mikrobiologischer und chemischer Parameter nach TrinkwVO, für Trinkwasser DIN 1988-200, Gehäuse, Oberteil und wasserberührende Teile der Innengarnitur aus nichtrostendem Stahl, Ventilkörper 360 Grad drehbar mit abflammbarem und drehbarem Auslaufbogen aus nichtrostend;1,0;St;gaeb;leistungsbeschreibungen/260714 Angebotsaufforderung Heizung-Sanitär.x83
0090;Außenarmatur, frostsicher, mit Schallschutzprüfzeichen DIN EN ISO 3822-1 Klasse I, DN 15, Anschlussgewinde, mit automatischer Entleerung, mit Schlauchanschlussverschraubung, Rohrbelüfter und Rückflussverhinderer, mit Betätigungsgriff, abschließbar, für Wanddicke bis 49 cm, einschl. Wanddurchführung.;1,0;St;gaeb;leistungsbeschreibungen/260714 Angebotsaufforderung Heizung-Sanitär.x83
0100;Elektro-Durchflusswassererwärmer, geschlossen, hängende Anordnung, für Einbau in Feuchtraum, mit VDE-EMC-Zeichen, für Unterbeckenmontage, Bemessungsbetriebsspannung 400 V AC, Leistung 11 kW, elektronisch geregelt, Anschluss G 3/8, für festen Anschluss, für Montage an Wand, Anschluss Aufputz.;1,0;St;gaeb;leistungsbeschreibungen/260714 Angebotsaufforderung Heizung-Sanitär.x83
0110;Leistung 13,5 kW,;1,0;St;gaeb;leistungsbeschreibungen/260714 Angebotsaufforderung Heizung-Sanitär.x83
0120;Leistung 21 kW, für Inwandmontage.;2,0;St;gaeb;leistungsbeschreibungen/260714 Angebotsaufforderung Heizung-Sanitär.x83
0130;Leistung 27 kW, für Inwandmontage.;1,0;St;gaeb;leistungsbeschreibungen/260714 Angebotsaufforderung Heizung-Sanitär.x83
0140;Installationselement, Einbau in Trockenbauwand mit vorh. Unterkonstruktion aus Metall, Bekleidung wird gesondert vergütet,;7,0;St;gaeb;leistungsbeschreibungen/260714 Angebotsaufforderung Heizung-Sanitär.x83
0150;Installationselement, Einbau in Trockenbauwand mit vorh. Unterkonstruktion aus Metall, Bekleidung wird gesondert vergütet,;1,0;St;gaeb;leistungsbeschreibungen/260714 Angebotsaufforderung Heizung-Sanitär.x83
0160;Installationselement, Einbau in Trockenbauwand mit vorh. Unterkonstruktion aus Metall, Bekleidung wird gesondert vergütet,;12,0;St;gaeb;leistungsbeschreibungen/260714 Angebotsaufforderung Heizung-Sanitär.x83
0170;Installationselement, Einbau in Trockenbauwand mit vorh. Unterkonstruktion aus Metall, Bekleidung wird gesondert vergütet,;1,0;St;gaeb;leistungsbeschreibungen/260714 Angebotsaufforderung Heizung-Sanitär.x83
0180;Installationselement, Einbau in Trockenbauwand mit vorh. Unterkonstruktion aus Metall, Bekleidung wird gesondert vergütet,;2,0;St;gaeb;leistungsbeschreibungen/260714 Angebotsaufforderung Heizung-Sanitär.x83
0190;Installationselement, Einbau in Trockenbauwand mit vorh. Unterkonstruktion aus Metall, Bekleidung wird gesondert vergütet,;1,0;St;gaeb;leistungsbeschreibungen/260714 Angebotsaufforderung Heizung-Sanitär.x83
0200;Hygienespülung für Spülkasten 12cm, Netzbetrieb;3,0;St;gaeb;leistungsbeschreibungen/260714 Angebotsaufforderung Heizung-Sanitär.x83
0210;Volumenstromsensor, intern;4,0;St;gaeb;leistungsbeschreibungen/260714 Angebotsaufforderung Heizung-Sanitär.x83
0220;Rohbauset mit Netzteil, für WC-Steuerungen mit elektr. Spül,;3,0;St;gaeb;leistungsbeschreibungen/260714 Angebotsaufforderung Heizung-Sanitär.x83
0010;Tiefspül-WC, aus Sanitärporzellan, glasiert, Farbton weiß, abgerundet, mit wasserabweisender Beschichtung, spülrandfrei, wandhängend, Spülmenge 4,5 l, Ausladung über 500 bis 600 mm, Abgang waagerecht, mit WC-Sitz, mit Deckel, Befestigung an Installationselement, mit Schallschutz DIN 4109-1, einschl.;7,0;St;gaeb;leistungsbeschreibungen/260714 Angebotsaufforderung Heizung-Sanitär.x83
0020;Tiefspül-WC, als barrierefreie Ausführung DIN 18040, aus Sanitärporzellan, glasiert, Farbton weiß, abgerundet, mit wasserabweisender Beschichtung, spülrandfrei, wandhängend, Spülmenge 4,5 l, Ausladung über 650 bis 700 mm, Abgang waagerecht, mit WC-Sitz, mit Deckel, Befestigung an Installationselemen;1,0;St;gaeb;leistungsbeschreibungen/260714 Angebotsaufforderung Heizung-Sanitär.x83
0030;Stützklappgriff für WC, aus Kunststoff mit Metallkern,;1,0;St;gaeb;leistungsbeschreibungen/260714 Angebotsaufforderung Heizung-Sanitär.x83
0040;Stützklappgriff für WC, aus Kunststoff mit Metallkern,;1,0;St;gaeb;leistungsbeschreibungen/260714 Angebotsaufforderung Heizung-Sanitär.x83
0050;Haltegriff, gerade Form, aus Kunststoff mit Metallkern, Profilquerschnitt rund, Länge 600 mm, gerade in seitlichem Halteelement gelagert, Befestigungsschrauben verdeckt, mit Halteelement, rund, aus Messing, verchromt, Befestigungsschrauben, verdeckt,;1,0;St;gaeb;leistungsbeschreibungen/260714 Angebotsaufforderung Heizung-Sanitär.x83
0060;Absaugurinal für Unterdrucktechnik DIN EN 12109, aus Sanitärporzellan, glasiert, für Wandmontage, Farbton weiß, mit Absaugwirkung, mit Wandeinbau-Absaugformstück, Befestigung an Installationselement, einschl. Verfüllen der Fugen, mit elastischer Dichtstoff DIN EN 15651-3, Fugenbreite 5 mm, Fugenausb;2,0;St;gaeb;leistungsbeschreibungen/260714 Angebotsaufforderung Heizung-Sanitär.x83
0070;Abdeckplatte für Einbauspülkasten, für Zweimengenspülung, aus Kunststoff, Farbton weiß, mit Betätigungselement, Auslösung manuell, für Betätigung von vorn, max. Betätigungskraft 20 N (leichte Betätigung), Ausführung gemäß Einzelbeschreibung,;8,0;St;gaeb;leistungsbeschreibungen/260714 Angebotsaufforderung Heizung-Sanitär.x83
0080;Abdeckplatte für Einbauspülkasten, für Einmengenspülung, aus Kunststoff, Farbton weiß, mit Betätigungselement, Auslösung manuell, für Betätigung von vorn, max. Betätigungskraft 20 N (leichte Betätigung), Ausführung gemäß Einzelbeschreibung,;2,0;St;gaeb;leistungsbeschreibungen/260714 Angebotsaufforderung Heizung-Sanitär.x83
0090;Waschbecken, Beckenaußenform oval, Beckeninnenform oval, schockgeprüft, aus Sanitärporzellan, Farbton weiß, glasiert, mit Loch für Einlocharmatur, mit Überlauf, für Ablaufventil, Breite über 550 bis 600 mm, Ausladung über 450 bis 500 mm, Befestigung an Installationselement, einschl. Verfüllen der Fu;12,0;St;gaeb;leistungsbeschreibungen/260714 Angebotsaufforderung Heizung-Sanitär.x83
0100;Selbstschlussbatterie für Waschplatz, DIN EN 816, Einhand-Standbatterie, DN 10, mechanisch gesteuert, aus Messing, verchromt, Auslösung durch Berührung, mit integrierter Mischeinrichtung, Betätigung der Mischeinrichtung von Hand, medienberührende Teile nickelfrei, Auslöseelement aus Metall, verchrom;12,0;St;gaeb;leistungsbeschreibungen/260714 Angebotsaufforderung Heizung-Sanitär.x83
0110;Eckventil, als Absperr- und Anschlussventil, DN 10, Geräuschverhalten DIN 4109-1 Gruppe I, mit Prüfbericht, mit Betätigungsgriff, verchromt, mit selbstdichtendem Gewindeanschluss G 1/2, Abgang mit Quetschverschraubung G 3/8, mit Schmutzfänger, aus Messing, verchromt, mit Schubrosette.;12,0;St;gaeb;leistungsbeschreibungen/260714 Angebotsaufforderung Heizung-Sanitär.x83
0120;Ablaufventil DIN EN 274-1, nicht absperrbar, für Waschbecken DN 32, Oberteil aus nichtrostendem Stahl, Unterteil aus Messing, poliert, als Siebventil, Gewindeanschluss aus Messing.;12,0;St;gaeb;leistungsbeschreibungen/260714 Angebotsaufforderung Heizung-Sanitär.x83
0130;Waschbecken DIN EN 31 (wandhängend), Beckenaußenform oval, Beckeninnenform oval, schockgeprüft, aus Sanitärporzellan, Farbton weiß, glasiert, mit Loch für Einlocharmatur, mit Überlauf, für Ablaufventil, unterfahrbar DIN 18040, Breite über 550 bis 600 mm, Ausladung über 500 bis 550 mm, Befestigung an;1,0;St;gaeb;leistungsbeschreibungen/260714 Angebotsaufforderung Heizung-Sanitär.x83
0140;Selbstschlussbatterie für Waschplatz, DIN EN 816, Einhand-Standbatterie, DN 10, mechanisch gesteuert, aus Messing, verchromt, Auslösung durch Berührung, mit integrierter Mischeinrichtung, Betätigung der Mischeinrichtung von Hand, medienberührende Teile nickelfrei, Auslöseelement aus Metall, verchrom;1,0;St;gaeb;leistungsbeschreibungen/260714 Angebotsaufforderung Heizung-Sanitär.x83
0150;Eckventil, als Absperr- und Anschlussventil, DN 10, Geräuschverhalten DIN 4109-1 Gruppe I, mit Prüfbericht, mit Betätigungsgriff, verchromt, mit selbstdichtendem Gewindeanschluss G 1/2, Abgang mit Quetschverschraubung G 3/8, mit Schmutzfänger, aus Messing, verchromt, mit Schubrosette.;1,0;St;gaeb;leistungsbeschreibungen/260714 Angebotsaufforderung Heizung-Sanitär.x83
0160;Geruchverschluss für Waschbecken, 1 1/4 x DN 32, aus Messing, verchromt, als Wandeinbaugeruchverschluss mit Kasten und Abdeckung, mit Ablaufbogen für Wandeinbaugeruchverschluss, höhenverstellbar, mit 2 Betriebsverschlüssen und einer Handabsperrung, mit Wandhalterung, mit Rosette.;1,0;St;gaeb;leistungsbeschreibungen/260714 Angebotsaufforderung Heizung-Sanitär.x83
0170;Ausgussbecken, schockgeprüft, aus Stahl, emailliert, Standardfarbton, wandhängend, mit Rückwand, mit Klapprost aus verzinktem Stahl, Befestigung an Installationselement, Breite über 400 bis 450 mm, Ausladung über 300 bis 350 mm,;1,0;St;gaeb;leistungsbeschreibungen/260714 Angebotsaufforderung Heizung-Sanitär.x83
0180;Wandauslaufventil DIN EN 200 DN 15, Armaturenkörper aus Metall, verchromt, Geräuschverhalten DIN 4109-1 Gruppe I, mit Prüfbericht, Durchflussklasse A (max. 0,25 l/s), mit schwenkbarem Rohrauslauf, mit Strahlregler ohne Luftansaugung DIN EN 246, Ausladung über 80 bis 150 mm, Oberteil mit Spindel, Aus;1,0;St;gaeb;leistungsbeschreibungen/260714 Angebotsaufforderung Heizung-Sanitär.x83
0190;Geruchverschluss für Ausgussbecken, 1 1/4 x DN 32, aus Kunststoff, Standardfarbton, mit Gummilippendichtung, als Röhrengeruchverschluss, für Bodenanschluss, mit Rosette.;1,0;St;gaeb;leistungsbeschreibungen/260714 Angebotsaufforderung Heizung-Sanitär.x83
0200;Eckventil, als kombiniertes Geräteanschlussventil, DN 10, Geräuschverhalten DIN 4109-1 Gruppe I, mit Prüfbericht, mit Betätigungsgriff, verchromt, mit selbstdichtendem Gewindeanschluss G 1/2, Abgang mit Quetschverschraubung G 3/8, aus Messing, verchromt, mit Schubrosette.;3,0;St;gaeb;leistungsbeschreibungen/260714 Angebotsaufforderung Heizung-Sanitär.x83
0210;Seifenspender,;10,0;St;gaeb;leistungsbeschreibungen/260714 Angebotsaufforderung Heizung-Sanitär.x83
0220;Manuell betätigter Desinfektionsmittelspender, Wandmontage in Aufputzausführung, mit Konsole, zur hygienischen Händedesinfektion, Nachfüllbehälter, Inhalt 0,8 l, mit vollständiger Erstbefüllung, Betätigung mit Armhebel, innenliegende Teile aus Kunststoff, mit steckbarer Pumpe, Dosiervolumen verstell;10,0;St;gaeb;leistungsbeschreibungen/260714 Angebotsaufforderung Heizung-Sanitär.x83
0230;Handtuchspender für Papierhandtücher in Zick-Zack-Falzung, für Wandaufbau, aus Kunststoff, Farbton weiß, abschließbar, mit vollständiger Erstfüllung, Fassungsvermögen 500 Handtücher, für Handtuchgröße 250 mm x 230 mm, mit Füllstandanzeiger,;9,0;St;gaeb;leistungsbeschreibungen/260714 Angebotsaufforderung Heizung-Sanitär.x83
0240;Abfallbehälter, aus nichtrostendem Stahl, Werkstoff-Nr 1.4301, matt geschliffen, für Wandaufbau, rechteckig, Fassungsvermögen über 40 bis 60 l, offen, Behälter klappbar mit Sicherung,;9,0;St;gaeb;leistungsbeschreibungen/260714 Angebotsaufforderung Heizung-Sanitär.x83
0250;Abfallbehälter, aus Kunststoff, Farbton weiß, für Wandaufbau, rund, Fassungsvermögen über 20 bis 40 l, mit Deckel, Behälter für Einwegbeutel.;9,0;St;gaeb;leistungsbeschreibungen/260714 Angebotsaufforderung Heizung-Sanitär.x83
0260;WC-Bürstengarnitur, aus Kunststoff,;7,0;St;gaeb;leistungsbeschreibungen/260714 Angebotsaufforderung Heizung-Sanitär.x83
0270;WC-Bürstengarnitur, aus Kunststoff,;1,0;St;gaeb;leistungsbeschreibungen/260714 Angebotsaufforderung Heizung-Sanitär.x83
0280;WC-Papierhalter, aus Kunststoff,;8,0;St;gaeb;leistungsbeschreibungen/260714 Angebotsaufforderung Heizung-Sanitär.x83
0290;WC-Papierersatzrollenhalter, aus Kunststoff, offene Form, für eine Rolle, für Wandaufbau, Befestigungsschrauben verdeckt, mit Halteelement, rund, aus Kunststoff, Befestigungsschrauben, verdeckt, mit rundem Dekorelement, aus Kunststoff.;8,0;St;gaeb;leistungsbeschreibungen/260714 Angebotsaufforderung Heizung-Sanitär.x83
0300;Haken, aus Kunststoff, Ausladung 45 mm, als Einfachhaken, Profilquerschnitt rund, Befestigungsschrauben sichtbar, mit Halteelement, rund, aus Messing, verchromt, Befestigungsschrauben, verdeckt.;10,0;St;gaeb;leistungsbeschreibungen/260714 Angebotsaufforderung Heizung-Sanitär.x83
0310;Haken, aus Kunststoff, Ausladung 45 mm, als Doppelhaken, Profilquerschnitt rund, Befestigungsschrauben sichtbar, mit Halteelement, rund, aus Messing, verchromt, Befestigungsschrauben, verdeckt.;10,0;St;gaeb;leistungsbeschreibungen/260714 Angebotsaufforderung Heizung-Sanitär.x83
0320;Kippspiegel, wandmontiert;1,0;St;gaeb;leistungsbeschreibungen/260714 Angebotsaufforderung Heizung-Sanitär.x83
0330;Spiegel, als Kristallspiegel, rechteckig,;5,0;St;gaeb;leistungsbeschreibungen/260714 Angebotsaufforderung Heizung-Sanitär.x83
0010;Wärmedämmung ohne Ummantelung DIN 4140 an haus- und betriebstechnischen Anlagen, an Rohrleitung, DN 12, Rohrverbindung als Pressverbindung, im Gebäude, Dämmung aus Mineralwolle DIN EN 14303, als Rohrschale, Dämmschichtdicke 20 mm, Brandverhaltensklasse DIN EN 13501-1 A1 (nichtbrennbar), Wärmeleitfäh;15,0;m;gaeb;leistungsbeschreibungen/260714 Angebotsaufforderung Heizung-Sanitär.x83
0020;Wärmedämmung ohne Ummantelung DIN 4140 an haus- und betriebstechnischen Anlagen, an Rohrleitung, DN 15, Rohrverbindung als Pressverbindung, im Gebäude, Dämmung aus Mineralwolle DIN EN 14303, als Rohrschale, Dämmschichtdicke 20 mm, Brandverhaltensklasse DIN EN 13501-1 A1 (nichtbrennbar), Wärmeleitfäh;15,0;m;gaeb;leistungsbeschreibungen/260714 Angebotsaufforderung Heizung-Sanitär.x83
0030;Bogen aus Mineralwolle DIN EN 14303, Wärmedämmung DIN 4140 an haus- und betriebstechnischen Anlagen, an Rohrleitung, DN 12, im Gebäude, Brandverhaltensklasse DIN EN 13501-1 A1 (nichtbrennbar), Wärmeleitfähigkeit 0,040 W/(mK) bei 40 Grad C Mitteltemperatur DIN EN 12667, Dämmschichtdicke 20 mm, kaschi;2,0;St;gaeb;leistungsbeschreibungen/260714 Angebotsaufforderung Heizung-Sanitär.x83
0040;Bogen aus Mineralwolle DIN EN 14303, Wärmedämmung DIN 4140 an haus- und betriebstechnischen Anlagen, an Rohrleitung, DN 15, im Gebäude, Brandverhaltensklasse DIN EN 13501-1 A1 (nichtbrennbar), Wärmeleitfähigkeit 0,040 W/(mK) bei 40 Grad C Mitteltemperatur DIN EN 12667, Dämmschichtdicke 20 mm, kaschi;2,0;St;gaeb;leistungsbeschreibungen/260714 Angebotsaufforderung Heizung-Sanitär.x83
0050;T-Stück aus Mineralwolle DIN EN 14303, Wärmedämmung DIN 4140 an haus- und betriebstechnischen Anlagen, an Rohrleitung, DN 15, im Gebäude, Brandverhaltensklasse DIN EN 13501-1 A1 (nichtbrennbar), Wärmeleitfähigkeit 0,040 W/(mK) bei 40 Grad C Mitteltemperatur DIN EN 12667, Dämmschichtdicke 20 mm, kasc;2,0;St;gaeb;leistungsbeschreibungen/260714 Angebotsaufforderung Heizung-Sanitär.x83
0060;T-Stück aus Mineralwolle DIN EN 14303, Wärmedämmung DIN 4140 an haus- und betriebstechnischen Anlagen, an Rohrleitung, DN 15, im Gebäude, Brandverhaltensklasse DIN EN 13501-1 A1 (nichtbrennbar), Wärmeleitfähigkeit 0,040 W/(mK) bei 40 Grad C Mitteltemperatur DIN EN 12667, Dämmschichtdicke 20 mm, kasc;2,0;St;gaeb;leistungsbeschreibungen/260714 Angebotsaufforderung Heizung-Sanitär.x83
0070;Wärmedämmung ohne Ummantelung DIN 4140 an haus- und betriebstechnischen Anlagen, an Rohrleitung, DN 12, im Gebäude, Dämmung aus flexiblem Elastomerschaum DIN EN 14304, Dämmschichtdicke mind. 20 mm, Baustoffklasse DIN 4102-1 B1 (schwerentflammbar), Wärmeleitfähigkeit 0,040 W/(mK) bei 40 Grad C Mittel;80,0;m;gaeb;leistungsbeschreibungen/260714 Angebotsaufforderung Heizung-Sanitär.x83
0080;Wärmedämmung ohne Ummantelung DIN 4140 an haus- und betriebstechnischen Anlagen, an Rohrleitung, DN 15, im Gebäude, Dämmung aus flexiblem Elastomerschaum DIN EN 14304, Dämmschichtdicke mind. 20 mm, Baustoffklasse DIN 4102-1 B1 (schwerentflammbar), Wärmeleitfähigkeit 0,040 W/(mK) bei 40 Grad C Mittel;30,0;m;gaeb;leistungsbeschreibungen/260714 Angebotsaufforderung Heizung-Sanitär.x83
0090;Wärmedämmung ohne Ummantelung DIN 4140 an haus- und betriebstechnischen Anlagen, an Rohrleitung, DN 20, im Gebäude, Dämmung aus flexiblem Elastomerschaum DIN EN 14304, Dämmschichtdicke mind. 20 mm, Baustoffklasse DIN 4102-1 B1 (schwerentflammbar), Wärmeleitfähigkeit 0,040 W/(mK) bei 40 Grad C Mittel;40,0;m;gaeb;leistungsbeschreibungen/260714 Angebotsaufforderung Heizung-Sanitär.x83
0100;Wärmedämmung ohne Ummantelung DIN 4140 an haus- und betriebstechnischen Anlagen, an Rohrleitung, DN 25, im Gebäude, Dämmung aus flexiblem Elastomerschaum DIN EN 14304, Dämmschichtdicke mind. 20 mm, Baustoffklasse DIN 4102-1 B1 (schwerentflammbar), Wärmeleitfähigkeit 0,040 W/(mK) bei 40 Grad C Mittel;55,0;m;gaeb;leistungsbeschreibungen/260714 Angebotsaufforderung Heizung-Sanitär.x83
0110;Wärmedämmung ohne Ummantelung DIN 4140 an haus- und betriebstechnischen Anlagen, an Rohrleitung, DN 32, im Gebäude, Dämmung aus flexiblem Elastomerschaum DIN EN 14304, Dämmschichtdicke mind. 30 mm, Baustoffklasse DIN 4102-1 B1 (schwerentflammbar), Wärmeleitfähigkeit 0,040 W/(mK) bei 40 Grad C Mittel;30,0;m;gaeb;leistungsbeschreibungen/260714 Angebotsaufforderung Heizung-Sanitär.x83
0120;Bogen aus flexiblem Elastomerschaum DIN EN 14304, Wärmedämmung DIN 4140 an haus- und betriebstechnischen Anlagen, an Rohrleitung, DN 12, im Gebäude, Baustoffklasse DIN 4102-1 B1 (schwerentflammbar), Wärmeleitfähigkeit 0,040 W/(mK) bei 40 Grad C Mitteltemperatur DIN EN 12667, Dämmschichtdicke 20 mm, ;110,0;St;gaeb;leistungsbeschreibungen/260714 Angebotsaufforderung Heizung-Sanitär.x83
0130;Bogen aus flexiblem Elastomerschaum DIN EN 14304, Wärmedämmung DIN 4140 an haus- und betriebstechnischen Anlagen, an Rohrleitung, DN 15, im Gebäude, Baustoffklasse DIN 4102-1 B1 (schwerentflammbar), Wärmeleitfähigkeit 0,040 W/(mK) bei 40 Grad C Mitteltemperatur DIN EN 12667, Dämmschichtdicke 20 mm, ;30,0;St;gaeb;leistungsbeschreibungen/260714 Angebotsaufforderung Heizung-Sanitär.x83
0140;Bogen aus flexiblem Elastomerschaum DIN EN 14304, Wärmedämmung DIN 4140 an haus- und betriebstechnischen Anlagen, an Rohrleitung, DN 20, im Gebäude, Baustoffklasse DIN 4102-1 B1 (schwerentflammbar), Wärmeleitfähigkeit 0,040 W/(mK) bei 40 Grad C Mitteltemperatur DIN EN 12667, Dämmschichtdicke 20 mm, ;20,0;St;gaeb;leistungsbeschreibungen/260714 Angebotsaufforderung Heizung-Sanitär.x83
0150;Bogen aus flexiblem Elastomerschaum DIN EN 14304, Wärmedämmung DIN 4140 an haus- und betriebstechnischen Anlagen, an Rohrleitung, DN 25, im Gebäude, Baustoffklasse DIN 4102-1 B1 (schwerentflammbar), Wärmeleitfähigkeit 0,040 W/(mK) bei 40 Grad C Mitteltemperatur DIN EN 12667, Dämmschichtdicke 20 mm, ;30,0;St;gaeb;leistungsbeschreibungen/260714 Angebotsaufforderung Heizung-Sanitär.x83
0160;Bogen aus flexiblem Elastomerschaum DIN EN 14304, Wärmedämmung DIN 4140 an haus- und betriebstechnischen Anlagen, an Rohrleitung, DN 32, im Gebäude, Baustoffklasse DIN 4102-1 B1 (schwerentflammbar), Wärmeleitfähigkeit 0,040 W/(mK) bei 40 Grad C Mitteltemperatur DIN EN 12667, Dämmschichtdicke 30 mm, ;10,0;St;gaeb;leistungsbeschreibungen/260714 Angebotsaufforderung Heizung-Sanitär.x83
0170;T-Stück aus flexiblem Elastomerschaum DIN EN 14304, Wärmedämmung DIN 4140 an haus- und betriebstechnischen Anlagen, an Rohrleitung, DN 12, im Gebäude, Baustoffklasse DIN 4102-1 B1 (schwerentflammbar), Wärmeleitfähigkeit 0,040 W/(mK) bei 40 Grad C Mitteltemperatur DIN EN 12667, Dämmschichtdicke 20 mm;24,0;St;gaeb;leistungsbeschreibungen/260714 Angebotsaufforderung Heizung-Sanitär.x83
0180;T-Stück aus flexiblem Elastomerschaum DIN EN 14304, Wärmedämmung DIN 4140 an haus- und betriebstechnischen Anlagen, an Rohrleitung, DN 15, im Gebäude, Baustoffklasse DIN 4102-1 B1 (schwerentflammbar), Wärmeleitfähigkeit 0,040 W/(mK) bei 40 Grad C Mitteltemperatur DIN EN 12667, Dämmschichtdicke 20 mm;9,0;St;gaeb;leistungsbeschreibungen/260714 Angebotsaufforderung Heizung-Sanitär.x83
0190;T-Stück aus flexiblem Elastomerschaum DIN EN 14304, Wärmedämmung DIN 4140 an haus- und betriebstechnischen Anlagen, an Rohrleitung, DN 20, im Gebäude, Baustoffklasse DIN 4102-1 B1 (schwerentflammbar), Wärmeleitfähigkeit 0,040 W/(mK) bei 40 Grad C Mitteltemperatur DIN EN 12667, Dämmschichtdicke 20 mm;9,0;St;gaeb;leistungsbeschreibungen/260714 Angebotsaufforderung Heizung-Sanitär.x83
0200;T-Stück aus flexiblem Elastomerschaum DIN EN 14304, Wärmedämmung DIN 4140 an haus- und betriebstechnischen Anlagen, an Rohrleitung, DN 25, im Gebäude, Baustoffklasse DIN 4102-1 B1 (schwerentflammbar), Wärmeleitfähigkeit 0,040 W/(mK) bei 40 Grad C Mitteltemperatur DIN EN 12667, Dämmschichtdicke 30 mm;10,0;St;gaeb;leistungsbeschreibungen/260714 Angebotsaufforderung Heizung-Sanitär.x83
0210;T-Stück aus flexiblem Elastomerschaum DIN EN 14304, Wärmedämmung DIN 4140 an haus- und betriebstechnischen Anlagen, an Rohrleitung, DN 32, im Gebäude, Baustoffklasse DIN 4102-1 B1 (schwerentflammbar), Wärmeleitfähigkeit 0,040 W/(mK) bei 40 Grad C Mitteltemperatur DIN EN 12667, Dämmschichtdicke 30 mm;2,0;St;gaeb;leistungsbeschreibungen/260714 Angebotsaufforderung Heizung-Sanitär.x83
0220;Reduzierung aus flexiblem Elastomerschaum DIN EN 14304, Wärmedämmung DIN 4140 an haus- und betriebstechnischen Anlagen, an Rohrleitung, DN 15, im Gebäude, Baustoffklasse DIN 4102-1 B1 (schwerentflammbar), Wärmeleitfähigkeit 0,040 W/(mK) bei 40 Grad C Mitteltemperatur DIN EN 12667, Dämmschichtdicke 2;2,0;St;gaeb;leistungsbeschreibungen/260714 Angebotsaufforderung Heizung-Sanitär.x83
0230;Reduzierung aus flexiblem Elastomerschaum DIN EN 14304, Wärmedämmung DIN 4140 an haus- und betriebstechnischen Anlagen, an Rohrleitung, DN 20, im Gebäude, Baustoffklasse DIN 4102-1 B1 (schwerentflammbar), Wärmeleitfähigkeit 0,040 W/(mK) bei 40 Grad C Mitteltemperatur DIN EN 12667, Dämmschichtdicke 2;4,0;St;gaeb;leistungsbeschreibungen/260714 Angebotsaufforderung Heizung-Sanitär.x83
0240;Reduzierung aus flexiblem Elastomerschaum DIN EN 14304, Wärmedämmung DIN 4140 an haus- und betriebstechnischen Anlagen, an Rohrleitung, DN 25, im Gebäude, Baustoffklasse DIN 4102-1 B1 (schwerentflammbar), Wärmeleitfähigkeit 0,040 W/(mK) bei 40 Grad C Mitteltemperatur DIN EN 12667, Dämmschichtdicke 3;12,0;St;gaeb;leistungsbeschreibungen/260714 Angebotsaufforderung Heizung-Sanitär.x83
0250;Reduzierung aus flexiblem Elastomerschaum DIN EN 14304, Wärmedämmung DIN 4140 an haus- und betriebstechnischen Anlagen, an Rohrleitung, DN 32, im Gebäude, Baustoffklasse DIN 4102-1 B1 (schwerentflammbar), Wärmeleitfähigkeit 0,040 W/(mK) bei 40 Grad C Mitteltemperatur DIN EN 12667, Dämmschichtdicke 2;8,0;St;gaeb;leistungsbeschreibungen/260714 Angebotsaufforderung Heizung-Sanitär.x83
0260;Brandschutzabschottung von Rohrleitung aus PP, heißwasserbeständig, Baustoffklasse DIN 4102-1 B1 (schwerentflammbar), mit allgemeinem bauaufsichtlichen Prüfzeugnis/allgemeiner bauaufsichtlicher Zulassung, Feuerwiderstandsklasse R 90 DIN 4102-11,;1,0;St;gaeb;leistungsbeschreibungen/260714 Angebotsaufforderung Heizung-Sanitär.x83
0270;Brandschutzabschottung von Rohrleitung aus PP, heißwasserbeständig, Baustoffklasse DIN 4102-1 B1 (schwerentflammbar), mit allgemeinem bauaufsichtlichen Prüfzeugnis/allgemeiner bauaufsichtlicher Zulassung, Feuerwiderstandsklasse R 90 DIN 4102-11,;9,0;St;gaeb;leistungsbeschreibungen/260714 Angebotsaufforderung Heizung-Sanitär.x83
0280;Brandschutzabschottung von Rohrleitung aus PP, heißwasserbeständig, Baustoffklasse DIN 4102-1 B1 (schwerentflammbar), mit allgemeinem bauaufsichtlichen Prüfzeugnis/allgemeiner bauaufsichtlicher Zulassung, Feuerwiderstandsklasse R 90 DIN 4102-11,;3,0;St;gaeb;leistungsbeschreibungen/260714 Angebotsaufforderung Heizung-Sanitär.x83
0290;Brandschutzabschottung von Rohrleitung aus nichtrostendem Stahl, mit allgemeinem bauaufsichtlichen Prüfzeugnis/allgemeiner bauaufsichtlicher Zulassung, Feuerwiderstandsklasse R 90 DIN 4102-11,;1,0;St;gaeb;leistungsbeschreibungen/260714 Angebotsaufforderung Heizung-Sanitär.x83
0300;Brandschutzabschottung von Rohrleitung aus nichtrostendem Stahl, mit allgemeinem bauaufsichtlichen Prüfzeugnis/allgemeiner bauaufsichtlicher Zulassung, Feuerwiderstandsklasse R 90 DIN 4102-11,;1,0;St;gaeb;leistungsbeschreibungen/260714 Angebotsaufforderung Heizung-Sanitär.x83
0310;Brandschutzabschottung von Rohrleitung aus nichtrostendem Stahl, mit allgemeinem bauaufsichtlichen Prüfzeugnis/allgemeiner bauaufsichtlicher Zulassung, Feuerwiderstandsklasse R 90 DIN 4102-11,;2,0;St;gaeb;leistungsbeschreibungen/260714 Angebotsaufforderung Heizung-Sanitär.x83
0320;Brandschutzabschottung von Rohrleitung aus nichtrostendem Stahl, mit allgemeinem bauaufsichtlichen Prüfzeugnis/allgemeiner bauaufsichtlicher Zulassung, Feuerwiderstandsklasse R 90 DIN 4102-11,;4,0;St;gaeb;leistungsbeschreibungen/260714 Angebotsaufforderung Heizung-Sanitär.x83
0330;Brandschutzabschottung von Rohrleitung aus nichtrostendem Stahl, mit allgemeinem bauaufsichtlichen Prüfzeugnis/allgemeiner bauaufsichtlicher Zulassung, Feuerwiderstandsklasse R 90 DIN 4102-11,;6,0;St;gaeb;leistungsbeschreibungen/260714 Angebotsaufforderung Heizung-Sanitär.x83
0340;Brandschutzabschottung von Rohrleitung aus nichtrostendem Stahl, mit allgemeinem bauaufsichtlichen Prüfzeugnis/allgemeiner bauaufsichtlicher Zulassung, Feuerwiderstandsklasse R 90 DIN 4102-11,;2,0;St;gaeb;leistungsbeschreibungen/260714 Angebotsaufforderung Heizung-Sanitär.x83
0010;Einmessen und Kennzeichnen von Durchbrüchen, Ausführung gemäß Einzelbeschreibung,;1,0;St;gaeb;leistungsbeschreibungen/260714 Angebotsaufforderung Heizung-Sanitär.x83
0020;Kernbohrung, Untergrundfläche senkrecht oder waagerecht,;2,0;St;gaeb;leistungsbeschreibungen/260714 Angebotsaufforderung Heizung-Sanitär.x83
0030;Wie Position voran, jedoch;3,0;St;gaeb;leistungsbeschreibungen/260714 Angebotsaufforderung Heizung-Sanitär.x83
0040;Kernbohrung, Untergrundfläche senkrecht oder waagerecht,;2,0;St;gaeb;leistungsbeschreibungen/260714 Angebotsaufforderung Heizung-Sanitär.x83
0050;Wie Position voran, jedoch;4,0;St;gaeb;leistungsbeschreibungen/260714 Angebotsaufforderung Heizung-Sanitär.x83
0060;Liefern, herstellen und montieren von Konstruktionsteilen aus Stahl für Heizungs-, Lüftungs- und Sanitärtechnischeanlagen, bestehend aus Konsolen, Tragkonstruktionen, Rahmen, Auflagerkonstruktionen, Abhängungen und sonstigen Befestigungselementen zur Aufnahme von Rohrleitungen und Lüftungskanälen, A;120,0;kg;gaeb;leistungsbeschreibungen/260714 Angebotsaufforderung Heizung-Sanitär.x83
0070;Gewindestab, M8, aus verzinktem Stahl, Arbeitshöhe des Montageortes bis 3,5 m über der Standfläche des hierfür erforderlichen Gerüstes.;20,0;St;gaeb;leistungsbeschreibungen/260714 Angebotsaufforderung Heizung-Sanitär.x83
0010;Beistellen von Personal für den Probebetrieb der Abwasser-, Wasser-, Gasanlagen, Vergütung des Sachverständigen durch gesonderten Vertrag.;4,0;h;gaeb;leistungsbeschreibungen/260714 Angebotsaufforderung Heizung-Sanitär.x83
0020;Wiederholte Einweisung des Bedienungs- und Wartungspersonals;1,0;St;gaeb;leistungsbeschreibungen/260714 Angebotsaufforderung Heizung-Sanitär.x83
0030;Wasseranalyse erstellen, zur Bestimmung der Wasserqualität nach Trinkwasserverordnung, durch akkreditiertes Prüflabor, einschl. Probenahme und -behälter, aus der öffentlichen Trinkwasserversorgung,;1,0;St;gaeb;leistungsbeschreibungen/260714 Angebotsaufforderung Heizung-Sanitär.x83
0040;Bezeichnungsschild, Farbe und Beschriftung nach Angaben des AG, aus mehrschichtigem Kunststoff, Beschriftung 2-zeilig, gedruckt, rechteckig, Höhe 40 mm, Breite 100 mm, Befestigung mit Schildträger aus verzinktem Stahl, Halter und Spannband.;10,0;St;gaeb;leistungsbeschreibungen/260714 Angebotsaufforderung Heizung-Sanitär.x83
0050;Farbkennzeichnung DIN 2403 der Trinkwasserleitung, kalt, Kennzeichnung der Fließrichtung durch Richtungspfeile.;10,0;St;gaeb;leistungsbeschreibungen/260714 Angebotsaufforderung Heizung-Sanitär.x83
0060;der Trinkwasserleitung, warm,;6,0;St;gaeb;leistungsbeschreibungen/260714 Angebotsaufforderung Heizung-Sanitär.x83
0070;Die Schilder sind zur dauerhaften Dokumentation gemäß den Richtlinien zur Brandschutzsicherheit an den Einbaustellen sichtbar und gut lesbar anzubringen.;40,0;St;gaeb;leistungsbeschreibungen/260714 Angebotsaufforderung Heizung-Sanitär.x83
0080;Erstellung eines funktionsfähigen Heizungsschemas;1,0;St;gaeb;leistungsbeschreibungen/260714 Angebotsaufforderung Heizung-Sanitär.x83
0090;Stundenlohnarbeiten durch Baustellenleiter/-in;5,0;h;gaeb;leistungsbeschreibungen/260714 Angebotsaufforderung Heizung-Sanitär.x83
0100;Stundenlohnarbeiten durch Obermonteur/-in;10,0;h;gaeb;leistungsbeschreibungen/260714 Angebotsaufforderung Heizung-Sanitär.x83
0110;Stundenlohnarbeiten durch Monteur/-in;10,0;h;gaeb;leistungsbeschreibungen/260714 Angebotsaufforderung Heizung-Sanitär.x83
0120;Stundenlohnarbeiten durch Auszubildende/r (Mittellohn);10,0;h;gaeb;leistungsbeschreibungen/260714 Angebotsaufforderung Heizung-Sanitär.x83
0130;Stundenlohnarbeiten durch Helfer/-in;10,0;h;gaeb;leistungsbeschreibungen/260714 Angebotsaufforderung Heizung-Sanitär.x83
0010;Funktionsmessung für Heizungsanlagen DIN 18380, alle Messwerte werden dokumentiert und in einem Soll-Istvergleich zusammengestellt, gemessen wird die Stromaufnahme des Motors bei allen Bauelementen, die Druckdifferenz wasser-/medienseitig bei allen Bauelementen, die Wasser-/Medientemperatur bei alle;1,0;St;gaeb;leistungsbeschreibungen/260714 Angebotsaufforderung Heizung-Sanitär.x83
0020;Zusätzliche Druck- und Dichtheitsprüfung von Rohrleitungen, aus Präzisionsstahlrohr DIN EN 10305-3, geschweißt, Betriebsmedium Heizungswasser, Außendurchmesser bis 63 mm,;1,0;St;gaeb;leistungsbeschreibungen/260714 Angebotsaufforderung Heizung-Sanitär.x83
0030;Beistellen von Personal für die Sachverständigenabnahme der Wärmeversorgungsanlagen, Vergütung des Sachverständigen durch gesonderten Vertrag.;4,0;h;gaeb;leistungsbeschreibungen/260714 Angebotsaufforderung Heizung-Sanitär.x83
0040;Farbkennzeichnung DIN 2404 des Heizungsleitungs-Vorlaufs, Kennzeichnung der Fließrichtung durch Richtungspfeile.;20,0;St;gaeb;leistungsbeschreibungen/260714 Angebotsaufforderung Heizung-Sanitär.x83
0050;Farbkennzeichnung DIN 2404 des Heizungsleitungs-Rücklaufs, Kennzeichnung der Fließrichtung durch Richtungspfeile.;20,0;St;gaeb;leistungsbeschreibungen/260714 Angebotsaufforderung Heizung-Sanitär.x83
0060;Funktionsheizen DIN EN 1264-4, in Bodenflächen aus Estrich, Zementestrich, abschnittsweise in bis zu 10 Abschnitten.;525,0;m2;gaeb;leistungsbeschreibungen/260714 Angebotsaufforderung Heizung-Sanitär.x83
0070;Belegreifheizen, in Bodenflächen aus Estrich, Zementestrich, abschnittsweise in bis zu 10 Abschnitten.;525,0;m2;gaeb;leistungsbeschreibungen/260714 Angebotsaufforderung Heizung-Sanitär.x83
0010;Jährliche Wartung der vorbeschriebenen Sanitäranlagen für den Zeitraum während der Gewährleistung;1,0;St;gaeb;leistungsbeschreibungen/260714 Angebotsaufforderung Heizung-Sanitär.x83
0020;Jährliche Wartung der vorbeschriebenen Sanitäranlagen für den Zeitraum während der Gewährleistung;1,0;St;gaeb;leistungsbeschreibungen/260714 Angebotsaufforderung Heizung-Sanitär.x83
0030;Jährliche Wartung der vorbeschriebenen Sanitäranlagen für den Zeitraum während der Gewährleistung;1,0;St;gaeb;leistungsbeschreibungen/260714 Angebotsaufforderung Heizung-Sanitär.x83
0040;Jährliche Wartung der vorbeschriebenen Sanitäranlagen für den Zeitraum während der Gewährleistung;1,0;St;gaeb;leistungsbeschreibungen/260714 Angebotsaufforderung Heizung-Sanitär.x83
0010;Jährliche Wartung der vorbeschriebenen Heizungsanlagen für den Zeitraum während der Gewährleistung;1,0;St;gaeb;leistungsbeschreibungen/260714 Angebotsaufforderung Heizung-Sanitär.x83
0020;Jährliche Wartung der vorbeschriebenen Heizungsanlagen für den Zeitraum während der Gewährleistung;1,0;St;gaeb;leistungsbeschreibungen/260714 Angebotsaufforderung Heizung-Sanitär.x83
0030;Jährliche Wartung der vorbeschriebenen Heizungsanlagen für den Zeitraum während der Gewährleistung;1,0;St;gaeb;leistungsbeschreibungen/260714 Angebotsaufforderung Heizung-Sanitär.x83
0040;Jährliche Wartung der vorbeschriebenen Heizungsanlagen für den Zeitraum während der Gewährleistung;1,0;St;gaeb;leistungsbeschreibungen/260714 Angebotsaufforderung Heizung-Sanitär.x83
0010;Wärmepumpe für Raumheizung DIN EN 14511, mit WP-Gütesiegel (EHPA), Wärmequelle Luft, Wärmequellentemperatur 0 Grad C, Speichervolumen Pufferspeicher für statische Heizflächen 2010 l, Speichervolumen Pufferspeicher für Vorhaltung Frischwasserstationen 910 l, max. Vorlauftemperatur (-5 Grad C) 65 Grad;1,0;St;gaeb;vom_unternehmen_auszufuellende_dokumente/260714 Angebotsaufforderung Heizung-Sanitär.x83
0020;2 Kompensatoren DN 40 zur Schwingungs- und Schallentkopplung der Vor- und Rücklaufleitungen.;1,0;St;gaeb;vom_unternehmen_auszufuellende_dokumente/260714 Angebotsaufforderung Heizung-Sanitär.x83
0030;Außentemperatursensor (Pt1000);1,0;St;gaeb;vom_unternehmen_auszufuellende_dokumente/260714 Angebotsaufforderung Heizung-Sanitär.x83
0040;Zur Erfassung der Temperatur in einer Tauchhülse;4,0;St;gaeb;vom_unternehmen_auszufuellende_dokumente/260714 Angebotsaufforderung Heizung-Sanitär.x83
0050;Zur Erfassung der Temperatur an einem Rohr;2,0;St;gaeb;vom_unternehmen_auszufuellende_dokumente/260714 Angebotsaufforderung Heizung-Sanitär.x83
0060;Dämpfungssockel;1,0;St;gaeb;vom_unternehmen_auszufuellende_dokumente/260714 Angebotsaufforderung Heizung-Sanitär.x83
0070;Optionales Schutzgitter zur Abdeckung der Verdampferoberfläche;1,0;St;gaeb;vom_unternehmen_auszufuellende_dokumente/260714 Angebotsaufforderung Heizung-Sanitär.x83
0080;Verkleidung und rückseitiges Schutzgitter;1,0;St;gaeb;vom_unternehmen_auszufuellende_dokumente/260714 Angebotsaufforderung Heizung-Sanitär.x83
0090;Ventilatorringheizung;1,0;St;gaeb;vom_unternehmen_auszufuellende_dokumente/260714 Angebotsaufforderung Heizung-Sanitär.x83
0100;Kondenswasserablauf-Set;1,0;St;gaeb;vom_unternehmen_auszufuellende_dokumente/260714 Angebotsaufforderung Heizung-Sanitär.x83
0110;Pumpenmodul für Innenaufstellung;1,0;St;gaeb;vom_unternehmen_auszufuellende_dokumente/260714 Angebotsaufforderung Heizung-Sanitär.x83
0120;Sicherheitstemperaturbegrenzer 80 °C;1,0;St;gaeb;vom_unternehmen_auszufuellende_dokumente/260714 Angebotsaufforderung Heizung-Sanitär.x83
0130;Kleinverteiler;1,0;St;gaeb;vom_unternehmen_auszufuellende_dokumente/260714 Angebotsaufforderung Heizung-Sanitär.x83
0140;Membran-Druckausdehnungsgefäß;1,0;St;gaeb;vom_unternehmen_auszufuellende_dokumente/260714 Angebotsaufforderung Heizung-Sanitär.x83
0150;Kappenventil R 3/4;1,0;St;gaeb;vom_unternehmen_auszufuellende_dokumente/260714 Angebotsaufforderung Heizung-Sanitär.x83
0160;Schlammabscheider mit Magnet zur Beseitigung magnetischer und nichtmagnetischer Schmutzpartikel (ab 5 µm) aus Heiz- und Kühlkreisläufen;1,0;St;gaeb;vom_unternehmen_auszufuellende_dokumente/260714 Angebotsaufforderung Heizung-Sanitär.x83
0170;Zur kontinuierlichen Entfernung von Luft- und Mikroblasen aus Heiz- und Kühlkreisläufen;1,0;St;gaeb;vom_unternehmen_auszufuellende_dokumente/260714 Angebotsaufforderung Heizung-Sanitär.x83
0180;Armatur zur Befüllung von geschlossenen Heizungsanlagen mit aufbereitetem Wasser;1,0;St;gaeb;vom_unternehmen_auszufuellende_dokumente/260714 Angebotsaufforderung Heizung-Sanitär.x83
0190;Membran-Druckausdehnungsgefäß für geschlossene Heizungsanlagen;1,0;St;gaeb;vom_unternehmen_auszufuellende_dokumente/260714 Angebotsaufforderung Heizung-Sanitär.x83
0200;Für Membran-Druckausdehnungsgefäße Typ N 80 bis N 500;1,0;St;gaeb;vom_unternehmen_auszufuellende_dokumente/260714 Angebotsaufforderung Heizung-Sanitär.x83
0210;Einsatzbereich: Für Heizungsanlagen mit saisonaler Kühlung, insbesondere mit Wärmepumpen;1,0;St;gaeb;vom_unternehmen_auszufuellende_dokumente/260714 Angebotsaufforderung Heizung-Sanitär.x83
0220;Montage-Set Gegenflansch;4,0;St;gaeb;vom_unternehmen_auszufuellende_dokumente/260714 Angebotsaufforderung Heizung-Sanitär.x83
0230;Mit Sicherheitstemperaturbegrenzer und Temperaturregler;1,0;St;gaeb;vom_unternehmen_auszufuellende_dokumente/260714 Angebotsaufforderung Heizung-Sanitär.x83
0240;Zur Verwendung mit Elektro-Heizeinsätzen;1,0;St;gaeb;vom_unternehmen_auszufuellende_dokumente/260714 Angebotsaufforderung Heizung-Sanitär.x83
0250;Kompaktes 3-Wege-Regelventil, geeignet für den Einsatz in Heiz- und Kühlanlagen.;2,0;St;gaeb;vom_unternehmen_auszufuellende_dokumente/260714 Angebotsaufforderung Heizung-Sanitär.x83
0260;Motorkugelhahn, geeignet für den Einsatz in Heiz- und Kühlanlagen.;4,0;St;gaeb;vom_unternehmen_auszufuellende_dokumente/260714 Angebotsaufforderung Heizung-Sanitär.x83
0270;Verschraubung, geeignet zum Anschluss von Regelkugelhähnen und 3-Wege-Ventilen an Rohrleitungen.;14,0;St;gaeb;vom_unternehmen_auszufuellende_dokumente/260714 Angebotsaufforderung Heizung-Sanitär.x83
0280;Hilfsschütz als Schaltschütz im Kleingehäuse, geeignet für Steuerungs- und Schaltaufgaben in elektrischen Anlagen.;1,0;St;gaeb;vom_unternehmen_auszufuellende_dokumente/260714 Angebotsaufforderung Heizung-Sanitär.x83
0290;Feuchteanbauschalter zur Erfassung des Taupunkts, geeignet zur Vermeidung von Kondenswasserbildung bei Kühlbetrieb in Heiz-/Kühlanlagen.;1,0;St;gaeb;vom_unternehmen_auszufuellende_dokumente/260714 Angebotsaufforderung Heizung-Sanitär.x83
0300;Unterkonstruktion zur durchdringungsfreien Aufständerung einer Wärmepumpe auf einem Flachdach;1,0;St;gaeb;vom_unternehmen_auszufuellende_dokumente/260714 Angebotsaufforderung Heizung-Sanitär.x83
0310;Verteiler-/Sammlerkombination, mit Prüfzeugnis, für Wasser, max. Betriebstemperatur bis 90 Grad C, max. Betriebsüberdruck 0,6 MPa (6 bar), max. Volumenstrom 5 m3/h, aus Stahl, mit werkseitigem Korrosionsschutz, Vor- und Rücklauf der Heizgruppen reihig fluchtend, mit thermischer Trennung, mit 10 Ansc;1,0;St;gaeb;vom_unternehmen_auszufuellende_dokumente/260714 Angebotsaufforderung Heizung-Sanitär.x83
0320;Frostschutz-Begleitheizung für Rohrleitungen von Ver- und Entsorgungssystemen, mit korrosionsschützendem Außenmantel, für Klimakaltwasser, Nennhaltetemperatur 5 Grad C, Heizleitung mit sich deutlich vermindernder Leistung bei steigender Temperatur, mit Schutzgeflecht, mit VDE-Registrierung, Rohrleit;10,0;m;gaeb;vom_unternehmen_auszufuellende_dokumente/260714 Angebotsaufforderung Heizung-Sanitär.x83
0010;Kreiselpumpe, als Nassläufer, stufenlos regelbar, differenzdruckgeregelt, Kommunikationsschnittstelle BACnet MS/TP DIN EN ISO 16484-5,;1,0;St;gaeb;vom_unternehmen_auszufuellende_dokumente/260714 Angebotsaufforderung Heizung-Sanitär.x83
0020;Kreiselpumpe, als Nassläufer, stufenlos regelbar, differenzdruckgeregelt, Kommunikationsschnittstelle BACnet MS/TP DIN EN ISO 16484-5,;1,0;St;gaeb;vom_unternehmen_auszufuellende_dokumente/260714 Angebotsaufforderung Heizung-Sanitär.x83
0030;Liefern und betriebsfertig montieren eines druckunabhängigen 3-Wege-Regelkugelhahns zur stetigen Mischregelung in Warm- und Kaltwasseranlagen der technischen Gebäudeausrüstung.;1,0;St;gaeb;vom_unternehmen_auszufuellende_dokumente/260714 Angebotsaufforderung Heizung-Sanitär.x83
0040;Liefern und betriebsfertig montieren eines druckunabhängigen 3-Wege-Regelkugelhahns zur stetigen Mischregelung in Warm- und Kaltwasseranlagen der technischen Gebäudeausrüstung.;1,0;St;gaeb;vom_unternehmen_auszufuellende_dokumente/260714 Angebotsaufforderung Heizung-Sanitär.x83
0050;Übergangsverschraubung, mit zylindrischem Innengewinde, aus nichtrostendem Stahl, Außendurchmesser 22 mm, Gewindeanschluss Rp 3/4, für Heizungswasser, für Rohrleitung aus nichtrostenden Stahlrohren DIN EN 10296-2, geschweißt.;4,0;St;gaeb;vom_unternehmen_auszufuellende_dokumente/260714 Angebotsaufforderung Heizung-Sanitär.x83
0060;Außendurchmesser 28 mm, Gewindeanschluss Rp 1,;4,0;St;gaeb;vom_unternehmen_auszufuellende_dokumente/260714 Angebotsaufforderung Heizung-Sanitär.x83
0070;Außendurchmesser 35 mm, Gewindeanschluss Rp 1,;2,0;St;gaeb;vom_unternehmen_auszufuellende_dokumente/260714 Angebotsaufforderung Heizung-Sanitär.x83
0080;Außendurchmesser 42 mm, Gewindeanschluss Rp 1 1/4,;4,0;St;gaeb;vom_unternehmen_auszufuellende_dokumente/260714 Angebotsaufforderung Heizung-Sanitär.x83
0090;Übergangsverschraubung, mit konischem Außengewinde, aus nichtrostendem Stahl, Außendurchmesser 22 mm, Gewindeanschluss R 1, für Heizungswasser, für Rohrleitung aus nichtrostenden Stahlrohren DIN EN 10296-2, geschweißt.;2,0;St;gaeb;vom_unternehmen_auszufuellende_dokumente/260714 Angebotsaufforderung Heizung-Sanitär.x83
0100;T-Stück DN 20;2,0;St;gaeb;vom_unternehmen_auszufuellende_dokumente/260714 Angebotsaufforderung Heizung-Sanitär.x83
0110;Tauchhülse;2,0;St;gaeb;vom_unternehmen_auszufuellende_dokumente/260714 Angebotsaufforderung Heizung-Sanitär.x83
0120;Absperrventil, für Wasser bis 120 Grad C, mit Pressanschluss, Gehäuse aus Rotguss, in Geradsitz-Durchgangsform, mit Handrad, mit wartungsfreier Spindelabdichtung, Sitz weich dichtend, Nenndruck 0,6 MPa (6 bar), DN 15, mit Dämmschalen.;4,0;St;gaeb;vom_unternehmen_auszufuellende_dokumente/260714 Angebotsaufforderung Heizung-Sanitär.x83
0130;DN 20,;2,0;St;gaeb;vom_unternehmen_auszufuellende_dokumente/260714 Angebotsaufforderung Heizung-Sanitär.x83
0140;DN 25,;10,0;St;gaeb;vom_unternehmen_auszufuellende_dokumente/260714 Angebotsaufforderung Heizung-Sanitär.x83
0150;DN 32,;6,0;St;gaeb;vom_unternehmen_auszufuellende_dokumente/260714 Angebotsaufforderung Heizung-Sanitär.x83
0160;DN 40,;2,0;St;gaeb;vom_unternehmen_auszufuellende_dokumente/260714 Angebotsaufforderung Heizung-Sanitär.x83
0170;DN 50,;4,0;St;gaeb;vom_unternehmen_auszufuellende_dokumente/260714 Angebotsaufforderung Heizung-Sanitär.x83
0180;Kugelhahn, Durchgangsform, mit Muffenanschluss, Gehäuse aus Rotguss, Betätigung mit Hebel, Nenndruck 0,6 MPa (6 bar), DN 15, mit Dämmschalen.;10,0;St;gaeb;vom_unternehmen_auszufuellende_dokumente/260714 Angebotsaufforderung Heizung-Sanitär.x83
0190;DN 20,;4,0;St;gaeb;vom_unternehmen_auszufuellende_dokumente/260714 Angebotsaufforderung Heizung-Sanitär.x83
0200;DN 25,;4,0;St;gaeb;vom_unternehmen_auszufuellende_dokumente/260714 Angebotsaufforderung Heizung-Sanitär.x83
0210;DN 32,;2,0;St;gaeb;vom_unternehmen_auszufuellende_dokumente/260714 Angebotsaufforderung Heizung-Sanitär.x83
0220;Maschinen-Glasthermometer, Einbaulänge 50 mm, einschl. Tauchhülse, aus nichtrostendem Stahl, mit V-förmigen Gehäuse DIN 16181, Anzeigebereich 0 bis 100 Grad C, einschl. Schutzrohr.;6,0;St;gaeb;vom_unternehmen_auszufuellende_dokumente/260714 Angebotsaufforderung Heizung-Sanitär.x83
0230;Zeigerthermometer DIN EN 13190, Messsystem Bimetall, Austritt des Messelementes nach hinten, glattes Messelement, Einbaulänge 100 mm, Gehäuse aus nichtrostendem Stahl, Gehäusenenndurchmesser 80 mm, Anzeigebereich 0 bis 100 Grad C.;6,0;St;gaeb;vom_unternehmen_auszufuellende_dokumente/260714 Angebotsaufforderung Heizung-Sanitär.x83
0240;Druckmessgerät, Messsystem Rohrfeder DIN EN 837-1, mit verstellbarem Markenzeiger, Nenndruck 0,6 MPa (6 bar), Gehäuse aus nichtrostendem Stahl, ohne Rand, Gehäusenenngröße 63, Güteklasse 1,6, Anzeigebereich 0 bis 4 bar, Anschluss G 1/2 unten, mediumberührte Teile aus Messing.;6,0;St;gaeb;vom_unternehmen_auszufuellende_dokumente/260714 Angebotsaufforderung Heizung-Sanitär.x83
0250;Rückschlagklappe, Gehäuse aus Rotguss, DN 25, Nenndruck 0,6 MPa (6 bar), für Wasser, max. Betriebstemperatur bis 120 Grad C, mit Flanschanschluss, als Zwischenflanschausführung.;2,0;St;gaeb;vom_unternehmen_auszufuellende_dokumente/260714 Angebotsaufforderung Heizung-Sanitär.x83
0260;Rückschlagventil für Wasser bis 120 Grad C, Geradsitz-Durchgangsform, mit Pressmuffe, Gehäuse aus Rotguss, Sitz metallisch dichtend, Nenndruck 0,6 MPa (6 bar), DN 25.;2,0;St;gaeb;vom_unternehmen_auszufuellende_dokumente/260714 Angebotsaufforderung Heizung-Sanitär.x83
0270;Schmutzfänger, DN 15, max. Betriebstemperatur bis 90 Grad C, Nenndruck 0,6 MPa (6 bar), mit Gewindeanschluss, Gehäuse aus Rotguss, mit Normalsieb.;1,0;St;gaeb;vom_unternehmen_auszufuellende_dokumente/260714 Angebotsaufforderung Heizung-Sanitär.x83
0280;DN 20,;1,0;St;gaeb;vom_unternehmen_auszufuellende_dokumente/260714 Angebotsaufforderung Heizung-Sanitär.x83
0290;DN 25,;2,0;St;gaeb;vom_unternehmen_auszufuellende_dokumente/260714 Angebotsaufforderung Heizung-Sanitär.x83
0300;DN 32,;1,0;St;gaeb;vom_unternehmen_auszufuellende_dokumente/260714 Angebotsaufforderung Heizung-Sanitär.x83
0310;DN 40,;1,0;St;gaeb;vom_unternehmen_auszufuellende_dokumente/260714 Angebotsaufforderung Heizung-Sanitär.x83
0320;Abscheider für Mikroblasen, Luft, Schmutz mit Magneten zur Magnetitabscheidung, Einbau waagerecht, aus Messing, für Heizungswasser, mit Dämmschalen, mit Gewindeanschluss, max. Betriebstemperatur bis 70 Grad C, Nenndruck 0,6 MPa (6 bar), DN 32.;1,0;St;gaeb;vom_unternehmen_auszufuellende_dokumente/260714 Angebotsaufforderung Heizung-Sanitär.x83
0330;Anschluss herstellen, Form- und Verbindungsstücke werden gesondert vergütet, an Lufterhitzer, mit Rohr aus nichtrostendem Stahl, DN 25, Ausführung gemäß Einzelbeschreibung,;1,0;St;gaeb;vom_unternehmen_auszufuellende_dokumente/260714 Angebotsaufforderung Heizung-Sanitär.x83
0340;DN 40,;1,0;St;gaeb;vom_unternehmen_auszufuellende_dokumente/260714 Angebotsaufforderung Heizung-Sanitär.x83
0010;Rohrleitung aus Präzisionsstahlrohr DIN EN 10305-3, geschweißt, außen verzinkt, Stahlsorte E235 (Werkstoff-Nr 1.0308), DIN EN 10305, für Heizungswasser, Außendurchmesser 18 mm, Wanddicke 1,2 mm, Verbindung durch Pressen, mit Verpresstkennzeichnung und Prüfsicherheit, Form- und Verbindungsstücke werd;100,0;m;gaeb;vom_unternehmen_auszufuellende_dokumente/260714 Angebotsaufforderung Heizung-Sanitär.x83
0020;Außendurchmesser 22 mm, Wanddicke 1,5 mm,;7,0;m;gaeb;vom_unternehmen_auszufuellende_dokumente/260714 Angebotsaufforderung Heizung-Sanitär.x83
0030;Außendurchmesser 28 mm, Wanddicke 1,5 mm,;45,0;m;gaeb;vom_unternehmen_auszufuellende_dokumente/260714 Angebotsaufforderung Heizung-Sanitär.x83
0040;Außendurchmesser 35 mm, Wanddicke 1,5 mm,;110,0;m;gaeb;vom_unternehmen_auszufuellende_dokumente/260714 Angebotsaufforderung Heizung-Sanitär.x83
0050;Außendurchmesser 42 mm, Wanddicke 1,5 mm,;30,0;m;gaeb;vom_unternehmen_auszufuellende_dokumente/260714 Angebotsaufforderung Heizung-Sanitär.x83
0060;Bogen, aus Kohlenstoffstahl, außen verzinkt, Pressverbindung, mit Verpresstkennzeichnung und Prüfsicherheit, bis 45 Grad, für Rohrleitung aus Präzisionsstahlrohr DIN EN 10305-3, geschweißt, für Heizungswasser, Außendurchmesser 18 mm.;35,0;St;gaeb;vom_unternehmen_auszufuellende_dokumente/260714 Angebotsaufforderung Heizung-Sanitär.x83
0070;Außendurchmesser 22 mm.;4,0;St;gaeb;vom_unternehmen_auszufuellende_dokumente/260714 Angebotsaufforderung Heizung-Sanitär.x83
0080;Außendurchmesser 28 mm.;14,0;St;gaeb;vom_unternehmen_auszufuellende_dokumente/260714 Angebotsaufforderung Heizung-Sanitär.x83
0090;Außendurchmesser 35 mm.;35,0;St;gaeb;vom_unternehmen_auszufuellende_dokumente/260714 Angebotsaufforderung Heizung-Sanitär.x83
0100;Außendurchmesser 42 mm.;9,0;St;gaeb;vom_unternehmen_auszufuellende_dokumente/260714 Angebotsaufforderung Heizung-Sanitär.x83
0110;Bogen, aus Kohlenstoffstahl, außen verzinkt, Pressverbindung, mit Verpresstkennzeichnung und Prüfsicherheit, über 45 bis 90 Grad, für Rohrleitung aus Präzisionsstahlrohr DIN EN 10305-3, geschweißt, für Heizungswasser, Außendurchmesser 18 mm.;35,0;St;gaeb;vom_unternehmen_auszufuellende_dokumente/260714 Angebotsaufforderung Heizung-Sanitär.x83
0120;Außendurchmesser 22 mm.;4,0;St;gaeb;vom_unternehmen_auszufuellende_dokumente/260714 Angebotsaufforderung Heizung-Sanitär.x83
0130;Außendurchmesser 28 mm.;14,0;St;gaeb;vom_unternehmen_auszufuellende_dokumente/260714 Angebotsaufforderung Heizung-Sanitär.x83
0140;Außendurchmesser 35 mm.;35,0;St;gaeb;vom_unternehmen_auszufuellende_dokumente/260714 Angebotsaufforderung Heizung-Sanitär.x83
0150;Außendurchmesser 42 mm.;9,0;St;gaeb;vom_unternehmen_auszufuellende_dokumente/260714 Angebotsaufforderung Heizung-Sanitär.x83
0160;T-Stück, aus Kohlenstoffstahl, außen verzinkt, Pressverbindung, mit Verpresstkennzeichnung und Prüfsicherheit, für Rohrleitung aus Präzisionsstahlrohr DIN EN 10305-3, geschweißt, für Heizungswasser, Außendurchmesser 18 mm.;1,0;St;gaeb;vom_unternehmen_auszufuellende_dokumente/260714 Angebotsaufforderung Heizung-Sanitär.x83
0170;Außendurchmesser 22 mm.;2,0;St;gaeb;vom_unternehmen_auszufuellende_dokumente/260714 Angebotsaufforderung Heizung-Sanitär.x83
0180;Außendurchmesser 28 mm.;4,0;St;gaeb;vom_unternehmen_auszufuellende_dokumente/260714 Angebotsaufforderung Heizung-Sanitär.x83
0190;Außendurchmesser 35 mm.;6,0;St;gaeb;vom_unternehmen_auszufuellende_dokumente/260714 Angebotsaufforderung Heizung-Sanitär.x83
0200;Außendurchmesser 42 mm.;3,0;St;gaeb;vom_unternehmen_auszufuellende_dokumente/260714 Angebotsaufforderung Heizung-Sanitär.x83
0210;Reduzierstück, aus Kohlenstoffstahl, außen verzinkt, Pressverbindung, mit Verpresstkennzeichnung und Prüfsicherheit, für Rohrleitung aus Präzisionsstahlrohr DIN EN 10305-3, geschweißt, für Heizungswasser, Außendurchmesser 22 mm, 2. Durchmesser 18 mm.;2,0;St;gaeb;vom_unternehmen_auszufuellende_dokumente/260714 Angebotsaufforderung Heizung-Sanitär.x83
0220;Außendurchmesser 28 mm, 2. Durchmesser 22 mm.;4,0;St;gaeb;vom_unternehmen_auszufuellende_dokumente/260714 Angebotsaufforderung Heizung-Sanitär.x83
0230;Außendurchmesser 35 mm, 2. Durchmesser 22 mm.;2,0;St;gaeb;vom_unternehmen_auszufuellende_dokumente/260714 Angebotsaufforderung Heizung-Sanitär.x83
0240;Außendurchmesser 35 mm, 2. Durchmesser 28 mm.;4,0;St;gaeb;vom_unternehmen_auszufuellende_dokumente/260714 Angebotsaufforderung Heizung-Sanitär.x83
0250;Außendurchmesser 42 mm, 2. Durchmesser 35 mm.;2,0;St;gaeb;vom_unternehmen_auszufuellende_dokumente/260714 Angebotsaufforderung Heizung-Sanitär.x83
0260;Muffe, aus Kohlenstoffstahl, außen verzinkt, Pressverbindung, mit Verpresstkennzeichnung und Prüfsicherheit, für Rohrleitung aus Präzisionsstahlrohr DIN EN 10305-3, geschweißt, für Heizungswasser, Außendurchmesser 18 mm.;25,0;St;gaeb;vom_unternehmen_auszufuellende_dokumente/260714 Angebotsaufforderung Heizung-Sanitär.x83
0270;Außendurchmesser 22 mm.;4,0;St;gaeb;vom_unternehmen_auszufuellende_dokumente/260714 Angebotsaufforderung Heizung-Sanitär.x83
0280;Außendurchmesser 28 mm.;12,0;St;gaeb;vom_unternehmen_auszufuellende_dokumente/260714 Angebotsaufforderung Heizung-Sanitär.x83
0290;Außendurchmesser 35 mm.;27,0;St;gaeb;vom_unternehmen_auszufuellende_dokumente/260714 Angebotsaufforderung Heizung-Sanitär.x83
0300;Außendurchmesser 42 mm.;10,0;St;gaeb;vom_unternehmen_auszufuellende_dokumente/260714 Angebotsaufforderung Heizung-Sanitär.x83
0310;Gerade Verschraubung, aus Kohlenstoffstahl, außen verzinkt, flach dichtend, Pressverbindung, mit Verpresstkennzeichnung und Prüfsicherheit, für Rohrleitung aus Präzisionsstahlrohr DIN EN 10305-3, geschweißt, für Heizungswasser, Außendurchmesser 18 mm.;4,0;St;gaeb;vom_unternehmen_auszufuellende_dokumente/260714 Angebotsaufforderung Heizung-Sanitär.x83
0320;Außendurchmesser 22 mm.;2,0;St;gaeb;vom_unternehmen_auszufuellende_dokumente/260714 Angebotsaufforderung Heizung-Sanitär.x83
0330;Außendurchmesser 28 mm.;6,0;St;gaeb;vom_unternehmen_auszufuellende_dokumente/260714 Angebotsaufforderung Heizung-Sanitär.x83
0340;Außendurchmesser 35 mm.;4,0;St;gaeb;vom_unternehmen_auszufuellende_dokumente/260714 Angebotsaufforderung Heizung-Sanitär.x83
0350;Übergangsverschraubung, aus Kohlenstoffstahl, außen verzinkt, flach dichtend, Pressverbindung, mit Verpresstkennzeichnung und Prüfsicherheit, für Rohrleitung aus Präzisionsstahlrohr DIN EN 10305-3, geschweißt, für Heizungswasser, Außendurchmesser 18 mm.;4,0;St;gaeb;vom_unternehmen_auszufuellende_dokumente/260714 Angebotsaufforderung Heizung-Sanitär.x83
0360;Außendurchmesser 22 mm.;6,0;St;gaeb;vom_unternehmen_auszufuellende_dokumente/260714 Angebotsaufforderung Heizung-Sanitär.x83
0370;Außendurchmesser 28 mm.;6,0;St;gaeb;vom_unternehmen_auszufuellende_dokumente/260714 Angebotsaufforderung Heizung-Sanitär.x83
0380;Außendurchmesser 35 mm.;2,0;St;gaeb;vom_unternehmen_auszufuellende_dokumente/260714 Angebotsaufforderung Heizung-Sanitär.x83
0390;Kappe, aus Kohlenstoffstahl, außen verzinkt, Pressverbindung, mit Verpresstkennzeichnung und Prüfsicherheit, für Rohrleitung aus Präzisionsstahlrohr DIN EN 10305-3, geschweißt, für Heizungswasser, Außendurchmesser 18 mm.;4,0;St;gaeb;vom_unternehmen_auszufuellende_dokumente/260714 Angebotsaufforderung Heizung-Sanitär.x83
0400;Außendurchmesser 22 mm.;2,0;St;gaeb;vom_unternehmen_auszufuellende_dokumente/260714 Angebotsaufforderung Heizung-Sanitär.x83
0410;Außendurchmesser 28 mm.;2,0;St;gaeb;vom_unternehmen_auszufuellende_dokumente/260714 Angebotsaufforderung Heizung-Sanitär.x83
0420;Außendurchmesser 35 mm.;6,0;St;gaeb;vom_unternehmen_auszufuellende_dokumente/260714 Angebotsaufforderung Heizung-Sanitär.x83
0430;Außendurchmesser 42 mm.;2,0;St;gaeb;vom_unternehmen_auszufuellende_dokumente/260714 Angebotsaufforderung Heizung-Sanitär.x83
0440;Luftgefäß mit einem gewölbtem Boden, max. zulässige Betriebstemperatur 120 Grad C, max. Betriebsüberdruck 0,6 MPa (6 bar), aus Stahlrohren, mit Werkszeugnis 2.2 DIN EN 10204, bis DN 40, Gesamtlänge 200 mm, mit einem Leitungsanschluss mit Flansch, Anschluss DN 15, mit Entlüftungsleitung, Länge 2 m un;2,0;St;gaeb;vom_unternehmen_auszufuellende_dokumente/260714 Angebotsaufforderung Heizung-Sanitär.x83
0450;Anschluss DN 25,;4,0;St;gaeb;vom_unternehmen_auszufuellende_dokumente/260714 Angebotsaufforderung Heizung-Sanitär.x83
0460;bis DN 65, Gesamtlänge 250 mm, Anschluss DN 40,;2,0;St;gaeb;vom_unternehmen_auszufuellende_dokumente/260714 Angebotsaufforderung Heizung-Sanitär.x83
0470;Übergangsflansch, mit konischem Außengewinde, aus nichtrostendem Stahl, Pressverbindung, mit Verpresstkennzeichnung und Prüfsicherheit, Außendurchmesser 15 mm, für Heizungswasser, für Rohrleitung aus nichtrostenden Stahlrohren DIN EN 10296-2, geschweißt, Ausführung gemäß Einzelbeschreibung,;2,0;St;gaeb;vom_unternehmen_auszufuellende_dokumente/260714 Angebotsaufforderung Heizung-Sanitär.x83
0480;Außendurchmesser 28 mm,;4,0;St;gaeb;vom_unternehmen_auszufuellende_dokumente/260714 Angebotsaufforderung Heizung-Sanitär.x83
0490;Außendurchmesser 42 mm,;2,0;St;gaeb;vom_unternehmen_auszufuellende_dokumente/260714 Angebotsaufforderung Heizung-Sanitär.x83
0010;Heizkreisverteiler für Fußbodenheizungen, Betriebsmedium Heizungswasser, max. Betriebstemperatur 60 Grad C, max. Betriebsüberdruck 0,4 MPa (4 bar), max. Volumenstrom 3 m3/h, für 8 Heizkreise, Gewindeanschluss;1,0;St;gaeb;vom_unternehmen_auszufuellende_dokumente/260714 Angebotsaufforderung Heizung-Sanitär.x83
0020;für 9 Heizkreise,;2,0;St;gaeb;vom_unternehmen_auszufuellende_dokumente/260714 Angebotsaufforderung Heizung-Sanitär.x83
0030;für 11 Heizkreise,;1,0;St;gaeb;vom_unternehmen_auszufuellende_dokumente/260714 Angebotsaufforderung Heizung-Sanitär.x83
0040;Verteilerschrank für Heizkreisverteiler, höhenverstellbar bis 150 mm, für 8 Heizkreise, Gehäuse aus beschichtetem Stahl, für Wandeinbau, mit Tür und höhenverstellbarem Sockel, aus beschichtetem Stahl, zur Aufnahme der Anschlussgarnitur für Verteiler, mit Zylinderschloss, Ausführung gemäß Einzelbesch;1,0;St;gaeb;vom_unternehmen_auszufuellende_dokumente/260714 Angebotsaufforderung Heizung-Sanitär.x83
0050;für 9 Heizkreise,;2,0;St;gaeb;vom_unternehmen_auszufuellende_dokumente/260714 Angebotsaufforderung Heizung-Sanitär.x83
0060;für 11 Heizkreise,;1,0;St;gaeb;vom_unternehmen_auszufuellende_dokumente/260714 Angebotsaufforderung Heizung-Sanitär.x83
0070;Fußbodenheizung DIN EN 1264-1, für Verlegesystem Typ A (Systeme mit Rohren, die in die Wärmeleitschicht integriert sind), Trägersystem Tacker, Vorlauftemperatur 40 Grad C, Norm-Innentemperatur 20 Grad C, max. Druckdifferenz der Heizkreise 30 kPa, Rohr aus Polybuten-Homopolymer PB-H DIN EN ISO 15876-;106,0;m2;gaeb;vom_unternehmen_auszufuellende_dokumente/260714 Angebotsaufforderung Heizung-Sanitär.x83
0080;Verlegeabstand 160 mm,;245,0;m2;gaeb;vom_unternehmen_auszufuellende_dokumente/260714 Angebotsaufforderung Heizung-Sanitär.x83
0090;Verlegeabstand 225 mm,;175,0;m2;gaeb;vom_unternehmen_auszufuellende_dokumente/260714 Angebotsaufforderung Heizung-Sanitär.x83
0100;Anbindeleitung für Fußbodenheizung, Rohr aus Polybuten-Homopolymer PB-H DIN EN ISO 15876-1 und DIN EN ISO 15876-2, sauerstoffdicht DIN 4726, Außendurchmesser 17 mm.;200,0;m;gaeb;vom_unternehmen_auszufuellende_dokumente/260714 Angebotsaufforderung Heizung-Sanitär.x83
0110;Wärmedämmschicht für Fußboden, aus Polystyrol-Hartschaum EPS DIN EN 13163, als Platte, Dicke 35 mm, Bemessungswert der Wärmeleitfähigkeit max. 0,040 W/(mK), Nennwert der Wärmeleitfähigkeit max. 0,039 W/(mK), einlagig, Anwendungsgebiet DIN 4108-10 DEO, auf Trittschalldämmschicht, als Unterlage für Es;525,0;m2;gaeb;vom_unternehmen_auszufuellende_dokumente/260714 Angebotsaufforderung Heizung-Sanitär.x83
0010;Mediendurchführung, einfach, rund, für Heizungswasser, in Flachdach, mit vorh. Dichtungsbahn, Deckendicke über 50 bis 100 cm, in vorh. Kernbohrung, Durchmesser über 25 bis 50 mm, Medienrohr aus nichtrostendem Stahl, Außendurchmesser Medienrohr über 25 bis 50 mm, mit Los- und Festflansch, geschlossen;2,0;St;gaeb;vom_unternehmen_auszufuellende_dokumente/260714 Angebotsaufforderung Heizung-Sanitär.x83
0020;Autokran mit Teleskopausleger, Lastmoment 50 tm,;4,0;Std;gaeb;vom_unternehmen_auszufuellende_dokumente/260714 Angebotsaufforderung Heizung-Sanitär.x83
0030;Autokran mit Teleskopausleger, Lastmoment 50 tm,;1,0;St;gaeb;vom_unternehmen_auszufuellende_dokumente/260714 Angebotsaufforderung Heizung-Sanitär.x83
0040;Autokran mit Teleskopausleger, Lastmoment 50 tm,;1,0;St;gaeb;vom_unternehmen_auszufuellende_dokumente/260714 Angebotsaufforderung Heizung-Sanitär.x83
0010;Brandschutzabschottung von Rohrleitung aus nichtrostendem Stahl, mit allgemeinem bauaufsichtlichen Prüfzeugnis/allgemeiner bauaufsichtlicher Zulassung, Feuerwiderstandsklasse R 90 DIN 4102-11,;2,0;St;gaeb;vom_unternehmen_auszufuellende_dokumente/260714 Angebotsaufforderung Heizung-Sanitär.x83
0020;DN 32,;2,0;St;gaeb;vom_unternehmen_auszufuellende_dokumente/260714 Angebotsaufforderung Heizung-Sanitär.x83
0030;Brandschutzabschottung von Rohrleitung aus nichtrostendem Stahl, mit allgemeinem bauaufsichtlichen Prüfzeugnis/allgemeiner bauaufsichtlicher Zulassung, Feuerwiderstandsklasse R 90 DIN 4102-11,;6,0;St;gaeb;vom_unternehmen_auszufuellende_dokumente/260714 Angebotsaufforderung Heizung-Sanitär.x83
0040;DN 20,;2,0;St;gaeb;vom_unternehmen_auszufuellende_dokumente/260714 Angebotsaufforderung Heizung-Sanitär.x83
0050;DN 25,;4,0;St;gaeb;vom_unternehmen_auszufuellende_dokumente/260714 Angebotsaufforderung Heizung-Sanitär.x83
0060;DN 32,;6,0;St;gaeb;vom_unternehmen_auszufuellende_dokumente/260714 Angebotsaufforderung Heizung-Sanitär.x83
0070;DN 40,;2,0;St;gaeb;vom_unternehmen_auszufuellende_dokumente/260714 Angebotsaufforderung Heizung-Sanitär.x83
0080;DN 50,;6,0;St;gaeb;vom_unternehmen_auszufuellende_dokumente/260714 Angebotsaufforderung Heizung-Sanitär.x83
0090;Wärmedämmung ohne Ummantelung DIN 4140 an haus- und betriebstechnischen Anlagen, an Rohrleitung, DN 15, Rohrverbindung als Pressverbindung, im Gebäude, Dämmung aus Mineralwolle DIN EN 14303, als Rohrschale, Dämmschichtdicke 20 mm, Brandverhaltensklasse DIN EN 13501-1 A2 -s1, d0 (nichtbrennbar), Wärm;100,0;m;gaeb;vom_unternehmen_auszufuellende_dokumente/260714 Angebotsaufforderung Heizung-Sanitär.x83
0100;DN 20,;7,0;m;gaeb;vom_unternehmen_auszufuellende_dokumente/260714 Angebotsaufforderung Heizung-Sanitär.x83
0110;DN 25, Dämmschichtdicke 30 mm,;45,0;m;gaeb;vom_unternehmen_auszufuellende_dokumente/260714 Angebotsaufforderung Heizung-Sanitär.x83
0120;DN 32, Dämmschichtdicke 30 mm,;110,0;m;gaeb;vom_unternehmen_auszufuellende_dokumente/260714 Angebotsaufforderung Heizung-Sanitär.x83
0130;DN 40, Dämmschichtdicke 40 mm,;30,0;m;gaeb;vom_unternehmen_auszufuellende_dokumente/260714 Angebotsaufforderung Heizung-Sanitär.x83
0140;Bogen aus Mineralwolle DIN EN 14303, Wärmedämmung DIN 4140 an haus- und betriebstechnischen Anlagen, an Rohrleitung, DN 15, im Gebäude, Brandverhaltensklasse DIN EN 13501-1 A2 -s1, d0 (nichtbrennbar), Wärmeleitfähigkeit 0,035 W/(mK) bei 40 Grad C Mitteltemperatur DIN EN 12667, Dämmschichtdicke 20 mm;70,0;St;gaeb;vom_unternehmen_auszufuellende_dokumente/260714 Angebotsaufforderung Heizung-Sanitär.x83
0150;DN 20,;8,0;St;gaeb;vom_unternehmen_auszufuellende_dokumente/260714 Angebotsaufforderung Heizung-Sanitär.x83
0160;DN 25, Dämmschichtdicke 30 mm,;28,0;St;gaeb;vom_unternehmen_auszufuellende_dokumente/260714 Angebotsaufforderung Heizung-Sanitär.x83
0170;DN 32, Dämmschichtdicke 30 mm,;70,0;St;gaeb;vom_unternehmen_auszufuellende_dokumente/260714 Angebotsaufforderung Heizung-Sanitär.x83
0180;DN 40, Dämmschichtdicke 40 mm,;18,0;St;gaeb;vom_unternehmen_auszufuellende_dokumente/260714 Angebotsaufforderung Heizung-Sanitär.x83
0190;Reduzierung aus Mineralwolle DIN EN 14303, Wärmedämmung DIN 4140 an haus- und betriebstechnischen Anlagen, an Rohrleitung, DN 20, im Gebäude, Brandverhaltensklasse DIN EN 13501-1 A1 (nichtbrennbar), Wärmeleitfähigkeit 0,035 W/(mK) bei 40 Grad C Mitteltemperatur DIN EN 12667, Dämmschichtdicke 20 mm, ;2,0;St;gaeb;vom_unternehmen_auszufuellende_dokumente/260714 Angebotsaufforderung Heizung-Sanitär.x83
0200;DN 25, Dämmschichtdicke 30 mm,;4,0;St;gaeb;vom_unternehmen_auszufuellende_dokumente/260714 Angebotsaufforderung Heizung-Sanitär.x83
0210;DN 32, Dämmschichtdicke 30 mm,;6,0;St;gaeb;vom_unternehmen_auszufuellende_dokumente/260714 Angebotsaufforderung Heizung-Sanitär.x83
0220;DN 40, Dämmschichtdicke 40 mm,;2,0;St;gaeb;vom_unternehmen_auszufuellende_dokumente/260714 Angebotsaufforderung Heizung-Sanitär.x83
0230;T-Stück aus Mineralwolle DIN EN 14303, Wärmedämmung DIN 4140 an haus- und betriebstechnischen Anlagen, an Rohrleitung, DN 15, im Gebäude, Brandverhaltensklasse DIN EN 13501-1 A2 -s1, d0 (nichtbrennbar), Wärmeleitfähigkeit 0,035 W/(mK) bei 40 Grad C Mitteltemperatur DIN EN 12667, Dämmschichtdicke 20 ;1,0;St;gaeb;vom_unternehmen_auszufuellende_dokumente/260714 Angebotsaufforderung Heizung-Sanitär.x83
0240;DN 20,;2,0;St;gaeb;vom_unternehmen_auszufuellende_dokumente/260714 Angebotsaufforderung Heizung-Sanitär.x83
0250;DN 25, Dämmschichtdicke 30 mm,;4,0;St;gaeb;vom_unternehmen_auszufuellende_dokumente/260714 Angebotsaufforderung Heizung-Sanitär.x83
0260;DN 32, Dämmschichtdicke 30 mm,;6,0;St;gaeb;vom_unternehmen_auszufuellende_dokumente/260714 Angebotsaufforderung Heizung-Sanitär.x83
0270;DN 40, Dämmschichtdicke 40 mm,;3,0;St;gaeb;vom_unternehmen_auszufuellende_dokumente/260714 Angebotsaufforderung Heizung-Sanitär.x83
0280;Passstück aus Mineralwolle DIN EN 14303, Wärmedämmung DIN 4140 an haus- und betriebstechnischen Anlagen, an Rohrleitung, DN 15, im Gebäude, Brandverhaltensklasse DIN EN 13501-1 A2 -s1, d0 (nichtbrennbar), Wärmeleitfähigkeit 0,035 W/(mK) bei 40 Grad C Mitteltemperatur DIN EN 12667, Dämmschichtdicke 2;25,0;St;gaeb;vom_unternehmen_auszufuellende_dokumente/260714 Angebotsaufforderung Heizung-Sanitär.x83
0290;DN 20,;4,0;St;gaeb;vom_unternehmen_auszufuellende_dokumente/260714 Angebotsaufforderung Heizung-Sanitär.x83
0300;DN 25, Dämmschichtdicke 30 mm,;12,0;St;gaeb;vom_unternehmen_auszufuellende_dokumente/260714 Angebotsaufforderung Heizung-Sanitär.x83
0310;DN 32, Dämmschichtdicke 30 mm,;27,0;St;gaeb;vom_unternehmen_auszufuellende_dokumente/260714 Angebotsaufforderung Heizung-Sanitär.x83
0320;DN 40, Dämmschichtdicke 40 mm,;10,0;St;gaeb;vom_unternehmen_auszufuellende_dokumente/260714 Angebotsaufforderung Heizung-Sanitär.x83
0330;Übergangsstück aus Mineralwolle DIN EN 14303, Wärmedämmung DIN 4140 an haus- und betriebstechnischen Anlagen, an Rohrleitung, DN 15, im Gebäude, Brandverhaltensklasse DIN EN 13501-1 A1 (nichtbrennbar), Wärmeleitfähigkeit 0,035 W/(mK) bei 40 Grad C Mitteltemperatur DIN EN 12667, Dämmschichtdicke 20 m;8,0;St;gaeb;vom_unternehmen_auszufuellende_dokumente/260714 Angebotsaufforderung Heizung-Sanitär.x83
0340;DN 20,;8,0;St;gaeb;vom_unternehmen_auszufuellende_dokumente/260714 Angebotsaufforderung Heizung-Sanitär.x83
0350;DN 25, Dämmschichtdicke 30 mm,;12,0;St;gaeb;vom_unternehmen_auszufuellende_dokumente/260714 Angebotsaufforderung Heizung-Sanitär.x83
0360;DN 32, Dämmschichtdicke 30 mm,;6,0;St;gaeb;vom_unternehmen_auszufuellende_dokumente/260714 Angebotsaufforderung Heizung-Sanitär.x83
0370;Kappe aus Mineralwolle DIN EN 14303, Wärmedämmung DIN 4140 an haus- und betriebstechnischen Anlagen, an Rohrleitung, DN 15, im Gebäude, Brandverhaltensklasse DIN EN 13501-1 A1 (nichtbrennbar), Wärmeleitfähigkeit 0,035 W/(mK) bei 40 Grad C Mitteltemperatur DIN EN 12667, Dämmschichtdicke 20 mm, kaschi;4,0;St;gaeb;vom_unternehmen_auszufuellende_dokumente/260714 Angebotsaufforderung Heizung-Sanitär.x83
0380;DN 20,;2,0;St;gaeb;vom_unternehmen_auszufuellende_dokumente/260714 Angebotsaufforderung Heizung-Sanitär.x83
0390;DN 25, Dämmschichtdicke 30 mm,;2,0;St;gaeb;vom_unternehmen_auszufuellende_dokumente/260714 Angebotsaufforderung Heizung-Sanitär.x83
0400;DN 32, Dämmschichtdicke 30 mm,;6,0;St;gaeb;vom_unternehmen_auszufuellende_dokumente/260714 Angebotsaufforderung Heizung-Sanitär.x83
0410;DN 40, Dämmschichtdicke 40 mm,;2,0;St;gaeb;vom_unternehmen_auszufuellende_dokumente/260714 Angebotsaufforderung Heizung-Sanitär.x83
0010;Installationsleitung DIN VDE 0250-204 (VDE 0250-204);30,0;m;gaeb;vom_unternehmen_auszufuellende_dokumente/260714 Angebotsaufforderung Heizung-Sanitär.x83
0020;Installationsleitung DIN VDE 0250-204 (VDE 0250-204);80,0;m;gaeb;vom_unternehmen_auszufuellende_dokumente/260714 Angebotsaufforderung Heizung-Sanitär.x83
0030;Installationsleitung DIN VDE 0250-204 (VDE 0250-204);20,0;m;gaeb;vom_unternehmen_auszufuellende_dokumente/260714 Angebotsaufforderung Heizung-Sanitär.x83
0040;Installationsleitung DIN VDE 0250-204 (VDE 0250-204);10,0;m;gaeb;vom_unternehmen_auszufuellende_dokumente/260714 Angebotsaufforderung Heizung-Sanitär.x83
0050;Installationsleitung DIN VDE 0250-204 (VDE 0250-204) NYM-J 2 x 1,5, Cu-Zahl 29, nur anschließen an beigestellte Betriebsmittel, einschl. Verbindungsmittel.;10,0;St;gaeb;vom_unternehmen_auszufuellende_dokumente/260714 Angebotsaufforderung Heizung-Sanitär.x83
0060;3 x 1,5, Cu-Zahl 43,;30,0;St;gaeb;vom_unternehmen_auszufuellende_dokumente/260714 Angebotsaufforderung Heizung-Sanitär.x83
0070;4 x 1,5, Cu-Zahl 58,;5,0;St;gaeb;vom_unternehmen_auszufuellende_dokumente/260714 Angebotsaufforderung Heizung-Sanitär.x83
0080;5 x 1,5, Cu-Zahl 72,;5,0;St;gaeb;vom_unternehmen_auszufuellende_dokumente/260714 Angebotsaufforderung Heizung-Sanitär.x83
0010;Abwasserleitung aus PP-Rohr DIN EN 1451-1, heißwasserbeständig (bis 95 Grad C) und schallgedämmt, für Schmutzwasser, DN/OD 50, Verbindung mit Steckmuffe, einschl. Dichtringen, Verlegung in Gebäuden, Form- und Verbindungsstücke werden gesondert vergütet, besondere Rohrbefestigungen werden gesondert v;20,0;m;gaeb;vom_unternehmen_auszufuellende_dokumente/260714 Angebotsaufforderung Heizung-Sanitär.x83
0020;DN/OD 75,;10,0;m;gaeb;vom_unternehmen_auszufuellende_dokumente/260714 Angebotsaufforderung Heizung-Sanitär.x83
0030;DN/OD 100,;35,0;m;gaeb;vom_unternehmen_auszufuellende_dokumente/260714 Angebotsaufforderung Heizung-Sanitär.x83
0040;Passstück bis 50 cm, für Abwasserleitung, aus PP-Rohr DIN EN 1451-1, heißwasserbeständig (bis 95 Grad C) und schallgedämmt, DN/OD 50.;10,0;St;gaeb;vom_unternehmen_auszufuellende_dokumente/260714 Angebotsaufforderung Heizung-Sanitär.x83
0050;DN/OD 75.;5,0;St;gaeb;vom_unternehmen_auszufuellende_dokumente/260714 Angebotsaufforderung Heizung-Sanitär.x83
0060;DN/OD 100.;15,0;St;gaeb;vom_unternehmen_auszufuellende_dokumente/260714 Angebotsaufforderung Heizung-Sanitär.x83
0070;Bogen, bis 45 Grad, für Abwasserleitung, aus PP-Rohr DIN EN 1451-1, heißwasserbeständig (bis 95 Grad C) und schallgedämmt, DN/OD 50.;45,0;St;gaeb;vom_unternehmen_auszufuellende_dokumente/260714 Angebotsaufforderung Heizung-Sanitär.x83
0080;DN/OD 75.;10,0;St;gaeb;vom_unternehmen_auszufuellende_dokumente/260714 Angebotsaufforderung Heizung-Sanitär.x83
0090;DN/OD 90.;2,0;St;gaeb;vom_unternehmen_auszufuellende_dokumente/260714 Angebotsaufforderung Heizung-Sanitär.x83
0100;DN/OD 100.;10,0;St;gaeb;vom_unternehmen_auszufuellende_dokumente/260714 Angebotsaufforderung Heizung-Sanitär.x83
0110;Bogen, 87 Grad, für Abwasserleitung, aus PP-Rohr DIN EN 1451-1, heißwasserbeständig (bis 95 Grad C) und schallgedämmt, DN/OD 50.;10,0;St;gaeb;vom_unternehmen_auszufuellende_dokumente/260714 Angebotsaufforderung Heizung-Sanitär.x83
0120;DN/OD 75.;8,0;St;gaeb;vom_unternehmen_auszufuellende_dokumente/260714 Angebotsaufforderung Heizung-Sanitär.x83
0130;DN/OD 100.;10,0;St;gaeb;vom_unternehmen_auszufuellende_dokumente/260714 Angebotsaufforderung Heizung-Sanitär.x83
0140;Abzweig, bis 45 Grad, für Abwasserleitung, aus PP-Rohr DIN EN 1451-1, heißwasserbeständig (bis 95 Grad C) und schallgedämmt, DN/OD 50.;7,0;St;gaeb;vom_unternehmen_auszufuellende_dokumente/260714 Angebotsaufforderung Heizung-Sanitär.x83
0150;DN/OD 75.;2,0;St;gaeb;vom_unternehmen_auszufuellende_dokumente/260714 Angebotsaufforderung Heizung-Sanitär.x83
0160;DN/OD 100.;5,0;St;gaeb;vom_unternehmen_auszufuellende_dokumente/260714 Angebotsaufforderung Heizung-Sanitär.x83
0170;Abzweig, 87 Grad, für Abwasserleitung, aus PP-Rohr DIN EN 1451-1, heißwasserbeständig (bis 95 Grad C) und schallgedämmt, DN/OD 50.;3,0;St;gaeb;vom_unternehmen_auszufuellende_dokumente/260714 Angebotsaufforderung Heizung-Sanitär.x83
0180;DN/OD 75.;2,0;St;gaeb;vom_unternehmen_auszufuellende_dokumente/260714 Angebotsaufforderung Heizung-Sanitär.x83
0190;DN/OD 100.;4,0;St;gaeb;vom_unternehmen_auszufuellende_dokumente/260714 Angebotsaufforderung Heizung-Sanitär.x83
0200;Reduzierstück, für Abwasserleitung, aus PP-Rohr DIN EN 1451-1, heißwasserbeständig (bis 95 Grad C) und schallgedämmt, DN/OD 75, 2. DN/OD 50.;5,0;St;gaeb;vom_unternehmen_auszufuellende_dokumente/260714 Angebotsaufforderung Heizung-Sanitär.x83
0210;DN/OD 100,;8,0;St;gaeb;vom_unternehmen_auszufuellende_dokumente/260714 Angebotsaufforderung Heizung-Sanitär.x83
0220;DN/OD 100, 2. DN/OD 75.;6,0;St;gaeb;vom_unternehmen_auszufuellende_dokumente/260714 Angebotsaufforderung Heizung-Sanitär.x83
0230;DN/OD 100, 2. DN/OD 90.;4,0;St;gaeb;vom_unternehmen_auszufuellende_dokumente/260714 Angebotsaufforderung Heizung-Sanitär.x83
0240;Langmuffe, 2-fache Muffentiefe, für Abwasserleitung, aus PP-Rohr DIN EN 1451-1, heißwasserbeständig (bis 95 Grad C) und schallgedämmt, DN/OD 50.;4,0;St;gaeb;vom_unternehmen_auszufuellende_dokumente/260714 Angebotsaufforderung Heizung-Sanitär.x83
0250;DN/OD 75.;6,0;St;gaeb;vom_unternehmen_auszufuellende_dokumente/260714 Angebotsaufforderung Heizung-Sanitär.x83
0260;DN/OD 100.;4,0;St;gaeb;vom_unternehmen_auszufuellende_dokumente/260714 Angebotsaufforderung Heizung-Sanitär.x83
0270;Enddeckel, für Abwasserleitung, aus PP-Rohr DIN EN 1451-1, heißwasserbeständig (bis 95 Grad C) und schallgedämmt, DN/OD 50.;2,0;St;gaeb;vom_unternehmen_auszufuellende_dokumente/260714 Angebotsaufforderung Heizung-Sanitär.x83
0280;DN/OD 75.;2,0;St;gaeb;vom_unternehmen_auszufuellende_dokumente/260714 Angebotsaufforderung Heizung-Sanitär.x83
0290;DN/OD 100.;4,0;St;gaeb;vom_unternehmen_auszufuellende_dokumente/260714 Angebotsaufforderung Heizung-Sanitär.x83
0300;Reinigungsrohr mit Verschlussdeckel, Deckel rund, für Abwasserleitung, aus PP-Rohr DIN EN 1451-1, heißwasserbeständig (bis 95 Grad C) und schallgedämmt, DN/OD 75.;4,0;St;gaeb;vom_unternehmen_auszufuellende_dokumente/260714 Angebotsaufforderung Heizung-Sanitär.x83
0310;DN/OD 100.;6,0;St;gaeb;vom_unternehmen_auszufuellende_dokumente/260714 Angebotsaufforderung Heizung-Sanitär.x83
0010;Rohrleitung aus nichtrostenden Stahlrohren DVGW GW 541, geschweißt, für Trinkwasser DIN 1988-200, Außendurchmesser 15 mm, Wanddicke 1 mm, Verbindung durch Pressen, mit Verpresstkennzeichnung und Prüfsicherheit, einschl. Dichtungsmittel und Herstellen der Verbindungen, Form- und Verbindungsstücke wer;80,0;m;gaeb;vom_unternehmen_auszufuellende_dokumente/260714 Angebotsaufforderung Heizung-Sanitär.x83
0020;Außendurchmesser 18 mm,;30,0;m;gaeb;vom_unternehmen_auszufuellende_dokumente/260714 Angebotsaufforderung Heizung-Sanitär.x83
0030;Außendurchmesser 22 mm, Wanddicke 1,2 mm,;40,0;m;gaeb;vom_unternehmen_auszufuellende_dokumente/260714 Angebotsaufforderung Heizung-Sanitär.x83
0040;Außendurchmesser 28 mm, Wanddicke 1,2 mm,;55,0;m;gaeb;vom_unternehmen_auszufuellende_dokumente/260714 Angebotsaufforderung Heizung-Sanitär.x83
0050;Außendurchmesser 35 mm, Wanddicke 1,5 mm,;30,0;m;gaeb;vom_unternehmen_auszufuellende_dokumente/260714 Angebotsaufforderung Heizung-Sanitär.x83
0060;Bogen, aus nichtrostendem Stahl, über 45 bis 90 Grad, für Rohrleitung aus nichtrostendem Stahl, für Trinkwasser DIN 1988-200, als Pressverbindung mit DVGW-Zertifizierung, mit Verpresstkennzeichnung und Prüfsicherheit, Außendurchmesser 15 mm.;80,0;St;gaeb;vom_unternehmen_auszufuellende_dokumente/260714 Angebotsaufforderung Heizung-Sanitär.x83
0070;Außendurchmesser 18 mm.;20,0;St;gaeb;vom_unternehmen_auszufuellende_dokumente/260714 Angebotsaufforderung Heizung-Sanitär.x83
0080;Außendurchmesser 22 mm.;20,0;St;gaeb;vom_unternehmen_auszufuellende_dokumente/260714 Angebotsaufforderung Heizung-Sanitär.x83
0090;Außendurchmesser 28 mm.;15,0;St;gaeb;vom_unternehmen_auszufuellende_dokumente/260714 Angebotsaufforderung Heizung-Sanitär.x83
0100;Außendurchmesser 35 mm.;7,0;St;gaeb;vom_unternehmen_auszufuellende_dokumente/260714 Angebotsaufforderung Heizung-Sanitär.x83
0110;Bogen, aus nichtrostendem Stahl, bis 45 Grad, für Rohrleitung aus nichtrostendem Stahl, für Trinkwasser DIN 1988-200, als Pressverbindung mit DVGW-Zertifizierung, mit Verpresstkennzeichnung und Prüfsicherheit, Außendurchmesser 15 mm.;30,0;St;gaeb;vom_unternehmen_auszufuellende_dokumente/260714 Angebotsaufforderung Heizung-Sanitär.x83
0120;Außendurchmesser 18 mm.;10,0;St;gaeb;vom_unternehmen_auszufuellende_dokumente/260714 Angebotsaufforderung Heizung-Sanitär.x83
0130;Außendurchmesser 22 mm.;10,0;St;gaeb;vom_unternehmen_auszufuellende_dokumente/260714 Angebotsaufforderung Heizung-Sanitär.x83
0140;Außendurchmesser 28 mm.;15,0;St;gaeb;vom_unternehmen_auszufuellende_dokumente/260714 Angebotsaufforderung Heizung-Sanitär.x83
0150;Außendurchmesser 35 mm.;3,0;St;gaeb;vom_unternehmen_auszufuellende_dokumente/260714 Angebotsaufforderung Heizung-Sanitär.x83
0160;Muffe, aus nichtrostendem Stahl, für Rohrleitung aus nichtrostendem Stahl, für Trinkwasser DIN 1988-200, als Pressverbindung mit DVGW-Zertifizierung, mit Verpresstkennzeichnung und Prüfsicherheit, Außendurchmesser 15 mm.;20,0;St;gaeb;vom_unternehmen_auszufuellende_dokumente/260714 Angebotsaufforderung Heizung-Sanitär.x83
0170;Außendurchmesser 18 mm.;15,0;St;gaeb;vom_unternehmen_auszufuellende_dokumente/260714 Angebotsaufforderung Heizung-Sanitär.x83
0180;Außendurchmesser 22 mm.;15,0;St;gaeb;vom_unternehmen_auszufuellende_dokumente/260714 Angebotsaufforderung Heizung-Sanitär.x83
0190;Außendurchmesser 28 mm.;20,0;St;gaeb;vom_unternehmen_auszufuellende_dokumente/260714 Angebotsaufforderung Heizung-Sanitär.x83
0200;Außendurchmesser 35 mm.;10,0;St;gaeb;vom_unternehmen_auszufuellende_dokumente/260714 Angebotsaufforderung Heizung-Sanitär.x83
0210;Außendurchmesser 42 mm.;5,0;St;gaeb;vom_unternehmen_auszufuellende_dokumente/260714 Angebotsaufforderung Heizung-Sanitär.x83
0220;T-Stück, aus nichtrostendem Stahl, für Rohrleitung aus nichtrostendem Stahl, für Trinkwasser DIN 1988-200, als Pressverbindung mit DVGW-Zertifizierung, mit Verpresstkennzeichnung und Prüfsicherheit, Außendurchmesser 15 mm.;18,0;St;gaeb;vom_unternehmen_auszufuellende_dokumente/260714 Angebotsaufforderung Heizung-Sanitär.x83
0230;Außendurchmesser 18 mm.;5,0;St;gaeb;vom_unternehmen_auszufuellende_dokumente/260714 Angebotsaufforderung Heizung-Sanitär.x83
0240;Außendurchmesser 22 mm.;6,0;St;gaeb;vom_unternehmen_auszufuellende_dokumente/260714 Angebotsaufforderung Heizung-Sanitär.x83
0250;Außendurchmesser 28 mm.;8,0;St;gaeb;vom_unternehmen_auszufuellende_dokumente/260714 Angebotsaufforderung Heizung-Sanitär.x83
0260;Außendurchmesser 35 mm.;2,0;St;gaeb;vom_unternehmen_auszufuellende_dokumente/260714 Angebotsaufforderung Heizung-Sanitär.x83
0270;Außendurchmesser 42 mm.;1,0;St;gaeb;vom_unternehmen_auszufuellende_dokumente/260714 Angebotsaufforderung Heizung-Sanitär.x83
0280;T-Stück, reduziert, aus nichtrostendem Stahl, für Rohrleitung aus nichtrostendem Stahl, für Nichttrinkwasser, als Pressverbindung, mit Verpresstkennzeichnung und Prüfsicherheit, Außendurchmesser 18 mm, 2. Durchmesser 15 mm.;6,0;St;gaeb;vom_unternehmen_auszufuellende_dokumente/260714 Angebotsaufforderung Heizung-Sanitär.x83
0290;Außendurchmesser 22 mm, 2. Durchmesser 18 mm.;4,0;St;gaeb;vom_unternehmen_auszufuellende_dokumente/260714 Angebotsaufforderung Heizung-Sanitär.x83
0300;Außendurchmesser 28 mm, 2. Durchmesser 22 mm.;3,0;St;gaeb;vom_unternehmen_auszufuellende_dokumente/260714 Angebotsaufforderung Heizung-Sanitär.x83
0310;Außendurchmesser 35 mm, 2. Durchmesser 28 mm.;2,0;St;gaeb;vom_unternehmen_auszufuellende_dokumente/260714 Angebotsaufforderung Heizung-Sanitär.x83
0320;Außendurchmesser 42 mm, 2. Durchmesser 35 mm.;1,0;St;gaeb;vom_unternehmen_auszufuellende_dokumente/260714 Angebotsaufforderung Heizung-Sanitär.x83
0330;Reduzierstück, aus nichtrostendem Stahl, für Rohrleitung aus nichtrostendem Stahl, für Nichttrinkwasser, als Pressverbindung, mit Verpresstkennzeichnung und Prüfsicherheit, Außendurchmesser 18 mm, 2. Durchmesser 15 mm.;2,0;St;gaeb;vom_unternehmen_auszufuellende_dokumente/260714 Angebotsaufforderung Heizung-Sanitär.x83
0340;Außendurchmesser 22 mm, 2. Durchmesser 18 mm.;4,0;St;gaeb;vom_unternehmen_auszufuellende_dokumente/260714 Angebotsaufforderung Heizung-Sanitär.x83
0350;Außendurchmesser 28 mm,;3,0;St;gaeb;vom_unternehmen_auszufuellende_dokumente/260714 Angebotsaufforderung Heizung-Sanitär.x83
0360;Außendurchmesser 28 mm, 2. Durchmesser 18 mm.;5,0;St;gaeb;vom_unternehmen_auszufuellende_dokumente/260714 Angebotsaufforderung Heizung-Sanitär.x83
0370;Außendurchmesser 28 mm, 2. Durchmesser 22 mm.;4,0;St;gaeb;vom_unternehmen_auszufuellende_dokumente/260714 Angebotsaufforderung Heizung-Sanitär.x83
0380;Außendurchmesser 35 mm,;2,0;St;gaeb;vom_unternehmen_auszufuellende_dokumente/260714 Angebotsaufforderung Heizung-Sanitär.x83
0390;Außendurchmesser 35 mm, 2. Durchmesser 22 mm.;3,0;St;gaeb;vom_unternehmen_auszufuellende_dokumente/260714 Angebotsaufforderung Heizung-Sanitär.x83
0400;Außendurchmesser 35 mm, 2. Durchmesser 28 mm.;2,0;St;gaeb;vom_unternehmen_auszufuellende_dokumente/260714 Angebotsaufforderung Heizung-Sanitär.x83
0410;Außendurchmesser 42 mm, 2. Durchmesser 35 mm.;1,0;St;gaeb;vom_unternehmen_auszufuellende_dokumente/260714 Angebotsaufforderung Heizung-Sanitär.x83
0420;Übergangsstück, mit Einsteckende und Außengewinde, aus nichtrostendem Stahl, für Rohrleitung aus nichtrostendem Stahl, für Trinkwasser DIN 1988-200, als Pressverbindung mit DVGW-Zertifizierung, mit Verpresstkennzeichnung und Prüfsicherheit, Außendurchmesser 15 mm, Gewindeanschluss R 3/8.;1,0;St;gaeb;vom_unternehmen_auszufuellende_dokumente/260714 Angebotsaufforderung Heizung-Sanitär.x83
0430;Übergangsstück, mit Einsteckende und Außengewinde, aus nichtrostendem Stahl, für Rohrleitung aus nichtrostendem Stahl, für Trinkwasser DIN 1988-200, als Pressverbindung mit DVGW-Zertifizierung, mit Verpresstkennzeichnung und Prüfsicherheit, Außendurchmesser 15 mm, Gewindeanschluss R 1/2.;3,0;St;gaeb;vom_unternehmen_auszufuellende_dokumente/260714 Angebotsaufforderung Heizung-Sanitär.x83
0440;Übergangsstück, mit Einsteckende und Außengewinde, aus nichtrostendem Stahl, für Rohrleitung aus nichtrostendem Stahl, für Trinkwasser DIN 1988-200, als Pressverbindung mit DVGW-Zertifizierung, mit Verpresstkennzeichnung und Prüfsicherheit, Außendurchmesser 18 mm, Gewindeanschluss R 1/2.;4,0;St;gaeb;vom_unternehmen_auszufuellende_dokumente/260714 Angebotsaufforderung Heizung-Sanitär.x83
0450;Übergangsstück, mit Einsteckende und Außengewinde, aus nichtrostendem Stahl, für Rohrleitung aus nichtrostendem Stahl, für Trinkwasser DIN 1988-200, als Pressverbindung mit DVGW-Zertifizierung, mit Verpresstkennzeichnung und Prüfsicherheit, Außendurchmesser 18 mm, Gewindeanschluss R 3/4.;2,0;St;gaeb;vom_unternehmen_auszufuellende_dokumente/260714 Angebotsaufforderung Heizung-Sanitär.x83
0460;Übergangsstück, mit Einsteckende und Außengewinde, aus nichtrostendem Stahl, für Rohrleitung aus nichtrostendem Stahl, für Trinkwasser DIN 1988-200, als Pressverbindung mit DVGW-Zertifizierung, mit Verpresstkennzeichnung und Prüfsicherheit, Außendurchmesser 22 mm, Gewindeanschluss R 1/2.;3,0;St;gaeb;vom_unternehmen_auszufuellende_dokumente/260714 Angebotsaufforderung Heizung-Sanitär.x83
0470;Übergangsstück, mit Einsteckende und Außengewinde, aus nichtrostendem Stahl, für Rohrleitung aus nichtrostendem Stahl, für Trinkwasser DIN 1988-200, als Pressverbindung mit DVGW-Zertifizierung, mit Verpresstkennzeichnung und Prüfsicherheit, Außendurchmesser 22 mm, Gewindeanschluss R 3/4.;5,0;St;gaeb;vom_unternehmen_auszufuellende_dokumente/260714 Angebotsaufforderung Heizung-Sanitär.x83
0480;Übergangsstück, mit Einsteckende und Außengewinde, aus nichtrostendem Stahl, für Rohrleitung aus nichtrostendem Stahl, für Trinkwasser DIN 1988-200, als Pressverbindung mit DVGW-Zertifizierung, mit Verpresstkennzeichnung und Prüfsicherheit, Außendurchmesser 28 mm, Gewindeanschluss R 3/4.;3,0;St;gaeb;vom_unternehmen_auszufuellende_dokumente/260714 Angebotsaufforderung Heizung-Sanitär.x83
0490;Übergangsstück mit Überwurfmutter, aus nichtrostendem Stahl, für Rohrleitung aus nichtrostendem Stahl, für Trinkwasser DIN 1988-200, als Pressverbindung mit DVGW-Zertifizierung, mit Verpresstkennzeichnung und Prüfsicherheit, Außendurchmesser 15 mm, Gewindeanschluss G 1/2.;2,0;St;gaeb;vom_unternehmen_auszufuellende_dokumente/260714 Angebotsaufforderung Heizung-Sanitär.x83
0500;Übergangsstück mit Überwurfmutter, aus nichtrostendem Stahl, für Rohrleitung aus nichtrostendem Stahl, für Trinkwasser DIN 1988-200, als Pressverbindung mit DVGW-Zertifizierung, mit Verpresstkennzeichnung und Prüfsicherheit, Außendurchmesser 15 mm, Gewindeanschluss G 3/4.;4,0;St;gaeb;vom_unternehmen_auszufuellende_dokumente/260714 Angebotsaufforderung Heizung-Sanitär.x83
0510;Übergangsstück mit Überwurfmutter, aus nichtrostendem Stahl, für Rohrleitung aus nichtrostendem Stahl, für Trinkwasser DIN 1988-200, als Pressverbindung mit DVGW-Zertifizierung, mit Verpresstkennzeichnung und Prüfsicherheit, Außendurchmesser 15 mm, Gewindeanschluss G 1.;6,0;St;gaeb;vom_unternehmen_auszufuellende_dokumente/260714 Angebotsaufforderung Heizung-Sanitär.x83
0520;Übergangsstück mit Überwurfmutter, aus nichtrostendem Stahl, für Rohrleitung aus nichtrostendem Stahl, für Trinkwasser DIN 1988-200, als Pressverbindung mit DVGW-Zertifizierung, mit Verpresstkennzeichnung und Prüfsicherheit, Außendurchmesser 18 mm, Gewindeanschluss G 3/4.;2,0;St;gaeb;vom_unternehmen_auszufuellende_dokumente/260714 Angebotsaufforderung Heizung-Sanitär.x83
0530;Anschlusswinkel einschl. Abpressstopfen, verdrehsicher, in 45-Grad-Stufen arretierbar, aus nichtrostendem Stahl, Anschlussmaße Rp 1/2/15 mm, für Rohrleitung aus nichtrostendem Stahl, für Trinkwasser DIN 1988-200, als Pressverbindung mit DVGW-Zertifizierung, mit Verpresstkennzeichnung und Prüfsicherh;6,0;St;gaeb;vom_unternehmen_auszufuellende_dokumente/260714 Angebotsaufforderung Heizung-Sanitär.x83
0540;Anschlusswinkel einschl. Abpressstopfen, verdrehsicher, in 45-Grad-Stufen arretierbar, aus nichtrostendem Stahl, Anschlussmaße Rp 1/2/18 mm, für Rohrleitung aus nichtrostendem Stahl, für Trinkwasser DIN 1988-200, als Pressverbindung mit DVGW-Zertifizierung, mit Verpresstkennzeichnung und Prüfsicherh;6,0;St;gaeb;vom_unternehmen_auszufuellende_dokumente/260714 Angebotsaufforderung Heizung-Sanitär.x83
0550;Doppelanschlusswinkel einschl. Abpressstopfen, verdrehsicher, in 45-Grad-Stufen arretierbar, aus nichtrostendem Stahl, Anschlussmaße Rp 1/2/15 mm, für Rohrleitung aus nichtrostendem Stahl, für Trinkwasser DIN 1988-200, als Pressverbindung mit DVGW-Zertifizierung, mit Verpresstkennzeichnung und Prüfs;10,0;St;gaeb;vom_unternehmen_auszufuellende_dokumente/260714 Angebotsaufforderung Heizung-Sanitär.x83
0560;Doppelanschlusswinkel einschl. Abpressstopfen, verdrehsicher, in 45-Grad-Stufen arretierbar, aus nichtrostendem Stahl, Anschlussmaße Rp 1/2/18 mm, für Rohrleitung aus nichtrostendem Stahl, für Trinkwasser DIN 1988-200, als Pressverbindung mit DVGW-Zertifizierung, mit Verpresstkennzeichnung und Prüfs;10,0;St;gaeb;vom_unternehmen_auszufuellende_dokumente/260714 Angebotsaufforderung Heizung-Sanitär.x83
0570;Doppelanschlusswinkel einschl. Abpressstopfen, verdrehsicher, in 45-Grad-Stufen arretierbar, aus nichtrostendem Stahl, Anschlussmaße Rp 1/2/22 mm, für Rohrleitung aus nichtrostendem Stahl, für Trinkwasser DIN 1988-200, als Pressverbindung mit DVGW-Zertifizierung, mit Verpresstkennzeichnung und Prüfs;2,0;St;gaeb;vom_unternehmen_auszufuellende_dokumente/260714 Angebotsaufforderung Heizung-Sanitär.x83
0580;Kappe, aus nichtrostendem Stahl, für Rohrleitung aus nichtrostendem Stahl, für Trinkwasser DIN 1988-200, als Pressverbindung mit DVGW-Zertifizierung, mit Verpresstkennzeichnung und Prüfsicherheit, Außendurchmesser 15 mm.;4,0;St;gaeb;vom_unternehmen_auszufuellende_dokumente/260714 Angebotsaufforderung Heizung-Sanitär.x83
0590;Außendurchmesser 18 mm.;2,0;St;gaeb;vom_unternehmen_auszufuellende_dokumente/260714 Angebotsaufforderung Heizung-Sanitär.x83
0600;Außendurchmesser 22 mm.;6,0;St;gaeb;vom_unternehmen_auszufuellende_dokumente/260714 Angebotsaufforderung Heizung-Sanitär.x83
0610;Außendurchmesser 28 mm.;2,0;St;gaeb;vom_unternehmen_auszufuellende_dokumente/260714 Angebotsaufforderung Heizung-Sanitär.x83
0620;Außendurchmesser 35 mm.;4,0;St;gaeb;vom_unternehmen_auszufuellende_dokumente/260714 Angebotsaufforderung Heizung-Sanitär.x83
0630;Außendurchmesser 42 mm.;3,0;St;gaeb;vom_unternehmen_auszufuellende_dokumente/260714 Angebotsaufforderung Heizung-Sanitär.x83
0640;Rohrleitung aus Mehrschichtverbundwerkstoff, für Trinkwasser warm und kalt DIN 1988-200, Außendurchmesser 16 mm, in Ringen, Verbindung durch Pressen, einschl. Klebe- und Dichtungsmittel, sowie Herstellen der Verbindungen, Form- und Verbindungsstücke werden gesondert vergütet, besondere Rohrbefestigu;60,0;m;gaeb;vom_unternehmen_auszufuellende_dokumente/260714 Angebotsaufforderung Heizung-Sanitär.x83
0650;Außendurchmesser 20 mm,;15,0;m;gaeb;vom_unternehmen_auszufuellende_dokumente/260714 Angebotsaufforderung Heizung-Sanitär.x83
0660;Außendurchmesser 26 mm,;20,0;m;gaeb;vom_unternehmen_auszufuellende_dokumente/260714 Angebotsaufforderung Heizung-Sanitär.x83
0670;Außendurchmesser 32 mm,;10,0;m;gaeb;vom_unternehmen_auszufuellende_dokumente/260714 Angebotsaufforderung Heizung-Sanitär.x83
0680;Winkel, als Pressfitting mit DVGW-Zertifizierung, über 45 bis 90 Grad, aus Kunststoff, für Rohrleitung aus Mehrschichtverbundwerkstoff, für Trinkwasser warm und kalt DIN 1988-200, Durchmesser 16 mm.;55,0;St;gaeb;vom_unternehmen_auszufuellende_dokumente/260714 Angebotsaufforderung Heizung-Sanitär.x83
0690;Durchmesser 20 mm.;15,0;St;gaeb;vom_unternehmen_auszufuellende_dokumente/260714 Angebotsaufforderung Heizung-Sanitär.x83
0700;Durchmesser 26 mm.;15,0;St;gaeb;vom_unternehmen_auszufuellende_dokumente/260714 Angebotsaufforderung Heizung-Sanitär.x83
0710;Durchmesser 32 mm.;5,0;St;gaeb;vom_unternehmen_auszufuellende_dokumente/260714 Angebotsaufforderung Heizung-Sanitär.x83
0720;Kupplung, als Pressfitting mit DVGW-Zertifizierung, aus Messing, mit Verpresstkennzeichnung und Prüfsicherheit, für Rohrleitung aus Mehrschichtverbundwerkstoff, für Trinkwasser warm und kalt DIN 1988-200, Durchmesser 16 mm.;10,0;St;gaeb;vom_unternehmen_auszufuellende_dokumente/260714 Angebotsaufforderung Heizung-Sanitär.x83
0730;Durchmesser 20 mm.;8,0;St;gaeb;vom_unternehmen_auszufuellende_dokumente/260714 Angebotsaufforderung Heizung-Sanitär.x83
0740;Durchmesser 26 mm.;10,0;St;gaeb;vom_unternehmen_auszufuellende_dokumente/260714 Angebotsaufforderung Heizung-Sanitär.x83
0750;Durchmesser 32 mm.;5,0;St;gaeb;vom_unternehmen_auszufuellende_dokumente/260714 Angebotsaufforderung Heizung-Sanitär.x83
0760;T-Stück, als Pressfitting mit DVGW-Zertifizierung, aus Kunststoff, mit Verpresstkennzeichnung und Prüfsicherheit, für Rohrleitung aus Mehrschichtverbundwerkstoff, für Trinkwasser warm und kalt DIN 1988-200, Durchmesser 16 mm.;9,0;St;gaeb;vom_unternehmen_auszufuellende_dokumente/260714 Angebotsaufforderung Heizung-Sanitär.x83
0770;Durchmesser 20 mm.;3,0;St;gaeb;vom_unternehmen_auszufuellende_dokumente/260714 Angebotsaufforderung Heizung-Sanitär.x83
0780;Durchmesser 26 mm.;4,0;St;gaeb;vom_unternehmen_auszufuellende_dokumente/260714 Angebotsaufforderung Heizung-Sanitär.x83
0790;Durchmesser 32 mm.;1,0;St;gaeb;vom_unternehmen_auszufuellende_dokumente/260714 Angebotsaufforderung Heizung-Sanitär.x83
0800;T-Stück, reduziert, als Pressfitting mit DVGW-Zertifizierung, aus Kunststoff, mit Verpresstkennzeichnung und Prüfsicherheit, für Rohrleitung aus Mehrschichtverbundwerkstoff, für Trinkwasser kalt DIN 1988-200, Durchmesser 20 mm, 2. Durchmesser 16 mm.;3,0;St;gaeb;vom_unternehmen_auszufuellende_dokumente/260714 Angebotsaufforderung Heizung-Sanitär.x83
0810;Durchmesser 26 mm,;2,0;St;gaeb;vom_unternehmen_auszufuellende_dokumente/260714 Angebotsaufforderung Heizung-Sanitär.x83
0820;Durchmesser 26 mm, 2. Durchmesser 20 mm.;2,0;St;gaeb;vom_unternehmen_auszufuellende_dokumente/260714 Angebotsaufforderung Heizung-Sanitär.x83
0830;Durchmesser 32 mm, 2. Durchmesser 26 mm.;3,0;St;gaeb;vom_unternehmen_auszufuellende_dokumente/260714 Angebotsaufforderung Heizung-Sanitär.x83
0840;Reduzierstück, als Pressfitting mit DVGW-Zertifizierung, aus Kunststoff, mit Verpresstkennzeichnung und Prüfsicherheit, für Rohrleitung aus Mehrschichtverbundwerkstoff, für Trinkwasser warm und kalt DIN 1988-200, Durchmesser 20 mm, 2. Durchmesser 16 mm.;4,0;St;gaeb;vom_unternehmen_auszufuellende_dokumente/260714 Angebotsaufforderung Heizung-Sanitär.x83
0850;Durchmesser 26 mm, 2. Durchmesser 20 mm.;3,0;St;gaeb;vom_unternehmen_auszufuellende_dokumente/260714 Angebotsaufforderung Heizung-Sanitär.x83
0860;Durchmesser 32 mm, 2. Durchmesser 26 mm.;5,0;St;gaeb;vom_unternehmen_auszufuellende_dokumente/260714 Angebotsaufforderung Heizung-Sanitär.x83
0870;Übergangsverschraubung, als Pressfitting mit DVGW-Zertifizierung, über 45 bis 90 Grad, aus Rotguss, flach dichtend, mit Verpresstkennzeichnung und Prüfsicherheit, mit Außengewinde, für Rohrleitung aus Mehrschichtverbundwerkstoff, für Trinkwasser kalt DIN 1988-200, Durchmesser 16 mm, Gewindeanschluss;8,0;St;gaeb;vom_unternehmen_auszufuellende_dokumente/260714 Angebotsaufforderung Heizung-Sanitär.x83
0880;Durchmesser 20 mm,;8,0;St;gaeb;vom_unternehmen_auszufuellende_dokumente/260714 Angebotsaufforderung Heizung-Sanitär.x83
0890;Durchmesser 26 mm, Gewindeanschluss R 3/4.;4,0;St;gaeb;vom_unternehmen_auszufuellende_dokumente/260714 Angebotsaufforderung Heizung-Sanitär.x83
0900;Durchmesser 32 mm, Gewindeanschluss R 1.;6,0;St;gaeb;vom_unternehmen_auszufuellende_dokumente/260714 Angebotsaufforderung Heizung-Sanitär.x83
0010;Absperrventil mit Schallschutzprüfzeichen DIN EN ISO 3822-1 Klasse I, für Trinkwasserleitung DIN 1988-200, Gehäuse, Oberteil und wasserberührende Teile der Innengarnitur aus Rotguss DIN EN 1982, Schrägsitzform, mit wartungsfreier Spindelabdichtung, mit Handrad, beiderseits Pressverschraubung, Nenndr;6,0;St;gaeb;vom_unternehmen_auszufuellende_dokumente/260714 Angebotsaufforderung Heizung-Sanitär.x83
0020;Absperrventil mit Schallschutzprüfzeichen DIN EN ISO 3822-1 Klasse I, für Trinkwasserleitung DIN 1988-200, Gehäuse, Oberteil und wasserberührende Teile der Innengarnitur aus Rotguss DIN EN 1982, Schrägsitzform, mit wartungsfreier Spindelabdichtung, mit Handrad, beiderseits Pressverschraubung, Nenndr;2,0;St;gaeb;vom_unternehmen_auszufuellende_dokumente/260714 Angebotsaufforderung Heizung-Sanitär.x83
0030;Absperrventil mit Schallschutzprüfzeichen DIN EN ISO 3822-1 Klasse I, für Trinkwasserleitung DIN 1988-200, Gehäuse, Oberteil und wasserberührende Teile der Innengarnitur aus Rotguss DIN EN 1982, Schrägsitzform, mit wartungsfreier Spindelabdichtung, mit Handrad, beiderseits Pressverschraubung, Nenndr;2,0;St;gaeb;vom_unternehmen_auszufuellende_dokumente/260714 Angebotsaufforderung Heizung-Sanitär.x83
0040;Absperrventil mit Schallschutzprüfzeichen DIN EN ISO 3822-1 Klasse I, für Trinkwasserleitung DIN 1988-200, Gehäuse, Oberteil und wasserberührende Teile der Innengarnitur aus Rotguss DIN EN 1982, Schrägsitzform, mit wartungsfreier Spindelabdichtung, mit Handrad, beiderseits Pressverschraubung, Nenndr;2,0;St;gaeb;vom_unternehmen_auszufuellende_dokumente/260714 Angebotsaufforderung Heizung-Sanitär.x83
0050;Absperrventil, für Trinkwasserleitung DIN 1988-200, Gehäuse, Oberteil und wasserberührende Teile der Innengarnitur aus Rotguss DIN EN 1982, Schrägsitzform, mit wartungsfreier Spindelabdichtung, mit Handrad, beiderseits Pressverschraubung, Nenndruck 1 MPa (10 bar), DN 40.;4,0;St;gaeb;vom_unternehmen_auszufuellende_dokumente/260714 Angebotsaufforderung Heizung-Sanitär.x83
0060;Rückflussverhinderer DIN EN 13959, mit Schallschutzprüfzeichen DIN EN ISO 3822-1 Klasse I, für Trinkwasserleitung DIN 1988-200, beiderseits Pressverschraubung, mit Prüf- und Entleereinrichtung, Nenndruck 1 MPa (10 bar), DN 40, für waagerechten oder senkrechten Einbau, in Schrägsitzform mit Entleerun;1,0;St;gaeb;vom_unternehmen_auszufuellende_dokumente/260714 Angebotsaufforderung Heizung-Sanitär.x83
0070;Filter, rückspülbar, Nenndurchfluss Qn 10 m3/h, für Trinkwasserleitung DIN 1988-200, DIN EN 13443-1, Filterfeinheit 80 bis 150 mym, mit Schallschutzprüfzeichen DIN EN ISO 3822-1 Klasse I, mit lichtundurchlässiger Filtertasse, Monatswartungsanzeige und differenzdruckgesteuerter Anzeige bei Verschmutz;1,0;St;gaeb;vom_unternehmen_auszufuellende_dokumente/260714 Angebotsaufforderung Heizung-Sanitär.x83
0080;Probenahmeventil, zur Bestimmung mikrobiologischer und chemischer Parameter nach TrinkwVO, für Trinkwasser DIN 1988-200, Gehäuse, Oberteil und wasserberührende Teile der Innengarnitur aus nichtrostendem Stahl, Ventilkörper 360 Grad drehbar mit abflammbarem und drehbarem Auslaufbogen aus nichtrostend;1,0;St;gaeb;vom_unternehmen_auszufuellende_dokumente/260714 Angebotsaufforderung Heizung-Sanitär.x83
0090;Außenarmatur, frostsicher, mit Schallschutzprüfzeichen DIN EN ISO 3822-1 Klasse I, DN 15, Anschlussgewinde, mit automatischer Entleerung, mit Schlauchanschlussverschraubung, Rohrbelüfter und Rückflussverhinderer, mit Betätigungsgriff, abschließbar, für Wanddicke bis 49 cm, einschl. Wanddurchführung.;1,0;St;gaeb;vom_unternehmen_auszufuellende_dokumente/260714 Angebotsaufforderung Heizung-Sanitär.x83
0100;Elektro-Durchflusswassererwärmer, geschlossen, hängende Anordnung, für Einbau in Feuchtraum, mit VDE-EMC-Zeichen, für Unterbeckenmontage, Bemessungsbetriebsspannung 400 V AC, Leistung 11 kW, elektronisch geregelt, Anschluss G 3/8, für festen Anschluss, für Montage an Wand, Anschluss Aufputz.;1,0;St;gaeb;vom_unternehmen_auszufuellende_dokumente/260714 Angebotsaufforderung Heizung-Sanitär.x83
0110;Leistung 13,5 kW,;1,0;St;gaeb;vom_unternehmen_auszufuellende_dokumente/260714 Angebotsaufforderung Heizung-Sanitär.x83
0120;Leistung 21 kW, für Inwandmontage.;2,0;St;gaeb;vom_unternehmen_auszufuellende_dokumente/260714 Angebotsaufforderung Heizung-Sanitär.x83
0130;Leistung 27 kW, für Inwandmontage.;1,0;St;gaeb;vom_unternehmen_auszufuellende_dokumente/260714 Angebotsaufforderung Heizung-Sanitär.x83
0140;Installationselement, Einbau in Trockenbauwand mit vorh. Unterkonstruktion aus Metall, Bekleidung wird gesondert vergütet,;7,0;St;gaeb;vom_unternehmen_auszufuellende_dokumente/260714 Angebotsaufforderung Heizung-Sanitär.x83
0150;Installationselement, Einbau in Trockenbauwand mit vorh. Unterkonstruktion aus Metall, Bekleidung wird gesondert vergütet,;1,0;St;gaeb;vom_unternehmen_auszufuellende_dokumente/260714 Angebotsaufforderung Heizung-Sanitär.x83
0160;Installationselement, Einbau in Trockenbauwand mit vorh. Unterkonstruktion aus Metall, Bekleidung wird gesondert vergütet,;12,0;St;gaeb;vom_unternehmen_auszufuellende_dokumente/260714 Angebotsaufforderung Heizung-Sanitär.x83
0170;Installationselement, Einbau in Trockenbauwand mit vorh. Unterkonstruktion aus Metall, Bekleidung wird gesondert vergütet,;1,0;St;gaeb;vom_unternehmen_auszufuellende_dokumente/260714 Angebotsaufforderung Heizung-Sanitär.x83
0180;Installationselement, Einbau in Trockenbauwand mit vorh. Unterkonstruktion aus Metall, Bekleidung wird gesondert vergütet,;2,0;St;gaeb;vom_unternehmen_auszufuellende_dokumente/260714 Angebotsaufforderung Heizung-Sanitär.x83
0190;Installationselement, Einbau in Trockenbauwand mit vorh. Unterkonstruktion aus Metall, Bekleidung wird gesondert vergütet,;1,0;St;gaeb;vom_unternehmen_auszufuellende_dokumente/260714 Angebotsaufforderung Heizung-Sanitär.x83
0200;Hygienespülung für Spülkasten 12cm, Netzbetrieb;3,0;St;gaeb;vom_unternehmen_auszufuellende_dokumente/260714 Angebotsaufforderung Heizung-Sanitär.x83
0210;Volumenstromsensor, intern;4,0;St;gaeb;vom_unternehmen_auszufuellende_dokumente/260714 Angebotsaufforderung Heizung-Sanitär.x83
0220;Rohbauset mit Netzteil, für WC-Steuerungen mit elektr. Spül,;3,0;St;gaeb;vom_unternehmen_auszufuellende_dokumente/260714 Angebotsaufforderung Heizung-Sanitär.x83
0010;Tiefspül-WC, aus Sanitärporzellan, glasiert, Farbton weiß, abgerundet, mit wasserabweisender Beschichtung, spülrandfrei, wandhängend, Spülmenge 4,5 l, Ausladung über 500 bis 600 mm, Abgang waagerecht, mit WC-Sitz, mit Deckel, Befestigung an Installationselement, mit Schallschutz DIN 4109-1, einschl.;7,0;St;gaeb;vom_unternehmen_auszufuellende_dokumente/260714 Angebotsaufforderung Heizung-Sanitär.x83
0020;Tiefspül-WC, als barrierefreie Ausführung DIN 18040, aus Sanitärporzellan, glasiert, Farbton weiß, abgerundet, mit wasserabweisender Beschichtung, spülrandfrei, wandhängend, Spülmenge 4,5 l, Ausladung über 650 bis 700 mm, Abgang waagerecht, mit WC-Sitz, mit Deckel, Befestigung an Installationselemen;1,0;St;gaeb;vom_unternehmen_auszufuellende_dokumente/260714 Angebotsaufforderung Heizung-Sanitär.x83
0030;Stützklappgriff für WC, aus Kunststoff mit Metallkern,;1,0;St;gaeb;vom_unternehmen_auszufuellende_dokumente/260714 Angebotsaufforderung Heizung-Sanitär.x83
0040;Stützklappgriff für WC, aus Kunststoff mit Metallkern,;1,0;St;gaeb;vom_unternehmen_auszufuellende_dokumente/260714 Angebotsaufforderung Heizung-Sanitär.x83
0050;Haltegriff, gerade Form, aus Kunststoff mit Metallkern, Profilquerschnitt rund, Länge 600 mm, gerade in seitlichem Halteelement gelagert, Befestigungsschrauben verdeckt, mit Halteelement, rund, aus Messing, verchromt, Befestigungsschrauben, verdeckt,;1,0;St;gaeb;vom_unternehmen_auszufuellende_dokumente/260714 Angebotsaufforderung Heizung-Sanitär.x83
0060;Absaugurinal für Unterdrucktechnik DIN EN 12109, aus Sanitärporzellan, glasiert, für Wandmontage, Farbton weiß, mit Absaugwirkung, mit Wandeinbau-Absaugformstück, Befestigung an Installationselement, einschl. Verfüllen der Fugen, mit elastischer Dichtstoff DIN EN 15651-3, Fugenbreite 5 mm, Fugenausb;2,0;St;gaeb;vom_unternehmen_auszufuellende_dokumente/260714 Angebotsaufforderung Heizung-Sanitär.x83
0070;Abdeckplatte für Einbauspülkasten, für Zweimengenspülung, aus Kunststoff, Farbton weiß, mit Betätigungselement, Auslösung manuell, für Betätigung von vorn, max. Betätigungskraft 20 N (leichte Betätigung), Ausführung gemäß Einzelbeschreibung,;8,0;St;gaeb;vom_unternehmen_auszufuellende_dokumente/260714 Angebotsaufforderung Heizung-Sanitär.x83
0080;Abdeckplatte für Einbauspülkasten, für Einmengenspülung, aus Kunststoff, Farbton weiß, mit Betätigungselement, Auslösung manuell, für Betätigung von vorn, max. Betätigungskraft 20 N (leichte Betätigung), Ausführung gemäß Einzelbeschreibung,;2,0;St;gaeb;vom_unternehmen_auszufuellende_dokumente/260714 Angebotsaufforderung Heizung-Sanitär.x83
0090;Waschbecken, Beckenaußenform oval, Beckeninnenform oval, schockgeprüft, aus Sanitärporzellan, Farbton weiß, glasiert, mit Loch für Einlocharmatur, mit Überlauf, für Ablaufventil, Breite über 550 bis 600 mm, Ausladung über 450 bis 500 mm, Befestigung an Installationselement, einschl. Verfüllen der Fu;12,0;St;gaeb;vom_unternehmen_auszufuellende_dokumente/260714 Angebotsaufforderung Heizung-Sanitär.x83
0100;Selbstschlussbatterie für Waschplatz, DIN EN 816, Einhand-Standbatterie, DN 10, mechanisch gesteuert, aus Messing, verchromt, Auslösung durch Berührung, mit integrierter Mischeinrichtung, Betätigung der Mischeinrichtung von Hand, medienberührende Teile nickelfrei, Auslöseelement aus Metall, verchrom;12,0;St;gaeb;vom_unternehmen_auszufuellende_dokumente/260714 Angebotsaufforderung Heizung-Sanitär.x83
0110;Eckventil, als Absperr- und Anschlussventil, DN 10, Geräuschverhalten DIN 4109-1 Gruppe I, mit Prüfbericht, mit Betätigungsgriff, verchromt, mit selbstdichtendem Gewindeanschluss G 1/2, Abgang mit Quetschverschraubung G 3/8, mit Schmutzfänger, aus Messing, verchromt, mit Schubrosette.;12,0;St;gaeb;vom_unternehmen_auszufuellende_dokumente/260714 Angebotsaufforderung Heizung-Sanitär.x83
0120;Ablaufventil DIN EN 274-1, nicht absperrbar, für Waschbecken DN 32, Oberteil aus nichtrostendem Stahl, Unterteil aus Messing, poliert, als Siebventil, Gewindeanschluss aus Messing.;12,0;St;gaeb;vom_unternehmen_auszufuellende_dokumente/260714 Angebotsaufforderung Heizung-Sanitär.x83
0130;Waschbecken DIN EN 31 (wandhängend), Beckenaußenform oval, Beckeninnenform oval, schockgeprüft, aus Sanitärporzellan, Farbton weiß, glasiert, mit Loch für Einlocharmatur, mit Überlauf, für Ablaufventil, unterfahrbar DIN 18040, Breite über 550 bis 600 mm, Ausladung über 500 bis 550 mm, Befestigung an;1,0;St;gaeb;vom_unternehmen_auszufuellende_dokumente/260714 Angebotsaufforderung Heizung-Sanitär.x83
0140;Selbstschlussbatterie für Waschplatz, DIN EN 816, Einhand-Standbatterie, DN 10, mechanisch gesteuert, aus Messing, verchromt, Auslösung durch Berührung, mit integrierter Mischeinrichtung, Betätigung der Mischeinrichtung von Hand, medienberührende Teile nickelfrei, Auslöseelement aus Metall, verchrom;1,0;St;gaeb;vom_unternehmen_auszufuellende_dokumente/260714 Angebotsaufforderung Heizung-Sanitär.x83
0150;Eckventil, als Absperr- und Anschlussventil, DN 10, Geräuschverhalten DIN 4109-1 Gruppe I, mit Prüfbericht, mit Betätigungsgriff, verchromt, mit selbstdichtendem Gewindeanschluss G 1/2, Abgang mit Quetschverschraubung G 3/8, mit Schmutzfänger, aus Messing, verchromt, mit Schubrosette.;1,0;St;gaeb;vom_unternehmen_auszufuellende_dokumente/260714 Angebotsaufforderung Heizung-Sanitär.x83
0160;Geruchverschluss für Waschbecken, 1 1/4 x DN 32, aus Messing, verchromt, als Wandeinbaugeruchverschluss mit Kasten und Abdeckung, mit Ablaufbogen für Wandeinbaugeruchverschluss, höhenverstellbar, mit 2 Betriebsverschlüssen und einer Handabsperrung, mit Wandhalterung, mit Rosette.;1,0;St;gaeb;vom_unternehmen_auszufuellende_dokumente/260714 Angebotsaufforderung Heizung-Sanitär.x83
0170;Ausgussbecken, schockgeprüft, aus Stahl, emailliert, Standardfarbton, wandhängend, mit Rückwand, mit Klapprost aus verzinktem Stahl, Befestigung an Installationselement, Breite über 400 bis 450 mm, Ausladung über 300 bis 350 mm,;1,0;St;gaeb;vom_unternehmen_auszufuellende_dokumente/260714 Angebotsaufforderung Heizung-Sanitär.x83
0180;Wandauslaufventil DIN EN 200 DN 15, Armaturenkörper aus Metall, verchromt, Geräuschverhalten DIN 4109-1 Gruppe I, mit Prüfbericht, Durchflussklasse A (max. 0,25 l/s), mit schwenkbarem Rohrauslauf, mit Strahlregler ohne Luftansaugung DIN EN 246, Ausladung über 80 bis 150 mm, Oberteil mit Spindel, Aus;1,0;St;gaeb;vom_unternehmen_auszufuellende_dokumente/260714 Angebotsaufforderung Heizung-Sanitär.x83
0190;Geruchverschluss für Ausgussbecken, 1 1/4 x DN 32, aus Kunststoff, Standardfarbton, mit Gummilippendichtung, als Röhrengeruchverschluss, für Bodenanschluss, mit Rosette.;1,0;St;gaeb;vom_unternehmen_auszufuellende_dokumente/260714 Angebotsaufforderung Heizung-Sanitär.x83
0200;Eckventil, als kombiniertes Geräteanschlussventil, DN 10, Geräuschverhalten DIN 4109-1 Gruppe I, mit Prüfbericht, mit Betätigungsgriff, verchromt, mit selbstdichtendem Gewindeanschluss G 1/2, Abgang mit Quetschverschraubung G 3/8, aus Messing, verchromt, mit Schubrosette.;3,0;St;gaeb;vom_unternehmen_auszufuellende_dokumente/260714 Angebotsaufforderung Heizung-Sanitär.x83
0210;Seifenspender,;10,0;St;gaeb;vom_unternehmen_auszufuellende_dokumente/260714 Angebotsaufforderung Heizung-Sanitär.x83
0220;Manuell betätigter Desinfektionsmittelspender, Wandmontage in Aufputzausführung, mit Konsole, zur hygienischen Händedesinfektion, Nachfüllbehälter, Inhalt 0,8 l, mit vollständiger Erstbefüllung, Betätigung mit Armhebel, innenliegende Teile aus Kunststoff, mit steckbarer Pumpe, Dosiervolumen verstell;10,0;St;gaeb;vom_unternehmen_auszufuellende_dokumente/260714 Angebotsaufforderung Heizung-Sanitär.x83
0230;Handtuchspender für Papierhandtücher in Zick-Zack-Falzung, für Wandaufbau, aus Kunststoff, Farbton weiß, abschließbar, mit vollständiger Erstfüllung, Fassungsvermögen 500 Handtücher, für Handtuchgröße 250 mm x 230 mm, mit Füllstandanzeiger,;9,0;St;gaeb;vom_unternehmen_auszufuellende_dokumente/260714 Angebotsaufforderung Heizung-Sanitär.x83
0240;Abfallbehälter, aus nichtrostendem Stahl, Werkstoff-Nr 1.4301, matt geschliffen, für Wandaufbau, rechteckig, Fassungsvermögen über 40 bis 60 l, offen, Behälter klappbar mit Sicherung,;9,0;St;gaeb;vom_unternehmen_auszufuellende_dokumente/260714 Angebotsaufforderung Heizung-Sanitär.x83
0250;Abfallbehälter, aus Kunststoff, Farbton weiß, für Wandaufbau, rund, Fassungsvermögen über 20 bis 40 l, mit Deckel, Behälter für Einwegbeutel.;9,0;St;gaeb;vom_unternehmen_auszufuellende_dokumente/260714 Angebotsaufforderung Heizung-Sanitär.x83
0260;WC-Bürstengarnitur, aus Kunststoff,;7,0;St;gaeb;vom_unternehmen_auszufuellende_dokumente/260714 Angebotsaufforderung Heizung-Sanitär.x83
0270;WC-Bürstengarnitur, aus Kunststoff,;1,0;St;gaeb;vom_unternehmen_auszufuellende_dokumente/260714 Angebotsaufforderung Heizung-Sanitär.x83
0280;WC-Papierhalter, aus Kunststoff,;8,0;St;gaeb;vom_unternehmen_auszufuellende_dokumente/260714 Angebotsaufforderung Heizung-Sanitär.x83
0290;WC-Papierersatzrollenhalter, aus Kunststoff, offene Form, für eine Rolle, für Wandaufbau, Befestigungsschrauben verdeckt, mit Halteelement, rund, aus Kunststoff, Befestigungsschrauben, verdeckt, mit rundem Dekorelement, aus Kunststoff.;8,0;St;gaeb;vom_unternehmen_auszufuellende_dokumente/260714 Angebotsaufforderung Heizung-Sanitär.x83
0300;Haken, aus Kunststoff, Ausladung 45 mm, als Einfachhaken, Profilquerschnitt rund, Befestigungsschrauben sichtbar, mit Halteelement, rund, aus Messing, verchromt, Befestigungsschrauben, verdeckt.;10,0;St;gaeb;vom_unternehmen_auszufuellende_dokumente/260714 Angebotsaufforderung Heizung-Sanitär.x83
0310;Haken, aus Kunststoff, Ausladung 45 mm, als Doppelhaken, Profilquerschnitt rund, Befestigungsschrauben sichtbar, mit Halteelement, rund, aus Messing, verchromt, Befestigungsschrauben, verdeckt.;10,0;St;gaeb;vom_unternehmen_auszufuellende_dokumente/260714 Angebotsaufforderung Heizung-Sanitär.x83
0320;Kippspiegel, wandmontiert;1,0;St;gaeb;vom_unternehmen_auszufuellende_dokumente/260714 Angebotsaufforderung Heizung-Sanitär.x83
0330;Spiegel, als Kristallspiegel, rechteckig,;5,0;St;gaeb;vom_unternehmen_auszufuellende_dokumente/260714 Angebotsaufforderung Heizung-Sanitär.x83
0010;Wärmedämmung ohne Ummantelung DIN 4140 an haus- und betriebstechnischen Anlagen, an Rohrleitung, DN 12, Rohrverbindung als Pressverbindung, im Gebäude, Dämmung aus Mineralwolle DIN EN 14303, als Rohrschale, Dämmschichtdicke 20 mm, Brandverhaltensklasse DIN EN 13501-1 A1 (nichtbrennbar), Wärmeleitfäh;15,0;m;gaeb;vom_unternehmen_auszufuellende_dokumente/260714 Angebotsaufforderung Heizung-Sanitär.x83
0020;Wärmedämmung ohne Ummantelung DIN 4140 an haus- und betriebstechnischen Anlagen, an Rohrleitung, DN 15, Rohrverbindung als Pressverbindung, im Gebäude, Dämmung aus Mineralwolle DIN EN 14303, als Rohrschale, Dämmschichtdicke 20 mm, Brandverhaltensklasse DIN EN 13501-1 A1 (nichtbrennbar), Wärmeleitfäh;15,0;m;gaeb;vom_unternehmen_auszufuellende_dokumente/260714 Angebotsaufforderung Heizung-Sanitär.x83
0030;Bogen aus Mineralwolle DIN EN 14303, Wärmedämmung DIN 4140 an haus- und betriebstechnischen Anlagen, an Rohrleitung, DN 12, im Gebäude, Brandverhaltensklasse DIN EN 13501-1 A1 (nichtbrennbar), Wärmeleitfähigkeit 0,040 W/(mK) bei 40 Grad C Mitteltemperatur DIN EN 12667, Dämmschichtdicke 20 mm, kaschi;2,0;St;gaeb;vom_unternehmen_auszufuellende_dokumente/260714 Angebotsaufforderung Heizung-Sanitär.x83
0040;Bogen aus Mineralwolle DIN EN 14303, Wärmedämmung DIN 4140 an haus- und betriebstechnischen Anlagen, an Rohrleitung, DN 15, im Gebäude, Brandverhaltensklasse DIN EN 13501-1 A1 (nichtbrennbar), Wärmeleitfähigkeit 0,040 W/(mK) bei 40 Grad C Mitteltemperatur DIN EN 12667, Dämmschichtdicke 20 mm, kaschi;2,0;St;gaeb;vom_unternehmen_auszufuellende_dokumente/260714 Angebotsaufforderung Heizung-Sanitär.x83
0050;T-Stück aus Mineralwolle DIN EN 14303, Wärmedämmung DIN 4140 an haus- und betriebstechnischen Anlagen, an Rohrleitung, DN 15, im Gebäude, Brandverhaltensklasse DIN EN 13501-1 A1 (nichtbrennbar), Wärmeleitfähigkeit 0,040 W/(mK) bei 40 Grad C Mitteltemperatur DIN EN 12667, Dämmschichtdicke 20 mm, kasc;2,0;St;gaeb;vom_unternehmen_auszufuellende_dokumente/260714 Angebotsaufforderung Heizung-Sanitär.x83
0060;T-Stück aus Mineralwolle DIN EN 14303, Wärmedämmung DIN 4140 an haus- und betriebstechnischen Anlagen, an Rohrleitung, DN 15, im Gebäude, Brandverhaltensklasse DIN EN 13501-1 A1 (nichtbrennbar), Wärmeleitfähigkeit 0,040 W/(mK) bei 40 Grad C Mitteltemperatur DIN EN 12667, Dämmschichtdicke 20 mm, kasc;2,0;St;gaeb;vom_unternehmen_auszufuellende_dokumente/260714 Angebotsaufforderung Heizung-Sanitär.x83
0070;Wärmedämmung ohne Ummantelung DIN 4140 an haus- und betriebstechnischen Anlagen, an Rohrleitung, DN 12, im Gebäude, Dämmung aus flexiblem Elastomerschaum DIN EN 14304, Dämmschichtdicke mind. 20 mm, Baustoffklasse DIN 4102-1 B1 (schwerentflammbar), Wärmeleitfähigkeit 0,040 W/(mK) bei 40 Grad C Mittel;80,0;m;gaeb;vom_unternehmen_auszufuellende_dokumente/260714 Angebotsaufforderung Heizung-Sanitär.x83
0080;Wärmedämmung ohne Ummantelung DIN 4140 an haus- und betriebstechnischen Anlagen, an Rohrleitung, DN 15, im Gebäude, Dämmung aus flexiblem Elastomerschaum DIN EN 14304, Dämmschichtdicke mind. 20 mm, Baustoffklasse DIN 4102-1 B1 (schwerentflammbar), Wärmeleitfähigkeit 0,040 W/(mK) bei 40 Grad C Mittel;30,0;m;gaeb;vom_unternehmen_auszufuellende_dokumente/260714 Angebotsaufforderung Heizung-Sanitär.x83
0090;Wärmedämmung ohne Ummantelung DIN 4140 an haus- und betriebstechnischen Anlagen, an Rohrleitung, DN 20, im Gebäude, Dämmung aus flexiblem Elastomerschaum DIN EN 14304, Dämmschichtdicke mind. 20 mm, Baustoffklasse DIN 4102-1 B1 (schwerentflammbar), Wärmeleitfähigkeit 0,040 W/(mK) bei 40 Grad C Mittel;40,0;m;gaeb;vom_unternehmen_auszufuellende_dokumente/260714 Angebotsaufforderung Heizung-Sanitär.x83
0100;Wärmedämmung ohne Ummantelung DIN 4140 an haus- und betriebstechnischen Anlagen, an Rohrleitung, DN 25, im Gebäude, Dämmung aus flexiblem Elastomerschaum DIN EN 14304, Dämmschichtdicke mind. 20 mm, Baustoffklasse DIN 4102-1 B1 (schwerentflammbar), Wärmeleitfähigkeit 0,040 W/(mK) bei 40 Grad C Mittel;55,0;m;gaeb;vom_unternehmen_auszufuellende_dokumente/260714 Angebotsaufforderung Heizung-Sanitär.x83
0110;Wärmedämmung ohne Ummantelung DIN 4140 an haus- und betriebstechnischen Anlagen, an Rohrleitung, DN 32, im Gebäude, Dämmung aus flexiblem Elastomerschaum DIN EN 14304, Dämmschichtdicke mind. 30 mm, Baustoffklasse DIN 4102-1 B1 (schwerentflammbar), Wärmeleitfähigkeit 0,040 W/(mK) bei 40 Grad C Mittel;30,0;m;gaeb;vom_unternehmen_auszufuellende_dokumente/260714 Angebotsaufforderung Heizung-Sanitär.x83
0120;Bogen aus flexiblem Elastomerschaum DIN EN 14304, Wärmedämmung DIN 4140 an haus- und betriebstechnischen Anlagen, an Rohrleitung, DN 12, im Gebäude, Baustoffklasse DIN 4102-1 B1 (schwerentflammbar), Wärmeleitfähigkeit 0,040 W/(mK) bei 40 Grad C Mitteltemperatur DIN EN 12667, Dämmschichtdicke 20 mm, ;110,0;St;gaeb;vom_unternehmen_auszufuellende_dokumente/260714 Angebotsaufforderung Heizung-Sanitär.x83
0130;Bogen aus flexiblem Elastomerschaum DIN EN 14304, Wärmedämmung DIN 4140 an haus- und betriebstechnischen Anlagen, an Rohrleitung, DN 15, im Gebäude, Baustoffklasse DIN 4102-1 B1 (schwerentflammbar), Wärmeleitfähigkeit 0,040 W/(mK) bei 40 Grad C Mitteltemperatur DIN EN 12667, Dämmschichtdicke 20 mm, ;30,0;St;gaeb;vom_unternehmen_auszufuellende_dokumente/260714 Angebotsaufforderung Heizung-Sanitär.x83
0140;Bogen aus flexiblem Elastomerschaum DIN EN 14304, Wärmedämmung DIN 4140 an haus- und betriebstechnischen Anlagen, an Rohrleitung, DN 20, im Gebäude, Baustoffklasse DIN 4102-1 B1 (schwerentflammbar), Wärmeleitfähigkeit 0,040 W/(mK) bei 40 Grad C Mitteltemperatur DIN EN 12667, Dämmschichtdicke 20 mm, ;20,0;St;gaeb;vom_unternehmen_auszufuellende_dokumente/260714 Angebotsaufforderung Heizung-Sanitär.x83
0150;Bogen aus flexiblem Elastomerschaum DIN EN 14304, Wärmedämmung DIN 4140 an haus- und betriebstechnischen Anlagen, an Rohrleitung, DN 25, im Gebäude, Baustoffklasse DIN 4102-1 B1 (schwerentflammbar), Wärmeleitfähigkeit 0,040 W/(mK) bei 40 Grad C Mitteltemperatur DIN EN 12667, Dämmschichtdicke 20 mm, ;30,0;St;gaeb;vom_unternehmen_auszufuellende_dokumente/260714 Angebotsaufforderung Heizung-Sanitär.x83
0160;Bogen aus flexiblem Elastomerschaum DIN EN 14304, Wärmedämmung DIN 4140 an haus- und betriebstechnischen Anlagen, an Rohrleitung, DN 32, im Gebäude, Baustoffklasse DIN 4102-1 B1 (schwerentflammbar), Wärmeleitfähigkeit 0,040 W/(mK) bei 40 Grad C Mitteltemperatur DIN EN 12667, Dämmschichtdicke 30 mm, ;10,0;St;gaeb;vom_unternehmen_auszufuellende_dokumente/260714 Angebotsaufforderung Heizung-Sanitär.x83
0170;T-Stück aus flexiblem Elastomerschaum DIN EN 14304, Wärmedämmung DIN 4140 an haus- und betriebstechnischen Anlagen, an Rohrleitung, DN 12, im Gebäude, Baustoffklasse DIN 4102-1 B1 (schwerentflammbar), Wärmeleitfähigkeit 0,040 W/(mK) bei 40 Grad C Mitteltemperatur DIN EN 12667, Dämmschichtdicke 20 mm;24,0;St;gaeb;vom_unternehmen_auszufuellende_dokumente/260714 Angebotsaufforderung Heizung-Sanitär.x83
0180;T-Stück aus flexiblem Elastomerschaum DIN EN 14304, Wärmedämmung DIN 4140 an haus- und betriebstechnischen Anlagen, an Rohrleitung, DN 15, im Gebäude, Baustoffklasse DIN 4102-1 B1 (schwerentflammbar), Wärmeleitfähigkeit 0,040 W/(mK) bei 40 Grad C Mitteltemperatur DIN EN 12667, Dämmschichtdicke 20 mm;9,0;St;gaeb;vom_unternehmen_auszufuellende_dokumente/260714 Angebotsaufforderung Heizung-Sanitär.x83
0190;T-Stück aus flexiblem Elastomerschaum DIN EN 14304, Wärmedämmung DIN 4140 an haus- und betriebstechnischen Anlagen, an Rohrleitung, DN 20, im Gebäude, Baustoffklasse DIN 4102-1 B1 (schwerentflammbar), Wärmeleitfähigkeit 0,040 W/(mK) bei 40 Grad C Mitteltemperatur DIN EN 12667, Dämmschichtdicke 20 mm;9,0;St;gaeb;vom_unternehmen_auszufuellende_dokumente/260714 Angebotsaufforderung Heizung-Sanitär.x83
0200;T-Stück aus flexiblem Elastomerschaum DIN EN 14304, Wärmedämmung DIN 4140 an haus- und betriebstechnischen Anlagen, an Rohrleitung, DN 25, im Gebäude, Baustoffklasse DIN 4102-1 B1 (schwerentflammbar), Wärmeleitfähigkeit 0,040 W/(mK) bei 40 Grad C Mitteltemperatur DIN EN 12667, Dämmschichtdicke 30 mm;10,0;St;gaeb;vom_unternehmen_auszufuellende_dokumente/260714 Angebotsaufforderung Heizung-Sanitär.x83
0210;T-Stück aus flexiblem Elastomerschaum DIN EN 14304, Wärmedämmung DIN 4140 an haus- und betriebstechnischen Anlagen, an Rohrleitung, DN 32, im Gebäude, Baustoffklasse DIN 4102-1 B1 (schwerentflammbar), Wärmeleitfähigkeit 0,040 W/(mK) bei 40 Grad C Mitteltemperatur DIN EN 12667, Dämmschichtdicke 30 mm;2,0;St;gaeb;vom_unternehmen_auszufuellende_dokumente/260714 Angebotsaufforderung Heizung-Sanitär.x83
0220;Reduzierung aus flexiblem Elastomerschaum DIN EN 14304, Wärmedämmung DIN 4140 an haus- und betriebstechnischen Anlagen, an Rohrleitung, DN 15, im Gebäude, Baustoffklasse DIN 4102-1 B1 (schwerentflammbar), Wärmeleitfähigkeit 0,040 W/(mK) bei 40 Grad C Mitteltemperatur DIN EN 12667, Dämmschichtdicke 2;2,0;St;gaeb;vom_unternehmen_auszufuellende_dokumente/260714 Angebotsaufforderung Heizung-Sanitär.x83
0230;Reduzierung aus flexiblem Elastomerschaum DIN EN 14304, Wärmedämmung DIN 4140 an haus- und betriebstechnischen Anlagen, an Rohrleitung, DN 20, im Gebäude, Baustoffklasse DIN 4102-1 B1 (schwerentflammbar), Wärmeleitfähigkeit 0,040 W/(mK) bei 40 Grad C Mitteltemperatur DIN EN 12667, Dämmschichtdicke 2;4,0;St;gaeb;vom_unternehmen_auszufuellende_dokumente/260714 Angebotsaufforderung Heizung-Sanitär.x83
0240;Reduzierung aus flexiblem Elastomerschaum DIN EN 14304, Wärmedämmung DIN 4140 an haus- und betriebstechnischen Anlagen, an Rohrleitung, DN 25, im Gebäude, Baustoffklasse DIN 4102-1 B1 (schwerentflammbar), Wärmeleitfähigkeit 0,040 W/(mK) bei 40 Grad C Mitteltemperatur DIN EN 12667, Dämmschichtdicke 3;12,0;St;gaeb;vom_unternehmen_auszufuellende_dokumente/260714 Angebotsaufforderung Heizung-Sanitär.x83
0250;Reduzierung aus flexiblem Elastomerschaum DIN EN 14304, Wärmedämmung DIN 4140 an haus- und betriebstechnischen Anlagen, an Rohrleitung, DN 32, im Gebäude, Baustoffklasse DIN 4102-1 B1 (schwerentflammbar), Wärmeleitfähigkeit 0,040 W/(mK) bei 40 Grad C Mitteltemperatur DIN EN 12667, Dämmschichtdicke 2;8,0;St;gaeb;vom_unternehmen_auszufuellende_dokumente/260714 Angebotsaufforderung Heizung-Sanitär.x83
0260;Brandschutzabschottung von Rohrleitung aus PP, heißwasserbeständig, Baustoffklasse DIN 4102-1 B1 (schwerentflammbar), mit allgemeinem bauaufsichtlichen Prüfzeugnis/allgemeiner bauaufsichtlicher Zulassung, Feuerwiderstandsklasse R 90 DIN 4102-11,;1,0;St;gaeb;vom_unternehmen_auszufuellende_dokumente/260714 Angebotsaufforderung Heizung-Sanitär.x83
0270;Brandschutzabschottung von Rohrleitung aus PP, heißwasserbeständig, Baustoffklasse DIN 4102-1 B1 (schwerentflammbar), mit allgemeinem bauaufsichtlichen Prüfzeugnis/allgemeiner bauaufsichtlicher Zulassung, Feuerwiderstandsklasse R 90 DIN 4102-11,;9,0;St;gaeb;vom_unternehmen_auszufuellende_dokumente/260714 Angebotsaufforderung Heizung-Sanitär.x83
0280;Brandschutzabschottung von Rohrleitung aus PP, heißwasserbeständig, Baustoffklasse DIN 4102-1 B1 (schwerentflammbar), mit allgemeinem bauaufsichtlichen Prüfzeugnis/allgemeiner bauaufsichtlicher Zulassung, Feuerwiderstandsklasse R 90 DIN 4102-11,;3,0;St;gaeb;vom_unternehmen_auszufuellende_dokumente/260714 Angebotsaufforderung Heizung-Sanitär.x83
0290;Brandschutzabschottung von Rohrleitung aus nichtrostendem Stahl, mit allgemeinem bauaufsichtlichen Prüfzeugnis/allgemeiner bauaufsichtlicher Zulassung, Feuerwiderstandsklasse R 90 DIN 4102-11,;1,0;St;gaeb;vom_unternehmen_auszufuellende_dokumente/260714 Angebotsaufforderung Heizung-Sanitär.x83
0300;Brandschutzabschottung von Rohrleitung aus nichtrostendem Stahl, mit allgemeinem bauaufsichtlichen Prüfzeugnis/allgemeiner bauaufsichtlicher Zulassung, Feuerwiderstandsklasse R 90 DIN 4102-11,;1,0;St;gaeb;vom_unternehmen_auszufuellende_dokumente/260714 Angebotsaufforderung Heizung-Sanitär.x83
0310;Brandschutzabschottung von Rohrleitung aus nichtrostendem Stahl, mit allgemeinem bauaufsichtlichen Prüfzeugnis/allgemeiner bauaufsichtlicher Zulassung, Feuerwiderstandsklasse R 90 DIN 4102-11,;2,0;St;gaeb;vom_unternehmen_auszufuellende_dokumente/260714 Angebotsaufforderung Heizung-Sanitär.x83
0320;Brandschutzabschottung von Rohrleitung aus nichtrostendem Stahl, mit allgemeinem bauaufsichtlichen Prüfzeugnis/allgemeiner bauaufsichtlicher Zulassung, Feuerwiderstandsklasse R 90 DIN 4102-11,;4,0;St;gaeb;vom_unternehmen_auszufuellende_dokumente/260714 Angebotsaufforderung Heizung-Sanitär.x83
0330;Brandschutzabschottung von Rohrleitung aus nichtrostendem Stahl, mit allgemeinem bauaufsichtlichen Prüfzeugnis/allgemeiner bauaufsichtlicher Zulassung, Feuerwiderstandsklasse R 90 DIN 4102-11,;6,0;St;gaeb;vom_unternehmen_auszufuellende_dokumente/260714 Angebotsaufforderung Heizung-Sanitär.x83
0340;Brandschutzabschottung von Rohrleitung aus nichtrostendem Stahl, mit allgemeinem bauaufsichtlichen Prüfzeugnis/allgemeiner bauaufsichtlicher Zulassung, Feuerwiderstandsklasse R 90 DIN 4102-11,;2,0;St;gaeb;vom_unternehmen_auszufuellende_dokumente/260714 Angebotsaufforderung Heizung-Sanitär.x83
0010;Einmessen und Kennzeichnen von Durchbrüchen, Ausführung gemäß Einzelbeschreibung,;1,0;St;gaeb;vom_unternehmen_auszufuellende_dokumente/260714 Angebotsaufforderung Heizung-Sanitär.x83
0020;Kernbohrung, Untergrundfläche senkrecht oder waagerecht,;2,0;St;gaeb;vom_unternehmen_auszufuellende_dokumente/260714 Angebotsaufforderung Heizung-Sanitär.x83
0030;Wie Position voran, jedoch;3,0;St;gaeb;vom_unternehmen_auszufuellende_dokumente/260714 Angebotsaufforderung Heizung-Sanitär.x83
0040;Kernbohrung, Untergrundfläche senkrecht oder waagerecht,;2,0;St;gaeb;vom_unternehmen_auszufuellende_dokumente/260714 Angebotsaufforderung Heizung-Sanitär.x83
0050;Wie Position voran, jedoch;4,0;St;gaeb;vom_unternehmen_auszufuellende_dokumente/260714 Angebotsaufforderung Heizung-Sanitär.x83
0060;Liefern, herstellen und montieren von Konstruktionsteilen aus Stahl für Heizungs-, Lüftungs- und Sanitärtechnischeanlagen, bestehend aus Konsolen, Tragkonstruktionen, Rahmen, Auflagerkonstruktionen, Abhängungen und sonstigen Befestigungselementen zur Aufnahme von Rohrleitungen und Lüftungskanälen, A;120,0;kg;gaeb;vom_unternehmen_auszufuellende_dokumente/260714 Angebotsaufforderung Heizung-Sanitär.x83
0070;Gewindestab, M8, aus verzinktem Stahl, Arbeitshöhe des Montageortes bis 3,5 m über der Standfläche des hierfür erforderlichen Gerüstes.;20,0;St;gaeb;vom_unternehmen_auszufuellende_dokumente/260714 Angebotsaufforderung Heizung-Sanitär.x83
0010;Beistellen von Personal für den Probebetrieb der Abwasser-, Wasser-, Gasanlagen, Vergütung des Sachverständigen durch gesonderten Vertrag.;4,0;h;gaeb;vom_unternehmen_auszufuellende_dokumente/260714 Angebotsaufforderung Heizung-Sanitär.x83
0020;Wiederholte Einweisung des Bedienungs- und Wartungspersonals;1,0;St;gaeb;vom_unternehmen_auszufuellende_dokumente/260714 Angebotsaufforderung Heizung-Sanitär.x83
0030;Wasseranalyse erstellen, zur Bestimmung der Wasserqualität nach Trinkwasserverordnung, durch akkreditiertes Prüflabor, einschl. Probenahme und -behälter, aus der öffentlichen Trinkwasserversorgung,;1,0;St;gaeb;vom_unternehmen_auszufuellende_dokumente/260714 Angebotsaufforderung Heizung-Sanitär.x83
0040;Bezeichnungsschild, Farbe und Beschriftung nach Angaben des AG, aus mehrschichtigem Kunststoff, Beschriftung 2-zeilig, gedruckt, rechteckig, Höhe 40 mm, Breite 100 mm, Befestigung mit Schildträger aus verzinktem Stahl, Halter und Spannband.;10,0;St;gaeb;vom_unternehmen_auszufuellende_dokumente/260714 Angebotsaufforderung Heizung-Sanitär.x83
0050;Farbkennzeichnung DIN 2403 der Trinkwasserleitung, kalt, Kennzeichnung der Fließrichtung durch Richtungspfeile.;10,0;St;gaeb;vom_unternehmen_auszufuellende_dokumente/260714 Angebotsaufforderung Heizung-Sanitär.x83
0060;der Trinkwasserleitung, warm,;6,0;St;gaeb;vom_unternehmen_auszufuellende_dokumente/260714 Angebotsaufforderung Heizung-Sanitär.x83
0070;Die Schilder sind zur dauerhaften Dokumentation gemäß den Richtlinien zur Brandschutzsicherheit an den Einbaustellen sichtbar und gut lesbar anzubringen.;40,0;St;gaeb;vom_unternehmen_auszufuellende_dokumente/260714 Angebotsaufforderung Heizung-Sanitär.x83
0080;Erstellung eines funktionsfähigen Heizungsschemas;1,0;St;gaeb;vom_unternehmen_auszufuellende_dokumente/260714 Angebotsaufforderung Heizung-Sanitär.x83
0090;Stundenlohnarbeiten durch Baustellenleiter/-in;5,0;h;gaeb;vom_unternehmen_auszufuellende_dokumente/260714 Angebotsaufforderung Heizung-Sanitär.x83
0100;Stundenlohnarbeiten durch Obermonteur/-in;10,0;h;gaeb;vom_unternehmen_auszufuellende_dokumente/260714 Angebotsaufforderung Heizung-Sanitär.x83
0110;Stundenlohnarbeiten durch Monteur/-in;10,0;h;gaeb;vom_unternehmen_auszufuellende_dokumente/260714 Angebotsaufforderung Heizung-Sanitär.x83
0120;Stundenlohnarbeiten durch Auszubildende/r (Mittellohn);10,0;h;gaeb;vom_unternehmen_auszufuellende_dokumente/260714 Angebotsaufforderung Heizung-Sanitär.x83
0130;Stundenlohnarbeiten durch Helfer/-in;10,0;h;gaeb;vom_unternehmen_auszufuellende_dokumente/260714 Angebotsaufforderung Heizung-Sanitär.x83
0010;Funktionsmessung für Heizungsanlagen DIN 18380, alle Messwerte werden dokumentiert und in einem Soll-Istvergleich zusammengestellt, gemessen wird die Stromaufnahme des Motors bei allen Bauelementen, die Druckdifferenz wasser-/medienseitig bei allen Bauelementen, die Wasser-/Medientemperatur bei alle;1,0;St;gaeb;vom_unternehmen_auszufuellende_dokumente/260714 Angebotsaufforderung Heizung-Sanitär.x83
0020;Zusätzliche Druck- und Dichtheitsprüfung von Rohrleitungen, aus Präzisionsstahlrohr DIN EN 10305-3, geschweißt, Betriebsmedium Heizungswasser, Außendurchmesser bis 63 mm,;1,0;St;gaeb;vom_unternehmen_auszufuellende_dokumente/260714 Angebotsaufforderung Heizung-Sanitär.x83
0030;Beistellen von Personal für die Sachverständigenabnahme der Wärmeversorgungsanlagen, Vergütung des Sachverständigen durch gesonderten Vertrag.;4,0;h;gaeb;vom_unternehmen_auszufuellende_dokumente/260714 Angebotsaufforderung Heizung-Sanitär.x83
0040;Farbkennzeichnung DIN 2404 des Heizungsleitungs-Vorlaufs, Kennzeichnung der Fließrichtung durch Richtungspfeile.;20,0;St;gaeb;vom_unternehmen_auszufuellende_dokumente/260714 Angebotsaufforderung Heizung-Sanitär.x83
0050;Farbkennzeichnung DIN 2404 des Heizungsleitungs-Rücklaufs, Kennzeichnung der Fließrichtung durch Richtungspfeile.;20,0;St;gaeb;vom_unternehmen_auszufuellende_dokumente/260714 Angebotsaufforderung Heizung-Sanitär.x83
0060;Funktionsheizen DIN EN 1264-4, in Bodenflächen aus Estrich, Zementestrich, abschnittsweise in bis zu 10 Abschnitten.;525,0;m2;gaeb;vom_unternehmen_auszufuellende_dokumente/260714 Angebotsaufforderung Heizung-Sanitär.x83
0070;Belegreifheizen, in Bodenflächen aus Estrich, Zementestrich, abschnittsweise in bis zu 10 Abschnitten.;525,0;m2;gaeb;vom_unternehmen_auszufuellende_dokumente/260714 Angebotsaufforderung Heizung-Sanitär.x83
0010;Jährliche Wartung der vorbeschriebenen Sanitäranlagen für den Zeitraum während der Gewährleistung;1,0;St;gaeb;vom_unternehmen_auszufuellende_dokumente/260714 Angebotsaufforderung Heizung-Sanitär.x83
0020;Jährliche Wartung der vorbeschriebenen Sanitäranlagen für den Zeitraum während der Gewährleistung;1,0;St;gaeb;vom_unternehmen_auszufuellende_dokumente/260714 Angebotsaufforderung Heizung-Sanitär.x83
0030;Jährliche Wartung der vorbeschriebenen Sanitäranlagen für den Zeitraum während der Gewährleistung;1,0;St;gaeb;vom_unternehmen_auszufuellende_dokumente/260714 Angebotsaufforderung Heizung-Sanitär.x83
0040;Jährliche Wartung der vorbeschriebenen Sanitäranlagen für den Zeitraum während der Gewährleistung;1,0;St;gaeb;vom_unternehmen_auszufuellende_dokumente/260714 Angebotsaufforderung Heizung-Sanitär.x83
0010;Jährliche Wartung der vorbeschriebenen Heizungsanlagen für den Zeitraum während der Gewährleistung;1,0;St;gaeb;vom_unternehmen_auszufuellende_dokumente/260714 Angebotsaufforderung Heizung-Sanitär.x83
0020;Jährliche Wartung der vorbeschriebenen Heizungsanlagen für den Zeitraum während der Gewährleistung;1,0;St;gaeb;vom_unternehmen_auszufuellende_dokumente/260714 Angebotsaufforderung Heizung-Sanitär.x83
0030;Jährliche Wartung der vorbeschriebenen Heizungsanlagen für den Zeitraum während der Gewährleistung;1,0;St;gaeb;vom_unternehmen_auszufuellende_dokumente/260714 Angebotsaufforderung Heizung-Sanitär.x83
0040;Jährliche Wartung der vorbeschriebenen Heizungsanlagen für den Zeitraum während der Gewährleistung;1,0;St;gaeb;vom_unternehmen_auszufuellende_dokumente/260714 Angebotsaufforderung Heizung-Sanitär.x83
