Pos.;Leistung;Menge;Einheit;Quelle;Datei
1.1.10;Brennwert-Kessel 300 kW;1,0;St;gaeb-flat;Vergabeunterlagen/Anlage LV und GEAB/20260709_PSZ_LV_VE42_Heizung.D83
1.1.20;Funktionsmodul;2,0;St;gaeb-flat;Vergabeunterlagen/Anlage LV und GEAB/20260709_PSZ_LV_VE42_Heizung.D83
1.1.30;Vorlauftemperaturfühler;2,0;St;gaeb-flat;Vergabeunterlagen/Anlage LV und GEAB/20260709_PSZ_LV_VE42_Heizung.D83
1.1.40;Temperaturwächter;1,0;St;gaeb-flat;Vergabeunterlagen/Anlage LV und GEAB/20260709_PSZ_LV_VE42_Heizung.D83
1.1.50;Pumpen-Stecker;5,0;St;gaeb-flat;Vergabeunterlagen/Anlage LV und GEAB/20260709_PSZ_LV_VE42_Heizung.D83
1.1.60;Hutschienenmodul;1,0;St;gaeb-flat;Vergabeunterlagen/Anlage LV und GEAB/20260709_PSZ_LV_VE42_Heizung.D83
1.1.70;VPN Router;1,0;St;gaeb-flat;Vergabeunterlagen/Anlage LV und GEAB/20260709_PSZ_LV_VE42_Heizung.D83
1.1.80;Elektrische Verkabelung Heizzentrale;1,0;St;gaeb-flat;Vergabeunterlagen/Anlage LV und GEAB/20260709_PSZ_LV_VE42_Heizung.D83
1.1.90;Außentemperaturfühler;1,0;St;gaeb-flat;Vergabeunterlagen/Anlage LV und GEAB/20260709_PSZ_LV_VE42_Heizung.D83
1.1.100;Inbetriebnahme Kessel;1,0;St;gaeb-flat;Vergabeunterlagen/Anlage LV und GEAB/20260709_PSZ_LV_VE42_Heizung.D83
1.1.110;Neutralisation mit Kondensatpumpe;1,0;St;gaeb-flat;Vergabeunterlagen/Anlage LV und GEAB/20260709_PSZ_LV_VE42_Heizung.D83
1.1.120;Verrohrung Kondensat;1,0;St;gaeb-flat;Vergabeunterlagen/Anlage LV und GEAB/20260709_PSZ_LV_VE42_Heizung.D83
1.1.130;Grundbausatz DN 200;1,0;St;gaeb-flat;Vergabeunterlagen/Anlage LV und GEAB/20260709_PSZ_LV_VE42_Heizung.D83
1.1.140;Abgasrohr DN 200 mit Prüföffnung;1,0;St;gaeb-flat;Vergabeunterlagen/Anlage LV und GEAB/20260709_PSZ_LV_VE42_Heizung.D83
1.1.150;Abgasrohr DN 200, 2m;12,0;St;gaeb-flat;Vergabeunterlagen/Anlage LV und GEAB/20260709_PSZ_LV_VE42_Heizung.D83
1.1.160;Abgasrohr DN 200, 1m;5,0;St;gaeb-flat;Vergabeunterlagen/Anlage LV und GEAB/20260709_PSZ_LV_VE42_Heizung.D83
1.1.170;Abgasrohr DN 200, 0,5m;2,0;St;gaeb-flat;Vergabeunterlagen/Anlage LV und GEAB/20260709_PSZ_LV_VE42_Heizung.D83
1.1.180;Abstandhalter DN 200;8,0;St;gaeb-flat;Vergabeunterlagen/Anlage LV und GEAB/20260709_PSZ_LV_VE42_Heizung.D83
1.1.190;Abgasbogen DN 200, 87 Grad;1,0;St;gaeb-flat;Vergabeunterlagen/Anlage LV und GEAB/20260709_PSZ_LV_VE42_Heizung.D83
1.1.200;Abgasbogen DN 200, 87 Grad, mit Prüföffnung;1,0;St;gaeb-flat;Vergabeunterlagen/Anlage LV und GEAB/20260709_PSZ_LV_VE42_Heizung.D83
1.1.210;Montagehilfe;1,0;St;gaeb-flat;Vergabeunterlagen/Anlage LV und GEAB/20260709_PSZ_LV_VE42_Heizung.D83
1.1.220;Zuluftgitter 240 x 240 mm;1,0;St;gaeb-flat;Vergabeunterlagen/Anlage LV und GEAB/20260709_PSZ_LV_VE42_Heizung.D83
1.1.230;Abstimmungen mit Bezirksschornsteinfegermeister;1,0;St;gaeb-flat;Vergabeunterlagen/Anlage LV und GEAB/20260709_PSZ_LV_VE42_Heizung.D83
1.1.240;Querschnittsberechnung Abgasanlagen;1,0;St;gaeb-flat;Vergabeunterlagen/Anlage LV und GEAB/20260709_PSZ_LV_VE42_Heizung.D83
1.1.250;CO-Melder;1,0;St;gaeb-flat;Vergabeunterlagen/Anlage LV und GEAB/20260709_PSZ_LV_VE42_Heizung.D83
1.1.260;Schaltkontakt CO Melder;1,0;St;gaeb-flat;Vergabeunterlagen/Anlage LV und GEAB/20260709_PSZ_LV_VE42_Heizung.D83
1.2.10;Rohrleitung, Edelstahl, DN 20, Montagehöhe bis 3,5 m;2,0;m;gaeb-flat;Vergabeunterlagen/Anlage LV und GEAB/20260709_PSZ_LV_VE42_Heizung.D83
1.2.20;Rohrleitung, Edelstahl, DN 32, Montagehöhe bis 3,5 m;2,0;m;gaeb-flat;Vergabeunterlagen/Anlage LV und GEAB/20260709_PSZ_LV_VE42_Heizung.D83
1.2.30;Rohrleitung, Edelstahl, DN 50, Montagehöhe bis 3,5 m;20,0;m;gaeb-flat;Vergabeunterlagen/Anlage LV und GEAB/20260709_PSZ_LV_VE42_Heizung.D83
1.2.40;Bogen, Edelstahl, DN 20, Montagehöhe bis 3,5 m;4,0;St;gaeb-flat;Vergabeunterlagen/Anlage LV und GEAB/20260709_PSZ_LV_VE42_Heizung.D83
1.2.50;Bogen, Edelstahl, DN 32, Montagehöhe bis 3,5 m;2,0;St;gaeb-flat;Vergabeunterlagen/Anlage LV und GEAB/20260709_PSZ_LV_VE42_Heizung.D83
1.2.60;Bogen, Edelstahl, DN 50, Montagehöhe bis 3,5 m;12,0;St;gaeb-flat;Vergabeunterlagen/Anlage LV und GEAB/20260709_PSZ_LV_VE42_Heizung.D83
1.2.70;T-Stück, Edelstahl, DN 50 mit IG, Montagehöhe bis 3,5 m;1,0;St;gaeb-flat;Vergabeunterlagen/Anlage LV und GEAB/20260709_PSZ_LV_VE42_Heizung.D83
1.2.80;Reduzierstück, Edelstahl, DN32, Montagehöhe bis 3,5 m;2,0;St;gaeb-flat;Vergabeunterlagen/Anlage LV und GEAB/20260709_PSZ_LV_VE42_Heizung.D83
1.2.90;Reduzierstück, Edelstahl, DN50, Montagehöhe bis 3,5 m;4,0;St;gaeb-flat;Vergabeunterlagen/Anlage LV und GEAB/20260709_PSZ_LV_VE42_Heizung.D83
1.2.100;Muffe, Edelstahl, DN 20, Montagehöhe bis 3,5 m;4,0;St;gaeb-flat;Vergabeunterlagen/Anlage LV und GEAB/20260709_PSZ_LV_VE42_Heizung.D83
1.2.110;Muffe, Edelstahl, DN 32, Montagehöhe bis 3,5 m;4,0;St;gaeb-flat;Vergabeunterlagen/Anlage LV und GEAB/20260709_PSZ_LV_VE42_Heizung.D83
1.2.120;Muffe, Edelstahl, DN 50, Montagehöhe bis 3,5 m;20,0;St;gaeb-flat;Vergabeunterlagen/Anlage LV und GEAB/20260709_PSZ_LV_VE42_Heizung.D83
1.2.130;Übergangsstück, Edelstahl DN 20;2,0;St;gaeb-flat;Vergabeunterlagen/Anlage LV und GEAB/20260709_PSZ_LV_VE42_Heizung.D83
1.2.140;Übergangsstück, Edelstahl DN 32;2,0;St;gaeb-flat;Vergabeunterlagen/Anlage LV und GEAB/20260709_PSZ_LV_VE42_Heizung.D83
1.2.150;Übergangsstück, Edelstahl DN 50;2,0;St;gaeb-flat;Vergabeunterlagen/Anlage LV und GEAB/20260709_PSZ_LV_VE42_Heizung.D83
1.2.160;Übergangsflansch, Edelstahl DN 50;6,0;St;gaeb-flat;Vergabeunterlagen/Anlage LV und GEAB/20260709_PSZ_LV_VE42_Heizung.D83
1.2.170;Gas-Kugelhahn mit TAS, DN 50;1,0;St;gaeb-flat;Vergabeunterlagen/Anlage LV und GEAB/20260709_PSZ_LV_VE42_Heizung.D83
1.2.180;Gas-Kugelhahn, DN 50;2,0;St;gaeb-flat;Vergabeunterlagen/Anlage LV und GEAB/20260709_PSZ_LV_VE42_Heizung.D83
1.2.190;Stahl-Kompensator DN 50, mit DVGW-Zulassung;1,0;St;gaeb-flat;Vergabeunterlagen/Anlage LV und GEAB/20260709_PSZ_LV_VE42_Heizung.D83
1.2.200;"Gas-Druckregler 3/4""";1,0;St;gaeb-flat;Vergabeunterlagen/Anlage LV und GEAB/20260709_PSZ_LV_VE42_Heizung.D83
1.2.210;Gasdruckmanometer;1,0;St;gaeb-flat;Vergabeunterlagen/Anlage LV und GEAB/20260709_PSZ_LV_VE42_Heizung.D83
1.2.220;Belastungs- und Dichtheitsprüfung;1,0;St;gaeb-flat;Vergabeunterlagen/Anlage LV und GEAB/20260709_PSZ_LV_VE42_Heizung.D83
1.3.10;Heizungsverteiler / -sammler, mit 6 Anschlüssen;2,0;St;gaeb-flat;Vergabeunterlagen/Anlage LV und GEAB/20260709_PSZ_LV_VE42_Heizung.D83
1.3.20;Fertigisolierung Heizungsverteiler;2,0;St;gaeb-flat;Vergabeunterlagen/Anlage LV und GEAB/20260709_PSZ_LV_VE42_Heizung.D83
1.3.30;Standkonsole Heizungsverteiler;6,0;St;gaeb-flat;Vergabeunterlagen/Anlage LV und GEAB/20260709_PSZ_LV_VE42_Heizung.D83
1.3.40;Entleerrinne Heizungsverteiler;2,0;St;gaeb-flat;Vergabeunterlagen/Anlage LV und GEAB/20260709_PSZ_LV_VE42_Heizung.D83
1.3.50;Nassläufer-Umwälzpumpe, 4,6 m3/h, 4,4 m;1,0;St;gaeb-flat;Vergabeunterlagen/Anlage LV und GEAB/20260709_PSZ_LV_VE42_Heizung.D83
1.3.60;Nassläufer-Umwälzpumpe, 4,9 m3/h, 5,9 m;1,0;St;gaeb-flat;Vergabeunterlagen/Anlage LV und GEAB/20260709_PSZ_LV_VE42_Heizung.D83
1.3.70;Nassläufer-Umwälzpumpe, 4,4 m3/h, 2,1 m;3,0;St;gaeb-flat;Vergabeunterlagen/Anlage LV und GEAB/20260709_PSZ_LV_VE42_Heizung.D83
1.3.80;Nassläufer-Umwälzpumpe, 1,2 m3/h, 5,6 m;1,0;St;gaeb-flat;Vergabeunterlagen/Anlage LV und GEAB/20260709_PSZ_LV_VE42_Heizung.D83
1.3.90;Absperrventil, Gewinde, DN 15;4,0;St;gaeb-flat;Vergabeunterlagen/Anlage LV und GEAB/20260709_PSZ_LV_VE42_Heizung.D83
1.3.100;Absperrventil, Gewinde, DN 20;4,0;St;gaeb-flat;Vergabeunterlagen/Anlage LV und GEAB/20260709_PSZ_LV_VE42_Heizung.D83
1.3.110;Absperrventil, Gewinde, DN 25;2,0;St;gaeb-flat;Vergabeunterlagen/Anlage LV und GEAB/20260709_PSZ_LV_VE42_Heizung.D83
1.3.120;Absperrventil, Flansch, DN 25;4,0;St;gaeb-flat;Vergabeunterlagen/Anlage LV und GEAB/20260709_PSZ_LV_VE42_Heizung.D83
1.3.130;Absperrventil, Flansch, DN 32;2,0;St;gaeb-flat;Vergabeunterlagen/Anlage LV und GEAB/20260709_PSZ_LV_VE42_Heizung.D83
1.3.140;Absperrventil, Flansch, DN 40;8,0;St;gaeb-flat;Vergabeunterlagen/Anlage LV und GEAB/20260709_PSZ_LV_VE42_Heizung.D83
1.3.150;Absperrventil, Flansch, DN 50;12,0;St;gaeb-flat;Vergabeunterlagen/Anlage LV und GEAB/20260709_PSZ_LV_VE42_Heizung.D83
1.3.160;Absperrventil, Flansch, DN 65;2,0;St;gaeb-flat;Vergabeunterlagen/Anlage LV und GEAB/20260709_PSZ_LV_VE42_Heizung.D83
1.3.170;Absperrventil, Flansch, DN 80;4,0;St;gaeb-flat;Vergabeunterlagen/Anlage LV und GEAB/20260709_PSZ_LV_VE42_Heizung.D83
1.3.180;Absperrventil, Flansch, DN 100;2,0;St;gaeb-flat;Vergabeunterlagen/Anlage LV und GEAB/20260709_PSZ_LV_VE42_Heizung.D83
1.3.190;Kugelhahn, DN 15;4,0;St;gaeb-flat;Vergabeunterlagen/Anlage LV und GEAB/20260709_PSZ_LV_VE42_Heizung.D83
1.3.200;Kugelhahn, DN 20;4,0;St;gaeb-flat;Vergabeunterlagen/Anlage LV und GEAB/20260709_PSZ_LV_VE42_Heizung.D83
1.3.210;Kugelhahn, DN 25;4,0;St;gaeb-flat;Vergabeunterlagen/Anlage LV und GEAB/20260709_PSZ_LV_VE42_Heizung.D83
1.3.220;Strangdifferenzdruckregler, DN 20, 0,05 - 0,25 bar;2,0;St;gaeb-flat;Vergabeunterlagen/Anlage LV und GEAB/20260709_PSZ_LV_VE42_Heizung.D83
1.3.230;Strangdifferenzdruckregler, DN 25, 0,05 - 0,25 bar;5,0;St;gaeb-flat;Vergabeunterlagen/Anlage LV und GEAB/20260709_PSZ_LV_VE42_Heizung.D83
1.3.240;Strangdifferenzdruckregler, DN 32, 0,05 - 0,25 bar;4,0;St;gaeb-flat;Vergabeunterlagen/Anlage LV und GEAB/20260709_PSZ_LV_VE42_Heizung.D83
1.3.250;Strangabsperr- und Messventil, DN 15;2,0;St;gaeb-flat;Vergabeunterlagen/Anlage LV und GEAB/20260709_PSZ_LV_VE42_Heizung.D83
1.3.260;Strangabsperr- und Messventil, DN 25;5,0;St;gaeb-flat;Vergabeunterlagen/Anlage LV und GEAB/20260709_PSZ_LV_VE42_Heizung.D83
1.3.270;Strangabsperr- und Messventil, DN 32;4,0;St;gaeb-flat;Vergabeunterlagen/Anlage LV und GEAB/20260709_PSZ_LV_VE42_Heizung.D83
1.3.280;3-Wege Stellventil mit Antrieb stetig, DN 25;1,0;St;gaeb-flat;Vergabeunterlagen/Anlage LV und GEAB/20260709_PSZ_LV_VE42_Heizung.D83
1.3.290;3-Wege Stellventil mit Antrieb stetig, DN 40;1,0;St;gaeb-flat;Vergabeunterlagen/Anlage LV und GEAB/20260709_PSZ_LV_VE42_Heizung.D83
1.3.300;3-Wege Stellventil mit Antrieb stetig, DN 50;2,0;St;gaeb-flat;Vergabeunterlagen/Anlage LV und GEAB/20260709_PSZ_LV_VE42_Heizung.D83
1.3.310;Einklemm-Rückschlagventil, DN 25;1,0;St;gaeb-flat;Vergabeunterlagen/Anlage LV und GEAB/20260709_PSZ_LV_VE42_Heizung.D83
1.3.320;Einklemm-Rückschlagventil, DN 32;3,0;St;gaeb-flat;Vergabeunterlagen/Anlage LV und GEAB/20260709_PSZ_LV_VE42_Heizung.D83
1.3.330;Einklemm-Rückschlagventil, DN 40;2,0;St;gaeb-flat;Vergabeunterlagen/Anlage LV und GEAB/20260709_PSZ_LV_VE42_Heizung.D83
1.3.340;Einklemm-Rückschlagventil, DN 50;3,0;St;gaeb-flat;Vergabeunterlagen/Anlage LV und GEAB/20260709_PSZ_LV_VE42_Heizung.D83
1.3.350;Schmutzfänger DN 25;1,0;St;gaeb-flat;Vergabeunterlagen/Anlage LV und GEAB/20260709_PSZ_LV_VE42_Heizung.D83
1.3.360;Schmutzfänger DN 32;1,0;St;gaeb-flat;Vergabeunterlagen/Anlage LV und GEAB/20260709_PSZ_LV_VE42_Heizung.D83
1.3.370;Schmutzfänger DN 40;2,0;St;gaeb-flat;Vergabeunterlagen/Anlage LV und GEAB/20260709_PSZ_LV_VE42_Heizung.D83
1.3.380;Schmutzfänger DN 50;3,0;St;gaeb-flat;Vergabeunterlagen/Anlage LV und GEAB/20260709_PSZ_LV_VE42_Heizung.D83
1.3.390;Schlammabscheider;1,0;St;gaeb-flat;Vergabeunterlagen/Anlage LV und GEAB/20260709_PSZ_LV_VE42_Heizung.D83
1.3.400;Druckhaltung;1,0;St;gaeb-flat;Vergabeunterlagen/Anlage LV und GEAB/20260709_PSZ_LV_VE42_Heizung.D83
1.3.410;Grundgefäß 300 Liter;1,0;St;gaeb-flat;Vergabeunterlagen/Anlage LV und GEAB/20260709_PSZ_LV_VE42_Heizung.D83
1.3.420;Membran-Druckausdehnungsgefäß 50l;1,0;St;gaeb-flat;Vergabeunterlagen/Anlage LV und GEAB/20260709_PSZ_LV_VE42_Heizung.D83
1.3.430;Membran-Druckausdehnungsgefäß 35l;1,0;St;gaeb-flat;Vergabeunterlagen/Anlage LV und GEAB/20260709_PSZ_LV_VE42_Heizung.D83
1.3.440;Nachspeiseeinrichtung;1,0;St;gaeb-flat;Vergabeunterlagen/Anlage LV und GEAB/20260709_PSZ_LV_VE42_Heizung.D83
1.3.450;Aufbereitung Nachspeisewasser;1,0;St;gaeb-flat;Vergabeunterlagen/Anlage LV und GEAB/20260709_PSZ_LV_VE42_Heizung.D83
1.3.460;Enthärtungsharzpatrone;1,0;St;gaeb-flat;Vergabeunterlagen/Anlage LV und GEAB/20260709_PSZ_LV_VE42_Heizung.D83
1.3.470;Inbetriebnahme Druckhaltung;1,0;St;gaeb-flat;Vergabeunterlagen/Anlage LV und GEAB/20260709_PSZ_LV_VE42_Heizung.D83
1.3.480;Elektroinstallation Druckhaltung, Peripheriegeräte;1,0;St;gaeb-flat;Vergabeunterlagen/Anlage LV und GEAB/20260709_PSZ_LV_VE42_Heizung.D83
1.3.490;Sicherheitsventil 4,0 bar,  G  1 1/4-G 1 1/2;1,0;St;gaeb-flat;Vergabeunterlagen/Anlage LV und GEAB/20260709_PSZ_LV_VE42_Heizung.D83
1.3.500;Zeigerthermometer 0 - 100°C, 60 mm;14,0;St;gaeb-flat;Vergabeunterlagen/Anlage LV und GEAB/20260709_PSZ_LV_VE42_Heizung.D83
1.3.510;Manometer 0 bis 6,0 bar;14,0;St;gaeb-flat;Vergabeunterlagen/Anlage LV und GEAB/20260709_PSZ_LV_VE42_Heizung.D83
1.3.520;Manometerhahn;14,0;St;gaeb-flat;Vergabeunterlagen/Anlage LV und GEAB/20260709_PSZ_LV_VE42_Heizung.D83
1.3.530;Wassersackrohr;14,0;St;gaeb-flat;Vergabeunterlagen/Anlage LV und GEAB/20260709_PSZ_LV_VE42_Heizung.D83
1.3.540;Entleerungsarmatur, DN 15;40,0;St;gaeb-flat;Vergabeunterlagen/Anlage LV und GEAB/20260709_PSZ_LV_VE42_Heizung.D83
1.3.550;Entleerungsarmatur, DN 20;20,0;St;gaeb-flat;Vergabeunterlagen/Anlage LV und GEAB/20260709_PSZ_LV_VE42_Heizung.D83
1.3.560;Einbau beigestellter Tauchhülsen;8,0;St;gaeb-flat;Vergabeunterlagen/Anlage LV und GEAB/20260709_PSZ_LV_VE42_Heizung.D83
1.3.570;Einbau beigestellter Aktoren, DN 20 - DN 50;2,0;St;gaeb-flat;Vergabeunterlagen/Anlage LV und GEAB/20260709_PSZ_LV_VE42_Heizung.D83
1.4.10;Rohrleitung, Stahl, DN 15, Montagehöhe bis 3,5 m;30,0;m;gaeb-flat;Vergabeunterlagen/Anlage LV und GEAB/20260709_PSZ_LV_VE42_Heizung.D83
1.4.20;Rohrleitung, Stahl, DN 20, Montagehöhe bis 3,5 m;10,0;m;gaeb-flat;Vergabeunterlagen/Anlage LV und GEAB/20260709_PSZ_LV_VE42_Heizung.D83
1.4.30;Rohrleitung, Stahl, DN 25, Montagehöhe bis 3,5 m;10,0;m;gaeb-flat;Vergabeunterlagen/Anlage LV und GEAB/20260709_PSZ_LV_VE42_Heizung.D83
1.4.40;Rohrleitung, Stahl, DN 32, Montagehöhe bis 3,5 m;5,0;m;gaeb-flat;Vergabeunterlagen/Anlage LV und GEAB/20260709_PSZ_LV_VE42_Heizung.D83
1.4.50;Rohrleitung, Stahl, DN 40, Montagehöhe bis 3,5 m;4,0;m;gaeb-flat;Vergabeunterlagen/Anlage LV und GEAB/20260709_PSZ_LV_VE42_Heizung.D83
1.4.60;Rohrleitung, Stahl, DN 50, Montagehöhe bis 3,5 m;30,0;m;gaeb-flat;Vergabeunterlagen/Anlage LV und GEAB/20260709_PSZ_LV_VE42_Heizung.D83
1.4.70;Rohrleitung, Stahl, DN 65, Montagehöhe bis 3,5 m;10,0;m;gaeb-flat;Vergabeunterlagen/Anlage LV und GEAB/20260709_PSZ_LV_VE42_Heizung.D83
1.4.80;Rohrleitung, Stahl, DN 80, Montagehöhe bis 3,5 m;20,0;m;gaeb-flat;Vergabeunterlagen/Anlage LV und GEAB/20260709_PSZ_LV_VE42_Heizung.D83
1.4.90;Rohrleitung, Stahl, DN 100, Montagehöhe bis 3,5 m;2,0;m;gaeb-flat;Vergabeunterlagen/Anlage LV und GEAB/20260709_PSZ_LV_VE42_Heizung.D83
1.4.100;Bogen, Stahl, DN 15, Montagehöhe bis 3,5 m;20,0;St;gaeb-flat;Vergabeunterlagen/Anlage LV und GEAB/20260709_PSZ_LV_VE42_Heizung.D83
1.4.110;Bogen, Stahl, DN 20, Montagehöhe bis 3,5 m;4,0;St;gaeb-flat;Vergabeunterlagen/Anlage LV und GEAB/20260709_PSZ_LV_VE42_Heizung.D83
1.4.120;Bogen, Stahl, DN 25, Montagehöhe bis 3,5 m;5,0;St;gaeb-flat;Vergabeunterlagen/Anlage LV und GEAB/20260709_PSZ_LV_VE42_Heizung.D83
1.4.130;Bogen, Stahl, DN 32, Montagehöhe bis 3,5 m;4,0;St;gaeb-flat;Vergabeunterlagen/Anlage LV und GEAB/20260709_PSZ_LV_VE42_Heizung.D83
1.4.140;Bogen, Stahl, DN 40, Montagehöhe bis 3,5 m;6,0;St;gaeb-flat;Vergabeunterlagen/Anlage LV und GEAB/20260709_PSZ_LV_VE42_Heizung.D83
1.4.150;Bogen, Stahl, DN 50, Montagehöhe bis 3,5 m;15,0;St;gaeb-flat;Vergabeunterlagen/Anlage LV und GEAB/20260709_PSZ_LV_VE42_Heizung.D83
1.4.160;Bogen, Stahl, DN 65, Montagehöhe bis 3,5 m;5,0;St;gaeb-flat;Vergabeunterlagen/Anlage LV und GEAB/20260709_PSZ_LV_VE42_Heizung.D83
1.4.170;Bogen, Stahl, DN 80, Montagehöhe bis 3,5 m;15,0;St;gaeb-flat;Vergabeunterlagen/Anlage LV und GEAB/20260709_PSZ_LV_VE42_Heizung.D83
1.4.180;Bogen, Stahl, DN 100, Montagehöhe bis 3,5 m;2,0;St;gaeb-flat;Vergabeunterlagen/Anlage LV und GEAB/20260709_PSZ_LV_VE42_Heizung.D83
1.4.190;T-Stück, Stahl, DN 15, Montagehöhe bis 3,5 m;2,0;St;gaeb-flat;Vergabeunterlagen/Anlage LV und GEAB/20260709_PSZ_LV_VE42_Heizung.D83
1.4.200;T-Stück, Stahl, DN 20, Montagehöhe bis 3,5 m;2,0;St;gaeb-flat;Vergabeunterlagen/Anlage LV und GEAB/20260709_PSZ_LV_VE42_Heizung.D83
1.4.210;T-Stück, Stahl, DN 25, Montagehöhe bis 3,5 m;4,0;St;gaeb-flat;Vergabeunterlagen/Anlage LV und GEAB/20260709_PSZ_LV_VE42_Heizung.D83
1.4.220;T-Stück, Stahl, DN 32, Montagehöhe bis 3,5 m;2,0;St;gaeb-flat;Vergabeunterlagen/Anlage LV und GEAB/20260709_PSZ_LV_VE42_Heizung.D83
1.4.230;T-Stück, Stahl, DN 40, Montagehöhe bis 3,5 m;2,0;St;gaeb-flat;Vergabeunterlagen/Anlage LV und GEAB/20260709_PSZ_LV_VE42_Heizung.D83
1.4.240;T-Stück, Stahl, DN 50, Montagehöhe bis 3,5 m;3,0;St;gaeb-flat;Vergabeunterlagen/Anlage LV und GEAB/20260709_PSZ_LV_VE42_Heizung.D83
1.4.250;T-Stück, Stahl, DN 65, Montagehöhe bis 3,5 m;2,0;St;gaeb-flat;Vergabeunterlagen/Anlage LV und GEAB/20260709_PSZ_LV_VE42_Heizung.D83
1.4.260;T-Stück, Stahl, DN 80, Montagehöhe bis 3,5 m;4,0;St;gaeb-flat;Vergabeunterlagen/Anlage LV und GEAB/20260709_PSZ_LV_VE42_Heizung.D83
1.4.270;T-Stück, Stahl, DN 100, Montagehöhe bis 3,5 m;2,0;St;gaeb-flat;Vergabeunterlagen/Anlage LV und GEAB/20260709_PSZ_LV_VE42_Heizung.D83
1.4.280;Reduzierstück, Stahl, DN 20, Montagehöhe bis 3,5 m;2,0;St;gaeb-flat;Vergabeunterlagen/Anlage LV und GEAB/20260709_PSZ_LV_VE42_Heizung.D83
1.4.290;Reduzierstück, Stahl, DN 25, Montagehöhe bis 3,5 m;4,0;St;gaeb-flat;Vergabeunterlagen/Anlage LV und GEAB/20260709_PSZ_LV_VE42_Heizung.D83
1.4.300;Reduzierstück, Stahl, DN 32, Montagehöhe bis 3,5 m;2,0;St;gaeb-flat;Vergabeunterlagen/Anlage LV und GEAB/20260709_PSZ_LV_VE42_Heizung.D83
1.4.310;Reduzierstück, Stahl, DN 40, Montagehöhe bis 3,5 m;2,0;St;gaeb-flat;Vergabeunterlagen/Anlage LV und GEAB/20260709_PSZ_LV_VE42_Heizung.D83
1.4.320;Reduzierstück, Stahl, DN 50, Montagehöhe bis 3,5 m;8,0;St;gaeb-flat;Vergabeunterlagen/Anlage LV und GEAB/20260709_PSZ_LV_VE42_Heizung.D83
1.4.330;Reduzierstück, Stahl, DN 65, Montagehöhe bis 3,5 m;2,0;St;gaeb-flat;Vergabeunterlagen/Anlage LV und GEAB/20260709_PSZ_LV_VE42_Heizung.D83
1.4.340;Reduzierstück, Stahl, DN 80, Montagehöhe bis 3,5 m;4,0;St;gaeb-flat;Vergabeunterlagen/Anlage LV und GEAB/20260709_PSZ_LV_VE42_Heizung.D83
1.4.350;Reduzierstück, Stahl, DN 100, Montagehöhe bis 3,5 m;2,0;St;gaeb-flat;Vergabeunterlagen/Anlage LV und GEAB/20260709_PSZ_LV_VE42_Heizung.D83
1.4.360;Verschraubung, Stahl, DN 15, Montagehöhe bis 3,5 m;16,0;St;gaeb-flat;Vergabeunterlagen/Anlage LV und GEAB/20260709_PSZ_LV_VE42_Heizung.D83
1.4.370;Verschraubung, Stahl, DN 20, Montagehöhe bis 3,5 m;4,0;St;gaeb-flat;Vergabeunterlagen/Anlage LV und GEAB/20260709_PSZ_LV_VE42_Heizung.D83
1.4.380;Verschraubung, Stahl, DN 25, Montagehöhe bis 3,5 m;4,0;St;gaeb-flat;Vergabeunterlagen/Anlage LV und GEAB/20260709_PSZ_LV_VE42_Heizung.D83
1.4.390;Verschraubung, Stahl, DN 32, Montagehöhe bis 3,5 m;2,0;St;gaeb-flat;Vergabeunterlagen/Anlage LV und GEAB/20260709_PSZ_LV_VE42_Heizung.D83
1.4.400;Verschraubung, Stahl, DN 40, Montagehöhe bis 3,5 m;2,0;St;gaeb-flat;Vergabeunterlagen/Anlage LV und GEAB/20260709_PSZ_LV_VE42_Heizung.D83
1.4.410;Verschraubung, Stahl, DN 50, Montagehöhe bis 3,5 m;8,0;St;gaeb-flat;Vergabeunterlagen/Anlage LV und GEAB/20260709_PSZ_LV_VE42_Heizung.D83
1.4.420;Doppelnippel, Stahl, DN 15, Montagehöhe bis 3,5 m;20,0;St;gaeb-flat;Vergabeunterlagen/Anlage LV und GEAB/20260709_PSZ_LV_VE42_Heizung.D83
1.4.430;Doppelnippel, Stahl, DN 20, Montagehöhe bis 3,5 m;6,0;St;gaeb-flat;Vergabeunterlagen/Anlage LV und GEAB/20260709_PSZ_LV_VE42_Heizung.D83
1.4.440;Doppelnippel, Stahl, DN 25, Montagehöhe bis 3,5 m;2,0;St;gaeb-flat;Vergabeunterlagen/Anlage LV und GEAB/20260709_PSZ_LV_VE42_Heizung.D83
1.4.450;Doppelnippel, Stahl, DN 32, Montagehöhe bis 3,5 m;6,0;St;gaeb-flat;Vergabeunterlagen/Anlage LV und GEAB/20260709_PSZ_LV_VE42_Heizung.D83
1.4.460;Doppelnippel, Stahl, DN 40, Montagehöhe bis 3,5 m;2,0;St;gaeb-flat;Vergabeunterlagen/Anlage LV und GEAB/20260709_PSZ_LV_VE42_Heizung.D83
1.4.470;Doppelnippel, Stahl, DN 50, Montagehöhe bis 3,5 m;6,0;St;gaeb-flat;Vergabeunterlagen/Anlage LV und GEAB/20260709_PSZ_LV_VE42_Heizung.D83
1.4.480;Gewindeflansch, Stahl, DN 15, Montagehöhe bis 3,5 m;2,0;St;gaeb-flat;Vergabeunterlagen/Anlage LV und GEAB/20260709_PSZ_LV_VE42_Heizung.D83
1.4.490;Gewindeflansch, Stahl, DN 20, Montagehöhe bis 3,5 m;2,0;St;gaeb-flat;Vergabeunterlagen/Anlage LV und GEAB/20260709_PSZ_LV_VE42_Heizung.D83
1.4.500;Gewindeflansch, Stahl, DN 25, Montagehöhe bis 3,5 m;4,0;St;gaeb-flat;Vergabeunterlagen/Anlage LV und GEAB/20260709_PSZ_LV_VE42_Heizung.D83
1.4.510;Gewindeflansch, Stahl, DN 32, Montagehöhe bis 3,5 m;2,0;St;gaeb-flat;Vergabeunterlagen/Anlage LV und GEAB/20260709_PSZ_LV_VE42_Heizung.D83
1.4.520;Gewindeflansch, Stahl, DN 40, Montagehöhe bis 3,5 m;2,0;St;gaeb-flat;Vergabeunterlagen/Anlage LV und GEAB/20260709_PSZ_LV_VE42_Heizung.D83
1.4.530;Gewindeflansch, Stahl, DN 50, Montagehöhe bis 3,5 m;6,0;St;gaeb-flat;Vergabeunterlagen/Anlage LV und GEAB/20260709_PSZ_LV_VE42_Heizung.D83
1.4.540;Gewindeflansch, Stahl, DN 65, Montagehöhe bis 3,5 m;2,0;St;gaeb-flat;Vergabeunterlagen/Anlage LV und GEAB/20260709_PSZ_LV_VE42_Heizung.D83
1.4.550;Gewindeflansch, Stahl, DN 80, Montagehöhe bis 3,5 m;2,0;St;gaeb-flat;Vergabeunterlagen/Anlage LV und GEAB/20260709_PSZ_LV_VE42_Heizung.D83
1.4.560;Gewindeflansch, Stahl, DN 100, Montagehöhe bis 3,5 m;2,0;St;gaeb-flat;Vergabeunterlagen/Anlage LV und GEAB/20260709_PSZ_LV_VE42_Heizung.D83
1.4.570;Vorschweißflansch, Stahl, DN 15, Montagehöhe bis 3,5 m;2,0;St;gaeb-flat;Vergabeunterlagen/Anlage LV und GEAB/20260709_PSZ_LV_VE42_Heizung.D83
1.4.580;Vorschweißflansch, Stahl, DN 20, Montagehöhe bis 3,5 m;2,0;St;gaeb-flat;Vergabeunterlagen/Anlage LV und GEAB/20260709_PSZ_LV_VE42_Heizung.D83
1.4.590;Vorschweißflansch, Stahl, DN 25, Montagehöhe bis 3,5 m;4,0;St;gaeb-flat;Vergabeunterlagen/Anlage LV und GEAB/20260709_PSZ_LV_VE42_Heizung.D83
1.4.600;Vorschweißflansch, Stahl, DN 32, Montagehöhe bis 3,5 m;2,0;St;gaeb-flat;Vergabeunterlagen/Anlage LV und GEAB/20260709_PSZ_LV_VE42_Heizung.D83
1.4.610;Vorschweißflansch, Stahl, DN 40, Montagehöhe bis 3,5 m;2,0;St;gaeb-flat;Vergabeunterlagen/Anlage LV und GEAB/20260709_PSZ_LV_VE42_Heizung.D83
1.4.620;Vorschweißflansch, Stahl, DN 50, Montagehöhe bis 3,5 m;6,0;St;gaeb-flat;Vergabeunterlagen/Anlage LV und GEAB/20260709_PSZ_LV_VE42_Heizung.D83
1.4.630;Vorschweißflansch, Stahl, DN 65, Montagehöhe bis 3,5 m;2,0;St;gaeb-flat;Vergabeunterlagen/Anlage LV und GEAB/20260709_PSZ_LV_VE42_Heizung.D83
1.4.640;Vorschweißflansch, Stahl, DN 80, Montagehöhe bis 3,5 m;2,0;St;gaeb-flat;Vergabeunterlagen/Anlage LV und GEAB/20260709_PSZ_LV_VE42_Heizung.D83
1.4.650;Vorschweißflansch, Stahl, DN 100, Montagehöhe bis 3,5 m;2,0;St;gaeb-flat;Vergabeunterlagen/Anlage LV und GEAB/20260709_PSZ_LV_VE42_Heizung.D83
1.4.660;Blindflansch, Stahl, DN 32, Montagehöhe bis 3,5 m;2,0;St;gaeb-flat;Vergabeunterlagen/Anlage LV und GEAB/20260709_PSZ_LV_VE42_Heizung.D83
1.4.670;Blindflansch, Stahl, DN 40, Montagehöhe bis 3,5 m;4,0;St;gaeb-flat;Vergabeunterlagen/Anlage LV und GEAB/20260709_PSZ_LV_VE42_Heizung.D83
1.4.680;Blindflansch, Stahl, DN 50, Montagehöhe bis 3,5 m;4,0;St;gaeb-flat;Vergabeunterlagen/Anlage LV und GEAB/20260709_PSZ_LV_VE42_Heizung.D83
1.4.690;Blindflansch, Stahl, DN 65, Montagehöhe bis 3,5 m;2,0;St;gaeb-flat;Vergabeunterlagen/Anlage LV und GEAB/20260709_PSZ_LV_VE42_Heizung.D83
1.4.700;Blindflansch, Stahl, DN 80, Montagehöhe bis 3,5 m;4,0;St;gaeb-flat;Vergabeunterlagen/Anlage LV und GEAB/20260709_PSZ_LV_VE42_Heizung.D83
1.4.710;Blindflansch, Stahl, DN 100, Montagehöhe bis 3,5 m;2,0;St;gaeb-flat;Vergabeunterlagen/Anlage LV und GEAB/20260709_PSZ_LV_VE42_Heizung.D83
1.4.720;Präzisionsstahlrohr, DN 15, Montagehöhe bis 3,5 m;2150,0;m;gaeb-flat;Vergabeunterlagen/Anlage LV und GEAB/20260709_PSZ_LV_VE42_Heizung.D83
1.4.730;Präzisionsstahlrohr, DN 20, Montagehöhe bis 3,5 m;70,0;m;gaeb-flat;Vergabeunterlagen/Anlage LV und GEAB/20260709_PSZ_LV_VE42_Heizung.D83
1.4.740;Präzisionsstahlrohr, DN 25, Montagehöhe bis 3,5 m;120,0;m;gaeb-flat;Vergabeunterlagen/Anlage LV und GEAB/20260709_PSZ_LV_VE42_Heizung.D83
1.4.750;Präzisionsstahlrohr, DN 32, Montagehöhe bis 3,5 m;120,0;m;gaeb-flat;Vergabeunterlagen/Anlage LV und GEAB/20260709_PSZ_LV_VE42_Heizung.D83
1.4.760;Präzisionsstahlrohr, DN 40, Montagehöhe bis 3,5 m;55,0;m;gaeb-flat;Vergabeunterlagen/Anlage LV und GEAB/20260709_PSZ_LV_VE42_Heizung.D83
1.4.770;Präzisionsstahlrohr, DN 50, Montagehöhe bis 3,5 m;250,0;m;gaeb-flat;Vergabeunterlagen/Anlage LV und GEAB/20260709_PSZ_LV_VE42_Heizung.D83
1.4.780;Präzisionsstahlrohr, DN 15, Montagehöhe über 3,5 m bis 6,0 m;230,0;m;gaeb-flat;Vergabeunterlagen/Anlage LV und GEAB/20260709_PSZ_LV_VE42_Heizung.D83
1.4.790;Präzisionsstahlrohr, DN 20, Montagehöhe über 3,5 m bis 6,0 m;280,0;m;gaeb-flat;Vergabeunterlagen/Anlage LV und GEAB/20260709_PSZ_LV_VE42_Heizung.D83
1.4.800;Präzisionsstahlrohr, DN 25, Montagehöhe über 3,5 m bis 6,0 m;450,0;m;gaeb-flat;Vergabeunterlagen/Anlage LV und GEAB/20260709_PSZ_LV_VE42_Heizung.D83
1.4.810;Präzisionsstahlrohr, DN 32, Montagehöhe über 3,5 m bis 6,0 m;30,0;m;gaeb-flat;Vergabeunterlagen/Anlage LV und GEAB/20260709_PSZ_LV_VE42_Heizung.D83
1.4.820;Präzisionsstahlrohr, DN 40, Montagehöhe über 3,5 m bis 6,0 m;15,0;m;gaeb-flat;Vergabeunterlagen/Anlage LV und GEAB/20260709_PSZ_LV_VE42_Heizung.D83
1.4.830;Präzisionsstahlrohr, DN 50, Montagehöhe über 3,5 m bis 6,0 m;65,0;m;gaeb-flat;Vergabeunterlagen/Anlage LV und GEAB/20260709_PSZ_LV_VE42_Heizung.D83
1.4.840;Bogen, Präzisionsstahl, DN 15, Montagehöhe bis 6,0 m;1600,0;St;gaeb-flat;Vergabeunterlagen/Anlage LV und GEAB/20260709_PSZ_LV_VE42_Heizung.D83
1.4.850;Bogen, Präzisionsstahl, DN 20, Montagehöhe bis 6,0 m;60,0;St;gaeb-flat;Vergabeunterlagen/Anlage LV und GEAB/20260709_PSZ_LV_VE42_Heizung.D83
1.4.860;Bogen, Präzisionsstahl, DN 25, Montagehöhe bis 6,0 m;110,0;St;gaeb-flat;Vergabeunterlagen/Anlage LV und GEAB/20260709_PSZ_LV_VE42_Heizung.D83
1.4.870;Bogen, Präzisionsstahl, DN 32, Montagehöhe bis 6,0 m;30,0;St;gaeb-flat;Vergabeunterlagen/Anlage LV und GEAB/20260709_PSZ_LV_VE42_Heizung.D83
1.4.880;Bogen, Präzisionsstahl, DN 40, Montagehöhe bis 6,0 m;20,0;St;gaeb-flat;Vergabeunterlagen/Anlage LV und GEAB/20260709_PSZ_LV_VE42_Heizung.D83
1.4.890;Bogen, Präzisionsstahl, DN 50, Montagehöhe bis 6,0 m;100,0;St;gaeb-flat;Vergabeunterlagen/Anlage LV und GEAB/20260709_PSZ_LV_VE42_Heizung.D83
1.4.900;T-Stück, Präzisionsstahl, DN 15, Montagehöhe bis 6,0 m;230,0;St;gaeb-flat;Vergabeunterlagen/Anlage LV und GEAB/20260709_PSZ_LV_VE42_Heizung.D83
1.4.910;T-Stück, Präzisionsstahl, DN 20, Montagehöhe bis 6,0 m;100,0;St;gaeb-flat;Vergabeunterlagen/Anlage LV und GEAB/20260709_PSZ_LV_VE42_Heizung.D83
1.4.920;T-Stück, Präzisionsstahl, DN 25, Montagehöhe bis 6,0 m;90,0;St;gaeb-flat;Vergabeunterlagen/Anlage LV und GEAB/20260709_PSZ_LV_VE42_Heizung.D83
1.4.930;T-Stück, Präzisionsstahl, DN 32, Montagehöhe bis 6,0 m;35,0;St;gaeb-flat;Vergabeunterlagen/Anlage LV und GEAB/20260709_PSZ_LV_VE42_Heizung.D83
1.4.940;T-Stück, Präzisionsstahl, DN 40, Montagehöhe bis 6,0 m;10,0;St;gaeb-flat;Vergabeunterlagen/Anlage LV und GEAB/20260709_PSZ_LV_VE42_Heizung.D83
1.4.950;T-Stück, Präzisionsstahl, DN 50, Montagehöhe bis 6,0 m;20,0;St;gaeb-flat;Vergabeunterlagen/Anlage LV und GEAB/20260709_PSZ_LV_VE42_Heizung.D83
1.4.960;Reduzierstück, Präzisionsstahl, DN 20, Montagehöhe bis 6,0 m;50,0;St;gaeb-flat;Vergabeunterlagen/Anlage LV und GEAB/20260709_PSZ_LV_VE42_Heizung.D83
1.4.970;Reduzierstück, Präzisionsstahl, DN 25, Montagehöhe bis 6,0 m;30,0;St;gaeb-flat;Vergabeunterlagen/Anlage LV und GEAB/20260709_PSZ_LV_VE42_Heizung.D83
1.4.980;Reduzierstück, Präzisionsstahl, DN 32, Montagehöhe bis 6,0 m;15,0;St;gaeb-flat;Vergabeunterlagen/Anlage LV und GEAB/20260709_PSZ_LV_VE42_Heizung.D83
1.4.990;Reduzierstück, Präzisionsstahl, DN 40, Montagehöhe bis 6,0 m;6,0;St;gaeb-flat;Vergabeunterlagen/Anlage LV und GEAB/20260709_PSZ_LV_VE42_Heizung.D83
1.41000;Reduzierstück, Präzisionsstahl, DN 50, Montagehöhe bis 6,0 m;10,0;St;gaeb-flat;Vergabeunterlagen/Anlage LV und GEAB/20260709_PSZ_LV_VE42_Heizung.D83
1.41010;Muffe, Präzisionsstahl, DN 15, Montagehöhe bis 6,0 m;1100,0;St;gaeb-flat;Vergabeunterlagen/Anlage LV und GEAB/20260709_PSZ_LV_VE42_Heizung.D83
1.41020;Muffe, Präzisionsstahl, DN 20, Montagehöhe bis 6,0 m;175,0;St;gaeb-flat;Vergabeunterlagen/Anlage LV und GEAB/20260709_PSZ_LV_VE42_Heizung.D83
1.41030;Muffe, Präzisionsstahl, DN 25, Montagehöhe bis 6,0 m;250,0;St;gaeb-flat;Vergabeunterlagen/Anlage LV und GEAB/20260709_PSZ_LV_VE42_Heizung.D83
1.41040;Muffe, Präzisionsstahl, DN 32, Montagehöhe bis 6,0 m;75,0;St;gaeb-flat;Vergabeunterlagen/Anlage LV und GEAB/20260709_PSZ_LV_VE42_Heizung.D83
1.41050;Muffe, Präzisionsstahl, DN 40, Montagehöhe bis 6,0 m;35,0;St;gaeb-flat;Vergabeunterlagen/Anlage LV und GEAB/20260709_PSZ_LV_VE42_Heizung.D83
1.41060;Muffe, Präzisionsstahl, DN 50, Montagehöhe bis 6,0 m;150,0;St;gaeb-flat;Vergabeunterlagen/Anlage LV und GEAB/20260709_PSZ_LV_VE42_Heizung.D83
1.41070;Übergangsverschraubung, Präzisionsstahl auf Messing, DN 15;500,0;St;gaeb-flat;Vergabeunterlagen/Anlage LV und GEAB/20260709_PSZ_LV_VE42_Heizung.D83
1.41080;Übergangsverschraubung, Präzisionsstahl auf Messing, DN 20;10,0;St;gaeb-flat;Vergabeunterlagen/Anlage LV und GEAB/20260709_PSZ_LV_VE42_Heizung.D83
1.41090;Übergangsverschraubung, Präzisionsstahl auf Messing, DN 25;20,0;St;gaeb-flat;Vergabeunterlagen/Anlage LV und GEAB/20260709_PSZ_LV_VE42_Heizung.D83
1.41100;Übergangsverschraubung, Präzisionsstahl auf Messing, DN 32;20,0;St;gaeb-flat;Vergabeunterlagen/Anlage LV und GEAB/20260709_PSZ_LV_VE42_Heizung.D83
1.41110;Übergangsverschraubung, Präzisionsstahl auf Messing, DN 40;10,0;St;gaeb-flat;Vergabeunterlagen/Anlage LV und GEAB/20260709_PSZ_LV_VE42_Heizung.D83
1.41120;Übergangsverschraubung, Präzisionsstahl auf Messing, DN 50;10,0;St;gaeb-flat;Vergabeunterlagen/Anlage LV und GEAB/20260709_PSZ_LV_VE42_Heizung.D83
1.41130;Übergang Präzisionsstahl, IG / AG, DN 15;20,0;St;gaeb-flat;Vergabeunterlagen/Anlage LV und GEAB/20260709_PSZ_LV_VE42_Heizung.D83
1.41140;Übergang Präzisionsstahl, IG / AG, DN 20;10,0;St;gaeb-flat;Vergabeunterlagen/Anlage LV und GEAB/20260709_PSZ_LV_VE42_Heizung.D83
1.41150;Übergang Präzisionsstahl, IG / AG, DN 25;20,0;St;gaeb-flat;Vergabeunterlagen/Anlage LV und GEAB/20260709_PSZ_LV_VE42_Heizung.D83
1.41160;Übergang Präzisionsstahl, IG / AG, DN 32;10,0;St;gaeb-flat;Vergabeunterlagen/Anlage LV und GEAB/20260709_PSZ_LV_VE42_Heizung.D83
1.41170;Übergang Präzisionsstahl, IG / AG, DN 40;10,0;St;gaeb-flat;Vergabeunterlagen/Anlage LV und GEAB/20260709_PSZ_LV_VE42_Heizung.D83
1.41180;Übergang Präzisionsstahl, IG / AG, DN 50;10,0;St;gaeb-flat;Vergabeunterlagen/Anlage LV und GEAB/20260709_PSZ_LV_VE42_Heizung.D83
1.41190;Übergangsflansch Präzisionsstahl, DN 25;2,0;St;gaeb-flat;Vergabeunterlagen/Anlage LV und GEAB/20260709_PSZ_LV_VE42_Heizung.D83
1.41200;Übergangsflansch Präzisionsstahl, DN 40;4,0;St;gaeb-flat;Vergabeunterlagen/Anlage LV und GEAB/20260709_PSZ_LV_VE42_Heizung.D83
1.41210;Übergangsflansch Präzisionsstahl, DN 50;6,0;St;gaeb-flat;Vergabeunterlagen/Anlage LV und GEAB/20260709_PSZ_LV_VE42_Heizung.D83
1.41220;Herstellen von Geräteanschlüssen, bis DN 25;2,0;St;gaeb-flat;Vergabeunterlagen/Anlage LV und GEAB/20260709_PSZ_LV_VE42_Heizung.D83
1.41230;Herstellen von Geräteanschlüssen, DN 65;1,0;St;gaeb-flat;Vergabeunterlagen/Anlage LV und GEAB/20260709_PSZ_LV_VE42_Heizung.D83
1.41240;Axialkompensator DN 15 PN 6;4,0;St;gaeb-flat;Vergabeunterlagen/Anlage LV und GEAB/20260709_PSZ_LV_VE42_Heizung.D83
1.41250;Axialkompensator DN 20 PN 6;4,0;St;gaeb-flat;Vergabeunterlagen/Anlage LV und GEAB/20260709_PSZ_LV_VE42_Heizung.D83
1.41260;Axialkompensator DN 25 PN 6;4,0;St;gaeb-flat;Vergabeunterlagen/Anlage LV und GEAB/20260709_PSZ_LV_VE42_Heizung.D83
1.41270;Axialkompensator DN 32 PN 6;2,0;St;gaeb-flat;Vergabeunterlagen/Anlage LV und GEAB/20260709_PSZ_LV_VE42_Heizung.D83
1.41280;Axialkompensator DN 40 PN 6;6,0;St;gaeb-flat;Vergabeunterlagen/Anlage LV und GEAB/20260709_PSZ_LV_VE42_Heizung.D83
1.41290;Axialkompensator DN 50 PN 6;8,0;St;gaeb-flat;Vergabeunterlagen/Anlage LV und GEAB/20260709_PSZ_LV_VE42_Heizung.D83
1.41300;Axialkompensator DN 80 PN 6;2,0;St;gaeb-flat;Vergabeunterlagen/Anlage LV und GEAB/20260709_PSZ_LV_VE42_Heizung.D83
1.41310;Festpunkt DN 15, Montagehöhe bis 6,0 m;4,0;St;gaeb-flat;Vergabeunterlagen/Anlage LV und GEAB/20260709_PSZ_LV_VE42_Heizung.D83
1.41320;Festpunkt DN 20, Montagehöhe bis 6,0 m;4,0;St;gaeb-flat;Vergabeunterlagen/Anlage LV und GEAB/20260709_PSZ_LV_VE42_Heizung.D83
1.41330;Festpunkt DN 25, Montagehöhe bis 6,0 m;4,0;St;gaeb-flat;Vergabeunterlagen/Anlage LV und GEAB/20260709_PSZ_LV_VE42_Heizung.D83
1.41340;Festpunkt DN 32, Montagehöhe bis 6,0 m;2,0;St;gaeb-flat;Vergabeunterlagen/Anlage LV und GEAB/20260709_PSZ_LV_VE42_Heizung.D83
1.41350;Festpunkt DN 40, Montagehöhe bis 6,0 m;6,0;St;gaeb-flat;Vergabeunterlagen/Anlage LV und GEAB/20260709_PSZ_LV_VE42_Heizung.D83
1.41360;Festpunkt DN 50, Montagehöhe bis 6,0 m;8,0;St;gaeb-flat;Vergabeunterlagen/Anlage LV und GEAB/20260709_PSZ_LV_VE42_Heizung.D83
1.41370;Gleitplatte bis DN 65;28,0;St;gaeb-flat;Vergabeunterlagen/Anlage LV und GEAB/20260709_PSZ_LV_VE42_Heizung.D83
1.41380;Lufttopf, bis DN 50;12,0;St;gaeb-flat;Vergabeunterlagen/Anlage LV und GEAB/20260709_PSZ_LV_VE42_Heizung.D83
1.41390;Lufttopf, DN 65;2,0;St;gaeb-flat;Vergabeunterlagen/Anlage LV und GEAB/20260709_PSZ_LV_VE42_Heizung.D83
1.41400;Lufttopf, DN 80;2,0;St;gaeb-flat;Vergabeunterlagen/Anlage LV und GEAB/20260709_PSZ_LV_VE42_Heizung.D83
1.41410;Schweißmuffen, Stahl;20,0;St;gaeb-flat;Vergabeunterlagen/Anlage LV und GEAB/20260709_PSZ_LV_VE42_Heizung.D83
1.41420;Verlängerungsstück für Schweißmuffen;10,0;St;gaeb-flat;Vergabeunterlagen/Anlage LV und GEAB/20260709_PSZ_LV_VE42_Heizung.D83
1.5.10;R90-Rohrabschottung, Präzisions- oder Edelstahl, gedämmt, Heizung, DN 15;50,0;St;gaeb-flat;Vergabeunterlagen/Anlage LV und GEAB/20260709_PSZ_LV_VE42_Heizung.D83
1.5.20;R90-Rohrabschottung, Präzisions- oder Edelstahl, gedämmt, Heizung, DN 20;4,0;St;gaeb-flat;Vergabeunterlagen/Anlage LV und GEAB/20260709_PSZ_LV_VE42_Heizung.D83
1.5.30;R90-Rohrabschottung, Präzisions- oder Edelstahl, gedämmt, Heizung, DN 25;36,0;St;gaeb-flat;Vergabeunterlagen/Anlage LV und GEAB/20260709_PSZ_LV_VE42_Heizung.D83
1.5.40;R90-Rohrabschottung, Präzisions- oder Edelstahl, gedämmt, Heizung, DN 32;12,0;St;gaeb-flat;Vergabeunterlagen/Anlage LV und GEAB/20260709_PSZ_LV_VE42_Heizung.D83
1.5.50;R90-Rohrabschottung, Präzisions- oder Edelstahl, gedämmt, Heizung, DN 40;4,0;St;gaeb-flat;Vergabeunterlagen/Anlage LV und GEAB/20260709_PSZ_LV_VE42_Heizung.D83
1.5.60;R90-Rohrabschottung, Präzisions- oder Edelstahl, gedämmt, Heizung, DN 50;32,0;St;gaeb-flat;Vergabeunterlagen/Anlage LV und GEAB/20260709_PSZ_LV_VE42_Heizung.D83
1.5.70;Bogen, weiterführende Präzisions- oder Edelstahl, gedämmt, Heizung, DN 15;30,0;St;gaeb-flat;Vergabeunterlagen/Anlage LV und GEAB/20260709_PSZ_LV_VE42_Heizung.D83
1.5.80;Bogen, weiterführende Präzisions- oder Edelstahl, gedämmt, Heizung, DN 20;4,0;St;gaeb-flat;Vergabeunterlagen/Anlage LV und GEAB/20260709_PSZ_LV_VE42_Heizung.D83
1.5.90;Bogen, weiterführende Präzisions- oder Edelstahl, gedämmt, Heizung, DN 25;20,0;St;gaeb-flat;Vergabeunterlagen/Anlage LV und GEAB/20260709_PSZ_LV_VE42_Heizung.D83
1.5.100;Bogen, weiterführende Präzisions- oder Edelstahl, gedämmt, Heizung, DN 32;10,0;St;gaeb-flat;Vergabeunterlagen/Anlage LV und GEAB/20260709_PSZ_LV_VE42_Heizung.D83
1.5.110;Bogen, weiterführende Präzisions- oder Edelstahl, gedämmt, Heizung, DN 40;4,0;St;gaeb-flat;Vergabeunterlagen/Anlage LV und GEAB/20260709_PSZ_LV_VE42_Heizung.D83
1.5.120;Bogen, weiterführende Präzisions- oder Edelstahl, gedämmt, Heizung, DN 50;20,0;St;gaeb-flat;Vergabeunterlagen/Anlage LV und GEAB/20260709_PSZ_LV_VE42_Heizung.D83
1.6.10;Wärmedämmung, Heizung, alukaschiert, DN 15, Montagehöhe bis 3,5 m;100,0;m;gaeb-flat;Vergabeunterlagen/Anlage LV und GEAB/20260709_PSZ_LV_VE42_Heizung.D83
1.6.20;Wärmedämmung, Heizung, alukaschiert, DN 20, Montagehöhe bis 3,5 m;30,0;m;gaeb-flat;Vergabeunterlagen/Anlage LV und GEAB/20260709_PSZ_LV_VE42_Heizung.D83
1.6.30;Wärmedämmung, Heizung, alukaschiert, DN 25, Montagehöhe bis 3,5 m;40,0;m;gaeb-flat;Vergabeunterlagen/Anlage LV und GEAB/20260709_PSZ_LV_VE42_Heizung.D83
1.6.40;Wärmedämmung, Heizung, alukaschiert, DN 32, Montagehöhe bis 3,5 m;120,0;m;gaeb-flat;Vergabeunterlagen/Anlage LV und GEAB/20260709_PSZ_LV_VE42_Heizung.D83
1.6.50;Wärmedämmung, Heizung, alukaschiert, DN 40, Montagehöhe bis 3,5 m;55,0;m;gaeb-flat;Vergabeunterlagen/Anlage LV und GEAB/20260709_PSZ_LV_VE42_Heizung.D83
1.6.60;Wärmedämmung, Heizung, alukaschiert, DN 50, Montagehöhe bis 3,5 m;75,0;m;gaeb-flat;Vergabeunterlagen/Anlage LV und GEAB/20260709_PSZ_LV_VE42_Heizung.D83
1.6.70;Wärmedämmung, Heizung, alukaschiert, DN 15, Montagehöhe über 3,5 m bis 6,0 m;880,0;m;gaeb-flat;Vergabeunterlagen/Anlage LV und GEAB/20260709_PSZ_LV_VE42_Heizung.D83
1.6.80;Wärmedämmung, Heizung, alukaschiert, DN 20, Montagehöhe über 3,5 m bis 6,0 m;250,0;m;gaeb-flat;Vergabeunterlagen/Anlage LV und GEAB/20260709_PSZ_LV_VE42_Heizung.D83
1.6.90;Wärmedämmung, Heizung, alukaschiert, DN 25, Montagehöhe über 3,5 m bis 6,0 m;320,0;m;gaeb-flat;Vergabeunterlagen/Anlage LV und GEAB/20260709_PSZ_LV_VE42_Heizung.D83
1.6.100;Wärmedämmung, Heizung, alukaschiert, DN 32, Montagehöhe über 3,5 m bis 6,0 m;30,0;m;gaeb-flat;Vergabeunterlagen/Anlage LV und GEAB/20260709_PSZ_LV_VE42_Heizung.D83
1.6.110;Wärmedämmung, Heizung, alukaschiert, DN 40, Montagehöhe über 3,5 m bis 6,0 m;15,0;m;gaeb-flat;Vergabeunterlagen/Anlage LV und GEAB/20260709_PSZ_LV_VE42_Heizung.D83
1.6.120;Wärmedämmung, Heizung, alukaschiert, DN 50, Montagehöhe über 3,5 m bis 6,0 m;20,0;m;gaeb-flat;Vergabeunterlagen/Anlage LV und GEAB/20260709_PSZ_LV_VE42_Heizung.D83
1.6.130;Wärmedämmung, Bogen, Heizung, alukaschiert, DN 15;620,0;St;gaeb-flat;Vergabeunterlagen/Anlage LV und GEAB/20260709_PSZ_LV_VE42_Heizung.D83
1.6.140;Wärmedämmung, Bogen, Heizung, alukaschiert, DN 20;30,0;St;gaeb-flat;Vergabeunterlagen/Anlage LV und GEAB/20260709_PSZ_LV_VE42_Heizung.D83
1.6.150;Wärmedämmung, Bogen, Heizung, alukaschiert, DN 25;60,0;St;gaeb-flat;Vergabeunterlagen/Anlage LV und GEAB/20260709_PSZ_LV_VE42_Heizung.D83
1.6.160;Wärmedämmung, Bogen, Heizung, alukaschiert, DN 32;30,0;St;gaeb-flat;Vergabeunterlagen/Anlage LV und GEAB/20260709_PSZ_LV_VE42_Heizung.D83
1.6.170;Wärmedämmung, Bogen, Heizung, alukaschiert, DN 40;20,0;St;gaeb-flat;Vergabeunterlagen/Anlage LV und GEAB/20260709_PSZ_LV_VE42_Heizung.D83
1.6.180;Wärmedämmung, Bogen, Heizung, alukaschiert, DN 50;20,0;St;gaeb-flat;Vergabeunterlagen/Anlage LV und GEAB/20260709_PSZ_LV_VE42_Heizung.D83
1.6.190;Wärmedämmung, T-Stück, Heizung, alukaschiert, DN 15;110,0;St;gaeb-flat;Vergabeunterlagen/Anlage LV und GEAB/20260709_PSZ_LV_VE42_Heizung.D83
1.6.200;Wärmedämmung, T-Stück, Heizung, alukaschiert, DN 20;100,0;St;gaeb-flat;Vergabeunterlagen/Anlage LV und GEAB/20260709_PSZ_LV_VE42_Heizung.D83
1.6.210;Wärmedämmung, T-Stück, Heizung, alukaschiert, DN 25;90,0;St;gaeb-flat;Vergabeunterlagen/Anlage LV und GEAB/20260709_PSZ_LV_VE42_Heizung.D83
1.6.220;Wärmedämmung, T-Stück, Heizung, alukaschiert, DN 32;35,0;St;gaeb-flat;Vergabeunterlagen/Anlage LV und GEAB/20260709_PSZ_LV_VE42_Heizung.D83
1.6.230;Wärmedämmung, T-Stück, Heizung, alukaschiert, DN 40;10,0;St;gaeb-flat;Vergabeunterlagen/Anlage LV und GEAB/20260709_PSZ_LV_VE42_Heizung.D83
1.6.240;Wärmedämmung, T-Stück, Heizung, alukaschiert, DN 50;20,0;St;gaeb-flat;Vergabeunterlagen/Anlage LV und GEAB/20260709_PSZ_LV_VE42_Heizung.D83
1.6.250;Wärmedämmung, Reduzierstück, Heizung, alukaschiert, DN 20;50,0;St;gaeb-flat;Vergabeunterlagen/Anlage LV und GEAB/20260709_PSZ_LV_VE42_Heizung.D83
1.6.260;Wärmedämmung, Reduzierstück, Heizung, alukaschiert, DN 25;30,0;St;gaeb-flat;Vergabeunterlagen/Anlage LV und GEAB/20260709_PSZ_LV_VE42_Heizung.D83
1.6.270;Wärmedämmung, Reduzierstück, Heizung, alukaschiert, DN 32;15,0;St;gaeb-flat;Vergabeunterlagen/Anlage LV und GEAB/20260709_PSZ_LV_VE42_Heizung.D83
1.6.280;Wärmedämmung, Reduzierstück, Heizung, alukaschiert, DN 40;6,0;St;gaeb-flat;Vergabeunterlagen/Anlage LV und GEAB/20260709_PSZ_LV_VE42_Heizung.D83
1.6.290;Wärmedämmung, Reduzierstück, Heizung, alukaschiert, DN 50;10,0;St;gaeb-flat;Vergabeunterlagen/Anlage LV und GEAB/20260709_PSZ_LV_VE42_Heizung.D83
1.6.300;Wärmedämmung, Lufttopf bis DN 50, alukaschiert;12,0;St;gaeb-flat;Vergabeunterlagen/Anlage LV und GEAB/20260709_PSZ_LV_VE42_Heizung.D83
1.6.310;Wärmedämmung, Lufttopf DN 65, alukaschiert;2,0;St;gaeb-flat;Vergabeunterlagen/Anlage LV und GEAB/20260709_PSZ_LV_VE42_Heizung.D83
1.6.320;Wärmedämmung, Lufttopf DN 80, alukaschiert;2,0;St;gaeb-flat;Vergabeunterlagen/Anlage LV und GEAB/20260709_PSZ_LV_VE42_Heizung.D83
1.6.330;Wärmedämmung, Heizung, blechummantelt, DN 15, Montagehöhe bis 3,5 m;30,0;m;gaeb-flat;Vergabeunterlagen/Anlage LV und GEAB/20260709_PSZ_LV_VE42_Heizung.D83
1.6.340;Wärmedämmung, Heizung, blechummantelt, DN 20, Montagehöhe bis 3,5 m;10,0;m;gaeb-flat;Vergabeunterlagen/Anlage LV und GEAB/20260709_PSZ_LV_VE42_Heizung.D83
1.6.350;Wärmedämmung, Heizung, blechummantelt, DN 25, Montagehöhe bis 3,5 m;10,0;m;gaeb-flat;Vergabeunterlagen/Anlage LV und GEAB/20260709_PSZ_LV_VE42_Heizung.D83
1.6.360;Wärmedämmung, Heizung, blechummantelt, DN 32, Montagehöhe bis 3,5 m;5,0;m;gaeb-flat;Vergabeunterlagen/Anlage LV und GEAB/20260709_PSZ_LV_VE42_Heizung.D83
1.6.370;Wärmedämmung, Heizung, blechummantelt, DN 40, Montagehöhe bis 3,5 m;4,0;m;gaeb-flat;Vergabeunterlagen/Anlage LV und GEAB/20260709_PSZ_LV_VE42_Heizung.D83
1.6.380;Wärmedämmung, Heizung, blechummantelt, DN 50, Montagehöhe bis 3,5 m;30,0;m;gaeb-flat;Vergabeunterlagen/Anlage LV und GEAB/20260709_PSZ_LV_VE42_Heizung.D83
1.6.390;Wärmedämmung, Heizung, blechummantelt, DN 65, Montagehöhe bis 3,5 m;10,0;m;gaeb-flat;Vergabeunterlagen/Anlage LV und GEAB/20260709_PSZ_LV_VE42_Heizung.D83
1.6.400;Wärmedämmung, Heizung, blechummantelt, DN 80, Montagehöhe bis 3,5 m;20,0;m;gaeb-flat;Vergabeunterlagen/Anlage LV und GEAB/20260709_PSZ_LV_VE42_Heizung.D83
1.6.410;Wärmedämmung, Heizung, blechummantelt, DN 100, Montagehöhe bis 3,5 m;2,0;m;gaeb-flat;Vergabeunterlagen/Anlage LV und GEAB/20260709_PSZ_LV_VE42_Heizung.D83
1.6.420;Wärmedämmung, Bogen, Heizung, blechummantelt, DN 15;20,0;St;gaeb-flat;Vergabeunterlagen/Anlage LV und GEAB/20260709_PSZ_LV_VE42_Heizung.D83
1.6.430;Wärmedämmung, Bogen, Heizung, blechummantelt, DN 20;4,0;St;gaeb-flat;Vergabeunterlagen/Anlage LV und GEAB/20260709_PSZ_LV_VE42_Heizung.D83
1.6.440;Wärmedämmung, Bogen, Heizung, blechummantelt, DN 25;5,0;St;gaeb-flat;Vergabeunterlagen/Anlage LV und GEAB/20260709_PSZ_LV_VE42_Heizung.D83
1.6.450;Wärmedämmung, Bogen, Heizung, blechummantelt, DN 32;4,0;St;gaeb-flat;Vergabeunterlagen/Anlage LV und GEAB/20260709_PSZ_LV_VE42_Heizung.D83
1.6.460;Wärmedämmung, Bogen, Heizung, blechummantelt, DN 40;6,0;St;gaeb-flat;Vergabeunterlagen/Anlage LV und GEAB/20260709_PSZ_LV_VE42_Heizung.D83
1.6.470;Wärmedämmung, Bogen, Heizung, blechummantelt, DN 50;15,0;St;gaeb-flat;Vergabeunterlagen/Anlage LV und GEAB/20260709_PSZ_LV_VE42_Heizung.D83
1.6.480;Wärmedämmung, Bogen, Heizung, blechummantelt, DN 65;5,0;St;gaeb-flat;Vergabeunterlagen/Anlage LV und GEAB/20260709_PSZ_LV_VE42_Heizung.D83
1.6.490;Wärmedämmung, Bogen, Heizung, blechummantelt, DN 80;15,0;St;gaeb-flat;Vergabeunterlagen/Anlage LV und GEAB/20260709_PSZ_LV_VE42_Heizung.D83
1.6.500;Wärmedämmung, Bogen, Heizung, blechummantelt, DN 100;2,0;St;gaeb-flat;Vergabeunterlagen/Anlage LV und GEAB/20260709_PSZ_LV_VE42_Heizung.D83
1.6.510;Wärmedämmung, T-Stück, Heizung, blechummantelt, DN 15;2,0;St;gaeb-flat;Vergabeunterlagen/Anlage LV und GEAB/20260709_PSZ_LV_VE42_Heizung.D83
1.6.520;Wärmedämmung, T-Stück, Heizung, blechummantelt, DN 20;2,0;St;gaeb-flat;Vergabeunterlagen/Anlage LV und GEAB/20260709_PSZ_LV_VE42_Heizung.D83
1.6.530;Wärmedämmung, T-Stück, Heizung, blechummantelt, DN 25;4,0;St;gaeb-flat;Vergabeunterlagen/Anlage LV und GEAB/20260709_PSZ_LV_VE42_Heizung.D83
1.6.540;Wärmedämmung, T-Stück, Heizung, blechummantelt, DN 32;2,0;St;gaeb-flat;Vergabeunterlagen/Anlage LV und GEAB/20260709_PSZ_LV_VE42_Heizung.D83
1.6.550;Wärmedämmung, T-Stück, Heizung, blechummantelt, DN 40;2,0;St;gaeb-flat;Vergabeunterlagen/Anlage LV und GEAB/20260709_PSZ_LV_VE42_Heizung.D83
1.6.560;Wärmedämmung, T-Stück, Heizung, blechummantelt, DN 50;3,0;St;gaeb-flat;Vergabeunterlagen/Anlage LV und GEAB/20260709_PSZ_LV_VE42_Heizung.D83
1.6.570;Wärmedämmung, T-Stück, Heizung, blechummantelt, DN 65;2,0;St;gaeb-flat;Vergabeunterlagen/Anlage LV und GEAB/20260709_PSZ_LV_VE42_Heizung.D83
1.6.580;Wärmedämmung, T-Stück, Heizung, blechummantelt, DN 80;4,0;St;gaeb-flat;Vergabeunterlagen/Anlage LV und GEAB/20260709_PSZ_LV_VE42_Heizung.D83
1.6.590;Wärmedämmung, T-Stück, Heizung, blechummantelt, DN 100;2,0;St;gaeb-flat;Vergabeunterlagen/Anlage LV und GEAB/20260709_PSZ_LV_VE42_Heizung.D83
1.6.600;Wärmedämmung, Reduzierstück, Heizung, blechummantelt, DN 20;2,0;St;gaeb-flat;Vergabeunterlagen/Anlage LV und GEAB/20260709_PSZ_LV_VE42_Heizung.D83
1.6.610;Wärmedämmung, Reduzierstück, Heizung, blechummantelt, DN 25;4,0;St;gaeb-flat;Vergabeunterlagen/Anlage LV und GEAB/20260709_PSZ_LV_VE42_Heizung.D83
1.6.620;Wärmedämmung, Reduzierstück, Heizung, blechummantelt, DN 32;2,0;St;gaeb-flat;Vergabeunterlagen/Anlage LV und GEAB/20260709_PSZ_LV_VE42_Heizung.D83
1.6.630;Wärmedämmung, Reduzierstück, Heizung, blechummantelt, DN 40;2,0;St;gaeb-flat;Vergabeunterlagen/Anlage LV und GEAB/20260709_PSZ_LV_VE42_Heizung.D83
1.6.640;Wärmedämmung, Reduzierstück, Heizung, blechummantelt, DN 50;8,0;St;gaeb-flat;Vergabeunterlagen/Anlage LV und GEAB/20260709_PSZ_LV_VE42_Heizung.D83
1.6.650;Wärmedämmung, Reduzierstück, Heizung, blechummantelt, DN 65;2,0;St;gaeb-flat;Vergabeunterlagen/Anlage LV und GEAB/20260709_PSZ_LV_VE42_Heizung.D83
1.6.660;Wärmedämmung, Reduzierstück, Heizung, blechummantelt, DN 80;4,0;St;gaeb-flat;Vergabeunterlagen/Anlage LV und GEAB/20260709_PSZ_LV_VE42_Heizung.D83
1.6.670;Wärmedämmung, Reduzierstück, Heizung, blechummantelt, DN 100;2,0;St;gaeb-flat;Vergabeunterlagen/Anlage LV und GEAB/20260709_PSZ_LV_VE42_Heizung.D83
1.6.680;Wärmedämmung, Flansch, Heizung, blechummantelt, DN 15;4,0;St;gaeb-flat;Vergabeunterlagen/Anlage LV und GEAB/20260709_PSZ_LV_VE42_Heizung.D83
1.6.690;Wärmedämmung, Flansch, Heizung, blechummantelt, DN 20;4,0;St;gaeb-flat;Vergabeunterlagen/Anlage LV und GEAB/20260709_PSZ_LV_VE42_Heizung.D83
1.6.700;Wärmedämmung, Flansch, Heizung, blechummantelt, DN 25;8,0;St;gaeb-flat;Vergabeunterlagen/Anlage LV und GEAB/20260709_PSZ_LV_VE42_Heizung.D83
1.6.710;Wärmedämmung, Flansch, Heizung, blechummantelt, DN 32;4,0;St;gaeb-flat;Vergabeunterlagen/Anlage LV und GEAB/20260709_PSZ_LV_VE42_Heizung.D83
1.6.720;Wärmedämmung, Flansch, Heizung, blechummantelt, DN 40;4,0;St;gaeb-flat;Vergabeunterlagen/Anlage LV und GEAB/20260709_PSZ_LV_VE42_Heizung.D83
1.6.730;Wärmedämmung, Flansch, Heizung, blechummantelt, DN 50;12,0;St;gaeb-flat;Vergabeunterlagen/Anlage LV und GEAB/20260709_PSZ_LV_VE42_Heizung.D83
1.6.740;Wärmedämmung, Flansch, Heizung, blechummantelt, DN 65;4,0;St;gaeb-flat;Vergabeunterlagen/Anlage LV und GEAB/20260709_PSZ_LV_VE42_Heizung.D83
1.6.750;Wärmedämmung, Flansch, Heizung, blechummantelt, DN 80;4,0;St;gaeb-flat;Vergabeunterlagen/Anlage LV und GEAB/20260709_PSZ_LV_VE42_Heizung.D83
1.6.760;Wärmedämmung, Flansch, Heizung, blechummantelt, DN 100;4,0;St;gaeb-flat;Vergabeunterlagen/Anlage LV und GEAB/20260709_PSZ_LV_VE42_Heizung.D83
1.6.770;Wärmedämmung, Schellen, Heizung, blechummantelt, DN 15;30,0;St;gaeb-flat;Vergabeunterlagen/Anlage LV und GEAB/20260709_PSZ_LV_VE42_Heizung.D83
1.6.780;Wärmedämmung, Schellen, Heizung, blechummantelt, DN 20;10,0;St;gaeb-flat;Vergabeunterlagen/Anlage LV und GEAB/20260709_PSZ_LV_VE42_Heizung.D83
1.6.790;Wärmedämmung, Schellen, Heizung, blechummantelt, DN 25;10,0;St;gaeb-flat;Vergabeunterlagen/Anlage LV und GEAB/20260709_PSZ_LV_VE42_Heizung.D83
1.6.800;Wärmedämmung, Schellen, Heizung, blechummantelt, DN 32;5,0;St;gaeb-flat;Vergabeunterlagen/Anlage LV und GEAB/20260709_PSZ_LV_VE42_Heizung.D83
1.6.810;Wärmedämmung, Schellen, Heizung, blechummantelt, DN 40;4,0;St;gaeb-flat;Vergabeunterlagen/Anlage LV und GEAB/20260709_PSZ_LV_VE42_Heizung.D83
1.6.820;Wärmedämmung, Schellen, Heizung, blechummantelt, DN 50;30,0;St;gaeb-flat;Vergabeunterlagen/Anlage LV und GEAB/20260709_PSZ_LV_VE42_Heizung.D83
1.6.830;Wärmedämmung, Schellen, Heizung, blechummantelt, DN 65;10,0;St;gaeb-flat;Vergabeunterlagen/Anlage LV und GEAB/20260709_PSZ_LV_VE42_Heizung.D83
1.6.840;Wärmedämmung, Schellen, Heizung, blechummantelt, DN 80;20,0;St;gaeb-flat;Vergabeunterlagen/Anlage LV und GEAB/20260709_PSZ_LV_VE42_Heizung.D83
1.6.850;Wärmedämmung, Schellen, Heizung, blechummantelt, DN 100;2,0;St;gaeb-flat;Vergabeunterlagen/Anlage LV und GEAB/20260709_PSZ_LV_VE42_Heizung.D83
1.6.860;Wärmedämmung, Armaturen, DN 15;8,0;St;gaeb-flat;Vergabeunterlagen/Anlage LV und GEAB/20260709_PSZ_LV_VE42_Heizung.D83
1.6.870;Wärmedämmung, Armaturen, DN 20;12,0;St;gaeb-flat;Vergabeunterlagen/Anlage LV und GEAB/20260709_PSZ_LV_VE42_Heizung.D83
1.6.880;Wärmedämmung, Armaturen, DN 25;16,0;St;gaeb-flat;Vergabeunterlagen/Anlage LV und GEAB/20260709_PSZ_LV_VE42_Heizung.D83
1.6.890;Wärmedämmung, Armaturen, DN 32;8,0;St;gaeb-flat;Vergabeunterlagen/Anlage LV und GEAB/20260709_PSZ_LV_VE42_Heizung.D83
1.6.900;Wärmedämmung, Armaturen, DN 40;4,0;St;gaeb-flat;Vergabeunterlagen/Anlage LV und GEAB/20260709_PSZ_LV_VE42_Heizung.D83
1.6.910;Wärmedämmung, Armaturen, DN 50;4,0;St;gaeb-flat;Vergabeunterlagen/Anlage LV und GEAB/20260709_PSZ_LV_VE42_Heizung.D83
1.6.920;Wärmedämmung, Armaturen, Blech, DN 15;4,0;St;gaeb-flat;Vergabeunterlagen/Anlage LV und GEAB/20260709_PSZ_LV_VE42_Heizung.D83
1.6.930;Wärmedämmung, Armaturen, Blech, DN 20;4,0;St;gaeb-flat;Vergabeunterlagen/Anlage LV und GEAB/20260709_PSZ_LV_VE42_Heizung.D83
1.6.940;Wärmedämmung, Armaturen, Blech, DN 25;12,0;St;gaeb-flat;Vergabeunterlagen/Anlage LV und GEAB/20260709_PSZ_LV_VE42_Heizung.D83
1.6.950;Wärmedämmung, Armaturen, Blech, DN 32;6,0;St;gaeb-flat;Vergabeunterlagen/Anlage LV und GEAB/20260709_PSZ_LV_VE42_Heizung.D83
1.6.960;Wärmedämmung, Armaturen, Blech, DN 40;14,0;St;gaeb-flat;Vergabeunterlagen/Anlage LV und GEAB/20260709_PSZ_LV_VE42_Heizung.D83
1.6.970;Wärmedämmung, Armaturen, Blech, DN 50;20,0;St;gaeb-flat;Vergabeunterlagen/Anlage LV und GEAB/20260709_PSZ_LV_VE42_Heizung.D83
1.6.980;Wärmedämmung, Armaturen, Blech, DN 65;2,0;St;gaeb-flat;Vergabeunterlagen/Anlage LV und GEAB/20260709_PSZ_LV_VE42_Heizung.D83
1.6.990;Wärmedämmung, Armaturen, Blech, DN 80;4,0;St;gaeb-flat;Vergabeunterlagen/Anlage LV und GEAB/20260709_PSZ_LV_VE42_Heizung.D83
1.61000;Wärmedämmung, Armaturen, Blech, DN 100;2,0;St;gaeb-flat;Vergabeunterlagen/Anlage LV und GEAB/20260709_PSZ_LV_VE42_Heizung.D83
1.61010;Wärmedämmung, Lufttopf bis DN 50, alukaschiert, Blech;12,0;St;gaeb-flat;Vergabeunterlagen/Anlage LV und GEAB/20260709_PSZ_LV_VE42_Heizung.D83
1.61020;Wärmedämmung, Lufttopf DN 65, alukaschiert, Blech;2,0;St;gaeb-flat;Vergabeunterlagen/Anlage LV und GEAB/20260709_PSZ_LV_VE42_Heizung.D83
1.61030;Wärmedämmung, Lufttopf DN 80, alukaschiert, Blech;2,0;St;gaeb-flat;Vergabeunterlagen/Anlage LV und GEAB/20260709_PSZ_LV_VE42_Heizung.D83
1.61040;Schutzschlauch, Heizung, DN 15;20,0;m;gaeb-flat;Vergabeunterlagen/Anlage LV und GEAB/20260709_PSZ_LV_VE42_Heizung.D83
1.61050;Schutzschlauch, Heizung, DN 20;20,0;m;gaeb-flat;Vergabeunterlagen/Anlage LV und GEAB/20260709_PSZ_LV_VE42_Heizung.D83
1.7.10;Röhrenradiator BH 750 2-Säuler, Elemente;321,0;St;gaeb-flat;Vergabeunterlagen/Anlage LV und GEAB/20260709_PSZ_LV_VE42_Heizung.D83
1.7.20;Röhrenradiator BH 750 2-Säuler, BL kleiner 1000 mm;15,0;St;gaeb-flat;Vergabeunterlagen/Anlage LV und GEAB/20260709_PSZ_LV_VE42_Heizung.D83
1.7.30;Röhrenradiator BH 750 3-Säuler, Elemente;166,0;St;gaeb-flat;Vergabeunterlagen/Anlage LV und GEAB/20260709_PSZ_LV_VE42_Heizung.D83
1.7.40;Röhrenradiator BH 750 3-Säuler, BL kleiner 1000 mm;8,0;St;gaeb-flat;Vergabeunterlagen/Anlage LV und GEAB/20260709_PSZ_LV_VE42_Heizung.D83
1.7.50;Röhrenradiator BH 750 4-Säuler, Elemente;238,0;St;gaeb-flat;Vergabeunterlagen/Anlage LV und GEAB/20260709_PSZ_LV_VE42_Heizung.D83
1.7.60;Röhrenradiator BH 750 4-Säuler, BL kleiner 1000 mm;11,0;St;gaeb-flat;Vergabeunterlagen/Anlage LV und GEAB/20260709_PSZ_LV_VE42_Heizung.D83
1.7.70;Röhrenradiator BH 750 5-Säuler, Elemente;44,0;St;gaeb-flat;Vergabeunterlagen/Anlage LV und GEAB/20260709_PSZ_LV_VE42_Heizung.D83
1.7.80;Röhrenradiator BH 750 5-Säuler, BL kleiner 1000 mm;1,0;St;gaeb-flat;Vergabeunterlagen/Anlage LV und GEAB/20260709_PSZ_LV_VE42_Heizung.D83
1.7.90;Röhrenradiator BH 750 5-Säuler, BL kleiner 1500 mm;1,0;St;gaeb-flat;Vergabeunterlagen/Anlage LV und GEAB/20260709_PSZ_LV_VE42_Heizung.D83
1.7.100;Röhrenradiator BH 750 6-Säuler, Elemente;31,0;St;gaeb-flat;Vergabeunterlagen/Anlage LV und GEAB/20260709_PSZ_LV_VE42_Heizung.D83
1.7.110;Röhrenradiator BH 750 6-Säuler, BL kleiner 1000 mm;2,0;St;gaeb-flat;Vergabeunterlagen/Anlage LV und GEAB/20260709_PSZ_LV_VE42_Heizung.D83
1.7.120;Röhrenradiator BH 900 2-Säuler, Elemente;2287,0;St;gaeb-flat;Vergabeunterlagen/Anlage LV und GEAB/20260709_PSZ_LV_VE42_Heizung.D83
1.7.130;Röhrenradiator BH 900 2-Säuler, BL kleiner 1000 mm;101,0;St;gaeb-flat;Vergabeunterlagen/Anlage LV und GEAB/20260709_PSZ_LV_VE42_Heizung.D83
1.7.140;Röhrenradiator BH 900 2-Säuler, BL kleiner 1500 mm;8,0;St;gaeb-flat;Vergabeunterlagen/Anlage LV und GEAB/20260709_PSZ_LV_VE42_Heizung.D83
1.7.150;Röhrenradiator BH 900 3-Säuler, Elemente;984,0;St;gaeb-flat;Vergabeunterlagen/Anlage LV und GEAB/20260709_PSZ_LV_VE42_Heizung.D83
1.7.160;Röhrenradiator BH 900 3-Säuler, BL kleiner 1000 mm;37,0;St;gaeb-flat;Vergabeunterlagen/Anlage LV und GEAB/20260709_PSZ_LV_VE42_Heizung.D83
1.7.170;Röhrenradiator BH 900 3-Säuler, BL kleiner 1500 mm;2,0;St;gaeb-flat;Vergabeunterlagen/Anlage LV und GEAB/20260709_PSZ_LV_VE42_Heizung.D83
1.7.180;Röhrenradiator BH 900 3-Säuler, BL kleiner 2000 mm;4,0;St;gaeb-flat;Vergabeunterlagen/Anlage LV und GEAB/20260709_PSZ_LV_VE42_Heizung.D83
1.7.190;Röhrenradiator BH 900 4-Säuler, Elemente;189,0;St;gaeb-flat;Vergabeunterlagen/Anlage LV und GEAB/20260709_PSZ_LV_VE42_Heizung.D83
1.7.200;Röhrenradiator BH 900 4-Säuler, BL kleiner 1000 mm;9,0;St;gaeb-flat;Vergabeunterlagen/Anlage LV und GEAB/20260709_PSZ_LV_VE42_Heizung.D83
1.7.210;Röhrenradiator BH 900 4-Säuler, BL kleiner 2000 mm;1,0;St;gaeb-flat;Vergabeunterlagen/Anlage LV und GEAB/20260709_PSZ_LV_VE42_Heizung.D83
1.7.220;Röhrenradiator BH 900 6-Säuler, Elemente;247,0;St;gaeb-flat;Vergabeunterlagen/Anlage LV und GEAB/20260709_PSZ_LV_VE42_Heizung.D83
1.7.230;Röhrenradiator BH 900 6-Säuler, BL kleiner 1000 mm;4,0;St;gaeb-flat;Vergabeunterlagen/Anlage LV und GEAB/20260709_PSZ_LV_VE42_Heizung.D83
1.7.240;Röhrenradiator BH 900 6-Säuler, BL kleiner 1500 mm;5,0;St;gaeb-flat;Vergabeunterlagen/Anlage LV und GEAB/20260709_PSZ_LV_VE42_Heizung.D83
1.7.250;Röhrenradiator BH 900 6-Säuler, BL kleiner 2000 mm;2,0;St;gaeb-flat;Vergabeunterlagen/Anlage LV und GEAB/20260709_PSZ_LV_VE42_Heizung.D83
1.7.260;Röhrenradiator BH 1200 2-Säuler, Elemente;42,0;St;gaeb-flat;Vergabeunterlagen/Anlage LV und GEAB/20260709_PSZ_LV_VE42_Heizung.D83
1.7.270;Röhrenradiator BH 1200 2-Säuler, BL kleiner 1000 mm;3,0;St;gaeb-flat;Vergabeunterlagen/Anlage LV und GEAB/20260709_PSZ_LV_VE42_Heizung.D83
1.7.280;Röhrenradiator BH 1800 2-Säuler, Elemente;48,0;St;gaeb-flat;Vergabeunterlagen/Anlage LV und GEAB/20260709_PSZ_LV_VE42_Heizung.D83
1.7.290;Röhrenradiator BH 1800 2-Säuler, BL kleiner 1000 mm;4,0;St;gaeb-flat;Vergabeunterlagen/Anlage LV und GEAB/20260709_PSZ_LV_VE42_Heizung.D83
1.7.300;Röhrenradiator BH 1800 3-Säuler, Elemente;83,0;St;gaeb-flat;Vergabeunterlagen/Anlage LV und GEAB/20260709_PSZ_LV_VE42_Heizung.D83
1.7.310;Röhrenradiator BH 1800 3-Säuler, BL kleiner 1000 mm;4,0;St;gaeb-flat;Vergabeunterlagen/Anlage LV und GEAB/20260709_PSZ_LV_VE42_Heizung.D83
1.7.320;Röhrenradiator BH 1800 4-Säuler, Elemente;53,0;St;gaeb-flat;Vergabeunterlagen/Anlage LV und GEAB/20260709_PSZ_LV_VE42_Heizung.D83
1.7.330;Röhrenradiator BH 1800 4-Säuler, BL kleiner 1000 mm;2,0;St;gaeb-flat;Vergabeunterlagen/Anlage LV und GEAB/20260709_PSZ_LV_VE42_Heizung.D83
1.7.340;Röhrenradiator BH 1800 4-Säuler, BL kleiner 1500 mm;1,0;St;gaeb-flat;Vergabeunterlagen/Anlage LV und GEAB/20260709_PSZ_LV_VE42_Heizung.D83
1.7.350;Röhrenradiator BH 2000 2-Säuler, Elemente;40,0;St;gaeb-flat;Vergabeunterlagen/Anlage LV und GEAB/20260709_PSZ_LV_VE42_Heizung.D83
1.7.360;Röhrenradiator BH 2000 2-Säuler, BL kleiner 1000 mm;3,0;St;gaeb-flat;Vergabeunterlagen/Anlage LV und GEAB/20260709_PSZ_LV_VE42_Heizung.D83
1.7.370;Röhrenradiator BH 2000 3-Säuler, Elemente;31,0;St;gaeb-flat;Vergabeunterlagen/Anlage LV und GEAB/20260709_PSZ_LV_VE42_Heizung.D83
1.7.380;Röhrenradiator BH 2000 3-Säuler, BL kleiner 1500 mm;1,0;St;gaeb-flat;Vergabeunterlagen/Anlage LV und GEAB/20260709_PSZ_LV_VE42_Heizung.D83
1.7.390;Röhrenradiator BH 2000 4-Säuler, Elemente;48,0;St;gaeb-flat;Vergabeunterlagen/Anlage LV und GEAB/20260709_PSZ_LV_VE42_Heizung.D83
1.7.400;Röhrenradiator BH 2000 4-Säuler, BL kleiner 1000 mm;3,0;St;gaeb-flat;Vergabeunterlagen/Anlage LV und GEAB/20260709_PSZ_LV_VE42_Heizung.D83
1.7.410;Röhrenradiator BH 2000 6-Säuler, Elemente;22,0;St;gaeb-flat;Vergabeunterlagen/Anlage LV und GEAB/20260709_PSZ_LV_VE42_Heizung.D83
1.7.420;Röhrenradiator BH 2000 6-Säuler, BL kleiner 1000 mm;1,0;St;gaeb-flat;Vergabeunterlagen/Anlage LV und GEAB/20260709_PSZ_LV_VE42_Heizung.D83
1.7.430;Hygiene-Röhrenradiator BH 750 2-Säuler, Elemente;64,0;St;gaeb-flat;Vergabeunterlagen/Anlage LV und GEAB/20260709_PSZ_LV_VE42_Heizung.D83
1.7.440;Hygiene-Röhrenradiator BH 750 2-Säuler, BL kleiner 1500 mm;4,0;St;gaeb-flat;Vergabeunterlagen/Anlage LV und GEAB/20260709_PSZ_LV_VE42_Heizung.D83
1.7.450;Hygiene-Röhrenradiator BH 900 2-Säuler, Elemente;15,0;St;gaeb-flat;Vergabeunterlagen/Anlage LV und GEAB/20260709_PSZ_LV_VE42_Heizung.D83
1.7.460;Hygiene-Röhrenradiator BH 900 2-Säuler, BL kleiner 1000 mm;1,0;St;gaeb-flat;Vergabeunterlagen/Anlage LV und GEAB/20260709_PSZ_LV_VE42_Heizung.D83
1.7.470;Hygiene-Röhrenradiator BH 900 4-Säuler, Elemente;50,0;St;gaeb-flat;Vergabeunterlagen/Anlage LV und GEAB/20260709_PSZ_LV_VE42_Heizung.D83
1.7.480;Hygiene-Röhrenradiator BH 900 4-Säuler, BL kleiner 1000 mm;5,0;St;gaeb-flat;Vergabeunterlagen/Anlage LV und GEAB/20260709_PSZ_LV_VE42_Heizung.D83
1.7.490;Hygiene-Röhrenradiator BH 2000 3-Säuler, Elemente;14,0;St;gaeb-flat;Vergabeunterlagen/Anlage LV und GEAB/20260709_PSZ_LV_VE42_Heizung.D83
1.7.500;Hygiene-Röhrenradiator BH 2000 3-Säuler, BL kleiner 1000 mm;1,0;St;gaeb-flat;Vergabeunterlagen/Anlage LV und GEAB/20260709_PSZ_LV_VE42_Heizung.D83
1.7.510;Hygiene-Röhrenradiator, verzinkt, BH 900 3-Säuler, Elemente;25,0;St;gaeb-flat;Vergabeunterlagen/Anlage LV und GEAB/20260709_PSZ_LV_VE42_Heizung.D83
1.7.520;Hygiene-Röhrenradiator, verzinkt, BH 900 3-Säuler, BL kleiner 2000 mm;1,0;St;gaeb-flat;Vergabeunterlagen/Anlage LV und GEAB/20260709_PSZ_LV_VE42_Heizung.D83
1.7.530;Hygiene-Röhrenradiator, verzinkt, BH 1500 3-Säuler, Elemente;6,0;St;gaeb-flat;Vergabeunterlagen/Anlage LV und GEAB/20260709_PSZ_LV_VE42_Heizung.D83
1.7.540;Hygiene-Röhrenradiator, verzinkt, BH 1500 3-Säuler, BL kleiner 1000 mm;1,0;St;gaeb-flat;Vergabeunterlagen/Anlage LV und GEAB/20260709_PSZ_LV_VE42_Heizung.D83
1.7.550;Mehraufwand für Heizkörper mit Leergewicht größer 100 kg;10,0;St;gaeb-flat;Vergabeunterlagen/Anlage LV und GEAB/20260709_PSZ_LV_VE42_Heizung.D83
1.7.560;Röhrenradiatoren aus- und einbauen;247,0;St;gaeb-flat;Vergabeunterlagen/Anlage LV und GEAB/20260709_PSZ_LV_VE42_Heizung.D83
1.7.570;Standkonsole mit Wandbefestigung;90,0;St;gaeb-flat;Vergabeunterlagen/Anlage LV und GEAB/20260709_PSZ_LV_VE42_Heizung.D83
1.7.580;Heizkörperrücklaufverschraubung, DN 15;247,0;St;gaeb-flat;Vergabeunterlagen/Anlage LV und GEAB/20260709_PSZ_LV_VE42_Heizung.D83
1.7.590;Ventilgehäuse, DN 15;247,0;St;gaeb-flat;Vergabeunterlagen/Anlage LV und GEAB/20260709_PSZ_LV_VE42_Heizung.D83
1.7.600;Thermostatkopf blockierbar 7 - 28 °C;247,0;St;gaeb-flat;Vergabeunterlagen/Anlage LV und GEAB/20260709_PSZ_LV_VE42_Heizung.D83
1.7.610;Spezialwerkzeug;2,0;St;gaeb-flat;Vergabeunterlagen/Anlage LV und GEAB/20260709_PSZ_LV_VE42_Heizung.D83
1.7.620;Einzelrosette;450,0;St;gaeb-flat;Vergabeunterlagen/Anlage LV und GEAB/20260709_PSZ_LV_VE42_Heizung.D83
1.7.630;Doppelrosette;50,0;St;gaeb-flat;Vergabeunterlagen/Anlage LV und GEAB/20260709_PSZ_LV_VE42_Heizung.D83
1.7.640;Elektrischer Heizkörper;1,0;St;gaeb-flat;Vergabeunterlagen/Anlage LV und GEAB/20260709_PSZ_LV_VE42_Heizung.D83
1.8.10;Verlegeplatte;215,0;m2;gaeb-flat;Vergabeunterlagen/Anlage LV und GEAB/20260709_PSZ_LV_VE42_Heizung.D83
1.8.20;Wärmeleitlamelle;1200,0;St;gaeb-flat;Vergabeunterlagen/Anlage LV und GEAB/20260709_PSZ_LV_VE42_Heizung.D83
1.8.30;Systemrohr 14 x 2mm;1700,0;m;gaeb-flat;Vergabeunterlagen/Anlage LV und GEAB/20260709_PSZ_LV_VE42_Heizung.D83
1.8.40;Presskupplung 14x2-14x2mm;10,0;St;gaeb-flat;Vergabeunterlagen/Anlage LV und GEAB/20260709_PSZ_LV_VE42_Heizung.D83
1.8.50;PE Folie;215,0;m2;gaeb-flat;Vergabeunterlagen/Anlage LV und GEAB/20260709_PSZ_LV_VE42_Heizung.D83
1.8.60;Randdämmstreifen;70,0;m;gaeb-flat;Vergabeunterlagen/Anlage LV und GEAB/20260709_PSZ_LV_VE42_Heizung.D83
1.8.70;Pumpengruppe;1,0;St;gaeb-flat;Vergabeunterlagen/Anlage LV und GEAB/20260709_PSZ_LV_VE42_Heizung.D83
1.8.80;Leitungsverlegung Außentemperaturfühler;1,0;St;gaeb-flat;Vergabeunterlagen/Anlage LV und GEAB/20260709_PSZ_LV_VE42_Heizung.D83
1.8.90;Verteiler Flächenheizung 14-Kreise;1,0;St;gaeb-flat;Vergabeunterlagen/Anlage LV und GEAB/20260709_PSZ_LV_VE42_Heizung.D83
1.8.100;Verteilerschrank;1,0;St;gaeb-flat;Vergabeunterlagen/Anlage LV und GEAB/20260709_PSZ_LV_VE42_Heizung.D83
1.8.110;Klemmringverschraubung 14x2 - G3/4;28,0;St;gaeb-flat;Vergabeunterlagen/Anlage LV und GEAB/20260709_PSZ_LV_VE42_Heizung.D83
1.8.120;Befüllen / Entlüften Flächenheizung;1400,0;m;gaeb-flat;Vergabeunterlagen/Anlage LV und GEAB/20260709_PSZ_LV_VE42_Heizung.D83
1.8.130;Dichtheitsprüfung, Flächenheizung;1400,0;m;gaeb-flat;Vergabeunterlagen/Anlage LV und GEAB/20260709_PSZ_LV_VE42_Heizung.D83
1.8.140;Spülen Heizungsleitungen Flächenheizung;1,0;St;gaeb-flat;Vergabeunterlagen/Anlage LV und GEAB/20260709_PSZ_LV_VE42_Heizung.D83
1.9.10;Kernbohrung Stahlbeton, D bis 100 mm, T über 20 bis 35 cm;4,0;St;gaeb-flat;Vergabeunterlagen/Anlage LV und GEAB/20260709_PSZ_LV_VE42_Heizung.D83
1.9.20;Kernbohrung Stahlbeton, D über 100 bis 300 mm, T über 20 bis 35 cm;24,0;St;gaeb-flat;Vergabeunterlagen/Anlage LV und GEAB/20260709_PSZ_LV_VE42_Heizung.D83
1.9.30;Kernbohrung Mauerwerk, D bis 100 mm, T über 20 bis 35 cm;140,0;St;gaeb-flat;Vergabeunterlagen/Anlage LV und GEAB/20260709_PSZ_LV_VE42_Heizung.D83
1.9.40;Kernbohrung Mauerwerk, D bis 100 mm, T über 35 bis 70 cm;20,0;St;gaeb-flat;Vergabeunterlagen/Anlage LV und GEAB/20260709_PSZ_LV_VE42_Heizung.D83
1.9.50;Kernbohrung Mauerwerk, D über 100 bis 300 mm, T über 20 bis 35 cm;10,0;St;gaeb-flat;Vergabeunterlagen/Anlage LV und GEAB/20260709_PSZ_LV_VE42_Heizung.D83
1.9.60;Kernbohrung Mauerwerk, D über 100 bis 300 mm, T über 35 bis 70 cm;10,0;St;gaeb-flat;Vergabeunterlagen/Anlage LV und GEAB/20260709_PSZ_LV_VE42_Heizung.D83
1.9.70;Wanddurchbruch 200/200 mm;10,0;St;gaeb-flat;Vergabeunterlagen/Anlage LV und GEAB/20260709_PSZ_LV_VE42_Heizung.D83
1.9.80;Wanddurchbruch 500/200 mm;20,0;St;gaeb-flat;Vergabeunterlagen/Anlage LV und GEAB/20260709_PSZ_LV_VE42_Heizung.D83
1.9.90;Wandschlitz in Mauerwerk 125 x 125 mm;10,0;m;gaeb-flat;Vergabeunterlagen/Anlage LV und GEAB/20260709_PSZ_LV_VE42_Heizung.D83
1.9.100;Wandschlitz in Mauerwerk 400 x 150 mm;10,0;m;gaeb-flat;Vergabeunterlagen/Anlage LV und GEAB/20260709_PSZ_LV_VE42_Heizung.D83
1.9.110;Beantragung von Kernbohrungen und Durchbrüchen;100,0;St;gaeb-flat;Vergabeunterlagen/Anlage LV und GEAB/20260709_PSZ_LV_VE42_Heizung.D83
1.9.120;Anzeichnen von Kernbohrungen und Durchbrüchen;100,0;St;gaeb-flat;Vergabeunterlagen/Anlage LV und GEAB/20260709_PSZ_LV_VE42_Heizung.D83
1.9.130;Herstellen einer Vorbohrung bis 20 mm;10,0;St;gaeb-flat;Vergabeunterlagen/Anlage LV und GEAB/20260709_PSZ_LV_VE42_Heizung.D83
1.9.140;Verschließen von Durchbrüchen bis 0,1 m²;20,0;St;gaeb-flat;Vergabeunterlagen/Anlage LV und GEAB/20260709_PSZ_LV_VE42_Heizung.D83
1.9.150;Verschließen von Durchbrüchen 0,1 bis 0,25  m²;10,0;St;gaeb-flat;Vergabeunterlagen/Anlage LV und GEAB/20260709_PSZ_LV_VE42_Heizung.D83
1.9.160;Schichtholzplatte für Trockenbau;30,0;St;gaeb-flat;Vergabeunterlagen/Anlage LV und GEAB/20260709_PSZ_LV_VE42_Heizung.D83
1.9.170;Fahrbare Gerüste aufbauen, abbauen, vorhalten;2,0;St;gaeb-flat;Vergabeunterlagen/Anlage LV und GEAB/20260709_PSZ_LV_VE42_Heizung.D83
1.9.180;Fahrbare Gerüste vorhalten;4,0;StWo;gaeb-flat;Vergabeunterlagen/Anlage LV und GEAB/20260709_PSZ_LV_VE42_Heizung.D83
1.9.190;Schutz Fußböden;50,0;m²;gaeb-flat;Vergabeunterlagen/Anlage LV und GEAB/20260709_PSZ_LV_VE42_Heizung.D83
110.10;Profilstahlkonstruktion, Montagehöhe bis 3,5 m;500,0;kg;gaeb-flat;Vergabeunterlagen/Anlage LV und GEAB/20260709_PSZ_LV_VE42_Heizung.D83
110.20;Profilstahlkonstruktion, Montagehöhe über 3,5 m bis 6 m;1000,0;kg;gaeb-flat;Vergabeunterlagen/Anlage LV und GEAB/20260709_PSZ_LV_VE42_Heizung.D83
111.10;Erstellen einer Schilderliste;1,0;St;gaeb-flat;Vergabeunterlagen/Anlage LV und GEAB/20260709_PSZ_LV_VE42_Heizung.D83
111.20;Bezeichnungsschild für Anlagen und Komponenten;80,0;St;gaeb-flat;Vergabeunterlagen/Anlage LV und GEAB/20260709_PSZ_LV_VE42_Heizung.D83
111.30;Medienkennzeichnungsband;400,0;St;gaeb-flat;Vergabeunterlagen/Anlage LV und GEAB/20260709_PSZ_LV_VE42_Heizung.D83
111.40;Anlagenschema;1,0;St;gaeb-flat;Vergabeunterlagen/Anlage LV und GEAB/20260709_PSZ_LV_VE42_Heizung.D83
112.10;Befüllen / Entlüften der Heizungsanlage mit Wasser;3800,0;m;gaeb-flat;Vergabeunterlagen/Anlage LV und GEAB/20260709_PSZ_LV_VE42_Heizung.D83
112.20;Dichtheitsprüfung, Heizungsleitungen;3800,0;m;gaeb-flat;Vergabeunterlagen/Anlage LV und GEAB/20260709_PSZ_LV_VE42_Heizung.D83
112.30;Spülen Heizungsleitungen;20,0;St;gaeb-flat;Vergabeunterlagen/Anlage LV und GEAB/20260709_PSZ_LV_VE42_Heizung.D83
112.40;Reinigung der Schmutzfänger;7,0;St;gaeb-flat;Vergabeunterlagen/Anlage LV und GEAB/20260709_PSZ_LV_VE42_Heizung.D83
112.50;Funktionsprüfung Wärmeversorgungsanlagen;1,0;St;gaeb-flat;Vergabeunterlagen/Anlage LV und GEAB/20260709_PSZ_LV_VE42_Heizung.D83
112.60;Probebetrieb Wärmeversorgungsanlagen;1,0;St;gaeb-flat;Vergabeunterlagen/Anlage LV und GEAB/20260709_PSZ_LV_VE42_Heizung.D83
112.70;Wiederholte Einweisung;1,0;St;gaeb-flat;Vergabeunterlagen/Anlage LV und GEAB/20260709_PSZ_LV_VE42_Heizung.D83
113.10;Montage- und Werkstattplanung;1,0;St;gaeb-flat;Vergabeunterlagen/Anlage LV und GEAB/20260709_PSZ_LV_VE42_Heizung.D83
113.20;Brandschutzdokumentation;1,0;St;gaeb-flat;Vergabeunterlagen/Anlage LV und GEAB/20260709_PSZ_LV_VE42_Heizung.D83
113.30;Bestandsdokumentation;1,0;St;gaeb-flat;Vergabeunterlagen/Anlage LV und GEAB/20260709_PSZ_LV_VE42_Heizung.D83
114.10;Obermonteur;20,0;h;gaeb-flat;Vergabeunterlagen/Anlage LV und GEAB/20260709_PSZ_LV_VE42_Heizung.D83
114.20;Monteur;20,0;h;gaeb-flat;Vergabeunterlagen/Anlage LV und GEAB/20260709_PSZ_LV_VE42_Heizung.D83
114.30;Helfer;20,0;h;gaeb-flat;Vergabeunterlagen/Anlage LV und GEAB/20260709_PSZ_LV_VE42_Heizung.D83
115.10;Wartungs- / Inspektionskosten Wärmeversorgungsanlagen;4,0;St;gaeb-flat;Vergabeunterlagen/Anlage LV und GEAB/20260709_PSZ_LV_VE42_Heizung.D83
10;Brennwert-Kessel 300 kW;1,0;St;gaeb;Vergabeunterlagen/Anlage LV und GEAB/20260709_PSZ_LV_VE42_Heizung.X83
20;Funktionsmodul zur Einbindung zweier Heizkreis-Funktionen in das Regelsystem des zuvor genannten Kessels.;2,0;St;gaeb;Vergabeunterlagen/Anlage LV und GEAB/20260709_PSZ_LV_VE42_Heizung.X83
30;Vorlauftemperaturfühler, zusätzlich zum Fühler in Position Funktionsmodul, Durchmesser 9,7 mm (NTC10K, Kabellänge 3 m) für das Regelsystem des Heizkessels.;2,0;St;gaeb;Vergabeunterlagen/Anlage LV und GEAB/20260709_PSZ_LV_VE42_Heizung.X83
40;Anlegethermostat als Temperaturwächter mit Anschlusskabel für Fussbodenheizungen, Anlegethermostat BHG-Ausführung, Einstellbereich 30-90 °C, Verwendung bei FBH direkt am Wärmeerzeuger sowie Kombination mit Regelsystem des vorgenannten Kessels.;1,0;St;gaeb;Vergabeunterlagen/Anlage LV und GEAB/20260709_PSZ_LV_VE42_Heizung.X83
50;Pumpen-Stecker zur potentialfreien Anforderung von Heizungsumwälzpumpen.;5,0;St;gaeb;Vergabeunterlagen/Anlage LV und GEAB/20260709_PSZ_LV_VE42_Heizung.X83
60;Hutschienenmodul zur Erweiterung der Montage von Regelgeräten auf Hutschiene innerhalb des Regelgerätes des Kessels. Max 10 Teilungseinheiten a 18 mm, max. Bauhöhe 60 mm.;1,0;St;gaeb;Vergabeunterlagen/Anlage LV und GEAB/20260709_PSZ_LV_VE42_Heizung.X83
70;VPN Router als IP-Gateway zur Nutzung des Onlineportals des Herstellers in Verbindung mit dem Regelgerät des Kessels.;1,0;St;gaeb;Vergabeunterlagen/Anlage LV und GEAB/20260709_PSZ_LV_VE42_Heizung.X83
80;Elektrische Verkabelung aller heizungsseitigen Komponenten der Wärmeerzeugung und Wärmeverteilung innerhalb der Heizungszentrale, einschließlich Verlegesystemen wie Kabelbahn, Kabelkanal oder im Kabelrohr, Verdrahtung und Anklemmen aller Komponenten, Kabel sind ausreichend zu dimensionieren, Spannun;1,0;St;gaeb;Vergabeunterlagen/Anlage LV und GEAB/20260709_PSZ_LV_VE42_Heizung.X83
90;Außentemperatur-Messwertgeber, passend zur Regelung des vorgenannten Wärmeerzeugers, Einsatzbereich -30 bis +60°C, mit Sonnenschutzeinrichtung, für Wandmontage, Gehäuse Schutzart IP65 DIN EN 60529 (VDE 0470-1), inklusive Verlegung im Kunststoff-Panzerrohr, einschl. Rohrbefestigung und Einziehen des ;1,0;St;gaeb;Vergabeunterlagen/Anlage LV und GEAB/20260709_PSZ_LV_VE42_Heizung.X83
100;Inbetriebnahme Kessel durch Techniker des Herstellers.;1,0;St;gaeb;Vergabeunterlagen/Anlage LV und GEAB/20260709_PSZ_LV_VE42_Heizung.X83
110;Neutralisationsbox mit Kondensatpumpe zur Neutralisation des Kondensats aus Gas-Wärmeerzeuger und Abgasleitung bis zu 500 kW Leistung. Die Neutralisation ist nach  nach DVGW VP114 zertifiziert zur Einhaltung der Kondensatbehandlung gemäss ATV-A 251.;1,0;St;gaeb;Vergabeunterlagen/Anlage LV und GEAB/20260709_PSZ_LV_VE42_Heizung.X83
120;Verrohrung Kondensat, bestehend aus Herstellen der Anbindung an den Anschlussstellen Kessel, DN 20 sowie Ein- und Austritt Neutralisation DN20 /  DN 9, Verbindungsleitungen aus glasklarem PVC-Schlauch oder metallischen Rohrleitungen, Rohrbefestigungen und Verlegung im Gefälle, gesicherter freier Aus;1,0;St;gaeb;Vergabeunterlagen/Anlage LV und GEAB/20260709_PSZ_LV_VE42_Heizung.X83
130;Grundbausatz Schacht, DN 200, bestehend aus:;1,0;St;gaeb;Vergabeunterlagen/Anlage LV und GEAB/20260709_PSZ_LV_VE42_Heizung.X83
140;Abgasrohr DN 200, Durchgangsform, mit Prüföffnung;1,0;St;gaeb;Vergabeunterlagen/Anlage LV und GEAB/20260709_PSZ_LV_VE42_Heizung.X83
150;Abgasrohr DN 200, mit Muffe und Dichtung;12,0;St;gaeb;Vergabeunterlagen/Anlage LV und GEAB/20260709_PSZ_LV_VE42_Heizung.X83
160;jedoch Effektivlänge 1000 mm;5,0;St;gaeb;Vergabeunterlagen/Anlage LV und GEAB/20260709_PSZ_LV_VE42_Heizung.X83
170;jedoch Effektivlänge 500 mm;2,0;St;gaeb;Vergabeunterlagen/Anlage LV und GEAB/20260709_PSZ_LV_VE42_Heizung.X83
180;Flexibler Abstandhalter DN 200, zur Monatge Abgasleitung in bauseitigem Schacht / Kamin.;8,0;St;gaeb;Vergabeunterlagen/Anlage LV und GEAB/20260709_PSZ_LV_VE42_Heizung.X83
190;Abgasbogen DN 200, 87 Grad, mit Muffe und Dichtung;1,0;St;gaeb;Vergabeunterlagen/Anlage LV und GEAB/20260709_PSZ_LV_VE42_Heizung.X83
200;jedoch zusätzlich mit Prüföffnung;1,0;St;gaeb;Vergabeunterlagen/Anlage LV und GEAB/20260709_PSZ_LV_VE42_Heizung.X83
210;Rohrschelle als Montagehilfe DN200;1,0;St;gaeb;Vergabeunterlagen/Anlage LV und GEAB/20260709_PSZ_LV_VE42_Heizung.X83
220;Zuluftgitter 240 x 240 mm;1,0;St;gaeb;Vergabeunterlagen/Anlage LV und GEAB/20260709_PSZ_LV_VE42_Heizung.X83
230;Gasfeuerungsanlage und Schornsteinanlage beim zuständigen Bezirksschornsteinfegermeister anmelden, notwendige Abstimmungen führen, Ausfüllen und Übergabe der Kennziffernblätter, Veranlassung der Abnahme, einschließlich Abnahmeprotokoll.;1,0;St;gaeb;Vergabeunterlagen/Anlage LV und GEAB/20260709_PSZ_LV_VE42_Heizung.X83
240;Wärmetechnische Berechnung der gesamten Schornsteinanlage, einschl. Querschnittsnachweis entsprechend des angebotenen Fabrikates für Kessel Berechnung der Abgasquerschnitte nach DIN 4705 Teil 1;1,0;St;gaeb;Vergabeunterlagen/Anlage LV und GEAB/20260709_PSZ_LV_VE42_Heizung.X83
250;CO Melder mit akustischem (85 dB(A)) und optischen Signal ab 50 ppm Kohlenmonoxid (CO).;1,0;St;gaeb;Vergabeunterlagen/Anlage LV und GEAB/20260709_PSZ_LV_VE42_Heizung.X83
260;Schaltkontakt CO Melder zur Kombination mit vorgenanntem CO Melder;1,0;St;gaeb;Vergabeunterlagen/Anlage LV und GEAB/20260709_PSZ_LV_VE42_Heizung.X83
10;Rohrleitung für Gasanlagen nach DVGW-TRGI 2018 aus hochlegiertem austenitischem nichtrostendem Cr-Ni-Mo-Stahl gemäß DVGW Arbeitsblatt GW541, Werkstoff-nr. 1.4401, nach DIN EN 10088, Molybdänanteil mindestens 2,2%.;2,0;m;gaeb;Vergabeunterlagen/Anlage LV und GEAB/20260709_PSZ_LV_VE42_Heizung.X83
20;jedoch Dimension:;2,0;m;gaeb;Vergabeunterlagen/Anlage LV und GEAB/20260709_PSZ_LV_VE42_Heizung.X83
30;jedoch Dimension:;20,0;m;gaeb;Vergabeunterlagen/Anlage LV und GEAB/20260709_PSZ_LV_VE42_Heizung.X83
40;Bogen, aus Edelstahl, alle Winkelgrade;4,0;St;gaeb;Vergabeunterlagen/Anlage LV und GEAB/20260709_PSZ_LV_VE42_Heizung.X83
50;jedoch Dimension:;2,0;St;gaeb;Vergabeunterlagen/Anlage LV und GEAB/20260709_PSZ_LV_VE42_Heizung.X83
60;jedoch Dimension:;12,0;St;gaeb;Vergabeunterlagen/Anlage LV und GEAB/20260709_PSZ_LV_VE42_Heizung.X83
70;T-Stück, aus Edelstahl,;1,0;St;gaeb;Vergabeunterlagen/Anlage LV und GEAB/20260709_PSZ_LV_VE42_Heizung.X83
80;Reduziertück, aus Edelstahl,;2,0;St;gaeb;Vergabeunterlagen/Anlage LV und GEAB/20260709_PSZ_LV_VE42_Heizung.X83
90;jedoch Dimension:;4,0;St;gaeb;Vergabeunterlagen/Anlage LV und GEAB/20260709_PSZ_LV_VE42_Heizung.X83
100;Muffe, aus Edelstahl,;4,0;St;gaeb;Vergabeunterlagen/Anlage LV und GEAB/20260709_PSZ_LV_VE42_Heizung.X83
110;jedoch Dimension:;4,0;St;gaeb;Vergabeunterlagen/Anlage LV und GEAB/20260709_PSZ_LV_VE42_Heizung.X83
120;jedoch Dimension:;20,0;St;gaeb;Vergabeunterlagen/Anlage LV und GEAB/20260709_PSZ_LV_VE42_Heizung.X83
130;Übergangsstück mit Innen- oder Aussengewinde;2,0;St;gaeb;Vergabeunterlagen/Anlage LV und GEAB/20260709_PSZ_LV_VE42_Heizung.X83
140;jedoch Dimension:;2,0;St;gaeb;Vergabeunterlagen/Anlage LV und GEAB/20260709_PSZ_LV_VE42_Heizung.X83
150;jedoch Dimension:;2,0;St;gaeb;Vergabeunterlagen/Anlage LV und GEAB/20260709_PSZ_LV_VE42_Heizung.X83
160;Flansch mit Pressverbinder, PN 16;6,0;St;gaeb;Vergabeunterlagen/Anlage LV und GEAB/20260709_PSZ_LV_VE42_Heizung.X83
170;Gas-Kugelhahn mit TAE, DN 50, DVGW-geprüft MOP 5, aus Sphäroguss (GGG40) mit integrierter TAS (Thermischer Armaturen Sicherung), Baulänge nach DIN EN 588 Reihe 1, Flanschenanschlussmaße nach EN 1092-2 PN 16, geprüft nach DIN EN 13774 und DIN 3586.;1,0;St;gaeb;Vergabeunterlagen/Anlage LV und GEAB/20260709_PSZ_LV_VE42_Heizung.X83
180;jedoch Gas-Kugelhahn, DN 50, ohne TAS;2,0;St;gaeb;Vergabeunterlagen/Anlage LV und GEAB/20260709_PSZ_LV_VE42_Heizung.X83
190;Vakuumstabiler Axial-Kompensator, bestehend aus einem Metallbalg mit Gewinde-Anschlussteilen, Balg mit Bördelenden, Anschlussteile mit Überwurfmutter und Flachdichtung, Anschlussteile mit Innengewinde, Zulassung nach DVGW für Gas.;1,0;St;gaeb;Vergabeunterlagen/Anlage LV und GEAB/20260709_PSZ_LV_VE42_Heizung.X83
200;Druckregelgerät mit einstellbarer Sollwertfeder. Druckregelgerät entspricht der EN 88 und DIN 3380.;1,0;St;gaeb;Vergabeunterlagen/Anlage LV und GEAB/20260709_PSZ_LV_VE42_Heizung.X83
210;"Gasdruckmanometer, Gehäuse aus CR-Ni-Stahl, mit Kapselfeder, überdrucksicher, Anschluss DN 15 ( 1/2""), senkrecht, max. Betriebsdruck 100 mbar.";1,0;St;gaeb;Vergabeunterlagen/Anlage LV und GEAB/20260709_PSZ_LV_VE42_Heizung.X83
220;Belastungs- und Dichtheitsprüfung nach DVGW-TRGI 2018, DVGW Arbeitsblatt 600 für Leitungsanlagen mit Betriebsdrücken bis einschließlich 100 mbar, unter Beachtung erforderlicher einzuhaltender Prüdrücke und -zeiten, sowie Anpassungszeiten, unter Berücksichtigung des Leitungsvolumens kleiner 100 l.;1,0;St;gaeb;Vergabeunterlagen/Anlage LV und GEAB/20260709_PSZ_LV_VE42_Heizung.X83
10;Einkammer-Heizungsverteiler /-sammler für Vorlauf oder Rücklauf, bestehend aus:;2,0;St;gaeb;Vergabeunterlagen/Anlage LV und GEAB/20260709_PSZ_LV_VE42_Heizung.X83
20;Fertigisolierung für vorgenannte Heizungsverteiler, gemäß GEG, bestehend aus ALU-Blechmantel und 100 mm dicker Mineralwolle, stirnseitig mit Deckel, mit Ausschnitten für die Verteileranschlüsse, Entleerung und Konsolen, einschließlich ALU-Befestigungsbändern und Schraubenschnellverschlüssen.;2,0;St;gaeb;Vergabeunterlagen/Anlage LV und GEAB/20260709_PSZ_LV_VE42_Heizung.X83
30;Standkonsole für vorgenannte Heizungsverteiler, schallgedämmt, bestehend aus Bodenplatte für Schraubbefestigung und Profilstahl, galvanisch verzinkt, Konsolenhöhe stufenlos verstellbar von ca. 270 mm bis ca. 340 mm, einschließlich Schrauben, Dübel und Unterlegscheiben.;6,0;St;gaeb;Vergabeunterlagen/Anlage LV und GEAB/20260709_PSZ_LV_VE42_Heizung.X83
40;"Entleerrinne für vorgenannte Heizungsverteiler, aus Stahlblech-C-Profil 85 x 50 mm, feuerverzinkt, mit Ablaufsieb gelocht und Außengewinde 1 1/2"", einschließlich Halterungen zum Befestigen der Rinne an den Standkonsolen,";2,0;St;gaeb;Vergabeunterlagen/Anlage LV und GEAB/20260709_PSZ_LV_VE42_Heizung.X83
50;Elektronisch geregelte Nassläufer-Umwälzpumpe für Rohreinbau. Einsetzbar für alle Heizungs-, Lüftungs-, Klima-Anwendungen (-10 °C bis +110 °C). Mit integrierter elektronischer Leistungsregelung für konstanten / variablen Differenzdruck. inkl. Wärmedämmschalen. Serienmäßig mit Handbedienebene für Pum;1,0;St;gaeb;Vergabeunterlagen/Anlage LV und GEAB/20260709_PSZ_LV_VE42_Heizung.X83
60;jedoch;1,0;St;gaeb;Vergabeunterlagen/Anlage LV und GEAB/20260709_PSZ_LV_VE42_Heizung.X83
70;jedoch;3,0;St;gaeb;Vergabeunterlagen/Anlage LV und GEAB/20260709_PSZ_LV_VE42_Heizung.X83
80;jedoch;1,0;St;gaeb;Vergabeunterlagen/Anlage LV und GEAB/20260709_PSZ_LV_VE42_Heizung.X83
90;Absperrventil, mit Handrad, nicht steigend, Schrägsitzausführung mit geradem Oberteil, Durchgangsform, mit Drosselkegel und Stellungsanzeige außerhalb der Isolierung, Gehäuse aus Gusseisen, Kurzbaulänge, wartungsfreie Spindelabdichtung mit 4-fach O-Ring-Buchse,  Welle aus nichtrostendem Stahl, mit g;4,0;St;gaeb;Vergabeunterlagen/Anlage LV und GEAB/20260709_PSZ_LV_VE42_Heizung.X83
100;jedoch DN 20;4,0;St;gaeb;Vergabeunterlagen/Anlage LV und GEAB/20260709_PSZ_LV_VE42_Heizung.X83
110;jedoch DN 25;2,0;St;gaeb;Vergabeunterlagen/Anlage LV und GEAB/20260709_PSZ_LV_VE42_Heizung.X83
120;jedoch Flanschausführung, DN 25;4,0;St;gaeb;Vergabeunterlagen/Anlage LV und GEAB/20260709_PSZ_LV_VE42_Heizung.X83
130;jedoch Flanschausführung, DN 32;2,0;St;gaeb;Vergabeunterlagen/Anlage LV und GEAB/20260709_PSZ_LV_VE42_Heizung.X83
140;jedoch Flanschausführung, DN 40;8,0;St;gaeb;Vergabeunterlagen/Anlage LV und GEAB/20260709_PSZ_LV_VE42_Heizung.X83
150;jedoch Flanschausführung, DN 50;12,0;St;gaeb;Vergabeunterlagen/Anlage LV und GEAB/20260709_PSZ_LV_VE42_Heizung.X83
160;jedoch Flanschausführung, DN 65;2,0;St;gaeb;Vergabeunterlagen/Anlage LV und GEAB/20260709_PSZ_LV_VE42_Heizung.X83
170;jedoch Flanschausführung, DN 80;4,0;St;gaeb;Vergabeunterlagen/Anlage LV und GEAB/20260709_PSZ_LV_VE42_Heizung.X83
180;jedoch Flanschausführung, DN 100;2,0;St;gaeb;Vergabeunterlagen/Anlage LV und GEAB/20260709_PSZ_LV_VE42_Heizung.X83
190;Kugelhahn, Durchgangsform, mit Muffenanschluss, Gehäuse aus Rotguss, Kugel aus Gusseisen GG, hartverchromt, mit Flügelgriff, mit vollem Durchgang, PN 6, DN 15;4,0;St;gaeb;Vergabeunterlagen/Anlage LV und GEAB/20260709_PSZ_LV_VE42_Heizung.X83
200;jedoch DN 20;4,0;St;gaeb;Vergabeunterlagen/Anlage LV und GEAB/20260709_PSZ_LV_VE42_Heizung.X83
210;jedoch DN 25;4,0;St;gaeb;Vergabeunterlagen/Anlage LV und GEAB/20260709_PSZ_LV_VE42_Heizung.X83
220;Regler ohne Fremdenergie zur Einhaltung eines einstellbaren Differenzdrucksollwertes, Ventil bei steigendem Druck schließend, Einbau im Rücklauf, durch interne Druckimpulsführung nur eine Impulsleitung erforderlich, mit  Entleerungshahn, mit integrierter Strangabsperrung mit Handrad, mit Anschlussni;2,0;St;gaeb;Vergabeunterlagen/Anlage LV und GEAB/20260709_PSZ_LV_VE42_Heizung.X83
230;jedoch DN 25, kvs=4,0 m³/h;5,0;St;gaeb;Vergabeunterlagen/Anlage LV und GEAB/20260709_PSZ_LV_VE42_Heizung.X83
240;jedoch DN 32, kvs=6,3 m³/h;4,0;St;gaeb;Vergabeunterlagen/Anlage LV und GEAB/20260709_PSZ_LV_VE42_Heizung.X83
250;Strangabsperr- und Messventil, für Kombination mit vorgenannten Strangdifferenzdruckregler, vorbereitet für den Anschluss der Impulsleitung, für Strangabsperrung und Durchflussmessung, Einbau im Vorlauf, Absperrung mit Handrad, Gehäuse aus Messing, PN 16, für Wasser bis 120 °C,;2,0;St;gaeb;Vergabeunterlagen/Anlage LV und GEAB/20260709_PSZ_LV_VE42_Heizung.X83
260;jedoch DN 25, kvs=4,0 m³/h;5,0;St;gaeb;Vergabeunterlagen/Anlage LV und GEAB/20260709_PSZ_LV_VE42_Heizung.X83
270;jedoch DN 32, kvs=6,3 m³/h;4,0;St;gaeb;Vergabeunterlagen/Anlage LV und GEAB/20260709_PSZ_LV_VE42_Heizung.X83
280;3-Wege Stellventil mit Antrieb stetig,;1,0;St;gaeb;Vergabeunterlagen/Anlage LV und GEAB/20260709_PSZ_LV_VE42_Heizung.X83
290;jedoch;1,0;St;gaeb;Vergabeunterlagen/Anlage LV und GEAB/20260709_PSZ_LV_VE42_Heizung.X83
300;jedoch;2,0;St;gaeb;Vergabeunterlagen/Anlage LV und GEAB/20260709_PSZ_LV_VE42_Heizung.X83
310;Rückschlagventil, Gehäuse aus Gusseisen,;1,0;St;gaeb;Vergabeunterlagen/Anlage LV und GEAB/20260709_PSZ_LV_VE42_Heizung.X83
320;jedoch DN 32;3,0;St;gaeb;Vergabeunterlagen/Anlage LV und GEAB/20260709_PSZ_LV_VE42_Heizung.X83
330;jedoch DN 40;2,0;St;gaeb;Vergabeunterlagen/Anlage LV und GEAB/20260709_PSZ_LV_VE42_Heizung.X83
340;jedoch DN 50;3,0;St;gaeb;Vergabeunterlagen/Anlage LV und GEAB/20260709_PSZ_LV_VE42_Heizung.X83
350;Schmutzfänger, mit Flanschanschluss, in Schrägsitzausführung, Gehäuse aus Stahlguss GS, mit Grundanstrich, mit Feinsieb, Sieb aus nicht rostendem Stahl, Reinigungsverschluss geflanscht, mit Entleerungsschraube im Deckel, PN 6, DN 25;1,0;St;gaeb;Vergabeunterlagen/Anlage LV und GEAB/20260709_PSZ_LV_VE42_Heizung.X83
360;jedoch DN 32;1,0;St;gaeb;Vergabeunterlagen/Anlage LV und GEAB/20260709_PSZ_LV_VE42_Heizung.X83
370;jedoch DN 40;2,0;St;gaeb;Vergabeunterlagen/Anlage LV und GEAB/20260709_PSZ_LV_VE42_Heizung.X83
380;jedoch DN 50;3,0;St;gaeb;Vergabeunterlagen/Anlage LV und GEAB/20260709_PSZ_LV_VE42_Heizung.X83
390;Schmutz- und Schlammabscheider für Heiz- und Kühlwassersysteme bzw. geschlossene flüssigkeitsgefüllte Anlagensysteme.;1,0;St;gaeb;Vergabeunterlagen/Anlage LV und GEAB/20260709_PSZ_LV_VE42_Heizung.X83
400;Hydraulik- und Steuerungsmodul für Druck halten und entgasen in geschlossenen Heizwasserkreisläufen. Gebaut nach DIN EN 12828 und den Anforderungen der VDI 4708, geeignet für den Einsatz in lärmsensiblen Bereichen.;1,0;St;gaeb;Vergabeunterlagen/Anlage LV und GEAB/20260709_PSZ_LV_VE42_Heizung.X83
410;Grundgefäß für vorgenannte Druckhaltungsanlage als Membran-Ausdehnungsgefäß, drucklos, gegenüber der Atmosphäre geschlossen, gebaut und geprüft nach DIN EN 13831, VDI 4708 und nach Richtlinie für Druckgeräte 2014/68/EU zugelassen.;1,0;St;gaeb;Vergabeunterlagen/Anlage LV und GEAB/20260709_PSZ_LV_VE42_Heizung.X83
420;Membran-Druckausdehnungsgefäß für geschlossene Heiz- und Kühlwassersysteme.;1,0;St;gaeb;Vergabeunterlagen/Anlage LV und GEAB/20260709_PSZ_LV_VE42_Heizung.X83
430;jedoch;1,0;St;gaeb;Vergabeunterlagen/Anlage LV und GEAB/20260709_PSZ_LV_VE42_Heizung.X83
440;Armatur zur direkten Verbindung von Nachspeiseeinrichtungen für Heiz- und Kühlwassersysteme mit Trinkwassernetzen. Im Einzelnen bestehend aus:;1,0;St;gaeb;Vergabeunterlagen/Anlage LV und GEAB/20260709_PSZ_LV_VE42_Heizung.X83
450;Patronengehäuse, kompakte Basisarmatur zur Aufbereitung von Füll- und Ergänzungswasser mittels Ionenaustauschverfahren zum Schutz von Wärmeerzeugern u. Warmwasserheizungsanlagen gemäß VDI 2035.;1,0;St;gaeb;Vergabeunterlagen/Anlage LV und GEAB/20260709_PSZ_LV_VE42_Heizung.X83
460;Kationenharzpatrone zur Füll- und Ergänzungswasserenthärtung passend in das vorgenannte Patronengehäuse. Bestehend aus zylindrischer Polypropylen Patrone, gefüllt mit Kationentauscherharz zur Enthärtung von Füll- und Ergänzungswasser nach z.B. VDI 2035 und/oder Herstellerangaben in Warmwasserheizung;1,0;St;gaeb;Vergabeunterlagen/Anlage LV und GEAB/20260709_PSZ_LV_VE42_Heizung.X83
470;Inbetriebnahme vorbeschriebener Druckhaltungsanlage durch den werksseitigen Kundendienst oder durch qualifiziertes Personal nach Herstellervorgaben.;1,0;St;gaeb;Vergabeunterlagen/Anlage LV und GEAB/20260709_PSZ_LV_VE42_Heizung.X83
480;komplette Elektroinstallation der zuvor aufgeführten Aktoren,;1,0;St;gaeb;Vergabeunterlagen/Anlage LV und GEAB/20260709_PSZ_LV_VE42_Heizung.X83
490;Sicherheitsventil zur Druckabsicherung von Wärmeerzeugern, Kennbuchstabe D/G/H und gemäß den Anforderungen TRD 721, EN 12828.;1,0;St;gaeb;Vergabeunterlagen/Anlage LV und GEAB/20260709_PSZ_LV_VE42_Heizung.X83
500;Zeigerthermometer, Abgang waagerecht, Messelement Bimetall, mit Tauchrohr, aus Messing, Unterteil mit Einschraubstutzen, festem Sechskant, Gewindeanschluss DN 15, mit Schweissmuffe, Tauchrohr-Einbaulänge 60 mm, Gehäuse aus Aluminium, Übersteckring aus Messing, verchromt, Gehäusedurchmesser 100 mm, A;14,0;St;gaeb;Vergabeunterlagen/Anlage LV und GEAB/20260709_PSZ_LV_VE42_Heizung.X83
510;Druckmessgerät, als Plattenfedermanometer, Gehäuse aus Messing, Übersteckring aus Messing poliert, verchromt, Messgenauigkeit 1,0% vom Skalenendwert, Gehäusedurchmesser 100 mm, Anschlusszapfen DN 15, radial nach unten, Anzeigebereich 0 bis 6,0 bar;14,0;St;gaeb;Vergabeunterlagen/Anlage LV und GEAB/20260709_PSZ_LV_VE42_Heizung.X83
520;Absperrhahn für Druckmessgerät, aus Messing, mit Prüfzapfen, Anschlüsse Muffe-Überwurfmutter, PN 6, Anschlussgewinde;14,0;St;gaeb;Vergabeunterlagen/Anlage LV und GEAB/20260709_PSZ_LV_VE42_Heizung.X83
530;Wassersackrohr DIN 16282, U-Form, aus Stahl, Anschlussgewinde G 1/2, mit Rohranschlussstück, aus Stahl;14,0;St;gaeb;Vergabeunterlagen/Anlage LV und GEAB/20260709_PSZ_LV_VE42_Heizung.X83
540;Entleerungsarmatur, als Kugelhahn, für Wasser bis 120 °C, mit Steckschlüsselaufsatz und losem Vierkanntschlüssel, mit Verschlusskappe und Kette, Gehäuse aus Messing, metallisch dichtend, mit Anschweißnippel und Überwurfmutter, PN 6, DN 15;40,0;St;gaeb;Vergabeunterlagen/Anlage LV und GEAB/20260709_PSZ_LV_VE42_Heizung.X83
550;jedoch DN 20;20,0;St;gaeb;Vergabeunterlagen/Anlage LV und GEAB/20260709_PSZ_LV_VE42_Heizung.X83
560;Einbau beigestellter Tauchhülsen für Temperatur- bzw. Druckfühler, in Stahlrohrleitung DN 15 bis DN 80, nach Angabe des AN Gewerk Lüftung in das Rohrleitungssystem einbauen, einschließlich aller erforderlichen Klein-, Neben- und Befestigungsmaterialien sowie Einschweißmuffen;8,0;St;gaeb;Vergabeunterlagen/Anlage LV und GEAB/20260709_PSZ_LV_VE42_Heizung.X83
570;Einbau bauseits beigestellter 2- und 3-Wege-Regelventile in Gewinde- oder Flanschausführung, in Stahlrohrleitung DN 20 bis DN 50, Übernahme von bauseitigem Gewerk, Vertragen innerhalb des Gebäudes zum Einbauort, in das Rohrleitungssystem einbauen, Verschraubungen sowie Gegenflansche, Schrauben und D;2,0;St;gaeb;Vergabeunterlagen/Anlage LV und GEAB/20260709_PSZ_LV_VE42_Heizung.X83
10;Rohrleitung aus mittelschwerem Gewinderohr DIN EN 10255, gepresst oder geschweißt, schwarz, für Heizungswasser, Außendurchmesser 21,3 mm, Verbindung durch Schweißen, einschl. Schweiß- und Dichtungsmaterial sowie Herstellen der Verbindungen.;30,0;m;gaeb;Vergabeunterlagen/Anlage LV und GEAB/20260709_PSZ_LV_VE42_Heizung.X83
20;jedoch Außendurchmesser 26,9 mm;10,0;m;gaeb;Vergabeunterlagen/Anlage LV und GEAB/20260709_PSZ_LV_VE42_Heizung.X83
30;jedoch Außendurchmesser 33,7 mm;10,0;m;gaeb;Vergabeunterlagen/Anlage LV und GEAB/20260709_PSZ_LV_VE42_Heizung.X83
40;jedoch Außendurchmesser 42,4 mm;5,0;m;gaeb;Vergabeunterlagen/Anlage LV und GEAB/20260709_PSZ_LV_VE42_Heizung.X83
50;jedoch Außendurchmesser 48,3 mm;4,0;m;gaeb;Vergabeunterlagen/Anlage LV und GEAB/20260709_PSZ_LV_VE42_Heizung.X83
60;jedoch Außendurchmesser 60,3 mm;30,0;m;gaeb;Vergabeunterlagen/Anlage LV und GEAB/20260709_PSZ_LV_VE42_Heizung.X83
70;jedoch Außendurchmesser 76,1 mm;10,0;m;gaeb;Vergabeunterlagen/Anlage LV und GEAB/20260709_PSZ_LV_VE42_Heizung.X83
80;jedoch Außendurchmesser 88,9 mm;20,0;m;gaeb;Vergabeunterlagen/Anlage LV und GEAB/20260709_PSZ_LV_VE42_Heizung.X83
90;jedoch Außendurchmesser 114,3 mm;2,0;m;gaeb;Vergabeunterlagen/Anlage LV und GEAB/20260709_PSZ_LV_VE42_Heizung.X83
100;Bogen, aus Kohlenstoffstahl,;20,0;St;gaeb;Vergabeunterlagen/Anlage LV und GEAB/20260709_PSZ_LV_VE42_Heizung.X83
110;jedoch Außendurchmesser 26,9 mm;4,0;St;gaeb;Vergabeunterlagen/Anlage LV und GEAB/20260709_PSZ_LV_VE42_Heizung.X83
120;jedoch Außendurchmesser 33,7 mm;5,0;St;gaeb;Vergabeunterlagen/Anlage LV und GEAB/20260709_PSZ_LV_VE42_Heizung.X83
130;jedoch Außendurchmesser 42,4 mm;4,0;St;gaeb;Vergabeunterlagen/Anlage LV und GEAB/20260709_PSZ_LV_VE42_Heizung.X83
140;jedoch Außendurchmesser 48,3 mm;6,0;St;gaeb;Vergabeunterlagen/Anlage LV und GEAB/20260709_PSZ_LV_VE42_Heizung.X83
150;jedoch Außendurchmesser 60,3 mm;15,0;St;gaeb;Vergabeunterlagen/Anlage LV und GEAB/20260709_PSZ_LV_VE42_Heizung.X83
160;jedoch Außendurchmesser 76,1 mm;5,0;St;gaeb;Vergabeunterlagen/Anlage LV und GEAB/20260709_PSZ_LV_VE42_Heizung.X83
170;jedoch Außendurchmesser 88,9 mm;15,0;St;gaeb;Vergabeunterlagen/Anlage LV und GEAB/20260709_PSZ_LV_VE42_Heizung.X83
180;jedoch Außendurchmesser 114,3 mm;2,0;St;gaeb;Vergabeunterlagen/Anlage LV und GEAB/20260709_PSZ_LV_VE42_Heizung.X83
190;T-Stück;2,0;St;gaeb;Vergabeunterlagen/Anlage LV und GEAB/20260709_PSZ_LV_VE42_Heizung.X83
200;jedoch Außendurchmesser 26,9 mm;2,0;St;gaeb;Vergabeunterlagen/Anlage LV und GEAB/20260709_PSZ_LV_VE42_Heizung.X83
210;jedoch Außendurchmesser 33,7 mm;4,0;St;gaeb;Vergabeunterlagen/Anlage LV und GEAB/20260709_PSZ_LV_VE42_Heizung.X83
220;jedoch Außendurchmesser 42,4 mm;2,0;St;gaeb;Vergabeunterlagen/Anlage LV und GEAB/20260709_PSZ_LV_VE42_Heizung.X83
230;jedoch Außendurchmesser 48,3 mm;2,0;St;gaeb;Vergabeunterlagen/Anlage LV und GEAB/20260709_PSZ_LV_VE42_Heizung.X83
240;jedoch Außendurchmesser 60,3 mm;3,0;St;gaeb;Vergabeunterlagen/Anlage LV und GEAB/20260709_PSZ_LV_VE42_Heizung.X83
250;jedoch Außendurchmesser 76,1 mm;2,0;St;gaeb;Vergabeunterlagen/Anlage LV und GEAB/20260709_PSZ_LV_VE42_Heizung.X83
260;jedoch Außendurchmesser 88,9 mm;4,0;St;gaeb;Vergabeunterlagen/Anlage LV und GEAB/20260709_PSZ_LV_VE42_Heizung.X83
270;jedoch Außendurchmesser 114,3 mm;2,0;St;gaeb;Vergabeunterlagen/Anlage LV und GEAB/20260709_PSZ_LV_VE42_Heizung.X83
280;Reduzierstück;2,0;St;gaeb;Vergabeunterlagen/Anlage LV und GEAB/20260709_PSZ_LV_VE42_Heizung.X83
290;jedoch Außendurchmesser 33,7 mm;4,0;St;gaeb;Vergabeunterlagen/Anlage LV und GEAB/20260709_PSZ_LV_VE42_Heizung.X83
300;jedoch Außendurchmesser 42,4 mm;2,0;St;gaeb;Vergabeunterlagen/Anlage LV und GEAB/20260709_PSZ_LV_VE42_Heizung.X83
310;jedoch Außendurchmesser 48,3 mm;2,0;St;gaeb;Vergabeunterlagen/Anlage LV und GEAB/20260709_PSZ_LV_VE42_Heizung.X83
320;jedoch Außendurchmesser 60,3 mm;8,0;St;gaeb;Vergabeunterlagen/Anlage LV und GEAB/20260709_PSZ_LV_VE42_Heizung.X83
330;jedoch Außendurchmesser 76,1 mm;2,0;St;gaeb;Vergabeunterlagen/Anlage LV und GEAB/20260709_PSZ_LV_VE42_Heizung.X83
340;jedoch Außendurchmesser 88,9 mm;4,0;St;gaeb;Vergabeunterlagen/Anlage LV und GEAB/20260709_PSZ_LV_VE42_Heizung.X83
350;jedoch Außendurchmesser 114,3 mm;2,0;St;gaeb;Vergabeunterlagen/Anlage LV und GEAB/20260709_PSZ_LV_VE42_Heizung.X83
360;Verschraubung;16,0;St;gaeb;Vergabeunterlagen/Anlage LV und GEAB/20260709_PSZ_LV_VE42_Heizung.X83
370;jedoch Außendurchmesser 26,9 mm;4,0;St;gaeb;Vergabeunterlagen/Anlage LV und GEAB/20260709_PSZ_LV_VE42_Heizung.X83
380;jedoch Außendurchmesser 33,7 mm;4,0;St;gaeb;Vergabeunterlagen/Anlage LV und GEAB/20260709_PSZ_LV_VE42_Heizung.X83
390;jedoch Außendurchmesser 42,4 mm;2,0;St;gaeb;Vergabeunterlagen/Anlage LV und GEAB/20260709_PSZ_LV_VE42_Heizung.X83
400;jedoch Außendurchmesser 48,3 mm;2,0;St;gaeb;Vergabeunterlagen/Anlage LV und GEAB/20260709_PSZ_LV_VE42_Heizung.X83
410;jedoch Außendurchmesser 60,3 mm;8,0;St;gaeb;Vergabeunterlagen/Anlage LV und GEAB/20260709_PSZ_LV_VE42_Heizung.X83
420;Doppelnippel;20,0;St;gaeb;Vergabeunterlagen/Anlage LV und GEAB/20260709_PSZ_LV_VE42_Heizung.X83
430;jedoch;6,0;St;gaeb;Vergabeunterlagen/Anlage LV und GEAB/20260709_PSZ_LV_VE42_Heizung.X83
440;jedoch;2,0;St;gaeb;Vergabeunterlagen/Anlage LV und GEAB/20260709_PSZ_LV_VE42_Heizung.X83
450;jedoch;6,0;St;gaeb;Vergabeunterlagen/Anlage LV und GEAB/20260709_PSZ_LV_VE42_Heizung.X83
460;jedoch;2,0;St;gaeb;Vergabeunterlagen/Anlage LV und GEAB/20260709_PSZ_LV_VE42_Heizung.X83
470;jedoch;6,0;St;gaeb;Vergabeunterlagen/Anlage LV und GEAB/20260709_PSZ_LV_VE42_Heizung.X83
480;"Gewindeflansch, DIN EN 1092-1, bis PN 6, aus Stahl, für Wasser, einschließlich Schrauben in erforderlicher Länge, Muttern und Dichtung, DN 15, IG 1/2"" Montagehöhe über Gelände / Fußboden bis 3,5 m";2,0;St;gaeb;Vergabeunterlagen/Anlage LV und GEAB/20260709_PSZ_LV_VE42_Heizung.X83
490;"jedoch DN 20, IG 3/4""";2,0;St;gaeb;Vergabeunterlagen/Anlage LV und GEAB/20260709_PSZ_LV_VE42_Heizung.X83
500;"jedoch DN 25, IG 1""";4,0;St;gaeb;Vergabeunterlagen/Anlage LV und GEAB/20260709_PSZ_LV_VE42_Heizung.X83
510;"jedoch DN 32, IG 1 1/4""";2,0;St;gaeb;Vergabeunterlagen/Anlage LV und GEAB/20260709_PSZ_LV_VE42_Heizung.X83
520;"jedoch DN 40, IG 1 1/2""";2,0;St;gaeb;Vergabeunterlagen/Anlage LV und GEAB/20260709_PSZ_LV_VE42_Heizung.X83
530;"jedoch DN 50, IG 2""";6,0;St;gaeb;Vergabeunterlagen/Anlage LV und GEAB/20260709_PSZ_LV_VE42_Heizung.X83
540;"jedoch DN 65, IG 2 1/2""";2,0;St;gaeb;Vergabeunterlagen/Anlage LV und GEAB/20260709_PSZ_LV_VE42_Heizung.X83
550;"jedoch DN 80, IG 3""";2,0;St;gaeb;Vergabeunterlagen/Anlage LV und GEAB/20260709_PSZ_LV_VE42_Heizung.X83
560;"jedoch DN 100, IG 4""";2,0;St;gaeb;Vergabeunterlagen/Anlage LV und GEAB/20260709_PSZ_LV_VE42_Heizung.X83
570;Vorschweißflansch, DIN EN 1092-1, bis PN 6, aus Stahl, für Wasser, einschließlich Schrauben in erforderlicher Länge, Muttern und Dichtung, DN 15, Montagehöhe über Gelände / Fußboden bis 3,5 m;2,0;St;gaeb;Vergabeunterlagen/Anlage LV und GEAB/20260709_PSZ_LV_VE42_Heizung.X83
580;jedoch DN 20;2,0;St;gaeb;Vergabeunterlagen/Anlage LV und GEAB/20260709_PSZ_LV_VE42_Heizung.X83
590;jedoch DN 25;4,0;St;gaeb;Vergabeunterlagen/Anlage LV und GEAB/20260709_PSZ_LV_VE42_Heizung.X83
600;jedoch DN 32;2,0;St;gaeb;Vergabeunterlagen/Anlage LV und GEAB/20260709_PSZ_LV_VE42_Heizung.X83
610;jedoch DN 40;2,0;St;gaeb;Vergabeunterlagen/Anlage LV und GEAB/20260709_PSZ_LV_VE42_Heizung.X83
620;jedoch DN 50;6,0;St;gaeb;Vergabeunterlagen/Anlage LV und GEAB/20260709_PSZ_LV_VE42_Heizung.X83
630;jedoch DN 65;2,0;St;gaeb;Vergabeunterlagen/Anlage LV und GEAB/20260709_PSZ_LV_VE42_Heizung.X83
640;jedoch DN 80;2,0;St;gaeb;Vergabeunterlagen/Anlage LV und GEAB/20260709_PSZ_LV_VE42_Heizung.X83
650;jedoch DN 100;2,0;St;gaeb;Vergabeunterlagen/Anlage LV und GEAB/20260709_PSZ_LV_VE42_Heizung.X83
660;Blindflansch, DIN EN 1092-1, bis PN 6, aus Stahl, für Wasser, einschließlich Schrauben in erforderlicher Länge, Muttern und Dichtung, DN 32, Montagehöhe über Gelände / Fußboden bis 3,5 m;2,0;St;gaeb;Vergabeunterlagen/Anlage LV und GEAB/20260709_PSZ_LV_VE42_Heizung.X83
670;jedoch DN 40;4,0;St;gaeb;Vergabeunterlagen/Anlage LV und GEAB/20260709_PSZ_LV_VE42_Heizung.X83
680;jedoch DN 50;4,0;St;gaeb;Vergabeunterlagen/Anlage LV und GEAB/20260709_PSZ_LV_VE42_Heizung.X83
690;jedoch DN 65;2,0;St;gaeb;Vergabeunterlagen/Anlage LV und GEAB/20260709_PSZ_LV_VE42_Heizung.X83
700;jedoch DN 80;4,0;St;gaeb;Vergabeunterlagen/Anlage LV und GEAB/20260709_PSZ_LV_VE42_Heizung.X83
710;jedoch DN 100;2,0;St;gaeb;Vergabeunterlagen/Anlage LV und GEAB/20260709_PSZ_LV_VE42_Heizung.X83
720;Rohrleitung aus Präzisionsstahlrohr DIN EN 10305-3, geschweißt, verzinkt, für Heizungswasser, Außendurchmesser 18 mm, Pressverbindung mit Fittingen mit eingelegtem EPDM-Dichtring, unverpresst undicht, Herstellen der Verbindungen,;2150,0;m;gaeb;Vergabeunterlagen/Anlage LV und GEAB/20260709_PSZ_LV_VE42_Heizung.X83
730;jedoch Außendurchmesser 22 mm;70,0;m;gaeb;Vergabeunterlagen/Anlage LV und GEAB/20260709_PSZ_LV_VE42_Heizung.X83
740;jedoch Außendurchmesser 28 mm;120,0;m;gaeb;Vergabeunterlagen/Anlage LV und GEAB/20260709_PSZ_LV_VE42_Heizung.X83
750;jedoch Außendurchmesser 35 mm;120,0;m;gaeb;Vergabeunterlagen/Anlage LV und GEAB/20260709_PSZ_LV_VE42_Heizung.X83
760;jedoch Außendurchmesser 42 mm;55,0;m;gaeb;Vergabeunterlagen/Anlage LV und GEAB/20260709_PSZ_LV_VE42_Heizung.X83
770;jedoch Außendurchmesser 54 mm;250,0;m;gaeb;Vergabeunterlagen/Anlage LV und GEAB/20260709_PSZ_LV_VE42_Heizung.X83
780;jedoch Montagehöhe über Gelände / Fußboden über 3,5 m bis 6,0 m, Außendurchmesser 18 mm;230,0;m;gaeb;Vergabeunterlagen/Anlage LV und GEAB/20260709_PSZ_LV_VE42_Heizung.X83
790;jedoch Montagehöhe über Gelände / Fußboden über 3,5 m bis 6,0 m, Außendurchmesser 22 mm;280,0;m;gaeb;Vergabeunterlagen/Anlage LV und GEAB/20260709_PSZ_LV_VE42_Heizung.X83
800;jedoch Montagehöhe über Gelände / Fußboden über 3,5 m bis 6,0 m, Außendurchmesser 28 mm;450,0;m;gaeb;Vergabeunterlagen/Anlage LV und GEAB/20260709_PSZ_LV_VE42_Heizung.X83
810;jedoch Montagehöhe über Gelände / Fußboden über 3,5 m bis 6,0 m, Außendurchmesser 35 mm;30,0;m;gaeb;Vergabeunterlagen/Anlage LV und GEAB/20260709_PSZ_LV_VE42_Heizung.X83
820;jedoch Montagehöhe über Gelände / Fußboden über 3,5 m bis 6,0 m, Außendurchmesser 42 mm;15,0;m;gaeb;Vergabeunterlagen/Anlage LV und GEAB/20260709_PSZ_LV_VE42_Heizung.X83
830;jedoch Montagehöhe über Gelände / Fußboden über 3,5 m bis 6,0 m, Außendurchmesser 54 mm;65,0;m;gaeb;Vergabeunterlagen/Anlage LV und GEAB/20260709_PSZ_LV_VE42_Heizung.X83
840;Bogen, aus Kohlenstoffstahl, außen verzinkt, alle Winkelgrade;1600,0;St;gaeb;Vergabeunterlagen/Anlage LV und GEAB/20260709_PSZ_LV_VE42_Heizung.X83
850;jedoch Außendurchmesser 22 mm;60,0;St;gaeb;Vergabeunterlagen/Anlage LV und GEAB/20260709_PSZ_LV_VE42_Heizung.X83
860;jedoch Außendurchmesser 28 mm;110,0;St;gaeb;Vergabeunterlagen/Anlage LV und GEAB/20260709_PSZ_LV_VE42_Heizung.X83
870;jedoch Außendurchmesser 35 mm;30,0;St;gaeb;Vergabeunterlagen/Anlage LV und GEAB/20260709_PSZ_LV_VE42_Heizung.X83
880;jedoch Außendurchmesser 42 mm;20,0;St;gaeb;Vergabeunterlagen/Anlage LV und GEAB/20260709_PSZ_LV_VE42_Heizung.X83
890;jedoch Außendurchmesser 54 mm;100,0;St;gaeb;Vergabeunterlagen/Anlage LV und GEAB/20260709_PSZ_LV_VE42_Heizung.X83
900;T-Stück, aus Kohlenstoffstahl, außen verzinkt, Abzweig- bzw. reduzierter Aussendurchmesser beliebig, Verbindung durch Pressen mit Fittingen mit eingelegtem EPDM-Dichtring, unverpresst undicht, mit Verpresstkennzeichnung, für Rohrleitung aus Präzisionsstahlrohr DIN EN 10305-3, geschweißt, für Heizung;230,0;St;gaeb;Vergabeunterlagen/Anlage LV und GEAB/20260709_PSZ_LV_VE42_Heizung.X83
910;jedoch Außendurchmesser 22 mm;100,0;St;gaeb;Vergabeunterlagen/Anlage LV und GEAB/20260709_PSZ_LV_VE42_Heizung.X83
920;jedoch Außendurchmesser 28 mm;90,0;St;gaeb;Vergabeunterlagen/Anlage LV und GEAB/20260709_PSZ_LV_VE42_Heizung.X83
930;jedoch Außendurchmesser 35 mm;35,0;St;gaeb;Vergabeunterlagen/Anlage LV und GEAB/20260709_PSZ_LV_VE42_Heizung.X83
940;jedoch Außendurchmesser 42 mm;10,0;St;gaeb;Vergabeunterlagen/Anlage LV und GEAB/20260709_PSZ_LV_VE42_Heizung.X83
950;jedoch Außendurchmesser 54 mm;20,0;St;gaeb;Vergabeunterlagen/Anlage LV und GEAB/20260709_PSZ_LV_VE42_Heizung.X83
960;Reduzierstück, aus Kohlenstoffstahl, außen verzinkt, Verbindung durch Pressen mit Fittingen mit eingelegtem EPDM-Dichtring, unverpresst undicht, mit Verpresstkennzeichnung, für Rohrleitung aus Präzisionsstahlrohr DIN EN 10305-3, geschweißt, für Heizungswasser,  Montagehöhe über Gelände / Fußboden bi;50,0;St;gaeb;Vergabeunterlagen/Anlage LV und GEAB/20260709_PSZ_LV_VE42_Heizung.X83
970;jedoch reduzierter Außendurchmesser kleiner 28 mm;30,0;St;gaeb;Vergabeunterlagen/Anlage LV und GEAB/20260709_PSZ_LV_VE42_Heizung.X83
980;jedoch reduzierter Außendurchmesser kleiner 35 mm;15,0;St;gaeb;Vergabeunterlagen/Anlage LV und GEAB/20260709_PSZ_LV_VE42_Heizung.X83
990;jedoch reduzierter Außendurchmesser kleiner 42 mm;6,0;St;gaeb;Vergabeunterlagen/Anlage LV und GEAB/20260709_PSZ_LV_VE42_Heizung.X83
1000;jedoch reduzierter Außendurchmesser kleiner 54 mm;10,0;St;gaeb;Vergabeunterlagen/Anlage LV und GEAB/20260709_PSZ_LV_VE42_Heizung.X83
1010;Muffe, aus Kohlenstoffstahl, außen verzinkt, Verbindung durch Pressen mit Fittingen mit eingelegtem EPDM-Dichtring, unverpresst undicht, mit Verpresstkennzeichnung, für Rohrleitung aus Präzisionsstahlrohr DIN EN 10305-3, geschweißt, für Heizungswasser, Montagehöhe über Gelände / Fußboden bis 6,0 m, ;1100,0;St;gaeb;Vergabeunterlagen/Anlage LV und GEAB/20260709_PSZ_LV_VE42_Heizung.X83
1020;jedoch Außendurchmesser 22 mm;175,0;St;gaeb;Vergabeunterlagen/Anlage LV und GEAB/20260709_PSZ_LV_VE42_Heizung.X83
1030;jedoch Außendurchmesser 28 mm;250,0;St;gaeb;Vergabeunterlagen/Anlage LV und GEAB/20260709_PSZ_LV_VE42_Heizung.X83
1040;jedoch Außendurchmesser 35 mm;75,0;St;gaeb;Vergabeunterlagen/Anlage LV und GEAB/20260709_PSZ_LV_VE42_Heizung.X83
1050;jedoch Außendurchmesser 42 mm;35,0;St;gaeb;Vergabeunterlagen/Anlage LV und GEAB/20260709_PSZ_LV_VE42_Heizung.X83
1060;jedoch Außendurchmesser 54 mm;150,0;St;gaeb;Vergabeunterlagen/Anlage LV und GEAB/20260709_PSZ_LV_VE42_Heizung.X83
1070;Übergangsverschraubung mit Innengewinde;500,0;St;gaeb;Vergabeunterlagen/Anlage LV und GEAB/20260709_PSZ_LV_VE42_Heizung.X83
1080;"jedoch Außendurchmesser 22 mm, R3/4"" oder R1"" oder R1 1/4""";10,0;St;gaeb;Vergabeunterlagen/Anlage LV und GEAB/20260709_PSZ_LV_VE42_Heizung.X83
1090;"jedoch Außendurchmesser 28 mm, R1 1/4"" oder R1 1/2""";20,0;St;gaeb;Vergabeunterlagen/Anlage LV und GEAB/20260709_PSZ_LV_VE42_Heizung.X83
1100;"jedoch Außendurchmesser 35 mm, R1 1/2"" oder R2""";20,0;St;gaeb;Vergabeunterlagen/Anlage LV und GEAB/20260709_PSZ_LV_VE42_Heizung.X83
1110;"jedoch Außendurchmesser 42 mm, R2""";10,0;St;gaeb;Vergabeunterlagen/Anlage LV und GEAB/20260709_PSZ_LV_VE42_Heizung.X83
1120;"jedoch Außendurchmesser 54 mm, R2 1/2""";10,0;St;gaeb;Vergabeunterlagen/Anlage LV und GEAB/20260709_PSZ_LV_VE42_Heizung.X83
1130;Übergang auf Innen- oder Außengewinde;20,0;St;gaeb;Vergabeunterlagen/Anlage LV und GEAB/20260709_PSZ_LV_VE42_Heizung.X83
1140;jedoch Außendurchmesser 22 mm;10,0;St;gaeb;Vergabeunterlagen/Anlage LV und GEAB/20260709_PSZ_LV_VE42_Heizung.X83
1150;jedoch Außendurchmesser 28 mm;20,0;St;gaeb;Vergabeunterlagen/Anlage LV und GEAB/20260709_PSZ_LV_VE42_Heizung.X83
1160;jedoch Außendurchmesser 35 mm;10,0;St;gaeb;Vergabeunterlagen/Anlage LV und GEAB/20260709_PSZ_LV_VE42_Heizung.X83
1170;jedoch Außendurchmesser 42 mm;10,0;St;gaeb;Vergabeunterlagen/Anlage LV und GEAB/20260709_PSZ_LV_VE42_Heizung.X83
1180;jedoch Außendurchmesser 54 mm;10,0;St;gaeb;Vergabeunterlagen/Anlage LV und GEAB/20260709_PSZ_LV_VE42_Heizung.X83
1190;Übergangsflansch, aus Kohlenstoffstahl, außen verzinkt, Verbindung durch Pressen mit Fittingen mit eingelegtem EPDM-Dichtring, unverpresst undicht, mit Verpresstkennzeichnung, PN 6, für Rohrleitung aus Präzisionsstahlrohr DIN EN 10305-3, geschweißt, für Heizungswasser,  Montagehöhe über Gelände / Fu;2,0;St;gaeb;Vergabeunterlagen/Anlage LV und GEAB/20260709_PSZ_LV_VE42_Heizung.X83
1200;jedoch Außendurchmesser 42 mm;4,0;St;gaeb;Vergabeunterlagen/Anlage LV und GEAB/20260709_PSZ_LV_VE42_Heizung.X83
1210;jedoch Außendurchmesser 54 mm;6,0;St;gaeb;Vergabeunterlagen/Anlage LV und GEAB/20260709_PSZ_LV_VE42_Heizung.X83
1220;Anschluss herstellen, an Vor- und Rücklaufstutzen bauseits aufgestellter Geräte, wie Rohrregister an RLT-Anlagen, Wärmeübertrager etc., Anschluss mit Stahlrohr oder Präzisionsstahlrohr, Flansch- oder Gewindeanschluss, unter Beachtung der Anschlussbedingungen des Geräteherstellers, PN 6, einschließli;2,0;St;gaeb;Vergabeunterlagen/Anlage LV und GEAB/20260709_PSZ_LV_VE42_Heizung.X83
1230;jedoch Anschlussnennweite DN 65;1,0;St;gaeb;Vergabeunterlagen/Anlage LV und GEAB/20260709_PSZ_LV_VE42_Heizung.X83
1240;Axialkompensator zur Aufnahme von Dehnungen, mit Gewindeanschlüssen, DN 15, Nenndruck PN 6, axiale Dehnungsaufnahme bis 24 mm, Balg aus nichtrostendem Stahl, Werkstoff-Nr 1.4541.;4,0;St;gaeb;Vergabeunterlagen/Anlage LV und GEAB/20260709_PSZ_LV_VE42_Heizung.X83
1250;jedoch, DN 20, axiale Dehnungsaufnahme bis 24 mm;4,0;St;gaeb;Vergabeunterlagen/Anlage LV und GEAB/20260709_PSZ_LV_VE42_Heizung.X83
1260;jedoch, DN 25, axiale Dehnungsaufnahme bis 26 mm;4,0;St;gaeb;Vergabeunterlagen/Anlage LV und GEAB/20260709_PSZ_LV_VE42_Heizung.X83
1270;jedoch, DN 32, axiale Dehnungsaufnahme bis 30 mm;2,0;St;gaeb;Vergabeunterlagen/Anlage LV und GEAB/20260709_PSZ_LV_VE42_Heizung.X83
1280;jedoch, DN 40, axiale Dehnungsaufnahme bis 30 mm;6,0;St;gaeb;Vergabeunterlagen/Anlage LV und GEAB/20260709_PSZ_LV_VE42_Heizung.X83
1290;jedoch, DN 50, axiale Dehnungsaufnahme bis 36 mm;8,0;St;gaeb;Vergabeunterlagen/Anlage LV und GEAB/20260709_PSZ_LV_VE42_Heizung.X83
1300;Axialkompensator zur Aufnahme von Dehnungen, mit Flanschanschlüssen, DN 80, Nenndruck PN 6, axiale Dehnungsaufnahme bis 45 mm, Balg aus nichtrostendem Stahl, Werkstoff-Nr 1.4541.;2,0;St;gaeb;Vergabeunterlagen/Anlage LV und GEAB/20260709_PSZ_LV_VE42_Heizung.X83
1310;Festpunkt, aus Stahl 1.0037, galvanisch verzinkt, für Rohrleitungen DN 15, bestehend aus:;4,0;St;gaeb;Vergabeunterlagen/Anlage LV und GEAB/20260709_PSZ_LV_VE42_Heizung.X83
1320;jedoch Festpunktschelle Spannbereich 25 - 28mm;4,0;St;gaeb;Vergabeunterlagen/Anlage LV und GEAB/20260709_PSZ_LV_VE42_Heizung.X83
1330;jedoch Festpunktschelle Spannbereich 32 - 35mm;4,0;St;gaeb;Vergabeunterlagen/Anlage LV und GEAB/20260709_PSZ_LV_VE42_Heizung.X83
1340;jedoch Festpunktschelle Spannbereich 40 - 43 mm;2,0;St;gaeb;Vergabeunterlagen/Anlage LV und GEAB/20260709_PSZ_LV_VE42_Heizung.X83
1350;jedoch Festpunktschelle Spannbereich 48 - 51 mm;6,0;St;gaeb;Vergabeunterlagen/Anlage LV und GEAB/20260709_PSZ_LV_VE42_Heizung.X83
1360;jedoch Festpunktschelle Spannbereich 53 - 58 mm;8,0;St;gaeb;Vergabeunterlagen/Anlage LV und GEAB/20260709_PSZ_LV_VE42_Heizung.X83
1370;Gleitplatte zur Aufnahme von Rohrdehnungen für stehende und hängende Rohrleitungen bis DN 65, aus Stahl 1.0037 galvanisch verzinkt, mit 1 Stück Gewindeanschluss M8 / M10 mit Schrauben, Muttern und Beilagscheiben, incl. systemgebundenem Zubehör und Befestigungen, Belastung 1,0 KN, Schiebeweg 80 mm, M;28,0;St;gaeb;Vergabeunterlagen/Anlage LV und GEAB/20260709_PSZ_LV_VE42_Heizung.X83
1380;Luftgefäß aus geschweißtem Stahlrohr nach DIN EN 10217-1, für Rohrleitung bis DN 50, zum Verbinden durch Schweißen, Luftgefäß mindestens 2 Nennweiten größer, mit 2 Klöpperböden, mit einem Anschluss für Entlüftungsleitung DN 15;12,0;St;gaeb;Vergabeunterlagen/Anlage LV und GEAB/20260709_PSZ_LV_VE42_Heizung.X83
1390;jedoch für Rohrleitung DN 65;2,0;St;gaeb;Vergabeunterlagen/Anlage LV und GEAB/20260709_PSZ_LV_VE42_Heizung.X83
1400;jedoch für Rohrleitung DN 80;2,0;St;gaeb;Vergabeunterlagen/Anlage LV und GEAB/20260709_PSZ_LV_VE42_Heizung.X83
1410;Schweißmuffen, aus Stahl, mit Innengewinde, DN 15 bis DN 20, senkrecht oder schräg angeschweißt, für Montage von  Tauchhülsen;20,0;St;gaeb;Vergabeunterlagen/Anlage LV und GEAB/20260709_PSZ_LV_VE42_Heizung.X83
1420;Verlängerungsstück zu vorgenannten Schweißmuffen, DN 15 bis DN 20, bis 100 mm, einschließlich Dichtungs- und Übergangsmaterial;10,0;St;gaeb;Vergabeunterlagen/Anlage LV und GEAB/20260709_PSZ_LV_VE42_Heizung.X83
10;R90-Rohrabschottung um nichtbrennbare Rohrleitungen, zur Montage in Massivwänden und leichten Trennwänden sowie in massiven Decken mit entsprechender Feuerwiderstandsklasse, mit allgemeinem bauaufsichtlichen Prüfzeugnis nach DIN 4102-11, Rohrabschottung verhindert für 90 Minuten einen Übertrag von F;50,0;St;gaeb;Vergabeunterlagen/Anlage LV und GEAB/20260709_PSZ_LV_VE42_Heizung.X83
20;jedoch;4,0;St;gaeb;Vergabeunterlagen/Anlage LV und GEAB/20260709_PSZ_LV_VE42_Heizung.X83
30;jedoch;36,0;St;gaeb;Vergabeunterlagen/Anlage LV und GEAB/20260709_PSZ_LV_VE42_Heizung.X83
40;jedoch;12,0;St;gaeb;Vergabeunterlagen/Anlage LV und GEAB/20260709_PSZ_LV_VE42_Heizung.X83
50;jedoch;4,0;St;gaeb;Vergabeunterlagen/Anlage LV und GEAB/20260709_PSZ_LV_VE42_Heizung.X83
60;jedoch;32,0;St;gaeb;Vergabeunterlagen/Anlage LV und GEAB/20260709_PSZ_LV_VE42_Heizung.X83
70;weiterführende Dämmung für Bogen über 45 bis 90 Grad, Radius bis 1,5 D,;30,0;St;gaeb;Vergabeunterlagen/Anlage LV und GEAB/20260709_PSZ_LV_VE42_Heizung.X83
80;jedoch;4,0;St;gaeb;Vergabeunterlagen/Anlage LV und GEAB/20260709_PSZ_LV_VE42_Heizung.X83
90;jedoch;20,0;St;gaeb;Vergabeunterlagen/Anlage LV und GEAB/20260709_PSZ_LV_VE42_Heizung.X83
100;jedoch;10,0;St;gaeb;Vergabeunterlagen/Anlage LV und GEAB/20260709_PSZ_LV_VE42_Heizung.X83
110;jedoch;4,0;St;gaeb;Vergabeunterlagen/Anlage LV und GEAB/20260709_PSZ_LV_VE42_Heizung.X83
120;jedoch;20,0;St;gaeb;Vergabeunterlagen/Anlage LV und GEAB/20260709_PSZ_LV_VE42_Heizung.X83
10;Wärmedämmung an;100,0;m;gaeb;Vergabeunterlagen/Anlage LV und GEAB/20260709_PSZ_LV_VE42_Heizung.X83
20;jedoch;30,0;m;gaeb;Vergabeunterlagen/Anlage LV und GEAB/20260709_PSZ_LV_VE42_Heizung.X83
30;jedoch;40,0;m;gaeb;Vergabeunterlagen/Anlage LV und GEAB/20260709_PSZ_LV_VE42_Heizung.X83
40;jedoch;120,0;m;gaeb;Vergabeunterlagen/Anlage LV und GEAB/20260709_PSZ_LV_VE42_Heizung.X83
50;jedoch;55,0;m;gaeb;Vergabeunterlagen/Anlage LV und GEAB/20260709_PSZ_LV_VE42_Heizung.X83
60;jedoch;75,0;m;gaeb;Vergabeunterlagen/Anlage LV und GEAB/20260709_PSZ_LV_VE42_Heizung.X83
70;Wärmedämmung an;880,0;m;gaeb;Vergabeunterlagen/Anlage LV und GEAB/20260709_PSZ_LV_VE42_Heizung.X83
80;jedoch;250,0;m;gaeb;Vergabeunterlagen/Anlage LV und GEAB/20260709_PSZ_LV_VE42_Heizung.X83
90;jedoch;320,0;m;gaeb;Vergabeunterlagen/Anlage LV und GEAB/20260709_PSZ_LV_VE42_Heizung.X83
100;jedoch;30,0;m;gaeb;Vergabeunterlagen/Anlage LV und GEAB/20260709_PSZ_LV_VE42_Heizung.X83
110;jedoch;15,0;m;gaeb;Vergabeunterlagen/Anlage LV und GEAB/20260709_PSZ_LV_VE42_Heizung.X83
120;jedoch;20,0;m;gaeb;Vergabeunterlagen/Anlage LV und GEAB/20260709_PSZ_LV_VE42_Heizung.X83
130;Wärmedämmung für Bogen aller Winkelgrade, Wärmedämmung;620,0;St;gaeb;Vergabeunterlagen/Anlage LV und GEAB/20260709_PSZ_LV_VE42_Heizung.X83
140;jedoch;30,0;St;gaeb;Vergabeunterlagen/Anlage LV und GEAB/20260709_PSZ_LV_VE42_Heizung.X83
150;jedoch;60,0;St;gaeb;Vergabeunterlagen/Anlage LV und GEAB/20260709_PSZ_LV_VE42_Heizung.X83
160;jedoch;30,0;St;gaeb;Vergabeunterlagen/Anlage LV und GEAB/20260709_PSZ_LV_VE42_Heizung.X83
170;jedoch;20,0;St;gaeb;Vergabeunterlagen/Anlage LV und GEAB/20260709_PSZ_LV_VE42_Heizung.X83
180;jedoch;20,0;St;gaeb;Vergabeunterlagen/Anlage LV und GEAB/20260709_PSZ_LV_VE42_Heizung.X83
190;Wärmedämmung für T-Stück, Wärmedämmung;110,0;St;gaeb;Vergabeunterlagen/Anlage LV und GEAB/20260709_PSZ_LV_VE42_Heizung.X83
200;jedoch;100,0;St;gaeb;Vergabeunterlagen/Anlage LV und GEAB/20260709_PSZ_LV_VE42_Heizung.X83
210;jedoch;90,0;St;gaeb;Vergabeunterlagen/Anlage LV und GEAB/20260709_PSZ_LV_VE42_Heizung.X83
220;jedoch;35,0;St;gaeb;Vergabeunterlagen/Anlage LV und GEAB/20260709_PSZ_LV_VE42_Heizung.X83
230;jedoch;10,0;St;gaeb;Vergabeunterlagen/Anlage LV und GEAB/20260709_PSZ_LV_VE42_Heizung.X83
240;jedoch;20,0;St;gaeb;Vergabeunterlagen/Anlage LV und GEAB/20260709_PSZ_LV_VE42_Heizung.X83
250;Wärmedämmung für Reduzierstück, Wärmedämmung;50,0;St;gaeb;Vergabeunterlagen/Anlage LV und GEAB/20260709_PSZ_LV_VE42_Heizung.X83
260;jedoch;30,0;St;gaeb;Vergabeunterlagen/Anlage LV und GEAB/20260709_PSZ_LV_VE42_Heizung.X83
270;jedoch;15,0;St;gaeb;Vergabeunterlagen/Anlage LV und GEAB/20260709_PSZ_LV_VE42_Heizung.X83
280;jedoch;6,0;St;gaeb;Vergabeunterlagen/Anlage LV und GEAB/20260709_PSZ_LV_VE42_Heizung.X83
290;jedoch;10,0;St;gaeb;Vergabeunterlagen/Anlage LV und GEAB/20260709_PSZ_LV_VE42_Heizung.X83
300;Wärmedämmung für Lufttopf bis DN 50, Wärmedämmung;12,0;St;gaeb;Vergabeunterlagen/Anlage LV und GEAB/20260709_PSZ_LV_VE42_Heizung.X83
310;jedoch;2,0;St;gaeb;Vergabeunterlagen/Anlage LV und GEAB/20260709_PSZ_LV_VE42_Heizung.X83
320;jedoch;2,0;St;gaeb;Vergabeunterlagen/Anlage LV und GEAB/20260709_PSZ_LV_VE42_Heizung.X83
330;Wärmedämmung an;30,0;m;gaeb;Vergabeunterlagen/Anlage LV und GEAB/20260709_PSZ_LV_VE42_Heizung.X83
340;jedoch;10,0;m;gaeb;Vergabeunterlagen/Anlage LV und GEAB/20260709_PSZ_LV_VE42_Heizung.X83
350;jedoch;10,0;m;gaeb;Vergabeunterlagen/Anlage LV und GEAB/20260709_PSZ_LV_VE42_Heizung.X83
360;jedoch;5,0;m;gaeb;Vergabeunterlagen/Anlage LV und GEAB/20260709_PSZ_LV_VE42_Heizung.X83
370;jedoch;4,0;m;gaeb;Vergabeunterlagen/Anlage LV und GEAB/20260709_PSZ_LV_VE42_Heizung.X83
380;jedoch;30,0;m;gaeb;Vergabeunterlagen/Anlage LV und GEAB/20260709_PSZ_LV_VE42_Heizung.X83
390;jedoch;10,0;m;gaeb;Vergabeunterlagen/Anlage LV und GEAB/20260709_PSZ_LV_VE42_Heizung.X83
400;jedoch;20,0;m;gaeb;Vergabeunterlagen/Anlage LV und GEAB/20260709_PSZ_LV_VE42_Heizung.X83
410;jedoch;2,0;m;gaeb;Vergabeunterlagen/Anlage LV und GEAB/20260709_PSZ_LV_VE42_Heizung.X83
420;Wärmedämmung einschließlich Ummantelung mit feuerverzinktem Stahlblech für Bogen aller Winkelgrade, Wärmedämmung;20,0;St;gaeb;Vergabeunterlagen/Anlage LV und GEAB/20260709_PSZ_LV_VE42_Heizung.X83
430;jedoch;4,0;St;gaeb;Vergabeunterlagen/Anlage LV und GEAB/20260709_PSZ_LV_VE42_Heizung.X83
440;jedoch;5,0;St;gaeb;Vergabeunterlagen/Anlage LV und GEAB/20260709_PSZ_LV_VE42_Heizung.X83
450;jedoch;4,0;St;gaeb;Vergabeunterlagen/Anlage LV und GEAB/20260709_PSZ_LV_VE42_Heizung.X83
460;jedoch;6,0;St;gaeb;Vergabeunterlagen/Anlage LV und GEAB/20260709_PSZ_LV_VE42_Heizung.X83
470;jedoch;15,0;St;gaeb;Vergabeunterlagen/Anlage LV und GEAB/20260709_PSZ_LV_VE42_Heizung.X83
480;jedoch;5,0;St;gaeb;Vergabeunterlagen/Anlage LV und GEAB/20260709_PSZ_LV_VE42_Heizung.X83
490;jedoch;15,0;St;gaeb;Vergabeunterlagen/Anlage LV und GEAB/20260709_PSZ_LV_VE42_Heizung.X83
500;jedoch;2,0;St;gaeb;Vergabeunterlagen/Anlage LV und GEAB/20260709_PSZ_LV_VE42_Heizung.X83
510;Wärmedämmung einschließlich Ummantelung mit feuerverzinktem Stahlblech für T-Stück, Wärmedämmung;2,0;St;gaeb;Vergabeunterlagen/Anlage LV und GEAB/20260709_PSZ_LV_VE42_Heizung.X83
520;jedoch;2,0;St;gaeb;Vergabeunterlagen/Anlage LV und GEAB/20260709_PSZ_LV_VE42_Heizung.X83
530;jedoch;4,0;St;gaeb;Vergabeunterlagen/Anlage LV und GEAB/20260709_PSZ_LV_VE42_Heizung.X83
540;jedoch;2,0;St;gaeb;Vergabeunterlagen/Anlage LV und GEAB/20260709_PSZ_LV_VE42_Heizung.X83
550;jedoch;2,0;St;gaeb;Vergabeunterlagen/Anlage LV und GEAB/20260709_PSZ_LV_VE42_Heizung.X83
560;jedoch;3,0;St;gaeb;Vergabeunterlagen/Anlage LV und GEAB/20260709_PSZ_LV_VE42_Heizung.X83
570;jedoch;2,0;St;gaeb;Vergabeunterlagen/Anlage LV und GEAB/20260709_PSZ_LV_VE42_Heizung.X83
580;jedoch;4,0;St;gaeb;Vergabeunterlagen/Anlage LV und GEAB/20260709_PSZ_LV_VE42_Heizung.X83
590;jedoch;2,0;St;gaeb;Vergabeunterlagen/Anlage LV und GEAB/20260709_PSZ_LV_VE42_Heizung.X83
600;Wärmedämmung einschließlich Ummantelung mit feuerverzinktem Stahlblech für Reduzierrstück, Wärmedämmung;2,0;St;gaeb;Vergabeunterlagen/Anlage LV und GEAB/20260709_PSZ_LV_VE42_Heizung.X83
610;jedoch;4,0;St;gaeb;Vergabeunterlagen/Anlage LV und GEAB/20260709_PSZ_LV_VE42_Heizung.X83
620;jedoch;2,0;St;gaeb;Vergabeunterlagen/Anlage LV und GEAB/20260709_PSZ_LV_VE42_Heizung.X83
630;jedoch;2,0;St;gaeb;Vergabeunterlagen/Anlage LV und GEAB/20260709_PSZ_LV_VE42_Heizung.X83
640;jedoch;8,0;St;gaeb;Vergabeunterlagen/Anlage LV und GEAB/20260709_PSZ_LV_VE42_Heizung.X83
650;jedoch;2,0;St;gaeb;Vergabeunterlagen/Anlage LV und GEAB/20260709_PSZ_LV_VE42_Heizung.X83
660;jedoch;4,0;St;gaeb;Vergabeunterlagen/Anlage LV und GEAB/20260709_PSZ_LV_VE42_Heizung.X83
670;jedoch;2,0;St;gaeb;Vergabeunterlagen/Anlage LV und GEAB/20260709_PSZ_LV_VE42_Heizung.X83
680;Wärmedämmung einschließlich Ummantelung mit feuerverzinktem Stahlblech für Flanschverbindungen, Wärmedämmung;4,0;St;gaeb;Vergabeunterlagen/Anlage LV und GEAB/20260709_PSZ_LV_VE42_Heizung.X83
690;jedoch;4,0;St;gaeb;Vergabeunterlagen/Anlage LV und GEAB/20260709_PSZ_LV_VE42_Heizung.X83
700;jedoch;8,0;St;gaeb;Vergabeunterlagen/Anlage LV und GEAB/20260709_PSZ_LV_VE42_Heizung.X83
710;jedoch;4,0;St;gaeb;Vergabeunterlagen/Anlage LV und GEAB/20260709_PSZ_LV_VE42_Heizung.X83
720;jedoch;4,0;St;gaeb;Vergabeunterlagen/Anlage LV und GEAB/20260709_PSZ_LV_VE42_Heizung.X83
730;jedoch;12,0;St;gaeb;Vergabeunterlagen/Anlage LV und GEAB/20260709_PSZ_LV_VE42_Heizung.X83
740;jedoch;4,0;St;gaeb;Vergabeunterlagen/Anlage LV und GEAB/20260709_PSZ_LV_VE42_Heizung.X83
750;jedoch;4,0;St;gaeb;Vergabeunterlagen/Anlage LV und GEAB/20260709_PSZ_LV_VE42_Heizung.X83
760;jedoch;4,0;St;gaeb;Vergabeunterlagen/Anlage LV und GEAB/20260709_PSZ_LV_VE42_Heizung.X83
770;Wärmedämmung einschließlich Ummantelung mit feuerverzinktem Stahlblech für Rohrschellen mit Befestigung, Wärmedämmung;30,0;St;gaeb;Vergabeunterlagen/Anlage LV und GEAB/20260709_PSZ_LV_VE42_Heizung.X83
780;jedoch;10,0;St;gaeb;Vergabeunterlagen/Anlage LV und GEAB/20260709_PSZ_LV_VE42_Heizung.X83
790;jedoch;10,0;St;gaeb;Vergabeunterlagen/Anlage LV und GEAB/20260709_PSZ_LV_VE42_Heizung.X83
800;jedoch;5,0;St;gaeb;Vergabeunterlagen/Anlage LV und GEAB/20260709_PSZ_LV_VE42_Heizung.X83
810;jedoch;4,0;St;gaeb;Vergabeunterlagen/Anlage LV und GEAB/20260709_PSZ_LV_VE42_Heizung.X83
820;jedoch;30,0;St;gaeb;Vergabeunterlagen/Anlage LV und GEAB/20260709_PSZ_LV_VE42_Heizung.X83
830;jedoch;10,0;St;gaeb;Vergabeunterlagen/Anlage LV und GEAB/20260709_PSZ_LV_VE42_Heizung.X83
840;jedoch;20,0;St;gaeb;Vergabeunterlagen/Anlage LV und GEAB/20260709_PSZ_LV_VE42_Heizung.X83
850;jedoch;2,0;St;gaeb;Vergabeunterlagen/Anlage LV und GEAB/20260709_PSZ_LV_VE42_Heizung.X83
860;Abnehmbare Dämmkappe zur Dämmung von Heizungsarmaturen mit Muffen- oder Flanschanschluss, bestehend aus Kappen und Hauben, einfach demontierbar, aus flexiblem Isoliermantel, Glasfasergewebe beidseitig, Innen- und Außenmantel fest und dicht miteinander verbunden, Dämmmaterial aus Glasfaservlies, mind;8,0;St;gaeb;Vergabeunterlagen/Anlage LV und GEAB/20260709_PSZ_LV_VE42_Heizung.X83
870;jedoch;12,0;St;gaeb;Vergabeunterlagen/Anlage LV und GEAB/20260709_PSZ_LV_VE42_Heizung.X83
880;jedoch;16,0;St;gaeb;Vergabeunterlagen/Anlage LV und GEAB/20260709_PSZ_LV_VE42_Heizung.X83
890;jedoch;8,0;St;gaeb;Vergabeunterlagen/Anlage LV und GEAB/20260709_PSZ_LV_VE42_Heizung.X83
900;jedoch;4,0;St;gaeb;Vergabeunterlagen/Anlage LV und GEAB/20260709_PSZ_LV_VE42_Heizung.X83
910;jedoch;4,0;St;gaeb;Vergabeunterlagen/Anlage LV und GEAB/20260709_PSZ_LV_VE42_Heizung.X83
920;Abnehmbare Dämmkappe zur Dämmung von Heizungsarmaturen mit Muffen- oder Flanschanschluss, bestehend aus Kappen und Hauben, als Blechmantel nach DIN 4140, verz. Stahlblech mehrteilig, einfach demontierbar, mit Spannschlössern, Kappenteile mit Mineralwollematten, einseitig auf verzinktem Drahtgeflecht;4,0;St;gaeb;Vergabeunterlagen/Anlage LV und GEAB/20260709_PSZ_LV_VE42_Heizung.X83
930;jedoch;4,0;St;gaeb;Vergabeunterlagen/Anlage LV und GEAB/20260709_PSZ_LV_VE42_Heizung.X83
940;jedoch;12,0;St;gaeb;Vergabeunterlagen/Anlage LV und GEAB/20260709_PSZ_LV_VE42_Heizung.X83
950;jedoch;6,0;St;gaeb;Vergabeunterlagen/Anlage LV und GEAB/20260709_PSZ_LV_VE42_Heizung.X83
960;jedoch;14,0;St;gaeb;Vergabeunterlagen/Anlage LV und GEAB/20260709_PSZ_LV_VE42_Heizung.X83
970;jedoch;20,0;St;gaeb;Vergabeunterlagen/Anlage LV und GEAB/20260709_PSZ_LV_VE42_Heizung.X83
980;jedoch;2,0;St;gaeb;Vergabeunterlagen/Anlage LV und GEAB/20260709_PSZ_LV_VE42_Heizung.X83
990;Wärmedämmung, Armaturen, Blech, DN 80;4,0;St;gaeb;Vergabeunterlagen/Anlage LV und GEAB/20260709_PSZ_LV_VE42_Heizung.X83
1000;Wärmedämmung, Armaturen, Blech, DN 100;2,0;St;gaeb;Vergabeunterlagen/Anlage LV und GEAB/20260709_PSZ_LV_VE42_Heizung.X83
1010;Wärmedämmung für Lufttopf bis DN 50, Wärmedämmung;12,0;St;gaeb;Vergabeunterlagen/Anlage LV und GEAB/20260709_PSZ_LV_VE42_Heizung.X83
1020;jedoch;2,0;St;gaeb;Vergabeunterlagen/Anlage LV und GEAB/20260709_PSZ_LV_VE42_Heizung.X83
1030;jedoch;2,0;St;gaeb;Vergabeunterlagen/Anlage LV und GEAB/20260709_PSZ_LV_VE42_Heizung.X83
1040;geschlossenzelliger Polyethylenschlauch, Weichschaum, ungeschlitzt, mit widerstandsfähiger Schutzfolie außen und Gleitfolie innen, Baustoffklasse B2 nach DIN EN 4102, Schlauch über alle Stoß- und Verbindungsstellen geschlossen ausführen, Rohr-Außendurchmesser 21,3 mm, DN 15, Isolierstärke Schlauch 4;20,0;m;gaeb;Vergabeunterlagen/Anlage LV und GEAB/20260709_PSZ_LV_VE42_Heizung.X83
1050;jedoch Rohr-Außendurchmesser 26,9 mm, DN 20;20,0;m;gaeb;Vergabeunterlagen/Anlage LV und GEAB/20260709_PSZ_LV_VE42_Heizung.X83
10;"Heizkörper als Mehrsäuler in Elementbauweise aus Stahl, Kopfstück aus Stahlblech, Rundrohr ca. 25 mm, Einzelelemente mit Baulängen von ca. 45 mm bis 50 mm, ab 2200 mm Bauhöhe mit werkseitig eingeschweißter Stabilisierungsstrebe; mit komplett schweißabbrandlosen Verbindungstechnologien,";321,0;St;gaeb;Vergabeunterlagen/Anlage LV und GEAB/20260709_PSZ_LV_VE42_Heizung.X83
20;"Stückzuschlag für Heizkörper als Mehrsäuler in Elementbauweise aus Stahl, Grundiert und lackiert mit Pulverlackierung nach DIN 55900 im Farbton RAL 9016, Anschlüsse 4 x 1/2"" Innengewinde stirnseitig, 1 Blindstopfen + 1 Entlüftungsventil je 1/2"", Heizkörper geeignet für gleichseitigen Anschluss, ansc";15,0;St;gaeb;Vergabeunterlagen/Anlage LV und GEAB/20260709_PSZ_LV_VE42_Heizung.X83
30;jedoch;166,0;St;gaeb;Vergabeunterlagen/Anlage LV und GEAB/20260709_PSZ_LV_VE42_Heizung.X83
40;jedoch;8,0;St;gaeb;Vergabeunterlagen/Anlage LV und GEAB/20260709_PSZ_LV_VE42_Heizung.X83
50;jedoch;238,0;St;gaeb;Vergabeunterlagen/Anlage LV und GEAB/20260709_PSZ_LV_VE42_Heizung.X83
60;jedoch;11,0;St;gaeb;Vergabeunterlagen/Anlage LV und GEAB/20260709_PSZ_LV_VE42_Heizung.X83
70;jedoch;44,0;St;gaeb;Vergabeunterlagen/Anlage LV und GEAB/20260709_PSZ_LV_VE42_Heizung.X83
80;jedoch;1,0;St;gaeb;Vergabeunterlagen/Anlage LV und GEAB/20260709_PSZ_LV_VE42_Heizung.X83
90;jedoch;1,0;St;gaeb;Vergabeunterlagen/Anlage LV und GEAB/20260709_PSZ_LV_VE42_Heizung.X83
100;jedoch;31,0;St;gaeb;Vergabeunterlagen/Anlage LV und GEAB/20260709_PSZ_LV_VE42_Heizung.X83
110;jedoch;2,0;St;gaeb;Vergabeunterlagen/Anlage LV und GEAB/20260709_PSZ_LV_VE42_Heizung.X83
120;jedoch;2287,0;St;gaeb;Vergabeunterlagen/Anlage LV und GEAB/20260709_PSZ_LV_VE42_Heizung.X83
130;jedoch;101,0;St;gaeb;Vergabeunterlagen/Anlage LV und GEAB/20260709_PSZ_LV_VE42_Heizung.X83
140;jedoch;8,0;St;gaeb;Vergabeunterlagen/Anlage LV und GEAB/20260709_PSZ_LV_VE42_Heizung.X83
150;jedoch;984,0;St;gaeb;Vergabeunterlagen/Anlage LV und GEAB/20260709_PSZ_LV_VE42_Heizung.X83
160;jedoch;37,0;St;gaeb;Vergabeunterlagen/Anlage LV und GEAB/20260709_PSZ_LV_VE42_Heizung.X83
170;jedoch;2,0;St;gaeb;Vergabeunterlagen/Anlage LV und GEAB/20260709_PSZ_LV_VE42_Heizung.X83
180;jedoch;4,0;St;gaeb;Vergabeunterlagen/Anlage LV und GEAB/20260709_PSZ_LV_VE42_Heizung.X83
190;jedoch;189,0;St;gaeb;Vergabeunterlagen/Anlage LV und GEAB/20260709_PSZ_LV_VE42_Heizung.X83
200;jedoch;9,0;St;gaeb;Vergabeunterlagen/Anlage LV und GEAB/20260709_PSZ_LV_VE42_Heizung.X83
210;jedoch;1,0;St;gaeb;Vergabeunterlagen/Anlage LV und GEAB/20260709_PSZ_LV_VE42_Heizung.X83
220;jedoch;247,0;St;gaeb;Vergabeunterlagen/Anlage LV und GEAB/20260709_PSZ_LV_VE42_Heizung.X83
230;jedoch;4,0;St;gaeb;Vergabeunterlagen/Anlage LV und GEAB/20260709_PSZ_LV_VE42_Heizung.X83
240;jedoch;5,0;St;gaeb;Vergabeunterlagen/Anlage LV und GEAB/20260709_PSZ_LV_VE42_Heizung.X83
250;jedoch;2,0;St;gaeb;Vergabeunterlagen/Anlage LV und GEAB/20260709_PSZ_LV_VE42_Heizung.X83
260;jedoch;42,0;St;gaeb;Vergabeunterlagen/Anlage LV und GEAB/20260709_PSZ_LV_VE42_Heizung.X83
270;jedoch;3,0;St;gaeb;Vergabeunterlagen/Anlage LV und GEAB/20260709_PSZ_LV_VE42_Heizung.X83
280;jedoch;48,0;St;gaeb;Vergabeunterlagen/Anlage LV und GEAB/20260709_PSZ_LV_VE42_Heizung.X83
290;jedoch;4,0;St;gaeb;Vergabeunterlagen/Anlage LV und GEAB/20260709_PSZ_LV_VE42_Heizung.X83
300;jedoch;83,0;St;gaeb;Vergabeunterlagen/Anlage LV und GEAB/20260709_PSZ_LV_VE42_Heizung.X83
310;jedoch;4,0;St;gaeb;Vergabeunterlagen/Anlage LV und GEAB/20260709_PSZ_LV_VE42_Heizung.X83
320;jedoch;53,0;St;gaeb;Vergabeunterlagen/Anlage LV und GEAB/20260709_PSZ_LV_VE42_Heizung.X83
330;jedoch;2,0;St;gaeb;Vergabeunterlagen/Anlage LV und GEAB/20260709_PSZ_LV_VE42_Heizung.X83
340;jedoch;1,0;St;gaeb;Vergabeunterlagen/Anlage LV und GEAB/20260709_PSZ_LV_VE42_Heizung.X83
350;jedoch;40,0;St;gaeb;Vergabeunterlagen/Anlage LV und GEAB/20260709_PSZ_LV_VE42_Heizung.X83
360;jedoch;3,0;St;gaeb;Vergabeunterlagen/Anlage LV und GEAB/20260709_PSZ_LV_VE42_Heizung.X83
370;jedoch;31,0;St;gaeb;Vergabeunterlagen/Anlage LV und GEAB/20260709_PSZ_LV_VE42_Heizung.X83
380;jedoch;1,0;St;gaeb;Vergabeunterlagen/Anlage LV und GEAB/20260709_PSZ_LV_VE42_Heizung.X83
390;jedoch;48,0;St;gaeb;Vergabeunterlagen/Anlage LV und GEAB/20260709_PSZ_LV_VE42_Heizung.X83
400;jedoch;3,0;St;gaeb;Vergabeunterlagen/Anlage LV und GEAB/20260709_PSZ_LV_VE42_Heizung.X83
410;jedoch;22,0;St;gaeb;Vergabeunterlagen/Anlage LV und GEAB/20260709_PSZ_LV_VE42_Heizung.X83
420;jedoch;1,0;St;gaeb;Vergabeunterlagen/Anlage LV und GEAB/20260709_PSZ_LV_VE42_Heizung.X83
430;"Heizkörper als Mehrsäuler in Elementbauweise aus Stahl, mit vergrößertem Gliederabstand, Kopfstück aus Stahlblech, Rundrohr ca. 25 mm, Einzelelemente mit Baulängen von ca. 65 mm, ab 2200 mm Bauhöhe mit werkseitig eingeschweißter Stabilisierungsstrebe; mit komplett schweißabbrandlosen Verbindungstech";64,0;St;gaeb;Vergabeunterlagen/Anlage LV und GEAB/20260709_PSZ_LV_VE42_Heizung.X83
440;"Stückzuschlag für Heizkörper als Mehrsäuler in Elementbauweise aus Stahl, mit vergrößertem Gliederabstand, Grundiert und lackiert mit Pulverlackierung nach DIN 55900 im Farbton RAL 9016, Anschlüsse 4 x 1/2"" Innengewinde stirnseitig, 1 Blindstopfen + 1 Entlüftungsventil je 1/2"", Heizkörper geeignet f";4,0;St;gaeb;Vergabeunterlagen/Anlage LV und GEAB/20260709_PSZ_LV_VE42_Heizung.X83
450;jedoch;15,0;St;gaeb;Vergabeunterlagen/Anlage LV und GEAB/20260709_PSZ_LV_VE42_Heizung.X83
460;jedoch;1,0;St;gaeb;Vergabeunterlagen/Anlage LV und GEAB/20260709_PSZ_LV_VE42_Heizung.X83
470;jedoch;50,0;St;gaeb;Vergabeunterlagen/Anlage LV und GEAB/20260709_PSZ_LV_VE42_Heizung.X83
480;jedoch;5,0;St;gaeb;Vergabeunterlagen/Anlage LV und GEAB/20260709_PSZ_LV_VE42_Heizung.X83
490;jedoch;14,0;St;gaeb;Vergabeunterlagen/Anlage LV und GEAB/20260709_PSZ_LV_VE42_Heizung.X83
500;jedoch;1,0;St;gaeb;Vergabeunterlagen/Anlage LV und GEAB/20260709_PSZ_LV_VE42_Heizung.X83
510;"Heizkörper als Mehrsäuler in Elementbauweise aus Stahl, mit vergrößertem Gliederabstand, Kopfstück aus Stahlblech, Rundrohr ca. 25 mm, Einzelelemente mit Baulängen von ca. 65 mm, ab 2200 mm Bauhöhe mit werkseitig eingeschweißter Stabilisierungsstrebe; mit komplett schweißabbrandlosen Verbindungstech";25,0;St;gaeb;Vergabeunterlagen/Anlage LV und GEAB/20260709_PSZ_LV_VE42_Heizung.X83
520;"Stückzuschlag für Heizkörper als Mehrsäuler in Elementbauweise aus Stahl, mit vergrößertem Gliederabstand, Ausführung außen feuerverzinkt, für Nassräume. Grundiert und lackiert mit Pulverlackierung nach DIN 55900 im Farbton RAL 9016, Anschlüsse 4 x 1/2"" Innengewinde stirnseitig, 1 Blindstopfen + 1 E";1,0;St;gaeb;Vergabeunterlagen/Anlage LV und GEAB/20260709_PSZ_LV_VE42_Heizung.X83
530;jedoch;6,0;St;gaeb;Vergabeunterlagen/Anlage LV und GEAB/20260709_PSZ_LV_VE42_Heizung.X83
540;jedoch;1,0;St;gaeb;Vergabeunterlagen/Anlage LV und GEAB/20260709_PSZ_LV_VE42_Heizung.X83
550;Mehraufwand für Verbringung von neuen Heizkörpern mit einem Leergewicht größer 100 kg bis zum Installationsort;10,0;St;gaeb;Vergabeunterlagen/Anlage LV und GEAB/20260709_PSZ_LV_VE42_Heizung.X83
560;Ausbauen, Zwischenlagern und Wiedereinbauen von vorgenannten Röhrenradiatoren, innerhalb der Ausführungszeit, einschließlich Schützen der Anschlüsse von Heizkörpern und Rohren gegen Verschmutzung sowie Erneuerung der Anschlussdichtungen, in Gruppen von 1 bis 10 Heizkörpern, einschließlich Entleeren ;247,0;St;gaeb;Vergabeunterlagen/Anlage LV und GEAB/20260709_PSZ_LV_VE42_Heizung.X83
570;Standkonsole mit Wandbefestigung, für vorgenannte Röhrenradiatoren mit normalen oder vergrößertem Gliederabstand. Befestigung gemäß Anforderungsklasse 3 nach VDI 6036.;90,0;St;gaeb;Vergabeunterlagen/Anlage LV und GEAB/20260709_PSZ_LV_VE42_Heizung.X83
580;Heizkörper-Rücklaufverschraubung, absperr- und regulierbar, Gehäuse aus Messing, vernickelt, selbstdichtend, für Wasser bis 120 °C, Durchgangs- oder Winkel-Eckform, PN 10, DN 15, einschließlich Verbindungs-, Dichtungs- und Befestigungsmaterial.;247,0;St;gaeb;Vergabeunterlagen/Anlage LV und GEAB/20260709_PSZ_LV_VE42_Heizung.X83
590;Ventilgehäuse aus Messing, vernickelt, selbstdichtend, für Wasser bis 120 °C, Durchgangs- oder Winkel-Eckform, PN 10, DN 15, einschließlich Verbindungs-, Dichtungs- und Befestigungsmaterial.;247,0;St;gaeb;Vergabeunterlagen/Anlage LV und GEAB/20260709_PSZ_LV_VE42_Heizung.X83
600;Heizkörper-Thermostatkopf mit eingebautem Messelement, mit Frostschutzsicherung, ohne Nullstellung, begrenz- und blockierbar (nur mit Spezialwerkzeug verstellbar), weiß, Temperaturbereich ca. 7 - 28 °C mit Skala ca. 1-5, passend zu den vorgenannten Heizkörpern mit integrierter Ventilgarnitur sowie z;247,0;St;gaeb;Vergabeunterlagen/Anlage LV und GEAB/20260709_PSZ_LV_VE42_Heizung.X83
610;"Spezialwerkzeug für vorgenannten Thermostatkopf für Verstellung Einstellwert; Übergabe Werkzeug erfolgt im Rahmen Einweisung an Nutzer bzw. Bauherrn";2,0;St;gaeb;Vergabeunterlagen/Anlage LV und GEAB/20260709_PSZ_LV_VE42_Heizung.X83
620;Einzelrosette aus Kunststoff, für die Abdeckung von Heizkörper-Anschlussrohren aus dem Fußboden oder aus der Wand, Farbe weiß, für Rohr-Außendurchmesser bis 22 mm;450,0;St;gaeb;Vergabeunterlagen/Anlage LV und GEAB/20260709_PSZ_LV_VE42_Heizung.X83
630;Doppelrosette aus Kunststoff, weiß, für die Abdeckung von Heizkörper-Anschlussrohren aus dem Fußboden oder aus der Wand, Stichmaß 50 mm, Farbe weiß, für Rohr-Außendurchmesser bis 18 mm;50,0;St;gaeb;Vergabeunterlagen/Anlage LV und GEAB/20260709_PSZ_LV_VE42_Heizung.X83
640;Elektrischer Heizkörper, wandhängend, als;1,0;St;gaeb;Vergabeunterlagen/Anlage LV und GEAB/20260709_PSZ_LV_VE42_Heizung.X83
10;Verlegeplatte als Rohrträger zur stoßweisen Verlegung, mit Rohrführungskanälen zur Aufnahme der Wärmeleitlamellen und der Heizungsrohre 14x2mm, mögliche Verlegeabstände ca. 15 cm, 22,5 cm oder 30cm. Inkl. Klebeband zur Verbindung der Nahtstellen.;215,0;m2;gaeb;Vergabeunterlagen/Anlage LV und GEAB/20260709_PSZ_LV_VE42_Heizung.X83
20;Wärmeleitlamelle für die gleichmäßige Wärmeverteilung und Befestigung der Rohre 14x2 mm, mit 2-facher Vorstanzung zum einfachen Kürzen.;1200,0;St;gaeb;Vergabeunterlagen/Anlage LV und GEAB/20260709_PSZ_LV_VE42_Heizung.X83
30;Systemrohr 14 x 2mm als PE-Xa Rohr mit Sauerstoffdiffusionssperre aus EVOH und zusätzlicher äußerer Schutzschicht, für Warmwassersysteme nach EN ISO 15875, aus vernetztem Polyethylen, sauerstoffdicht nach DIN 4726, max. Betriebstemperatur:;1700,0;m;gaeb;Vergabeunterlagen/Anlage LV und GEAB/20260709_PSZ_LV_VE42_Heizung.X83
40;Presskupplung 14x2-14x2mm, passend zu vorgenannter Rohrleitung;10,0;St;gaeb;Vergabeunterlagen/Anlage LV und GEAB/20260709_PSZ_LV_VE42_Heizung.X83
50;PE Folie Folie, Stärke 0,2mm, zur Abdeckung der Dämmung als Schutz gem. DIN 18560.;215,0;m2;gaeb;Vergabeunterlagen/Anlage LV und GEAB/20260709_PSZ_LV_VE42_Heizung.X83
60;Randdämmstreifen 150 x 10mm, für die normgerechte Trennung des Estrichs zu angrenzenden Bauteilen bei Fußbodenkonstruktionen gem. DIN 18560 und DIN EN 1264, mit mehrfacher Abreißschlitzung, mit aufkaschierter PE-Folie, mit selbstklebender Rückseite und selbstklebendem Folienflansch;70,0;m;gaeb;Vergabeunterlagen/Anlage LV und GEAB/20260709_PSZ_LV_VE42_Heizung.X83
70;Vormontierte Pumpengruppe bis 15kW mit Vorlauftemperaturregler, Vorlauftemperaturfühler, Außentemperaturfühler, 3-Wege-Mischer mit Stellantrieb 230 V, zur witterungsgeführten Vorlauftemperaturregelung.;1,0;St;gaeb;Vergabeunterlagen/Anlage LV und GEAB/20260709_PSZ_LV_VE42_Heizung.X83
80;Verlegung des Anschlusskabels Außentemperaturfühler zwischen Fühler und Regelung  im Kunststoff-Panzerrohr, einschl. Rohrbefestigung und Einziehen des Kabels, einschließlich erforderlichem Klein- und Befestigungsmaterial, Gesamtlänge bis ca. 20m.;1,0;St;gaeb;Vergabeunterlagen/Anlage LV und GEAB/20260709_PSZ_LV_VE42_Heizung.X83
90;Verteiler Flächenheizung 14-Kreise, aus Edelstahl mit integrierten Ventilen, Verbindung rechts oder links mit Flachdichtung, integriertes Füll- und Entleerungsventil im Vor- und Rücklauf.;1,0;St;gaeb;Vergabeunterlagen/Anlage LV und GEAB/20260709_PSZ_LV_VE42_Heizung.X83
100;Verteilerschrank für vorgenannte Verteiler. Schrank mit Tür, zur Aufputzmontage, aus verzinktem Stahl, weiß pulverbeschichtet (RAL90169), Tür abschließbar mit 2 Zylinderschlössern und je 2 Schlüsseln.;1,0;St;gaeb;Vergabeunterlagen/Anlage LV und GEAB/20260709_PSZ_LV_VE42_Heizung.X83
110;Klemmringverschraubung 14x2 - G3/4 aus Messing mit Eurokonus,;28,0;St;gaeb;Vergabeunterlagen/Anlage LV und GEAB/20260709_PSZ_LV_VE42_Heizung.X83
120;Befüllen des Teilbereiches Flächenheizung mit aufbereitetem Wasser gemäß VDI 2035 entsprechend den Anforderungen des Wärmeerzeugers, einschließlich mehrmaliges Entlüften und Nachfüllen der Anlage.;1400,0;m;gaeb;Vergabeunterlagen/Anlage LV und GEAB/20260709_PSZ_LV_VE42_Heizung.X83
130;Dichtheitsprüfung des Teilbereiches Flächenheizung, als Wasserdruckprobe, Prüfdruck mit 1,3-fachem Betriebsüberdruck, Prüfzeit mindestens 60 Minuten, nach Fertigstellung der Anlage, einschließlich der hierfür erforderlichen Verschlüsse und Anschlüsse sowie deren Beseitigung nach der Druckprobe.;1400,0;m;gaeb;Vergabeunterlagen/Anlage LV und GEAB/20260709_PSZ_LV_VE42_Heizung.X83
140;Spülen des Teilbereiches Flächenheizung vor der Inbetriebnahme / Befüllung mit Wasser, einschließlich liefern und schadloses Beseitigen der dazu notwendigen Betriebsstoffe, Reinigungsmittel, Werkzeuge und Hilfsmittel sowie Verschlüsse und Anschlüsse sowie deren Beseitigung nach dem Spülen, einschlie;1,0;St;gaeb;Vergabeunterlagen/Anlage LV und GEAB/20260709_PSZ_LV_VE42_Heizung.X83
10;Kernbohrung, Untergrundfläche senkrecht oder waagerecht, aus Stahlbeton, Bohrdurchmesser bis 100 mm, Bohrtiefe über 20 bis 35 cm, in Diamant-Kernbohrtechnik, nass, Ausführung in allen Geschossen, Montagehöhe bis 6,0 m, einschließlich Lösen des Bohrkerns aus dem Gefüge, Entsorgung des Bohrkerns und d;4,0;St;gaeb;Vergabeunterlagen/Anlage LV und GEAB/20260709_PSZ_LV_VE42_Heizung.X83
20;jedoch;24,0;St;gaeb;Vergabeunterlagen/Anlage LV und GEAB/20260709_PSZ_LV_VE42_Heizung.X83
30;Kernbohrung, Untergrundfläche senkrecht oder waagerecht, aus Mauerwerk KS bzw. MZ NF, Bohrdurchmesser bis 100 mm, Bohrtiefe über 20 bis 35 cm, in Diamant-Kernbohrtechnik, nass, Ausführung in allen Geschossen, Montagehöhe bis 6,0 m, einschließlich Lösen des Bohrkerns aus dem Gefüge, Entsorgung des Bo;140,0;St;gaeb;Vergabeunterlagen/Anlage LV und GEAB/20260709_PSZ_LV_VE42_Heizung.X83
40;jedoch;20,0;St;gaeb;Vergabeunterlagen/Anlage LV und GEAB/20260709_PSZ_LV_VE42_Heizung.X83
50;jedoch;10,0;St;gaeb;Vergabeunterlagen/Anlage LV und GEAB/20260709_PSZ_LV_VE42_Heizung.X83
60;jedoch;10,0;St;gaeb;Vergabeunterlagen/Anlage LV und GEAB/20260709_PSZ_LV_VE42_Heizung.X83
70;Wanddurchbruch in nicht statischen Mauerwerks- bzw. Betonsteinwänden, B x H = 200 x 200 mm, Wandstärke bis 300 mm, Durchbruch herstellen, Ausführung in allen Geschossen, Montagehöhe bis 6,0 m,;10,0;St;gaeb;Vergabeunterlagen/Anlage LV und GEAB/20260709_PSZ_LV_VE42_Heizung.X83
80;jedoch B x H = 500 x 200 mm;20,0;St;gaeb;Vergabeunterlagen/Anlage LV und GEAB/20260709_PSZ_LV_VE42_Heizung.X83
90;Wandschlitz in Mauerwerk in Teillängen herstellen,;10,0;m;gaeb;Vergabeunterlagen/Anlage LV und GEAB/20260709_PSZ_LV_VE42_Heizung.X83
100;jedoch BxT bis 400 x 150 mm;10,0;m;gaeb;Vergabeunterlagen/Anlage LV und GEAB/20260709_PSZ_LV_VE42_Heizung.X83
110;Beantragung einer Kernbohrung oder eines Durchbruchs in massive Decken oder Wände vor der Ausführung, Antrag schriftlich in Form eines Formulars einschließlich eines Planausschnittes mit Angabe von Lage, Dimension und Abstandsmaßen bezogen auf Wände und Decken, Übergabe an die Objektüberwachung, Aus;100,0;St;gaeb;Vergabeunterlagen/Anlage LV und GEAB/20260709_PSZ_LV_VE42_Heizung.X83
120;Anzeichnen von Durchbrüchen bzw. Kernbohrungen, die bauseits erstellt werden, in Wände und Decken aus Mauerwerk oder Stahlbeton;100,0;St;gaeb;Vergabeunterlagen/Anlage LV und GEAB/20260709_PSZ_LV_VE42_Heizung.X83
130;Herstellen einer Vorbohrung mit Durchmesser bis 20 mm zum Abgleich der beiden Raum- bzw. Geschossseiten;10,0;St;gaeb;Vergabeunterlagen/Anlage LV und GEAB/20260709_PSZ_LV_VE42_Heizung.X83
140;Wand- oder Deckendurchbruch oder Kernbohrungen in Mauerwerk und Beton ohne Brandschutzanforderungen nach Fertigstellung der Installation und Schottung schließen,;20,0;St;gaeb;Vergabeunterlagen/Anlage LV und GEAB/20260709_PSZ_LV_VE42_Heizung.X83
150;jedoch;10,0;St;gaeb;Vergabeunterlagen/Anlage LV und GEAB/20260709_PSZ_LV_VE42_Heizung.X83
160;Wasserfeste Schichtholzplatte als Unterstützungskonstruktion zur Befestigung von Leitungen und Heizflächen an Leichtbau-Ständerwänden oder Vorwandinstallationen, Einbau in die Unterkonstruktion der Leichtbauwände, einschließlich Befestigungsmaterial, Plattenlänge bis 600 mm, Plattenbreite ca. 200 mm;30,0;St;gaeb;Vergabeunterlagen/Anlage LV und GEAB/20260709_PSZ_LV_VE42_Heizung.X83
170;Fahrbare Gerüste Auf- und Abbauen, für die Montage der in;2,0;St;gaeb;Vergabeunterlagen/Anlage LV und GEAB/20260709_PSZ_LV_VE42_Heizung.X83
180;Fahrbare Gerüste vorhalten, für die Montage der in diesem Leistungsverzeichnis aufgeführten technischen Anlagen, Aufstellung im Gebäude, Arbeitshöhe über Fußboden über 3,50 bis 6,0 m, Arbeitsfläche nach Wahl des AN in Abhängigkeit der Abmessungen der zu montierenden Komponenten, einschl. Vorhaltung ;4,0;StWo;gaeb;Vergabeunterlagen/Anlage LV und GEAB/20260709_PSZ_LV_VE42_Heizung.X83
190;Schutz von Fußböden mit geeigneten massiven und begehbahren Bauplatten, wie z.B. Seekiefernplatten, insbesondere zur Lastverteilung bei Einbringung von schweren Hauptkomponenten innerhalb von Fluren oder Zentralen, Auslegen der Platten vor dem Beginn der Installationsarbeiten,;50,0;m²;gaeb;Vergabeunterlagen/Anlage LV und GEAB/20260709_PSZ_LV_VE42_Heizung.X83
10;Profilstahlkonstruktion für Stütz-, Hänge- und Tragkonstruktionen, Festpunkte sowie Sonderbefestigungen, die durch bauliche Erfordernisse benötigt werden und durch nicht handelsübliche Befestigungen und Halterungen erbracht werden müssen, maßgerecht einbauen, als Installationsschienensystem, feuerve;500,0;kg;gaeb;Vergabeunterlagen/Anlage LV und GEAB/20260709_PSZ_LV_VE42_Heizung.X83
20;jedoch Montagehöhe über 3,5 m bis 6 m;1000,0;kg;gaeb;Vergabeunterlagen/Anlage LV und GEAB/20260709_PSZ_LV_VE42_Heizung.X83
10;Erstellen einer Schilderliste für sämtliche zu beschildernde Anlagen, Komponenten usw., dreizeiliger Text mit bis zu 20 Zeichen als alphanummerischen Code, zur Vorlage bei der Objekt- / Bauüberwachung und zur Abstimmung und Freigabe durch den AG, Anzahl der Schilder ca. 80 Stück;1,0;St;gaeb;Vergabeunterlagen/Anlage LV und GEAB/20260709_PSZ_LV_VE42_Heizung.X83
20;Bezeichnungsschild aus farblich unterschiedlichem mehrschichtigem Kunststoff auf Trägermaterial Aluminium, Beschriftung ein-, zwei- oder dreizeilig gefräst, Schildergröße Höhe 50 mm, Breite 100 mm, Lettergröße ca. 5 mm, Farben nach Wahl AG, einschließlich systemgebundener Befestigung mit Spannband o;80,0;St;gaeb;Vergabeunterlagen/Anlage LV und GEAB/20260709_PSZ_LV_VE42_Heizung.X83
30;Kennzeichnungen von Leitungen und Kanälen nach dem Durchflussstoff und der Fließrichtung mittels Pfeilen nach DIN 2403, PVC-Streifen, farbig, selbstklebend, als Rollenware, Montage auf der Dämmung bzw. auf unisolierten Leitungen.;400,0;St;gaeb;Vergabeunterlagen/Anlage LV und GEAB/20260709_PSZ_LV_VE42_Heizung.X83
40;Anlagen-Übersichtsplan auf Basis eines Anlagenschemas der Ausführungsplanung, farbig angelegt, auf stabiler und feuchtigkeitsunempfindlicher Platte aufgezogen, wasserdicht laminiert und gerahmt, Aufhängen in der Technikzentrale, einschließlich Wandbefestigung, Größe bis DIN A 0;1,0;St;gaeb;Vergabeunterlagen/Anlage LV und GEAB/20260709_PSZ_LV_VE42_Heizung.X83
10;Befüllen des neuen Heizungsnetzes der Heizungsanlage mit aufbereitetem Wasser gemäß VDI 2035 entsprechend den Anforderungen des Wärmeerzeugers, einschließlich mehrmaliges Entlüften und Nachfüllen der Anlage.;3800,0;m;gaeb;Vergabeunterlagen/Anlage LV und GEAB/20260709_PSZ_LV_VE42_Heizung.X83
20;Abschnitts- bzw. strangweise Dichtheitsprüfung von Heizungsleitungen, in Abhängigkeit des Baufortschritts, als Wasserdruckprobe, Prüfdruck mit 1,3-fachem Betriebsüberdruck, Prüfzeit mindestens 60 Minuten, nach Fertigstellung der Anlage, einschließlich der hierfür erforderlichen Verschlüsse und Ansch;3800,0;m;gaeb;Vergabeunterlagen/Anlage LV und GEAB/20260709_PSZ_LV_VE42_Heizung.X83
30;Spülen der Heizungsanlage vor der Inbetriebnahme mit Wasser, Abschnitte entsprechend der Leitungsinstallation, einschließlich liefern und schadloses Beseitigen der dazu notwendigen Betriebsstoffe, Reinigungsmittel, Werkzeuge und Hilfsmittel sowie Verschlüsse und Anschlüsse sowie deren Beseitigung na;20,0;St;gaeb;Vergabeunterlagen/Anlage LV und GEAB/20260709_PSZ_LV_VE42_Heizung.X83
40;Zweimalige Reinigung der Schmutzfänger, erste Reinigung nach dem Spülen der Anlage, zweite Reinigung nach Abschluss des Probebetriebes.;7,0;St;gaeb;Vergabeunterlagen/Anlage LV und GEAB/20260709_PSZ_LV_VE42_Heizung.X83
50;Funktionsprüfung der im vorliegenden Leistungsverzeichnis enthaltenen Wärmeversorgungsanlagen in folgendem Umfang:;1,0;St;gaeb;Vergabeunterlagen/Anlage LV und GEAB/20260709_PSZ_LV_VE42_Heizung.X83
60;Probebetrieb der im vorliegenden Leistungsverzeichnis enthaltenen Wärmeversorgungsanlagen nach erfolgreicher Funktionsprüfung und terminlicher Vereinbarung durch die Objekt- / Bauüberwachung, Durchführung gemeinsam mit den beteiligten technischen Gewerken, Laufzeit des Probebetriebes von einem Monat;1,0;St;gaeb;Vergabeunterlagen/Anlage LV und GEAB/20260709_PSZ_LV_VE42_Heizung.X83
70;Wiederholte Einweisung des Bedienungs- und Wartungspersonals in alle in diesem Leistungsverzeichnis aufgeführten Anlagen, zusätzlich zur einmaligen Einweisung als Nebenleistung nach Punkt 3.5.3 DIN 18380 VOB/C.;1,0;St;gaeb;Vergabeunterlagen/Anlage LV und GEAB/20260709_PSZ_LV_VE42_Heizung.X83
10;Auf Grundlage der Ausführungsplanung und Berechnungen des Auftraggebers sind sofort nach der Übergabe die für die Ausführung erforderlichen Unterlagen für den gesamten im vorliegenden Leistungsverzeichnis beschriebenen Leistungsumfang als Montage- und Werkstattplanung zu erstellen und dem AG zu über;1,0;St;gaeb;Vergabeunterlagen/Anlage LV und GEAB/20260709_PSZ_LV_VE42_Heizung.X83
20;Die Brandschutzdokumentation ist im Vorfeld der behördlichen Abnahmen als separate Unterlage zu erstellen und dem Bauherren zu übergeben.;1,0;St;gaeb;Vergabeunterlagen/Anlage LV und GEAB/20260709_PSZ_LV_VE42_Heizung.X83
30;Auf Grundlage der erstellten und freigegebenen Werkstatt- und Montageplanung, der letztgültigen Ausführungsplanung, der aktuellsten Architekten-Werkpläne und der ausgeführten Leistung sind für den gesamten im vorliegenden Leistungsverzeichnis beschriebenen Leistungsumfang Unterlagen mitzuliefern und;1,0;St;gaeb;Vergabeunterlagen/Anlage LV und GEAB/20260709_PSZ_LV_VE42_Heizung.X83
10;Stundenverrechnungssatz für Obermonteur;20,0;h;gaeb;Vergabeunterlagen/Anlage LV und GEAB/20260709_PSZ_LV_VE42_Heizung.X83
20;Stundenverrechnungssatz für Monteur;20,0;h;gaeb;Vergabeunterlagen/Anlage LV und GEAB/20260709_PSZ_LV_VE42_Heizung.X83
30;Stundenverrechnungssatz für Helfer;20,0;h;gaeb;Vergabeunterlagen/Anlage LV und GEAB/20260709_PSZ_LV_VE42_Heizung.X83
10;Wartung / Inspektion für die wartungspflichtigen Komponenten der in diesem Leistungsverzeichnis enthaltenen Wärmeversorgungsanlagen einschließlich direktem Zubehör, gemäß anliegendem Muster, einschließlich aller Nebenkosten, innerhalb der Verjährungszeit für Mängelansprüche.;4,0;St;gaeb;Vergabeunterlagen/Anlage LV und GEAB/20260709_PSZ_LV_VE42_Heizung.X83
