Pos.;Leistung;Menge;Einheit;Quelle;Datei
1;Anfertigen von der Werk- und Montageplanung als 3D Modell entsprechend genanntem Hinweis für die gesamten Lieferungen und Leistungen des Auftragnehmers.;1,0;St;gaeb;leistungsbeschreibungen/Wup_Barmer_HV_LV_VE 402 Heizung + Kaelte_260713.x83
2;Rohrspannungsberechnung für alle vorher beschriebenen Gewerke.;1,0;psch;gaeb;leistungsbeschreibungen/Wup_Barmer_HV_LV_VE 402 Heizung + Kaelte_260713.x83
1;In dieser Position sind durch den Auftragnehmer alle Lieferungen und Leistungen aufzunehmen, die zur ordnungsgemäßen, vorschriftsgemäßen und mangelfreien Durchführung der Lieferungen und Leistungen aller im Leistungsverzeichnis genannten Positionen bis zur Vollendung des Auftrages notwendig sind (in;1,0;psch;gaeb;leistungsbeschreibungen/Wup_Barmer_HV_LV_VE 402 Heizung + Kaelte_260713.x83
1;Projektabwicklung im Rahmen der MSR ist durch den Auftragnehmer auszuführen, hierbei:;1,0;psch;gaeb;leistungsbeschreibungen/Wup_Barmer_HV_LV_VE 402 Heizung + Kaelte_260713.x83
2;Kabelliste 2-fach erstellen, beinhaltend die Darstellung von Leitungen und Kabeln mit Klemmen auf der Kabel- und Geräteliste sowie deren fortlaufende Nummerierung.;1,0;psch;gaeb;leistungsbeschreibungen/Wup_Barmer_HV_LV_VE 402 Heizung + Kaelte_260713.x83
3;Bezeichnung aller elektrischen Feldgeräte wie Fühler, Mischer, Pumpen, RLT-Anlagen, etc. in elektronischer Ausgabeform bestehend aus:;40,0;St;gaeb;leistungsbeschreibungen/Wup_Barmer_HV_LV_VE 402 Heizung + Kaelte_260713.x83
4;Leistung wie zuletzt in vollem Wortlaut, jedoch anstelle für Feldgeräte als Kabelbezeichnung mit Kabelbezeichnungsbinder.;250,0;St;gaeb;leistungsbeschreibungen/Wup_Barmer_HV_LV_VE 402 Heizung + Kaelte_260713.x83
5;Abisolieren, Eindichten und Einführen der verlegten Elektroleitungen für alle im Leistungsverzeichnis enthaltenen elektrischen Bauteile, auch wenn diese nicht einzeln erwähnt wurden;120,0;St;gaeb;leistungsbeschreibungen/Wup_Barmer_HV_LV_VE 402 Heizung + Kaelte_260713.x83
1;Stellen von Sicherheitsarbeitsgerüsten und Leitern nach UVV für die Dauer der gesamten Montagearbeiten einschl. Auf- und Abbau, An- und Abfahrt für alle Geschosse für die gesamte Bauzeit bis 10,0 m Arbeitshöhe ohne Hebebühnen.;1,0;psch;gaeb;leistungsbeschreibungen/Wup_Barmer_HV_LV_VE 402 Heizung + Kaelte_260713.x83
2;Beistellen von Hebe-/ Scherenbühnen mit elektrischem Antrieb für Arbeitshöhen bis 10,0 m. Hebebühnen aller Art als Hub-, Schertisch, etc.;1,0;psch;gaeb;leistungsbeschreibungen/Wup_Barmer_HV_LV_VE 402 Heizung + Kaelte_260713.x83
3;Stundensatz für Hebe-/ Scherenbühnen mit elektrischem Antrieb für Arbeitshöhen bis 10,0 m. Hebebühnen aller Art als Hub-, Schertisch, etc.;16,0;h;gaeb;leistungsbeschreibungen/Wup_Barmer_HV_LV_VE 402 Heizung + Kaelte_260713.x83
4;An- und Abfahrt für zuvor benannte Hebe-/ Scherenbühnen, die nach der regulären Bauzeit erforderlich sind.;1,0;psch;gaeb;leistungsbeschreibungen/Wup_Barmer_HV_LV_VE 402 Heizung + Kaelte_260713.x83
1;Bezeichnungsschilder aus Alublech mit abgeschrägten Kanten und eingravierter Schrift mit min. 3-zeiliger Beschriftung für Schriftgröße 12 bis 20.;400,0;St;gaeb;leistungsbeschreibungen/Wup_Barmer_HV_LV_VE 402 Heizung + Kaelte_260713.x83
2;Zulage für Bezeichnungsschilder für Schilderhalter aus Alublech mit rückseitiger Befestigungsmöglichkeit an Wand oder Decke direkt,;150,0;St;gaeb;leistungsbeschreibungen/Wup_Barmer_HV_LV_VE 402 Heizung + Kaelte_260713.x83
3;Flussrichtungspfeile in farbiger Ausführung, mit maschineller Beschriftung, zum Aufkleben an Rohrisolierung, Stahlkonstruktionen oder Kanäle, Lieferung und Montage nach DIN 2403, DIN 2404 und DIN 12792.;20,0;St;gaeb;leistungsbeschreibungen/Wup_Barmer_HV_LV_VE 402 Heizung + Kaelte_260713.x83
4;Flussrichtungspfeile in farbiger Ausführung, mit maschineller Beschriftung, zum Aufkleben an Rohrisolierung, Stahlkonstruktionen oder Kanäle, Lieferung und Montage nach DIN 2403, DIN 2404 und DIN 12792.;5,0;St;gaeb;leistungsbeschreibungen/Wup_Barmer_HV_LV_VE 402 Heizung + Kaelte_260713.x83
5;Sonderschild entsprechend der Verwendung in angepasster Form als Klebeschild für Türaufkleber erstellen und anbringen (z. B. Hinweis-/ Gefahrenschilder, etc.).;20,0;St;gaeb;leistungsbeschreibungen/Wup_Barmer_HV_LV_VE 402 Heizung + Kaelte_260713.x83
6;Revisionsplan des Schemas als CAD-Plot farbig angelegt, auf VK100 Platte 19 mm aufgeklebt, mit Plexiglasabdeckung in der Zentrale gut sichtbar aufhängen, einschl. der entsprechenden Wandaufhänger aus Edelstahl.;20,0;St;gaeb;leistungsbeschreibungen/Wup_Barmer_HV_LV_VE 402 Heizung + Kaelte_260713.x83
1;Leistung wie zuvor in vollem Wortlaut, jedoch Querung Dachflächen bis 0,5 m2, vertikal oder horizontal, rund oder eckig;20,0;St;gaeb;leistungsbeschreibungen/Wup_Barmer_HV_LV_VE 402 Heizung + Kaelte_260713.x83
2;Leistung wie zuvor in vollem Wortlaut, jedoch Querung von Wänden oder Decken bis 0,5 m2, vertikal oder horizontal, rund oder eckig;20,0;St;gaeb;leistungsbeschreibungen/Wup_Barmer_HV_LV_VE 402 Heizung + Kaelte_260713.x83
1;Anfertigen von Bestandsunterlagen in 1-facher Ausfertigung entsprechend genanntem Hinweis für die gesamten Lieferungen und Leistungen des Auftragnehmers.;1,0;psch;gaeb;leistungsbeschreibungen/Wup_Barmer_HV_LV_VE 402 Heizung + Kaelte_260713.x83
2;Anfertigen von Bestandsunterlagen als 3D Modell entsprechend genanntem Hinweis für die gesamten Lieferungen und Leistungen des Auftragnehmers.;1,0;St;gaeb;leistungsbeschreibungen/Wup_Barmer_HV_LV_VE 402 Heizung + Kaelte_260713.x83
1;Absperren und Entleeren der Heizungsleitungen vom vorhandenen Leitungsnetz und Verschließen der Anschlüsse für die gesamte Bauphase.;1,0;St;gaeb;leistungsbeschreibungen/Wup_Barmer_HV_LV_VE 402 Heizung + Kaelte_260713.x83
2;Leistung wie zuletzt in vollem Wortlaut, jedoch für Teilstrecken, separat absperrbar;20,0;St;gaeb;leistungsbeschreibungen/Wup_Barmer_HV_LV_VE 402 Heizung + Kaelte_260713.x83
3;Abpressen der Heizungsleitungen nach DIN, unter Verwendung von Druckmessgeräten, mit welchen ein einwandfreies Ablesen einer Druckänderung von 0,1 bar gestattet ist, das Druckmessgerät ist möglichst an der tiefsten Stelle der Leitungsanlage anzuordnen, die fertiggestellten aber noch nicht verdecken ;1,0;psch;gaeb;leistungsbeschreibungen/Wup_Barmer_HV_LV_VE 402 Heizung + Kaelte_260713.x83
4;Leistung wie zuletzt in vollem Wortlaut, jedoch für;1,0;psch;gaeb;leistungsbeschreibungen/Wup_Barmer_HV_LV_VE 402 Heizung + Kaelte_260713.x83
5;Leistung wie zuletzt genannt, jedoch;90,0;St;gaeb;leistungsbeschreibungen/Wup_Barmer_HV_LV_VE 402 Heizung + Kaelte_260713.x83
6;Leistung wie zuletzt genannt, jedoch;90,0;St;gaeb;leistungsbeschreibungen/Wup_Barmer_HV_LV_VE 402 Heizung + Kaelte_260713.x83
7;Einmaliges abdrücken (abschnittweise) der kompletten Heiz- und Kühlsegel. Der Vorgang ist mit einem Protokoll zu dokumentieren. Weitere Abschnitte werden nach Aufmaß berechnet.;1,0;psch;gaeb;leistungsbeschreibungen/Wup_Barmer_HV_LV_VE 402 Heizung + Kaelte_260713.x83
8;Einmaliges abdrücken (abschnittweise) der kompletten Heiz- und Kühldecke. Der Vorgang ist mit einem Protokoll zu dokumentieren. Weitere Abschnitte werden nach Aufmaß berechnet.;1,0;psch;gaeb;leistungsbeschreibungen/Wup_Barmer_HV_LV_VE 402 Heizung + Kaelte_260713.x83
1;Die Befüllung des Heizungssystems muss mit enthärtetem Wasser, insofern die örtliche Wasserhärte nicht der VDI 2035 Blatt 1:2021-03 entspricht, erfolgen.;1,0;psch;gaeb;leistungsbeschreibungen/Wup_Barmer_HV_LV_VE 402 Heizung + Kaelte_260713.x83
2;Leistung wie zuletzt in vollem Wortlaut, jedoch für;1,0;psch;gaeb;leistungsbeschreibungen/Wup_Barmer_HV_LV_VE 402 Heizung + Kaelte_260713.x83
3;Leistung wie zuletzt in vollem Wortlaut, jedoch für Teilstrecken, separat absperrbar;90,0;St;gaeb;leistungsbeschreibungen/Wup_Barmer_HV_LV_VE 402 Heizung + Kaelte_260713.x83
4;Leistung wie zuletzt in vollem Wortlaut, jedoch für;90,0;St;gaeb;leistungsbeschreibungen/Wup_Barmer_HV_LV_VE 402 Heizung + Kaelte_260713.x83
5;Nach der zweiten Entlüftung des gesamten Systems ist die entsprechende Menge Inhibitor zuzugeben.;1,0;psch;gaeb;leistungsbeschreibungen/Wup_Barmer_HV_LV_VE 402 Heizung + Kaelte_260713.x83
6;Während und nach der Heizanlagenbefüllung muss der Auftragnehmer das gesamte angeschlossene Heizungsnetz entlüften.;1,0;psch;gaeb;leistungsbeschreibungen/Wup_Barmer_HV_LV_VE 402 Heizung + Kaelte_260713.x83
7;Leistung wie zuletzt in vollem Wortlaut, jedoch für;1,0;psch;gaeb;leistungsbeschreibungen/Wup_Barmer_HV_LV_VE 402 Heizung + Kaelte_260713.x83
8;Leistung wie zuletzt in vollem Wortlaut, jedoch für Teilstrecken, separat absperrbar;90,0;St;gaeb;leistungsbeschreibungen/Wup_Barmer_HV_LV_VE 402 Heizung + Kaelte_260713.x83
9;Leistung wie zuletzt in vollem Wortlaut, jedoch für;90,0;St;gaeb;leistungsbeschreibungen/Wup_Barmer_HV_LV_VE 402 Heizung + Kaelte_260713.x83
10;Nach Vorinbetriebnahme der gesamten Heizungsanlage (WEA, Brenner, Ausdehnungsanlagen, Entgasung, Nachspeisung, Pumpen, Mischer, Regelung, BWWB, etc.) muss das System zum ersten mal Aufgeheizt werden.;1,0;psch;gaeb;leistungsbeschreibungen/Wup_Barmer_HV_LV_VE 402 Heizung + Kaelte_260713.x83
11;Zur Gewährleistung einer einwandfreien Anlagenfunktion muss die gesamte Heizungsanlage wie im Vorpunkt erläutert, nach dem Anheizen / Aufheizen des gesamten Systems wiederholt werden.;1,0;psch;gaeb;leistungsbeschreibungen/Wup_Barmer_HV_LV_VE 402 Heizung + Kaelte_260713.x83
12;Einmaliges Füllen mit bauseitigem Füllmedium, Spülen und Entlüften der gesamten Heiz- und Kältekreise für Deckensegel. Der Vorgang ist mit einem Protokoll zu dokumentieren. Weitere Abschnitte werden nach Aufmaß berechnet.;1,0;psch;gaeb;leistungsbeschreibungen/Wup_Barmer_HV_LV_VE 402 Heizung + Kaelte_260713.x83
13;Einmaliges Füllen mit bauseitigem Füllmedium, Spülen und Entlüften der gesamten Heiz- und Kältekreise für die Klimadecke. Der Vorgang ist mit einem Protokoll zu dokumentieren. Weitere Abschnitte werden nach Aufmaß berechnet.;1,0;psch;gaeb;leistungsbeschreibungen/Wup_Barmer_HV_LV_VE 402 Heizung + Kaelte_260713.x83
14;Zulage zum Einregulieren der Volumenstromregelventilen aller Art, manuell oder elektronische.;60,0;St;gaeb;leistungsbeschreibungen/Wup_Barmer_HV_LV_VE 402 Heizung + Kaelte_260713.x83
15;Zulage zum Einregulieren der Temperaturregelventile aller Art, manuell oder elektronische.;800,0;St;gaeb;leistungsbeschreibungen/Wup_Barmer_HV_LV_VE 402 Heizung + Kaelte_260713.x83
16;Zulage zum Einregulieren der Strangregler / Differenzdruckregler aller Art, manuell oder elektronische.;60,0;St;gaeb;leistungsbeschreibungen/Wup_Barmer_HV_LV_VE 402 Heizung + Kaelte_260713.x83
17;Zulage zum Einregulieren der Umwälzpumpen inkl. sperren der Funktionen.;30,0;St;gaeb;leistungsbeschreibungen/Wup_Barmer_HV_LV_VE 402 Heizung + Kaelte_260713.x83
18;Nachweis der ordnungsgemäßen Montage der aktiven Kühldeckenflächen mittels Echtzeit-Infrarot-Thermografie. Stichproben an den Deckenflächen werden nach Inbetriebnahme der Kaltwasseranlage oder Heizungsanlage mit einer Spezialkamera gescannt und per PC-Programm hinsichtlich wärmeleitenden Kontaktes z;1,0;psch;gaeb;leistungsbeschreibungen/Wup_Barmer_HV_LV_VE 402 Heizung + Kaelte_260713.x83
19;Inbetriebnahme einer Nah-/Fernwärme-Übergabestation mit einem Regelkreis durch den Werkskundendienst.;2,0;St;gaeb;leistungsbeschreibungen/Wup_Barmer_HV_LV_VE 402 Heizung + Kaelte_260713.x83
20;Kältetechnische Inbetriebnahme in Form von Anfahren der Kältemaschine in Zusammenarbeit aller beteiligten Gewerke.;2,0;St;gaeb;leistungsbeschreibungen/Wup_Barmer_HV_LV_VE 402 Heizung + Kaelte_260713.x83
21;Inbetriebnahme und Einregulierung der vorstehenden Anlage. Die Inbetriebnahme beinhaltet:;1,0;psch;gaeb;leistungsbeschreibungen/Wup_Barmer_HV_LV_VE 402 Heizung + Kaelte_260713.x83
22;Inbetriebnahme der Schaltanlagen und Funktionsprobe der Steuerung entsprechend der, gemäß durch die Fachbauleitung freigegebenen, Funktionsliste mit zu erfüllenden Schaltungen.  Prüfen der angeschlossenen Antriebe auf richtige Drehrichtung. Messen der Motor-/Istströme und Einstellung der thermischen;1,0;psch;gaeb;leistungsbeschreibungen/Wup_Barmer_HV_LV_VE 402 Heizung + Kaelte_260713.x83
23;Inbetriebnahme Automationsstation, bestehend aus:;1,0;psch;gaeb;leistungsbeschreibungen/Wup_Barmer_HV_LV_VE 402 Heizung + Kaelte_260713.x83
24;Übergabe / Aufschaltung auf GLT im Werk für erstellte Anlage bestehend aus:;1,0;psch;gaeb;leistungsbeschreibungen/Wup_Barmer_HV_LV_VE 402 Heizung + Kaelte_260713.x83
25;Einweisung des Bedienpersonals zu einem vorgeschlagenen Termin des Bauherrn bestehend aus:;1,0;psch;gaeb;leistungsbeschreibungen/Wup_Barmer_HV_LV_VE 402 Heizung + Kaelte_260713.x83
26;Der Probebetrieb beginnt nach schriftlicher Anmeldung bei der Bauleitung, frühestens nach mangelfreier Übergabe und ausgeführter Vorabnahme (keine Abnahme).;1,0;psch;gaeb;leistungsbeschreibungen/Wup_Barmer_HV_LV_VE 402 Heizung + Kaelte_260713.x83
27;Um der Forderung nach der Gesamtheit von Maschinen gemäß der EG-Maschinenrichtlinie 2006/42/EG (Mai 2006) zu entsprechen, ist eine Nachweisführung einschl. einer zugehörigen Dokumentation zu erbringen.;1,0;psch;gaeb;leistungsbeschreibungen/Wup_Barmer_HV_LV_VE 402 Heizung + Kaelte_260713.x83
28;Abnahme der im Leistungsverzeichnis geführten Gewerke, nach der zuvor benannten Anforderungen.;1,0;psch;gaeb;leistungsbeschreibungen/Wup_Barmer_HV_LV_VE 402 Heizung + Kaelte_260713.x83
29;Während dem durch Dritte ausgeführten und koordinierten Inbetriebnahmemanagement / Monitoringmanagement hat der Auftragnehmer folgendermaßen mitzuwirken:;1,0;St;gaeb;leistungsbeschreibungen/Wup_Barmer_HV_LV_VE 402 Heizung + Kaelte_260713.x83
1;Tarifliche Lohnstunde;40,0;h;gaeb;leistungsbeschreibungen/Wup_Barmer_HV_LV_VE 402 Heizung + Kaelte_260713.x83
2;Tarifliche Lohnstunde;120,0;h;gaeb;leistungsbeschreibungen/Wup_Barmer_HV_LV_VE 402 Heizung + Kaelte_260713.x83
3;Tarifliche Lohnstunde;80,0;h;gaeb;leistungsbeschreibungen/Wup_Barmer_HV_LV_VE 402 Heizung + Kaelte_260713.x83
4;Tarifliche Lohnstunde;60,0;h;gaeb;leistungsbeschreibungen/Wup_Barmer_HV_LV_VE 402 Heizung + Kaelte_260713.x83
5;Tarifliche Lohnstunde;60,0;h;gaeb;leistungsbeschreibungen/Wup_Barmer_HV_LV_VE 402 Heizung + Kaelte_260713.x83
6;Tarifliche Lohnstunde;45,0;h;gaeb;leistungsbeschreibungen/Wup_Barmer_HV_LV_VE 402 Heizung + Kaelte_260713.x83
7;Zuschlag für Arbeiten außerhalb der üblichen;25,0;h;gaeb;leistungsbeschreibungen/Wup_Barmer_HV_LV_VE 402 Heizung + Kaelte_260713.x83
8;Zuschlag für Arbeiten außerhalb der üblichen;50,0;h;gaeb;leistungsbeschreibungen/Wup_Barmer_HV_LV_VE 402 Heizung + Kaelte_260713.x83
9;Zuschlag für Arbeiten außerhalb der üblichen;35,0;h;gaeb;leistungsbeschreibungen/Wup_Barmer_HV_LV_VE 402 Heizung + Kaelte_260713.x83
10;Zuschlag für Arbeiten außerhalb der üblichen;25,0;h;gaeb;leistungsbeschreibungen/Wup_Barmer_HV_LV_VE 402 Heizung + Kaelte_260713.x83
11;Zuschlag für Arbeiten außerhalb der üblichen;25,0;h;gaeb;leistungsbeschreibungen/Wup_Barmer_HV_LV_VE 402 Heizung + Kaelte_260713.x83
12;Zuschlag für Arbeiten außerhalb der üblichen;15,0;h;gaeb;leistungsbeschreibungen/Wup_Barmer_HV_LV_VE 402 Heizung + Kaelte_260713.x83
1;Ausführung:;1,0;St;gaeb;leistungsbeschreibungen/Wup_Barmer_HV_LV_VE 402 Heizung + Kaelte_260713.x83
2;Plattenwärmetauscher geschraubter Typ bestehend aus profilierten Wärmeübertragungsplatten, mittels Spannbolzen zwischen Stativ- und Druckplatte zusammengespannt und an oberer und unterer Tragstange fixiert. Mit zusätzlichem Stützprofil zur einwandfreien Montage und Demontage der beweglichen Druckpla;2,0;St;gaeb;leistungsbeschreibungen/Wup_Barmer_HV_LV_VE 402 Heizung + Kaelte_260713.x83
3;Fertig-Isolierung für Plattenwärmetauscher, Mineralisch, für Rückwand 600 mm;2,0;St;gaeb;leistungsbeschreibungen/Wup_Barmer_HV_LV_VE 402 Heizung + Kaelte_260713.x83
1;Plattenwärmetauscher geschraubter Typ bestehend aus profilierten Wärmeübertragungsplatten, mittels Spannbolzen zwischen Stativ- und Druckplatte zusammengespannt und an oberer und unterer Tragstange fixiert. Mit zusätzlichem Stützprofil zur einwandfreien Montage und Demontage der beweglichen Druckpla;1,0;St;gaeb;leistungsbeschreibungen/Wup_Barmer_HV_LV_VE 402 Heizung + Kaelte_260713.x83
2;Fertig-Isolierung für Plattenwärmetauscher, Mineralisch, für Rückwand 600 mm;1,0;St;gaeb;leistungsbeschreibungen/Wup_Barmer_HV_LV_VE 402 Heizung + Kaelte_260713.x83
1;Leistung wie zuletzt in vollem Wortlaut, jedoch;1,0;St;gaeb;leistungsbeschreibungen/Wup_Barmer_HV_LV_VE 402 Heizung + Kaelte_260713.x83
2;Fertigisolierung mit verzinktem Stahlblechmantel und Mineralfaser entsprechend der EneV., bestehend aus:;1,0;St;gaeb;leistungsbeschreibungen/Wup_Barmer_HV_LV_VE 402 Heizung + Kaelte_260713.x83
3;Genannten Verteiler in zwei Teilen an die Baustelle liefern, in Aufstellungsraum transportieren und vor Ort zusammen-schweißen, unter Kalkulation aller Nebenkosten wie Hebewerkzeuge, Schweißmittel, usw.;1,0;St;gaeb;leistungsbeschreibungen/Wup_Barmer_HV_LV_VE 402 Heizung + Kaelte_260713.x83
4;Leistung wie zuletzt in vollem Wortlaut, jedoch;1,0;St;gaeb;leistungsbeschreibungen/Wup_Barmer_HV_LV_VE 402 Heizung + Kaelte_260713.x83
5;Fertigisolierung mit verzinktem Stahlblechmantel und Mineralfaser entsprechend der EneV., bestehend aus:;1,0;St;gaeb;leistungsbeschreibungen/Wup_Barmer_HV_LV_VE 402 Heizung + Kaelte_260713.x83
6;Standkonsolen schallgedämmt bestehend aus:;4,0;St;gaeb;leistungsbeschreibungen/Wup_Barmer_HV_LV_VE 402 Heizung + Kaelte_260713.x83
7;Entwässerungsrinne über die Länge der Wärmeverteiler (b/h) mind. 100/150 mm aus feuerverzinktem Stahlblech mit einem zentralen Ablaufstutzen DN 100 und einem Innengefälle der Rinne >1,0 %. Bei Längen der Rinne über 5 m sind je 5,0 m mind. ein weiterer Ablaufstutzen zu erstellen.;2,0;St;gaeb;leistungsbeschreibungen/Wup_Barmer_HV_LV_VE 402 Heizung + Kaelte_260713.x83
1;Leistung wie zuletzt in vollem Wortlaut, jedoch;50,0;lfdm;gaeb;leistungsbeschreibungen/Wup_Barmer_HV_LV_VE 402 Heizung + Kaelte_260713.x83
2;Leistung wie zuletzt in vollem Wortlaut, jedoch;33400,0;lfdm;gaeb;leistungsbeschreibungen/Wup_Barmer_HV_LV_VE 402 Heizung + Kaelte_260713.x83
3;Leistung wie zuletzt in vollem Wortlaut, jedoch;2200,0;lfdm;gaeb;leistungsbeschreibungen/Wup_Barmer_HV_LV_VE 402 Heizung + Kaelte_260713.x83
4;Leistung wie zuletzt in vollem Wortlaut, jedoch;250,0;lfdm;gaeb;leistungsbeschreibungen/Wup_Barmer_HV_LV_VE 402 Heizung + Kaelte_260713.x83
5;Leistung wie zuletzt in vollem Wortlaut, jedoch;350,0;lfdm;gaeb;leistungsbeschreibungen/Wup_Barmer_HV_LV_VE 402 Heizung + Kaelte_260713.x83
6;Leistung wie zuletzt in vollem Wortlaut, jedoch;700,0;lfdm;gaeb;leistungsbeschreibungen/Wup_Barmer_HV_LV_VE 402 Heizung + Kaelte_260713.x83
7;Leistung wie zuletzt in vollem Wortlaut, jedoch;50,0;lfdm;gaeb;leistungsbeschreibungen/Wup_Barmer_HV_LV_VE 402 Heizung + Kaelte_260713.x83
8;Leistung wie zuletzt in vollem Wortlaut, jedoch;10,0;St;gaeb;leistungsbeschreibungen/Wup_Barmer_HV_LV_VE 402 Heizung + Kaelte_260713.x83
9;Leistung wie zuletzt in vollem Wortlaut, jedoch;520,0;St;gaeb;leistungsbeschreibungen/Wup_Barmer_HV_LV_VE 402 Heizung + Kaelte_260713.x83
10;Leistung wie zuletzt in vollem Wortlaut, jedoch;10,0;St;gaeb;leistungsbeschreibungen/Wup_Barmer_HV_LV_VE 402 Heizung + Kaelte_260713.x83
11;Leistung wie zuletzt in vollem Wortlaut, jedoch;10,0;St;gaeb;leistungsbeschreibungen/Wup_Barmer_HV_LV_VE 402 Heizung + Kaelte_260713.x83
12;Leistung wie zuletzt in vollem Wortlaut, jedoch;10,0;St;gaeb;leistungsbeschreibungen/Wup_Barmer_HV_LV_VE 402 Heizung + Kaelte_260713.x83
13;Leistung wie zuletzt in vollem Wortlaut, jedoch;10,0;St;gaeb;leistungsbeschreibungen/Wup_Barmer_HV_LV_VE 402 Heizung + Kaelte_260713.x83
14;Leistung wie zuletzt in vollem Wortlaut, jedoch;10,0;St;gaeb;leistungsbeschreibungen/Wup_Barmer_HV_LV_VE 402 Heizung + Kaelte_260713.x83
15;Leistung wie zuletzt in vollem Wortlaut, jedoch;20,0;St;gaeb;leistungsbeschreibungen/Wup_Barmer_HV_LV_VE 402 Heizung + Kaelte_260713.x83
16;Leistung wie zuletzt in vollem Wortlaut, jedoch;370,0;St;gaeb;leistungsbeschreibungen/Wup_Barmer_HV_LV_VE 402 Heizung + Kaelte_260713.x83
17;Leistung wie zuletzt in vollem Wortlaut, jedoch;20,0;St;gaeb;leistungsbeschreibungen/Wup_Barmer_HV_LV_VE 402 Heizung + Kaelte_260713.x83
18;Leistung wie zuletzt in vollem Wortlaut, jedoch;10,0;St;gaeb;leistungsbeschreibungen/Wup_Barmer_HV_LV_VE 402 Heizung + Kaelte_260713.x83
19;Leistung wie zuletzt in vollem Wortlaut, jedoch;20,0;St;gaeb;leistungsbeschreibungen/Wup_Barmer_HV_LV_VE 402 Heizung + Kaelte_260713.x83
20;Leistung wie zuletzt in vollem Wortlaut, jedoch;50,0;St;gaeb;leistungsbeschreibungen/Wup_Barmer_HV_LV_VE 402 Heizung + Kaelte_260713.x83
21;Leistung wie zuletzt in vollem Wortlaut, jedoch;10,0;St;gaeb;leistungsbeschreibungen/Wup_Barmer_HV_LV_VE 402 Heizung + Kaelte_260713.x83
22;Leistung wie zuletzt in vollem Wortlaut, jedoch;50,0;St;gaeb;leistungsbeschreibungen/Wup_Barmer_HV_LV_VE 402 Heizung + Kaelte_260713.x83
23;Leistung wie zuletzt in vollem Wortlaut, jedoch;1200,0;St;gaeb;leistungsbeschreibungen/Wup_Barmer_HV_LV_VE 402 Heizung + Kaelte_260713.x83
24;Leistung wie zuletzt in vollem Wortlaut, jedoch;50,0;St;gaeb;leistungsbeschreibungen/Wup_Barmer_HV_LV_VE 402 Heizung + Kaelte_260713.x83
25;Leistung wie zuletzt in vollem Wortlaut, jedoch;20,0;St;gaeb;leistungsbeschreibungen/Wup_Barmer_HV_LV_VE 402 Heizung + Kaelte_260713.x83
26;Leistung wie zuletzt in vollem Wortlaut, jedoch;15,0;St;gaeb;leistungsbeschreibungen/Wup_Barmer_HV_LV_VE 402 Heizung + Kaelte_260713.x83
27;Leistung wie zuletzt in vollem Wortlaut, jedoch;80,0;St;gaeb;leistungsbeschreibungen/Wup_Barmer_HV_LV_VE 402 Heizung + Kaelte_260713.x83
28;Leistung wie zuletzt in vollem Wortlaut, jedoch;20,0;St;gaeb;leistungsbeschreibungen/Wup_Barmer_HV_LV_VE 402 Heizung + Kaelte_260713.x83
29;Leistung wie zuletzt in vollem Wortlaut, jedoch;20,0;St;gaeb;leistungsbeschreibungen/Wup_Barmer_HV_LV_VE 402 Heizung + Kaelte_260713.x83
30;Leistung wie zuletzt in vollem Wortlaut, jedoch;3100,0;St;gaeb;leistungsbeschreibungen/Wup_Barmer_HV_LV_VE 402 Heizung + Kaelte_260713.x83
31;Leistung wie zuletzt in vollem Wortlaut, jedoch;135,0;St;gaeb;leistungsbeschreibungen/Wup_Barmer_HV_LV_VE 402 Heizung + Kaelte_260713.x83
32;Leistung wie zuletzt in vollem Wortlaut, jedoch;25,0;St;gaeb;leistungsbeschreibungen/Wup_Barmer_HV_LV_VE 402 Heizung + Kaelte_260713.x83
33;Leistung wie zuletzt in vollem Wortlaut, jedoch;20,0;St;gaeb;leistungsbeschreibungen/Wup_Barmer_HV_LV_VE 402 Heizung + Kaelte_260713.x83
34;Leistung wie zuletzt in vollem Wortlaut, jedoch;10,0;St;gaeb;leistungsbeschreibungen/Wup_Barmer_HV_LV_VE 402 Heizung + Kaelte_260713.x83
35;Leistung wie zuletzt in vollem Wortlaut, jedoch;10,0;St;gaeb;leistungsbeschreibungen/Wup_Barmer_HV_LV_VE 402 Heizung + Kaelte_260713.x83
36;Leistung wie zuletzt in vollem Wortlaut, jedoch;25,0;St;gaeb;leistungsbeschreibungen/Wup_Barmer_HV_LV_VE 402 Heizung + Kaelte_260713.x83
37;Leistung wie zuletzt in vollem Wortlaut, jedoch;2250,0;St;gaeb;leistungsbeschreibungen/Wup_Barmer_HV_LV_VE 402 Heizung + Kaelte_260713.x83
38;Leistung wie zuletzt in vollem Wortlaut, jedoch;120,0;St;gaeb;leistungsbeschreibungen/Wup_Barmer_HV_LV_VE 402 Heizung + Kaelte_260713.x83
39;Leistung wie zuletzt in vollem Wortlaut, jedoch;20,0;St;gaeb;leistungsbeschreibungen/Wup_Barmer_HV_LV_VE 402 Heizung + Kaelte_260713.x83
40;Leistung wie zuletzt in vollem Wortlaut, jedoch;20,0;St;gaeb;leistungsbeschreibungen/Wup_Barmer_HV_LV_VE 402 Heizung + Kaelte_260713.x83
41;Leistung wie zuletzt in vollem Wortlaut, jedoch;125,0;St;gaeb;leistungsbeschreibungen/Wup_Barmer_HV_LV_VE 402 Heizung + Kaelte_260713.x83
42;Leistung wie zuletzt in vollem Wortlaut, jedoch;10,0;St;gaeb;leistungsbeschreibungen/Wup_Barmer_HV_LV_VE 402 Heizung + Kaelte_260713.x83
43;Leistung wie zuletzt in vollem Wortlaut, jedoch;150,0;St;gaeb;leistungsbeschreibungen/Wup_Barmer_HV_LV_VE 402 Heizung + Kaelte_260713.x83
44;Leistung wie zuletzt in vollem Wortlaut, jedoch;11000,0;St;gaeb;leistungsbeschreibungen/Wup_Barmer_HV_LV_VE 402 Heizung + Kaelte_260713.x83
45;Leistung wie zuletzt in vollem Wortlaut, jedoch;480,0;St;gaeb;leistungsbeschreibungen/Wup_Barmer_HV_LV_VE 402 Heizung + Kaelte_260713.x83
46;Leistung wie zuletzt in vollem Wortlaut, jedoch;40,0;St;gaeb;leistungsbeschreibungen/Wup_Barmer_HV_LV_VE 402 Heizung + Kaelte_260713.x83
47;Leistung wie zuletzt in vollem Wortlaut, jedoch;75,0;St;gaeb;leistungsbeschreibungen/Wup_Barmer_HV_LV_VE 402 Heizung + Kaelte_260713.x83
48;Leistung wie zuletzt in vollem Wortlaut, jedoch;750,0;St;gaeb;leistungsbeschreibungen/Wup_Barmer_HV_LV_VE 402 Heizung + Kaelte_260713.x83
49;Leistung wie zuletzt in vollem Wortlaut, jedoch;25,0;St;gaeb;leistungsbeschreibungen/Wup_Barmer_HV_LV_VE 402 Heizung + Kaelte_260713.x83
50;Leistung wie zuletzt in vollem Wortlaut, jedoch;20,0;St;gaeb;leistungsbeschreibungen/Wup_Barmer_HV_LV_VE 402 Heizung + Kaelte_260713.x83
51;Leistung wie zuletzt in vollem Wortlaut, jedoch;200,0;St;gaeb;leistungsbeschreibungen/Wup_Barmer_HV_LV_VE 402 Heizung + Kaelte_260713.x83
52;Leistung wie zuletzt in vollem Wortlaut, jedoch;70,0;St;gaeb;leistungsbeschreibungen/Wup_Barmer_HV_LV_VE 402 Heizung + Kaelte_260713.x83
53;Leistung wie zuletzt in vollem Wortlaut, jedoch;15,0;St;gaeb;leistungsbeschreibungen/Wup_Barmer_HV_LV_VE 402 Heizung + Kaelte_260713.x83
54;Leistung wie zuletzt in vollem Wortlaut, jedoch;20,0;St;gaeb;leistungsbeschreibungen/Wup_Barmer_HV_LV_VE 402 Heizung + Kaelte_260713.x83
55;Leistung wie zuletzt in vollem Wortlaut, jedoch;25,0;St;gaeb;leistungsbeschreibungen/Wup_Barmer_HV_LV_VE 402 Heizung + Kaelte_260713.x83
56;Leistung wie zuletzt in vollem Wortlaut, jedoch;10,0;St;gaeb;leistungsbeschreibungen/Wup_Barmer_HV_LV_VE 402 Heizung + Kaelte_260713.x83
57;Leistung wie zuletzt in vollem Wortlaut, jedoch;1050,0;St;gaeb;leistungsbeschreibungen/Wup_Barmer_HV_LV_VE 402 Heizung + Kaelte_260713.x83
58;Leistung wie zuletzt in vollem Wortlaut, jedoch;40,0;St;gaeb;leistungsbeschreibungen/Wup_Barmer_HV_LV_VE 402 Heizung + Kaelte_260713.x83
59;Leistung wie zuletzt in vollem Wortlaut, jedoch;20,0;St;gaeb;leistungsbeschreibungen/Wup_Barmer_HV_LV_VE 402 Heizung + Kaelte_260713.x83
60;Leistung wie zuletzt in vollem Wortlaut, jedoch;10,0;St;gaeb;leistungsbeschreibungen/Wup_Barmer_HV_LV_VE 402 Heizung + Kaelte_260713.x83
61;Leistung wie zuletzt in vollem Wortlaut, jedoch;10,0;St;gaeb;leistungsbeschreibungen/Wup_Barmer_HV_LV_VE 402 Heizung + Kaelte_260713.x83
62;Leistung wie zuletzt in vollem Wortlaut, jedoch;10,0;St;gaeb;leistungsbeschreibungen/Wup_Barmer_HV_LV_VE 402 Heizung + Kaelte_260713.x83
63;Leistung wie zuletzt in vollem Wortlaut, jedoch;25,0;St;gaeb;leistungsbeschreibungen/Wup_Barmer_HV_LV_VE 402 Heizung + Kaelte_260713.x83
64;Leistung wie zuletzt in vollem Wortlaut, jedoch;2900,0;St;gaeb;leistungsbeschreibungen/Wup_Barmer_HV_LV_VE 402 Heizung + Kaelte_260713.x83
65;Leistung wie zuletzt in vollem Wortlaut, jedoch;180,0;St;gaeb;leistungsbeschreibungen/Wup_Barmer_HV_LV_VE 402 Heizung + Kaelte_260713.x83
66;Leistung wie zuletzt in vollem Wortlaut, jedoch;25,0;St;gaeb;leistungsbeschreibungen/Wup_Barmer_HV_LV_VE 402 Heizung + Kaelte_260713.x83
67;Leistung wie zuletzt in vollem Wortlaut, jedoch;25,0;St;gaeb;leistungsbeschreibungen/Wup_Barmer_HV_LV_VE 402 Heizung + Kaelte_260713.x83
68;Leistung wie zuletzt in vollem Wortlaut, jedoch;65,0;St;gaeb;leistungsbeschreibungen/Wup_Barmer_HV_LV_VE 402 Heizung + Kaelte_260713.x83
69;Leistung wie zuletzt in vollem Wortlaut, jedoch;20,0;St;gaeb;leistungsbeschreibungen/Wup_Barmer_HV_LV_VE 402 Heizung + Kaelte_260713.x83
70;Leistung wie zuletzt in vollem Wortlaut, jedoch;50,0;St;gaeb;leistungsbeschreibungen/Wup_Barmer_HV_LV_VE 402 Heizung + Kaelte_260713.x83
71;Leistung wie zuletzt in vollem Wortlaut, jedoch;160,0;St;gaeb;leistungsbeschreibungen/Wup_Barmer_HV_LV_VE 402 Heizung + Kaelte_260713.x83
72;Leistung wie zuletzt in vollem Wortlaut, jedoch;25,0;St;gaeb;leistungsbeschreibungen/Wup_Barmer_HV_LV_VE 402 Heizung + Kaelte_260713.x83
73;Leistung wie zuletzt in vollem Wortlaut, jedoch;1920,0;St;gaeb;leistungsbeschreibungen/Wup_Barmer_HV_LV_VE 402 Heizung + Kaelte_260713.x83
74;Leistung wie zuletzt in vollem Wortlaut, jedoch;20,0;St;gaeb;leistungsbeschreibungen/Wup_Barmer_HV_LV_VE 402 Heizung + Kaelte_260713.x83
75;Leistung wie zuletzt in vollem Wortlaut, jedoch;50,0;St;gaeb;leistungsbeschreibungen/Wup_Barmer_HV_LV_VE 402 Heizung + Kaelte_260713.x83
76;Leistung wie zuletzt in vollem Wortlaut, jedoch;15,0;St;gaeb;leistungsbeschreibungen/Wup_Barmer_HV_LV_VE 402 Heizung + Kaelte_260713.x83
77;Leistung wie zuletzt in vollem Wortlaut, jedoch;10,0;St;gaeb;leistungsbeschreibungen/Wup_Barmer_HV_LV_VE 402 Heizung + Kaelte_260713.x83
78;Leistung wie zuletzt in vollem Wortlaut, jedoch;25,0;St;gaeb;leistungsbeschreibungen/Wup_Barmer_HV_LV_VE 402 Heizung + Kaelte_260713.x83
79;Leistung wie zuletzt in vollem Wortlaut, jedoch;225,0;St;gaeb;leistungsbeschreibungen/Wup_Barmer_HV_LV_VE 402 Heizung + Kaelte_260713.x83
80;Leistung wie zuletzt in vollem Wortlaut, jedoch;2100,0;St;gaeb;leistungsbeschreibungen/Wup_Barmer_HV_LV_VE 402 Heizung + Kaelte_260713.x83
81;Leistung wie zuletzt in vollem Wortlaut, jedoch;45,0;St;gaeb;leistungsbeschreibungen/Wup_Barmer_HV_LV_VE 402 Heizung + Kaelte_260713.x83
82;Leistung wie zuletzt in vollem Wortlaut, jedoch;40,0;St;gaeb;leistungsbeschreibungen/Wup_Barmer_HV_LV_VE 402 Heizung + Kaelte_260713.x83
83;Leistung wie zuletzt in vollem Wortlaut, jedoch;25,0;St;gaeb;leistungsbeschreibungen/Wup_Barmer_HV_LV_VE 402 Heizung + Kaelte_260713.x83
84;Leistung wie zuletzt in vollem Wortlaut, jedoch;30,0;St;gaeb;leistungsbeschreibungen/Wup_Barmer_HV_LV_VE 402 Heizung + Kaelte_260713.x83
85;Leistung wie zuletzt in vollem Wortlaut, jedoch;35,0;St;gaeb;leistungsbeschreibungen/Wup_Barmer_HV_LV_VE 402 Heizung + Kaelte_260713.x83
86;Leistung wie zuletzt in vollem Wortlaut, jedoch;2500,0;St;gaeb;leistungsbeschreibungen/Wup_Barmer_HV_LV_VE 402 Heizung + Kaelte_260713.x83
87;Leistung wie zuletzt in vollem Wortlaut, jedoch;150,0;St;gaeb;leistungsbeschreibungen/Wup_Barmer_HV_LV_VE 402 Heizung + Kaelte_260713.x83
88;Leistung wie zuletzt in vollem Wortlaut, jedoch;15,0;St;gaeb;leistungsbeschreibungen/Wup_Barmer_HV_LV_VE 402 Heizung + Kaelte_260713.x83
89;Leistung wie zuletzt in vollem Wortlaut, jedoch;10,0;St;gaeb;leistungsbeschreibungen/Wup_Barmer_HV_LV_VE 402 Heizung + Kaelte_260713.x83
90;Leistung wie zuletzt in vollem Wortlaut, jedoch;10,0;St;gaeb;leistungsbeschreibungen/Wup_Barmer_HV_LV_VE 402 Heizung + Kaelte_260713.x83
91;Leistung wie zuletzt in vollem Wortlaut, jedoch;10,0;St;gaeb;leistungsbeschreibungen/Wup_Barmer_HV_LV_VE 402 Heizung + Kaelte_260713.x83
92;Leistung wie zuletzt in vollem Wortlaut, jedoch;5,0;St;gaeb;leistungsbeschreibungen/Wup_Barmer_HV_LV_VE 402 Heizung + Kaelte_260713.x83
93;Leistung wie zuletzt in vollem Wortlaut, jedoch;25,0;St;gaeb;leistungsbeschreibungen/Wup_Barmer_HV_LV_VE 402 Heizung + Kaelte_260713.x83
94;Leistung wie zuletzt in vollem Wortlaut, jedoch;10,0;St;gaeb;leistungsbeschreibungen/Wup_Barmer_HV_LV_VE 402 Heizung + Kaelte_260713.x83
95;Leistung wie zuletzt in vollem Wortlaut, jedoch;7,0;St;gaeb;leistungsbeschreibungen/Wup_Barmer_HV_LV_VE 402 Heizung + Kaelte_260713.x83
96;Leistung wie zuletzt in vollem Wortlaut, jedoch;8,0;St;gaeb;leistungsbeschreibungen/Wup_Barmer_HV_LV_VE 402 Heizung + Kaelte_260713.x83
97;Leistung wie zuletzt in vollem Wortlaut, jedoch;15,0;St;gaeb;leistungsbeschreibungen/Wup_Barmer_HV_LV_VE 402 Heizung + Kaelte_260713.x83
98;Leistung wie zuletzt in vollem Wortlaut, jedoch;5,0;St;gaeb;leistungsbeschreibungen/Wup_Barmer_HV_LV_VE 402 Heizung + Kaelte_260713.x83
99;Ringwellschlauch als Wellschlauch aus Edelstahl 1.4541, mit Edelstahl-Umflechtung aus 1.4301, einerseits TG-Nippel mit AG nach DIN EN 10226-1, andererseits 3-teilige, konisch dichtende TG-Verschraubung mit IG nach DIN/ISO 228/1, DIN-DVGW-Prüfzeichen, VdS-zugelassen, zulässige Betriebstemperatur 200 ;50,0;St;gaeb;leistungsbeschreibungen/Wup_Barmer_HV_LV_VE 402 Heizung + Kaelte_260713.x83
100;Ringwellschlauch als Wellschlauch aus Edelstahl 1.4541, mit Edelstahl-Umflechtung aus 1.4301, einerseits TG-Nippel mit AG nach DIN EN 10226-1, andererseits 3-teilige, konisch dichtende TG-Verschraubung mit IG nach DIN/ISO 228/1, DIN-DVGW-Prüfzeichen, VdS-zugelassen, zulässige Betriebstemperatur 200 ;250,0;St;gaeb;leistungsbeschreibungen/Wup_Barmer_HV_LV_VE 402 Heizung + Kaelte_260713.x83
101;Ringwellschlauch als Wellschlauch aus Edelstahl 1.4541, mit Edelstahl-Umflechtung aus 1.4301, einerseits TG-Nippel mit AG nach DIN EN 10226-1, andererseits 3-teilige, konisch dichtende TG-Verschraubung mit IG nach DIN/ISO 228/1, DIN-DVGW-Prüfzeichen, VdS-zugelassen, zulässige Betriebstemperatur 200 ;50,0;St;gaeb;leistungsbeschreibungen/Wup_Barmer_HV_LV_VE 402 Heizung + Kaelte_260713.x83
1;Leistung wie zuletzt in vollem Wortlaut, jedoch;20,0;lfdm;gaeb;leistungsbeschreibungen/Wup_Barmer_HV_LV_VE 402 Heizung + Kaelte_260713.x83
2;Leistung wie zuletzt in vollem Wortlaut, jedoch;50,0;lfdm;gaeb;leistungsbeschreibungen/Wup_Barmer_HV_LV_VE 402 Heizung + Kaelte_260713.x83
3;Leistung wie zuletzt in vollem Wortlaut, jedoch;65,0;lfdm;gaeb;leistungsbeschreibungen/Wup_Barmer_HV_LV_VE 402 Heizung + Kaelte_260713.x83
4;Leistung wie zuletzt in vollem Wortlaut, jedoch;20,0;lfdm;gaeb;leistungsbeschreibungen/Wup_Barmer_HV_LV_VE 402 Heizung + Kaelte_260713.x83
5;Leistung wie zuletzt in vollem Wortlaut, jedoch;30,0;lfdm;gaeb;leistungsbeschreibungen/Wup_Barmer_HV_LV_VE 402 Heizung + Kaelte_260713.x83
6;Leistung wie zuletzt in vollem Wortlaut, jedoch;20,0;lfdm;gaeb;leistungsbeschreibungen/Wup_Barmer_HV_LV_VE 402 Heizung + Kaelte_260713.x83
7;Leistung wie zuletzt in vollem Wortlaut, jedoch;100,0;lfdm;gaeb;leistungsbeschreibungen/Wup_Barmer_HV_LV_VE 402 Heizung + Kaelte_260713.x83
8;Leistung wie zuletzt in vollem Wortlaut, jedoch;1500,0;lfdm;gaeb;leistungsbeschreibungen/Wup_Barmer_HV_LV_VE 402 Heizung + Kaelte_260713.x83
9;Leistung wie zuletzt in vollem Wortlaut, jedoch;550,0;lfdm;gaeb;leistungsbeschreibungen/Wup_Barmer_HV_LV_VE 402 Heizung + Kaelte_260713.x83
10;Leistung wie zuletzt in vollem Wortlaut, jedoch;300,0;lfdm;gaeb;leistungsbeschreibungen/Wup_Barmer_HV_LV_VE 402 Heizung + Kaelte_260713.x83
11;Leistung wie zuletzt in vollem Wortlaut, jedoch;350,0;lfdm;gaeb;leistungsbeschreibungen/Wup_Barmer_HV_LV_VE 402 Heizung + Kaelte_260713.x83
12;Leistung wie zuletzt in vollem Wortlaut, jedoch;100,0;lfdm;gaeb;leistungsbeschreibungen/Wup_Barmer_HV_LV_VE 402 Heizung + Kaelte_260713.x83
13;Leistung wie zuletzt in vollem Wortlaut, jedoch;270,0;lfdm;gaeb;leistungsbeschreibungen/Wup_Barmer_HV_LV_VE 402 Heizung + Kaelte_260713.x83
14;Leistung wie zuletzt in vollem Wortlaut, jedoch;20,0;lfdm;gaeb;leistungsbeschreibungen/Wup_Barmer_HV_LV_VE 402 Heizung + Kaelte_260713.x83
15;Leistung wie zuletzt in vollem Wortlaut, jedoch;35,0;St;gaeb;leistungsbeschreibungen/Wup_Barmer_HV_LV_VE 402 Heizung + Kaelte_260713.x83
16;Leistung wie zuletzt in vollem Wortlaut, jedoch;70,0;St;gaeb;leistungsbeschreibungen/Wup_Barmer_HV_LV_VE 402 Heizung + Kaelte_260713.x83
17;Leistung wie zuletzt in vollem Wortlaut, jedoch;50,0;St;gaeb;leistungsbeschreibungen/Wup_Barmer_HV_LV_VE 402 Heizung + Kaelte_260713.x83
18;Leistung wie zuletzt in vollem Wortlaut, jedoch;25,0;St;gaeb;leistungsbeschreibungen/Wup_Barmer_HV_LV_VE 402 Heizung + Kaelte_260713.x83
19;Leistung wie zuletzt in vollem Wortlaut, jedoch;20,0;St;gaeb;leistungsbeschreibungen/Wup_Barmer_HV_LV_VE 402 Heizung + Kaelte_260713.x83
20;Leistung wie zuletzt in vollem Wortlaut, jedoch;20,0;St;gaeb;leistungsbeschreibungen/Wup_Barmer_HV_LV_VE 402 Heizung + Kaelte_260713.x83
21;Leistung wie zuletzt in vollem Wortlaut, jedoch;500,0;St;gaeb;leistungsbeschreibungen/Wup_Barmer_HV_LV_VE 402 Heizung + Kaelte_260713.x83
22;Leistung wie zuletzt in vollem Wortlaut, jedoch;170,0;St;gaeb;leistungsbeschreibungen/Wup_Barmer_HV_LV_VE 402 Heizung + Kaelte_260713.x83
23;Leistung wie zuletzt in vollem Wortlaut, jedoch;120,0;St;gaeb;leistungsbeschreibungen/Wup_Barmer_HV_LV_VE 402 Heizung + Kaelte_260713.x83
24;Leistung wie zuletzt in vollem Wortlaut, jedoch;110,0;St;gaeb;leistungsbeschreibungen/Wup_Barmer_HV_LV_VE 402 Heizung + Kaelte_260713.x83
25;Leistung wie zuletzt in vollem Wortlaut, jedoch;35,0;St;gaeb;leistungsbeschreibungen/Wup_Barmer_HV_LV_VE 402 Heizung + Kaelte_260713.x83
26;Leistung wie zuletzt in vollem Wortlaut, jedoch;90,0;St;gaeb;leistungsbeschreibungen/Wup_Barmer_HV_LV_VE 402 Heizung + Kaelte_260713.x83
27;Leistung wie zuletzt in vollem Wortlaut, jedoch;10,0;St;gaeb;leistungsbeschreibungen/Wup_Barmer_HV_LV_VE 402 Heizung + Kaelte_260713.x83
28;Leistung wie zuletzt in vollem Wortlaut, jedoch;10,0;St;gaeb;leistungsbeschreibungen/Wup_Barmer_HV_LV_VE 402 Heizung + Kaelte_260713.x83
29;Leistung wie zuletzt in vollem Wortlaut, jedoch;10,0;St;gaeb;leistungsbeschreibungen/Wup_Barmer_HV_LV_VE 402 Heizung + Kaelte_260713.x83
30;Leistung wie zuletzt in vollem Wortlaut, jedoch;10,0;St;gaeb;leistungsbeschreibungen/Wup_Barmer_HV_LV_VE 402 Heizung + Kaelte_260713.x83
31;Leistung wie zuletzt in vollem Wortlaut, jedoch;20,0;St;gaeb;leistungsbeschreibungen/Wup_Barmer_HV_LV_VE 402 Heizung + Kaelte_260713.x83
32;Leistung wie zuletzt in vollem Wortlaut, jedoch;15,0;St;gaeb;leistungsbeschreibungen/Wup_Barmer_HV_LV_VE 402 Heizung + Kaelte_260713.x83
33;Leistung wie zuletzt in vollem Wortlaut, jedoch;130,0;St;gaeb;leistungsbeschreibungen/Wup_Barmer_HV_LV_VE 402 Heizung + Kaelte_260713.x83
34;Leistung wie zuletzt in vollem Wortlaut, jedoch;100,0;St;gaeb;leistungsbeschreibungen/Wup_Barmer_HV_LV_VE 402 Heizung + Kaelte_260713.x83
35;Leistung wie zuletzt in vollem Wortlaut, jedoch;75,0;St;gaeb;leistungsbeschreibungen/Wup_Barmer_HV_LV_VE 402 Heizung + Kaelte_260713.x83
36;Leistung wie zuletzt in vollem Wortlaut, jedoch;100,0;St;gaeb;leistungsbeschreibungen/Wup_Barmer_HV_LV_VE 402 Heizung + Kaelte_260713.x83
37;Leistung wie zuletzt in vollem Wortlaut, jedoch;50,0;St;gaeb;leistungsbeschreibungen/Wup_Barmer_HV_LV_VE 402 Heizung + Kaelte_260713.x83
38;Leistung wie zuletzt in vollem Wortlaut, jedoch;20,0;St;gaeb;leistungsbeschreibungen/Wup_Barmer_HV_LV_VE 402 Heizung + Kaelte_260713.x83
39;Leistung wie zuletzt in vollem Wortlaut, jedoch;40,0;St;gaeb;leistungsbeschreibungen/Wup_Barmer_HV_LV_VE 402 Heizung + Kaelte_260713.x83
40;Leistung wie zuletzt in vollem Wortlaut, jedoch;5,0;St;gaeb;leistungsbeschreibungen/Wup_Barmer_HV_LV_VE 402 Heizung + Kaelte_260713.x83
41;Leistung wie zuletzt in vollem Wortlaut, jedoch;25,0;St;gaeb;leistungsbeschreibungen/Wup_Barmer_HV_LV_VE 402 Heizung + Kaelte_260713.x83
42;Leistung wie zuletzt in vollem Wortlaut, jedoch;25,0;St;gaeb;leistungsbeschreibungen/Wup_Barmer_HV_LV_VE 402 Heizung + Kaelte_260713.x83
43;Leistung wie zuletzt in vollem Wortlaut, jedoch;50,0;St;gaeb;leistungsbeschreibungen/Wup_Barmer_HV_LV_VE 402 Heizung + Kaelte_260713.x83
44;Leistung wie zuletzt in vollem Wortlaut, jedoch;85,0;St;gaeb;leistungsbeschreibungen/Wup_Barmer_HV_LV_VE 402 Heizung + Kaelte_260713.x83
45;Leistung wie zuletzt in vollem Wortlaut, jedoch;80,0;St;gaeb;leistungsbeschreibungen/Wup_Barmer_HV_LV_VE 402 Heizung + Kaelte_260713.x83
46;Leistung wie zuletzt in vollem Wortlaut, jedoch;60,0;St;gaeb;leistungsbeschreibungen/Wup_Barmer_HV_LV_VE 402 Heizung + Kaelte_260713.x83
47;Leistung wie zuletzt in vollem Wortlaut, jedoch;70,0;St;gaeb;leistungsbeschreibungen/Wup_Barmer_HV_LV_VE 402 Heizung + Kaelte_260713.x83
48;Leistung wie zuletzt in vollem Wortlaut, jedoch;50,0;St;gaeb;leistungsbeschreibungen/Wup_Barmer_HV_LV_VE 402 Heizung + Kaelte_260713.x83
49;Leistung wie zuletzt in vollem Wortlaut, jedoch;40,0;St;gaeb;leistungsbeschreibungen/Wup_Barmer_HV_LV_VE 402 Heizung + Kaelte_260713.x83
50;Leistung wie zuletzt in vollem Wortlaut, jedoch;5,0;St;gaeb;leistungsbeschreibungen/Wup_Barmer_HV_LV_VE 402 Heizung + Kaelte_260713.x83
51;Leistung wie zuletzt in vollem Wortlaut, jedoch;8,0;St;gaeb;leistungsbeschreibungen/Wup_Barmer_HV_LV_VE 402 Heizung + Kaelte_260713.x83
52;Leistung wie zuletzt in vollem Wortlaut, jedoch;22,0;St;gaeb;leistungsbeschreibungen/Wup_Barmer_HV_LV_VE 402 Heizung + Kaelte_260713.x83
53;Leistung wie zuletzt in vollem Wortlaut, jedoch;11,0;St;gaeb;leistungsbeschreibungen/Wup_Barmer_HV_LV_VE 402 Heizung + Kaelte_260713.x83
54;Leistung wie zuletzt in vollem Wortlaut, jedoch;14,0;St;gaeb;leistungsbeschreibungen/Wup_Barmer_HV_LV_VE 402 Heizung + Kaelte_260713.x83
55;Leistung wie zuletzt in vollem Wortlaut, jedoch;22,0;St;gaeb;leistungsbeschreibungen/Wup_Barmer_HV_LV_VE 402 Heizung + Kaelte_260713.x83
56;Leistung wie zuletzt in vollem Wortlaut, jedoch;18,0;St;gaeb;leistungsbeschreibungen/Wup_Barmer_HV_LV_VE 402 Heizung + Kaelte_260713.x83
57;Leistung wie zuletzt in vollem Wortlaut, jedoch;12,0;St;gaeb;leistungsbeschreibungen/Wup_Barmer_HV_LV_VE 402 Heizung + Kaelte_260713.x83
58;Leistung wie zuletzt in vollem Wortlaut, jedoch;25,0;St;gaeb;leistungsbeschreibungen/Wup_Barmer_HV_LV_VE 402 Heizung + Kaelte_260713.x83
59;Leistung wie zuletzt in vollem Wortlaut, jedoch;15,0;St;gaeb;leistungsbeschreibungen/Wup_Barmer_HV_LV_VE 402 Heizung + Kaelte_260713.x83
60;Leistung wie zuletzt in vollem Wortlaut, jedoch;10,0;St;gaeb;leistungsbeschreibungen/Wup_Barmer_HV_LV_VE 402 Heizung + Kaelte_260713.x83
61;Leistung wie zuletzt in vollem Wortlaut, jedoch;10,0;St;gaeb;leistungsbeschreibungen/Wup_Barmer_HV_LV_VE 402 Heizung + Kaelte_260713.x83
62;Leistung wie zuletzt in vollem Wortlaut, jedoch;10,0;St;gaeb;leistungsbeschreibungen/Wup_Barmer_HV_LV_VE 402 Heizung + Kaelte_260713.x83
63;Leistung wie zuletzt in vollem Wortlaut, jedoch;10,0;St;gaeb;leistungsbeschreibungen/Wup_Barmer_HV_LV_VE 402 Heizung + Kaelte_260713.x83
64;Leistung wie zuletzt in vollem Wortlaut, jedoch;4,0;St;gaeb;leistungsbeschreibungen/Wup_Barmer_HV_LV_VE 402 Heizung + Kaelte_260713.x83
65;Leistung wie zuletzt in vollem Wortlaut, jedoch;4,0;St;gaeb;leistungsbeschreibungen/Wup_Barmer_HV_LV_VE 402 Heizung + Kaelte_260713.x83
66;Leistung wie zuletzt in vollem Wortlaut, jedoch;4,0;St;gaeb;leistungsbeschreibungen/Wup_Barmer_HV_LV_VE 402 Heizung + Kaelte_260713.x83
67;Leistung wie zuletzt in vollem Wortlaut, jedoch;42,0;St;gaeb;leistungsbeschreibungen/Wup_Barmer_HV_LV_VE 402 Heizung + Kaelte_260713.x83
68;Leistung wie zuletzt in vollem Wortlaut, jedoch;1644,0;St;gaeb;leistungsbeschreibungen/Wup_Barmer_HV_LV_VE 402 Heizung + Kaelte_260713.x83
69;Leistung wie zuletzt in vollem Wortlaut, jedoch;78,0;St;gaeb;leistungsbeschreibungen/Wup_Barmer_HV_LV_VE 402 Heizung + Kaelte_260713.x83
70;Leistung wie zuletzt in vollem Wortlaut, jedoch;36,0;St;gaeb;leistungsbeschreibungen/Wup_Barmer_HV_LV_VE 402 Heizung + Kaelte_260713.x83
71;Leistung wie zuletzt in vollem Wortlaut, jedoch;4,0;St;gaeb;leistungsbeschreibungen/Wup_Barmer_HV_LV_VE 402 Heizung + Kaelte_260713.x83
72;Leistung wie zuletzt in vollem Wortlaut, jedoch;26,0;St;gaeb;leistungsbeschreibungen/Wup_Barmer_HV_LV_VE 402 Heizung + Kaelte_260713.x83
73;Leistung wie zuletzt in vollem Wortlaut, jedoch;26,0;St;gaeb;leistungsbeschreibungen/Wup_Barmer_HV_LV_VE 402 Heizung + Kaelte_260713.x83
74;Leistung wie zuletzt in vollem Wortlaut, jedoch;44,0;St;gaeb;leistungsbeschreibungen/Wup_Barmer_HV_LV_VE 402 Heizung + Kaelte_260713.x83
75;Leistung wie zuletzt in vollem Wortlaut, jedoch;14,0;St;gaeb;leistungsbeschreibungen/Wup_Barmer_HV_LV_VE 402 Heizung + Kaelte_260713.x83
76;Leistung wie zuletzt in vollem Wortlaut, jedoch;8,0;St;gaeb;leistungsbeschreibungen/Wup_Barmer_HV_LV_VE 402 Heizung + Kaelte_260713.x83
77;Leistung wie zuletzt in vollem Wortlaut, jedoch;12,0;St;gaeb;leistungsbeschreibungen/Wup_Barmer_HV_LV_VE 402 Heizung + Kaelte_260713.x83
78;Leistung wie zuletzt in vollem Wortlaut, jedoch;8,0;St;gaeb;leistungsbeschreibungen/Wup_Barmer_HV_LV_VE 402 Heizung + Kaelte_260713.x83
79;Leistung wie zuletzt in vollem Wortlaut, jedoch;10,0;St;gaeb;leistungsbeschreibungen/Wup_Barmer_HV_LV_VE 402 Heizung + Kaelte_260713.x83
80;Leistung wie zuletzt in vollem Wortlaut, jedoch;7,0;St;gaeb;leistungsbeschreibungen/Wup_Barmer_HV_LV_VE 402 Heizung + Kaelte_260713.x83
81;Leistung wie zuletzt in vollem Wortlaut, jedoch;5,0;St;gaeb;leistungsbeschreibungen/Wup_Barmer_HV_LV_VE 402 Heizung + Kaelte_260713.x83
82;Leistung wie zuletzt in vollem Wortlaut, jedoch;10,0;St;gaeb;leistungsbeschreibungen/Wup_Barmer_HV_LV_VE 402 Heizung + Kaelte_260713.x83
83;Leistung wie zuletzt in vollem Wortlaut, jedoch;10,0;St;gaeb;leistungsbeschreibungen/Wup_Barmer_HV_LV_VE 402 Heizung + Kaelte_260713.x83
84;Leistung wie zuletzt in vollem Wortlaut, jedoch;35,0;St;gaeb;leistungsbeschreibungen/Wup_Barmer_HV_LV_VE 402 Heizung + Kaelte_260713.x83
85;Leistung wie zuletzt in vollem Wortlaut, jedoch;17,0;St;gaeb;leistungsbeschreibungen/Wup_Barmer_HV_LV_VE 402 Heizung + Kaelte_260713.x83
86;Leistung wie zuletzt in vollem Wortlaut, jedoch;27,0;St;gaeb;leistungsbeschreibungen/Wup_Barmer_HV_LV_VE 402 Heizung + Kaelte_260713.x83
87;Leistung wie zuletzt in vollem Wortlaut, jedoch;60,0;St;gaeb;leistungsbeschreibungen/Wup_Barmer_HV_LV_VE 402 Heizung + Kaelte_260713.x83
88;Leistung wie zuletzt in vollem Wortlaut, jedoch;2,0;St;gaeb;leistungsbeschreibungen/Wup_Barmer_HV_LV_VE 402 Heizung + Kaelte_260713.x83
89;Leistung wie zuletzt in vollem Wortlaut, jedoch;2,0;St;gaeb;leistungsbeschreibungen/Wup_Barmer_HV_LV_VE 402 Heizung + Kaelte_260713.x83
90;Leistung wie zuletzt in vollem Wortlaut, jedoch;2,0;St;gaeb;leistungsbeschreibungen/Wup_Barmer_HV_LV_VE 402 Heizung + Kaelte_260713.x83
91;Leistung wie zuletzt in vollem Wortlaut, jedoch;2,0;St;gaeb;leistungsbeschreibungen/Wup_Barmer_HV_LV_VE 402 Heizung + Kaelte_260713.x83
92;Leistung wie zuletzt in vollem Wortlaut, jedoch;2,0;St;gaeb;leistungsbeschreibungen/Wup_Barmer_HV_LV_VE 402 Heizung + Kaelte_260713.x83
93;Leistung wie zuletzt in vollem Wortlaut, jedoch;2,0;St;gaeb;leistungsbeschreibungen/Wup_Barmer_HV_LV_VE 402 Heizung + Kaelte_260713.x83
94;Leistung wie zuletzt in vollem Wortlaut, jedoch;2,0;St;gaeb;leistungsbeschreibungen/Wup_Barmer_HV_LV_VE 402 Heizung + Kaelte_260713.x83
95;Leistung wie zuletzt in vollem Wortlaut, jedoch;2,0;St;gaeb;leistungsbeschreibungen/Wup_Barmer_HV_LV_VE 402 Heizung + Kaelte_260713.x83
96;Leistung wie zuletzt in vollem Wortlaut, jedoch;10,0;St;gaeb;leistungsbeschreibungen/Wup_Barmer_HV_LV_VE 402 Heizung + Kaelte_260713.x83
97;Leistung wie zuletzt in vollem Wortlaut, jedoch;10,0;St;gaeb;leistungsbeschreibungen/Wup_Barmer_HV_LV_VE 402 Heizung + Kaelte_260713.x83
98;Leistung wie zuletzt in vollem Wortlaut, jedoch;10,0;St;gaeb;leistungsbeschreibungen/Wup_Barmer_HV_LV_VE 402 Heizung + Kaelte_260713.x83
99;Leistung wie zuletzt in vollem Wortlaut, jedoch;10,0;St;gaeb;leistungsbeschreibungen/Wup_Barmer_HV_LV_VE 402 Heizung + Kaelte_260713.x83
100;Leistung wie zuletzt in vollem Wortlaut, jedoch;10,0;St;gaeb;leistungsbeschreibungen/Wup_Barmer_HV_LV_VE 402 Heizung + Kaelte_260713.x83
101;Leistung wie zuletzt in vollem Wortlaut, jedoch;10,0;St;gaeb;leistungsbeschreibungen/Wup_Barmer_HV_LV_VE 402 Heizung + Kaelte_260713.x83
102;Leistung wie zuletzt in vollem Wortlaut, jedoch;15,0;St;gaeb;leistungsbeschreibungen/Wup_Barmer_HV_LV_VE 402 Heizung + Kaelte_260713.x83
103;Leistung wie zuletzt in vollem Wortlaut, jedoch;10,0;St;gaeb;leistungsbeschreibungen/Wup_Barmer_HV_LV_VE 402 Heizung + Kaelte_260713.x83
104;Leistung wie zuletzt in vollem Wortlaut, jedoch;110,0;St;gaeb;leistungsbeschreibungen/Wup_Barmer_HV_LV_VE 402 Heizung + Kaelte_260713.x83
105;Leistung wie zuletzt in vollem Wortlaut, jedoch;40,0;St;gaeb;leistungsbeschreibungen/Wup_Barmer_HV_LV_VE 402 Heizung + Kaelte_260713.x83
106;Leistung wie zuletzt in vollem Wortlaut, jedoch;20,0;St;gaeb;leistungsbeschreibungen/Wup_Barmer_HV_LV_VE 402 Heizung + Kaelte_260713.x83
107;Leistung wie zuletzt in vollem Wortlaut, jedoch;10,0;St;gaeb;leistungsbeschreibungen/Wup_Barmer_HV_LV_VE 402 Heizung + Kaelte_260713.x83
108;Leistung wie zuletzt in vollem Wortlaut, jedoch;20,0;St;gaeb;leistungsbeschreibungen/Wup_Barmer_HV_LV_VE 402 Heizung + Kaelte_260713.x83
109;Leistung wie zuletzt in vollem Wortlaut, jedoch;10,0;St;gaeb;leistungsbeschreibungen/Wup_Barmer_HV_LV_VE 402 Heizung + Kaelte_260713.x83
110;Leistung wie zuletzt in vollem Wortlaut, jedoch;20,0;St;gaeb;leistungsbeschreibungen/Wup_Barmer_HV_LV_VE 402 Heizung + Kaelte_260713.x83
111;Leistung wie zuletzt in vollem Wortlaut, jedoch;15,0;St;gaeb;leistungsbeschreibungen/Wup_Barmer_HV_LV_VE 402 Heizung + Kaelte_260713.x83
112;Leistung wie zuletzt in vollem Wortlaut, jedoch;40,0;St;gaeb;leistungsbeschreibungen/Wup_Barmer_HV_LV_VE 402 Heizung + Kaelte_260713.x83
113;Leistung wie zuletzt in vollem Wortlaut, jedoch;25,0;St;gaeb;leistungsbeschreibungen/Wup_Barmer_HV_LV_VE 402 Heizung + Kaelte_260713.x83
114;Leistung wie zuletzt in vollem Wortlaut, jedoch;100,0;St;gaeb;leistungsbeschreibungen/Wup_Barmer_HV_LV_VE 402 Heizung + Kaelte_260713.x83
115;Leistung wie zuletzt in vollem Wortlaut, jedoch;40,0;St;gaeb;leistungsbeschreibungen/Wup_Barmer_HV_LV_VE 402 Heizung + Kaelte_260713.x83
116;Leistung wie zuletzt in vollem Wortlaut, jedoch;4,0;St;gaeb;leistungsbeschreibungen/Wup_Barmer_HV_LV_VE 402 Heizung + Kaelte_260713.x83
117;Leistung wie zuletzt in vollem Wortlaut, jedoch;30,0;St;gaeb;leistungsbeschreibungen/Wup_Barmer_HV_LV_VE 402 Heizung + Kaelte_260713.x83
118;Leistung wie zuletzt in vollem Wortlaut, jedoch;4,0;St;gaeb;leistungsbeschreibungen/Wup_Barmer_HV_LV_VE 402 Heizung + Kaelte_260713.x83
119;Leistung wie zuletzt in vollem Wortlaut, jedoch;6,0;St;gaeb;leistungsbeschreibungen/Wup_Barmer_HV_LV_VE 402 Heizung + Kaelte_260713.x83
120;Leistung wie zuletzt in vollem Wortlaut, jedoch;6,0;St;gaeb;leistungsbeschreibungen/Wup_Barmer_HV_LV_VE 402 Heizung + Kaelte_260713.x83
121;Leistung wie zuletzt in vollem Wortlaut, jedoch;6,0;St;gaeb;leistungsbeschreibungen/Wup_Barmer_HV_LV_VE 402 Heizung + Kaelte_260713.x83
122;Leistung wie zuletzt in vollem Wortlaut, jedoch;4,0;St;gaeb;leistungsbeschreibungen/Wup_Barmer_HV_LV_VE 402 Heizung + Kaelte_260713.x83
123;Leistung wie zuletzt in vollem Wortlaut, jedoch;6,0;St;gaeb;leistungsbeschreibungen/Wup_Barmer_HV_LV_VE 402 Heizung + Kaelte_260713.x83
124;Leistung wie zuletzt in vollem Wortlaut, jedoch;2,0;St;gaeb;leistungsbeschreibungen/Wup_Barmer_HV_LV_VE 402 Heizung + Kaelte_260713.x83
125;Erstellen einer Entlüftungsleitung mit Anschluss an Lufttopf bestehend aus:;68,0;St;gaeb;leistungsbeschreibungen/Wup_Barmer_HV_LV_VE 402 Heizung + Kaelte_260713.x83
1;Steuereinheit, Hydraulik und Steuerungsmodul für Druck halten, entgasen, nachspeisen in geschlossenen Heizwasser- und Kühlkreisläufen.Gebaut nach DIN EN 12828 und den Anforderungen der VDI 4708 mit CE-Kennzeichen.Geeignet fuer den Einsatz in lärmsensiblen Bereichen.;1,0;St;gaeb;leistungsbeschreibungen/Wup_Barmer_HV_LV_VE 402 Heizung + Kaelte_260713.x83
2;Membran-Ausdehnungsgefaess für ein- oder zwei-pumpengesteuerte Druckhaltestationen, drucklos, gegenüber der Atmosphaere geschlossen.;1,0;St;gaeb;leistungsbeschreibungen/Wup_Barmer_HV_LV_VE 402 Heizung + Kaelte_260713.x83
3;Anschlussset zum Anschluss des Hydraulikmoduls an die Grundgefäße, bestehend aus zwei Edelstahl-Anschlusswellrohren mit Verschraubungen und gesicherten Absperrkugelhähnen.;1,0;St;gaeb;leistungsbeschreibungen/Wup_Barmer_HV_LV_VE 402 Heizung + Kaelte_260713.x83
4;Motorkugelhahn als Umruestsatz zur Wassernachspeisung. Die Ansteuerung erfolgt direkt von der Steuereinheit. Der schmutzresistente Motorkugelhahn ist mittels Federkraft stromlos geschlossen.;1,0;St;gaeb;leistungsbeschreibungen/Wup_Barmer_HV_LV_VE 402 Heizung + Kaelte_260713.x83
5;Membran-Druckausdehnungsgefaess fuer geschlossene Heiz- und Kuehlwassersysteme. Gefaesse sind konstruiert und gefertigt nach DIN EN 13831. Zulassung gemaess Richtlinie fuer Druckgeraete 2014/68/EU.;1,0;St;gaeb;leistungsbeschreibungen/Wup_Barmer_HV_LV_VE 402 Heizung + Kaelte_260713.x83
6;Kappenventil für Membran-Druckausdehnungsgefäße in geschlossenen Heizungs- und Kühlwasseranlagen. Mit einer gegen unbeabsichtigtes Schließen gesicherten Absperrung und einer Entleerung gemäß DIN EN 12828.;1,0;St;gaeb;leistungsbeschreibungen/Wup_Barmer_HV_LV_VE 402 Heizung + Kaelte_260713.x83
7;Busmodul zur Umsetzung der Informationen wie z.B. Betriebszustand oder -daten aus der Steuerungsschnittstelle. Direkte Integration an der Steuerungsplatine der Control Touch. Es ist keine zusätzliche Montage notwendig. Verbindung zur Touch Control über Steckersockel. Als integriertes Erweiterungsmod;1,0;St;gaeb;leistungsbeschreibungen/Wup_Barmer_HV_LV_VE 402 Heizung + Kaelte_260713.x83
8;Armatur zur direkten Verbindung von Nachspeiseeinrichtungen fuer Heiz- und Kuehlwassersysteme mit Trinkwassernetzen. Im Einzelnen bestehend aus:;1,0;St;gaeb;leistungsbeschreibungen/Wup_Barmer_HV_LV_VE 402 Heizung + Kaelte_260713.x83
9;Patronengehaeuse, kompakte Basisarmatur zur Aufbereitung von Füll- und Ergänzungswasser mittels Ionenaustauschverfahren zum Schutz von Wärmeerzeugern u. Warmwasserheizungsanlagen gemäß VDI 2035 Blatt 1:2021-03.;1,0;St;gaeb;leistungsbeschreibungen/Wup_Barmer_HV_LV_VE 402 Heizung + Kaelte_260713.x83
10;Der Impulsgeber erweitert die Funktionalität des Wasserzählers und ermöglicht eine komfortable Fernüberwachung des Wasserverbrauchs.;1,0;St;gaeb;leistungsbeschreibungen/Wup_Barmer_HV_LV_VE 402 Heizung + Kaelte_260713.x83
11;Kationenharzpatrone zur Füll- und Ergänzungswasserentsalzung.;2,0;St;gaeb;leistungsbeschreibungen/Wup_Barmer_HV_LV_VE 402 Heizung + Kaelte_260713.x83
12;Stabiler Kunststoffschlüssel für das sichere Lösen und Anziehen der Verschraubung zur Erleichterung des Kartuschenwechsels.;1,0;St;gaeb;leistungsbeschreibungen/Wup_Barmer_HV_LV_VE 402 Heizung + Kaelte_260713.x83
13;Sicherheitsventil zur Druckabsicherung von Wärmeerzeugern, Kennbuchstabe D/G/H und gemäß den Anforderungen TRD 721, EN 12828, SWKI HE301-01.;1,0;St;gaeb;leistungsbeschreibungen/Wup_Barmer_HV_LV_VE 402 Heizung + Kaelte_260713.x83
14;Leistung wie zuletzt in vollem Wortlaut, jedoch;1,0;St;gaeb;leistungsbeschreibungen/Wup_Barmer_HV_LV_VE 402 Heizung + Kaelte_260713.x83
15;Steuereinheit, Hydraulik und Steuerungsmodul für Druck halten, entgasen, nachspeisen in geschlossenen Heizwasser- und Kühlkreisläufen.Gebaut nach DIN EN 12828 und den Anforderungen der VDI 4708 mit CE-Kennzeichen.Geeignet fuer den Einsatz in lärmsensiblen Bereichen.;1,0;St;gaeb;leistungsbeschreibungen/Wup_Barmer_HV_LV_VE 402 Heizung + Kaelte_260713.x83
16;Membran-Ausdehnungsgefaess für ein- oder zwei-pumpengesteuerte Druckhaltestationen, drucklos, gegenüber der Atmosphaere geschlossen.;1,0;St;gaeb;leistungsbeschreibungen/Wup_Barmer_HV_LV_VE 402 Heizung + Kaelte_260713.x83
17;Anschlussset zum Anschluss des Hydraulikmoduls an die Grundgefäße, bestehend aus zwei Edelstahl-Anschlusswellrohren mit Verschraubungen und gesicherten Absperrkugelhähnen.;1,0;St;gaeb;leistungsbeschreibungen/Wup_Barmer_HV_LV_VE 402 Heizung + Kaelte_260713.x83
18;Motorkugelhahn als Umruestsatz zur Wassernachspeisung. Die Ansteuerung erfolgt direkt von der Steuereinheit. Der schmutzresistente Motorkugelhahn ist mittels Federkraft stromlos geschlossen.;1,0;St;gaeb;leistungsbeschreibungen/Wup_Barmer_HV_LV_VE 402 Heizung + Kaelte_260713.x83
19;Membran-Druckausdehnungsgefäß für geschlossene Heiz- und Kühlwassersysteme. Gefäße sind konstruiert und gefertigt nach DIN EN 13831. Zulassung gemäß Richtlinie für Druckgeräte 2014/68/EU.;1,0;St;gaeb;leistungsbeschreibungen/Wup_Barmer_HV_LV_VE 402 Heizung + Kaelte_260713.x83
20;Kappenventil für Membran-Druckausdehnungsgefäße in geschlossenen Heizungs- und Kühlwasseranlagen. Mit einer gegen unbeabsichtigtes Schließen gesicherten Absperrung und einer Entleerung gemäß DIN EN 12828.;1,0;St;gaeb;leistungsbeschreibungen/Wup_Barmer_HV_LV_VE 402 Heizung + Kaelte_260713.x83
21;Busmodul zur Umsetzung der Informationen wie z.B. Betriebszustand oder -daten aus der Steuerungsschnittstelle. Direkte Integration an der Steuerungsplatine der Control Touch. Es ist keine zusätzliche Montage notwendig. Verbindung zur Touch Control über Steckersockel. Als integriertes Erweiterungsmod;1,0;St;gaeb;leistungsbeschreibungen/Wup_Barmer_HV_LV_VE 402 Heizung + Kaelte_260713.x83
22;Armatur zur direkten Verbindung von Nachspeiseeinrichtungen fuer Heiz- und Kuehlwassersysteme mit Trinkwassernetzen. Im Einzelnen bestehend aus:;1,0;St;gaeb;leistungsbeschreibungen/Wup_Barmer_HV_LV_VE 402 Heizung + Kaelte_260713.x83
23;Patronengehaeuse, kompakte Basisarmatur zur Aufbereitung von Füll- und Ergänzungswasser mittels Ionenaustauschverfahren zum Schutz von Wärmeerzeugern u. Warmwasserheizungsanlagen gemäß VDI 2035 Blatt 1:2021-03.;1,0;St;gaeb;leistungsbeschreibungen/Wup_Barmer_HV_LV_VE 402 Heizung + Kaelte_260713.x83
24;Der Impulsgeber erweitert die Funktionalität des Wasserzählers und ermöglicht eine komfortable Fernüberwachung des Wasserverbrauchs.;1,0;St;gaeb;leistungsbeschreibungen/Wup_Barmer_HV_LV_VE 402 Heizung + Kaelte_260713.x83
25;Kationenharzpatrone zur Füll- und Ergänzungswasserentsalzung.;2,0;St;gaeb;leistungsbeschreibungen/Wup_Barmer_HV_LV_VE 402 Heizung + Kaelte_260713.x83
26;Stabiler Kunststoffschlüssel für das sichere Lösen und Anziehen der Verschraubung zur Erleichterung des Kartuschenwechsels.;1,0;St;gaeb;leistungsbeschreibungen/Wup_Barmer_HV_LV_VE 402 Heizung + Kaelte_260713.x83
27;Sicherheitsventil zur Druckabsicherung von Wärmeerzeugern, Kennbuchstabe D/G/H und gemäß den Anforderungen TRD 721, EN 12828, SWKI HE301-01.;1,0;St;gaeb;leistungsbeschreibungen/Wup_Barmer_HV_LV_VE 402 Heizung + Kaelte_260713.x83
28;Leistung wie zuletzt in vollem Wortlaut, jedoch;1,0;St;gaeb;leistungsbeschreibungen/Wup_Barmer_HV_LV_VE 402 Heizung + Kaelte_260713.x83
29;Heizkreisverteiler als Verteilerpaar bestehend aus:;7,0;St;gaeb;leistungsbeschreibungen/Wup_Barmer_HV_LV_VE 402 Heizung + Kaelte_260713.x83
30;Fertig-Isolierung bestehend aus 35 mm PU-Hartschaum mit Alu-Blechmantel mit Ausschnitten für die Verteileranschlüsse und Konsolen, inkl. Befestigungsbänder und Schnellverschlüsse.;7,0;St;gaeb;leistungsbeschreibungen/Wup_Barmer_HV_LV_VE 402 Heizung + Kaelte_260713.x83
31;Zulage für Sonderkonstruktion:;7,0;St;gaeb;leistungsbeschreibungen/Wup_Barmer_HV_LV_VE 402 Heizung + Kaelte_260713.x83
32;Leistung wie zuletzt in vollem Wortlauf, jedoch;28,0;St;gaeb;leistungsbeschreibungen/Wup_Barmer_HV_LV_VE 402 Heizung + Kaelte_260713.x83
33;Fertig-Isolierung bestehend aus 35 mm PU-Hartschaum mit Alu-Blechmantel mit Ausschnitten für die Verteileranschlüsse und Konsolen, inkl. Befestigungsbänder und Schnellverschlüsse.;28,0;St;gaeb;leistungsbeschreibungen/Wup_Barmer_HV_LV_VE 402 Heizung + Kaelte_260713.x83
34;Zulage für Sonderkonstruktion:;28,0;St;gaeb;leistungsbeschreibungen/Wup_Barmer_HV_LV_VE 402 Heizung + Kaelte_260713.x83
35;Leistung wie zuletzt in vollem Wortlauf, jedoch;9,0;St;gaeb;leistungsbeschreibungen/Wup_Barmer_HV_LV_VE 402 Heizung + Kaelte_260713.x83
36;Fertig-Isolierung bestehend aus 35 mm PU-Hartschaum mit Alu-Blechmantel mit Ausschnitten für die Verteileranschlüsse und Konsolen, inkl. Befestigungsbänder und Schnellverschlüsse.;9,0;St;gaeb;leistungsbeschreibungen/Wup_Barmer_HV_LV_VE 402 Heizung + Kaelte_260713.x83
37;Zulage für Sonderkonstruktion:;9,0;St;gaeb;leistungsbeschreibungen/Wup_Barmer_HV_LV_VE 402 Heizung + Kaelte_260713.x83
38;Leistung wie zuletzt in vollem Wortlauf, jedoch;31,0;St;gaeb;leistungsbeschreibungen/Wup_Barmer_HV_LV_VE 402 Heizung + Kaelte_260713.x83
39;Fertig-Isolierung bestehend aus 35 mm PU-Hartschaum mit Alu-Blechmantel mit Ausschnitten für die Verteileranschlüsse und Konsolen, inkl. Befestigungsbänder und Schnellverschlüsse.;31,0;St;gaeb;leistungsbeschreibungen/Wup_Barmer_HV_LV_VE 402 Heizung + Kaelte_260713.x83
40;Zulage für Sonderkonstruktion:;31,0;St;gaeb;leistungsbeschreibungen/Wup_Barmer_HV_LV_VE 402 Heizung + Kaelte_260713.x83
41;Leistung wie zuletzt in vollem Wortlauf, jedoch;24,0;St;gaeb;leistungsbeschreibungen/Wup_Barmer_HV_LV_VE 402 Heizung + Kaelte_260713.x83
42;Fertig-Isolierung bestehend aus 35 mm PU-Hartschaum mit Alu-Blechmantel mit Ausschnitten für die Verteileranschlüsse und Konsolen, inkl. Befestigungsbänder und Schnellverschlüsse.;24,0;St;gaeb;leistungsbeschreibungen/Wup_Barmer_HV_LV_VE 402 Heizung + Kaelte_260713.x83
43;Zulage für Sonderkonstruktion:;24,0;St;gaeb;leistungsbeschreibungen/Wup_Barmer_HV_LV_VE 402 Heizung + Kaelte_260713.x83
44;Leistung wie zuletzt in vollem Wortlauf, jedoch;5,0;St;gaeb;leistungsbeschreibungen/Wup_Barmer_HV_LV_VE 402 Heizung + Kaelte_260713.x83
45;Fertig-Isolierung bestehend aus 35 mm PU-Hartschaum mit Alu-Blechmantel mit Ausschnitten für die Verteileranschlüsse und Konsolen, inkl. Befestigungsbänder und Schnellverschlüsse.;5,0;St;gaeb;leistungsbeschreibungen/Wup_Barmer_HV_LV_VE 402 Heizung + Kaelte_260713.x83
46;Zulage für Sonderkonstruktion:;5,0;St;gaeb;leistungsbeschreibungen/Wup_Barmer_HV_LV_VE 402 Heizung + Kaelte_260713.x83
47;Wandkonsole bestehend aus Wandplatte und Tragarmen aus Stahlblech galvanisch verzinkt für Schraubbefestigung, Ausladung = 145 mm oberer Verteiler, Ausladung = 305 mm unterer Verteiler, inkl. Schrauben, Dübel und Unterlegscheiben.;104,0;St;gaeb;leistungsbeschreibungen/Wup_Barmer_HV_LV_VE 402 Heizung + Kaelte_260713.x83
48;Leistung wie zuletzt in vollem Wortlaut, jedoch;2,0;St;gaeb;leistungsbeschreibungen/Wup_Barmer_HV_LV_VE 402 Heizung + Kaelte_260713.x83
49;Leistung wie zuletzt in vollem Wortlaut, jedoch;1,0;St;gaeb;leistungsbeschreibungen/Wup_Barmer_HV_LV_VE 402 Heizung + Kaelte_260713.x83
50;Leistung wie zuletzt in vollem Wortlaut, jedoch;1,0;St;gaeb;leistungsbeschreibungen/Wup_Barmer_HV_LV_VE 402 Heizung + Kaelte_260713.x83
51;Leistung wie zuletzt in vollem Wortlaut, jedoch;1,0;St;gaeb;leistungsbeschreibungen/Wup_Barmer_HV_LV_VE 402 Heizung + Kaelte_260713.x83
52;Leistung wie zuletzt in vollem Wortlaut, jedoch;2,0;St;gaeb;leistungsbeschreibungen/Wup_Barmer_HV_LV_VE 402 Heizung + Kaelte_260713.x83
53;Leistung wie zuletzt in vollem Wortlaut, jedoch;1,0;St;gaeb;leistungsbeschreibungen/Wup_Barmer_HV_LV_VE 402 Heizung + Kaelte_260713.x83
54;Zulage Eichgebühr für vor genannte Wärmemengenzähler mit Beglaubigungsschreiben liefern und den Bestandsunterlagen beiheften!;8,0;St;gaeb;leistungsbeschreibungen/Wup_Barmer_HV_LV_VE 402 Heizung + Kaelte_260713.x83
55;Leistung wie zuletzt in vollem Wortlaut, jedoch;1,0;St;gaeb;leistungsbeschreibungen/Wup_Barmer_HV_LV_VE 402 Heizung + Kaelte_260713.x83
56;Leistung wie zuletzt in vollem Wortlaut, jedoch;1,0;St;gaeb;leistungsbeschreibungen/Wup_Barmer_HV_LV_VE 402 Heizung + Kaelte_260713.x83
57;Leistung wie zuletzt in vollem Wortlaut, jedoch;15,0;St;gaeb;leistungsbeschreibungen/Wup_Barmer_HV_LV_VE 402 Heizung + Kaelte_260713.x83
58;Leistung wie zuletzt in vollem Wortlaut, jedoch;2,0;St;gaeb;leistungsbeschreibungen/Wup_Barmer_HV_LV_VE 402 Heizung + Kaelte_260713.x83
59;Leistung wie zuletzt in vollem Wortlaut, jedoch;1,0;St;gaeb;leistungsbeschreibungen/Wup_Barmer_HV_LV_VE 402 Heizung + Kaelte_260713.x83
60;Leistung wie zuletzt in vollem Wortlaut, jedoch;1,0;St;gaeb;leistungsbeschreibungen/Wup_Barmer_HV_LV_VE 402 Heizung + Kaelte_260713.x83
61;Leistung wie zuletzt in vollem Wortlaut, jedoch;3,0;St;gaeb;leistungsbeschreibungen/Wup_Barmer_HV_LV_VE 402 Heizung + Kaelte_260713.x83
62;Leistung wie zuletzt in vollem Wortlaut, jedoch;14,0;St;gaeb;leistungsbeschreibungen/Wup_Barmer_HV_LV_VE 402 Heizung + Kaelte_260713.x83
63;Leistung wie zuletzt in vollem Wortlaut, jedoch;2,0;St;gaeb;leistungsbeschreibungen/Wup_Barmer_HV_LV_VE 402 Heizung + Kaelte_260713.x83
64;Leistung wie zuletzt in vollem Wortlaut, jedoch;2,0;St;gaeb;leistungsbeschreibungen/Wup_Barmer_HV_LV_VE 402 Heizung + Kaelte_260713.x83
65;Leistung wie zuletzt in vollem Wortlaut, jedoch;2,0;St;gaeb;leistungsbeschreibungen/Wup_Barmer_HV_LV_VE 402 Heizung + Kaelte_260713.x83
66;Leistung wie zuletzt in vollem Wortlaut, jedoch;1,0;St;gaeb;leistungsbeschreibungen/Wup_Barmer_HV_LV_VE 402 Heizung + Kaelte_260713.x83
67;Leistung wie zuletzt in vollem Wortlaut, jedoch;2,0;St;gaeb;leistungsbeschreibungen/Wup_Barmer_HV_LV_VE 402 Heizung + Kaelte_260713.x83
68;Leistung wie zuletzt in vollem Wortlaut, jedoch;2,0;St;gaeb;leistungsbeschreibungen/Wup_Barmer_HV_LV_VE 402 Heizung + Kaelte_260713.x83
69;Leistung wie zuletzt in vollem Wortlaut, jedoch;2,0;St;gaeb;leistungsbeschreibungen/Wup_Barmer_HV_LV_VE 402 Heizung + Kaelte_260713.x83
70;Leistung wie zuletzt in vollem Wortlaut, jedoch;15,0;St;gaeb;leistungsbeschreibungen/Wup_Barmer_HV_LV_VE 402 Heizung + Kaelte_260713.x83
71;Leistung wie zuletzt in vollem Wortlaut, jedoch;32,0;St;gaeb;leistungsbeschreibungen/Wup_Barmer_HV_LV_VE 402 Heizung + Kaelte_260713.x83
72;Leistung wie zuletzt in vollem Wortlaut, jedoch;4,0;St;gaeb;leistungsbeschreibungen/Wup_Barmer_HV_LV_VE 402 Heizung + Kaelte_260713.x83
73;Leistung wie zuletzt in vollem Wortlaut, jedoch;2,0;St;gaeb;leistungsbeschreibungen/Wup_Barmer_HV_LV_VE 402 Heizung + Kaelte_260713.x83
74;Leistung wie zuletzt in vollem Wortlaut, jedoch;3,0;St;gaeb;leistungsbeschreibungen/Wup_Barmer_HV_LV_VE 402 Heizung + Kaelte_260713.x83
75;Leistung wie zuletzt in vollem Wortlaut, jedoch;14,0;St;gaeb;leistungsbeschreibungen/Wup_Barmer_HV_LV_VE 402 Heizung + Kaelte_260713.x83
76;Leistung wie zuletzt in vollem Wortlaut, jedoch;4,0;St;gaeb;leistungsbeschreibungen/Wup_Barmer_HV_LV_VE 402 Heizung + Kaelte_260713.x83
77;Leistung wie zuletzt in vollem Wortlaut, jedoch;4,0;St;gaeb;leistungsbeschreibungen/Wup_Barmer_HV_LV_VE 402 Heizung + Kaelte_260713.x83
78;Leistung wie zuletzt in vollem Wortlaut, jedoch;1,0;St;gaeb;leistungsbeschreibungen/Wup_Barmer_HV_LV_VE 402 Heizung + Kaelte_260713.x83
79;Leistung wie zuletzt in vollem Wortlaut, jedoch;1,0;St;gaeb;leistungsbeschreibungen/Wup_Barmer_HV_LV_VE 402 Heizung + Kaelte_260713.x83
80;Leistung wie zuletzt in vollem Wortlaut, jedoch;1,0;St;gaeb;leistungsbeschreibungen/Wup_Barmer_HV_LV_VE 402 Heizung + Kaelte_260713.x83
81;Leistung wie zuletzt in vollem Wortlaut, jedoch;1,0;St;gaeb;leistungsbeschreibungen/Wup_Barmer_HV_LV_VE 402 Heizung + Kaelte_260713.x83
82;Leistung wie zuletzt in vollem Wortlaut, jedoch;1,0;St;gaeb;leistungsbeschreibungen/Wup_Barmer_HV_LV_VE 402 Heizung + Kaelte_260713.x83
83;Leistung wie zuletzt in vollem Wortlaut, jedoch;1,0;St;gaeb;leistungsbeschreibungen/Wup_Barmer_HV_LV_VE 402 Heizung + Kaelte_260713.x83
84;Leistung wie zuletzt in vollem Wortlaut, jedoch;1030,0;St;gaeb;leistungsbeschreibungen/Wup_Barmer_HV_LV_VE 402 Heizung + Kaelte_260713.x83
85;Leistung wie zuletzt in vollem Wortlaut, jedoch;5,0;St;gaeb;leistungsbeschreibungen/Wup_Barmer_HV_LV_VE 402 Heizung + Kaelte_260713.x83
86;Leistung wie zuletzt in vollem Wortlaut, jedoch;3,0;St;gaeb;leistungsbeschreibungen/Wup_Barmer_HV_LV_VE 402 Heizung + Kaelte_260713.x83
87;Leistung wie zuletzt in vollem Wortlaut, jedoch;3,0;St;gaeb;leistungsbeschreibungen/Wup_Barmer_HV_LV_VE 402 Heizung + Kaelte_260713.x83
88;Leistung wie zuletzt in vollem Wortlaut, jedoch;1,0;St;gaeb;leistungsbeschreibungen/Wup_Barmer_HV_LV_VE 402 Heizung + Kaelte_260713.x83
89;Leistung wie zuletzt in vollem Wortlaut, jedoch;5,0;St;gaeb;leistungsbeschreibungen/Wup_Barmer_HV_LV_VE 402 Heizung + Kaelte_260713.x83
90;Leistung wie zuletzt in vollem Wortlaut, jedoch;1,0;St;gaeb;leistungsbeschreibungen/Wup_Barmer_HV_LV_VE 402 Heizung + Kaelte_260713.x83
91;Leistung wie zuletzt in vollem Wortlaut, jedoch;1,0;St;gaeb;leistungsbeschreibungen/Wup_Barmer_HV_LV_VE 402 Heizung + Kaelte_260713.x83
92;Leistung wie zuletzt in vollem Wortlaut, jedoch;1,0;St;gaeb;leistungsbeschreibungen/Wup_Barmer_HV_LV_VE 402 Heizung + Kaelte_260713.x83
93;Leistung wie zuletzt in vollem Wortlaut, jedoch;1,0;St;gaeb;leistungsbeschreibungen/Wup_Barmer_HV_LV_VE 402 Heizung + Kaelte_260713.x83
94;Leistung wie zuletzt in vollem Wortlaut, jedoch;1,0;St;gaeb;leistungsbeschreibungen/Wup_Barmer_HV_LV_VE 402 Heizung + Kaelte_260713.x83
95;Leistung wie zuletzt in vollem Wortlaut, jedoch;1,0;St;gaeb;leistungsbeschreibungen/Wup_Barmer_HV_LV_VE 402 Heizung + Kaelte_260713.x83
96;Leistung wie zuletzt in vollem Wortlaut, jedoch;2,0;St;gaeb;leistungsbeschreibungen/Wup_Barmer_HV_LV_VE 402 Heizung + Kaelte_260713.x83
97;Leistung wie zuletzt in vollem Wortlaut, jedoch;1,0;St;gaeb;leistungsbeschreibungen/Wup_Barmer_HV_LV_VE 402 Heizung + Kaelte_260713.x83
98;Leistung wie zuletzt in vollem Wortlaut, jedoch;1,0;St;gaeb;leistungsbeschreibungen/Wup_Barmer_HV_LV_VE 402 Heizung + Kaelte_260713.x83
99;Leistung wie zuletzt in vollem Wortlaut, jedoch;10,0;St;gaeb;leistungsbeschreibungen/Wup_Barmer_HV_LV_VE 402 Heizung + Kaelte_260713.x83
100;Leistung wie zuletzt in vollem Wortlaut, jedoch;410,0;St;gaeb;leistungsbeschreibungen/Wup_Barmer_HV_LV_VE 402 Heizung + Kaelte_260713.x83
101;Leistung wie zuletzt in vollem Wortlaut, jedoch;4,0;St;gaeb;leistungsbeschreibungen/Wup_Barmer_HV_LV_VE 402 Heizung + Kaelte_260713.x83
102;Leistung wie zuletzt in vollem Wortlaut, jedoch;2,0;St;gaeb;leistungsbeschreibungen/Wup_Barmer_HV_LV_VE 402 Heizung + Kaelte_260713.x83
103;Leistung wie zuletzt in vollem Wortlaut, jedoch;2,0;St;gaeb;leistungsbeschreibungen/Wup_Barmer_HV_LV_VE 402 Heizung + Kaelte_260713.x83
104;Leistung wie zuletzt in vollem Wortlaut, jedoch;8,0;St;gaeb;leistungsbeschreibungen/Wup_Barmer_HV_LV_VE 402 Heizung + Kaelte_260713.x83
105;Leistung wie zuletzt in vollem Wortlaut, jedoch;420,0;St;gaeb;leistungsbeschreibungen/Wup_Barmer_HV_LV_VE 402 Heizung + Kaelte_260713.x83
106;Leistung wie zuletzt in vollem Wortlaut, jedoch;22,0;St;gaeb;leistungsbeschreibungen/Wup_Barmer_HV_LV_VE 402 Heizung + Kaelte_260713.x83
107;Leistung wie zuletzt in vollem Wortlaut, jedoch;16,0;St;gaeb;leistungsbeschreibungen/Wup_Barmer_HV_LV_VE 402 Heizung + Kaelte_260713.x83
108;Leistung wie zuletzt in vollem Wortlaut, jedoch;4,0;St;gaeb;leistungsbeschreibungen/Wup_Barmer_HV_LV_VE 402 Heizung + Kaelte_260713.x83
109;Leistung wie zuletzt in vollem Wortlaut, jedoch;9,0;St;gaeb;leistungsbeschreibungen/Wup_Barmer_HV_LV_VE 402 Heizung + Kaelte_260713.x83
110;Leistung wie zuletzt in vollem Wortlaut, jedoch;18,0;St;gaeb;leistungsbeschreibungen/Wup_Barmer_HV_LV_VE 402 Heizung + Kaelte_260713.x83
111;Leistung wie zuletzt in vollem Wortlaut, jedoch;6,0;St;gaeb;leistungsbeschreibungen/Wup_Barmer_HV_LV_VE 402 Heizung + Kaelte_260713.x83
112;Leistung wie zuletzt in vollem Wortlaut, jedoch;1030,0;St;gaeb;leistungsbeschreibungen/Wup_Barmer_HV_LV_VE 402 Heizung + Kaelte_260713.x83
113;Leistung wie zuletzt in vollem Wortlaut, jedoch;10,0;St;gaeb;leistungsbeschreibungen/Wup_Barmer_HV_LV_VE 402 Heizung + Kaelte_260713.x83
114;Leistung wie zuletzt in vollem Wortlaut, jedoch;10,0;St;gaeb;leistungsbeschreibungen/Wup_Barmer_HV_LV_VE 402 Heizung + Kaelte_260713.x83
115;Leistung wie zuletzt in vollem Wortlaut, jedoch;2,0;St;gaeb;leistungsbeschreibungen/Wup_Barmer_HV_LV_VE 402 Heizung + Kaelte_260713.x83
116;Leistung wie zuletzt in vollem Wortlaut, jedoch;2,0;St;gaeb;leistungsbeschreibungen/Wup_Barmer_HV_LV_VE 402 Heizung + Kaelte_260713.x83
117;Leistung wie zuletzt in vollem Wortlaut, jedoch;30,0;St;gaeb;leistungsbeschreibungen/Wup_Barmer_HV_LV_VE 402 Heizung + Kaelte_260713.x83
118;Leistung wie zuletzt in vollem Wortlaut, jedoch;25,0;St;gaeb;leistungsbeschreibungen/Wup_Barmer_HV_LV_VE 402 Heizung + Kaelte_260713.x83
119;Leistung wie zuletzt in vollem Wortlaut, jedoch;25,0;St;gaeb;leistungsbeschreibungen/Wup_Barmer_HV_LV_VE 402 Heizung + Kaelte_260713.x83
120;Leistung wie zuletzt in vollem Wortlaut, jedoch;25,0;St;gaeb;leistungsbeschreibungen/Wup_Barmer_HV_LV_VE 402 Heizung + Kaelte_260713.x83
121;Leistung wie zuletzt in vollem Wortlaut, jedoch;15,0;St;gaeb;leistungsbeschreibungen/Wup_Barmer_HV_LV_VE 402 Heizung + Kaelte_260713.x83
122;Leistung wie zuletzt in vollem Wortlaut, jedoch;25,0;St;gaeb;leistungsbeschreibungen/Wup_Barmer_HV_LV_VE 402 Heizung + Kaelte_260713.x83
123;Leistung wie zuletzt in vollem Wortlaut, jedoch;30,0;St;gaeb;leistungsbeschreibungen/Wup_Barmer_HV_LV_VE 402 Heizung + Kaelte_260713.x83
124;Leistung wie zuletzt in vollem Wortlaut, jedoch;30,0;St;gaeb;leistungsbeschreibungen/Wup_Barmer_HV_LV_VE 402 Heizung + Kaelte_260713.x83
125;Leistung wie zuletzt in vollem Wortlaut, jedoch;30,0;St;gaeb;leistungsbeschreibungen/Wup_Barmer_HV_LV_VE 402 Heizung + Kaelte_260713.x83
126;Leistung wie zuletzt in vollem Wortlaut, jedoch;110,0;St;gaeb;leistungsbeschreibungen/Wup_Barmer_HV_LV_VE 402 Heizung + Kaelte_260713.x83
127;Leistung wie zuletzt in vollem Wortlaut, jedoch;30,0;St;gaeb;leistungsbeschreibungen/Wup_Barmer_HV_LV_VE 402 Heizung + Kaelte_260713.x83
128;Leistung wie zuletzt in vollem Wortlaut, jedoch;10,0;St;gaeb;leistungsbeschreibungen/Wup_Barmer_HV_LV_VE 402 Heizung + Kaelte_260713.x83
129;Leistung wie zuletzt in vollem Wortlaut, jedoch;120,0;St;gaeb;leistungsbeschreibungen/Wup_Barmer_HV_LV_VE 402 Heizung + Kaelte_260713.x83
130;Leistung wie zuletzt in vollem Wortlaut, jedoch;160,0;St;gaeb;leistungsbeschreibungen/Wup_Barmer_HV_LV_VE 402 Heizung + Kaelte_260713.x83
131;Leistung wie zuletzt in vollem Wortlaut, jedoch;4,0;St;gaeb;leistungsbeschreibungen/Wup_Barmer_HV_LV_VE 402 Heizung + Kaelte_260713.x83
132;Leistung wie zuletzt in vollem Wortlaut, jedoch;10,0;St;gaeb;leistungsbeschreibungen/Wup_Barmer_HV_LV_VE 402 Heizung + Kaelte_260713.x83
133;Leistung wie zuletzt in vollem Wortlaut, jedoch;6,0;St;gaeb;leistungsbeschreibungen/Wup_Barmer_HV_LV_VE 402 Heizung + Kaelte_260713.x83
134;Leistung wie zuletzt in vollem Wortlaut, jedoch;6,0;St;gaeb;leistungsbeschreibungen/Wup_Barmer_HV_LV_VE 402 Heizung + Kaelte_260713.x83
135;Schwimmerentlüfter aus Rotguss, mit dichtschließendem Absperrventil zum Netz, mit angeformtem Luftaustrittsbogen und Luftventil. Temperaturbereich Medium -10°C bis +130°C, Umgebungstemperatur 50°C.;4,0;St;gaeb;leistungsbeschreibungen/Wup_Barmer_HV_LV_VE 402 Heizung + Kaelte_260713.x83
136;Schwimmerentlüfter aus Rotguss, mit dichtschließendem Absperrventil zum Netz, mit angeformtem Luftaustrittsbogen und Luftventil. Temperaturbereich Medium -10°C bis +130°C, Umgebungstemperatur 50°C.;2,0;St;gaeb;leistungsbeschreibungen/Wup_Barmer_HV_LV_VE 402 Heizung + Kaelte_260713.x83
137;Absorptions-Luftabscheider für geschlossene Warm-/ Kaltwasseranlagen mit max. 130 °C Betriebstemperatur und 10 Bar Betriebsüberdruck, Gehäuse aus Messing, mit Gewinde- und Quetschanschluss, komplett mit PALL-Ringen zur Beruhigung des Wassers und einwandfreiem Entlüftungsablauf über sehr große Kontak;4,0;St;gaeb;leistungsbeschreibungen/Wup_Barmer_HV_LV_VE 402 Heizung + Kaelte_260713.x83
138;Leistung wie zuletzt in vollem Wortlaut, jedoch;95,0;St;gaeb;leistungsbeschreibungen/Wup_Barmer_HV_LV_VE 402 Heizung + Kaelte_260713.x83
139;Leistung wie zuletzt in vollem Wortlaut, jedoch;34,0;St;gaeb;leistungsbeschreibungen/Wup_Barmer_HV_LV_VE 402 Heizung + Kaelte_260713.x83
140;Leistung wie zuletzt in vollem Wortlaut, jedoch;4,0;St;gaeb;leistungsbeschreibungen/Wup_Barmer_HV_LV_VE 402 Heizung + Kaelte_260713.x83
141;Leistung wie zuletzt in vollem Wortlaut, jedoch;10,0;St;gaeb;leistungsbeschreibungen/Wup_Barmer_HV_LV_VE 402 Heizung + Kaelte_260713.x83
142;Leistung wie zuletzt in vollem Wortlaut, jedoch;8,0;St;gaeb;leistungsbeschreibungen/Wup_Barmer_HV_LV_VE 402 Heizung + Kaelte_260713.x83
143;Leistung wie zuletzt in vollem Wortlaut, jedoch;4,0;St;gaeb;leistungsbeschreibungen/Wup_Barmer_HV_LV_VE 402 Heizung + Kaelte_260713.x83
1;Leistung wie zuletzt in vollem Wortlaut, jedoch;24900,0;lfdm;gaeb;leistungsbeschreibungen/Wup_Barmer_HV_LV_VE 402 Heizung + Kaelte_260713.x83
2;Leistung wie zuletzt in vollem Wortlaut, jedoch;1600,0;lfdm;gaeb;leistungsbeschreibungen/Wup_Barmer_HV_LV_VE 402 Heizung + Kaelte_260713.x83
3;Leistung wie zuletzt in vollem Wortlaut, jedoch;50,0;lfdm;gaeb;leistungsbeschreibungen/Wup_Barmer_HV_LV_VE 402 Heizung + Kaelte_260713.x83
4;Leistung wie zuletzt in vollem Wortlaut, jedoch;50,0;lfdm;gaeb;leistungsbeschreibungen/Wup_Barmer_HV_LV_VE 402 Heizung + Kaelte_260713.x83
5;Leistung wie zuletzt in vollem Wortlaut, jedoch;100,0;lfdm;gaeb;leistungsbeschreibungen/Wup_Barmer_HV_LV_VE 402 Heizung + Kaelte_260713.x83
6;Leistung wie zuletzt in vollem Wortlaut, jedoch;100,0;lfdm;gaeb;leistungsbeschreibungen/Wup_Barmer_HV_LV_VE 402 Heizung + Kaelte_260713.x83
7;Leistung wie zuletzt in vollem Wortlaut, jedoch;100,0;lfdm;gaeb;leistungsbeschreibungen/Wup_Barmer_HV_LV_VE 402 Heizung + Kaelte_260713.x83
8;Leistung wie zuletzt in vollem Wortlaut, jedoch;100,0;lfdm;gaeb;leistungsbeschreibungen/Wup_Barmer_HV_LV_VE 402 Heizung + Kaelte_260713.x83
1;Leistung wie zuletzt in vollem Wortlaut, jedoch;8700,0;lfdm;gaeb;leistungsbeschreibungen/Wup_Barmer_HV_LV_VE 402 Heizung + Kaelte_260713.x83
2;Leistung wie zuletzt in vollem Wortlaut, jedoch;715,0;lfdm;gaeb;leistungsbeschreibungen/Wup_Barmer_HV_LV_VE 402 Heizung + Kaelte_260713.x83
3;Leistung wie zuletzt in vollem Wortlaut, jedoch;280,0;lfdm;gaeb;leistungsbeschreibungen/Wup_Barmer_HV_LV_VE 402 Heizung + Kaelte_260713.x83
4;Leistung wie zuletzt in vollem Wortlaut, jedoch;370,0;lfdm;gaeb;leistungsbeschreibungen/Wup_Barmer_HV_LV_VE 402 Heizung + Kaelte_260713.x83
5;Leistung wie zuletzt in vollem Wortlaut, jedoch;800,0;lfdm;gaeb;leistungsbeschreibungen/Wup_Barmer_HV_LV_VE 402 Heizung + Kaelte_260713.x83
6;Leistung wie zuletzt in vollem Wortlaut, jedoch;1150,0;lfdm;gaeb;leistungsbeschreibungen/Wup_Barmer_HV_LV_VE 402 Heizung + Kaelte_260713.x83
7;Leistung wie zuletzt in vollem Wortlaut, jedoch;550,0;lfdm;gaeb;leistungsbeschreibungen/Wup_Barmer_HV_LV_VE 402 Heizung + Kaelte_260713.x83
8;Leistung wie zuletzt in vollem Wortlaut, jedoch;300,0;lfdm;gaeb;leistungsbeschreibungen/Wup_Barmer_HV_LV_VE 402 Heizung + Kaelte_260713.x83
9;Leistung wie zuletzt in vollem Wortlaut, jedoch;350,0;lfdm;gaeb;leistungsbeschreibungen/Wup_Barmer_HV_LV_VE 402 Heizung + Kaelte_260713.x83
10;Leistung wie zuletzt in vollem Wortlaut, jedoch;100,0;lfdm;gaeb;leistungsbeschreibungen/Wup_Barmer_HV_LV_VE 402 Heizung + Kaelte_260713.x83
11;Leistung wie zuletzt in vollem Wortlaut, jedoch;270,0;lfdm;gaeb;leistungsbeschreibungen/Wup_Barmer_HV_LV_VE 402 Heizung + Kaelte_260713.x83
12;Leistung wie zuletzt in vollem Wortlaut, jedoch;20,0;lfdm;gaeb;leistungsbeschreibungen/Wup_Barmer_HV_LV_VE 402 Heizung + Kaelte_260713.x83
13;Leistung wie zuletzt in vollem Wortlaut, jedoch;460,0;lfdm;gaeb;leistungsbeschreibungen/Wup_Barmer_HV_LV_VE 402 Heizung + Kaelte_260713.x83
1;Leistung wie zuletzt in vollem Wortlaut, jedoch als Zulage für Bögen bis 90 °,;7400,0;St;gaeb;leistungsbeschreibungen/Wup_Barmer_HV_LV_VE 402 Heizung + Kaelte_260713.x83
2;Leistung wie zuletzt in vollem Wortlaut, jedoch als Zulage für Bögen bis 90 °,;480,0;St;gaeb;leistungsbeschreibungen/Wup_Barmer_HV_LV_VE 402 Heizung + Kaelte_260713.x83
3;Leistung wie zuletzt in vollem Wortlaut, jedoch als Zulage für Bögen bis 90 °,;150,0;St;gaeb;leistungsbeschreibungen/Wup_Barmer_HV_LV_VE 402 Heizung + Kaelte_260713.x83
4;Leistung wie zuletzt in vollem Wortlaut, jedoch als Zulage für Bögen bis 90 °,;180,0;St;gaeb;leistungsbeschreibungen/Wup_Barmer_HV_LV_VE 402 Heizung + Kaelte_260713.x83
5;Leistung wie zuletzt in vollem Wortlaut, jedoch als Zulage für Bögen bis 90 °,;1050,0;St;gaeb;leistungsbeschreibungen/Wup_Barmer_HV_LV_VE 402 Heizung + Kaelte_260713.x83
6;Leistung wie zuletzt in vollem Wortlaut, jedoch als Zulage für Bögen bis 90 °,;585,0;St;gaeb;leistungsbeschreibungen/Wup_Barmer_HV_LV_VE 402 Heizung + Kaelte_260713.x83
7;Leistung wie zuletzt in vollem Wortlaut, jedoch als Zulage für Bögen bis 90 °,;170,0;St;gaeb;leistungsbeschreibungen/Wup_Barmer_HV_LV_VE 402 Heizung + Kaelte_260713.x83
8;Leistung wie zuletzt in vollem Wortlaut, jedoch als Zulage für Bögen bis 90 °,;120,0;St;gaeb;leistungsbeschreibungen/Wup_Barmer_HV_LV_VE 402 Heizung + Kaelte_260713.x83
9;Leistung wie zuletzt in vollem Wortlaut, jedoch als Zulage für Bögen bis 90 °,;110,0;St;gaeb;leistungsbeschreibungen/Wup_Barmer_HV_LV_VE 402 Heizung + Kaelte_260713.x83
10;Leistung wie zuletzt in vollem Wortlaut, jedoch als Zulage für Bögen bis 90 °,;35,0;St;gaeb;leistungsbeschreibungen/Wup_Barmer_HV_LV_VE 402 Heizung + Kaelte_260713.x83
11;Leistung wie zuletzt in vollem Wortlaut, jedoch als Zulage für Bögen bis 90 °,;90,0;St;gaeb;leistungsbeschreibungen/Wup_Barmer_HV_LV_VE 402 Heizung + Kaelte_260713.x83
12;Leistung wie zuletzt in vollem Wortlaut, jedoch als Zulage für Bögen bis 90 °,;10,0;St;gaeb;leistungsbeschreibungen/Wup_Barmer_HV_LV_VE 402 Heizung + Kaelte_260713.x83
13;Leistung wie zuletzt in vollem Wortlaut, jedoch als Zulage für Bögen bis 90 °,;165,0;St;gaeb;leistungsbeschreibungen/Wup_Barmer_HV_LV_VE 402 Heizung + Kaelte_260713.x83
14;Leistung wie zuletzt in vollem Wortlaut, jedoch;1490,0;St;gaeb;leistungsbeschreibungen/Wup_Barmer_HV_LV_VE 402 Heizung + Kaelte_260713.x83
15;Leistung wie zuletzt in vollem Wortlaut, jedoch;295,0;St;gaeb;leistungsbeschreibungen/Wup_Barmer_HV_LV_VE 402 Heizung + Kaelte_260713.x83
16;Leistung wie zuletzt in vollem Wortlaut, jedoch;365,0;St;gaeb;leistungsbeschreibungen/Wup_Barmer_HV_LV_VE 402 Heizung + Kaelte_260713.x83
17;Leistung wie zuletzt in vollem Wortlaut, jedoch;15,0;St;gaeb;leistungsbeschreibungen/Wup_Barmer_HV_LV_VE 402 Heizung + Kaelte_260713.x83
18;Leistung wie zuletzt in vollem Wortlaut, jedoch;85,0;St;gaeb;leistungsbeschreibungen/Wup_Barmer_HV_LV_VE 402 Heizung + Kaelte_260713.x83
19;Leistung wie zuletzt in vollem Wortlaut, jedoch;20,0;St;gaeb;leistungsbeschreibungen/Wup_Barmer_HV_LV_VE 402 Heizung + Kaelte_260713.x83
20;Leistung wie zuletzt in vollem Wortlaut, jedoch;30,0;St;gaeb;leistungsbeschreibungen/Wup_Barmer_HV_LV_VE 402 Heizung + Kaelte_260713.x83
21;Leistung wie zuletzt in vollem Wortlaut, jedoch;2300,0;St;gaeb;leistungsbeschreibungen/Wup_Barmer_HV_LV_VE 402 Heizung + Kaelte_260713.x83
22;Leistung wie zuletzt in vollem Wortlaut, jedoch;385,0;St;gaeb;leistungsbeschreibungen/Wup_Barmer_HV_LV_VE 402 Heizung + Kaelte_260713.x83
23;Leistung wie zuletzt in vollem Wortlaut, jedoch;300,0;St;gaeb;leistungsbeschreibungen/Wup_Barmer_HV_LV_VE 402 Heizung + Kaelte_260713.x83
24;Leistung wie zuletzt in vollem Wortlaut, jedoch;5,0;St;gaeb;leistungsbeschreibungen/Wup_Barmer_HV_LV_VE 402 Heizung + Kaelte_260713.x83
25;Leistung wie zuletzt in vollem Wortlaut, jedoch;850,0;St;gaeb;leistungsbeschreibungen/Wup_Barmer_HV_LV_VE 402 Heizung + Kaelte_260713.x83
26;Leistung wie zuletzt in vollem Wortlaut, jedoch;212,0;St;gaeb;leistungsbeschreibungen/Wup_Barmer_HV_LV_VE 402 Heizung + Kaelte_260713.x83
27;Leistung wie zuletzt in vollem Wortlaut, jedoch;160,0;St;gaeb;leistungsbeschreibungen/Wup_Barmer_HV_LV_VE 402 Heizung + Kaelte_260713.x83
28;Leistung wie zuletzt in vollem Wortlaut, jedoch;3630,0;St;gaeb;leistungsbeschreibungen/Wup_Barmer_HV_LV_VE 402 Heizung + Kaelte_260713.x83
29;Leistung wie zuletzt in vollem Wortlaut, jedoch;185,0;St;gaeb;leistungsbeschreibungen/Wup_Barmer_HV_LV_VE 402 Heizung + Kaelte_260713.x83
1;Leistung wie zuletzt in vollem Wortlaut, jedoch;800,0;lfdm;gaeb;leistungsbeschreibungen/Wup_Barmer_HV_LV_VE 402 Heizung + Kaelte_260713.x83
2;Leistung wie zuletzt in vollem Wortlaut, jedoch;100,0;lfdm;gaeb;leistungsbeschreibungen/Wup_Barmer_HV_LV_VE 402 Heizung + Kaelte_260713.x83
3;Leistung wie zuletzt in vollem Wortlaut, jedoch;60,0;lfdm;gaeb;leistungsbeschreibungen/Wup_Barmer_HV_LV_VE 402 Heizung + Kaelte_260713.x83
4;Leistung wie zuletzt in vollem Wortlaut, jedoch;280,0;lfdm;gaeb;leistungsbeschreibungen/Wup_Barmer_HV_LV_VE 402 Heizung + Kaelte_260713.x83
5;Leistung wie zuletzt in vollem Wortlaut, jedoch;100,0;lfdm;gaeb;leistungsbeschreibungen/Wup_Barmer_HV_LV_VE 402 Heizung + Kaelte_260713.x83
6;Leistung wie zuletzt in vollem Wortlaut, jedoch;140,0;lfdm;gaeb;leistungsbeschreibungen/Wup_Barmer_HV_LV_VE 402 Heizung + Kaelte_260713.x83
7;Leistung wie zuletzt in vollem Wortlaut, jedoch;100,0;lfdm;gaeb;leistungsbeschreibungen/Wup_Barmer_HV_LV_VE 402 Heizung + Kaelte_260713.x83
8;Leistung wie zuletzt in vollem Wortlaut, jedoch;120,0;lfdm;gaeb;leistungsbeschreibungen/Wup_Barmer_HV_LV_VE 402 Heizung + Kaelte_260713.x83
9;Leistung wie zuletzt in vollem Wortlaut, jedoch;200,0;lfdm;gaeb;leistungsbeschreibungen/Wup_Barmer_HV_LV_VE 402 Heizung + Kaelte_260713.x83
10;Leistung wie zuletzt in vollem Wortlaut, jedoch;60,0;lfdm;gaeb;leistungsbeschreibungen/Wup_Barmer_HV_LV_VE 402 Heizung + Kaelte_260713.x83
11;Leistung wie zuletzt in vollem Wortlaut, jedoch;150,0;lfdm;gaeb;leistungsbeschreibungen/Wup_Barmer_HV_LV_VE 402 Heizung + Kaelte_260713.x83
12;Leistung wie zuletzt in vollem Wortlaut, jedoch;20,0;lfdm;gaeb;leistungsbeschreibungen/Wup_Barmer_HV_LV_VE 402 Heizung + Kaelte_260713.x83
13;Leistung wie zuletzt in vollem Wortlaut, jedoch;7500,0;lfdm;gaeb;leistungsbeschreibungen/Wup_Barmer_HV_LV_VE 402 Heizung + Kaelte_260713.x83
14;Leistung wie zuletzt in vollem Wortlaut, jedoch;350,0;lfdm;gaeb;leistungsbeschreibungen/Wup_Barmer_HV_LV_VE 402 Heizung + Kaelte_260713.x83
15;Leistung wie zuletzt in vollem Wortlaut, jedoch;20,0;lfdm;gaeb;leistungsbeschreibungen/Wup_Barmer_HV_LV_VE 402 Heizung + Kaelte_260713.x83
16;Leistung wie zuletzt in vollem Wortlaut, jedoch;50,0;lfdm;gaeb;leistungsbeschreibungen/Wup_Barmer_HV_LV_VE 402 Heizung + Kaelte_260713.x83
17;Leistung wie zuletzt in vollem Wortlaut, jedoch;620,0;lfdm;gaeb;leistungsbeschreibungen/Wup_Barmer_HV_LV_VE 402 Heizung + Kaelte_260713.x83
18;Leistung wie zuletzt in vollem Wortlaut, jedoch;450,0;lfdm;gaeb;leistungsbeschreibungen/Wup_Barmer_HV_LV_VE 402 Heizung + Kaelte_260713.x83
19;Leistung wie zuletzt in vollem Wortlaut, jedoch;400,0;lfdm;gaeb;leistungsbeschreibungen/Wup_Barmer_HV_LV_VE 402 Heizung + Kaelte_260713.x83
20;Leistung wie zuletzt in vollem Wortlaut, jedoch;180,0;lfdm;gaeb;leistungsbeschreibungen/Wup_Barmer_HV_LV_VE 402 Heizung + Kaelte_260713.x83
21;Leistung wie zuletzt in vollem Wortlaut, jedoch;150,0;lfdm;gaeb;leistungsbeschreibungen/Wup_Barmer_HV_LV_VE 402 Heizung + Kaelte_260713.x83
22;Leistung wie zuletzt in vollem Wortlaut, jedoch;40,0;lfdm;gaeb;leistungsbeschreibungen/Wup_Barmer_HV_LV_VE 402 Heizung + Kaelte_260713.x83
23;Leistung wie zuletzt in vollem Wortlaut, jedoch;120,0;lfdm;gaeb;leistungsbeschreibungen/Wup_Barmer_HV_LV_VE 402 Heizung + Kaelte_260713.x83
24;Leistung wie zuletzt in vollem Wortlaut, jedoch;20,0;lfdm;gaeb;leistungsbeschreibungen/Wup_Barmer_HV_LV_VE 402 Heizung + Kaelte_260713.x83
25;Leistung wie zuletzt in vollem Wortlaut, jedoch;460,0;lfdm;gaeb;leistungsbeschreibungen/Wup_Barmer_HV_LV_VE 402 Heizung + Kaelte_260713.x83
1;Leistung wie zuletzt in vollem Wortlaut, jedoch als Zulage für Bögen bis 90 °,;1200,0;St;gaeb;leistungsbeschreibungen/Wup_Barmer_HV_LV_VE 402 Heizung + Kaelte_260713.x83
2;Leistung wie zuletzt in vollem Wortlaut, jedoch als Zulage für Bögen bis 90 °,;130,0;St;gaeb;leistungsbeschreibungen/Wup_Barmer_HV_LV_VE 402 Heizung + Kaelte_260713.x83
3;Leistung wie zuletzt in vollem Wortlaut, jedoch als Zulage für Bögen bis 90 °,;100,0;St;gaeb;leistungsbeschreibungen/Wup_Barmer_HV_LV_VE 402 Heizung + Kaelte_260713.x83
4;Leistung wie zuletzt in vollem Wortlaut, jedoch als Zulage für Bögen bis 90 °,;140,0;St;gaeb;leistungsbeschreibungen/Wup_Barmer_HV_LV_VE 402 Heizung + Kaelte_260713.x83
5;Leistung wie zuletzt in vollem Wortlaut, jedoch als Zulage für Bögen bis 90 °,;200,0;St;gaeb;leistungsbeschreibungen/Wup_Barmer_HV_LV_VE 402 Heizung + Kaelte_260713.x83
6;Leistung wie zuletzt in vollem Wortlaut, jedoch als Zulage für Bögen bis 90 °,;175,0;St;gaeb;leistungsbeschreibungen/Wup_Barmer_HV_LV_VE 402 Heizung + Kaelte_260713.x83
7;Leistung wie zuletzt in vollem Wortlaut, jedoch als Zulage für Bögen bis 90 °,;40,0;St;gaeb;leistungsbeschreibungen/Wup_Barmer_HV_LV_VE 402 Heizung + Kaelte_260713.x83
8;Leistung wie zuletzt in vollem Wortlaut, jedoch als Zulage für Bögen bis 90 °,;40,0;St;gaeb;leistungsbeschreibungen/Wup_Barmer_HV_LV_VE 402 Heizung + Kaelte_260713.x83
9;Leistung wie zuletzt in vollem Wortlaut, jedoch als Zulage für Bögen bis 90 °,;70,0;St;gaeb;leistungsbeschreibungen/Wup_Barmer_HV_LV_VE 402 Heizung + Kaelte_260713.x83
10;Leistung wie zuletzt in vollem Wortlaut, jedoch als Zulage für Bögen bis 90 °,;25,0;St;gaeb;leistungsbeschreibungen/Wup_Barmer_HV_LV_VE 402 Heizung + Kaelte_260713.x83
11;Leistung wie zuletzt in vollem Wortlaut, jedoch als Zulage für Bögen bis 90 °,;65,0;St;gaeb;leistungsbeschreibungen/Wup_Barmer_HV_LV_VE 402 Heizung + Kaelte_260713.x83
12;Leistung wie zuletzt in vollem Wortlaut, jedoch als Zulage für Bögen bis 90 °,;10,0;St;gaeb;leistungsbeschreibungen/Wup_Barmer_HV_LV_VE 402 Heizung + Kaelte_260713.x83
13;Leistung wie zuletzt in vollem Wortlaut, jedoch;60,0;St;gaeb;leistungsbeschreibungen/Wup_Barmer_HV_LV_VE 402 Heizung + Kaelte_260713.x83
14;Leistung wie zuletzt in vollem Wortlaut, jedoch;50,0;St;gaeb;leistungsbeschreibungen/Wup_Barmer_HV_LV_VE 402 Heizung + Kaelte_260713.x83
15;Leistung wie zuletzt in vollem Wortlaut, jedoch;80,0;St;gaeb;leistungsbeschreibungen/Wup_Barmer_HV_LV_VE 402 Heizung + Kaelte_260713.x83
16;Leistung wie zuletzt in vollem Wortlaut, jedoch;5,0;St;gaeb;leistungsbeschreibungen/Wup_Barmer_HV_LV_VE 402 Heizung + Kaelte_260713.x83
17;Leistung wie zuletzt in vollem Wortlaut, jedoch;5,0;St;gaeb;leistungsbeschreibungen/Wup_Barmer_HV_LV_VE 402 Heizung + Kaelte_260713.x83
18;Leistung wie zuletzt in vollem Wortlaut, jedoch;5,0;St;gaeb;leistungsbeschreibungen/Wup_Barmer_HV_LV_VE 402 Heizung + Kaelte_260713.x83
19;Leistung wie zuletzt in vollem Wortlaut, jedoch;10,0;St;gaeb;leistungsbeschreibungen/Wup_Barmer_HV_LV_VE 402 Heizung + Kaelte_260713.x83
20;Leistung wie zuletzt in vollem Wortlaut, jedoch;80,0;St;gaeb;leistungsbeschreibungen/Wup_Barmer_HV_LV_VE 402 Heizung + Kaelte_260713.x83
21;Leistung wie zuletzt in vollem Wortlaut, jedoch;90,0;St;gaeb;leistungsbeschreibungen/Wup_Barmer_HV_LV_VE 402 Heizung + Kaelte_260713.x83
22;Leistung wie zuletzt in vollem Wortlaut, jedoch;100,0;St;gaeb;leistungsbeschreibungen/Wup_Barmer_HV_LV_VE 402 Heizung + Kaelte_260713.x83
23;Leistung wie zuletzt in vollem Wortlaut, jedoch;5,0;St;gaeb;leistungsbeschreibungen/Wup_Barmer_HV_LV_VE 402 Heizung + Kaelte_260713.x83
24;Leistung wie zuletzt in vollem Wortlaut, jedoch;100,0;St;gaeb;leistungsbeschreibungen/Wup_Barmer_HV_LV_VE 402 Heizung + Kaelte_260713.x83
25;Leistung wie zuletzt in vollem Wortlaut, jedoch;60,0;St;gaeb;leistungsbeschreibungen/Wup_Barmer_HV_LV_VE 402 Heizung + Kaelte_260713.x83
26;Leistung wie zuletzt in vollem Wortlaut, jedoch;90,0;St;gaeb;leistungsbeschreibungen/Wup_Barmer_HV_LV_VE 402 Heizung + Kaelte_260713.x83
27;Leistung wie zuletzt in vollem Wortlaut, jedoch;510,0;St;gaeb;leistungsbeschreibungen/Wup_Barmer_HV_LV_VE 402 Heizung + Kaelte_260713.x83
28;Leistung wie zuletzt in vollem Wortlaut, jedoch;60,0;St;gaeb;leistungsbeschreibungen/Wup_Barmer_HV_LV_VE 402 Heizung + Kaelte_260713.x83
29;Leistung wie zuletzt in vollem Wortlaut, jedoch als Zulage für Bögen bis 90 °,;6200,0;St;gaeb;leistungsbeschreibungen/Wup_Barmer_HV_LV_VE 402 Heizung + Kaelte_260713.x83
30;Leistung wie zuletzt in vollem Wortlaut, jedoch als Zulage für Bögen bis 90 °,;350,0;St;gaeb;leistungsbeschreibungen/Wup_Barmer_HV_LV_VE 402 Heizung + Kaelte_260713.x83
31;Leistung wie zuletzt in vollem Wortlaut, jedoch als Zulage für Bögen bis 90 °,;50,0;St;gaeb;leistungsbeschreibungen/Wup_Barmer_HV_LV_VE 402 Heizung + Kaelte_260713.x83
32;Leistung wie zuletzt in vollem Wortlaut, jedoch als Zulage für Bögen bis 90 °,;40,0;St;gaeb;leistungsbeschreibungen/Wup_Barmer_HV_LV_VE 402 Heizung + Kaelte_260713.x83
33;Leistung wie zuletzt in vollem Wortlaut, jedoch als Zulage für Bögen bis 90 °,;850,0;St;gaeb;leistungsbeschreibungen/Wup_Barmer_HV_LV_VE 402 Heizung + Kaelte_260713.x83
34;Leistung wie zuletzt in vollem Wortlaut, jedoch als Zulage für Bögen bis 90 °,;410,0;St;gaeb;leistungsbeschreibungen/Wup_Barmer_HV_LV_VE 402 Heizung + Kaelte_260713.x83
35;Leistung wie zuletzt in vollem Wortlaut, jedoch als Zulage für Bögen bis 90 °,;130,0;St;gaeb;leistungsbeschreibungen/Wup_Barmer_HV_LV_VE 402 Heizung + Kaelte_260713.x83
36;Leistung wie zuletzt in vollem Wortlaut, jedoch als Zulage für Bögen bis 90 °,;80,0;St;gaeb;leistungsbeschreibungen/Wup_Barmer_HV_LV_VE 402 Heizung + Kaelte_260713.x83
37;Leistung wie zuletzt in vollem Wortlaut, jedoch als Zulage für Bögen bis 90 °,;40,0;St;gaeb;leistungsbeschreibungen/Wup_Barmer_HV_LV_VE 402 Heizung + Kaelte_260713.x83
38;Leistung wie zuletzt in vollem Wortlaut, jedoch als Zulage für Bögen bis 90 °,;10,0;St;gaeb;leistungsbeschreibungen/Wup_Barmer_HV_LV_VE 402 Heizung + Kaelte_260713.x83
39;Leistung wie zuletzt in vollem Wortlaut, jedoch als Zulage für Bögen bis 90 °,;25,0;St;gaeb;leistungsbeschreibungen/Wup_Barmer_HV_LV_VE 402 Heizung + Kaelte_260713.x83
40;Leistung wie zuletzt in vollem Wortlaut, jedoch als Zulage für Bögen bis 90 °,;10,0;St;gaeb;leistungsbeschreibungen/Wup_Barmer_HV_LV_VE 402 Heizung + Kaelte_260713.x83
41;Leistung wie zuletzt in vollem Wortlaut, jedoch als Zulage für Bögen bis 90 °,;160,0;St;gaeb;leistungsbeschreibungen/Wup_Barmer_HV_LV_VE 402 Heizung + Kaelte_260713.x83
42;Leistung wie zuletzt in vollem Wortlaut, jedoch;240,0;St;gaeb;leistungsbeschreibungen/Wup_Barmer_HV_LV_VE 402 Heizung + Kaelte_260713.x83
43;Leistung wie zuletzt in vollem Wortlaut, jedoch;100,0;St;gaeb;leistungsbeschreibungen/Wup_Barmer_HV_LV_VE 402 Heizung + Kaelte_260713.x83
44;Leistung wie zuletzt in vollem Wortlaut, jedoch;250,0;St;gaeb;leistungsbeschreibungen/Wup_Barmer_HV_LV_VE 402 Heizung + Kaelte_260713.x83
45;Leistung wie zuletzt in vollem Wortlaut, jedoch;10,0;St;gaeb;leistungsbeschreibungen/Wup_Barmer_HV_LV_VE 402 Heizung + Kaelte_260713.x83
46;Leistung wie zuletzt in vollem Wortlaut, jedoch;15,0;St;gaeb;leistungsbeschreibungen/Wup_Barmer_HV_LV_VE 402 Heizung + Kaelte_260713.x83
47;Leistung wie zuletzt in vollem Wortlaut, jedoch;10,0;St;gaeb;leistungsbeschreibungen/Wup_Barmer_HV_LV_VE 402 Heizung + Kaelte_260713.x83
48;Leistung wie zuletzt in vollem Wortlaut, jedoch;15,0;St;gaeb;leistungsbeschreibungen/Wup_Barmer_HV_LV_VE 402 Heizung + Kaelte_260713.x83
49;Leistung wie zuletzt in vollem Wortlaut, jedoch;380,0;St;gaeb;leistungsbeschreibungen/Wup_Barmer_HV_LV_VE 402 Heizung + Kaelte_260713.x83
50;Leistung wie zuletzt in vollem Wortlaut, jedoch;100,0;St;gaeb;leistungsbeschreibungen/Wup_Barmer_HV_LV_VE 402 Heizung + Kaelte_260713.x83
51;Leistung wie zuletzt in vollem Wortlaut, jedoch;170,0;St;gaeb;leistungsbeschreibungen/Wup_Barmer_HV_LV_VE 402 Heizung + Kaelte_260713.x83
52;Leistung wie zuletzt in vollem Wortlaut, jedoch;5,0;St;gaeb;leistungsbeschreibungen/Wup_Barmer_HV_LV_VE 402 Heizung + Kaelte_260713.x83
53;Leistung wie zuletzt in vollem Wortlaut, jedoch;70,0;St;gaeb;leistungsbeschreibungen/Wup_Barmer_HV_LV_VE 402 Heizung + Kaelte_260713.x83
54;Leistung wie zuletzt in vollem Wortlaut, jedoch;40,0;St;gaeb;leistungsbeschreibungen/Wup_Barmer_HV_LV_VE 402 Heizung + Kaelte_260713.x83
55;Leistung wie zuletzt in vollem Wortlaut, jedoch;50,0;St;gaeb;leistungsbeschreibungen/Wup_Barmer_HV_LV_VE 402 Heizung + Kaelte_260713.x83
56;Leistung wie zuletzt in vollem Wortlaut, jedoch;220,0;St;gaeb;leistungsbeschreibungen/Wup_Barmer_HV_LV_VE 402 Heizung + Kaelte_260713.x83
57;Leistung wie zuletzt in vollem Wortlaut, jedoch;30,0;St;gaeb;leistungsbeschreibungen/Wup_Barmer_HV_LV_VE 402 Heizung + Kaelte_260713.x83
1;Leistung wie zuletzt in vollem Wortlaut, jedoch;1170,0;St;gaeb;leistungsbeschreibungen/Wup_Barmer_HV_LV_VE 402 Heizung + Kaelte_260713.x83
2;Leistung wie zuletzt in vollem Wortlaut, jedoch;65,0;St;gaeb;leistungsbeschreibungen/Wup_Barmer_HV_LV_VE 402 Heizung + Kaelte_260713.x83
3;Leistung wie zuletzt in vollem Wortlaut, jedoch;45,0;St;gaeb;leistungsbeschreibungen/Wup_Barmer_HV_LV_VE 402 Heizung + Kaelte_260713.x83
4;Leistung wie zuletzt in vollem Wortlaut, jedoch;17,0;St;gaeb;leistungsbeschreibungen/Wup_Barmer_HV_LV_VE 402 Heizung + Kaelte_260713.x83
5;Leistung wie zuletzt in vollem Wortlaut, jedoch;27,0;St;gaeb;leistungsbeschreibungen/Wup_Barmer_HV_LV_VE 402 Heizung + Kaelte_260713.x83
6;Leistung wie zuletzt in vollem Wortlaut, jedoch;32,0;St;gaeb;leistungsbeschreibungen/Wup_Barmer_HV_LV_VE 402 Heizung + Kaelte_260713.x83
7;Leistung wie zuletzt in vollem Wortlaut, jedoch;30,0;St;gaeb;leistungsbeschreibungen/Wup_Barmer_HV_LV_VE 402 Heizung + Kaelte_260713.x83
8;Leistung wie zuletzt in vollem Wortlaut, jedoch;30,0;St;gaeb;leistungsbeschreibungen/Wup_Barmer_HV_LV_VE 402 Heizung + Kaelte_260713.x83
9;Leistung wie zuletzt in vollem Wortlaut, jedoch;28,0;St;gaeb;leistungsbeschreibungen/Wup_Barmer_HV_LV_VE 402 Heizung + Kaelte_260713.x83
10;Leistung wie zuletzt in vollem Wortlaut, jedoch;18,0;St;gaeb;leistungsbeschreibungen/Wup_Barmer_HV_LV_VE 402 Heizung + Kaelte_260713.x83
11;Leistung wie zuletzt in vollem Wortlaut, jedoch;830,0;St;gaeb;leistungsbeschreibungen/Wup_Barmer_HV_LV_VE 402 Heizung + Kaelte_260713.x83
12;Leistung wie zuletzt in vollem Wortlaut, jedoch;22,0;St;gaeb;leistungsbeschreibungen/Wup_Barmer_HV_LV_VE 402 Heizung + Kaelte_260713.x83
13;Leistung wie zuletzt in vollem Wortlaut, jedoch;16,0;St;gaeb;leistungsbeschreibungen/Wup_Barmer_HV_LV_VE 402 Heizung + Kaelte_260713.x83
14;Leistung wie zuletzt in vollem Wortlaut, jedoch;8,0;St;gaeb;leistungsbeschreibungen/Wup_Barmer_HV_LV_VE 402 Heizung + Kaelte_260713.x83
15;Leistung wie zuletzt in vollem Wortlaut, jedoch;11,0;St;gaeb;leistungsbeschreibungen/Wup_Barmer_HV_LV_VE 402 Heizung + Kaelte_260713.x83
16;Leistung wie zuletzt in vollem Wortlaut, jedoch;20,0;St;gaeb;leistungsbeschreibungen/Wup_Barmer_HV_LV_VE 402 Heizung + Kaelte_260713.x83
17;Leistung wie zuletzt in vollem Wortlaut, jedoch;6,0;St;gaeb;leistungsbeschreibungen/Wup_Barmer_HV_LV_VE 402 Heizung + Kaelte_260713.x83
18;Leistung wie zuletzt in vollem Wortlaut, jedoch;2,0;St;gaeb;leistungsbeschreibungen/Wup_Barmer_HV_LV_VE 402 Heizung + Kaelte_260713.x83
19;Leistung wie zuletzt in vollem Wortlaut, jedoch;15,0;St;gaeb;leistungsbeschreibungen/Wup_Barmer_HV_LV_VE 402 Heizung + Kaelte_260713.x83
20;Leistung wie zuletzt in vollem Wortlaut, jedoch;4,0;St;gaeb;leistungsbeschreibungen/Wup_Barmer_HV_LV_VE 402 Heizung + Kaelte_260713.x83
21;Leistung wie zuletzt in vollem Wortlaut, jedoch;4,0;St;gaeb;leistungsbeschreibungen/Wup_Barmer_HV_LV_VE 402 Heizung + Kaelte_260713.x83
22;Leistung wie zuletzt in vollem Wortlaut, jedoch;2,0;St;gaeb;leistungsbeschreibungen/Wup_Barmer_HV_LV_VE 402 Heizung + Kaelte_260713.x83
23;Leistung wie zuletzt in vollem Wortlaut, jedoch;4,0;St;gaeb;leistungsbeschreibungen/Wup_Barmer_HV_LV_VE 402 Heizung + Kaelte_260713.x83
24;Leistung wie zuletzt in vollem Wortlaut, jedoch;3,0;St;gaeb;leistungsbeschreibungen/Wup_Barmer_HV_LV_VE 402 Heizung + Kaelte_260713.x83
25;Leistung wie zuletzt in vollem Wortlaut, jedoch;4,0;St;gaeb;leistungsbeschreibungen/Wup_Barmer_HV_LV_VE 402 Heizung + Kaelte_260713.x83
26;Leistung wie zuletzt in vollem Wortlaut, jedoch;1,0;St;gaeb;leistungsbeschreibungen/Wup_Barmer_HV_LV_VE 402 Heizung + Kaelte_260713.x83
27;Leistung wie zuletzt in vollem Wortlaut, jedoch;42,0;St;gaeb;leistungsbeschreibungen/Wup_Barmer_HV_LV_VE 402 Heizung + Kaelte_260713.x83
28;Leistung wie zuletzt in vollem Wortlaut, jedoch;2,0;St;gaeb;leistungsbeschreibungen/Wup_Barmer_HV_LV_VE 402 Heizung + Kaelte_260713.x83
29;Leistung wie zuletzt in vollem Wortlaut, jedoch;1,0;St;gaeb;leistungsbeschreibungen/Wup_Barmer_HV_LV_VE 402 Heizung + Kaelte_260713.x83
30;Leistung wie zuletzt in vollem Wortlaut, jedoch;1,0;St;gaeb;leistungsbeschreibungen/Wup_Barmer_HV_LV_VE 402 Heizung + Kaelte_260713.x83
31;Leistung wie zuletzt in vollem Wortlaut, jedoch;1,0;St;gaeb;leistungsbeschreibungen/Wup_Barmer_HV_LV_VE 402 Heizung + Kaelte_260713.x83
32;Leistung wie zuletzt in vollem Wortlaut, jedoch;2,0;St;gaeb;leistungsbeschreibungen/Wup_Barmer_HV_LV_VE 402 Heizung + Kaelte_260713.x83
33;Leistung wie zuletzt in vollem Wortlaut, jedoch;1,0;St;gaeb;leistungsbeschreibungen/Wup_Barmer_HV_LV_VE 402 Heizung + Kaelte_260713.x83
34;Leistung wie zuletzt in vollem Wortlaut, jedoch;3,0;St;gaeb;leistungsbeschreibungen/Wup_Barmer_HV_LV_VE 402 Heizung + Kaelte_260713.x83
35;Leistung wie zuletzt in vollem Wortlaut, jedoch;2,0;St;gaeb;leistungsbeschreibungen/Wup_Barmer_HV_LV_VE 402 Heizung + Kaelte_260713.x83
36;Leistung wie zuletzt in vollem Wortlaut, jedoch;2,0;St;gaeb;leistungsbeschreibungen/Wup_Barmer_HV_LV_VE 402 Heizung + Kaelte_260713.x83
37;Leistung wie zuletzt in vollem Wortlaut, jedoch;2,0;St;gaeb;leistungsbeschreibungen/Wup_Barmer_HV_LV_VE 402 Heizung + Kaelte_260713.x83
38;Leistung wie zuletzt in vollem Wortlaut, jedoch;5,0;St;gaeb;leistungsbeschreibungen/Wup_Barmer_HV_LV_VE 402 Heizung + Kaelte_260713.x83
39;Leistung wie zuletzt in vollem Wortlaut, jedoch;14,0;St;gaeb;leistungsbeschreibungen/Wup_Barmer_HV_LV_VE 402 Heizung + Kaelte_260713.x83
40;Leistung wie zuletzt in vollem Wortlaut, jedoch;1030,0;St;gaeb;leistungsbeschreibungen/Wup_Barmer_HV_LV_VE 402 Heizung + Kaelte_260713.x83
41;Leistung wie zuletzt in vollem Wortlaut, jedoch;5,0;St;gaeb;leistungsbeschreibungen/Wup_Barmer_HV_LV_VE 402 Heizung + Kaelte_260713.x83
42;Leistung wie zuletzt in vollem Wortlaut, jedoch;3,0;St;gaeb;leistungsbeschreibungen/Wup_Barmer_HV_LV_VE 402 Heizung + Kaelte_260713.x83
43;Leistung wie zuletzt in vollem Wortlaut, jedoch;3,0;St;gaeb;leistungsbeschreibungen/Wup_Barmer_HV_LV_VE 402 Heizung + Kaelte_260713.x83
44;Leistung wie zuletzt in vollem Wortlaut, jedoch;1,0;St;gaeb;leistungsbeschreibungen/Wup_Barmer_HV_LV_VE 402 Heizung + Kaelte_260713.x83
45;Leistung wie zuletzt in vollem Wortlaut, jedoch;5,0;St;gaeb;leistungsbeschreibungen/Wup_Barmer_HV_LV_VE 402 Heizung + Kaelte_260713.x83
46;Leistung wie zuletzt in vollem Wortlaut, jedoch;1,0;St;gaeb;leistungsbeschreibungen/Wup_Barmer_HV_LV_VE 402 Heizung + Kaelte_260713.x83
47;Leistung wie zuletzt in vollem Wortlaut, jedoch;1,0;St;gaeb;leistungsbeschreibungen/Wup_Barmer_HV_LV_VE 402 Heizung + Kaelte_260713.x83
48;Leistung wie zuletzt in vollem Wortlaut, jedoch;1,0;St;gaeb;leistungsbeschreibungen/Wup_Barmer_HV_LV_VE 402 Heizung + Kaelte_260713.x83
49;Leistung wie zuletzt in vollem Wortlaut, jedoch;28,0;St;gaeb;leistungsbeschreibungen/Wup_Barmer_HV_LV_VE 402 Heizung + Kaelte_260713.x83
50;Leistung wie zuletzt in vollem Wortlaut, jedoch;1,0;St;gaeb;leistungsbeschreibungen/Wup_Barmer_HV_LV_VE 402 Heizung + Kaelte_260713.x83
51;Leistung wie zuletzt in vollem Wortlaut, jedoch;1,0;St;gaeb;leistungsbeschreibungen/Wup_Barmer_HV_LV_VE 402 Heizung + Kaelte_260713.x83
52;Leistung wie zuletzt in vollem Wortlaut, jedoch;1,0;St;gaeb;leistungsbeschreibungen/Wup_Barmer_HV_LV_VE 402 Heizung + Kaelte_260713.x83
53;Leistung wie zuletzt in vollem Wortlaut, jedoch;2,0;St;gaeb;leistungsbeschreibungen/Wup_Barmer_HV_LV_VE 402 Heizung + Kaelte_260713.x83
54;Leistung wie zuletzt in vollem Wortlaut, jedoch;1,0;St;gaeb;leistungsbeschreibungen/Wup_Barmer_HV_LV_VE 402 Heizung + Kaelte_260713.x83
55;Leistung wie zuletzt in vollem Wortlaut, jedoch;1,0;St;gaeb;leistungsbeschreibungen/Wup_Barmer_HV_LV_VE 402 Heizung + Kaelte_260713.x83
56;Leistung wie zuletzt in vollem Wortlaut, jedoch;4,0;St;gaeb;leistungsbeschreibungen/Wup_Barmer_HV_LV_VE 402 Heizung + Kaelte_260713.x83
57;Leistung wie zuletzt in vollem Wortlaut, jedoch;30,0;St;gaeb;leistungsbeschreibungen/Wup_Barmer_HV_LV_VE 402 Heizung + Kaelte_260713.x83
58;Leistung wie zuletzt in vollem Wortlaut, jedoch;4,0;St;gaeb;leistungsbeschreibungen/Wup_Barmer_HV_LV_VE 402 Heizung + Kaelte_260713.x83
59;Leistung wie zuletzt in vollem Wortlaut, jedoch;6,0;St;gaeb;leistungsbeschreibungen/Wup_Barmer_HV_LV_VE 402 Heizung + Kaelte_260713.x83
60;Leistung wie zuletzt in vollem Wortlaut, jedoch;6,0;St;gaeb;leistungsbeschreibungen/Wup_Barmer_HV_LV_VE 402 Heizung + Kaelte_260713.x83
61;Leistung wie zuletzt in vollem Wortlaut, jedoch;6,0;St;gaeb;leistungsbeschreibungen/Wup_Barmer_HV_LV_VE 402 Heizung + Kaelte_260713.x83
62;Leistung wie zuletzt in vollem Wortlaut, jedoch;4,0;St;gaeb;leistungsbeschreibungen/Wup_Barmer_HV_LV_VE 402 Heizung + Kaelte_260713.x83
63;Leistung wie zuletzt in vollem Wortlaut, jedoch;6,0;St;gaeb;leistungsbeschreibungen/Wup_Barmer_HV_LV_VE 402 Heizung + Kaelte_260713.x83
64;Leistung wie zuletzt in vollem Wortlaut, jedoch;2,0;St;gaeb;leistungsbeschreibungen/Wup_Barmer_HV_LV_VE 402 Heizung + Kaelte_260713.x83
1;Leistung wie zuletzt in vollem Wortlaut, jedoch;5200,0;St;gaeb;leistungsbeschreibungen/Wup_Barmer_HV_LV_VE 402 Heizung + Kaelte_260713.x83
2;Leistung wie zuletzt in vollem Wortlaut, jedoch;2000,0;St;gaeb;leistungsbeschreibungen/Wup_Barmer_HV_LV_VE 402 Heizung + Kaelte_260713.x83
3;Leistung wie zuletzt in vollem Wortlaut, jedoch;600,0;St;gaeb;leistungsbeschreibungen/Wup_Barmer_HV_LV_VE 402 Heizung + Kaelte_260713.x83
4;Leistung wie zuletzt in vollem Wortlaut, jedoch;1750,0;lfdm;gaeb;leistungsbeschreibungen/Wup_Barmer_HV_LV_VE 402 Heizung + Kaelte_260713.x83
1;Leistung wie zuletzt in vollem Wortlaut, jedoch;1320,0;St;gaeb;leistungsbeschreibungen/Wup_Barmer_HV_LV_VE 402 Heizung + Kaelte_260713.x83
2;Leistung wie zuletzt in vollem Wortlaut, jedoch;40,0;St;gaeb;leistungsbeschreibungen/Wup_Barmer_HV_LV_VE 402 Heizung + Kaelte_260713.x83
3;Leistung wie zuletzt in vollem Wortlaut, jedoch;20,0;St;gaeb;leistungsbeschreibungen/Wup_Barmer_HV_LV_VE 402 Heizung + Kaelte_260713.x83
4;Leistung wie zuletzt in vollem Wortlaut, jedoch;20,0;St;gaeb;leistungsbeschreibungen/Wup_Barmer_HV_LV_VE 402 Heizung + Kaelte_260713.x83
5;Leistung wie zuletzt in vollem Wortlaut, jedoch;40,0;St;gaeb;leistungsbeschreibungen/Wup_Barmer_HV_LV_VE 402 Heizung + Kaelte_260713.x83
6;Leistung wie zuletzt in vollem Wortlaut, jedoch;180,0;St;gaeb;leistungsbeschreibungen/Wup_Barmer_HV_LV_VE 402 Heizung + Kaelte_260713.x83
7;Leistung wie zuletzt in vollem Wortlaut, jedoch;80,0;St;gaeb;leistungsbeschreibungen/Wup_Barmer_HV_LV_VE 402 Heizung + Kaelte_260713.x83
8;Leistung wie zuletzt in vollem Wortlaut, jedoch;50,0;St;gaeb;leistungsbeschreibungen/Wup_Barmer_HV_LV_VE 402 Heizung + Kaelte_260713.x83
9;Leistung wie zuletzt in vollem Wortlaut, jedoch;50,0;St;gaeb;leistungsbeschreibungen/Wup_Barmer_HV_LV_VE 402 Heizung + Kaelte_260713.x83
10;Leistung wie zuletzt in vollem Wortlaut, jedoch;5,0;St;gaeb;leistungsbeschreibungen/Wup_Barmer_HV_LV_VE 402 Heizung + Kaelte_260713.x83
11;Leistung wie zuletzt in vollem Wortlaut, jedoch;10,0;St;gaeb;leistungsbeschreibungen/Wup_Barmer_HV_LV_VE 402 Heizung + Kaelte_260713.x83
12;Leistung wie zuletzt in vollem Wortlaut, jedoch;230,0;St;gaeb;leistungsbeschreibungen/Wup_Barmer_HV_LV_VE 402 Heizung + Kaelte_260713.x83
13;Leistung wie zuletzt in vollem Wortlaut, jedoch;40,0;St;gaeb;leistungsbeschreibungen/Wup_Barmer_HV_LV_VE 402 Heizung + Kaelte_260713.x83
14;Leistung wie zuletzt in vollem Wortlaut, jedoch;10,0;St;gaeb;leistungsbeschreibungen/Wup_Barmer_HV_LV_VE 402 Heizung + Kaelte_260713.x83
15;Leistung wie zuletzt in vollem Wortlaut, jedoch;10,0;St;gaeb;leistungsbeschreibungen/Wup_Barmer_HV_LV_VE 402 Heizung + Kaelte_260713.x83
16;Leistung wie zuletzt in vollem Wortlaut, jedoch;35,0;St;gaeb;leistungsbeschreibungen/Wup_Barmer_HV_LV_VE 402 Heizung + Kaelte_260713.x83
17;Leistung wie zuletzt in vollem Wortlaut, jedoch;180,0;St;gaeb;leistungsbeschreibungen/Wup_Barmer_HV_LV_VE 402 Heizung + Kaelte_260713.x83
18;Leistung wie zuletzt in vollem Wortlaut, jedoch;80,0;St;gaeb;leistungsbeschreibungen/Wup_Barmer_HV_LV_VE 402 Heizung + Kaelte_260713.x83
19;Leistung wie zuletzt in vollem Wortlaut, jedoch;50,0;St;gaeb;leistungsbeschreibungen/Wup_Barmer_HV_LV_VE 402 Heizung + Kaelte_260713.x83
20;Leistung wie zuletzt in vollem Wortlaut, jedoch;45,0;St;gaeb;leistungsbeschreibungen/Wup_Barmer_HV_LV_VE 402 Heizung + Kaelte_260713.x83
21;Leistung wie zuletzt in vollem Wortlaut, jedoch;5,0;St;gaeb;leistungsbeschreibungen/Wup_Barmer_HV_LV_VE 402 Heizung + Kaelte_260713.x83
22;Leistung wie zuletzt in vollem Wortlaut, jedoch;10,0;St;gaeb;leistungsbeschreibungen/Wup_Barmer_HV_LV_VE 402 Heizung + Kaelte_260713.x83
23;Zulage für das verschließen von Aussparungen mit Brandschutzanforderung an die Querung für das Anbringen eines Ausführungsschildes. Gemäß Zulassungsbescheid muss die Rohrabschottung mit einem Ausführungsschild dauerhaft gekennzeichnet werden. Ausführungsschild beschriften und neben der Rohrabschottu;695,0;St;gaeb;leistungsbeschreibungen/Wup_Barmer_HV_LV_VE 402 Heizung + Kaelte_260713.x83
24;Feuerbeständiger Mörtel auf Zementbasis mit wärmeisolierender Wirkung durch Perlite gemäß Herstellerangabe verarbeiten, Liefermenge 20 kg,;2750,0;kg;gaeb;leistungsbeschreibungen/Wup_Barmer_HV_LV_VE 402 Heizung + Kaelte_260713.x83
1;Steuermodul mit Thermostat mit Rohranlegefühler und Alarmmeldekontakt, Temperaturbereich 0°C bis +150°C. Digitale Anzeige von Temperaturen und Fehlermeldungen.;12,0;St;gaeb;leistungsbeschreibungen/Wup_Barmer_HV_LV_VE 402 Heizung + Kaelte_260713.x83
2;Anschluss- und Endabschlussgarnitur für Frostband, bestehend aus PG-Verschraubung, Schrumpfschläuchen und Schlitzdichtungen;12,0;St;gaeb;leistungsbeschreibungen/Wup_Barmer_HV_LV_VE 402 Heizung + Kaelte_260713.x83
3;Halogenfreies, selbstverlöschendes und raucharmes Heizband neuester Generation, bestehend aus: Zwei parallelen, verzinnten Kupferlitzen, 1,2 mm2, dem dazwischenliegenden molekular-vernetzten, selbstregelnden Heizelement, einer elektrischen Isolierhülle und einem Schutzmantel aus selbstverlöschenden,;450,0;lfdm;gaeb;leistungsbeschreibungen/Wup_Barmer_HV_LV_VE 402 Heizung + Kaelte_260713.x83
4;Temperaturhalteband-T-Abzweig mit Stromanschluss, bestehend aus:;12,0;St;gaeb;leistungsbeschreibungen/Wup_Barmer_HV_LV_VE 402 Heizung + Kaelte_260713.x83
5;Temperaturhalteband-Muffe mit Stromanschluss, bestehend aus:;12,0;St;gaeb;leistungsbeschreibungen/Wup_Barmer_HV_LV_VE 402 Heizung + Kaelte_260713.x83
6;Isoliereinführung  für Blechummantelungen zur sicheren und reibungslosen Einführung von Temperaturhaltebändern, Kabeln oder Rohranlegefühlern.;24,0;St;gaeb;leistungsbeschreibungen/Wup_Barmer_HV_LV_VE 402 Heizung + Kaelte_260713.x83
7;Nylon Kabelbinder für Rohre aller Art, DN 10 bis DN 100, Temperatur- (160°C) und UV-beständig;900,0;St;gaeb;leistungsbeschreibungen/Wup_Barmer_HV_LV_VE 402 Heizung + Kaelte_260713.x83
8;Befestigungswinkel (Edelstahl V4A) für Anschluss- und Verbindungskasten;12,0;St;gaeb;leistungsbeschreibungen/Wup_Barmer_HV_LV_VE 402 Heizung + Kaelte_260713.x83
9;"Kennzeichnungsaufkleber ""Achtung - el. Begleitband, Netzspannung 230 V"", alle 5 m bei Aufputz-Rohrführung auf der Dämmung bzw. dem Blechmantel befestigen";150,0;St;gaeb;leistungsbeschreibungen/Wup_Barmer_HV_LV_VE 402 Heizung + Kaelte_260713.x83
1;Leistung wie zuletzt in vollem Wortlaut, jedoch;22400,0;St;gaeb;leistungsbeschreibungen/Wup_Barmer_HV_LV_VE 402 Heizung + Kaelte_260713.x83
2;Leistung wie zuletzt in vollem Wortlaut, jedoch;1800,0;St;gaeb;leistungsbeschreibungen/Wup_Barmer_HV_LV_VE 402 Heizung + Kaelte_260713.x83
3;Leistung wie zuletzt in vollem Wortlaut, jedoch;180,0;St;gaeb;leistungsbeschreibungen/Wup_Barmer_HV_LV_VE 402 Heizung + Kaelte_260713.x83
4;Leistung wie zuletzt in vollem Wortlaut, jedoch;250,0;St;gaeb;leistungsbeschreibungen/Wup_Barmer_HV_LV_VE 402 Heizung + Kaelte_260713.x83
5;Leistung wie zuletzt in vollem Wortlaut, jedoch;475,0;St;gaeb;leistungsbeschreibungen/Wup_Barmer_HV_LV_VE 402 Heizung + Kaelte_260713.x83
6;Leistung wie zuletzt in vollem Wortlaut, jedoch;650,0;St;gaeb;leistungsbeschreibungen/Wup_Barmer_HV_LV_VE 402 Heizung + Kaelte_260713.x83
7;Leistung wie zuletzt in vollem Wortlaut, jedoch;280,0;St;gaeb;leistungsbeschreibungen/Wup_Barmer_HV_LV_VE 402 Heizung + Kaelte_260713.x83
8;Leistung wie zuletzt in vollem Wortlaut, jedoch;100,0;St;gaeb;leistungsbeschreibungen/Wup_Barmer_HV_LV_VE 402 Heizung + Kaelte_260713.x83
9;Leistung wie zuletzt in vollem Wortlaut, jedoch;120,0;St;gaeb;leistungsbeschreibungen/Wup_Barmer_HV_LV_VE 402 Heizung + Kaelte_260713.x83
10;Leistung wie zuletzt in vollem Wortlaut, jedoch;50,0;St;gaeb;leistungsbeschreibungen/Wup_Barmer_HV_LV_VE 402 Heizung + Kaelte_260713.x83
11;Leistung wie zuletzt in vollem Wortlaut, jedoch;100,0;St;gaeb;leistungsbeschreibungen/Wup_Barmer_HV_LV_VE 402 Heizung + Kaelte_260713.x83
12;Leistung wie zuletzt in vollem Wortlaut, jedoch;15,0;St;gaeb;leistungsbeschreibungen/Wup_Barmer_HV_LV_VE 402 Heizung + Kaelte_260713.x83
13;Leistung wie zuletzt in vollem Wortlaut, jedoch;250,0;St;gaeb;leistungsbeschreibungen/Wup_Barmer_HV_LV_VE 402 Heizung + Kaelte_260713.x83
14;Leistung wie zuletzt in vollem Wortlaut, jedoch;50,0;St;gaeb;leistungsbeschreibungen/Wup_Barmer_HV_LV_VE 402 Heizung + Kaelte_260713.x83
15;Leistung wie zuletzt in vollem Wortlaut, jedoch;100,0;St;gaeb;leistungsbeschreibungen/Wup_Barmer_HV_LV_VE 402 Heizung + Kaelte_260713.x83
16;Leistung wie zuletzt in vollem Wortlaut, jedoch;150,0;St;gaeb;leistungsbeschreibungen/Wup_Barmer_HV_LV_VE 402 Heizung + Kaelte_260713.x83
17;Leistung wie zuletzt in vollem Wortlaut, jedoch;90,0;St;gaeb;leistungsbeschreibungen/Wup_Barmer_HV_LV_VE 402 Heizung + Kaelte_260713.x83
18;Leistung wie zuletzt in vollem Wortlaut, jedoch;50,0;St;gaeb;leistungsbeschreibungen/Wup_Barmer_HV_LV_VE 402 Heizung + Kaelte_260713.x83
19;Leistung wie zuletzt in vollem Wortlaut, jedoch;120,0;St;gaeb;leistungsbeschreibungen/Wup_Barmer_HV_LV_VE 402 Heizung + Kaelte_260713.x83
20;Leistung wie zuletzt in vollem Wortlaut, jedoch;60,0;St;gaeb;leistungsbeschreibungen/Wup_Barmer_HV_LV_VE 402 Heizung + Kaelte_260713.x83
21;Leistung wie zuletzt in vollem Wortlaut, jedoch;15000,0;lfdm;gaeb;leistungsbeschreibungen/Wup_Barmer_HV_LV_VE 402 Heizung + Kaelte_260713.x83
22;Leistung wie zuletzt in vollem Wortlaut, jedoch;2500,0;lfdm;gaeb;leistungsbeschreibungen/Wup_Barmer_HV_LV_VE 402 Heizung + Kaelte_260713.x83
23;Leistung wie zuletzt in vollem Wortlaut, jedoch;450,0;St;gaeb;leistungsbeschreibungen/Wup_Barmer_HV_LV_VE 402 Heizung + Kaelte_260713.x83
24;Leistung wie zuletzt in vollem Wortlaut, jedoch;45,0;St;gaeb;leistungsbeschreibungen/Wup_Barmer_HV_LV_VE 402 Heizung + Kaelte_260713.x83
25;Leistung wie zuletzt in vollem Wortlaut, jedoch;40,0;St;gaeb;leistungsbeschreibungen/Wup_Barmer_HV_LV_VE 402 Heizung + Kaelte_260713.x83
26;Leistung wie zuletzt in vollem Wortlaut, jedoch;60,0;St;gaeb;leistungsbeschreibungen/Wup_Barmer_HV_LV_VE 402 Heizung + Kaelte_260713.x83
27;Leistung wie zuletzt in vollem Wortlaut, jedoch;100,0;St;gaeb;leistungsbeschreibungen/Wup_Barmer_HV_LV_VE 402 Heizung + Kaelte_260713.x83
28;Leistung wie zuletzt in vollem Wortlaut, jedoch;180,0;St;gaeb;leistungsbeschreibungen/Wup_Barmer_HV_LV_VE 402 Heizung + Kaelte_260713.x83
29;Leistung wie zuletzt in vollem Wortlaut, jedoch;100,0;St;gaeb;leistungsbeschreibungen/Wup_Barmer_HV_LV_VE 402 Heizung + Kaelte_260713.x83
30;Leistung wie zuletzt in vollem Wortlaut, jedoch;50,0;St;gaeb;leistungsbeschreibungen/Wup_Barmer_HV_LV_VE 402 Heizung + Kaelte_260713.x83
31;Leistung wie zuletzt in vollem Wortlaut, jedoch;50,0;St;gaeb;leistungsbeschreibungen/Wup_Barmer_HV_LV_VE 402 Heizung + Kaelte_260713.x83
32;Leistung wie zuletzt in vollem Wortlaut, jedoch;15,0;St;gaeb;leistungsbeschreibungen/Wup_Barmer_HV_LV_VE 402 Heizung + Kaelte_260713.x83
33;Leistung wie zuletzt in vollem Wortlaut, jedoch;35,0;St;gaeb;leistungsbeschreibungen/Wup_Barmer_HV_LV_VE 402 Heizung + Kaelte_260713.x83
34;Form-/ Hohlprofilstahl nach Angabe der Projektleitung bearbeiten und herstellen von Konstruktionen für Stütz-, Hänge-, Trag- und Sonderauflager aus bandverzinktem Stahl zur Schaffung von Sonderbefestigungen.;5000,0;kg;gaeb;leistungsbeschreibungen/Wup_Barmer_HV_LV_VE 402 Heizung + Kaelte_260713.x83
35;Zuschlag für genannte Sonderbefestigung zur gesamten Bauteillackierung nach Standard-RAL-Ton über das Standard-Programm.;750,0;kg;gaeb;leistungsbeschreibungen/Wup_Barmer_HV_LV_VE 402 Heizung + Kaelte_260713.x83
36;Formstahl nach Angabe der Bauleitung bearbeitet und herstellen, feuerverzinkt, als Schilderhalter und Schilderleiste.;40,0;lfdm;gaeb;leistungsbeschreibungen/Wup_Barmer_HV_LV_VE 402 Heizung + Kaelte_260713.x83
37;Leistung wie zuletzt in vollem Wortlaut, jedoch;50,0;St;gaeb;leistungsbeschreibungen/Wup_Barmer_HV_LV_VE 402 Heizung + Kaelte_260713.x83
38;Leistung wie zuletzt in vollem Wortlaut, jedoch;20,0;St;gaeb;leistungsbeschreibungen/Wup_Barmer_HV_LV_VE 402 Heizung + Kaelte_260713.x83
39;Leistung wie zuletzt in vollem Wortlaut, jedoch;20,0;St;gaeb;leistungsbeschreibungen/Wup_Barmer_HV_LV_VE 402 Heizung + Kaelte_260713.x83
40;Leistung wie zuletzt in vollem Wortlaut, jedoch;15,0;St;gaeb;leistungsbeschreibungen/Wup_Barmer_HV_LV_VE 402 Heizung + Kaelte_260713.x83
41;Leistung wie zuletzt in vollem Wortlaut, jedoch;25,0;St;gaeb;leistungsbeschreibungen/Wup_Barmer_HV_LV_VE 402 Heizung + Kaelte_260713.x83
42;Leistung wie zuletzt in vollem Wortlaut, jedoch;10,0;St;gaeb;leistungsbeschreibungen/Wup_Barmer_HV_LV_VE 402 Heizung + Kaelte_260713.x83
1;Sockelhalter zur Realisierung von beliebigen Aufbauten mit Montageschienen bis zu einer Breite von 40 mm mit einer Plattenabmessung von 350 mm x 350mm.;30,0;St;gaeb;leistungsbeschreibungen/Wup_Barmer_HV_LV_VE 402 Heizung + Kaelte_260713.x83
2;Sockelhalter zur Realisierung von beliebigen Aufbauten mit Montageschienen bis zu einer Breite von 40 mm mit einer Plattenabmessung von 300 mm x 300mm.;210,0;St;gaeb;leistungsbeschreibungen/Wup_Barmer_HV_LV_VE 402 Heizung + Kaelte_260713.x83
3;Fertigkonsole mit aufgeschweißter Zweiloch-Grundplatte zur schnelle Befestigung an Montageschienen bis zu einer Breite von 40 mm, geeignet für die Rohre- und Kanalmontage.;75,0;St;gaeb;leistungsbeschreibungen/Wup_Barmer_HV_LV_VE 402 Heizung + Kaelte_260713.x83
4;Fertigkonsole mit aufgeschweißter Zweiloch-Grundplatte zur schnelle Befestigung an Montageschienen bis zu einer Breite von 40 mm, geeignet für die Rohre- und Kanalmontage.;75,0;St;gaeb;leistungsbeschreibungen/Wup_Barmer_HV_LV_VE 402 Heizung + Kaelte_260713.x83
5;Fertigkonsole mit aufgeschweißter Zweiloch-Grundplatte zur schnelle Befestigung an Montageschienen bis zu einer Breite von 40 mm, geeignet für die Rohre- und Kanalmontage.;50,0;St;gaeb;leistungsbeschreibungen/Wup_Barmer_HV_LV_VE 402 Heizung + Kaelte_260713.x83
6;Fertigkonsole mit aufgeschweißter Zweiloch-Grundplatte zur schnelle Befestigung an Montageschienen bis zu einer Breite von 40 mm, geeignet für die Rohre- und Kanalmontage.;10,0;St;gaeb;leistungsbeschreibungen/Wup_Barmer_HV_LV_VE 402 Heizung + Kaelte_260713.x83
7;Verbinder zur optimierten Befestigung von Rahmenkonstruktionen aus Montagschienen bis 40 mm.;310,0;St;gaeb;leistungsbeschreibungen/Wup_Barmer_HV_LV_VE 402 Heizung + Kaelte_260713.x83
8;Grundplatte mit zentrischem Gewindeanschluss zur Anbindung an Trägerprofile bis zu 80 mm Breite.;330,0;St;gaeb;leistungsbeschreibungen/Wup_Barmer_HV_LV_VE 402 Heizung + Kaelte_260713.x83
9;Leistung wie zuletzt in vollem Wortlaut, jedoch;330,0;St;gaeb;leistungsbeschreibungen/Wup_Barmer_HV_LV_VE 402 Heizung + Kaelte_260713.x83
10;Leistung wie zuletzt in vollem Wortlaut, jedoch;110,0;lfdm;gaeb;leistungsbeschreibungen/Wup_Barmer_HV_LV_VE 402 Heizung + Kaelte_260713.x83
11;Leistung wie zuletzt in vollem Wortlaut, jedoch;30,0;lfdm;gaeb;leistungsbeschreibungen/Wup_Barmer_HV_LV_VE 402 Heizung + Kaelte_260713.x83
12;Form-/ Hohlprofilstahl nach Angabe der Projektleitung bearbeiten und herstellen von Konstruktionen für Stütz-, Hänge-, Trag- und Sonderauflager aus feuerverzinkter Stahl zur Schaffung von Sonderbefestigungen.;750,0;kg;gaeb;leistungsbeschreibungen/Wup_Barmer_HV_LV_VE 402 Heizung + Kaelte_260713.x83
1;Leistung wie zuletzt in vollem Wortlaut, jedoch;50,0;lfdm;gaeb;leistungsbeschreibungen/Wup_Barmer_HV_LV_VE 402 Heizung + Kaelte_260713.x83
2;Leistung wie zuletzt in vollem Wortlaut, jedoch;15,0;lfdm;gaeb;leistungsbeschreibungen/Wup_Barmer_HV_LV_VE 402 Heizung + Kaelte_260713.x83
3;Leistung wie zuletzt in vollem Wortlaut, jedoch;15,0;lfdm;gaeb;leistungsbeschreibungen/Wup_Barmer_HV_LV_VE 402 Heizung + Kaelte_260713.x83
4;Leistung wie zuletzt in vollem Wortlaut, jedoch;20,0;lfdm;gaeb;leistungsbeschreibungen/Wup_Barmer_HV_LV_VE 402 Heizung + Kaelte_260713.x83
5;Leistung wie zuletzt in vollem Wortlaut, jedoch;90,0;lfdm;gaeb;leistungsbeschreibungen/Wup_Barmer_HV_LV_VE 402 Heizung + Kaelte_260713.x83
6;Leistung wie zuletzt in vollem Wortlaut, jedoch;435,0;lfdm;gaeb;leistungsbeschreibungen/Wup_Barmer_HV_LV_VE 402 Heizung + Kaelte_260713.x83
7;Leistung wie zuletzt in vollem Wortlaut, jedoch;75,0;lfdm;gaeb;leistungsbeschreibungen/Wup_Barmer_HV_LV_VE 402 Heizung + Kaelte_260713.x83
8;Leistung wie zuletzt in vollem Wortlaut, jedoch;75,0;lfdm;gaeb;leistungsbeschreibungen/Wup_Barmer_HV_LV_VE 402 Heizung + Kaelte_260713.x83
9;Leistung wie zuletzt in vollem Wortlaut, jedoch;100,0;St;gaeb;leistungsbeschreibungen/Wup_Barmer_HV_LV_VE 402 Heizung + Kaelte_260713.x83
10;Leistung wie zuletzt in vollem Wortlaut, jedoch;5,0;St;gaeb;leistungsbeschreibungen/Wup_Barmer_HV_LV_VE 402 Heizung + Kaelte_260713.x83
11;Leistung wie zuletzt in vollem Wortlaut, jedoch;5,0;St;gaeb;leistungsbeschreibungen/Wup_Barmer_HV_LV_VE 402 Heizung + Kaelte_260713.x83
12;Leistung wie zuletzt in vollem Wortlaut, jedoch;10,0;St;gaeb;leistungsbeschreibungen/Wup_Barmer_HV_LV_VE 402 Heizung + Kaelte_260713.x83
13;Leistung wie zuletzt in vollem Wortlaut, jedoch;25,0;St;gaeb;leistungsbeschreibungen/Wup_Barmer_HV_LV_VE 402 Heizung + Kaelte_260713.x83
14;Leistung wie zuletzt in vollem Wortlaut, jedoch;180,0;St;gaeb;leistungsbeschreibungen/Wup_Barmer_HV_LV_VE 402 Heizung + Kaelte_260713.x83
15;Leistung wie zuletzt in vollem Wortlaut, jedoch;10,0;St;gaeb;leistungsbeschreibungen/Wup_Barmer_HV_LV_VE 402 Heizung + Kaelte_260713.x83
16;Leistung wie zuletzt in vollem Wortlaut, jedoch;10,0;St;gaeb;leistungsbeschreibungen/Wup_Barmer_HV_LV_VE 402 Heizung + Kaelte_260713.x83
17;Leistung wie zuletzt in vollem Wortlaut, jedoch;50,0;lfdm;gaeb;leistungsbeschreibungen/Wup_Barmer_HV_LV_VE 402 Heizung + Kaelte_260713.x83
18;Leistung wie zuletzt in vollem Wortlaut, jedoch;15,0;lfdm;gaeb;leistungsbeschreibungen/Wup_Barmer_HV_LV_VE 402 Heizung + Kaelte_260713.x83
19;Leistung wie zuletzt in vollem Wortlaut, jedoch;15,0;lfdm;gaeb;leistungsbeschreibungen/Wup_Barmer_HV_LV_VE 402 Heizung + Kaelte_260713.x83
20;Leistung wie zuletzt in vollem Wortlaut, jedoch;20,0;lfdm;gaeb;leistungsbeschreibungen/Wup_Barmer_HV_LV_VE 402 Heizung + Kaelte_260713.x83
21;Leistung wie zuletzt in vollem Wortlaut, jedoch;90,0;lfdm;gaeb;leistungsbeschreibungen/Wup_Barmer_HV_LV_VE 402 Heizung + Kaelte_260713.x83
22;Leistung wie zuletzt in vollem Wortlaut, jedoch;435,0;lfdm;gaeb;leistungsbeschreibungen/Wup_Barmer_HV_LV_VE 402 Heizung + Kaelte_260713.x83
23;Leistung wie zuletzt in vollem Wortlaut, jedoch;75,0;lfdm;gaeb;leistungsbeschreibungen/Wup_Barmer_HV_LV_VE 402 Heizung + Kaelte_260713.x83
24;Leistung wie zuletzt in vollem Wortlaut, jedoch;75,0;lfdm;gaeb;leistungsbeschreibungen/Wup_Barmer_HV_LV_VE 402 Heizung + Kaelte_260713.x83
25;Leistung wie zuletzt in vollem Wortlaut, jedoch;100,0;St;gaeb;leistungsbeschreibungen/Wup_Barmer_HV_LV_VE 402 Heizung + Kaelte_260713.x83
26;Leistung wie zuletzt in vollem Wortlaut, jedoch;5,0;St;gaeb;leistungsbeschreibungen/Wup_Barmer_HV_LV_VE 402 Heizung + Kaelte_260713.x83
27;Leistung wie zuletzt in vollem Wortlaut, jedoch;5,0;St;gaeb;leistungsbeschreibungen/Wup_Barmer_HV_LV_VE 402 Heizung + Kaelte_260713.x83
28;Leistung wie zuletzt in vollem Wortlaut, jedoch;10,0;St;gaeb;leistungsbeschreibungen/Wup_Barmer_HV_LV_VE 402 Heizung + Kaelte_260713.x83
29;Leistung wie zuletzt in vollem Wortlaut, jedoch;25,0;St;gaeb;leistungsbeschreibungen/Wup_Barmer_HV_LV_VE 402 Heizung + Kaelte_260713.x83
30;Leistung wie zuletzt in vollem Wortlaut, jedoch;180,0;St;gaeb;leistungsbeschreibungen/Wup_Barmer_HV_LV_VE 402 Heizung + Kaelte_260713.x83
31;Leistung wie zuletzt in vollem Wortlaut, jedoch;10,0;St;gaeb;leistungsbeschreibungen/Wup_Barmer_HV_LV_VE 402 Heizung + Kaelte_260713.x83
32;Leistung wie zuletzt in vollem Wortlaut, jedoch;10,0;St;gaeb;leistungsbeschreibungen/Wup_Barmer_HV_LV_VE 402 Heizung + Kaelte_260713.x83
1;Leistung wie zuletzt in vollem Wortlaut, jedoch;570,0;St;gaeb;leistungsbeschreibungen/Wup_Barmer_HV_LV_VE 402 Heizung + Kaelte_260713.x83
2;Leistung wie zuletzt in vollem Wortlaut, jedoch;14,0;St;gaeb;leistungsbeschreibungen/Wup_Barmer_HV_LV_VE 402 Heizung + Kaelte_260713.x83
3;Leistung wie zuletzt in vollem Wortlaut, jedoch;22,0;St;gaeb;leistungsbeschreibungen/Wup_Barmer_HV_LV_VE 402 Heizung + Kaelte_260713.x83
4;Leistung wie zuletzt in vollem Wortlaut, jedoch;12,0;St;gaeb;leistungsbeschreibungen/Wup_Barmer_HV_LV_VE 402 Heizung + Kaelte_260713.x83
5;Leistung wie zuletzt in vollem Wortlaut, jedoch;20,0;St;gaeb;leistungsbeschreibungen/Wup_Barmer_HV_LV_VE 402 Heizung + Kaelte_260713.x83
6;Leistung wie zuletzt in vollem Wortlaut, jedoch;150,0;St;gaeb;leistungsbeschreibungen/Wup_Barmer_HV_LV_VE 402 Heizung + Kaelte_260713.x83
7;Leistung wie zuletzt in vollem Wortlaut, jedoch;42,0;St;gaeb;leistungsbeschreibungen/Wup_Barmer_HV_LV_VE 402 Heizung + Kaelte_260713.x83
8;Leistung wie zuletzt in vollem Wortlaut, jedoch;3,0;St;gaeb;leistungsbeschreibungen/Wup_Barmer_HV_LV_VE 402 Heizung + Kaelte_260713.x83
9;Leistung wie zuletzt in vollem Wortlaut, jedoch;2,0;St;gaeb;leistungsbeschreibungen/Wup_Barmer_HV_LV_VE 402 Heizung + Kaelte_260713.x83
10;Leistung wie zuletzt in vollem Wortlaut, jedoch;2,0;St;gaeb;leistungsbeschreibungen/Wup_Barmer_HV_LV_VE 402 Heizung + Kaelte_260713.x83
11;Leistung wie zuletzt in vollem Wortlaut, jedoch;1,0;St;gaeb;leistungsbeschreibungen/Wup_Barmer_HV_LV_VE 402 Heizung + Kaelte_260713.x83
12;Leistung wie zuletzt in vollem Wortlaut, jedoch;4,0;St;gaeb;leistungsbeschreibungen/Wup_Barmer_HV_LV_VE 402 Heizung + Kaelte_260713.x83
13;Leistung wie zuletzt in vollem Wortlaut, jedoch;2,0;St;gaeb;leistungsbeschreibungen/Wup_Barmer_HV_LV_VE 402 Heizung + Kaelte_260713.x83
14;Leistung wie zuletzt in vollem Wortlaut, jedoch;6,0;St;gaeb;leistungsbeschreibungen/Wup_Barmer_HV_LV_VE 402 Heizung + Kaelte_260713.x83
15;Leistung wie zuletzt in vollem Wortlaut, jedoch;2,0;St;gaeb;leistungsbeschreibungen/Wup_Barmer_HV_LV_VE 402 Heizung + Kaelte_260713.x83
16;Leistung wie zuletzt in vollem Wortlaut, jedoch;1,0;St;gaeb;leistungsbeschreibungen/Wup_Barmer_HV_LV_VE 402 Heizung + Kaelte_260713.x83
17;Leistung wie zuletzt in vollem Wortlaut, jedoch;57,0;St;gaeb;leistungsbeschreibungen/Wup_Barmer_HV_LV_VE 402 Heizung + Kaelte_260713.x83
18;Leistung wie zuletzt in vollem Wortlaut, jedoch;4,0;St;gaeb;leistungsbeschreibungen/Wup_Barmer_HV_LV_VE 402 Heizung + Kaelte_260713.x83
19;Leistung wie zuletzt in vollem Wortlaut, jedoch;1,0;St;gaeb;leistungsbeschreibungen/Wup_Barmer_HV_LV_VE 402 Heizung + Kaelte_260713.x83
20;Leistung wie zuletzt in vollem Wortlaut, jedoch;1,0;St;gaeb;leistungsbeschreibungen/Wup_Barmer_HV_LV_VE 402 Heizung + Kaelte_260713.x83
21;Leistung wie zuletzt in vollem Wortlaut, jedoch;1,0;St;gaeb;leistungsbeschreibungen/Wup_Barmer_HV_LV_VE 402 Heizung + Kaelte_260713.x83
22;Leistung wie zuletzt in vollem Wortlaut, jedoch;1,0;St;gaeb;leistungsbeschreibungen/Wup_Barmer_HV_LV_VE 402 Heizung + Kaelte_260713.x83
23;Leistung wie zuletzt in vollem Wortlaut, jedoch;5,0;St;gaeb;leistungsbeschreibungen/Wup_Barmer_HV_LV_VE 402 Heizung + Kaelte_260713.x83
24;Leistung wie zuletzt in vollem Wortlaut, jedoch;1,0;St;gaeb;leistungsbeschreibungen/Wup_Barmer_HV_LV_VE 402 Heizung + Kaelte_260713.x83
25;"KFE-Kugelhahn PN 16, 1/2"" Durchgang, vernickelt, selbstdichtend mit Spezial- Gewindeeinschneiddichtung, mit Kontermutter, mit abnehmbarem Flügelgriff, Blindkappe mit Edelstahlbügel positionsgenau geführt, Blindkappe als Handbetätigung nutzbar, hartverchromte Kugel mit PTFE-Dichtung, mit Schlauchvers";930,0;St;gaeb;leistungsbeschreibungen/Wup_Barmer_HV_LV_VE 402 Heizung + Kaelte_260713.x83
26;Zusätzlicher Aufwand für werkseitige Rüst- und Einstellkosten je Ausschnittsgröße, Platzierung und Abruf.;120,0;St;gaeb;leistungsbeschreibungen/Wup_Barmer_HV_LV_VE 402 Heizung + Kaelte_260713.x83
27;Herstellen von Bohrungen vor Ort rund bis ø 25 mm in Metalldeckenplatten für Kabeldurchführung.;550,0;St;gaeb;leistungsbeschreibungen/Wup_Barmer_HV_LV_VE 402 Heizung + Kaelte_260713.x83
28;Herstellen von runden Ausschnitten bis Ø 68 mm für Elektroeinbauten. Ohne Einbau der Bestückung. Die Punktlast der einzelnen Einbauten ist separat vom Auftragnehmer der Einbauten abzufangen. Geeignet für Einbauteile mit Abdeckrahmen mind. 10mm zur Abdeckung der Schnittflächen.;1000,0;St;gaeb;leistungsbeschreibungen/Wup_Barmer_HV_LV_VE 402 Heizung + Kaelte_260713.x83
29;Herstellen von eckigen Ausschnitten bis 68 x 68 mm für Elektroeinbauten, ohne Aufkantung. Ohne Einbau der Bestückung. Die Punktlast der einzelnen Einbauten ist separat vom Auftragnehmer der Einbauten abzufangen.;2600,0;St;gaeb;leistungsbeschreibungen/Wup_Barmer_HV_LV_VE 402 Heizung + Kaelte_260713.x83
30;Herstellen von eckigen Ausschnitten bis 68 x 68 mm für Elektroeinbauten, ohne Aufkantung. Ohne Einbau der Bestückung. Die Punktlast der einzelnen Einbauten ist separat vom Auftragnehmer der Einbauten abzufangen.;30,0;St;gaeb;leistungsbeschreibungen/Wup_Barmer_HV_LV_VE 402 Heizung + Kaelte_260713.x83
31;Herstellen von Bohrungen vor Ort rund bis ø 13 mm in Metalldeckenplatten für Durchführungen von Aufhängungen. Aufhängungen mit Stahlseil-Abhängern können an Stellen erforderlich sein, an denen durch die Innenarchitektur Sonderleuchten unter die Metalldeckenplatten eingeplant werden. Diese dürfen nic;25,0;St;gaeb;leistungsbeschreibungen/Wup_Barmer_HV_LV_VE 402 Heizung + Kaelte_260713.x83
32;Herstellen von Bohrungen vor Ort rund bis ø 68 mm in Metalldeckenplatten für Durchführungen von Aufhängungen. Aufhängungen mit Stahlseil-Abhängern können an Stellen erforderlich sein, an denen durch die Innenarchitektur Sonderleuchten unter die Metalldeckenplatten eingeplant werden. Diese dürfen nic;5,0;St;gaeb;leistungsbeschreibungen/Wup_Barmer_HV_LV_VE 402 Heizung + Kaelte_260713.x83
33;Schutzrohr zur Querung der Sichtinstallation zur Erschließung der Deckenstrahlplatten samt Elektroeinbauten, für Heizungswasser führendes Rohr und Kabel, Befestigung einseitig im Deckenkoffer und einseitig überhalb der Platte von Rohdecke im Sichtbereich abgehängt und ausgelotet, inkl. Wandrosette a;655,0;St;gaeb;leistungsbeschreibungen/Wup_Barmer_HV_LV_VE 402 Heizung + Kaelte_260713.x83
34;Schutzrohr zur Querung der Sichtinstallation zur Erschließung der Deckenstrahlplatten samt Elektroeinbauten, für Heizungswasser führendes Rohr und Kabel, Befestigung einseitig im Deckenkoffer und einseitig überhalb der Platte von Rohdecke im Sichtbereich abgehängt und ausgelotet, inkl. Wandrosette a;3375,0;St;gaeb;leistungsbeschreibungen/Wup_Barmer_HV_LV_VE 402 Heizung + Kaelte_260713.x83
35;Schutzrohr zur Querung der Sichtinstallation zur Erschließung der Deckenstrahlplatten samt Elektroeinbauten, für Heizungswasser führendes Rohr und Kabel, Befestigung einseitig im Deckenkoffer und einseitig überhalb der Platte von Rohdecke im Sichtbereich abgehängt und ausgelotet, inkl. Wandrosette a;80,0;St;gaeb;leistungsbeschreibungen/Wup_Barmer_HV_LV_VE 402 Heizung + Kaelte_260713.x83
36;Mit Hilfe eines Lasergerätes, unter Beachtung der baulich vorgegebenen Höhenkoten und den zulässigen Toleranzen im Hochbau. Nach DIN 18201 und DIN 18202, im Zuge der Deckenmontage.;1,0;St;gaeb;leistungsbeschreibungen/Wup_Barmer_HV_LV_VE 402 Heizung + Kaelte_260713.x83
37;Koordination der Klimadeckenausführung mit den Ausbau-, Lüftung-, Elektroarbeiten sowie sonstige Gewerke, Abstimmungsgespräche mit der Bauleitung.;1,0;psch;gaeb;leistungsbeschreibungen/Wup_Barmer_HV_LV_VE 402 Heizung + Kaelte_260713.x83
38;Zur Einhaltung der Installationsabstände für die Unterkonstruktion sind Auswechselungen aus Weitspannträger in Bereichen von Lüftungskanälen, Elektrotrassen etc. notwendig. Ausführung nach örtlichen und statischen Erfordernissen.;50,0;St;gaeb;leistungsbeschreibungen/Wup_Barmer_HV_LV_VE 402 Heizung + Kaelte_260713.x83
39;Mehraufwand für Montagehöhen bis max. 4,50 Meter. Dies beinhaltet den Mehraufwand für die Montage.;620,0;m²;gaeb;leistungsbeschreibungen/Wup_Barmer_HV_LV_VE 402 Heizung + Kaelte_260713.x83
40;Mehraufwand für Montagehöhen über 4,50 Meter. Dies beinhaltet den Mehraufwand für die Montage.;220,0;m²;gaeb;leistungsbeschreibungen/Wup_Barmer_HV_LV_VE 402 Heizung + Kaelte_260713.x83
1;Einmessen Wände, Fassaden und Decken in den entsprechenden Räumen, zur Minimierung von Maßabweichungen und Festlegung des Montageablaufs;1,0;psch;gaeb;leistungsbeschreibungen/Wup_Barmer_HV_LV_VE 402 Heizung + Kaelte_260713.x83
2;Leistung wie zuletzt in vollem Wortlaut, jedoch;85,0;m²;gaeb;leistungsbeschreibungen/Wup_Barmer_HV_LV_VE 402 Heizung + Kaelte_260713.x83
3;Passplatten und Platten mit vom Regelformat (b x l = 2.300 x 1.200 mm) abweichender Geometrie.;7,0;St;gaeb;leistungsbeschreibungen/Wup_Barmer_HV_LV_VE 402 Heizung + Kaelte_260713.x83
4;Montage- und Revisionshilfen hergestellt aus Stahlseilen zur Abhängung der beschriebenen Heiz-/Kühldeckenplatte. Die Montageseile sind mit Karabinerhaken ausgestattet, so dass sie jeder Zeit von der Deckenplatten bzw. dem Befestigungsprofil gelöst werden können. Ein unbeabsichtigtes Lösen der Seile ;180,0;St;gaeb;leistungsbeschreibungen/Wup_Barmer_HV_LV_VE 402 Heizung + Kaelte_260713.x83
5;Mineralwolleinlage, 20 mm, in schwarzer akustisch transparenter PE-Folie verschweißt und in die Deckenplatten eingelegt.;120,0;m²;gaeb;leistungsbeschreibungen/Wup_Barmer_HV_LV_VE 402 Heizung + Kaelte_260713.x83
6;Alu-L-Winkel, Abmessung 30/30/2 mm. Oberfläche des Winkels wie Decke. Der Abstand der Befestigungspunkte ist so zu wählen, dass die Winkel das Plattengewicht (inklusive Kühltechnik) aufnehmen können. Auf eine exakt ebenflächige Stoßausbildung ist zu achten. An den Eckpunkten sind die Winkel sauber a;100,0;m;gaeb;leistungsbeschreibungen/Wup_Barmer_HV_LV_VE 402 Heizung + Kaelte_260713.x83
7;Herstellen von runden Ausschnitten, Durchmesser bis 50 mm. Die Ausschnitte sind zentral innerhalb der einzelnen Deckenplatten werkseitig herzustellen. Verstärkungen sind in dieser Position nicht enthalten.;10,0;St;gaeb;leistungsbeschreibungen/Wup_Barmer_HV_LV_VE 402 Heizung + Kaelte_260713.x83
8;Herstellen von runden Ausschnitten, Durchmesser 101-150 mm. Die Ausschnitte sind zentral innerhalb der einzelnen Deckenplatten werkseitig herzustellen. Verstärkungen sind in dieser Position nicht enthalten.;30,0;St;gaeb;leistungsbeschreibungen/Wup_Barmer_HV_LV_VE 402 Heizung + Kaelte_260713.x83
9;Zuschneiden von Metallplatten vor Ort, Anschnitt aufkanten oder mit U-Profil verstärken, zur Anpassung der Decke an die Raumgeometrie.;8,0;m;gaeb;leistungsbeschreibungen/Wup_Barmer_HV_LV_VE 402 Heizung + Kaelte_260713.x83
10;An einspringenden Ecken, Kanten etc. sind die Kühlelemente entsprechend auszuschneiden und die Kühltechnik anzupassen. Ein örtliches Aufmaß ist vorher erforderlich.;8,0;St;gaeb;leistungsbeschreibungen/Wup_Barmer_HV_LV_VE 402 Heizung + Kaelte_260713.x83
11;Zur Einhaltung der Installationsabstände für die Unterkonstruktion sind Auswechselungen aus Weitspannträger in Bereichen von Lüftungskanälen, Elektrotrassen etc. notwendig. Ausführung nach örtlichen und statischen Erfordernissen.;5,0;St;gaeb;leistungsbeschreibungen/Wup_Barmer_HV_LV_VE 402 Heizung + Kaelte_260713.x83
1;Leistung wie zuletzt in vollem Wortlaut, jedoch;21,0;St;gaeb;leistungsbeschreibungen/Wup_Barmer_HV_LV_VE 402 Heizung + Kaelte_260713.x83
2;Leistung wie zuletzt in vollem Wortlaut, jedoch;21,0;St;gaeb;leistungsbeschreibungen/Wup_Barmer_HV_LV_VE 402 Heizung + Kaelte_260713.x83
3;Leistung wie zuletzt in vollem Wortlaut, jedoch;3,0;St;gaeb;leistungsbeschreibungen/Wup_Barmer_HV_LV_VE 402 Heizung + Kaelte_260713.x83
4;Leistung wie zuletzt in vollem Wortlaut, jedoch;6,0;St;gaeb;leistungsbeschreibungen/Wup_Barmer_HV_LV_VE 402 Heizung + Kaelte_260713.x83
5;Leistung wie zuletzt in vollem Wortlaut, jedoch;12,0;St;gaeb;leistungsbeschreibungen/Wup_Barmer_HV_LV_VE 402 Heizung + Kaelte_260713.x83
6;Leistung wie zuletzt in vollem Wortlaut, jedoch;1,0;St;gaeb;leistungsbeschreibungen/Wup_Barmer_HV_LV_VE 402 Heizung + Kaelte_260713.x83
7;Leistung wie zuletzt in vollem Wortlaut, jedoch;2,0;St;gaeb;leistungsbeschreibungen/Wup_Barmer_HV_LV_VE 402 Heizung + Kaelte_260713.x83
8;Leistung wie zuletzt in vollem Wortlaut, jedoch;2,0;St;gaeb;leistungsbeschreibungen/Wup_Barmer_HV_LV_VE 402 Heizung + Kaelte_260713.x83
9;Leistung wie zuletzt in vollem Wortlaut, jedoch;3,0;St;gaeb;leistungsbeschreibungen/Wup_Barmer_HV_LV_VE 402 Heizung + Kaelte_260713.x83
10;Leistung wie zuletzt in vollem Wortlaut, jedoch;28,0;St;gaeb;leistungsbeschreibungen/Wup_Barmer_HV_LV_VE 402 Heizung + Kaelte_260713.x83
11;Leistung wie zuletzt in vollem Wortlaut, jedoch;7,0;St;gaeb;leistungsbeschreibungen/Wup_Barmer_HV_LV_VE 402 Heizung + Kaelte_260713.x83
12;Leistung wie zuletzt in vollem Wortlaut, jedoch;1,0;St;gaeb;leistungsbeschreibungen/Wup_Barmer_HV_LV_VE 402 Heizung + Kaelte_260713.x83
13;Leistung wie zuletzt in vollem Wortlaut, jedoch;3,0;St;gaeb;leistungsbeschreibungen/Wup_Barmer_HV_LV_VE 402 Heizung + Kaelte_260713.x83
14;Leistung wie zuletzt in vollem Wortlaut, jedoch;4,0;St;gaeb;leistungsbeschreibungen/Wup_Barmer_HV_LV_VE 402 Heizung + Kaelte_260713.x83
15;Thermostat-Ventilunterteil mit Voreinstellung, CEN-zertifiziert, geprüft nach DIN EN 215 Teil 1. Gehäuse aus korrosionsbeständigem, entzinkungsfreiem Rotguss. Mit Niro-Stahlspindel und doppelter O-Ring-Abdichtung. Thermostat-Oberteil und äußerer O-Ring ohne Entleeren der Anlage auswechselbar. Mit Vo;114,0;St;gaeb;leistungsbeschreibungen/Wup_Barmer_HV_LV_VE 402 Heizung + Kaelte_260713.x83
16;Thermostat-Kopf mit eingebautem Fühler und zwei Sparclips. Diebstahlsicherung durch 2 Schrauben. CEN-zertifiziert, geprüft nach DIN EN 215 Teil 1. Flüssigkeitsgefüllter Thermostat. Obere und untere Begrenzung bzw. Markierung des Temperaturbereiches oder Blockierung einer Einstellung durch zwei Sparc;7,0;St;gaeb;leistungsbeschreibungen/Wup_Barmer_HV_LV_VE 402 Heizung + Kaelte_260713.x83
17;Leistung wie zuletzt in vollem Wortlaut, jedoch Ausführung als Behördenmodell, Verstellung nur durch Spezialschlüssel!;107,0;St;gaeb;leistungsbeschreibungen/Wup_Barmer_HV_LV_VE 402 Heizung + Kaelte_260713.x83
18;Heizkörper-Rücklaufverschraubung als absperrbare und regulierbare Verschraubung mit Entleerungsmöglichkeit. Gehäuse aus korrosionsbeständigem, entzinkungsfreiem Rotguss. Einbaumaße nach DIN 3842. Anschluss Innengewinde für Gewinderohr oder in Verbindung mit Klemmverschraubungen für Kupfer-, Präzisio;114,0;St;gaeb;leistungsbeschreibungen/Wup_Barmer_HV_LV_VE 402 Heizung + Kaelte_260713.x83
19;"KFE-Kugelhahn PN 16, 1/2"" Durchgang, vernickelt, selbstdichtend mit Spezial- Gewindeeinschneiddichtung, mit Kontermutter, mit abnehmbarem Flügelgriff, Blindkappe mit Edelstahlbügel positionsgenau geführt, Blindkappe als Handbetätigung nutzbar, hartverchromte Kugel mit PTFE-Dichtung, mit Schlauchvers";90,0;St;gaeb;leistungsbeschreibungen/Wup_Barmer_HV_LV_VE 402 Heizung + Kaelte_260713.x83
20;Wandrosette aus Kunststoff, weiß/RAL 9010, für 18 mm.;180,0;St;gaeb;leistungsbeschreibungen/Wup_Barmer_HV_LV_VE 402 Heizung + Kaelte_260713.x83
21;Edelstahl-Abschlussrosetten für Heizkörper-Anbindleitungen aus tenitischen Stahl 1.4301, Oberfläche geschliffen K240, einschl. der Verklebung;80,0;St;gaeb;leistungsbeschreibungen/Wup_Barmer_HV_LV_VE 402 Heizung + Kaelte_260713.x83
22;Elektrischer Wärmeheizkörper als Flachheizkörper für Wandmontage mit Strahlungs- und Konvektionsübertragung, Front mit Glattpaneel, Abdeckung als Schlitzrost mit gerundeten Kanten, Gesamtausführung Massiv aus Stahlblech, pulverbeschichtet, Lackierung aller sichtbaren Teile.;3,0;St;gaeb;leistungsbeschreibungen/Wup_Barmer_HV_LV_VE 402 Heizung + Kaelte_260713.x83
23;Elektrischer Wärmeheizkörper als Flachheizkörper für Wandmontage mit Strahlungs- und Konvektionsübertragung, Front mit Glattpaneel, Abdeckung als Schlitzrost mit gerundeten Kanten, Gesamtausführung Massiv aus Stahlblech, pulverbeschichtet, Lackierung aller sichtbaren Teile.;1,0;St;gaeb;leistungsbeschreibungen/Wup_Barmer_HV_LV_VE 402 Heizung + Kaelte_260713.x83
24;Geräuscharmes Elektrisches Konvektorheizgerät zum Möbelein bzw. -unterbau. Leistung 1.500 W, Anschlussspannung 230 V und über Schukostecker, mit stufenloser elektronischer Thermostatregelung im Einstellbereich von ca. 5-30 °C. Mit integriertem Übertemperatur- und Umkippschutz nach DIN EN 60335-2-330;2,0;St;gaeb;leistungsbeschreibungen/Wup_Barmer_HV_LV_VE 402 Heizung + Kaelte_260713.x83
25;Statische Heizflächen in die Räume transportieren, entfernen der Schutzfolie im Bereich der Haltelaschen und Anschlussmuffen auf die Konsolen/ Halterungen setzen, horizontal und vertikal ausrichten sowie mit den Rohrleitungen verbinden;118,0;St;gaeb;leistungsbeschreibungen/Wup_Barmer_HV_LV_VE 402 Heizung + Kaelte_260713.x83
26;Heizkörper nach Erstmontage und nach Anschluss der Anbindleitungen und nach dem Verschließen der Deckendurchbrüche abnehmen und zum Schutz gegen Beschädigung entfernen, Kennzeichnung der Heizkörper mit dauerhaften Anhängern für unverwechselbare Wiedermontage, entfernen der Schutzverpackung, Transpor;118,0;St;gaeb;leistungsbeschreibungen/Wup_Barmer_HV_LV_VE 402 Heizung + Kaelte_260713.x83
27;Einregulieren der genannten Heizkörper auf Nennmassenstrom, je nach Gegebenheit an den Thermostatventilen und Rücklaufverschraubungen, einschl. Anfertigen eines Einstellprotokolls.;118,0;St;gaeb;leistungsbeschreibungen/Wup_Barmer_HV_LV_VE 402 Heizung + Kaelte_260713.x83
1;Kältemaschine, wassergekühlt, mit Schraubenverdichter, Kältemittel R515B, zur Innenaufstellung mit stufenlos geregeltem Schraubenverdichter in halbhermetischer Ausführung  in Hochtemperaturausführung. Werkseitig auf einem Grundrahmen montiert, anschlussfertig verdrahtet und verrohrt. Optimiert für d;2,0;St;gaeb;leistungsbeschreibungen/Wup_Barmer_HV_LV_VE 402 Heizung + Kaelte_260713.x83
2;Schwingungsdämpfende Neoprenunterlagen als kompletter Satz zur Aufstellung der Kältemaschine.;2,0;St;gaeb;leistungsbeschreibungen/Wup_Barmer_HV_LV_VE 402 Heizung + Kaelte_260713.x83
3;Ausstattung der Apparate mit Doppel-Sicherheitsventil.;2,0;St;gaeb;leistungsbeschreibungen/Wup_Barmer_HV_LV_VE 402 Heizung + Kaelte_260713.x83
4;Strömungswächter zum  Einbau in die Kaltwasserleitung ausgeführt als Paddelströmungswächter zur Weitergabe des Schaltkontakts an die Verriegelungskette der Kältemaschine.;4,0;St;gaeb;leistungsbeschreibungen/Wup_Barmer_HV_LV_VE 402 Heizung + Kaelte_260713.x83
5;Karte für externen Kaltwassersollwert und externe Anzeige als Schnittstelle. Diese Karte bietet die Möglichkeit, von einem externen Standort den Kühlmaschinensollwert zu ändern oder die Verdichterleistung zu begrenzen und den Sollwert der Wasseraustrittstemperatur anzuzeigen, 4-20 mA.;2,0;St;gaeb;leistungsbeschreibungen/Wup_Barmer_HV_LV_VE 402 Heizung + Kaelte_260713.x83
6;Bacnet MS-TP Kommunikationsschnittstelle zwischen der;2,0;St;gaeb;leistungsbeschreibungen/Wup_Barmer_HV_LV_VE 402 Heizung + Kaelte_260713.x83
7;Schalldämmverkleidungen der Verdichter zur Reduzierung des Schalldruckpegels inkl. allen Zubehör, für Wartungszwecke leicht demontierbar, komplett montiert.;4,0;St;gaeb;leistungsbeschreibungen/Wup_Barmer_HV_LV_VE 402 Heizung + Kaelte_260713.x83
8;Bausatz zur Umstellung aller Wasseranschlüsse von gerillten Rohren auf Anschweißrohrstutzen. Zum Bausatz gehören: gerillte Kupplungen und Anschweißrohrstutzen.;2,0;St;gaeb;leistungsbeschreibungen/Wup_Barmer_HV_LV_VE 402 Heizung + Kaelte_260713.x83
9;Auffang- und Rückhaltesystem für alle Anlagen im überdachten Außenbereich oder Innenbereich zur Einhaltung der Gesetzesanforderungen nach  § 62g ff. des WHG (Wasserhaushaltsgesetz) § 17 der AwSV (Anlagenverordnung) § 3 USchadG (Umweltschadensgesetz) sowie Art. 4, Art. 11 § 3 der Europäischen Wasserr;2,0;St;gaeb;leistungsbeschreibungen/Wup_Barmer_HV_LV_VE 402 Heizung + Kaelte_260713.x83
10;Eis- oder Wasserpegelabhängige Steuerung mit Störmeldeausgang.;2,0;St;gaeb;leistungsbeschreibungen/Wup_Barmer_HV_LV_VE 402 Heizung + Kaelte_260713.x83
11;Abmessungen (LxBxH):            120 x 120 x 110 mm;8,0;St;gaeb;leistungsbeschreibungen/Wup_Barmer_HV_LV_VE 402 Heizung + Kaelte_260713.x83
12;Lamellierter Wärmeübertrager für die Funktion als Rückkühler;2,0;St;gaeb;leistungsbeschreibungen/Wup_Barmer_HV_LV_VE 402 Heizung + Kaelte_260713.x83
13;Öl - und Glykol Rückhaltesystem für Kaltwasseranlagen und Rückkühler zur Einhaltung der Gesetzesanforderungen nach § 62g ff. des WHG (Wasserhaushaltsgesetz) § 3 der VAwS;2,0;St;gaeb;leistungsbeschreibungen/Wup_Barmer_HV_LV_VE 402 Heizung + Kaelte_260713.x83
14;Glykol-Erkennung mit Glykoldetektor für Kaltwasseranlagen und Rückkühler zur Einhaltung der Gesetzesanforderungen nach § 62g ff. des WHG (Wasserhaushaltsgesetz) § 3 der VAwS (Anlagenverordnung) § 3 USchadG (Umweltschadensgesetz), sowie Art. 4, Art. 11 § 3 der Europäischen Wasserrahmenrichtlinie (EU ;2,0;St;gaeb;leistungsbeschreibungen/Wup_Barmer_HV_LV_VE 402 Heizung + Kaelte_260713.x83
15;Das Montage-Set für Sockel-Fixierung dient der Fixierung der Montagesockel an der Unterkonstruktion und verhindert ein Verrutschen der Maschine in der Wanne (Die genaue Anzahl und Ausführung ist von der Unterkonstruktion anhängig und muss bei Auftragserteilung geklärt werden).;8,0;St;gaeb;leistungsbeschreibungen/Wup_Barmer_HV_LV_VE 402 Heizung + Kaelte_260713.x83
16;Pufferspeicher für alle Warmwasser-Zentralheizungsanlagen. Verwendbar für Festbrennstoffkessel, öl-gefeuerte Heizkessel, Wärmepumpen, Solaranlagen, Gas- oder Elektrodurchlauf- erhitzer. Gefertigt aus Qualitätsstahl S235 JRG2. Außen mit Rostschutzanstrich, innen roh. Entsprechende Isolierung ist als ;3,0;St;gaeb;leistungsbeschreibungen/Wup_Barmer_HV_LV_VE 402 Heizung + Kaelte_260713.x83
17;Werkseitiges Sandstrahlen des System-Pufferspeichers sowie anschließendes Aufbringen der Sonderbeschichtung AGI Q 151. Die Sonderbeschichtung ist beständig gegen Kleber für diffusionsdichte Isolierung für Kälteanlagen.;3,0;St;gaeb;leistungsbeschreibungen/Wup_Barmer_HV_LV_VE 402 Heizung + Kaelte_260713.x83
18;Isolierung Kälte-Pufferspeicher, 4.000 l, (dxh) 1.400 mm x 2.680 mm mit diffusionsdichtem, geschlossenzelliger Kautschuk, schwerentflammbar (B1), Farbe schwarz Dämmschichtdicke 32 mm.  Der Schaumstoff enthält weder asbesthaltige Bestandteile noch FCKW-Treibgase. Bei Anwendung von Matten als selbstkl;3,0;St;gaeb;leistungsbeschreibungen/Wup_Barmer_HV_LV_VE 402 Heizung + Kaelte_260713.x83
19;Stutzen JT System-Puffer DN100;6,0;St;gaeb;leistungsbeschreibungen/Wup_Barmer_HV_LV_VE 402 Heizung + Kaelte_260713.x83
20;"Sensortaschenset 400mm Tauchhülse 1/2"" x 400 mm (3 Stück)";3,0;St;gaeb;leistungsbeschreibungen/Wup_Barmer_HV_LV_VE 402 Heizung + Kaelte_260713.x83
1;Leistung wie zuletzt in vollem Wortlaut, jedoch;1,0;St;gaeb;leistungsbeschreibungen/Wup_Barmer_HV_LV_VE 402 Heizung + Kaelte_260713.x83
2;Fertigisolierung aus 32 mm diffusionsdichter Dämmung inkl. Einfassung aller Abgänge, Stutzen und Füße, stirnseitig beidseitig Enddeckel sowie Dämmung der abgänge für Füll-/ Entleerung und Thermometer.;1,0;St;gaeb;leistungsbeschreibungen/Wup_Barmer_HV_LV_VE 402 Heizung + Kaelte_260713.x83
3;AGI-Beschichtung Typ F 452/482 Verteiler mit Korrosionsschutzsystem nach AGI-Arbeitsblatt Q 151 System Nr. 1.4:;1,0;St;gaeb;leistungsbeschreibungen/Wup_Barmer_HV_LV_VE 402 Heizung + Kaelte_260713.x83
4;Standkonsolen schallgedämmt bestehend aus:;2,0;St;gaeb;leistungsbeschreibungen/Wup_Barmer_HV_LV_VE 402 Heizung + Kaelte_260713.x83
5;Entwässerungsrinne über die Länge der Wärmeverteiler (b/h) mind. 100/150 mm aus feuerverzinktem Stahlblech mit einem zentralen Ablaufstutzen DN 100 und einem Innengefälle der Rinne >1,0 %. Bei Längen der Rinne über 5 m sind je 5,0 m mind. ein weiterer Ablaufstutzen zu erstellen.;1,0;St;gaeb;leistungsbeschreibungen/Wup_Barmer_HV_LV_VE 402 Heizung + Kaelte_260713.x83
1;Leistung wie zuletzt in vollem Wortlaut, jedoch;300,0;lfdm;gaeb;leistungsbeschreibungen/Wup_Barmer_HV_LV_VE 402 Heizung + Kaelte_260713.x83
2;Leistung wie zuletzt in vollem Wortlaut, jedoch;210,0;St;gaeb;leistungsbeschreibungen/Wup_Barmer_HV_LV_VE 402 Heizung + Kaelte_260713.x83
3;Leistung wie zuletzt in vollem Wortlaut, jedoch;200,0;St;gaeb;leistungsbeschreibungen/Wup_Barmer_HV_LV_VE 402 Heizung + Kaelte_260713.x83
4;Leistung wie zuletzt in vollem Wortlaut, jedoch;210,0;St;gaeb;leistungsbeschreibungen/Wup_Barmer_HV_LV_VE 402 Heizung + Kaelte_260713.x83
5;Leistung wie zuletzt in vollem Wortlaut, jedoch;40,0;St;gaeb;leistungsbeschreibungen/Wup_Barmer_HV_LV_VE 402 Heizung + Kaelte_260713.x83
6;Leistung wie zuletzt in vollem Wortlaut, jedoch;20,0;St;gaeb;leistungsbeschreibungen/Wup_Barmer_HV_LV_VE 402 Heizung + Kaelte_260713.x83
7;Leistung wie zuletzt in vollem Wortlaut, jedoch;40,0;St;gaeb;leistungsbeschreibungen/Wup_Barmer_HV_LV_VE 402 Heizung + Kaelte_260713.x83
8;Leistung wie zuletzt in vollem Wortlaut, jedoch;20,0;St;gaeb;leistungsbeschreibungen/Wup_Barmer_HV_LV_VE 402 Heizung + Kaelte_260713.x83
9;Ringwellschlauch als Wellschlauch aus Edelstahl 1.4541, mit Edelstahl-Umflechtung aus 1.4301, einerseits TG-Nippel mit AG nach DIN EN 10226-1, andererseits 3-teilige, konisch dichtende TG-Verschraubung mit IG nach DIN/ISO 228/1, DIN-DVGW-Prüfzeichen, VdS-zugelassen, zulässige Betriebstemperatur 200 ;50,0;St;gaeb;leistungsbeschreibungen/Wup_Barmer_HV_LV_VE 402 Heizung + Kaelte_260713.x83
10;Ringwellschlauch als Wellschlauch aus Edelstahl 1.4541, mit Edelstahl-Umflechtung aus 1.4301, einerseits TG-Nippel mit AG nach DIN EN 10226-1, andererseits 3-teilige, konisch dichtende TG-Verschraubung mit IG nach DIN/ISO 228/1, DIN-DVGW-Prüfzeichen, VdS-zugelassen, zulässige Betriebstemperatur 200 ;25,0;St;gaeb;leistungsbeschreibungen/Wup_Barmer_HV_LV_VE 402 Heizung + Kaelte_260713.x83
11;Ringwellschlauch als Wellschlauch aus Edelstahl 1.4541, mit Edelstahl-Umflechtung aus 1.4301, einerseits TG-Nippel mit AG nach DIN EN 10226-1, andererseits 3-teilige, konisch dichtende TG-Verschraubung mit IG nach DIN/ISO 228/1, DIN-DVGW-Prüfzeichen, VdS-zugelassen, zulässige Betriebstemperatur 200 ;10,0;St;gaeb;leistungsbeschreibungen/Wup_Barmer_HV_LV_VE 402 Heizung + Kaelte_260713.x83
1;Leistung wie zuletzt in vollem Wortlaut, jedoch;20,0;lfdm;gaeb;leistungsbeschreibungen/Wup_Barmer_HV_LV_VE 402 Heizung + Kaelte_260713.x83
2;Leistung wie zuletzt in vollem Wortlaut, jedoch;20,0;lfdm;gaeb;leistungsbeschreibungen/Wup_Barmer_HV_LV_VE 402 Heizung + Kaelte_260713.x83
3;Leistung wie zuletzt in vollem Wortlaut, jedoch;55,0;lfdm;gaeb;leistungsbeschreibungen/Wup_Barmer_HV_LV_VE 402 Heizung + Kaelte_260713.x83
4;Leistung wie zuletzt in vollem Wortlaut, jedoch;25,0;lfdm;gaeb;leistungsbeschreibungen/Wup_Barmer_HV_LV_VE 402 Heizung + Kaelte_260713.x83
5;Leistung wie zuletzt in vollem Wortlaut, jedoch;30,0;lfdm;gaeb;leistungsbeschreibungen/Wup_Barmer_HV_LV_VE 402 Heizung + Kaelte_260713.x83
6;Leistung wie zuletzt in vollem Wortlaut, jedoch;30,0;lfdm;gaeb;leistungsbeschreibungen/Wup_Barmer_HV_LV_VE 402 Heizung + Kaelte_260713.x83
7;Leistung wie zuletzt in vollem Wortlaut, jedoch;130,0;lfdm;gaeb;leistungsbeschreibungen/Wup_Barmer_HV_LV_VE 402 Heizung + Kaelte_260713.x83
8;Leistung wie zuletzt in vollem Wortlaut, jedoch;100,0;lfdm;gaeb;leistungsbeschreibungen/Wup_Barmer_HV_LV_VE 402 Heizung + Kaelte_260713.x83
9;Leistung wie zuletzt in vollem Wortlaut, jedoch;400,0;lfdm;gaeb;leistungsbeschreibungen/Wup_Barmer_HV_LV_VE 402 Heizung + Kaelte_260713.x83
10;Leistung wie zuletzt in vollem Wortlaut, jedoch;400,0;lfdm;gaeb;leistungsbeschreibungen/Wup_Barmer_HV_LV_VE 402 Heizung + Kaelte_260713.x83
11;Leistung wie zuletzt in vollem Wortlaut, jedoch;150,0;lfdm;gaeb;leistungsbeschreibungen/Wup_Barmer_HV_LV_VE 402 Heizung + Kaelte_260713.x83
12;Leistung wie zuletzt in vollem Wortlaut, jedoch;50,0;lfdm;gaeb;leistungsbeschreibungen/Wup_Barmer_HV_LV_VE 402 Heizung + Kaelte_260713.x83
13;Leistung wie zuletzt in vollem Wortlaut, jedoch;360,0;lfdm;gaeb;leistungsbeschreibungen/Wup_Barmer_HV_LV_VE 402 Heizung + Kaelte_260713.x83
14;Leistung wie zuletzt in vollem Wortlaut, jedoch;260,0;lfdm;gaeb;leistungsbeschreibungen/Wup_Barmer_HV_LV_VE 402 Heizung + Kaelte_260713.x83
15;Leistung wie zuletzt in vollem Wortlaut, jedoch;15,0;St;gaeb;leistungsbeschreibungen/Wup_Barmer_HV_LV_VE 402 Heizung + Kaelte_260713.x83
16;Leistung wie zuletzt in vollem Wortlaut, jedoch;65,0;St;gaeb;leistungsbeschreibungen/Wup_Barmer_HV_LV_VE 402 Heizung + Kaelte_260713.x83
17;Leistung wie zuletzt in vollem Wortlaut, jedoch;15,0;St;gaeb;leistungsbeschreibungen/Wup_Barmer_HV_LV_VE 402 Heizung + Kaelte_260713.x83
18;Leistung wie zuletzt in vollem Wortlaut, jedoch;25,0;St;gaeb;leistungsbeschreibungen/Wup_Barmer_HV_LV_VE 402 Heizung + Kaelte_260713.x83
19;Leistung wie zuletzt in vollem Wortlaut, jedoch;10,0;St;gaeb;leistungsbeschreibungen/Wup_Barmer_HV_LV_VE 402 Heizung + Kaelte_260713.x83
20;Leistung wie zuletzt in vollem Wortlaut, jedoch;35,0;St;gaeb;leistungsbeschreibungen/Wup_Barmer_HV_LV_VE 402 Heizung + Kaelte_260713.x83
21;Leistung wie zuletzt in vollem Wortlaut, jedoch;20,0;St;gaeb;leistungsbeschreibungen/Wup_Barmer_HV_LV_VE 402 Heizung + Kaelte_260713.x83
22;Leistung wie zuletzt in vollem Wortlaut, jedoch;60,0;St;gaeb;leistungsbeschreibungen/Wup_Barmer_HV_LV_VE 402 Heizung + Kaelte_260713.x83
23;Leistung wie zuletzt in vollem Wortlaut, jedoch;120,0;St;gaeb;leistungsbeschreibungen/Wup_Barmer_HV_LV_VE 402 Heizung + Kaelte_260713.x83
24;Leistung wie zuletzt in vollem Wortlaut, jedoch;90,0;St;gaeb;leistungsbeschreibungen/Wup_Barmer_HV_LV_VE 402 Heizung + Kaelte_260713.x83
25;Leistung wie zuletzt in vollem Wortlaut, jedoch;20,0;St;gaeb;leistungsbeschreibungen/Wup_Barmer_HV_LV_VE 402 Heizung + Kaelte_260713.x83
26;Leistung wie zuletzt in vollem Wortlaut, jedoch;155,0;St;gaeb;leistungsbeschreibungen/Wup_Barmer_HV_LV_VE 402 Heizung + Kaelte_260713.x83
27;Leistung wie zuletzt in vollem Wortlaut, jedoch;75,0;St;gaeb;leistungsbeschreibungen/Wup_Barmer_HV_LV_VE 402 Heizung + Kaelte_260713.x83
28;Leistung wie zuletzt in vollem Wortlaut, jedoch;10,0;St;gaeb;leistungsbeschreibungen/Wup_Barmer_HV_LV_VE 402 Heizung + Kaelte_260713.x83
29;Leistung wie zuletzt in vollem Wortlaut, jedoch;10,0;St;gaeb;leistungsbeschreibungen/Wup_Barmer_HV_LV_VE 402 Heizung + Kaelte_260713.x83
30;Leistung wie zuletzt in vollem Wortlaut, jedoch;10,0;St;gaeb;leistungsbeschreibungen/Wup_Barmer_HV_LV_VE 402 Heizung + Kaelte_260713.x83
31;Leistung wie zuletzt in vollem Wortlaut, jedoch;10,0;St;gaeb;leistungsbeschreibungen/Wup_Barmer_HV_LV_VE 402 Heizung + Kaelte_260713.x83
32;Leistung wie zuletzt in vollem Wortlaut, jedoch;10,0;St;gaeb;leistungsbeschreibungen/Wup_Barmer_HV_LV_VE 402 Heizung + Kaelte_260713.x83
33;Leistung wie zuletzt in vollem Wortlaut, jedoch;60,0;St;gaeb;leistungsbeschreibungen/Wup_Barmer_HV_LV_VE 402 Heizung + Kaelte_260713.x83
34;Leistung wie zuletzt in vollem Wortlaut, jedoch;65,0;St;gaeb;leistungsbeschreibungen/Wup_Barmer_HV_LV_VE 402 Heizung + Kaelte_260713.x83
35;Leistung wie zuletzt in vollem Wortlaut, jedoch;70,0;St;gaeb;leistungsbeschreibungen/Wup_Barmer_HV_LV_VE 402 Heizung + Kaelte_260713.x83
36;Leistung wie zuletzt in vollem Wortlaut, jedoch;100,0;St;gaeb;leistungsbeschreibungen/Wup_Barmer_HV_LV_VE 402 Heizung + Kaelte_260713.x83
37;Leistung wie zuletzt in vollem Wortlaut, jedoch;25,0;St;gaeb;leistungsbeschreibungen/Wup_Barmer_HV_LV_VE 402 Heizung + Kaelte_260713.x83
38;Leistung wie zuletzt in vollem Wortlaut, jedoch;50,0;St;gaeb;leistungsbeschreibungen/Wup_Barmer_HV_LV_VE 402 Heizung + Kaelte_260713.x83
39;Leistung wie zuletzt in vollem Wortlaut, jedoch;30,0;St;gaeb;leistungsbeschreibungen/Wup_Barmer_HV_LV_VE 402 Heizung + Kaelte_260713.x83
40;Leistung wie zuletzt in vollem Wortlaut, jedoch;25,0;St;gaeb;leistungsbeschreibungen/Wup_Barmer_HV_LV_VE 402 Heizung + Kaelte_260713.x83
41;Leistung wie zuletzt in vollem Wortlaut, jedoch;80,0;St;gaeb;leistungsbeschreibungen/Wup_Barmer_HV_LV_VE 402 Heizung + Kaelte_260713.x83
42;Leistung wie zuletzt in vollem Wortlaut, jedoch;10,0;St;gaeb;leistungsbeschreibungen/Wup_Barmer_HV_LV_VE 402 Heizung + Kaelte_260713.x83
43;Leistung wie zuletzt in vollem Wortlaut, jedoch;10,0;St;gaeb;leistungsbeschreibungen/Wup_Barmer_HV_LV_VE 402 Heizung + Kaelte_260713.x83
44;Leistung wie zuletzt in vollem Wortlaut, jedoch;100,0;St;gaeb;leistungsbeschreibungen/Wup_Barmer_HV_LV_VE 402 Heizung + Kaelte_260713.x83
45;Leistung wie zuletzt in vollem Wortlaut, jedoch;60,0;St;gaeb;leistungsbeschreibungen/Wup_Barmer_HV_LV_VE 402 Heizung + Kaelte_260713.x83
46;Leistung wie zuletzt in vollem Wortlaut, jedoch;60,0;St;gaeb;leistungsbeschreibungen/Wup_Barmer_HV_LV_VE 402 Heizung + Kaelte_260713.x83
47;Leistung wie zuletzt in vollem Wortlaut, jedoch;80,0;St;gaeb;leistungsbeschreibungen/Wup_Barmer_HV_LV_VE 402 Heizung + Kaelte_260713.x83
48;Leistung wie zuletzt in vollem Wortlaut, jedoch;25,0;St;gaeb;leistungsbeschreibungen/Wup_Barmer_HV_LV_VE 402 Heizung + Kaelte_260713.x83
49;Leistung wie zuletzt in vollem Wortlaut, jedoch;50,0;St;gaeb;leistungsbeschreibungen/Wup_Barmer_HV_LV_VE 402 Heizung + Kaelte_260713.x83
50;Leistung wie zuletzt in vollem Wortlaut, jedoch;40,0;St;gaeb;leistungsbeschreibungen/Wup_Barmer_HV_LV_VE 402 Heizung + Kaelte_260713.x83
51;Leistung wie zuletzt in vollem Wortlaut, jedoch;14,0;St;gaeb;leistungsbeschreibungen/Wup_Barmer_HV_LV_VE 402 Heizung + Kaelte_260713.x83
52;Leistung wie zuletzt in vollem Wortlaut, jedoch;14,0;St;gaeb;leistungsbeschreibungen/Wup_Barmer_HV_LV_VE 402 Heizung + Kaelte_260713.x83
53;Leistung wie zuletzt in vollem Wortlaut, jedoch;18,0;St;gaeb;leistungsbeschreibungen/Wup_Barmer_HV_LV_VE 402 Heizung + Kaelte_260713.x83
54;Leistung wie zuletzt in vollem Wortlaut, jedoch;20,0;St;gaeb;leistungsbeschreibungen/Wup_Barmer_HV_LV_VE 402 Heizung + Kaelte_260713.x83
55;Leistung wie zuletzt in vollem Wortlaut, jedoch;48,0;St;gaeb;leistungsbeschreibungen/Wup_Barmer_HV_LV_VE 402 Heizung + Kaelte_260713.x83
56;Leistung wie zuletzt in vollem Wortlaut, jedoch;10,0;St;gaeb;leistungsbeschreibungen/Wup_Barmer_HV_LV_VE 402 Heizung + Kaelte_260713.x83
57;Leistung wie zuletzt in vollem Wortlaut, jedoch;22,0;St;gaeb;leistungsbeschreibungen/Wup_Barmer_HV_LV_VE 402 Heizung + Kaelte_260713.x83
58;Leistung wie zuletzt in vollem Wortlaut, jedoch;86,0;St;gaeb;leistungsbeschreibungen/Wup_Barmer_HV_LV_VE 402 Heizung + Kaelte_260713.x83
59;Leistung wie zuletzt in vollem Wortlaut, jedoch;60,0;St;gaeb;leistungsbeschreibungen/Wup_Barmer_HV_LV_VE 402 Heizung + Kaelte_260713.x83
60;Leistung wie zuletzt in vollem Wortlaut, jedoch;5,0;St;gaeb;leistungsbeschreibungen/Wup_Barmer_HV_LV_VE 402 Heizung + Kaelte_260713.x83
61;Leistung wie zuletzt in vollem Wortlaut, jedoch;5,0;St;gaeb;leistungsbeschreibungen/Wup_Barmer_HV_LV_VE 402 Heizung + Kaelte_260713.x83
62;Leistung wie zuletzt in vollem Wortlaut, jedoch;5,0;St;gaeb;leistungsbeschreibungen/Wup_Barmer_HV_LV_VE 402 Heizung + Kaelte_260713.x83
63;Leistung wie zuletzt in vollem Wortlaut, jedoch;10,0;St;gaeb;leistungsbeschreibungen/Wup_Barmer_HV_LV_VE 402 Heizung + Kaelte_260713.x83
64;Leistung wie zuletzt in vollem Wortlaut, jedoch;10,0;St;gaeb;leistungsbeschreibungen/Wup_Barmer_HV_LV_VE 402 Heizung + Kaelte_260713.x83
65;Leistung wie zuletzt in vollem Wortlaut, jedoch;10,0;St;gaeb;leistungsbeschreibungen/Wup_Barmer_HV_LV_VE 402 Heizung + Kaelte_260713.x83
66;Leistung wie zuletzt in vollem Wortlaut, jedoch;5,0;St;gaeb;leistungsbeschreibungen/Wup_Barmer_HV_LV_VE 402 Heizung + Kaelte_260713.x83
67;Leistung wie zuletzt in vollem Wortlaut, jedoch;5,0;St;gaeb;leistungsbeschreibungen/Wup_Barmer_HV_LV_VE 402 Heizung + Kaelte_260713.x83
68;Leistung wie zuletzt in vollem Wortlaut, jedoch;5,0;St;gaeb;leistungsbeschreibungen/Wup_Barmer_HV_LV_VE 402 Heizung + Kaelte_260713.x83
69;Leistung wie zuletzt in vollem Wortlaut, jedoch;5,0;St;gaeb;leistungsbeschreibungen/Wup_Barmer_HV_LV_VE 402 Heizung + Kaelte_260713.x83
70;Leistung wie zuletzt in vollem Wortlaut, jedoch;10,0;St;gaeb;leistungsbeschreibungen/Wup_Barmer_HV_LV_VE 402 Heizung + Kaelte_260713.x83
71;Leistung wie zuletzt in vollem Wortlaut, jedoch;5,0;St;gaeb;leistungsbeschreibungen/Wup_Barmer_HV_LV_VE 402 Heizung + Kaelte_260713.x83
72;Leistung wie zuletzt in vollem Wortlaut, jedoch;25,0;St;gaeb;leistungsbeschreibungen/Wup_Barmer_HV_LV_VE 402 Heizung + Kaelte_260713.x83
73;Leistung wie zuletzt in vollem Wortlaut, jedoch;10,0;St;gaeb;leistungsbeschreibungen/Wup_Barmer_HV_LV_VE 402 Heizung + Kaelte_260713.x83
74;Leistung wie zuletzt in vollem Wortlaut, jedoch;15,0;St;gaeb;leistungsbeschreibungen/Wup_Barmer_HV_LV_VE 402 Heizung + Kaelte_260713.x83
75;Leistung wie zuletzt in vollem Wortlaut, jedoch;10,0;St;gaeb;leistungsbeschreibungen/Wup_Barmer_HV_LV_VE 402 Heizung + Kaelte_260713.x83
76;Leistung wie zuletzt in vollem Wortlaut, jedoch;15,0;St;gaeb;leistungsbeschreibungen/Wup_Barmer_HV_LV_VE 402 Heizung + Kaelte_260713.x83
77;Leistung wie zuletzt in vollem Wortlaut, jedoch;10,0;St;gaeb;leistungsbeschreibungen/Wup_Barmer_HV_LV_VE 402 Heizung + Kaelte_260713.x83
78;Leistung wie zuletzt in vollem Wortlaut, jedoch;10,0;St;gaeb;leistungsbeschreibungen/Wup_Barmer_HV_LV_VE 402 Heizung + Kaelte_260713.x83
79;Leistung wie zuletzt in vollem Wortlaut, jedoch;5,0;St;gaeb;leistungsbeschreibungen/Wup_Barmer_HV_LV_VE 402 Heizung + Kaelte_260713.x83
80;Leistung wie zuletzt in vollem Wortlaut, jedoch;10,0;St;gaeb;leistungsbeschreibungen/Wup_Barmer_HV_LV_VE 402 Heizung + Kaelte_260713.x83
81;Leistung wie zuletzt in vollem Wortlaut, jedoch;5,0;St;gaeb;leistungsbeschreibungen/Wup_Barmer_HV_LV_VE 402 Heizung + Kaelte_260713.x83
82;Leistung wie zuletzt in vollem Wortlaut, jedoch;10,0;St;gaeb;leistungsbeschreibungen/Wup_Barmer_HV_LV_VE 402 Heizung + Kaelte_260713.x83
83;Leistung wie zuletzt in vollem Wortlaut, jedoch;5,0;St;gaeb;leistungsbeschreibungen/Wup_Barmer_HV_LV_VE 402 Heizung + Kaelte_260713.x83
84;Leistung wie zuletzt in vollem Wortlaut, jedoch;30,0;St;gaeb;leistungsbeschreibungen/Wup_Barmer_HV_LV_VE 402 Heizung + Kaelte_260713.x83
85;Leistung wie zuletzt in vollem Wortlaut, jedoch;5,0;St;gaeb;leistungsbeschreibungen/Wup_Barmer_HV_LV_VE 402 Heizung + Kaelte_260713.x83
86;Leistung wie zuletzt in vollem Wortlaut, jedoch;2,0;St;gaeb;leistungsbeschreibungen/Wup_Barmer_HV_LV_VE 402 Heizung + Kaelte_260713.x83
87;Leistung wie zuletzt in vollem Wortlaut, jedoch;4,0;St;gaeb;leistungsbeschreibungen/Wup_Barmer_HV_LV_VE 402 Heizung + Kaelte_260713.x83
88;Leistung wie zuletzt in vollem Wortlaut, jedoch;4,0;St;gaeb;leistungsbeschreibungen/Wup_Barmer_HV_LV_VE 402 Heizung + Kaelte_260713.x83
89;Leistung wie zuletzt in vollem Wortlaut, jedoch;10,0;St;gaeb;leistungsbeschreibungen/Wup_Barmer_HV_LV_VE 402 Heizung + Kaelte_260713.x83
90;Erstellen einer Entlüftungsleitung mit Anschluss an Lufttopf bestehend aus:;55,0;St;gaeb;leistungsbeschreibungen/Wup_Barmer_HV_LV_VE 402 Heizung + Kaelte_260713.x83
91;Leistung wie zuletzt in vollem Wortlaut, jedoch;12,0;St;gaeb;leistungsbeschreibungen/Wup_Barmer_HV_LV_VE 402 Heizung + Kaelte_260713.x83
92;Leistung wie zuletzt in vollem Wortlaut, jedoch;4,0;St;gaeb;leistungsbeschreibungen/Wup_Barmer_HV_LV_VE 402 Heizung + Kaelte_260713.x83
1;Leistung wie zuletzt in vollem Wortlaut, jedoch;25,0;lfdm;gaeb;leistungsbeschreibungen/Wup_Barmer_HV_LV_VE 402 Heizung + Kaelte_260713.x83
2;Leistung wie zuletzt in vollem Wortlaut, jedoch;130,0;lfdm;gaeb;leistungsbeschreibungen/Wup_Barmer_HV_LV_VE 402 Heizung + Kaelte_260713.x83
3;Leistung wie zuletzt in vollem Wortlaut, jedoch;70,0;lfdm;gaeb;leistungsbeschreibungen/Wup_Barmer_HV_LV_VE 402 Heizung + Kaelte_260713.x83
4;Leistung wie zuletzt in vollem Wortlaut, jedoch;100,0;lfdm;gaeb;leistungsbeschreibungen/Wup_Barmer_HV_LV_VE 402 Heizung + Kaelte_260713.x83
5;Leistung wie zuletzt in vollem Wortlaut, jedoch;25,0;lfdm;gaeb;leistungsbeschreibungen/Wup_Barmer_HV_LV_VE 402 Heizung + Kaelte_260713.x83
6;Leistung wie zuletzt in vollem Wortlaut, jedoch;25,0;lfdm;gaeb;leistungsbeschreibungen/Wup_Barmer_HV_LV_VE 402 Heizung + Kaelte_260713.x83
7;Leistung wie zuletzt in vollem Wortlaut, jedoch;50,0;lfdm;gaeb;leistungsbeschreibungen/Wup_Barmer_HV_LV_VE 402 Heizung + Kaelte_260713.x83
8;Leistung wie zuletzt in vollem Wortlaut, jedoch;20,0;St;gaeb;leistungsbeschreibungen/Wup_Barmer_HV_LV_VE 402 Heizung + Kaelte_260713.x83
9;Leistung wie zuletzt in vollem Wortlaut, jedoch;45,0;St;gaeb;leistungsbeschreibungen/Wup_Barmer_HV_LV_VE 402 Heizung + Kaelte_260713.x83
10;Leistung wie zuletzt in vollem Wortlaut, jedoch;5,0;St;gaeb;leistungsbeschreibungen/Wup_Barmer_HV_LV_VE 402 Heizung + Kaelte_260713.x83
11;Leistung wie zuletzt in vollem Wortlaut, jedoch;20,0;St;gaeb;leistungsbeschreibungen/Wup_Barmer_HV_LV_VE 402 Heizung + Kaelte_260713.x83
12;Leistung wie zuletzt in vollem Wortlaut, jedoch;5,0;St;gaeb;leistungsbeschreibungen/Wup_Barmer_HV_LV_VE 402 Heizung + Kaelte_260713.x83
13;Leistung wie zuletzt in vollem Wortlaut, jedoch;80,0;St;gaeb;leistungsbeschreibungen/Wup_Barmer_HV_LV_VE 402 Heizung + Kaelte_260713.x83
14;Leistung wie zuletzt in vollem Wortlaut, jedoch;10,0;St;gaeb;leistungsbeschreibungen/Wup_Barmer_HV_LV_VE 402 Heizung + Kaelte_260713.x83
15;Leistung wie zuletzt in vollem Wortlaut, jedoch;5,0;St;gaeb;leistungsbeschreibungen/Wup_Barmer_HV_LV_VE 402 Heizung + Kaelte_260713.x83
16;Leistung wie zuletzt in vollem Wortlaut, jedoch;5,0;St;gaeb;leistungsbeschreibungen/Wup_Barmer_HV_LV_VE 402 Heizung + Kaelte_260713.x83
17;Leistung wie zuletzt in vollem Wortlaut, jedoch;5,0;St;gaeb;leistungsbeschreibungen/Wup_Barmer_HV_LV_VE 402 Heizung + Kaelte_260713.x83
18;Leistung wie zuletzt in vollem Wortlaut, jedoch;30,0;St;gaeb;leistungsbeschreibungen/Wup_Barmer_HV_LV_VE 402 Heizung + Kaelte_260713.x83
19;Leistung wie zuletzt in vollem Wortlaut, jedoch;10,0;St;gaeb;leistungsbeschreibungen/Wup_Barmer_HV_LV_VE 402 Heizung + Kaelte_260713.x83
20;Leistung wie zuletzt in vollem Wortlaut, jedoch;80,0;St;gaeb;leistungsbeschreibungen/Wup_Barmer_HV_LV_VE 402 Heizung + Kaelte_260713.x83
21;Leistung wie zuletzt in vollem Wortlaut, jedoch;10,0;St;gaeb;leistungsbeschreibungen/Wup_Barmer_HV_LV_VE 402 Heizung + Kaelte_260713.x83
22;Leistung wie zuletzt in vollem Wortlaut, jedoch;10,0;St;gaeb;leistungsbeschreibungen/Wup_Barmer_HV_LV_VE 402 Heizung + Kaelte_260713.x83
23;Leistung wie zuletzt in vollem Wortlaut, jedoch;15,0;St;gaeb;leistungsbeschreibungen/Wup_Barmer_HV_LV_VE 402 Heizung + Kaelte_260713.x83
24;Leistung wie zuletzt in vollem Wortlaut, jedoch;5,0;St;gaeb;leistungsbeschreibungen/Wup_Barmer_HV_LV_VE 402 Heizung + Kaelte_260713.x83
25;Leistung wie zuletzt in vollem Wortlaut, jedoch;20,0;St;gaeb;leistungsbeschreibungen/Wup_Barmer_HV_LV_VE 402 Heizung + Kaelte_260713.x83
26;Leistung wie zuletzt in vollem Wortlaut, jedoch;5,0;St;gaeb;leistungsbeschreibungen/Wup_Barmer_HV_LV_VE 402 Heizung + Kaelte_260713.x83
27;Leistung wie zuletzt in vollem Wortlaut, jedoch;10,0;St;gaeb;leistungsbeschreibungen/Wup_Barmer_HV_LV_VE 402 Heizung + Kaelte_260713.x83
28;Leistung wie zuletzt in vollem Wortlaut, jedoch;10,0;St;gaeb;leistungsbeschreibungen/Wup_Barmer_HV_LV_VE 402 Heizung + Kaelte_260713.x83
29;Leistung wie zuletzt in vollem Wortlaut, jedoch;10,0;St;gaeb;leistungsbeschreibungen/Wup_Barmer_HV_LV_VE 402 Heizung + Kaelte_260713.x83
30;Leistung wie zuletzt in vollem Wortlaut, jedoch;10,0;St;gaeb;leistungsbeschreibungen/Wup_Barmer_HV_LV_VE 402 Heizung + Kaelte_260713.x83
31;Leistung wie zuletzt in vollem Wortlaut, jedoch;10,0;St;gaeb;leistungsbeschreibungen/Wup_Barmer_HV_LV_VE 402 Heizung + Kaelte_260713.x83
32;Leistung wie zuletzt in vollem Wortlaut, jedoch;10,0;St;gaeb;leistungsbeschreibungen/Wup_Barmer_HV_LV_VE 402 Heizung + Kaelte_260713.x83
33;Leistung wie zuletzt in vollem Wortlaut, jedoch;5,0;St;gaeb;leistungsbeschreibungen/Wup_Barmer_HV_LV_VE 402 Heizung + Kaelte_260713.x83
34;Leistung wie zuletzt in vollem Wortlaut, jedoch;5,0;St;gaeb;leistungsbeschreibungen/Wup_Barmer_HV_LV_VE 402 Heizung + Kaelte_260713.x83
35;Leistung wie zuletzt in vollem Wortlaut, jedoch;5,0;St;gaeb;leistungsbeschreibungen/Wup_Barmer_HV_LV_VE 402 Heizung + Kaelte_260713.x83
36;Leistung wie zuletzt in vollem Wortlaut, jedoch;5,0;St;gaeb;leistungsbeschreibungen/Wup_Barmer_HV_LV_VE 402 Heizung + Kaelte_260713.x83
37;Leistung wie zuletzt in vollem Wortlaut, jedoch;5,0;St;gaeb;leistungsbeschreibungen/Wup_Barmer_HV_LV_VE 402 Heizung + Kaelte_260713.x83
38;Leistung wie zuletzt in vollem Wortlaut, jedoch;5,0;St;gaeb;leistungsbeschreibungen/Wup_Barmer_HV_LV_VE 402 Heizung + Kaelte_260713.x83
39;Leistung wie zuletzt in vollem Wortlaut, jedoch;5,0;St;gaeb;leistungsbeschreibungen/Wup_Barmer_HV_LV_VE 402 Heizung + Kaelte_260713.x83
1;Steuereinheit, Hydraulik und Steuerungsmodul für Druck halten, entgasen, nachspeisen in geschlossenen Heizwasser- und Kühlkreisläufen.Gebaut nach DIN EN 12828 und den Anforderungen der VDI 4708 mit CE-Kennzeichen.Geeignet fuer den Einsatz in lärmsensiblen Bereichen.;1,0;St;gaeb;leistungsbeschreibungen/Wup_Barmer_HV_LV_VE 402 Heizung + Kaelte_260713.x83
2;Membran-Ausdehnungsgefaess für ein- oder zwei-pumpengesteuerte Druckhaltestationen, drucklos, gegenüber der Atmosphaere geschlossen.;1,0;St;gaeb;leistungsbeschreibungen/Wup_Barmer_HV_LV_VE 402 Heizung + Kaelte_260713.x83
3;Anschlussset zum Anschluss des Hydraulikmoduls an die Grundgefäße, bestehend aus zwei Edelstahl-Anschlusswellrohren mit Verschraubungen und gesicherten Absperrkugelhähnen.;1,0;St;gaeb;leistungsbeschreibungen/Wup_Barmer_HV_LV_VE 402 Heizung + Kaelte_260713.x83
4;Motorkugelhahn als Umruestsatz zur Wassernachspeisung. Die Ansteuerung erfolgt direkt von der Steuereinheit. Der schmutzresistente Motorkugelhahn ist mittels Federkraft stromlos geschlossen.;1,0;St;gaeb;leistungsbeschreibungen/Wup_Barmer_HV_LV_VE 402 Heizung + Kaelte_260713.x83
5;Membran-Druckausdehnungsgefäß für geschlossene Heiz- und Kühlwassersysteme. Gefäße sind konstruiert und gefertigt nach DIN EN 13831. Zulassung gemäß Richtlinie für Druckgeräte 2014/68/EU.;1,0;St;gaeb;leistungsbeschreibungen/Wup_Barmer_HV_LV_VE 402 Heizung + Kaelte_260713.x83
6;Kappenventil für Membran-Druckausdehnungsgefäße in geschlossenen Heizungs- und Kühlwasseranlagen. Mit einer gegen unbeabsichtigtes Schließen gesicherten Absperrung und einer Entleerung gemäß DIN EN 12828.;1,0;St;gaeb;leistungsbeschreibungen/Wup_Barmer_HV_LV_VE 402 Heizung + Kaelte_260713.x83
7;Busmodul zur Umsetzung der Informationen wie z.B. Betriebszustand oder -daten aus der Steuerungsschnittstelle. Direkte Integration an der Steuerungsplatine der Control Touch. Es ist keine zusätzliche Montage notwendig. Verbindung zur Touch Control über Steckersockel. Als integriertes Erweiterungsmod;1,0;St;gaeb;leistungsbeschreibungen/Wup_Barmer_HV_LV_VE 402 Heizung + Kaelte_260713.x83
8;Armatur zur direkten Verbindung von Nachspeiseeinrichtungen fuer Heiz- und Kuehlwassersysteme mit Trinkwassernetzen. Im Einzelnen bestehend aus:;1,0;St;gaeb;leistungsbeschreibungen/Wup_Barmer_HV_LV_VE 402 Heizung + Kaelte_260713.x83
9;Patronengehaeuse, kompakte Basisarmatur zur Aufbereitung von Füll- und Ergänzungswasser mittels Ionenaustauschverfahren zum Schutz von Wärmeerzeugern u. Warmwasserheizungsanlagen gemäß VDI 2035 Blatt 1:2021-03.;1,0;St;gaeb;leistungsbeschreibungen/Wup_Barmer_HV_LV_VE 402 Heizung + Kaelte_260713.x83
10;Der Impulsgeber erweitert die Funktionalität des Wasserzählers und ermöglicht eine komfortable Fernüberwachung des Wasserverbrauchs.;1,0;St;gaeb;leistungsbeschreibungen/Wup_Barmer_HV_LV_VE 402 Heizung + Kaelte_260713.x83
11;Kationenharzpatrone zur Füll- und Ergänzungswasserentsalzung.;4,0;St;gaeb;leistungsbeschreibungen/Wup_Barmer_HV_LV_VE 402 Heizung + Kaelte_260713.x83
12;Stabiler Kunststoffschlüssel für das sichere Lösen und Anziehen der Verschraubung zur Erleichterung des Kartuschenwechsels.;1,0;St;gaeb;leistungsbeschreibungen/Wup_Barmer_HV_LV_VE 402 Heizung + Kaelte_260713.x83
13;Sicherheitsventil zur Druckabsicherung von Wärmeerzeugern, Kennbuchstabe D/G/H und gemäß den Anforderungen TRD 721, EN 12828, SWKI HE301-01.;1,0;St;gaeb;leistungsbeschreibungen/Wup_Barmer_HV_LV_VE 402 Heizung + Kaelte_260713.x83
14;Leistung wie zuletzt in vollem Wortlaut, jedoch;1,0;St;gaeb;leistungsbeschreibungen/Wup_Barmer_HV_LV_VE 402 Heizung + Kaelte_260713.x83
15;Ultraschall Durchflusssensor DN100 (Kälte);1,0;St;gaeb;leistungsbeschreibungen/Wup_Barmer_HV_LV_VE 402 Heizung + Kaelte_260713.x83
16;Ultraschall Durchflusssensor DN150 (Kälte);2,0;St;gaeb;leistungsbeschreibungen/Wup_Barmer_HV_LV_VE 402 Heizung + Kaelte_260713.x83
17;Ultraschall Durchflusssensor DN150 (Kälte);1,0;St;gaeb;leistungsbeschreibungen/Wup_Barmer_HV_LV_VE 402 Heizung + Kaelte_260713.x83
18;Zulage Eichgebühr für vor genannte Wärmemengenzähler mit Beglaubigungsschreiben liefern und den Bestandsunterlagen beiheften!;4,0;St;gaeb;leistungsbeschreibungen/Wup_Barmer_HV_LV_VE 402 Heizung + Kaelte_260713.x83
19;Leistung wie zuletzt in vollem Wortlaut, jedoch;1,0;St;gaeb;leistungsbeschreibungen/Wup_Barmer_HV_LV_VE 402 Heizung + Kaelte_260713.x83
20;Leistung wie zuletzt in vollem Wortlaut, jedoch;1,0;St;gaeb;leistungsbeschreibungen/Wup_Barmer_HV_LV_VE 402 Heizung + Kaelte_260713.x83
21;Leistung wie zuletzt in vollem Wortlaut, jedoch;2,0;St;gaeb;leistungsbeschreibungen/Wup_Barmer_HV_LV_VE 402 Heizung + Kaelte_260713.x83
22;Leistung wie zuletzt in vollem Wortlaut, jedoch;2,0;St;gaeb;leistungsbeschreibungen/Wup_Barmer_HV_LV_VE 402 Heizung + Kaelte_260713.x83
23;Leistung wie zuletzt in vollem Wortlaut, jedoch;2,0;St;gaeb;leistungsbeschreibungen/Wup_Barmer_HV_LV_VE 402 Heizung + Kaelte_260713.x83
24;Leistung wie zuletzt in vollem Wortlaut, jedoch;2,0;St;gaeb;leistungsbeschreibungen/Wup_Barmer_HV_LV_VE 402 Heizung + Kaelte_260713.x83
25;Leistung wie zuletzt in vollem Wortlaut, jedoch;2,0;St;gaeb;leistungsbeschreibungen/Wup_Barmer_HV_LV_VE 402 Heizung + Kaelte_260713.x83
26;Leistung wie zuletzt in vollem Wortlaut, jedoch;2,0;St;gaeb;leistungsbeschreibungen/Wup_Barmer_HV_LV_VE 402 Heizung + Kaelte_260713.x83
27;Leistung wie zuletzt in vollem Wortlaut, jedoch;6,0;St;gaeb;leistungsbeschreibungen/Wup_Barmer_HV_LV_VE 402 Heizung + Kaelte_260713.x83
28;Leistung wie zuletzt in vollem Wortlaut, jedoch;6,0;St;gaeb;leistungsbeschreibungen/Wup_Barmer_HV_LV_VE 402 Heizung + Kaelte_260713.x83
29;Leistung wie zuletzt in vollem Wortlaut, jedoch;4,0;St;gaeb;leistungsbeschreibungen/Wup_Barmer_HV_LV_VE 402 Heizung + Kaelte_260713.x83
30;Leistung wie zuletzt in vollem Wortlaut, jedoch;4,0;St;gaeb;leistungsbeschreibungen/Wup_Barmer_HV_LV_VE 402 Heizung + Kaelte_260713.x83
31;Leistung wie zuletzt in vollem Wortlaut, jedoch;2,0;St;gaeb;leistungsbeschreibungen/Wup_Barmer_HV_LV_VE 402 Heizung + Kaelte_260713.x83
32;Leistung wie zuletzt in vollem Wortlaut, jedoch;2,0;St;gaeb;leistungsbeschreibungen/Wup_Barmer_HV_LV_VE 402 Heizung + Kaelte_260713.x83
33;Leistung wie zuletzt in vollem Wortlaut, jedoch;2,0;St;gaeb;leistungsbeschreibungen/Wup_Barmer_HV_LV_VE 402 Heizung + Kaelte_260713.x83
34;Leistung wie zuletzt in vollem Wortlaut, jedoch;1,0;St;gaeb;leistungsbeschreibungen/Wup_Barmer_HV_LV_VE 402 Heizung + Kaelte_260713.x83
35;Leistung wie zuletzt in vollem Wortlaut, jedoch;3,0;St;gaeb;leistungsbeschreibungen/Wup_Barmer_HV_LV_VE 402 Heizung + Kaelte_260713.x83
36;Leistung wie zuletzt in vollem Wortlaut, jedoch;16,0;St;gaeb;leistungsbeschreibungen/Wup_Barmer_HV_LV_VE 402 Heizung + Kaelte_260713.x83
37;Leistung wie zuletzt in vollem Wortlaut, jedoch;10,0;St;gaeb;leistungsbeschreibungen/Wup_Barmer_HV_LV_VE 402 Heizung + Kaelte_260713.x83
38;Leistung wie zuletzt in vollem Wortlaut, jedoch;20,0;St;gaeb;leistungsbeschreibungen/Wup_Barmer_HV_LV_VE 402 Heizung + Kaelte_260713.x83
39;Leistung wie zuletzt in vollem Wortlaut, jedoch;28,0;St;gaeb;leistungsbeschreibungen/Wup_Barmer_HV_LV_VE 402 Heizung + Kaelte_260713.x83
40;Leistung wie zuletzt in vollem Wortlaut, jedoch;5,0;St;gaeb;leistungsbeschreibungen/Wup_Barmer_HV_LV_VE 402 Heizung + Kaelte_260713.x83
41;Leistung wie zuletzt in vollem Wortlaut, jedoch;5,0;St;gaeb;leistungsbeschreibungen/Wup_Barmer_HV_LV_VE 402 Heizung + Kaelte_260713.x83
42;Leistung wie zuletzt in vollem Wortlaut, jedoch;5,0;St;gaeb;leistungsbeschreibungen/Wup_Barmer_HV_LV_VE 402 Heizung + Kaelte_260713.x83
43;Leistung wie zuletzt in vollem Wortlaut, jedoch;5,0;St;gaeb;leistungsbeschreibungen/Wup_Barmer_HV_LV_VE 402 Heizung + Kaelte_260713.x83
44;Leistung wie zuletzt in vollem Wortlaut, jedoch;5,0;St;gaeb;leistungsbeschreibungen/Wup_Barmer_HV_LV_VE 402 Heizung + Kaelte_260713.x83
45;Leistung wie zuletzt in vollem Wortlaut, jedoch;5,0;St;gaeb;leistungsbeschreibungen/Wup_Barmer_HV_LV_VE 402 Heizung + Kaelte_260713.x83
46;Leistung wie zuletzt in vollem Wortlaut, jedoch;4,0;St;gaeb;leistungsbeschreibungen/Wup_Barmer_HV_LV_VE 402 Heizung + Kaelte_260713.x83
47;Leistung wie zuletzt in vollem Wortlaut, jedoch;4,0;St;gaeb;leistungsbeschreibungen/Wup_Barmer_HV_LV_VE 402 Heizung + Kaelte_260713.x83
48;Leistung wie zuletzt in vollem Wortlaut, jedoch;4,0;St;gaeb;leistungsbeschreibungen/Wup_Barmer_HV_LV_VE 402 Heizung + Kaelte_260713.x83
49;Leistung wie zuletzt in vollem Wortlaut, jedoch;2,0;St;gaeb;leistungsbeschreibungen/Wup_Barmer_HV_LV_VE 402 Heizung + Kaelte_260713.x83
50;Leistung wie zuletzt in vollem Wortlaut, jedoch;2,0;St;gaeb;leistungsbeschreibungen/Wup_Barmer_HV_LV_VE 402 Heizung + Kaelte_260713.x83
51;Leistung wie zuletzt in vollem Wortlaut, jedoch;2,0;St;gaeb;leistungsbeschreibungen/Wup_Barmer_HV_LV_VE 402 Heizung + Kaelte_260713.x83
52;Leistung wie zuletzt in vollem Wortlaut, jedoch;24,0;St;gaeb;leistungsbeschreibungen/Wup_Barmer_HV_LV_VE 402 Heizung + Kaelte_260713.x83
53;Leistung wie zuletzt in vollem Wortlaut, jedoch;30,0;St;gaeb;leistungsbeschreibungen/Wup_Barmer_HV_LV_VE 402 Heizung + Kaelte_260713.x83
54;Leistung wie zuletzt in vollem Wortlaut, jedoch;20,0;St;gaeb;leistungsbeschreibungen/Wup_Barmer_HV_LV_VE 402 Heizung + Kaelte_260713.x83
55;Leistung wie zuletzt in vollem Wortlaut, jedoch;5,0;St;gaeb;leistungsbeschreibungen/Wup_Barmer_HV_LV_VE 402 Heizung + Kaelte_260713.x83
56;Leistung wie zuletzt in vollem Wortlaut, jedoch;5,0;St;gaeb;leistungsbeschreibungen/Wup_Barmer_HV_LV_VE 402 Heizung + Kaelte_260713.x83
57;Leistung wie zuletzt in vollem Wortlaut, jedoch;5,0;St;gaeb;leistungsbeschreibungen/Wup_Barmer_HV_LV_VE 402 Heizung + Kaelte_260713.x83
58;Leistung wie zuletzt in vollem Wortlaut, jedoch;5,0;St;gaeb;leistungsbeschreibungen/Wup_Barmer_HV_LV_VE 402 Heizung + Kaelte_260713.x83
59;Leistung wie zuletzt in vollem Wortlaut, jedoch;2,0;St;gaeb;leistungsbeschreibungen/Wup_Barmer_HV_LV_VE 402 Heizung + Kaelte_260713.x83
60;Leistung wie zuletzt in vollem Wortlaut, jedoch;18,0;St;gaeb;leistungsbeschreibungen/Wup_Barmer_HV_LV_VE 402 Heizung + Kaelte_260713.x83
61;Leistung wie zuletzt in vollem Wortlaut, jedoch;22,0;St;gaeb;leistungsbeschreibungen/Wup_Barmer_HV_LV_VE 402 Heizung + Kaelte_260713.x83
62;Manometer zur Erfassung flüssiger und gasförmiger Mediendrücke, für nicht hochkorrosive oder kristallisierende Stoffe, als Rohrfedermanometer, Gehäuse Stahlblech, schwarz lackiert, Ziffernblatt weiß, schwarz bedruckt nach DIN 16109, Messglied CU-Feder aus CuSn8, weichgelötet, Klasse 1,0, Schutzart I;20,0;St;gaeb;leistungsbeschreibungen/Wup_Barmer_HV_LV_VE 402 Heizung + Kaelte_260713.x83
63;Anwendung:;8,0;St;gaeb;leistungsbeschreibungen/Wup_Barmer_HV_LV_VE 402 Heizung + Kaelte_260713.x83
64;Absorptions-Luftabscheider für geschlossene Warm-/ Kaltwasseranlagen mit max. 130 °C Betriebstemperatur und 10 Bar Betriebsüberdruck, Gehäuse aus Messing, mit Gewinde- und Quetschanschluss, komplett mit PALL-Ringen zur Beruhigung des Wassers und einwandfreiem Entlüftungsablauf über sehr große Kontak;2,0;St;gaeb;leistungsbeschreibungen/Wup_Barmer_HV_LV_VE 402 Heizung + Kaelte_260713.x83
65;Schwimmerentlüfter aus Rotguss, mit dichtschließendem Absperrventil zum Netz, mit angeformtem Luftaustrittsbogen und Luftventil. Temperaturbereich Medium -10°C bis +130°C, Umgebungstemperatur 50°C.;2,0;St;gaeb;leistungsbeschreibungen/Wup_Barmer_HV_LV_VE 402 Heizung + Kaelte_260713.x83
66;Schwimmerentlüfter aus Rotguss, mit dichtschließendem Absperrventil zum Netz, mit angeformtem Luftaustrittsbogen und Luftventil. Temperaturbereich Medium -10°C bis +130°C, Umgebungstemperatur 50°C.;2,0;St;gaeb;leistungsbeschreibungen/Wup_Barmer_HV_LV_VE 402 Heizung + Kaelte_260713.x83
67;Leistung wie zuletzt in vollem Wortlaut, jedoch;10,0;St;gaeb;leistungsbeschreibungen/Wup_Barmer_HV_LV_VE 402 Heizung + Kaelte_260713.x83
68;Leistung wie zuletzt in vollem Wortlaut, jedoch;2,0;St;gaeb;leistungsbeschreibungen/Wup_Barmer_HV_LV_VE 402 Heizung + Kaelte_260713.x83
69;Leistung wie zuletzt in vollem Wortlaut, jedoch;12,0;St;gaeb;leistungsbeschreibungen/Wup_Barmer_HV_LV_VE 402 Heizung + Kaelte_260713.x83
70;Leistung wie zuletzt in vollem Wortlaut, jedoch;4,0;St;gaeb;leistungsbeschreibungen/Wup_Barmer_HV_LV_VE 402 Heizung + Kaelte_260713.x83
1;Leistung wie zuletzt in vollem Wortlaut, jedoch;30,0;lfdm;gaeb;leistungsbeschreibungen/Wup_Barmer_HV_LV_VE 402 Heizung + Kaelte_260713.x83
2;Leistung wie zuletzt in vollem Wortlaut, jedoch;30,0;lfdm;gaeb;leistungsbeschreibungen/Wup_Barmer_HV_LV_VE 402 Heizung + Kaelte_260713.x83
3;Leistung wie zuletzt in vollem Wortlaut, jedoch;30,0;lfdm;gaeb;leistungsbeschreibungen/Wup_Barmer_HV_LV_VE 402 Heizung + Kaelte_260713.x83
4;Leistung wie zuletzt in vollem Wortlaut, jedoch;30,0;lfdm;gaeb;leistungsbeschreibungen/Wup_Barmer_HV_LV_VE 402 Heizung + Kaelte_260713.x83
5;Leistung wie zuletzt in vollem Wortlaut, jedoch;30,0;lfdm;gaeb;leistungsbeschreibungen/Wup_Barmer_HV_LV_VE 402 Heizung + Kaelte_260713.x83
6;Leistung wie zuletzt in vollem Wortlaut, jedoch;30,0;lfdm;gaeb;leistungsbeschreibungen/Wup_Barmer_HV_LV_VE 402 Heizung + Kaelte_260713.x83
1;Leistung wie zuletzt in vollem Wortlaut, jedoch;95,0;lfdm;gaeb;leistungsbeschreibungen/Wup_Barmer_HV_LV_VE 402 Heizung + Kaelte_260713.x83
2;Leistung wie zuletzt in vollem Wortlaut, jedoch;25,0;lfdm;gaeb;leistungsbeschreibungen/Wup_Barmer_HV_LV_VE 402 Heizung + Kaelte_260713.x83
3;Leistung wie zuletzt in vollem Wortlaut, jedoch;30,0;lfdm;gaeb;leistungsbeschreibungen/Wup_Barmer_HV_LV_VE 402 Heizung + Kaelte_260713.x83
4;Leistung wie zuletzt in vollem Wortlaut, jedoch;30,0;lfdm;gaeb;leistungsbeschreibungen/Wup_Barmer_HV_LV_VE 402 Heizung + Kaelte_260713.x83
5;Leistung wie zuletzt in vollem Wortlaut, jedoch;430,0;lfdm;gaeb;leistungsbeschreibungen/Wup_Barmer_HV_LV_VE 402 Heizung + Kaelte_260713.x83
6;Leistung wie zuletzt in vollem Wortlaut, jedoch;100,0;lfdm;gaeb;leistungsbeschreibungen/Wup_Barmer_HV_LV_VE 402 Heizung + Kaelte_260713.x83
7;Leistung wie zuletzt in vollem Wortlaut, jedoch;400,0;lfdm;gaeb;leistungsbeschreibungen/Wup_Barmer_HV_LV_VE 402 Heizung + Kaelte_260713.x83
8;Leistung wie zuletzt in vollem Wortlaut, jedoch;400,0;lfdm;gaeb;leistungsbeschreibungen/Wup_Barmer_HV_LV_VE 402 Heizung + Kaelte_260713.x83
9;Leistung wie zuletzt in vollem Wortlaut, jedoch;150,0;lfdm;gaeb;leistungsbeschreibungen/Wup_Barmer_HV_LV_VE 402 Heizung + Kaelte_260713.x83
10;Leistung wie zuletzt in vollem Wortlaut, jedoch;50,0;lfdm;gaeb;leistungsbeschreibungen/Wup_Barmer_HV_LV_VE 402 Heizung + Kaelte_260713.x83
11;Leistung wie zuletzt in vollem Wortlaut, jedoch;360,0;lfdm;gaeb;leistungsbeschreibungen/Wup_Barmer_HV_LV_VE 402 Heizung + Kaelte_260713.x83
12;Leistung wie zuletzt in vollem Wortlaut, jedoch;260,0;lfdm;gaeb;leistungsbeschreibungen/Wup_Barmer_HV_LV_VE 402 Heizung + Kaelte_260713.x83
1;Leistung wie zuletzt in vollem Wortlaut, jedoch als Zulage für Bögen bis 90 °,;80,0;St;gaeb;leistungsbeschreibungen/Wup_Barmer_HV_LV_VE 402 Heizung + Kaelte_260713.x83
2;Leistung wie zuletzt in vollem Wortlaut, jedoch als Zulage für Bögen bis 90 °,;15,0;St;gaeb;leistungsbeschreibungen/Wup_Barmer_HV_LV_VE 402 Heizung + Kaelte_260713.x83
3;Leistung wie zuletzt in vollem Wortlaut, jedoch als Zulage für Bögen bis 90 °,;25,0;St;gaeb;leistungsbeschreibungen/Wup_Barmer_HV_LV_VE 402 Heizung + Kaelte_260713.x83
4;Leistung wie zuletzt in vollem Wortlaut, jedoch als Zulage für Bögen bis 90 °,;10,0;St;gaeb;leistungsbeschreibungen/Wup_Barmer_HV_LV_VE 402 Heizung + Kaelte_260713.x83
5;Leistung wie zuletzt in vollem Wortlaut, jedoch als Zulage für Bögen bis 90 °,;445,0;St;gaeb;leistungsbeschreibungen/Wup_Barmer_HV_LV_VE 402 Heizung + Kaelte_260713.x83
6;Leistung wie zuletzt in vollem Wortlaut, jedoch als Zulage für Bögen bis 90 °,;20,0;St;gaeb;leistungsbeschreibungen/Wup_Barmer_HV_LV_VE 402 Heizung + Kaelte_260713.x83
7;Leistung wie zuletzt in vollem Wortlaut, jedoch als Zulage für Bögen bis 90 °,;60,0;St;gaeb;leistungsbeschreibungen/Wup_Barmer_HV_LV_VE 402 Heizung + Kaelte_260713.x83
8;Leistung wie zuletzt in vollem Wortlaut, jedoch als Zulage für Bögen bis 90 °,;120,0;St;gaeb;leistungsbeschreibungen/Wup_Barmer_HV_LV_VE 402 Heizung + Kaelte_260713.x83
9;Leistung wie zuletzt in vollem Wortlaut, jedoch als Zulage für Bögen bis 90 °,;90,0;St;gaeb;leistungsbeschreibungen/Wup_Barmer_HV_LV_VE 402 Heizung + Kaelte_260713.x83
10;Leistung wie zuletzt in vollem Wortlaut, jedoch als Zulage für Bögen bis 90 °,;20,0;St;gaeb;leistungsbeschreibungen/Wup_Barmer_HV_LV_VE 402 Heizung + Kaelte_260713.x83
11;Leistung wie zuletzt in vollem Wortlaut, jedoch als Zulage für Bögen bis 90 °,;155,0;St;gaeb;leistungsbeschreibungen/Wup_Barmer_HV_LV_VE 402 Heizung + Kaelte_260713.x83
12;Leistung wie zuletzt in vollem Wortlaut, jedoch als Zulage für Bögen bis 90 °,;75,0;St;gaeb;leistungsbeschreibungen/Wup_Barmer_HV_LV_VE 402 Heizung + Kaelte_260713.x83
13;Leistung wie zuletzt in vollem Wortlaut, jedoch;40,0;St;gaeb;leistungsbeschreibungen/Wup_Barmer_HV_LV_VE 402 Heizung + Kaelte_260713.x83
14;Leistung wie zuletzt in vollem Wortlaut, jedoch;480,0;St;gaeb;leistungsbeschreibungen/Wup_Barmer_HV_LV_VE 402 Heizung + Kaelte_260713.x83
15;Leistung wie zuletzt in vollem Wortlaut, jedoch;55,0;St;gaeb;leistungsbeschreibungen/Wup_Barmer_HV_LV_VE 402 Heizung + Kaelte_260713.x83
16;Leistung wie zuletzt in vollem Wortlaut, jedoch;10,0;St;gaeb;leistungsbeschreibungen/Wup_Barmer_HV_LV_VE 402 Heizung + Kaelte_260713.x83
17;Leistung wie zuletzt in vollem Wortlaut, jedoch;20,0;St;gaeb;leistungsbeschreibungen/Wup_Barmer_HV_LV_VE 402 Heizung + Kaelte_260713.x83
18;Leistung wie zuletzt in vollem Wortlaut, jedoch;10,0;St;gaeb;leistungsbeschreibungen/Wup_Barmer_HV_LV_VE 402 Heizung + Kaelte_260713.x83
19;Leistung wie zuletzt in vollem Wortlaut, jedoch;90,0;St;gaeb;leistungsbeschreibungen/Wup_Barmer_HV_LV_VE 402 Heizung + Kaelte_260713.x83
20;Leistung wie zuletzt in vollem Wortlaut, jedoch;355,0;St;gaeb;leistungsbeschreibungen/Wup_Barmer_HV_LV_VE 402 Heizung + Kaelte_260713.x83
21;Leistung wie zuletzt in vollem Wortlaut, jedoch;90,0;St;gaeb;leistungsbeschreibungen/Wup_Barmer_HV_LV_VE 402 Heizung + Kaelte_260713.x83
22;Leistung wie zuletzt in vollem Wortlaut, jedoch;20,0;St;gaeb;leistungsbeschreibungen/Wup_Barmer_HV_LV_VE 402 Heizung + Kaelte_260713.x83
23;Leistung wie zuletzt in vollem Wortlaut, jedoch;40,0;St;gaeb;leistungsbeschreibungen/Wup_Barmer_HV_LV_VE 402 Heizung + Kaelte_260713.x83
24;Leistung wie zuletzt in vollem Wortlaut, jedoch;20,0;St;gaeb;leistungsbeschreibungen/Wup_Barmer_HV_LV_VE 402 Heizung + Kaelte_260713.x83
25;Leistung wie zuletzt in vollem Wortlaut, jedoch;175,0;St;gaeb;leistungsbeschreibungen/Wup_Barmer_HV_LV_VE 402 Heizung + Kaelte_260713.x83
26;Leistung wie zuletzt in vollem Wortlaut, jedoch;250,0;St;gaeb;leistungsbeschreibungen/Wup_Barmer_HV_LV_VE 402 Heizung + Kaelte_260713.x83
27;Leistung wie zuletzt in vollem Wortlaut, jedoch;150,0;St;gaeb;leistungsbeschreibungen/Wup_Barmer_HV_LV_VE 402 Heizung + Kaelte_260713.x83
1;Leistung wie zuletzt in vollem Wortlaut, jedoch;25,0;lfdm;gaeb;leistungsbeschreibungen/Wup_Barmer_HV_LV_VE 402 Heizung + Kaelte_260713.x83
2;Leistung wie zuletzt in vollem Wortlaut, jedoch;10,0;lfdm;gaeb;leistungsbeschreibungen/Wup_Barmer_HV_LV_VE 402 Heizung + Kaelte_260713.x83
3;Leistung wie zuletzt in vollem Wortlaut, jedoch;10,0;lfdm;gaeb;leistungsbeschreibungen/Wup_Barmer_HV_LV_VE 402 Heizung + Kaelte_260713.x83
4;Leistung wie zuletzt in vollem Wortlaut, jedoch;10,0;lfdm;gaeb;leistungsbeschreibungen/Wup_Barmer_HV_LV_VE 402 Heizung + Kaelte_260713.x83
5;Leistung wie zuletzt in vollem Wortlaut, jedoch;50,0;lfdm;gaeb;leistungsbeschreibungen/Wup_Barmer_HV_LV_VE 402 Heizung + Kaelte_260713.x83
6;Leistung wie zuletzt in vollem Wortlaut, jedoch;70,0;lfdm;gaeb;leistungsbeschreibungen/Wup_Barmer_HV_LV_VE 402 Heizung + Kaelte_260713.x83
7;Leistung wie zuletzt in vollem Wortlaut, jedoch;100,0;lfdm;gaeb;leistungsbeschreibungen/Wup_Barmer_HV_LV_VE 402 Heizung + Kaelte_260713.x83
8;Leistung wie zuletzt in vollem Wortlaut, jedoch;100,0;lfdm;gaeb;leistungsbeschreibungen/Wup_Barmer_HV_LV_VE 402 Heizung + Kaelte_260713.x83
9;Leistung wie zuletzt in vollem Wortlaut, jedoch;65,0;lfdm;gaeb;leistungsbeschreibungen/Wup_Barmer_HV_LV_VE 402 Heizung + Kaelte_260713.x83
10;Leistung wie zuletzt in vollem Wortlaut, jedoch;30,0;lfdm;gaeb;leistungsbeschreibungen/Wup_Barmer_HV_LV_VE 402 Heizung + Kaelte_260713.x83
11;Leistung wie zuletzt in vollem Wortlaut, jedoch;150,0;lfdm;gaeb;leistungsbeschreibungen/Wup_Barmer_HV_LV_VE 402 Heizung + Kaelte_260713.x83
12;Leistung wie zuletzt in vollem Wortlaut, jedoch;120,0;lfdm;gaeb;leistungsbeschreibungen/Wup_Barmer_HV_LV_VE 402 Heizung + Kaelte_260713.x83
13;Leistung wie zuletzt in vollem Wortlaut, jedoch;25,0;lfdm;gaeb;leistungsbeschreibungen/Wup_Barmer_HV_LV_VE 402 Heizung + Kaelte_260713.x83
14;Leistung wie zuletzt in vollem Wortlaut, jedoch;5,0;lfdm;gaeb;leistungsbeschreibungen/Wup_Barmer_HV_LV_VE 402 Heizung + Kaelte_260713.x83
15;Leistung wie zuletzt in vollem Wortlaut, jedoch;10,0;lfdm;gaeb;leistungsbeschreibungen/Wup_Barmer_HV_LV_VE 402 Heizung + Kaelte_260713.x83
16;Leistung wie zuletzt in vollem Wortlaut, jedoch;10,0;lfdm;gaeb;leistungsbeschreibungen/Wup_Barmer_HV_LV_VE 402 Heizung + Kaelte_260713.x83
17;Leistung wie zuletzt in vollem Wortlaut, jedoch;350,0;lfdm;gaeb;leistungsbeschreibungen/Wup_Barmer_HV_LV_VE 402 Heizung + Kaelte_260713.x83
18;Leistung wie zuletzt in vollem Wortlaut, jedoch;30,0;lfdm;gaeb;leistungsbeschreibungen/Wup_Barmer_HV_LV_VE 402 Heizung + Kaelte_260713.x83
19;Leistung wie zuletzt in vollem Wortlaut, jedoch;275,0;lfdm;gaeb;leistungsbeschreibungen/Wup_Barmer_HV_LV_VE 402 Heizung + Kaelte_260713.x83
20;Leistung wie zuletzt in vollem Wortlaut, jedoch;275,0;lfdm;gaeb;leistungsbeschreibungen/Wup_Barmer_HV_LV_VE 402 Heizung + Kaelte_260713.x83
21;Leistung wie zuletzt in vollem Wortlaut, jedoch;35,0;lfdm;gaeb;leistungsbeschreibungen/Wup_Barmer_HV_LV_VE 402 Heizung + Kaelte_260713.x83
22;Leistung wie zuletzt in vollem Wortlaut, jedoch;40,0;lfdm;gaeb;leistungsbeschreibungen/Wup_Barmer_HV_LV_VE 402 Heizung + Kaelte_260713.x83
23;Leistung wie zuletzt in vollem Wortlaut, jedoch;175,0;lfdm;gaeb;leistungsbeschreibungen/Wup_Barmer_HV_LV_VE 402 Heizung + Kaelte_260713.x83
24;Leistung wie zuletzt in vollem Wortlaut, jedoch;80,0;lfdm;gaeb;leistungsbeschreibungen/Wup_Barmer_HV_LV_VE 402 Heizung + Kaelte_260713.x83
1;Leistung wie zuletzt in vollem Wortlaut, jedoch als Zulage für Bögen bis 90 °,;20,0;St;gaeb;leistungsbeschreibungen/Wup_Barmer_HV_LV_VE 402 Heizung + Kaelte_260713.x83
2;Leistung wie zuletzt in vollem Wortlaut, jedoch als Zulage für Bögen bis 90 °,;10,0;St;gaeb;leistungsbeschreibungen/Wup_Barmer_HV_LV_VE 402 Heizung + Kaelte_260713.x83
3;Leistung wie zuletzt in vollem Wortlaut, jedoch als Zulage für Bögen bis 90 °,;10,0;St;gaeb;leistungsbeschreibungen/Wup_Barmer_HV_LV_VE 402 Heizung + Kaelte_260713.x83
4;Leistung wie zuletzt in vollem Wortlaut, jedoch als Zulage für Bögen bis 90 °,;5,0;St;gaeb;leistungsbeschreibungen/Wup_Barmer_HV_LV_VE 402 Heizung + Kaelte_260713.x83
5;Leistung wie zuletzt in vollem Wortlaut, jedoch als Zulage für Bögen bis 90 °,;25,0;St;gaeb;leistungsbeschreibungen/Wup_Barmer_HV_LV_VE 402 Heizung + Kaelte_260713.x83
6;Leistung wie zuletzt in vollem Wortlaut, jedoch als Zulage für Bögen bis 90 °,;15,0;St;gaeb;leistungsbeschreibungen/Wup_Barmer_HV_LV_VE 402 Heizung + Kaelte_260713.x83
7;Leistung wie zuletzt in vollem Wortlaut, jedoch als Zulage für Bögen bis 90 °,;16,0;St;gaeb;leistungsbeschreibungen/Wup_Barmer_HV_LV_VE 402 Heizung + Kaelte_260713.x83
8;Leistung wie zuletzt in vollem Wortlaut, jedoch als Zulage für Bögen bis 90 °,;35,0;St;gaeb;leistungsbeschreibungen/Wup_Barmer_HV_LV_VE 402 Heizung + Kaelte_260713.x83
9;Leistung wie zuletzt in vollem Wortlaut, jedoch als Zulage für Bögen bis 90 °,;60,0;St;gaeb;leistungsbeschreibungen/Wup_Barmer_HV_LV_VE 402 Heizung + Kaelte_260713.x83
10;Leistung wie zuletzt in vollem Wortlaut, jedoch als Zulage für Bögen bis 90 °,;10,0;St;gaeb;leistungsbeschreibungen/Wup_Barmer_HV_LV_VE 402 Heizung + Kaelte_260713.x83
11;Leistung wie zuletzt in vollem Wortlaut, jedoch als Zulage für Bögen bis 90 °,;75,0;St;gaeb;leistungsbeschreibungen/Wup_Barmer_HV_LV_VE 402 Heizung + Kaelte_260713.x83
12;Leistung wie zuletzt in vollem Wortlaut, jedoch als Zulage für Bögen bis 90 °,;50,0;St;gaeb;leistungsbeschreibungen/Wup_Barmer_HV_LV_VE 402 Heizung + Kaelte_260713.x83
13;Leistung wie zuletzt in vollem Wortlaut, jedoch;25,0;St;gaeb;leistungsbeschreibungen/Wup_Barmer_HV_LV_VE 402 Heizung + Kaelte_260713.x83
14;Leistung wie zuletzt in vollem Wortlaut, jedoch;190,0;St;gaeb;leistungsbeschreibungen/Wup_Barmer_HV_LV_VE 402 Heizung + Kaelte_260713.x83
15;Leistung wie zuletzt in vollem Wortlaut, jedoch;35,0;St;gaeb;leistungsbeschreibungen/Wup_Barmer_HV_LV_VE 402 Heizung + Kaelte_260713.x83
16;Leistung wie zuletzt in vollem Wortlaut, jedoch;5,0;St;gaeb;leistungsbeschreibungen/Wup_Barmer_HV_LV_VE 402 Heizung + Kaelte_260713.x83
17;Leistung wie zuletzt in vollem Wortlaut, jedoch;10,0;St;gaeb;leistungsbeschreibungen/Wup_Barmer_HV_LV_VE 402 Heizung + Kaelte_260713.x83
18;Leistung wie zuletzt in vollem Wortlaut, jedoch;5,0;St;gaeb;leistungsbeschreibungen/Wup_Barmer_HV_LV_VE 402 Heizung + Kaelte_260713.x83
19;Leistung wie zuletzt in vollem Wortlaut, jedoch;50,0;St;gaeb;leistungsbeschreibungen/Wup_Barmer_HV_LV_VE 402 Heizung + Kaelte_260713.x83
20;Leistung wie zuletzt in vollem Wortlaut, jedoch;145,0;St;gaeb;leistungsbeschreibungen/Wup_Barmer_HV_LV_VE 402 Heizung + Kaelte_260713.x83
21;Leistung wie zuletzt in vollem Wortlaut, jedoch;55,0;St;gaeb;leistungsbeschreibungen/Wup_Barmer_HV_LV_VE 402 Heizung + Kaelte_260713.x83
22;Leistung wie zuletzt in vollem Wortlaut, jedoch;10,0;St;gaeb;leistungsbeschreibungen/Wup_Barmer_HV_LV_VE 402 Heizung + Kaelte_260713.x83
23;Leistung wie zuletzt in vollem Wortlaut, jedoch;20,0;St;gaeb;leistungsbeschreibungen/Wup_Barmer_HV_LV_VE 402 Heizung + Kaelte_260713.x83
24;Leistung wie zuletzt in vollem Wortlaut, jedoch;25,0;St;gaeb;leistungsbeschreibungen/Wup_Barmer_HV_LV_VE 402 Heizung + Kaelte_260713.x83
25;Leistung wie zuletzt in vollem Wortlaut, jedoch;90,0;St;gaeb;leistungsbeschreibungen/Wup_Barmer_HV_LV_VE 402 Heizung + Kaelte_260713.x83
26;Leistung wie zuletzt in vollem Wortlaut, jedoch;10,0;St;gaeb;leistungsbeschreibungen/Wup_Barmer_HV_LV_VE 402 Heizung + Kaelte_260713.x83
27;Leistung wie zuletzt in vollem Wortlaut, jedoch;90,0;St;gaeb;leistungsbeschreibungen/Wup_Barmer_HV_LV_VE 402 Heizung + Kaelte_260713.x83
28;Leistung wie zuletzt in vollem Wortlaut, jedoch als Zulage für Bögen bis 90 °,;20,0;St;gaeb;leistungsbeschreibungen/Wup_Barmer_HV_LV_VE 402 Heizung + Kaelte_260713.x83
29;Leistung wie zuletzt in vollem Wortlaut, jedoch als Zulage für Bögen bis 90 °,;5,0;St;gaeb;leistungsbeschreibungen/Wup_Barmer_HV_LV_VE 402 Heizung + Kaelte_260713.x83
30;Leistung wie zuletzt in vollem Wortlaut, jedoch als Zulage für Bögen bis 90 °,;10,0;St;gaeb;leistungsbeschreibungen/Wup_Barmer_HV_LV_VE 402 Heizung + Kaelte_260713.x83
31;Leistung wie zuletzt in vollem Wortlaut, jedoch als Zulage für Bögen bis 90 °,;5,0;St;gaeb;leistungsbeschreibungen/Wup_Barmer_HV_LV_VE 402 Heizung + Kaelte_260713.x83
32;Leistung wie zuletzt in vollem Wortlaut, jedoch als Zulage für Bögen bis 90 °,;420,0;St;gaeb;leistungsbeschreibungen/Wup_Barmer_HV_LV_VE 402 Heizung + Kaelte_260713.x83
33;Leistung wie zuletzt in vollem Wortlaut, jedoch als Zulage für Bögen bis 90 °,;10,0;St;gaeb;leistungsbeschreibungen/Wup_Barmer_HV_LV_VE 402 Heizung + Kaelte_260713.x83
34;Leistung wie zuletzt in vollem Wortlaut, jedoch als Zulage für Bögen bis 90 °,;50,0;St;gaeb;leistungsbeschreibungen/Wup_Barmer_HV_LV_VE 402 Heizung + Kaelte_260713.x83
35;Leistung wie zuletzt in vollem Wortlaut, jedoch als Zulage für Bögen bis 90 °,;90,0;St;gaeb;leistungsbeschreibungen/Wup_Barmer_HV_LV_VE 402 Heizung + Kaelte_260713.x83
36;Leistung wie zuletzt in vollem Wortlaut, jedoch als Zulage für Bögen bis 90 °,;35,0;St;gaeb;leistungsbeschreibungen/Wup_Barmer_HV_LV_VE 402 Heizung + Kaelte_260713.x83
37;Leistung wie zuletzt in vollem Wortlaut, jedoch als Zulage für Bögen bis 90 °,;15,0;St;gaeb;leistungsbeschreibungen/Wup_Barmer_HV_LV_VE 402 Heizung + Kaelte_260713.x83
38;Leistung wie zuletzt in vollem Wortlaut, jedoch als Zulage für Bögen bis 90 °,;85,0;St;gaeb;leistungsbeschreibungen/Wup_Barmer_HV_LV_VE 402 Heizung + Kaelte_260713.x83
39;Leistung wie zuletzt in vollem Wortlaut, jedoch als Zulage für Bögen bis 90 °,;30,0;St;gaeb;leistungsbeschreibungen/Wup_Barmer_HV_LV_VE 402 Heizung + Kaelte_260713.x83
40;Leistung wie zuletzt in vollem Wortlaut, jedoch;20,0;St;gaeb;leistungsbeschreibungen/Wup_Barmer_HV_LV_VE 402 Heizung + Kaelte_260713.x83
41;Leistung wie zuletzt in vollem Wortlaut, jedoch;300,0;St;gaeb;leistungsbeschreibungen/Wup_Barmer_HV_LV_VE 402 Heizung + Kaelte_260713.x83
42;Leistung wie zuletzt in vollem Wortlaut, jedoch;25,0;St;gaeb;leistungsbeschreibungen/Wup_Barmer_HV_LV_VE 402 Heizung + Kaelte_260713.x83
43;Leistung wie zuletzt in vollem Wortlaut, jedoch;5,0;St;gaeb;leistungsbeschreibungen/Wup_Barmer_HV_LV_VE 402 Heizung + Kaelte_260713.x83
44;Leistung wie zuletzt in vollem Wortlaut, jedoch;15,0;St;gaeb;leistungsbeschreibungen/Wup_Barmer_HV_LV_VE 402 Heizung + Kaelte_260713.x83
45;Leistung wie zuletzt in vollem Wortlaut, jedoch;5,0;St;gaeb;leistungsbeschreibungen/Wup_Barmer_HV_LV_VE 402 Heizung + Kaelte_260713.x83
46;Leistung wie zuletzt in vollem Wortlaut, jedoch;50,0;St;gaeb;leistungsbeschreibungen/Wup_Barmer_HV_LV_VE 402 Heizung + Kaelte_260713.x83
47;Leistung wie zuletzt in vollem Wortlaut, jedoch;215,0;St;gaeb;leistungsbeschreibungen/Wup_Barmer_HV_LV_VE 402 Heizung + Kaelte_260713.x83
48;Leistung wie zuletzt in vollem Wortlaut, jedoch;40,0;St;gaeb;leistungsbeschreibungen/Wup_Barmer_HV_LV_VE 402 Heizung + Kaelte_260713.x83
49;Leistung wie zuletzt in vollem Wortlaut, jedoch;10,0;St;gaeb;leistungsbeschreibungen/Wup_Barmer_HV_LV_VE 402 Heizung + Kaelte_260713.x83
50;Leistung wie zuletzt in vollem Wortlaut, jedoch;25,0;St;gaeb;leistungsbeschreibungen/Wup_Barmer_HV_LV_VE 402 Heizung + Kaelte_260713.x83
51;Leistung wie zuletzt in vollem Wortlaut, jedoch;10,0;St;gaeb;leistungsbeschreibungen/Wup_Barmer_HV_LV_VE 402 Heizung + Kaelte_260713.x83
52;Leistung wie zuletzt in vollem Wortlaut, jedoch;90,0;St;gaeb;leistungsbeschreibungen/Wup_Barmer_HV_LV_VE 402 Heizung + Kaelte_260713.x83
53;Leistung wie zuletzt in vollem Wortlaut, jedoch;15,0;St;gaeb;leistungsbeschreibungen/Wup_Barmer_HV_LV_VE 402 Heizung + Kaelte_260713.x83
54;Leistung wie zuletzt in vollem Wortlaut, jedoch;60,0;St;gaeb;leistungsbeschreibungen/Wup_Barmer_HV_LV_VE 402 Heizung + Kaelte_260713.x83
1;Leistung wie zuletzt in vollem Wortlaut, jedoch;350,0;lfdm;gaeb;leistungsbeschreibungen/Wup_Barmer_HV_LV_VE 402 Heizung + Kaelte_260713.x83
2;Leistung wie zuletzt in vollem Wortlaut, jedoch;25,0;lfdm;gaeb;leistungsbeschreibungen/Wup_Barmer_HV_LV_VE 402 Heizung + Kaelte_260713.x83
3;Leistung wie zuletzt in vollem Wortlaut, jedoch;50,0;lfdm;gaeb;leistungsbeschreibungen/Wup_Barmer_HV_LV_VE 402 Heizung + Kaelte_260713.x83
1;Leistung wie zuletzt in vollem Wortlaut, jedoch als Zulage für Bögen bis 90 °,;320,0;St;gaeb;leistungsbeschreibungen/Wup_Barmer_HV_LV_VE 402 Heizung + Kaelte_260713.x83
2;Leistung wie zuletzt in vollem Wortlaut, jedoch als Zulage für Bögen bis 90 °,;15,0;St;gaeb;leistungsbeschreibungen/Wup_Barmer_HV_LV_VE 402 Heizung + Kaelte_260713.x83
3;Leistung wie zuletzt in vollem Wortlaut, jedoch als Zulage für Bögen bis 90 °,;20,0;St;gaeb;leistungsbeschreibungen/Wup_Barmer_HV_LV_VE 402 Heizung + Kaelte_260713.x83
4;Leistung wie zuletzt in vollem Wortlaut, jedoch;70,0;St;gaeb;leistungsbeschreibungen/Wup_Barmer_HV_LV_VE 402 Heizung + Kaelte_260713.x83
5;Leistung wie zuletzt in vollem Wortlaut, jedoch;20,0;St;gaeb;leistungsbeschreibungen/Wup_Barmer_HV_LV_VE 402 Heizung + Kaelte_260713.x83
6;Leistung wie zuletzt in vollem Wortlaut, jedoch;20,0;St;gaeb;leistungsbeschreibungen/Wup_Barmer_HV_LV_VE 402 Heizung + Kaelte_260713.x83
7;Leistung wie zuletzt in vollem Wortlaut, jedoch;20,0;St;gaeb;leistungsbeschreibungen/Wup_Barmer_HV_LV_VE 402 Heizung + Kaelte_260713.x83
8;Leistung wie zuletzt in vollem Wortlaut, jedoch;35,0;St;gaeb;leistungsbeschreibungen/Wup_Barmer_HV_LV_VE 402 Heizung + Kaelte_260713.x83
1;Leistung wie zuletzt in vollem Wortlaut, jedoch;60,0;lfdm;gaeb;leistungsbeschreibungen/Wup_Barmer_HV_LV_VE 402 Heizung + Kaelte_260713.x83
2;Leistung wie zuletzt in vollem Wortlaut, jedoch;20,0;lfdm;gaeb;leistungsbeschreibungen/Wup_Barmer_HV_LV_VE 402 Heizung + Kaelte_260713.x83
3;Leistung wie zuletzt in vollem Wortlaut, jedoch;25,0;lfdm;gaeb;leistungsbeschreibungen/Wup_Barmer_HV_LV_VE 402 Heizung + Kaelte_260713.x83
1;Leistung wie zuletzt in vollem Wortlaut, jedoch als Zulage für Bögen bis 90 °,;75,0;St;gaeb;leistungsbeschreibungen/Wup_Barmer_HV_LV_VE 402 Heizung + Kaelte_260713.x83
2;Leistung wie zuletzt in vollem Wortlaut, jedoch als Zulage für Bögen bis 90 °,;10,0;St;gaeb;leistungsbeschreibungen/Wup_Barmer_HV_LV_VE 402 Heizung + Kaelte_260713.x83
3;Leistung wie zuletzt in vollem Wortlaut, jedoch als Zulage für Bögen bis 90 °,;15,0;St;gaeb;leistungsbeschreibungen/Wup_Barmer_HV_LV_VE 402 Heizung + Kaelte_260713.x83
4;Leistung wie zuletzt in vollem Wortlaut, jedoch;10,0;St;gaeb;leistungsbeschreibungen/Wup_Barmer_HV_LV_VE 402 Heizung + Kaelte_260713.x83
5;Leistung wie zuletzt in vollem Wortlaut, jedoch;5,0;St;gaeb;leistungsbeschreibungen/Wup_Barmer_HV_LV_VE 402 Heizung + Kaelte_260713.x83
6;Leistung wie zuletzt in vollem Wortlaut, jedoch;5,0;St;gaeb;leistungsbeschreibungen/Wup_Barmer_HV_LV_VE 402 Heizung + Kaelte_260713.x83
7;Leistung wie zuletzt in vollem Wortlaut, jedoch;25,0;St;gaeb;leistungsbeschreibungen/Wup_Barmer_HV_LV_VE 402 Heizung + Kaelte_260713.x83
1;Leistung wie zuletzt in vollem Wortlaut, jedoch;35,0;St;gaeb;leistungsbeschreibungen/Wup_Barmer_HV_LV_VE 402 Heizung + Kaelte_260713.x83
2;Leistung wie zuletzt in vollem Wortlaut, jedoch;25,0;St;gaeb;leistungsbeschreibungen/Wup_Barmer_HV_LV_VE 402 Heizung + Kaelte_260713.x83
3;Leistung wie zuletzt in vollem Wortlaut, jedoch;10,0;St;gaeb;leistungsbeschreibungen/Wup_Barmer_HV_LV_VE 402 Heizung + Kaelte_260713.x83
4;Leistung wie zuletzt in vollem Wortlaut, jedoch;5,0;St;gaeb;leistungsbeschreibungen/Wup_Barmer_HV_LV_VE 402 Heizung + Kaelte_260713.x83
5;Leistung wie zuletzt in vollem Wortlaut, jedoch;5,0;St;gaeb;leistungsbeschreibungen/Wup_Barmer_HV_LV_VE 402 Heizung + Kaelte_260713.x83
6;Leistung wie zuletzt in vollem Wortlaut, jedoch;5,0;St;gaeb;leistungsbeschreibungen/Wup_Barmer_HV_LV_VE 402 Heizung + Kaelte_260713.x83
7;Leistung wie zuletzt in vollem Wortlaut, jedoch;10,0;St;gaeb;leistungsbeschreibungen/Wup_Barmer_HV_LV_VE 402 Heizung + Kaelte_260713.x83
8;Leistung wie zuletzt in vollem Wortlaut, jedoch;36,0;St;gaeb;leistungsbeschreibungen/Wup_Barmer_HV_LV_VE 402 Heizung + Kaelte_260713.x83
9;Leistung wie zuletzt in vollem Wortlaut, jedoch;28,0;St;gaeb;leistungsbeschreibungen/Wup_Barmer_HV_LV_VE 402 Heizung + Kaelte_260713.x83
10;Leistung wie zuletzt in vollem Wortlaut, jedoch;8,0;St;gaeb;leistungsbeschreibungen/Wup_Barmer_HV_LV_VE 402 Heizung + Kaelte_260713.x83
11;Leistung wie zuletzt in vollem Wortlaut, jedoch;2,0;St;gaeb;leistungsbeschreibungen/Wup_Barmer_HV_LV_VE 402 Heizung + Kaelte_260713.x83
12;Leistung wie zuletzt in vollem Wortlaut, jedoch;10,0;St;gaeb;leistungsbeschreibungen/Wup_Barmer_HV_LV_VE 402 Heizung + Kaelte_260713.x83
13;Leistung wie zuletzt in vollem Wortlaut, jedoch;8,0;St;gaeb;leistungsbeschreibungen/Wup_Barmer_HV_LV_VE 402 Heizung + Kaelte_260713.x83
14;Leistung wie zuletzt in vollem Wortlaut, jedoch;1,0;St;gaeb;leistungsbeschreibungen/Wup_Barmer_HV_LV_VE 402 Heizung + Kaelte_260713.x83
15;Leistung wie zuletzt in vollem Wortlaut, jedoch;3,0;St;gaeb;leistungsbeschreibungen/Wup_Barmer_HV_LV_VE 402 Heizung + Kaelte_260713.x83
16;Leistung wie zuletzt in vollem Wortlaut, jedoch;2,0;St;gaeb;leistungsbeschreibungen/Wup_Barmer_HV_LV_VE 402 Heizung + Kaelte_260713.x83
17;Leistung wie zuletzt in vollem Wortlaut, jedoch;4,0;St;gaeb;leistungsbeschreibungen/Wup_Barmer_HV_LV_VE 402 Heizung + Kaelte_260713.x83
18;Leistung wie zuletzt in vollem Wortlaut, jedoch;2,0;St;gaeb;leistungsbeschreibungen/Wup_Barmer_HV_LV_VE 402 Heizung + Kaelte_260713.x83
19;Leistung wie zuletzt in vollem Wortlaut, jedoch;2,0;St;gaeb;leistungsbeschreibungen/Wup_Barmer_HV_LV_VE 402 Heizung + Kaelte_260713.x83
20;Leistung wie zuletzt in vollem Wortlaut, jedoch;1,0;St;gaeb;leistungsbeschreibungen/Wup_Barmer_HV_LV_VE 402 Heizung + Kaelte_260713.x83
21;Leistung wie zuletzt in vollem Wortlaut, jedoch;3,0;St;gaeb;leistungsbeschreibungen/Wup_Barmer_HV_LV_VE 402 Heizung + Kaelte_260713.x83
22;Leistung wie zuletzt in vollem Wortlaut, jedoch;30,0;St;gaeb;leistungsbeschreibungen/Wup_Barmer_HV_LV_VE 402 Heizung + Kaelte_260713.x83
23;Leistung wie zuletzt in vollem Wortlaut, jedoch;5,0;St;gaeb;leistungsbeschreibungen/Wup_Barmer_HV_LV_VE 402 Heizung + Kaelte_260713.x83
24;Leistung wie zuletzt in vollem Wortlaut, jedoch;2,0;St;gaeb;leistungsbeschreibungen/Wup_Barmer_HV_LV_VE 402 Heizung + Kaelte_260713.x83
25;Leistung wie zuletzt in vollem Wortlaut, jedoch;4,0;St;gaeb;leistungsbeschreibungen/Wup_Barmer_HV_LV_VE 402 Heizung + Kaelte_260713.x83
26;Leistung wie zuletzt in vollem Wortlaut, jedoch;4,0;St;gaeb;leistungsbeschreibungen/Wup_Barmer_HV_LV_VE 402 Heizung + Kaelte_260713.x83
27;Leistung wie zuletzt in vollem Wortlaut, jedoch;10,0;St;gaeb;leistungsbeschreibungen/Wup_Barmer_HV_LV_VE 402 Heizung + Kaelte_260713.x83
1;Leistung wie zuletzt in vollem Wortlaut, jedoch;70,0;St;gaeb;leistungsbeschreibungen/Wup_Barmer_HV_LV_VE 402 Heizung + Kaelte_260713.x83
2;Leistung wie zuletzt in vollem Wortlaut, jedoch;40,0;St;gaeb;leistungsbeschreibungen/Wup_Barmer_HV_LV_VE 402 Heizung + Kaelte_260713.x83
3;Leistung wie zuletzt in vollem Wortlaut, jedoch;30,0;St;gaeb;leistungsbeschreibungen/Wup_Barmer_HV_LV_VE 402 Heizung + Kaelte_260713.x83
4;Leistung wie zuletzt in vollem Wortlaut, jedoch;1500,0;lfdm;gaeb;leistungsbeschreibungen/Wup_Barmer_HV_LV_VE 402 Heizung + Kaelte_260713.x83
5;Leistung wie zuletzt in vollem Wortlaut, jedoch;40,0;St;gaeb;leistungsbeschreibungen/Wup_Barmer_HV_LV_VE 402 Heizung + Kaelte_260713.x83
6;Leistung wie zuletzt in vollem Wortlaut, jedoch;20,0;St;gaeb;leistungsbeschreibungen/Wup_Barmer_HV_LV_VE 402 Heizung + Kaelte_260713.x83
7;Leistung wie zuletzt in vollem Wortlaut, jedoch;10,0;St;gaeb;leistungsbeschreibungen/Wup_Barmer_HV_LV_VE 402 Heizung + Kaelte_260713.x83
8;Leistung wie zuletzt in vollem Wortlaut, jedoch;500,0;lfdm;gaeb;leistungsbeschreibungen/Wup_Barmer_HV_LV_VE 402 Heizung + Kaelte_260713.x83
9;Leistung wie zuletzt in vollem Wortlaut, jedoch;375,0;St;gaeb;leistungsbeschreibungen/Wup_Barmer_HV_LV_VE 402 Heizung + Kaelte_260713.x83
10;Leistung wie zuletzt in vollem Wortlaut, jedoch;300,0;St;gaeb;leistungsbeschreibungen/Wup_Barmer_HV_LV_VE 402 Heizung + Kaelte_260713.x83
11;Leistung wie zuletzt in vollem Wortlaut, jedoch;130,0;St;gaeb;leistungsbeschreibungen/Wup_Barmer_HV_LV_VE 402 Heizung + Kaelte_260713.x83
12;Leistung wie zuletzt in vollem Wortlaut, jedoch;2250,0;lfdm;gaeb;leistungsbeschreibungen/Wup_Barmer_HV_LV_VE 402 Heizung + Kaelte_260713.x83
13;Leistung wie zuletzt in vollem Wortlaut, jedoch;550,0;lfdm;gaeb;leistungsbeschreibungen/Wup_Barmer_HV_LV_VE 402 Heizung + Kaelte_260713.x83
14;Leistung wie zuletzt in vollem Wortlaut, jedoch;16,0;St;gaeb;leistungsbeschreibungen/Wup_Barmer_HV_LV_VE 402 Heizung + Kaelte_260713.x83
1;Leistung wie zuletzt in vollem Wortlaut, jedoch;5,0;St;gaeb;leistungsbeschreibungen/Wup_Barmer_HV_LV_VE 402 Heizung + Kaelte_260713.x83
2;Leistung wie zuletzt in vollem Wortlaut, jedoch;5,0;St;gaeb;leistungsbeschreibungen/Wup_Barmer_HV_LV_VE 402 Heizung + Kaelte_260713.x83
3;Leistung wie zuletzt in vollem Wortlaut, jedoch;5,0;St;gaeb;leistungsbeschreibungen/Wup_Barmer_HV_LV_VE 402 Heizung + Kaelte_260713.x83
4;Leistung wie zuletzt in vollem Wortlaut, jedoch;5,0;St;gaeb;leistungsbeschreibungen/Wup_Barmer_HV_LV_VE 402 Heizung + Kaelte_260713.x83
5;Leistung wie zuletzt in vollem Wortlaut, jedoch;30,0;St;gaeb;leistungsbeschreibungen/Wup_Barmer_HV_LV_VE 402 Heizung + Kaelte_260713.x83
6;Leistung wie zuletzt in vollem Wortlaut, jedoch;30,0;St;gaeb;leistungsbeschreibungen/Wup_Barmer_HV_LV_VE 402 Heizung + Kaelte_260713.x83
7;Leistung wie zuletzt in vollem Wortlaut, jedoch;35,0;St;gaeb;leistungsbeschreibungen/Wup_Barmer_HV_LV_VE 402 Heizung + Kaelte_260713.x83
8;Leistung wie zuletzt in vollem Wortlaut, jedoch;60,0;St;gaeb;leistungsbeschreibungen/Wup_Barmer_HV_LV_VE 402 Heizung + Kaelte_260713.x83
9;Leistung wie zuletzt in vollem Wortlaut, jedoch;20,0;St;gaeb;leistungsbeschreibungen/Wup_Barmer_HV_LV_VE 402 Heizung + Kaelte_260713.x83
10;Leistung wie zuletzt in vollem Wortlaut, jedoch;5,0;St;gaeb;leistungsbeschreibungen/Wup_Barmer_HV_LV_VE 402 Heizung + Kaelte_260713.x83
11;Leistung wie zuletzt in vollem Wortlaut, jedoch;5,0;St;gaeb;leistungsbeschreibungen/Wup_Barmer_HV_LV_VE 402 Heizung + Kaelte_260713.x83
12;Leistung wie zuletzt in vollem Wortlaut, jedoch;5,0;St;gaeb;leistungsbeschreibungen/Wup_Barmer_HV_LV_VE 402 Heizung + Kaelte_260713.x83
13;Leistung wie zuletzt in vollem Wortlaut, jedoch;45,0;St;gaeb;leistungsbeschreibungen/Wup_Barmer_HV_LV_VE 402 Heizung + Kaelte_260713.x83
14;Leistung wie zuletzt in vollem Wortlaut, jedoch;25,0;St;gaeb;leistungsbeschreibungen/Wup_Barmer_HV_LV_VE 402 Heizung + Kaelte_260713.x83
15;Leistung wie zuletzt in vollem Wortlaut, jedoch;15,0;St;gaeb;leistungsbeschreibungen/Wup_Barmer_HV_LV_VE 402 Heizung + Kaelte_260713.x83
16;Leistung wie zuletzt in vollem Wortlaut, jedoch;35,0;St;gaeb;leistungsbeschreibungen/Wup_Barmer_HV_LV_VE 402 Heizung + Kaelte_260713.x83
17;Leistung wie zuletzt in vollem Wortlaut, jedoch;20,0;St;gaeb;leistungsbeschreibungen/Wup_Barmer_HV_LV_VE 402 Heizung + Kaelte_260713.x83
18;Leistung wie zuletzt in vollem Wortlaut, jedoch;10,0;St;gaeb;leistungsbeschreibungen/Wup_Barmer_HV_LV_VE 402 Heizung + Kaelte_260713.x83
19;Leistung wie zuletzt in vollem Wortlaut, jedoch;5,0;St;gaeb;leistungsbeschreibungen/Wup_Barmer_HV_LV_VE 402 Heizung + Kaelte_260713.x83
20;Leistung wie zuletzt in vollem Wortlaut, jedoch;30,0;St;gaeb;leistungsbeschreibungen/Wup_Barmer_HV_LV_VE 402 Heizung + Kaelte_260713.x83
21;Leistung wie zuletzt in vollem Wortlaut, jedoch;30,0;St;gaeb;leistungsbeschreibungen/Wup_Barmer_HV_LV_VE 402 Heizung + Kaelte_260713.x83
22;Leistung wie zuletzt in vollem Wortlaut, jedoch;35,0;St;gaeb;leistungsbeschreibungen/Wup_Barmer_HV_LV_VE 402 Heizung + Kaelte_260713.x83
23;Leistung wie zuletzt in vollem Wortlaut, jedoch;60,0;St;gaeb;leistungsbeschreibungen/Wup_Barmer_HV_LV_VE 402 Heizung + Kaelte_260713.x83
24;Leistung wie zuletzt in vollem Wortlaut, jedoch;20,0;St;gaeb;leistungsbeschreibungen/Wup_Barmer_HV_LV_VE 402 Heizung + Kaelte_260713.x83
25;Leistung wie zuletzt in vollem Wortlaut, jedoch;5,0;St;gaeb;leistungsbeschreibungen/Wup_Barmer_HV_LV_VE 402 Heizung + Kaelte_260713.x83
26;Leistung wie zuletzt in vollem Wortlaut, jedoch;5,0;St;gaeb;leistungsbeschreibungen/Wup_Barmer_HV_LV_VE 402 Heizung + Kaelte_260713.x83
27;Zulage für das verschließen von Aussparungen mit Brandschutzanforderung an die Querung für das Anbringen eines Ausführungsschildes. Gemäß Zulassungsbescheid muss die Rohrabschottung mit einem Ausführungsschild dauerhaft gekennzeichnet werden. Ausführungsschild beschriften und neben der Rohrabschottu;255,0;St;gaeb;leistungsbeschreibungen/Wup_Barmer_HV_LV_VE 402 Heizung + Kaelte_260713.x83
28;Feuerbeständiger Mörtel auf Zementbasis mit wärmeisolierender Wirkung durch Perlite gemäß Herstellerangabe verarbeiten, Liefermenge 20 kg,;1000,0;kg;gaeb;leistungsbeschreibungen/Wup_Barmer_HV_LV_VE 402 Heizung + Kaelte_260713.x83
1;Leistung wie zuletzt in vollem Wortlaut, jedoch;70,0;St;gaeb;leistungsbeschreibungen/Wup_Barmer_HV_LV_VE 402 Heizung + Kaelte_260713.x83
2;Leistung wie zuletzt in vollem Wortlaut, jedoch;25,0;St;gaeb;leistungsbeschreibungen/Wup_Barmer_HV_LV_VE 402 Heizung + Kaelte_260713.x83
3;Leistung wie zuletzt in vollem Wortlaut, jedoch;25,0;St;gaeb;leistungsbeschreibungen/Wup_Barmer_HV_LV_VE 402 Heizung + Kaelte_260713.x83
4;Leistung wie zuletzt in vollem Wortlaut, jedoch;20,0;St;gaeb;leistungsbeschreibungen/Wup_Barmer_HV_LV_VE 402 Heizung + Kaelte_260713.x83
5;Leistung wie zuletzt in vollem Wortlaut, jedoch;175,0;St;gaeb;leistungsbeschreibungen/Wup_Barmer_HV_LV_VE 402 Heizung + Kaelte_260713.x83
6;Leistung wie zuletzt in vollem Wortlaut, jedoch;40,0;St;gaeb;leistungsbeschreibungen/Wup_Barmer_HV_LV_VE 402 Heizung + Kaelte_260713.x83
7;Leistung wie zuletzt in vollem Wortlaut, jedoch;150,0;St;gaeb;leistungsbeschreibungen/Wup_Barmer_HV_LV_VE 402 Heizung + Kaelte_260713.x83
8;Leistung wie zuletzt in vollem Wortlaut, jedoch;120,0;St;gaeb;leistungsbeschreibungen/Wup_Barmer_HV_LV_VE 402 Heizung + Kaelte_260713.x83
9;Leistung wie zuletzt in vollem Wortlaut, jedoch;50,0;St;gaeb;leistungsbeschreibungen/Wup_Barmer_HV_LV_VE 402 Heizung + Kaelte_260713.x83
10;Leistung wie zuletzt in vollem Wortlaut, jedoch;25,0;St;gaeb;leistungsbeschreibungen/Wup_Barmer_HV_LV_VE 402 Heizung + Kaelte_260713.x83
11;Leistung wie zuletzt in vollem Wortlaut, jedoch;80,0;St;gaeb;leistungsbeschreibungen/Wup_Barmer_HV_LV_VE 402 Heizung + Kaelte_260713.x83
12;Leistung wie zuletzt in vollem Wortlaut, jedoch;65,0;St;gaeb;leistungsbeschreibungen/Wup_Barmer_HV_LV_VE 402 Heizung + Kaelte_260713.x83
13;Leistung wie zuletzt in vollem Wortlaut, jedoch;30,0;St;gaeb;leistungsbeschreibungen/Wup_Barmer_HV_LV_VE 402 Heizung + Kaelte_260713.x83
14;Leistung wie zuletzt in vollem Wortlaut, jedoch;15,0;St;gaeb;leistungsbeschreibungen/Wup_Barmer_HV_LV_VE 402 Heizung + Kaelte_260713.x83
15;Leistung wie zuletzt in vollem Wortlaut, jedoch;15,0;St;gaeb;leistungsbeschreibungen/Wup_Barmer_HV_LV_VE 402 Heizung + Kaelte_260713.x83
16;Leistung wie zuletzt in vollem Wortlaut, jedoch;15,0;St;gaeb;leistungsbeschreibungen/Wup_Barmer_HV_LV_VE 402 Heizung + Kaelte_260713.x83
17;Leistung wie zuletzt in vollem Wortlaut, jedoch;120,0;St;gaeb;leistungsbeschreibungen/Wup_Barmer_HV_LV_VE 402 Heizung + Kaelte_260713.x83
18;Leistung wie zuletzt in vollem Wortlaut, jedoch;30,0;St;gaeb;leistungsbeschreibungen/Wup_Barmer_HV_LV_VE 402 Heizung + Kaelte_260713.x83
19;Leistung wie zuletzt in vollem Wortlaut, jedoch;65,0;St;gaeb;leistungsbeschreibungen/Wup_Barmer_HV_LV_VE 402 Heizung + Kaelte_260713.x83
20;Leistung wie zuletzt in vollem Wortlaut, jedoch;50,0;St;gaeb;leistungsbeschreibungen/Wup_Barmer_HV_LV_VE 402 Heizung + Kaelte_260713.x83
21;Leistung wie zuletzt in vollem Wortlaut, jedoch;25,0;St;gaeb;leistungsbeschreibungen/Wup_Barmer_HV_LV_VE 402 Heizung + Kaelte_260713.x83
22;Leistung wie zuletzt in vollem Wortlaut, jedoch;10,0;St;gaeb;leistungsbeschreibungen/Wup_Barmer_HV_LV_VE 402 Heizung + Kaelte_260713.x83
23;Leistung wie zuletzt in vollem Wortlaut, jedoch;45,0;St;gaeb;leistungsbeschreibungen/Wup_Barmer_HV_LV_VE 402 Heizung + Kaelte_260713.x83
24;Leistung wie zuletzt in vollem Wortlaut, jedoch;30,0;St;gaeb;leistungsbeschreibungen/Wup_Barmer_HV_LV_VE 402 Heizung + Kaelte_260713.x83
25;Leistung wie zuletzt in vollem Wortlaut, jedoch;250,0;lfdm;gaeb;leistungsbeschreibungen/Wup_Barmer_HV_LV_VE 402 Heizung + Kaelte_260713.x83
26;Leistung wie zuletzt in vollem Wortlaut, jedoch;650,0;lfdm;gaeb;leistungsbeschreibungen/Wup_Barmer_HV_LV_VE 402 Heizung + Kaelte_260713.x83
27;Leistung wie zuletzt in vollem Wortlaut, jedoch;25,0;St;gaeb;leistungsbeschreibungen/Wup_Barmer_HV_LV_VE 402 Heizung + Kaelte_260713.x83
28;Leistung wie zuletzt in vollem Wortlaut, jedoch;10,0;St;gaeb;leistungsbeschreibungen/Wup_Barmer_HV_LV_VE 402 Heizung + Kaelte_260713.x83
29;Leistung wie zuletzt in vollem Wortlaut, jedoch;10,0;St;gaeb;leistungsbeschreibungen/Wup_Barmer_HV_LV_VE 402 Heizung + Kaelte_260713.x83
30;Leistung wie zuletzt in vollem Wortlaut, jedoch;10,0;St;gaeb;leistungsbeschreibungen/Wup_Barmer_HV_LV_VE 402 Heizung + Kaelte_260713.x83
31;Leistung wie zuletzt in vollem Wortlaut, jedoch;50,0;St;gaeb;leistungsbeschreibungen/Wup_Barmer_HV_LV_VE 402 Heizung + Kaelte_260713.x83
32;Leistung wie zuletzt in vollem Wortlaut, jedoch;25,0;St;gaeb;leistungsbeschreibungen/Wup_Barmer_HV_LV_VE 402 Heizung + Kaelte_260713.x83
33;Leistung wie zuletzt in vollem Wortlaut, jedoch;40,0;St;gaeb;leistungsbeschreibungen/Wup_Barmer_HV_LV_VE 402 Heizung + Kaelte_260713.x83
34;Leistung wie zuletzt in vollem Wortlaut, jedoch;40,0;St;gaeb;leistungsbeschreibungen/Wup_Barmer_HV_LV_VE 402 Heizung + Kaelte_260713.x83
35;Leistung wie zuletzt in vollem Wortlaut, jedoch;25,0;St;gaeb;leistungsbeschreibungen/Wup_Barmer_HV_LV_VE 402 Heizung + Kaelte_260713.x83
36;Leistung wie zuletzt in vollem Wortlaut, jedoch;10,0;St;gaeb;leistungsbeschreibungen/Wup_Barmer_HV_LV_VE 402 Heizung + Kaelte_260713.x83
37;Leistung wie zuletzt in vollem Wortlaut, jedoch;25,0;St;gaeb;leistungsbeschreibungen/Wup_Barmer_HV_LV_VE 402 Heizung + Kaelte_260713.x83
38;Leistung wie zuletzt in vollem Wortlaut, jedoch;25,0;St;gaeb;leistungsbeschreibungen/Wup_Barmer_HV_LV_VE 402 Heizung + Kaelte_260713.x83
39;Leistung wie zuletzt in vollem Wortlaut, jedoch;400,0;St;gaeb;leistungsbeschreibungen/Wup_Barmer_HV_LV_VE 402 Heizung + Kaelte_260713.x83
40;Leistung wie zuletzt in vollem Wortlaut, jedoch;35,0;St;gaeb;leistungsbeschreibungen/Wup_Barmer_HV_LV_VE 402 Heizung + Kaelte_260713.x83
41;Leistung wie zuletzt in vollem Wortlaut, jedoch;20,0;St;gaeb;leistungsbeschreibungen/Wup_Barmer_HV_LV_VE 402 Heizung + Kaelte_260713.x83
42;Leistung wie zuletzt in vollem Wortlaut, jedoch;50,0;St;gaeb;leistungsbeschreibungen/Wup_Barmer_HV_LV_VE 402 Heizung + Kaelte_260713.x83
43;Leistung wie zuletzt in vollem Wortlaut, jedoch;20,0;St;gaeb;leistungsbeschreibungen/Wup_Barmer_HV_LV_VE 402 Heizung + Kaelte_260713.x83
44;Leistung wie zuletzt in vollem Wortlaut, jedoch;50,0;St;gaeb;leistungsbeschreibungen/Wup_Barmer_HV_LV_VE 402 Heizung + Kaelte_260713.x83
45;Form-/ Hohlprofilstahl nach Angabe der Projektleitung bearbeiten und herstellen von Konstruktionen für Stütz-, Hänge-, Trag- und Sonderauflager aus bandverzinktem Stahl zur Schaffung von Sonderbefestigungen.;1500,0;kg;gaeb;leistungsbeschreibungen/Wup_Barmer_HV_LV_VE 402 Heizung + Kaelte_260713.x83
46;Zuschlag für genannte Sonderbefestigung zur gesamten Bauteillackierung nach Standard-RAL-Ton über das Standard-Programm.;225,0;kg;gaeb;leistungsbeschreibungen/Wup_Barmer_HV_LV_VE 402 Heizung + Kaelte_260713.x83
47;Form-/ Hohlprofilstahl nach Angabe der Projektleitung bearbeiten und herstellen von Konstruktionen für Stütz-, Hänge-, Trag- und Sonderauflager aus feuerverzinktem Stahl zur Schaffung von Sonderbefestigungen.;200,0;kg;gaeb;leistungsbeschreibungen/Wup_Barmer_HV_LV_VE 402 Heizung + Kaelte_260713.x83
48;Formstahl nach Angabe der Bauleitung bearbeitet und herstellen, feuerverzinkt, als Schilderhalter und Schilderleiste.;10,0;lfdm;gaeb;leistungsbeschreibungen/Wup_Barmer_HV_LV_VE 402 Heizung + Kaelte_260713.x83
49;Leistung wie zuletzt in vollem Wortlaut, jedoch;15,0;St;gaeb;leistungsbeschreibungen/Wup_Barmer_HV_LV_VE 402 Heizung + Kaelte_260713.x83
50;Leistung wie zuletzt in vollem Wortlaut, jedoch;5,0;St;gaeb;leistungsbeschreibungen/Wup_Barmer_HV_LV_VE 402 Heizung + Kaelte_260713.x83
51;Leistung wie zuletzt in vollem Wortlaut, jedoch;5,0;St;gaeb;leistungsbeschreibungen/Wup_Barmer_HV_LV_VE 402 Heizung + Kaelte_260713.x83
52;Leistung wie zuletzt in vollem Wortlaut, jedoch;5,0;St;gaeb;leistungsbeschreibungen/Wup_Barmer_HV_LV_VE 402 Heizung + Kaelte_260713.x83
53;Leistung wie zuletzt in vollem Wortlaut, jedoch;10,0;St;gaeb;leistungsbeschreibungen/Wup_Barmer_HV_LV_VE 402 Heizung + Kaelte_260713.x83
54;Leistung wie zuletzt in vollem Wortlaut, jedoch;5,0;St;gaeb;leistungsbeschreibungen/Wup_Barmer_HV_LV_VE 402 Heizung + Kaelte_260713.x83
55;Leistung wie zuletzt in vollem Wortlaut, jedoch;5,0;St;gaeb;leistungsbeschreibungen/Wup_Barmer_HV_LV_VE 402 Heizung + Kaelte_260713.x83
56;Leistung wie zuletzt in vollem Wortlaut, jedoch;30,0;St;gaeb;leistungsbeschreibungen/Wup_Barmer_HV_LV_VE 402 Heizung + Kaelte_260713.x83
57;Leistung wie zuletzt in vollem Wortlaut, jedoch;10,0;St;gaeb;leistungsbeschreibungen/Wup_Barmer_HV_LV_VE 402 Heizung + Kaelte_260713.x83
58;Leistung wie zuletzt in vollem Wortlaut, jedoch;5,0;St;gaeb;leistungsbeschreibungen/Wup_Barmer_HV_LV_VE 402 Heizung + Kaelte_260713.x83
59;Leistung wie zuletzt in vollem Wortlaut, jedoch;6,0;St;gaeb;leistungsbeschreibungen/Wup_Barmer_HV_LV_VE 402 Heizung + Kaelte_260713.x83
60;Leistung wie zuletzt in vollem Wortlaut, jedoch;2,0;St;gaeb;leistungsbeschreibungen/Wup_Barmer_HV_LV_VE 402 Heizung + Kaelte_260713.x83
1;Sockelhalter zur Realisierung von beliebigen Aufbauten mit Montageschienen bis zu einer Breite von 40 mm mit einer Plattenabmessung von 300 mm x 300mm.;45,0;St;gaeb;leistungsbeschreibungen/Wup_Barmer_HV_LV_VE 402 Heizung + Kaelte_260713.x83
2;Fertigkonsole mit aufgeschweißter Zweiloch-Grundplatte zur schnelle Befestigung an Montageschienen bis zu einer Breite von 40 mm, geeignet für die Rohre- und Kanalmontage.;45,0;St;gaeb;leistungsbeschreibungen/Wup_Barmer_HV_LV_VE 402 Heizung + Kaelte_260713.x83
3;Verbinder zur optimierten Befestigung von Rahmenkonstruktionen aus Montagschienen bis 40 mm.;45,0;St;gaeb;leistungsbeschreibungen/Wup_Barmer_HV_LV_VE 402 Heizung + Kaelte_260713.x83
4;Grundplatte mit zentrischem Gewindeanschluss zur Anbindung an Trägerprofile bis zu 80 mm Breite.;45,0;St;gaeb;leistungsbeschreibungen/Wup_Barmer_HV_LV_VE 402 Heizung + Kaelte_260713.x83
5;Leistung wie zuletzt in vollem Wortlaut, jedoch;45,0;St;gaeb;leistungsbeschreibungen/Wup_Barmer_HV_LV_VE 402 Heizung + Kaelte_260713.x83
6;Leistung wie zuletzt in vollem Wortlaut, jedoch;18,0;lfdm;gaeb;leistungsbeschreibungen/Wup_Barmer_HV_LV_VE 402 Heizung + Kaelte_260713.x83
7;Form-/ Hohlprofilstahl nach Angabe der Projektleitung bearbeiten und herstellen von Konstruktionen für Stütz-, Hänge-, Trag- und Sonderauflager aus feuerverzinkter Stahl zur Schaffung von Sonderbefestigungen.;350,0;kg;gaeb;leistungsbeschreibungen/Wup_Barmer_HV_LV_VE 402 Heizung + Kaelte_260713.x83
1;Leistung wie zuletzt in vollem Wortlaut, jedoch;40,0;lfdm;gaeb;leistungsbeschreibungen/Wup_Barmer_HV_LV_VE 402 Heizung + Kaelte_260713.x83
2;Leistung wie zuletzt in vollem Wortlaut, jedoch;15,0;lfdm;gaeb;leistungsbeschreibungen/Wup_Barmer_HV_LV_VE 402 Heizung + Kaelte_260713.x83
3;Leistung wie zuletzt in vollem Wortlaut, jedoch;85,0;lfdm;gaeb;leistungsbeschreibungen/Wup_Barmer_HV_LV_VE 402 Heizung + Kaelte_260713.x83
4;Leistung wie zuletzt in vollem Wortlaut, jedoch;95,0;lfdm;gaeb;leistungsbeschreibungen/Wup_Barmer_HV_LV_VE 402 Heizung + Kaelte_260713.x83
5;Leistung wie zuletzt in vollem Wortlaut, jedoch;25,0;St;gaeb;leistungsbeschreibungen/Wup_Barmer_HV_LV_VE 402 Heizung + Kaelte_260713.x83
6;Leistung wie zuletzt in vollem Wortlaut, jedoch;8,0;St;gaeb;leistungsbeschreibungen/Wup_Barmer_HV_LV_VE 402 Heizung + Kaelte_260713.x83
7;Leistung wie zuletzt in vollem Wortlaut, jedoch;20,0;St;gaeb;leistungsbeschreibungen/Wup_Barmer_HV_LV_VE 402 Heizung + Kaelte_260713.x83
8;Leistung wie zuletzt in vollem Wortlaut, jedoch;10,0;St;gaeb;leistungsbeschreibungen/Wup_Barmer_HV_LV_VE 402 Heizung + Kaelte_260713.x83
9;Leistung wie zuletzt in vollem Wortlaut, jedoch;40,0;lfdm;gaeb;leistungsbeschreibungen/Wup_Barmer_HV_LV_VE 402 Heizung + Kaelte_260713.x83
10;Leistung wie zuletzt in vollem Wortlaut, jedoch;15,0;lfdm;gaeb;leistungsbeschreibungen/Wup_Barmer_HV_LV_VE 402 Heizung + Kaelte_260713.x83
11;Leistung wie zuletzt in vollem Wortlaut, jedoch;85,0;lfdm;gaeb;leistungsbeschreibungen/Wup_Barmer_HV_LV_VE 402 Heizung + Kaelte_260713.x83
12;Leistung wie zuletzt in vollem Wortlaut, jedoch;95,0;lfdm;gaeb;leistungsbeschreibungen/Wup_Barmer_HV_LV_VE 402 Heizung + Kaelte_260713.x83
13;Leistung wie zuletzt in vollem Wortlaut, jedoch;25,0;St;gaeb;leistungsbeschreibungen/Wup_Barmer_HV_LV_VE 402 Heizung + Kaelte_260713.x83
14;Leistung wie zuletzt in vollem Wortlaut, jedoch;8,0;St;gaeb;leistungsbeschreibungen/Wup_Barmer_HV_LV_VE 402 Heizung + Kaelte_260713.x83
15;Leistung wie zuletzt in vollem Wortlaut, jedoch;20,0;St;gaeb;leistungsbeschreibungen/Wup_Barmer_HV_LV_VE 402 Heizung + Kaelte_260713.x83
16;Leistung wie zuletzt in vollem Wortlaut, jedoch;10,0;St;gaeb;leistungsbeschreibungen/Wup_Barmer_HV_LV_VE 402 Heizung + Kaelte_260713.x83
1;Luftdurchströmte Wärmepumpe mit dem Kältemittel R410A.;3,0;St;gaeb;leistungsbeschreibungen/Wup_Barmer_HV_LV_VE 402 Heizung + Kaelte_260713.x83
2;Grundgestell für Außengeräte;3,0;St;gaeb;leistungsbeschreibungen/Wup_Barmer_HV_LV_VE 402 Heizung + Kaelte_260713.x83
3;Wetter-Universalschutzhaube für Außengeräte;3,0;St;gaeb;leistungsbeschreibungen/Wup_Barmer_HV_LV_VE 402 Heizung + Kaelte_260713.x83
4;Wetter-Universalschutzhaube für Außengeräte;3,0;St;gaeb;leistungsbeschreibungen/Wup_Barmer_HV_LV_VE 402 Heizung + Kaelte_260713.x83
5;Split-Inneneinheit als Wandgerät zum Anschluss an R410A Multisplit-Systeme und entsprechende Außengeräte;10,0;St;gaeb;leistungsbeschreibungen/Wup_Barmer_HV_LV_VE 402 Heizung + Kaelte_260713.x83
6;Split-Inneneinheit als Wandgerät zum Anschluss an R410A Multisplit-Systeme und entsprechende Außengeräte;10,0;St;gaeb;leistungsbeschreibungen/Wup_Barmer_HV_LV_VE 402 Heizung + Kaelte_260713.x83
7;Kondensatpumpe für Klima-Innengeräte;2,0;St;gaeb;leistungsbeschreibungen/Wup_Barmer_HV_LV_VE 402 Heizung + Kaelte_260713.x83
8;Abzweig-Bausatz für Multi-Split-Systeme;9,0;St;gaeb;leistungsbeschreibungen/Wup_Barmer_HV_LV_VE 402 Heizung + Kaelte_260713.x83
9;Abzweig-Bausatz für Multi-Split-Systeme;5,0;St;gaeb;leistungsbeschreibungen/Wup_Barmer_HV_LV_VE 402 Heizung + Kaelte_260713.x83
10;Abzweig-Bausatz für Multi-Split-Systeme;3,0;St;gaeb;leistungsbeschreibungen/Wup_Barmer_HV_LV_VE 402 Heizung + Kaelte_260713.x83
11;Zusatzplatine für /Inneneinheiten;20,0;St;gaeb;leistungsbeschreibungen/Wup_Barmer_HV_LV_VE 402 Heizung + Kaelte_260713.x83
12;Installationsbox zur externen Installation von  Zusatzplatinen.;20,0;St;gaeb;leistungsbeschreibungen/Wup_Barmer_HV_LV_VE 402 Heizung + Kaelte_260713.x83
13;Mini-Split-Außeneinheit mit dem Kältemittel R-32;6,0;St;gaeb;leistungsbeschreibungen/Wup_Barmer_HV_LV_VE 402 Heizung + Kaelte_260713.x83
14;Split-Inneneinheit als Wandgerät zum Anschluss an R-32 Wärmepumpe;6,0;St;gaeb;leistungsbeschreibungen/Wup_Barmer_HV_LV_VE 402 Heizung + Kaelte_260713.x83
15;Zusatzplatine für Split-Inverter-Einheiten;6,0;St;gaeb;leistungsbeschreibungen/Wup_Barmer_HV_LV_VE 402 Heizung + Kaelte_260713.x83
1;Zulage für die mögliche planerische Anpassung an bauseits festgestellte, punktuelle Planabweichungen, siehe Praxisbeispiele unten.;25,0;St;gaeb;leistungsbeschreibungen/Wup_Barmer_HV_LV_VE 402 Heizung + Kaelte_260713.x83
1;Leistung gemäß AMEV-Empfehlung Wartung Nr. 142 wie zuletzt in vollem Wortlaut, jedoch;1,0;Jahr;gaeb;leistungsbeschreibungen/Wup_Barmer_HV_LV_VE 402 Heizung + Kaelte_260713.x83
2;Leistung gemäß AMEV-Empfehlung Wartung Nr. 142 wie zuletzt in vollem Wortlaut, jedoch;1,0;Jahr;gaeb;leistungsbeschreibungen/Wup_Barmer_HV_LV_VE 402 Heizung + Kaelte_260713.x83
3;Leistung gemäß AMEV-Empfehlung Wartung Nr. 142 wie zuletzt in vollem Wortlaut, jedoch;1,0;Jahr;gaeb;leistungsbeschreibungen/Wup_Barmer_HV_LV_VE 402 Heizung + Kaelte_260713.x83
4;Leistung gemäß AMEV-Empfehlung Wartung Nr. 142 wie zuletzt in vollem Wortlaut, jedoch;1,0;Jahr;gaeb;leistungsbeschreibungen/Wup_Barmer_HV_LV_VE 402 Heizung + Kaelte_260713.x83
5;Leistung gemäß AMEV-Empfehlung Wartung Nr. 142 wie zuletzt in vollem Wortlaut, jedoch;1,0;Jahr;gaeb;leistungsbeschreibungen/Wup_Barmer_HV_LV_VE 402 Heizung + Kaelte_260713.x83
6;Leistung gemäß AMEV-Empfehlung Wartung Nr. 142 wie zuletzt in vollem Wortlaut, jedoch;1,0;Jahr;gaeb;leistungsbeschreibungen/Wup_Barmer_HV_LV_VE 402 Heizung + Kaelte_260713.x83
7;Leistung gemäß AMEV-Empfehlung Wartung Nr. 142 wie zuletzt in vollem Wortlaut, jedoch;1,0;Jahr;gaeb;leistungsbeschreibungen/Wup_Barmer_HV_LV_VE 402 Heizung + Kaelte_260713.x83
8;Leistung gemäß AMEV-Empfehlung Wartung Nr. 142 wie zuletzt in vollem Wortlaut, jedoch;1,0;Jahr;gaeb;leistungsbeschreibungen/Wup_Barmer_HV_LV_VE 402 Heizung + Kaelte_260713.x83
9;Leistung gemäß AMEV-Empfehlung Wartung Nr. 142 wie zuletzt in vollem Wortlaut, jedoch;1,0;Jahr;gaeb;leistungsbeschreibungen/Wup_Barmer_HV_LV_VE 402 Heizung + Kaelte_260713.x83
10;Leistung gemäß AMEV-Empfehlung Wartung Nr. 142 wie zuletzt in vollem Wortlaut, jedoch;1,0;Jahr;gaeb;leistungsbeschreibungen/Wup_Barmer_HV_LV_VE 402 Heizung + Kaelte_260713.x83
11;Leistung gemäß AMEV-Empfehlung Wartung Nr. 142 wie zuletzt in vollem Wortlaut, jedoch;1,0;h;gaeb;leistungsbeschreibungen/Wup_Barmer_HV_LV_VE 402 Heizung + Kaelte_260713.x83
12;Leistung gemäß AMEV-Empfehlung Wartung Nr. 142 wie zuletzt in vollem Wortlaut, jedoch;1,0;h;gaeb;leistungsbeschreibungen/Wup_Barmer_HV_LV_VE 402 Heizung + Kaelte_260713.x83
13;Leistung gemäß AMEV-Empfehlung Wartung Nr. 142 wie zuletzt in vollem Wortlaut, jedoch;1,0;h;gaeb;leistungsbeschreibungen/Wup_Barmer_HV_LV_VE 402 Heizung + Kaelte_260713.x83
14;Leistung gemäß AMEV-Empfehlung Wartung Nr. 142 wie zuletzt in vollem Wortlaut, jedoch;1,0;h;gaeb;leistungsbeschreibungen/Wup_Barmer_HV_LV_VE 402 Heizung + Kaelte_260713.x83
15;Leistung gemäß AMEV-Empfehlung Wartung Nr. 142 wie zuletzt in vollem Wortlaut, jedoch;1,0;h;gaeb;leistungsbeschreibungen/Wup_Barmer_HV_LV_VE 402 Heizung + Kaelte_260713.x83
16;Leistung gemäß AMEV-Empfehlung Wartung Nr. 142 wie zuletzt in vollem Wortlaut, jedoch;1,0;h;gaeb;leistungsbeschreibungen/Wup_Barmer_HV_LV_VE 402 Heizung + Kaelte_260713.x83
17;Leistung gemäß AMEV-Empfehlung Wartung Nr. 142 wie zuletzt in vollem Wortlaut, jedoch;1,0;h;gaeb;leistungsbeschreibungen/Wup_Barmer_HV_LV_VE 402 Heizung + Kaelte_260713.x83
18;Leistung gemäß AMEV-Empfehlung Wartung Nr. 142 wie zuletzt in vollem Wortlaut, jedoch;1,0;h;gaeb;leistungsbeschreibungen/Wup_Barmer_HV_LV_VE 402 Heizung + Kaelte_260713.x83
19;Leistung gemäß AMEV-Empfehlung Wartung Nr. 142 wie zuletzt in vollem Wortlaut, jedoch;1,0;h;gaeb;leistungsbeschreibungen/Wup_Barmer_HV_LV_VE 402 Heizung + Kaelte_260713.x83
20;Leistung gemäß AMEV-Empfehlung Wartung Nr. 142 wie zuletzt in vollem Wortlaut, jedoch;1,0;h;gaeb;leistungsbeschreibungen/Wup_Barmer_HV_LV_VE 402 Heizung + Kaelte_260713.x83
21;Leistung gemäß AMEV-Empfehlung Wartung Nr. 142 wie zuletzt in vollem Wortlaut, jedoch;1,0;h;gaeb;leistungsbeschreibungen/Wup_Barmer_HV_LV_VE 402 Heizung + Kaelte_260713.x83
22;Leistung gemäß AMEV-Empfehlung Wartung Nr. 142 wie zuletzt in vollem Wortlaut, jedoch;1,0;h;gaeb;leistungsbeschreibungen/Wup_Barmer_HV_LV_VE 402 Heizung + Kaelte_260713.x83
