Pos.;Leistung;Menge;Einheit;Quelle;Datei
0101.1;Baustelleneinrichtung;1,0;psch;gaeb-flat;3931036.d83
0101.2;Kran;1,0;psch;gaeb-flat;3931036.d83
0102.1;Dachfläche reinigen;410,0;m2;gaeb-flat;3931036.d83
0102.2;Anschlüsse reinigen;95,0;m;gaeb-flat;3931036.d83
0102.3;Wasser absaugen;410,0;m2;gaeb-flat;3931036.d83
0102.4;Speier Entwässerung Dampfsperre;2,0;St;gaeb-flat;3931036.d83
0102.5;Bitumenvoranstrich;410,0;m2;gaeb-flat;3931036.d83
0102.6;Bitumenvoranstrich an Anschluss;95,0;m;gaeb-flat;3931036.d83
0102.7;Dampfsperrbahn Beton;410,0;m2;gaeb-flat;3931036.d83
0102.8;Bitumen Dampfsperre an Attika;69,0;m;gaeb-flat;3931036.d83
0102.9;Bitumen Dampfsperre an Wandanschluss;38,0;m;gaeb-flat;3931036.d83
0102.10;Verlegeplan;1,0;psch;gaeb-flat;3931036.d83
0102.11;Grunddämmung;410,0;m2;gaeb-flat;3931036.d83
0102.12;Dickenänderung der Wärmedämmung;820,0;m2;gaeb-flat;3931036.d83
0102.13;Gefälledämmung;410,0;m2;gaeb-flat;3931036.d83
0102.14;Dickenänderung der Wärmedämmung;820,0;m2;gaeb-flat;3931036.d83
0102.15;Bauseits gestellten Gully einbauen;2,0;St;gaeb-flat;3931036.d83
0102.16;Bauseits gestellten Notüberlauf einbauen;2,0;St;gaeb-flat;3931036.d83
0102.17;Glasvlies RCS;410,0;m²;gaeb-flat;3931036.d83
0102.18;Dachabdichtung;410,0;m2;gaeb-flat;3931036.d83
0102.19;Zusatzbefestigung;80,0;m;gaeb-flat;3931036.d83
0102.20;Holzunterkonstruktion Attikakrone;69,0;m;gaeb-flat;3931036.d83
0102.21;Wärmedämmung Attikainnenseite;57,0;m;gaeb-flat;3931036.d83
0102.22;Attikaanschluss;57,0;m;gaeb-flat;3931036.d83
0102.23;Eckausbildung / Endabschluss;9,0;St;gaeb-flat;3931036.d83
0102.24;Attikaabdeckung;69,0;m;gaeb-flat;3931036.d83
0102.25;Eckausbildung / Endabschluss;9,0;St;gaeb-flat;3931036.d83
0102.26;Wärmedämmung Wandanschluss;16,0;m;gaeb-flat;3931036.d83
0102.27;Wandanschluss;16,0;m;gaeb-flat;3931036.d83
0102.28;Eckausbildung / Endabschluss;2,0;St;gaeb-flat;3931036.d83
0102.29;Holzunterkonstruktion Wandanschluss Bestand;9,5;m;gaeb-flat;3931036.d83
0102.30;Wärmedämmung Wandanschluss Bestand;9,5;m;gaeb-flat;3931036.d83
0102.31;Wandanschluss Bestand;9,5;m;gaeb-flat;3931036.d83
0102.32;Eckausbildung;2,0;St;gaeb-flat;3931036.d83
0102.33;Tropfblech;9,5;m;gaeb-flat;3931036.d83
0102.34;Eckausbildung / Endabschluss;2,0;St;gaeb-flat;3931036.d83
0102.35;Wärmedämmung  Brandwand;12,5;m;gaeb-flat;3931036.d83
0102.36;Brandwandanschluss;12,5;m;gaeb-flat;3931036.d83
0102.37;Lüfteranschluss;3,0;St;gaeb-flat;3931036.d83
0102.38;Rohreinfassung D=51-150 mm;5,0;St;gaeb-flat;3931036.d83
0102.39;Rohreinfassung D=151-250 mm;2,0;St;gaeb-flat;3931036.d83
0102.40;Rohreinfassung D=251-350 mm;2,0;St;gaeb-flat;3931036.d83
0102.41;Sicherheitsgeländer-System;91,0;m;gaeb-flat;3931036.d83
0102.42;Türe;1,0;St;gaeb-flat;3931036.d83
0102.43;RCS-Set;1,0;St;gaeb-flat;3931036.d83
0102.44;Blitzschutzdrahthalter;100,0;St;gaeb-flat;3931036.d83
0103.1;Nachweis Windsogsicherheit Begrünung;1,0;psch;gaeb-flat;3931036.d83
0103.2;Dachfläche besenrein säubern;410,0;m2;gaeb-flat;3931036.d83
0103.3;Trenn-, Schutz- u. Speichervlies;410,0;m2;gaeb-flat;3931036.d83
0103.4;Schutzlage hochführen;95,0;m;gaeb-flat;3931036.d83
0103.5;Drän- und Wasserspeicherelement FKD 25;410,0;m2;gaeb-flat;3931036.d83
0103.6;Kontrollschacht;4,0;St;gaeb-flat;3931036.d83
0103.7;Filtervlies FIL 105;410,0;m2;gaeb-flat;3931036.d83
0103.8;Extensivsubstrat E-leicht;410,0;m2;gaeb-flat;3931036.d83
0103.9;Kiesleiste ZP 80 A;95,0;m;gaeb-flat;3931036.d83
0103.10;Zulage Eckelement für ZP 80-Kiesleiste;9,0;St;gaeb-flat;3931036.d83
0103.11;Kiesrandstreifen;95,0;m;gaeb-flat;3931036.d83
0103.12;Saatgut EKR und Sedumsprossen - Trockenansaat;410,0;m2;gaeb-flat;3931036.d83
0103.13;Fertigstellungspflege Ansaat (ext.);410,0;m2;gaeb-flat;3931036.d83
0103.14;Unterhaltungspflege Extensivbegrünung;410,0;m2;gaeb-flat;3931036.d83
0104.1;Dachfläche reinigen;100,0;m2;gaeb-flat;3931036.d83
0104.2;Anschlüsse reinigen;29,0;m;gaeb-flat;3931036.d83
0104.3;Wasser absaugen;100,0;m2;gaeb-flat;3931036.d83
0104.4;Speier Entwässerung Dampfsperre;2,0;St;gaeb-flat;3931036.d83
0104.5;Bitumenvoranstrich;100,0;m2;gaeb-flat;3931036.d83
0104.6;Bitumenvoranstrich an Anschluss;29,0;m;gaeb-flat;3931036.d83
0104.7;Dampfsperrbahn Beton;100,0;m2;gaeb-flat;3931036.d83
0104.8;Bitumen Dampfsperre an Attika;29,0;m;gaeb-flat;3931036.d83
0104.9;Verlegeplan;1,0;psch;gaeb-flat;3931036.d83
0104.10;Grunddämmung;100,0;m2;gaeb-flat;3931036.d83
0104.11;Gefälledämmung;100,0;m2;gaeb-flat;3931036.d83
0104.12;Dickenänderung der Wärmedämmung;300,0;m2;gaeb-flat;3931036.d83
0104.13;Balkongully;2,0;St;gaeb-flat;3931036.d83
0104.14;Rohrbogen;5,0;St;gaeb-flat;3931036.d83
0104.15;Ablaufrohr mit Schellen;10,0;m;gaeb-flat;3931036.d83
0104.16;Notüberlauf-Set;2,0;St;gaeb-flat;3931036.d83
0104.17;Rohrbogen;5,0;St;gaeb-flat;3931036.d83
0104.18;Ablaufrohr mit Schellen;10,0;m;gaeb-flat;3931036.d83
0104.19;Rohrbogen;5,0;St;gaeb-flat;3931036.d83
0104.20;Glasvlies RCS;100,0;m2;gaeb-flat;3931036.d83
0104.21;Dachabdichtung;100,0;m2;gaeb-flat;3931036.d83
0104.22;Zusatzbefestigung;5,0;m;gaeb-flat;3931036.d83
0104.23;Holzunterkonstruktion Attikakrone;29,0;m;gaeb-flat;3931036.d83
0104.24;Wärmedämmung Attikainnenseite;29,0;m;gaeb-flat;3931036.d83
0104.25;Attikaanschluss;29,0;m;gaeb-flat;3931036.d83
0104.26;Eckausbildung / Endabschluss;2,0;St;gaeb-flat;3931036.d83
0104.27;Attikaabdeckung;29,0;m;gaeb-flat;3931036.d83
0104.28;Eckausbildung / Endabschluss;2,0;St;gaeb-flat;3931036.d83
0104.29;Sicherheitsgeländer-System;27,0;m;gaeb-flat;3931036.d83
0104.30;RCS-Set;1,0;St;gaeb-flat;3931036.d83
0104.31;Blitzschutzdrahthalter;30,0;St;gaeb-flat;3931036.d83
0105.1;Nachweis Windsogsicherheit Begrünung;1,0;psch;gaeb-flat;3931036.d83
0105.2;Dachfläche besenrein säubern;100,0;m2;gaeb-flat;3931036.d83
0105.3;Trenn-, Schutz- u. Speichervlies;100,0;m2;gaeb-flat;3931036.d83
0105.4;Schutzlage hochführen;29,0;m;gaeb-flat;3931036.d83
0105.5;Drän- und Wasserspeicherelement FKD 25;100,0;m2;gaeb-flat;3931036.d83
0105.6;Kontrollschacht;4,0;St;gaeb-flat;3931036.d83
0105.7;Filtervlies FIL 105;100,0;m2;gaeb-flat;3931036.d83
0105.8;Extensivsubstrat E-leicht;100,0;m2;gaeb-flat;3931036.d83
0105.9;Kiesleiste ZP 80 A;29,0;m;gaeb-flat;3931036.d83
0105.10;Zulage Eckelement für ZP 80-Kiesleiste;2,0;St;gaeb-flat;3931036.d83
0105.11;Kiesrandstreifen;29,0;m;gaeb-flat;3931036.d83
0105.12;Saatgut EKR und Sedumsprossen - Trockenansaat;100,0;m2;gaeb-flat;3931036.d83
0105.13;Fertigstellungspflege Ansaat (ext.);100,0;m2;gaeb-flat;3931036.d83
0105.14;Unterhaltungspflege Extensivbegrünung;100,0;m2;gaeb-flat;3931036.d83
0106.1;TÜV-SÜD zertifizierte Objektbetreuung inkl. Schlussbegehung;1,0;psch;gaeb-flat;3931036.d83
0107.1;Baufacharbeiter;20,0;h;gaeb-flat;3931036.d83
0201.1;Baustelleneinrichtung;1,0;psch;gaeb-flat;3931036.d83
0201.2;Kran;1,0;psch;gaeb-flat;3931036.d83
0202.1;Dachfläche reinigen;200,0;m2;gaeb-flat;3931036.d83
0202.2;Anschlüsse reinigen;44,5;m;gaeb-flat;3931036.d83
0202.3;Wasser absaugen;200,0;m2;gaeb-flat;3931036.d83
0202.4;Durchsturzsicherung bei Dachöffnungen;1,0;St;gaeb-flat;3931036.d83
0202.5;Speier Entwässerung Dampfsperre;2,0;St;gaeb-flat;3931036.d83
0202.6;Untergrund vorbereiten, Haftzugermittlung;200,0;m2;gaeb-flat;3931036.d83
0202.7;Bitumenvoranstrich;200,0;m2;gaeb-flat;3931036.d83
0202.8;Dachausstieg;1,0;St;gaeb-flat;3931036.d83
0202.9;Bitumenvoranstrich an Anschluss;49,5;m;gaeb-flat;3931036.d83
0202.10;Dampfsperrbahn Beton;200,0;m2;gaeb-flat;3931036.d83
0202.11;Bitumen Dampfsperre an Attika/ Dachausstieg;35,0;m;gaeb-flat;3931036.d83
0202.12;Bitumen Dampfsperre an Wandanschluss;14,5;m;gaeb-flat;3931036.d83
0202.13;Verlegeplan;1,0;psch;gaeb-flat;3931036.d83
0202.14;Grunddämmung;200,0;m2;gaeb-flat;3931036.d83
0202.15;Dickenänderung der Wärmedämmung;600,0;m2;gaeb-flat;3931036.d83
0202.16;Gefälledämmung;200,0;m2;gaeb-flat;3931036.d83
0202.17;Dickenänderung der Wärmedämmung;400,0;m2;gaeb-flat;3931036.d83
0202.18;Balkongully;2,0;St;gaeb-flat;3931036.d83
0202.19;Rohrbogen;5,0;St;gaeb-flat;3931036.d83
0202.20;Ablaufrohr mit Schellen;10,0;m;gaeb-flat;3931036.d83
0202.21;Notüberlauf-Set;2,0;St;gaeb-flat;3931036.d83
0202.22;Rohrbogen;5,0;St;gaeb-flat;3931036.d83
0202.23;Ablaufrohr mit Schellen;10,0;m;gaeb-flat;3931036.d83
0202.24;Rohrbogen;5,0;St;gaeb-flat;3931036.d83
0202.25;Glasvlies RCS;200,0;m²;gaeb-flat;3931036.d83
0202.26;Dachabdichtung;200,0;m2;gaeb-flat;3931036.d83
0202.27;Zusatzbefestigung;40,0;m;gaeb-flat;3931036.d83
0202.28;Holzunterkonstruktion Attikakrone;30,0;m;gaeb-flat;3931036.d83
0202.29;Wärmedämmung Attikainnenseite;30,0;m;gaeb-flat;3931036.d83
0202.30;Attikaanschluss;30,0;m;gaeb-flat;3931036.d83
0202.31;Eckausbildung / Endabschluss;2,0;St;gaeb-flat;3931036.d83
0202.32;Attikaabdeckung;30,0;m;gaeb-flat;3931036.d83
0202.33;Eckausbildung / Endabschluss;2,0;St;gaeb-flat;3931036.d83
0202.34;Wärmedämmung Wandanschluss;14,5;m;gaeb-flat;3931036.d83
0202.35;Wandanschluss;14,5;m;gaeb-flat;3931036.d83
0202.36;Eckausbildung / Endabschluss;2,0;St;gaeb-flat;3931036.d83
0202.37;Anschluß Dachausstieg;1,0;St;gaeb-flat;3931036.d83
0202.38;Rohreinfassung D=51-150 mm;5,0;St;gaeb-flat;3931036.d83
0202.39;Rohreinfassung D=151-250 mm;2,0;St;gaeb-flat;3931036.d83
0202.40;Rohreinfassung D=251-350 mm;2,0;St;gaeb-flat;3931036.d83
0202.41;Sicherheitsgeländer-System;29,0;m;gaeb-flat;3931036.d83
0202.42;Türe;1,0;St;gaeb-flat;3931036.d83
0202.43;RCS-Set;1,0;St;gaeb-flat;3931036.d83
0202.44;Blitzschutzdrahthalter;80,0;St;gaeb-flat;3931036.d83
0203.1;Nachweis Windsogsicherheit Begrünung;1,0;psch;gaeb-flat;3931036.d83
0203.2;Dachfläche besenrein säubern;200,0;m2;gaeb-flat;3931036.d83
0203.3;Trenn-, Schutz- u. Speichervlies;200,0;m2;gaeb-flat;3931036.d83
0203.4;Schutzlage hochführen;49,5;m;gaeb-flat;3931036.d83
0203.5;Drän- und Wasserspeicherelement FKD 25;200,0;m2;gaeb-flat;3931036.d83
0203.6;Kontrollschacht;4,0;St;gaeb-flat;3931036.d83
0203.7;Filtervlies FIL 105;200,0;m2;gaeb-flat;3931036.d83
0203.8;Extensivsubstrat E-leicht;200,0;m2;gaeb-flat;3931036.d83
0203.9;Kiesleiste ZP 80 A;44,5;m;gaeb-flat;3931036.d83
0203.10;Zulage Eckelement für ZP 80-Kiesleiste;2,0;St;gaeb-flat;3931036.d83
0203.11;Kiesrandstreifen;44,5;m;gaeb-flat;3931036.d83
0203.12;Saatgut EKR und Sedumsprossen - Trockenansaat;200,0;m2;gaeb-flat;3931036.d83
0203.13;Fertigstellungspflege Ansaat (ext.);200,0;m2;gaeb-flat;3931036.d83
0203.14;Unterhaltungspflege Extensivbegrünung;200,0;m2;gaeb-flat;3931036.d83
0204.1;Dachfläche reinigen;28,0;m2;gaeb-flat;3931036.d83
0204.2;Anschlüsse reinigen;24,0;m;gaeb-flat;3931036.d83
0204.3;Wasser absaugen;28,0;m2;gaeb-flat;3931036.d83
0204.4;Speier Entwässerung Dampfsperre;1,0;St;gaeb-flat;3931036.d83
0204.5;Untergrund vorbereiten, Haftzugermittlung;28,0;m2;gaeb-flat;3931036.d83
0204.6;Bitumenvoranstrich;28,0;m2;gaeb-flat;3931036.d83
0204.7;Bitumenvoranstrich an Anschluss;24,0;m;gaeb-flat;3931036.d83
0204.8;Dampfsperrbahn Beton;28,0;m2;gaeb-flat;3931036.d83
0204.9;Bitumen Dampfsperre an Attika;12,0;m;gaeb-flat;3931036.d83
0204.10;Bitumen Dampfsperre an Wandanschluss;12,0;m;gaeb-flat;3931036.d83
0204.11;Verlegeplan;1,0;psch;gaeb-flat;3931036.d83
0204.12;Grunddämmung;28,0;m2;gaeb-flat;3931036.d83
0204.13;Dickenänderung der Wärmedämmung;84,0;m2;gaeb-flat;3931036.d83
0204.14;Gefälledämmung;28,0;m2;gaeb-flat;3931036.d83
0204.15;Dickenänderung der Wärmedämmung;84,0;m2;gaeb-flat;3931036.d83
0204.16;Balkongully;1,0;St;gaeb-flat;3931036.d83
0204.17;Rohrbogen;5,0;St;gaeb-flat;3931036.d83
0204.18;Ablaufrohr mit Schellen;4,0;m;gaeb-flat;3931036.d83
0204.19;Notüberlauf-Set;1,0;St;gaeb-flat;3931036.d83
0204.20;Rohrbogen;5,0;St;gaeb-flat;3931036.d83
0204.21;Ablaufrohr mit Schellen;4,0;m;gaeb-flat;3931036.d83
0204.22;Rohrbogen;5,0;St;gaeb-flat;3931036.d83
0204.23;Glasvlies RCS;28,0;m2;gaeb-flat;3931036.d83
0204.24;Dachabdichtung;28,0;m2;gaeb-flat;3931036.d83
0204.25;Zusatzbefestigung;8,0;m;gaeb-flat;3931036.d83
0204.26;Holzunterkonstruktion Attikakrone;12,0;m;gaeb-flat;3931036.d83
0204.27;Wärmedämmung Attikainnenseite;12,0;m;gaeb-flat;3931036.d83
0204.28;Attikaanschluss;12,0;m;gaeb-flat;3931036.d83
0204.29;Eckausbildung / Endabschluss;3,0;St;gaeb-flat;3931036.d83
0204.30;Attikaabdeckung;12,0;m;gaeb-flat;3931036.d83
0204.31;Eckausbildung / Endabschluss;3,0;St;gaeb-flat;3931036.d83
0204.32;RCS-Set;1,0;St;gaeb-flat;3931036.d83
0204.33;"Anfangs-/Eckstütze; Untergrund Stahlbeton";2,0;St;gaeb-flat;3931036.d83
0204.34;"Zwischenstütze; Untergrund Stahlbeton";3,0;St;gaeb-flat;3931036.d83
0204.35;Spezial-Edelstahlseil;12,0;m;gaeb-flat;3931036.d83
0204.36;Spannelement;2,0;St;gaeb-flat;3931036.d83
0204.37;ForceLimiter;2,0;St;gaeb-flat;3931036.d83
0204.38;Kurvenelement;1,0;St;gaeb-flat;3931036.d83
0204.39;Linienelement;5,0;St;gaeb-flat;3931036.d83
0204.40;Maschinenschraube M16 x 40;10,0;St;gaeb-flat;3931036.d83
0204.41;Systemschild;1,0;St;gaeb-flat;3931036.d83
0204.42;Endmontage der Seile und Zertifizierung;1,0;psch;gaeb-flat;3931036.d83
0204.43;Persönliche Schutzausrüstung;1,0;St;gaeb-flat;3931036.d83
0204.44;Y-Verbindungsmittel;1,0;St;gaeb-flat;3931036.d83
0204.45;Dokumentation;1,0;psch;gaeb-flat;3931036.d83
0204.46;Jährliche Überprüfung;1,0;St;gaeb-flat;3931036.d83
0204.47;Kiesschüttung;28,0;m2;gaeb-flat;3931036.d83
0204.48;Kiesschüttung im Außenrandbereich;13,0;m2;gaeb-flat;3931036.d83
0204.49;Kiesschüttung im Eckbereich;4,0;m2;gaeb-flat;3931036.d83
0205.1;Dachfläche reinigen;1060,0;m2;gaeb-flat;3931036.d83
0205.2;Anschlüsse reinigen;245,0;m;gaeb-flat;3931036.d83
0205.3;Wasser absaugen;1060,0;m2;gaeb-flat;3931036.d83
0205.4;Durchsturzsicherung bei Dachöffnungen;1,0;St;gaeb-flat;3931036.d83
0205.5;Speier Entwässerung Dampfsperre;4,0;St;gaeb-flat;3931036.d83
0205.6;Untergrund vorbereiten, Haftzugermittlung;1060,0;m²;gaeb-flat;3931036.d83
0205.7;Bitumenvoranstrich;1060,0;m2;gaeb-flat;3931036.d83
0205.8;Dachausstieg;1,0;St;gaeb-flat;3931036.d83
0205.9;Blechstreifen als Trennung;29,0;m;gaeb-flat;3931036.d83
0205.10;Bitumenvoranstrich an Anschluss;245,0;m;gaeb-flat;3931036.d83
0205.11;Dampfsperrbahn Beton;805,0;m2;gaeb-flat;3931036.d83
0205.12;Dampfsperrbahn Holzunterkonstruktion;255,0;m2;gaeb-flat;3931036.d83
0205.13;Bitumen Dampfsperre an Attika/ Dachausstieg;216,5;m;gaeb-flat;3931036.d83
0205.14;Bitumen Dampfsperre an Wandanschluss;28,5;m;gaeb-flat;3931036.d83
0205.15;Verlegeplan;1,0;psch;gaeb-flat;3931036.d83
0205.16;Grunddämmung;1060,0;m2;gaeb-flat;3931036.d83
0205.17;Dickenänderung der Wärmedämmung;3180,0;m2;gaeb-flat;3931036.d83
0205.18;Gefälledämmung;1060,0;m2;gaeb-flat;3931036.d83
0205.19;Dickenänderung der Wärmedämmung;2120,0;m2;gaeb-flat;3931036.d83
0205.20;Bauseits gestellten Gully einbauen;4,0;St;gaeb-flat;3931036.d83
0205.21;Bauseits gestellten Notüberlauf einbauen;4,0;St;gaeb-flat;3931036.d83
0205.22;Glasvlies RCS;1060,0;m²;gaeb-flat;3931036.d83
0205.23;Dachabdichtung;1060,0;m2;gaeb-flat;3931036.d83
0205.24;Holzunterkonstruktion Attikakrone;210,0;m;gaeb-flat;3931036.d83
0205.25;Wärmedämmung Attikainnenseite;210,0;m;gaeb-flat;3931036.d83
0205.26;Attikaanschluss Beton;146,0;m;gaeb-flat;3931036.d83
0205.27;Attikaanschluss Holz;64,0;m;gaeb-flat;3931036.d83
0205.28;Eckausbildung / Endabschluss;16,0;St;gaeb-flat;3931036.d83
0205.29;Attikaabdeckung;210,0;m;gaeb-flat;3931036.d83
0205.30;Eckausbildung / Endabschluss;16,0;St;gaeb-flat;3931036.d83
0205.31;Wärmedämmung Wandanschluss;28,5;m;gaeb-flat;3931036.d83
0205.32;Wandanschluss;28,5;m;gaeb-flat;3931036.d83
0205.33;Eckausbildung / Endabschluss;8,0;St;gaeb-flat;3931036.d83
0205.34;Attikaabdeckung;28,5;m;gaeb-flat;3931036.d83
0205.35;Eckausbildung / Endabschluss;8,0;St;gaeb-flat;3931036.d83
0205.36;Anschluß Dachausstieg;1,0;St;gaeb-flat;3931036.d83
0205.37;Rohreinfassung D=51-150 mm;15,0;St;gaeb-flat;3931036.d83
0205.38;Rohreinfassung D=151-250 mm;2,0;St;gaeb-flat;3931036.d83
0205.39;Rohreinfassung D=251-350 mm;2,0;St;gaeb-flat;3931036.d83
0205.40;Lüfteranschluss;4,0;St;gaeb-flat;3931036.d83
0205.41;Sicherheitsgeländer-System;240,0;m;gaeb-flat;3931036.d83
0205.42;Türe;1,0;St;gaeb-flat;3931036.d83
0205.43;RCS-Set;2,0;St;gaeb-flat;3931036.d83
0205.44;Kiesschüttung;1060,0;m²;gaeb-flat;3931036.d83
0205.45;Kiesschüttung im Außenrandbereich;245,0;m²;gaeb-flat;3931036.d83
0205.46;Kiesschüttung im Eckbereich;100,0;m²;gaeb-flat;3931036.d83
0205.47;Blitzschutzdrahthalter;150,0;St;gaeb-flat;3931036.d83
0205.48;Schwanenhals, d= 100 mm;2,0;St;gaeb-flat;3931036.d83
0205.49;Mehraufwendungen Einbau Kies mit PV Anlage;1,0;psch;gaeb-flat;3931036.d83
0206.1;TÜV-SÜD zertifizierte Objektbetreuung inkl. Schlussbegehung;1,0;psch;gaeb-flat;3931036.d83
0207.1;Baufacharbeiter;20,0;h;gaeb-flat;3931036.d83
0301.1;Baustelleneinrichtung;1,0;psch;gaeb-flat;3931036.d83
0301.2;Kran;1,0;psch;gaeb-flat;3931036.d83
0302.1;Dachfläche reinigen;230,0;m2;gaeb-flat;3931036.d83
0302.2;Bitumenvoranstrich;230,0;m2;gaeb-flat;3931036.d83
0302.3;Bitumenvoranstrich an Anschluss;70,0;m;gaeb-flat;3931036.d83
0302.4;Elastomerbitumen Dampfsperre;230,0;m2;gaeb-flat;3931036.d83
0302.5;Bitumen Dampfsperre an Anschluss;70,0;m;gaeb-flat;3931036.d83
0302.6;Wärmedämmung EPS;230,0;m2;gaeb-flat;3931036.d83
0302.7;Gefälledämmung;230,0;m²;gaeb-flat;3931036.d83
0302.8;Dachabdichtung 1.Lage;230,0;m2;gaeb-flat;3931036.d83
0302.9;Dachabdichtung 2.Lage Oberlage;230,0;m2;gaeb-flat;3931036.d83
0302.10;Wärmedämmung senkrecht / Wandanschluss;70,0;m;gaeb-flat;3931036.d83
0302.11;Wandanschluss;70,0;m;gaeb-flat;3931036.d83
0302.12;Eckausbildung / Endabschluss;7,0;St;gaeb-flat;3931036.d83
0302.13;Holzkonstruktion zweiteilig / Abbordungsbereich;45,0;m;gaeb-flat;3931036.d83
0302.14;Abbordungen;45,0;m;gaeb-flat;3931036.d83
0302.15;Eckausbildung / Endabschluss;6,0;St;gaeb-flat;3931036.d83
0302.16;Schleppstreifen Abbordungen;45,0;m;gaeb-flat;3931036.d83
0302.17;Schutzblech;45,0;m;gaeb-flat;3931036.d83
0302.18;Eckausbildung / Endabschluss;6,0;St;gaeb-flat;3931036.d83
0302.19;Bautenschutzbahn;230,0;m2;gaeb-flat;3931036.d83
0302.20;Trennlage unter Einkornbeton;230,0;m2;gaeb-flat;3931036.d83
0302.21;Einkornbeton liefern einbauen;230,0;m2;gaeb-flat;3931036.d83
0303.1;Baufacharbeiter;20,0;h;gaeb-flat;3931036.d83
1;Baustelleneinrichtung für Bereich Neubau Schule.;1,0;psch;gaeb;3931037.x83
2;Krangestellung für den Materialtransport des gesamten Flachdachaufbaues einschl. Gründach und Kies usw. auf die einzelnen Dachflächen Schule Neubau.;1,0;psch;gaeb;3931037.x83
1;Vorhandene Dachfläche besenrein abkehren und den;410,0;m2;gaeb;3931037.x83
2;Anschlüsse bis zur Aussenkante Attika reinigen.;95,0;m;gaeb;3931037.x83
3;Vorhandenes stehendes Wasser mit geeignetem Gerät;410,0;m2;gaeb;3931037.x83
4;Geeigneten Speier liefern und in bauseits vorhandener Öffnung als Entwässerung der Behelfsabdichtung einbauen. Dampfsperre auf dem Speierflansch aufschweißen.;2,0;St;gaeb;3931037.x83
5;Bitumenvoranstrich liefern und die gesamte Dachfläche fachgerecht nach Herstellervorschrift vorstreichen. Der Bitumenvoranstrich muss ausreichend ablüften.;410,0;m2;gaeb;3931037.x83
6;Bitumenvoranstrich an allen Anschlüssen, bis zur Aussenkante Attika fachgerecht aufbringen.;95,0;m;gaeb;3931037.x83
7;Elastomerbitumen Dampfsperrbahn nach DIN EN 13970 liefern und fachgerecht auf den sauberen und vorbehandelten Untergrund aufschweißen. Die Naht- und Stoßbereiche sind mindestens 8 cm breit zu überdecken und zu verschweißen.;410,0;m2;gaeb;3931037.x83
8;Bitumenhaltige Dampfsperre bis Außenkante Attika führen und fachgerecht an die Unterkonstruktion anschließen.;69,0;m;gaeb;3931037.x83
9;Bitumenhaltige Dampfsperrbahn bis Oberkante Wärmedämmung führen und fachgerecht an die Unterkonstruktion anschließen.;38,0;m;gaeb;3931037.x83
10;Verlegeplan/Gefälleplan für die gesamte vor beschriebene Dachdämmung mit Nachweis des R-Wertes:;1,0;psch;gaeb;3931037.x83
11;Wärmedämmung aus Polyurethan-Hartschaumplatten nach;410,0;m2;gaeb;3931037.x83
12;Mehr- oder Minderpreis bei Dickenänderung der Wärmedämmung pro 10 mm.;820,0;m2;gaeb;3931037.x83
13;Gefälledämmung als Punktentwässerung aus expandierten Polystyrol- Hartschaumplatten nach DIN EN 13163 und DIN 4108-10 liefern und dicht gestoßen im Verband (Grundplatte und Gefälleplatte) lose verlegen. Die Dämmplatten sind gemäß Herstellervorschrift mit SikaRoof BoardAdhesive aufzukleben.;410,0;m2;gaeb;3931037.x83
14;Mehr- oder Minderpreis bei Dickenänderung der Wärmedämmung pro 10 mm.;820,0;m2;gaeb;3931037.x83
15;Bauseits gestellten Gully nach Herstellerangaben fachgerecht einbauen. Inkl. fachgerecht eindichten in die Dachabdichtung.;2,0;St;gaeb;3931037.x83
16;Bauseits gestellten Notüberlauf nach Herstellerangaben fachgerecht einbauen. Inkl. fachgerecht eindichten in die Dachabdichtung.;2,0;St;gaeb;3931037.x83
17;RCS Glasvlies 120 g/m² graphitbeschichtet und elektrisch leitfähig liefern, mit 10 cm Überdeckung lose auf der Unterlage (kein Beton) gemäß Herstellervorschrift verlegen.;410,0;m²;gaeb;3931037.x83
18;Dachabdichtung, schrumpffrei, auf Basis flexibler Polyolefine (FPO) mit innenliegender Verstärkung liefern und lose verlegen. Die Naht- und Stoßüberdeckungen sind nach den Verarbeitungsanweisungen des Herstellers vorzubehandeln und thermisch zu verschweißen.;410,0;m2;gaeb;3931037.x83
19;Mechanische Befestigung der Dachabdichtung bei zu geringer Auflast liefern und nach Herstellervorschrift montieren. Überdeckung der Befestigungsprofile mit 20 cm breiten Bändern (analog Flächenposition) die beidseitig mit der Dachabdichtung thermisch verschweißt werden.;80,0;m;gaeb;3931037.x83
20;Holzkeile, inklusive geeignetem Befestigungsmaterial liefern und fachgerecht mit Gefälle zur Dachfläche im Abstand von 50 cm windsogsicher montieren.;69,0;m;gaeb;3931037.x83
21;Wärmedämmung aus Polyurethan-Hartschaumplatten nach;57,0;m;gaeb;3931037.x83
22;Verbundblech, einschl. aller Befestigungsmaterialien und Vorstoßbleche liefern und sturmsicher montieren, inkl. aller Stoßüberdeckungen. Zwischen Untergrund und Blech ist ein Dichtband einzulegen.;57,0;m;gaeb;3931037.x83
23;Eck- und Endausbildung der;9,0;St;gaeb;3931037.x83
24;Attikaabdeckung auf Halter oder Einhangblech liefern und inkl. aller Befestigungsmaterialien und den erforderlichen Schiebeeinrichtungen fachgerecht  montieren.;69,0;m;gaeb;3931037.x83
25;Eck- und Endausbildung liefern und fachgerecht ausbilden.;9,0;St;gaeb;3931037.x83
26;Wärmedämmung aus Polyurethan-Hartschaumplatten nach;16,0;m;gaeb;3931037.x83
27;Verbundblech als L-Profil, einschl. aller Befestigungsmaterialien liefern und als oberen Abschluss fachgerecht montieren, inkl. aller Stoßüberdeckungen. Zwischen Untergrund und Blech ist ein Dichtband einzulegen.;16,0;m;gaeb;3931037.x83
28;Eck- und Endausbildung liefern und fachgerecht ausbilden.;2,0;St;gaeb;3931037.x83
29;Holzkeile, inklusive geeignetem Befestigungsmaterial liefern und fachgerecht mit Gefälle zur Dachfläche im Abstand von 50 cm windsogsicher montieren.;9,5;m;gaeb;3931037.x83
30;Wärmedämmung aus Polyurethan-Hartschaumplatten nach;9,5;m;gaeb;3931037.x83
31;Verbundblech als Z-Profil, einschl. aller Befestigungsmaterialien liefern und als oberen Abschluss fachgerecht montieren, inkl. aller Stoßüberdeckungen. Zwischen Untergrund und Blech ist ein Dichtband einzulegen.;9,5;m;gaeb;3931037.x83
32;Eck- und Endausbildung liefern und fachgerecht ausbilden.;2,0;St;gaeb;3931037.x83
33;Tropfblech liefern und inkl. aller Befestigungsmaterialien und den erforderlichen Schiebeeinrichtungen fachgerecht  montieren.;9,5;m;gaeb;3931037.x83
34;Eck- und Endausbildung liefern und fachgerecht ausbilden.;2,0;St;gaeb;3931037.x83
35;Wärmedämmung aus Steinwolle-Dachdämmplatten, mit oberseitiger Mineralvlieskaschierung zur Kaltverklebung der Dachabdichtung liefern und an vorhandenen senkrechten Anschluss anpassen.  Die Dämmplatten sind gemäß Herstellervorschrift mechanisch zu befestigen oder aufzukleben.;12,5;m;gaeb;3931037.x83
36;Anschlussbahn liefern, am aufgehenden Bauteil hochführen, nach Herstellervorschrift flächig aufkleben und mit der Dachabdichtung thermisch verschweißen.;12,5;m;gaeb;3931037.x83
37;Sarnafil Verbundblech, einschl. aller Befestigungsmaterialien liefern und unter die bestehende Lüfterabdeckung hochschieben und fachgerecht montieren, inkl. aller  Stoßüberdeckungen.;3,0;St;gaeb;3931037.x83
38;Rohreinfassung (Formteil) liefern, fachgerecht montieren und mit der Flächenbahn verschweißen.;5,0;St;gaeb;3931037.x83
39;Rohreinfassung (Formteil) liefern, fachgerecht montieren und mit der Flächenbahn verschweißen.;2,0;St;gaeb;3931037.x83
40;Rohreinfassung (Formteil) liefern, fachgerecht montieren und mit der Flächenbahn verschweißen.;2,0;St;gaeb;3931037.x83
41;Selbstragendes Sicherheitsgeländer aus Aluminium, geprüft gemäß DIN EN 13374 - Schutzklasse A als Komplettsystem inkl. aller Eckverbinder, Endkappen, Gegengewichte usw. liefern und nach Herstellervorschrift fachgerecht an den vorgegebenen Dachrändern aufbauen. Das Sicherheitsgeländer wird auf Flachd;91,0;m;gaeb;3931037.x83
42;Zulage zu vor beschriebenem Sicherheitsgeländersystem für liefern und fachgerecht montieren von Türe.;1,0;St;gaeb;3931037.x83
43;RCS-Set liefern, bestehend aus:;1,0;St;gaeb;3931037.x83
44;Blitzschutzdrahthalter für Blitzschutzdraht 8 mm, einschließlich Rondelle liefern und in Absprache mit Bauleitung und Blitzschutzbauer montieren und mit der Dachabdichtung nach Herstellerangabe thermisch verschweißen.;100,0;St;gaeb;3931037.x83
1;Nachweis zur Verwehsicherheit der Dachbegrünung bei lagesicherer Dachabdichtung.;1,0;psch;gaeb;3931037.x83
2;Dachfläche besenrein säubern.;410,0;m2;gaeb;3931037.x83
3;Trenn-, Schutz- u. Speichervlies liefern und als Schutz der Dachabdichtung/Wurzelschutzbahn vor mechanischer Beanspruchung bzw. bei Materialunverträglichkeit gemäß DIN 18531-2, mit 10 cm Überlappung fachgerecht verlegen.;410,0;m2;gaeb;3931037.x83
4;Schutzlage aus Pos;95,0;m;gaeb;3931037.x83
5;Drän- und Wasserspeicherelement FKD 25 liefern und einbauen.;410,0;m2;gaeb;3931037.x83
6;Kontrollschacht zur Revisionierung von;4,0;St;gaeb;3931037.x83
7;Filtervlies FIL 105 liefern und als Filterschicht zwischen Dränschicht und Substrat mit 10 cm Überlappung verlegen.;410,0;m2;gaeb;3931037.x83
8;Extensivsubstrat E-leicht als Vegetationstragschicht für Extensivbegrünungen, auf Dachflächen mit geringer Tragfähigkeit, strukturstabilisiert für breites Pflanzenspektrum geeignet, liefern und auf die natürlich;410,0;m2;gaeb;3931037.x83
9;Kiesleiste L-Profil zur Trennung von Kies und Substrat liefern und mit Aluminium-Verbindungselementen nach Herstellerangaben einbauen.;95,0;m;gaeb;3931037.x83
10;Eckelement für ZP80-Kiesleiste der;9,0;St;gaeb;3931037.x83
11;Kies der Körnung 16/22 bis 16/32 mm liefern und nach Planungsvorgaben einbauen.;95,0;m;gaeb;3931037.x83
12;Extensivbegrünung durch Ansaat mit Saatgutmischung EKR und Sprossenansaat (auf Extensiv-Mehrschichtsubstrat E) herstellen.;410,0;m2;gaeb;3931037.x83
13;Fertigstellungspflege für Extensivbegrünung bei Ansaat nach den Richtlinien der FLL / ÖNORM L 1131 bis zur Abnahme der Flächen.;410,0;m2;gaeb;3931037.x83
14;Unterhaltungspflege der Extensivbegrünung nach den Richtlinien der FLL / ÖNORM L 1131 zur Erhaltung des funktionalen Zustandes.;410,0;m2;gaeb;3931037.x83
1;Vorhandene Dachfläche besenrein abkehren und den;100,0;m2;gaeb;3931037.x83
2;Anschlüsse bis zur Aussenkante Attika reinigen.;29,0;m;gaeb;3931037.x83
3;Vorhandenes stehendes Wasser mit geeignetem Gerät;100,0;m2;gaeb;3931037.x83
4;Geeigneten Speier liefern und in bauseits vorhandener Öffnung als Entwässerung der Behelfsabdichtung einbauen. Dampfsperre auf dem Speierflansch aufschweißen.;2,0;St;gaeb;3931037.x83
5;Bitumenvoranstrich liefern und die gesamte Dachfläche fachgerecht nach Herstellervorschrift vorstreichen. Der Bitumenvoranstrich muss ausreichend ablüften.;100,0;m2;gaeb;3931037.x83
6;Bitumenvoranstrich an allen Anschlüssen, bis zur Aussenkante Attika fachgerecht aufbringen.;29,0;m;gaeb;3931037.x83
7;Elastomerbitumen Dampfsperrbahn nach DIN EN 13970 liefern und fachgerecht auf den sauberen und vorbehandelten Untergrund aufschweißen. Die Naht- und Stoßbereiche sind mindestens 8 cm breit zu überdecken und zu verschweißen.;100,0;m2;gaeb;3931037.x83
8;Bitumenhaltige Dampfsperre bis Außenkante Attika führen und fachgerecht an die Unterkonstruktion anschließen.;29,0;m;gaeb;3931037.x83
9;Verlegeplan/Gefälleplan für die gesamte vor beschriebene Dachdämmung mit Nachweis des R-Wertes:;1,0;psch;gaeb;3931037.x83
10;Wärmedämmung aus Polyurethan-Hartschaumplatten nach;100,0;m2;gaeb;3931037.x83
11;Gefälledämmung als Punktentwässerung aus expandierten Polystyrol- Hartschaumplatten nach DIN EN 13163 und DIN 4108-10 liefern und dicht gestoßen im Verband (Grundplatte und Gefälleplatte) lose verlegen. Die Dämmplatten sind gemäß Herstellervorschrift mit SikaRoof BoardAdhesive aufzukleben.;100,0;m2;gaeb;3931037.x83
12;Mehr- oder Minderpreis bei Dickenänderung der Wärmedämmung pro 10 mm.;300,0;m2;gaeb;3931037.x83
13;Balkongully liefern, komplett einbauen und rückstausicher anschließen, nach Herstellervorschrift mit der Dachabdichtung thermisch verschweißen.;2,0;St;gaeb;3931037.x83
14;Zulage zu vor beschriebenem Gully, als Übergang zum Rohr, für liefern und fachgerecht montieren von Rohrbogen.;5,0;St;gaeb;3931037.x83
15;Ablaufrohr einschl. den erforderlichen Rohrschellen liefern und fachgerecht hinter der Fassade montieren. Der Abstand der Rohrschellen beträgt maximal 2,00 m.;10,0;m;gaeb;3931037.x83
16;Notüberlauf-Set, bestehend aus:;2,0;St;gaeb;3931037.x83
17;Zulage zu vor beschriebenem Gully, als Übergang zum Rohr, für liefern und fachgerecht montieren von Rohrbogen.;5,0;St;gaeb;3931037.x83
18;Ablaufrohr einschl. den erforderlichen Rohrschellen liefern und fachgerecht hinter der Fassade montieren. Der Abstand der Rohrschellen beträgt maximal 2,00 m.;10,0;m;gaeb;3931037.x83
19;Zulage zu vor beschriebenem Rohr, als freien Auslauf, für liefern und fachgerecht montieren von Rohrbogen.;5,0;St;gaeb;3931037.x83
20;RCS Glasvlies 120 g/m² graphitbeschichtet und elektrisch leitfähig liefern, mit 10 cm Überdeckung lose auf der Unterlage (kein Beton) gemäß Herstellervorschrift verlegen.;100,0;m2;gaeb;3931037.x83
21;Dachabdichtung, schrumpffrei, auf Basis flexibler Polyolefine (FPO) mit innenliegender Verstärkung liefern und lose verlegen. Die Naht- und Stoßüberdeckungen sind nach den Verarbeitungsanweisungen des Herstellers vorzubehandeln und thermisch zu verschweißen.;100,0;m2;gaeb;3931037.x83
22;Mechanische Befestigung der Dachabdichtung bei zu geringer Auflast liefern und nach Herstellervorschrift montieren. Überdeckung der Befestigungsprofile mit 20 cm breiten Bändern (analog Flächenposition) die beidseitig mit der Dachabdichtung thermisch verschweißt werden.;5,0;m;gaeb;3931037.x83
23;Holzkeile, inklusive geeignetem Befestigungsmaterial liefern und fachgerecht mit Gefälle zur Dachfläche im Abstand von 50 cm windsogsicher montieren.;29,0;m;gaeb;3931037.x83
24;Wärmedämmung aus Polyurethan-Hartschaumplatten nach;29,0;m;gaeb;3931037.x83
25;Verbundblech, einschl. aller Befestigungsmaterialien und Vorstoßbleche liefern und sturmsicher montieren, inkl. aller Stoßüberdeckungen. Zwischen Untergrund und Blech ist ein Dichtband einzulegen.;29,0;m;gaeb;3931037.x83
26;Eck- und Endausbildung der;2,0;St;gaeb;3931037.x83
27;Attikaabdeckung auf Halter oder Einhangblech liefern und inkl. aller Befestigungsmaterialien und den erforderlichen Schiebeeinrichtungen fachgerecht  montieren.;29,0;m;gaeb;3931037.x83
28;Eck- und Endausbildung liefern und fachgerecht ausbilden.;2,0;St;gaeb;3931037.x83
29;Selbstragendes Sicherheitsgeländer aus Aluminium, geprüft gemäß DIN EN 13374 - Schutzklasse A als Komplettsystem inkl. aller Eckverbinder, Endkappen, Gegengewichte usw. liefern und nach Herstellervorschrift fachgerecht an den vorgegebenen Dachrändern aufbauen. Das Sicherheitsgeländer wird auf Flachd;27,0;m;gaeb;3931037.x83
30;RCS-Set liefern, bestehend aus:;1,0;St;gaeb;3931037.x83
31;Blitzschutzdrahthalter für Blitzschutzdraht 8 mm, einschließlich Rondelle liefern und in Absprache mit Bauleitung und Blitzschutzbauer montieren und mit der Dachabdichtung nach Herstellerangabe thermisch verschweißen.;30,0;St;gaeb;3931037.x83
1;Nachweis zur Verwehsicherheit der Dachbegrünung bei lagesicherer Dachabdichtung.;1,0;psch;gaeb;3931037.x83
2;Dachfläche besenrein säubern.;100,0;m2;gaeb;3931037.x83
3;Trenn-, Schutz- u. Speichervlies liefern und als Schutz der Dachabdichtung/Wurzelschutzbahn vor mechanischer Beanspruchung bzw. bei Materialunverträglichkeit gemäß DIN 18531-2, mit 10 cm Überlappung fachgerecht verlegen.;100,0;m2;gaeb;3931037.x83
4;Schutzlage aus Pos;29,0;m;gaeb;3931037.x83
5;Drän- und Wasserspeicherelement FKD 25 liefern und einbauen.;100,0;m2;gaeb;3931037.x83
6;Kontrollschacht zur Revisionierung von;4,0;St;gaeb;3931037.x83
7;Filtervlies FIL 105 liefern und als Filterschicht zwischen Dränschicht und Substrat mit 10 cm Überlappung verlegen.;100,0;m2;gaeb;3931037.x83
8;Extensivsubstrat E-leicht als Vegetationstragschicht für Extensivbegrünungen, auf Dachflächen mit geringer Tragfähigkeit, strukturstabilisiert für breites Pflanzenspektrum geeignet, liefern und auf die natürlich;100,0;m2;gaeb;3931037.x83
9;Kiesleiste L-Profil zur Trennung von Kies und Substrat liefern und mit Aluminium-Verbindungselementen nach Herstellerangaben einbauen.;29,0;m;gaeb;3931037.x83
10;Eckelement für ZP80-Kiesleiste der;2,0;St;gaeb;3931037.x83
11;Kies der Körnung 16/22 bis 16/32 mm liefern und nach Planungsvorgaben einbauen.;29,0;m;gaeb;3931037.x83
12;Extensivbegrünung durch Ansaat mit Saatgutmischung EKR und Sprossenansaat (auf Extensiv-Mehrschichtsubstrat E) herstellen.;100,0;m2;gaeb;3931037.x83
13;Fertigstellungspflege für Extensivbegrünung bei Ansaat nach den Richtlinien der FLL / ÖNORM L 1131 bis zur Abnahme der Flächen.;100,0;m2;gaeb;3931037.x83
14;Unterhaltungspflege der Extensivbegrünung nach den Richtlinien der FLL / ÖNORM L 1131 zur Erhaltung des funktionalen Zustandes.;100,0;m2;gaeb;3931037.x83
1;Dokumentieren und überwachen der Verlegearbeiten sowie;1,0;psch;gaeb;3931037.x83
1;Stundensatz Baufacharbeiter.;20,0;h;gaeb;3931037.x83
1;Baustelleneinrichtung für Bereich Sanierung Schule.;1,0;psch;gaeb;3931037.x83
2;Krangestellung für den Materialtransport des gesamten Flachdachaufbaues einschl. Gründach und Kies usw. auf die einzelnen Dachflächen Schule Sanierung.;1,0;psch;gaeb;3931037.x83
1;Vorhandene Dachfläche besenrein abkehren und den;200,0;m2;gaeb;3931037.x83
2;Anschlüsse bis zur Aussenkante Attika reinigen.;44,5;m;gaeb;3931037.x83
3;Vorhandenes stehendes Wasser mit geeignetem Gerät;200,0;m2;gaeb;3931037.x83
4;Durchsturzsichere Abdeckungen nach Wahl des Bieters auf Lichtkuppeln, Schächten, Aussparungen herstellen und nach den Arbeiten wieder entfernen.;1,0;St;gaeb;3931037.x83
5;Geeigneten Speier liefern und in bauseits vorhandener Öffnung als Entwässerung der Behelfsabdichtung einbauen. Dampfsperre auf dem Speierflansch aufschweißen.;2,0;St;gaeb;3931037.x83
6;Vorhandene trockene Bodenfläche durch staubfreies Kugelstrahlen von Schlemmen. etc befreien, anschließend gründlich absaugen.;200,0;m2;gaeb;3931037.x83
7;Bitumenvoranstrich liefern und die gesamte Dachfläche fachgerecht nach Herstellervorschrift vorstreichen. Der Bitumenvoranstrich muss ausreichend ablüften.;200,0;m2;gaeb;3931037.x83
8;Flachdachausstieg mit Zusatzstufen;1,0;St;gaeb;3931037.x83
9;Bitumenvoranstrich an allen Anschlüssen, bis zur Aussenkante Attika fachgerecht aufbringen.;49,5;m;gaeb;3931037.x83
10;Elastomerbitumen Dampfsperrbahn nach DIN EN 13970 liefern und fachgerecht auf den sauberen und vorbehandelten Untergrund aufschweißen. Die Naht- und Stoßbereiche sind mindestens 8 cm breit zu überdecken und zu verschweißen.;200,0;m2;gaeb;3931037.x83
11;Bitumenhaltige Dampfsperre bis Außenkante Attika, Dachausstieg, und sonstige lineare Einbauten führen und fachgerecht an die Unterkonstruktion anschließen.;35,0;m;gaeb;3931037.x83
12;Bitumenhaltige Dampfsperrbahn bis Oberkante Wärmedämmung führen und fachgerecht an die Unterkonstruktion anschließen.;14,5;m;gaeb;3931037.x83
13;Verlegeplan/Gefälleplan für die gesamte vor beschriebene Dachdämmung mit Nachweis des R-Wertes:;1,0;psch;gaeb;3931037.x83
14;Wärmedämmung aus Polyurethan-Hartschaumplatten nach;200,0;m2;gaeb;3931037.x83
15;Mehr- oder Minderpreis bei Dickenänderung der Wärmedämmung pro 10 mm.;600,0;m2;gaeb;3931037.x83
16;Gefälledämmung als Punktentwässerung aus expandierten Polystyrol- Hartschaumplatten nach DIN EN 13163 und DIN 4108-10 liefern und dicht gestoßen im Verband (Grundplatte und Gefälleplatte) lose verlegen. Die Dämmplatten sind gemäß Herstellervorschrift mit SikaRoof BoardAdhesive aufzukleben.;200,0;m2;gaeb;3931037.x83
17;Mehr- oder Minderpreis bei Dickenänderung der Wärmedämmung pro 10 mm.;400,0;m2;gaeb;3931037.x83
18;Balkongully liefern, komplett einbauen und rückstausicher anschließen, nach Herstellervorschrift mit der Dachabdichtung thermisch verschweißen.;2,0;St;gaeb;3931037.x83
19;Zulage zu vor beschriebenem Gully, als Übergang zum Rohr, für liefern und fachgerecht montieren von Rohrbogen.;5,0;St;gaeb;3931037.x83
20;Ablaufrohr einschl. den erforderlichen Rohrschellen liefern und fachgerecht hinter der Fassade montieren. Der Abstand der Rohrschellen beträgt maximal 2,00 m.;10,0;m;gaeb;3931037.x83
21;Notüberlauf-Set, bestehend aus:;2,0;St;gaeb;3931037.x83
22;Zulage zu vor beschriebenem Gully, als Übergang zum Rohr, für liefern und fachgerecht montieren von Rohrbogen.;5,0;St;gaeb;3931037.x83
23;Ablaufrohr einschl. den erforderlichen Rohrschellen liefern und fachgerecht hinter der Fassade montieren. Der Abstand der Rohrschellen beträgt maximal 2,00 m.;10,0;m;gaeb;3931037.x83
24;Zulage zu vor beschriebenem Rohr, als freien Auslauf, für liefern und fachgerecht montieren von Rohrbogen.;5,0;St;gaeb;3931037.x83
25;RCS Glasvlies 120 g/m² graphitbeschichtet und elektrisch leitfähig liefern, mit 10 cm Überdeckung lose auf der Unterlage (kein Beton) gemäß Herstellervorschrift verlegen.;200,0;m²;gaeb;3931037.x83
26;Dachabdichtung, schrumpffrei, auf Basis flexibler Polyolefine (FPO) mit innenliegender Verstärkung liefern und lose verlegen. Die Naht- und Stoßüberdeckungen sind nach den Verarbeitungsanweisungen des Herstellers vorzubehandeln und thermisch zu verschweißen.;200,0;m2;gaeb;3931037.x83
27;Mechanische Befestigung der Dachabdichtung bei zu geringer Auflast liefern und nach Herstellervorschrift montieren. Überdeckung der Befestigungsprofile mit 20 cm breiten Bändern (analog Flächenposition) die beidseitig mit der Dachabdichtung thermisch verschweißt werden.;40,0;m;gaeb;3931037.x83
28;Holzkeile, inklusive geeignetem Befestigungsmaterial liefern und fachgerecht mit Gefälle zur Dachfläche im Abstand von 50 cm windsogsicher montieren.;30,0;m;gaeb;3931037.x83
29;Wärmedämmung aus Polyurethan-Hartschaumplatten nach;30,0;m;gaeb;3931037.x83
30;Verbundblech, einschl. aller Befestigungsmaterialien und Vorstoßbleche liefern und sturmsicher montieren, inkl. aller Stoßüberdeckungen. Zwischen Untergrund und Blech ist ein Dichtband einzulegen.;30,0;m;gaeb;3931037.x83
31;Eck- und Endausbildung der;2,0;St;gaeb;3931037.x83
32;Attikaabdeckung auf Halter oder Einhangblech liefern und inkl. aller Befestigungsmaterialien und den erforderlichen Schiebeeinrichtungen fachgerecht  montieren.;30,0;m;gaeb;3931037.x83
33;Eck- und Endausbildung liefern und fachgerecht ausbilden.;2,0;St;gaeb;3931037.x83
34;Wärmedämmung aus Polyurethan-Hartschaumplatten nach;14,5;m;gaeb;3931037.x83
35;Verbundblech als L-Profil, einschl. aller Befestigungsmaterialien liefern und als oberen Abschluss fachgerecht montieren, inkl. aller Stoßüberdeckungen. Zwischen Untergrund und Blech ist ein Dichtband einzulegen.;14,5;m;gaeb;3931037.x83
36;Eck- und Endausbildung liefern und fachgerecht ausbilden.;2,0;St;gaeb;3931037.x83
37;Anschlussbahn liefern, am Lichtkuppelkranz hochführen, mit Kontaktkleber vollflächig aufkleben und mit der Dachabdichtung thermisch verschweißen,;1,0;St;gaeb;3931037.x83
38;Rohreinfassung (Formteil) liefern, fachgerecht montieren und mit der Flächenbahn verschweißen.;5,0;St;gaeb;3931037.x83
39;Rohreinfassung (Formteil) liefern, fachgerecht montieren und mit der Flächenbahn verschweißen.;2,0;St;gaeb;3931037.x83
40;Rohreinfassung (Formteil) liefern, fachgerecht montieren und mit der Flächenbahn verschweißen.;2,0;St;gaeb;3931037.x83
41;Selbstragendes Sicherheitsgeländer aus Aluminium, geprüft gemäß DIN EN 13374 - Schutzklasse A als Komplettsystem inkl. aller Eckverbinder, Endkappen, Gegengewichte usw. liefern und nach Herstellervorschrift fachgerecht an den vorgegebenen Dachrändern aufbauen. Das Sicherheitsgeländer wird auf Flachd;29,0;m;gaeb;3931037.x83
42;Zulage zu vor beschriebenem Sicherheitsgeländersystem für liefern und fachgerecht montieren von Türe.;1,0;St;gaeb;3931037.x83
43;RCS-Set liefern, bestehend aus:;1,0;St;gaeb;3931037.x83
44;Blitzschutzdrahthalter für Blitzschutzdraht 8 mm, einschließlich Rondelle liefern und in Absprache mit Bauleitung und Blitzschutzbauer montieren und mit der Dachabdichtung nach Herstellerangabe thermisch verschweißen.;80,0;St;gaeb;3931037.x83
1;Nachweis zur Verwehsicherheit der Dachbegrünung bei lagesicherer Dachabdichtung.;1,0;psch;gaeb;3931037.x83
2;Dachfläche besenrein säubern.;200,0;m2;gaeb;3931037.x83
3;Trenn-, Schutz- u. Speichervlies liefern und als Schutz der Dachabdichtung/Wurzelschutzbahn vor mechanischer Beanspruchung bzw. bei Materialunverträglichkeit gemäß DIN 18531-2, mit 10 cm Überlappung fachgerecht verlegen.;200,0;m2;gaeb;3931037.x83
4;Schutzlage aus Pos;49,5;m;gaeb;3931037.x83
5;Drän- und Wasserspeicherelement FKD 25 liefern und einbauen.;200,0;m2;gaeb;3931037.x83
6;Kontrollschacht zur Revisionierung von;4,0;St;gaeb;3931037.x83
7;Filtervlies FIL 105 liefern und als Filterschicht zwischen Dränschicht und Substrat mit 10 cm Überlappung verlegen.;200,0;m2;gaeb;3931037.x83
8;Extensivsubstrat E-leicht als Vegetationstragschicht für Extensivbegrünungen, auf Dachflächen mit geringer Tragfähigkeit, strukturstabilisiert für breites Pflanzenspektrum geeignet, liefern und auf die natürlich;200,0;m2;gaeb;3931037.x83
9;Kiesleiste L-Profil zur Trennung von Kies und Substrat liefern und mit Aluminium-Verbindungselementen nach Herstellerangaben einbauen.;44,5;m;gaeb;3931037.x83
10;Eckelement für ZP80-Kiesleiste der;2,0;St;gaeb;3931037.x83
11;Kies der Körnung 16/22 bis 16/32 mm liefern und nach Planungsvorgaben einbauen.;44,5;m;gaeb;3931037.x83
12;Extensivbegrünung durch Ansaat mit Saatgutmischung EKR und Sprossenansaat (auf Extensiv-Mehrschichtsubstrat E) herstellen.;200,0;m2;gaeb;3931037.x83
13;Fertigstellungspflege für Extensivbegrünung bei Ansaat nach den Richtlinien der FLL / ÖNORM L 1131 bis zur Abnahme der Flächen.;200,0;m2;gaeb;3931037.x83
14;Unterhaltungspflege der Extensivbegrünung nach den Richtlinien der FLL / ÖNORM L 1131 zur Erhaltung des funktionalen Zustandes.;200,0;m2;gaeb;3931037.x83
1;Vorhandene Dachfläche besenrein abkehren und den;28,0;m2;gaeb;3931037.x83
2;Anschlüsse bis zur Aussenkante Attika reinigen.;24,0;m;gaeb;3931037.x83
3;Vorhandenes stehendes Wasser mit geeignetem Gerät;28,0;m2;gaeb;3931037.x83
4;Geeigneten Speier liefern und in bauseits vorhandener Öffnung als Entwässerung der Behelfsabdichtung einbauen. Dampfsperre auf dem Speierflansch aufschweißen.;1,0;St;gaeb;3931037.x83
5;Vorhandene trockene Bodenfläche durch staubfreies Kugelstrahlen von Schlemmen. etc befreien, anschließend gründlich absaugen.;28,0;m2;gaeb;3931037.x83
6;Bitumenvoranstrich liefern und die gesamte Dachfläche fachgerecht nach Herstellervorschrift vorstreichen. Der Bitumenvoranstrich muss ausreichend ablüften.;28,0;m2;gaeb;3931037.x83
7;Bitumenvoranstrich an allen Anschlüssen, bis zur Aussenkante Attika fachgerecht aufbringen.;24,0;m;gaeb;3931037.x83
8;Elastomerbitumen Dampfsperrbahn nach DIN EN 13970 liefern und fachgerecht auf den sauberen und vorbehandelten Untergrund aufschweißen. Die Naht- und Stoßbereiche sind mindestens 8 cm breit zu überdecken und zu verschweißen.;28,0;m2;gaeb;3931037.x83
9;Bitumenhaltige Dampfsperre bis Außenkante Attika und führen und fachgerecht an die Unterkonstruktion anschließen.;12,0;m;gaeb;3931037.x83
10;Bitumenhaltige Dampfsperrbahn bis Oberkante Wärmedämmung führen und fachgerecht an die Unterkonstruktion anschließen.;12,0;m;gaeb;3931037.x83
11;Verlegeplan/Gefälleplan für die gesamte vor beschriebene Dachdämmung mit Nachweis des R-Wertes:;1,0;psch;gaeb;3931037.x83
12;Wärmedämmung aus Polyurethan-Hartschaumplatten nach;28,0;m2;gaeb;3931037.x83
13;Mehr- oder Minderpreis bei Dickenänderung der Wärmedämmung pro 10 mm.;84,0;m2;gaeb;3931037.x83
14;Gefälledämmung als Punktentwässerung aus expandierten Polystyrol- Hartschaumplatten nach DIN EN 13163 und DIN 4108-10 liefern und dicht gestoßen im Verband (Grundplatte und Gefälleplatte) lose verlegen. Die Dämmplatten sind gemäß Herstellervorschrift mit SikaRoof BoardAdhesive aufzukleben.;28,0;m2;gaeb;3931037.x83
15;Mehr- oder Minderpreis bei Dickenänderung der Wärmedämmung pro 10 mm.;84,0;m2;gaeb;3931037.x83
16;Balkongully liefern, komplett einbauen und rückstausicher anschließen, nach Herstellervorschrift mit der Dachabdichtung thermisch verschweißen.;1,0;St;gaeb;3931037.x83
17;Zulage zu vor beschriebenem Gully, als Übergang zum Rohr, für liefern und fachgerecht montieren von Rohrbogen.;5,0;St;gaeb;3931037.x83
18;Ablaufrohr einschl. den erforderlichen Rohrschellen liefern und fachgerecht hinter der Fassade montieren. Der Abstand der Rohrschellen beträgt maximal 2,00 m.;4,0;m;gaeb;3931037.x83
19;Notüberlauf-Set, bestehend aus:;1,0;St;gaeb;3931037.x83
20;Zulage zu vor beschriebenem Gully, als Übergang zum Rohr, für liefern und fachgerecht montieren von Rohrbogen.;5,0;St;gaeb;3931037.x83
21;Ablaufrohr einschl. den erforderlichen Rohrschellen liefern und fachgerecht hinter der Fassade montieren. Der Abstand der Rohrschellen beträgt maximal 2,00 m.;4,0;m;gaeb;3931037.x83
22;Zulage zu vor beschriebenem Rohr, als freien Auslauf, für liefern und fachgerecht montieren von Rohrbogen.;5,0;St;gaeb;3931037.x83
23;RCS Glasvlies 120 g/m² graphitbeschichtet und elektrisch leitfähig liefern, mit 10 cm Überdeckung lose auf der Unterlage (kein Beton) gemäß Herstellervorschrift verlegen.;28,0;m2;gaeb;3931037.x83
24;Dachabdichtung, schrumpffrei, auf Basis flexibler Polyolefine (FPO) mit innenliegender Verstärkung liefern und lose verlegen. Die Naht- und Stoßüberdeckungen sind nach den Verarbeitungsanweisungen des Herstellers vorzubehandeln und thermisch zu verschweißen.;28,0;m2;gaeb;3931037.x83
25;Mechanische Befestigung der Dachabdichtung bei zu geringer Auflast liefern und nach Herstellervorschrift montieren. Überdeckung der Befestigungsprofile mit 20 cm breiten Bändern (analog Flächenposition) die beidseitig mit der Dachabdichtung thermisch verschweißt werden.;8,0;m;gaeb;3931037.x83
26;Holzkeile, inklusive geeignetem Befestigungsmaterial liefern und fachgerecht mit Gefälle zur Dachfläche im Abstand von 50 cm windsogsicher montieren.;12,0;m;gaeb;3931037.x83
27;Wärmedämmung aus Polyurethan-Hartschaumplatten nach;12,0;m;gaeb;3931037.x83
28;Verbundblech, einschl. aller Befestigungsmaterialien und Vorstoßbleche liefern und sturmsicher montieren, inkl. aller Stoßüberdeckungen. Zwischen Untergrund und Blech ist ein Dichtband einzulegen.;12,0;m;gaeb;3931037.x83
29;Eck- und Endausbildung der;3,0;St;gaeb;3931037.x83
30;Attikaabdeckung auf Halter oder Einhangblech liefern und inkl. aller Befestigungsmaterialien und den erforderlichen Schiebeeinrichtungen fachgerecht  montieren.;12,0;m;gaeb;3931037.x83
31;Eck- und Endausbildung liefern und fachgerecht ausbilden.;3,0;St;gaeb;3931037.x83
32;RCS-Set liefern, bestehend aus:;1,0;St;gaeb;3931037.x83
33;Edelstahl Anschlagpunkt mit Grundplatte.;2,0;St;gaeb;3931037.x83
34;Edelstahl Anschlagpunkt mit Grundplatte.;3,0;St;gaeb;3931037.x83
35;Spezial-Edelstahlseil;12,0;m;gaeb;3931037.x83
36;Spannelement;2,0;St;gaeb;3931037.x83
37;ForceLimiter für;2,0;St;gaeb;3931037.x83
38;TI-FlexCurve;1,0;St;gaeb;3931037.x83
39;TI-Bracket;5,0;St;gaeb;3931037.x83
40;Maschinenschraube M16 x 40;10,0;St;gaeb;3931037.x83
41;Systemschild,;1,0;St;gaeb;3931037.x83
42;Endmontage der Seile und Zertifizierung;1,0;psch;gaeb;3931037.x83
43;Persönliche Schutzausrüstung;1,0;St;gaeb;3931037.x83
44;ABS Lanyard, 2 Karabinerhaken;1,0;St;gaeb;3931037.x83
45;Montagedokumentation zur Übergabe an den Gebäudebetreiber als Nachweis der korrekten Montage und Sicherstellung der langfristigen Nutzbarkeit der Anschlageinrichtung.;1,0;psch;gaeb;3931037.x83
46;Überprüfen des hor. Sicherungssystems mit vorhandener Dokumentation;1,0;St;gaeb;3931037.x83
47;Kiesschüttung als Auflast für lose verlegte Dach- und Dichtungsbahnen liefern und gleichmäßig verteilt auf den vorbereiteten Untergrund aufbringen.;28,0;m2;gaeb;3931037.x83
48;Kiesschüttung liefern und als Zusatzlast zur Vorposition im Außenrandbereich aufbringen.;13,0;m2;gaeb;3931037.x83
49;Kiesschüttung liefern und als Zusatzlast zur Vorposition im Eckbereich aufbringen.;4,0;m2;gaeb;3931037.x83
1;Vorhandene Dachfläche besenrein abkehren und den;1060,0;m2;gaeb;3931037.x83
2;Anschlüsse bis zur Aussenkante Attika reinigen.;245,0;m;gaeb;3931037.x83
3;Vorhandenes stehendes Wasser mit geeignetem Gerät;1060,0;m2;gaeb;3931037.x83
4;Durchsturzsichere Abdeckungen nach Wahl des Bieters auf Lichtkuppeln, Schächten, Aussparungen herstellen und nach den Arbeiten wieder entfernen.;1,0;St;gaeb;3931037.x83
5;Geeigneten Speier liefern und in bauseits vorhandener Öffnung als Entwässerung der Behelfsabdichtung einbauen. Dampfsperre auf dem Speierflansch aufschweißen.;4,0;St;gaeb;3931037.x83
6;Vorhandene trockene Bodenfläche durch staubfreies Kugelstrahlen von Schlemmen. etc befreien, anschließend gründlich absaugen.;1060,0;m²;gaeb;3931037.x83
7;Bitumenvoranstrich liefern und die gesamte Dachfläche fachgerecht nach Herstellervorschrift vorstreichen. Der Bitumenvoranstrich muss ausreichend ablüften.;1060,0;m2;gaeb;3931037.x83
8;Flachdachausstieg mit Zusatzstufen;1,0;St;gaeb;3931037.x83
9;Trennblech anfertigen, liefern und  fachgerecht einseitig fixiert montieren.;29,0;m;gaeb;3931037.x83
10;Bitumenvoranstrich an allen Anschlüssen, bis zur Aussenkante Attika fachgerecht aufbringen.;245,0;m;gaeb;3931037.x83
11;Elastomerbitumen Dampfsperrbahn nach DIN EN 13970 liefern und fachgerecht auf den sauberen und vorbehandelten Untergrund aufschweißen. Die Naht- und Stoßbereiche sind mindestens 8 cm breit zu überdecken und zu verschweißen.;805,0;m2;gaeb;3931037.x83
12;Kaltselbstklebende-Elastomerbitumen-Dampfsperrbahn nach DIN EN 13970.;255,0;m2;gaeb;3931037.x83
13;Bitumenhaltige Dampfsperre bis Außenkante Attika, Dachausstieg, und sonstige lineare Einbauten führen und fachgerecht an die Unterkonstruktion anschließen.;216,5;m;gaeb;3931037.x83
14;Bitumenhaltige Dampfsperrbahn bis Oberkante Wärmedämmung führen und fachgerecht an die Unterkonstruktion anschließen.;28,5;m;gaeb;3931037.x83
15;Verlegeplan/Gefälleplan für die gesamte vor beschriebene Dachdämmung mit Nachweis des R-Wertes:;1,0;psch;gaeb;3931037.x83
16;Wärmedämmung aus Polyurethan-Hartschaumplatten nach;1060,0;m2;gaeb;3931037.x83
17;Mehr- oder Minderpreis bei Dickenänderung der Wärmedämmung pro 10 mm.;3180,0;m2;gaeb;3931037.x83
18;Gefälledämmung als Punktentwässerung aus expandierten Polystyrol- Hartschaumplatten nach DIN EN 13163 und DIN 4108-10 liefern und dicht gestoßen im Verband (Grundplatte und Gefälleplatte) lose verlegen. Die Dämmplatten sind gemäß Herstellervorschrift mit SikaRoof BoardAdhesive aufzukleben.;1060,0;m2;gaeb;3931037.x83
19;Mehr- oder Minderpreis bei Dickenänderung der Wärmedämmung pro 10 mm.;2120,0;m2;gaeb;3931037.x83
20;Bauseits gestellten Gully nach Herstellerangaben fachgerecht einbauen. Inkl. fachgerecht eindichten in die Dachabdichtung.;4,0;St;gaeb;3931037.x83
21;Bauseits gestellten Notüberlauf nach Herstellerangaben fachgerecht einbauen. Inkl. fachgerecht eindichten in die Dachabdichtung.;4,0;St;gaeb;3931037.x83
22;RCS Glasvlies 120 g/m² graphitbeschichtet und elektrisch leitfähig liefern, mit 10 cm Überdeckung lose auf der Unterlage (kein Beton) gemäß Herstellervorschrift verlegen.;1060,0;m²;gaeb;3931037.x83
23;Dachabdichtung, schrumpffrei, auf Basis flexibler Polyolefine (FPO) mit innenliegender Verstärkung liefern und lose verlegen. Die Naht- und Stoßüberdeckungen sind nach den Verarbeitungsanweisungen des Herstellers vorzubehandeln und thermisch zu verschweißen.;1060,0;m2;gaeb;3931037.x83
24;Holzkeile, inklusive geeignetem Befestigungsmaterial liefern und fachgerecht mit Gefälle zur Dachfläche im Abstand von 50 cm windsogsicher montieren.;210,0;m;gaeb;3931037.x83
25;Wärmedämmung aus Polyurethan-Hartschaumplatten nach;210,0;m;gaeb;3931037.x83
26;Verbundblech, einschl. aller Befestigungsmaterialien und Vorstoßbleche liefern und sturmsicher montieren, inkl. aller Stoßüberdeckungen. Zwischen Untergrund und Blech ist ein Dichtband einzulegen.;146,0;m;gaeb;3931037.x83
27;Verbundblech, einschl. aller Befestigungsmaterialien und Vorstoßbleche liefern und sturmsicher montieren, inkl. aller Stoßüberdeckungen. Zwischen Untergrund und Blech ist ein Dichtband einzulegen.;64,0;m;gaeb;3931037.x83
28;Eck- und Endausbildung der;16,0;St;gaeb;3931037.x83
29;Attikaabdeckung auf Halter oder Einhangblech liefern und inkl. aller Befestigungsmaterialien und den erforderlichen Schiebeeinrichtungen fachgerecht  montieren.;210,0;m;gaeb;3931037.x83
30;Eck- und Endausbildung liefern und fachgerecht ausbilden.;16,0;St;gaeb;3931037.x83
31;Wärmedämmung aus Polyurethan-Hartschaumplatten nach;28,5;m;gaeb;3931037.x83
32;Verbundblech als L-Profil, einschl. aller Befestigungsmaterialien liefern und als oberen Abschluss fachgerecht montieren, inkl. aller Stoßüberdeckungen. Zwischen Untergrund und Blech ist ein Dichtband einzulegen.;28,5;m;gaeb;3931037.x83
33;Eck- und Endausbildung liefern und fachgerecht ausbilden.;8,0;St;gaeb;3931037.x83
34;Attikaabdeckung auf Halter oder Einhangblech liefern und inkl. aller Befestigungsmaterialien und den erforderlichen Schiebeeinrichtungen fachgerecht  montieren.;28,5;m;gaeb;3931037.x83
35;Eck- und Endausbildung liefern und fachgerecht ausbilden.;8,0;St;gaeb;3931037.x83
36;Anschlussbahn liefern, am Lichtkuppelkranz hochführen, mit Kontaktkleber vollflächig aufkleben und mit der Dachabdichtung thermisch verschweißen,;1,0;St;gaeb;3931037.x83
37;Rohreinfassung (Formteil) liefern, fachgerecht montieren und mit der Flächenbahn verschweißen.;15,0;St;gaeb;3931037.x83
38;Rohreinfassung (Formteil) liefern, fachgerecht montieren und mit der Flächenbahn verschweißen.;2,0;St;gaeb;3931037.x83
39;Rohreinfassung (Formteil) liefern, fachgerecht montieren und mit der Flächenbahn verschweißen.;2,0;St;gaeb;3931037.x83
40;Sarnafil Verbundblech, einschl. aller Befestigungsmaterialien liefern und unter die bestehende Lüfterabdeckung hochschieben und fachgerecht montieren, inkl. aller  Stoßüberdeckungen.;4,0;St;gaeb;3931037.x83
41;Selbstragendes Sicherheitsgeländer aus Aluminium, geprüft gemäß DIN EN 13374 - Schutzklasse A als Komplettsystem inkl. aller Eckverbinder, Endkappen, Gegengewichte usw. liefern und nach Herstellervorschrift fachgerecht an den vorgegebenen Dachrändern aufbauen. Das Sicherheitsgeländer wird auf Flachd;240,0;m;gaeb;3931037.x83
42;Zulage zu vor beschriebenem Sicherheitsgeländersystem für liefern und fachgerecht montieren von Türe.;1,0;St;gaeb;3931037.x83
43;RCS-Set liefern, bestehend aus:;2,0;St;gaeb;3931037.x83
44;Kiesschüttung als Auflast für lose verlegte Dach- und Dichtungsbahnen liefern und gleichmäßig verteilt auf den vorbereiteten Untergrund aufbringen.;1060,0;m²;gaeb;3931037.x83
45;Kiesschüttung liefern und als Zusatzlast zur Vorposition im Außenrandbereich aufbringen.;245,0;m²;gaeb;3931037.x83
46;Kiesschüttung liefern und als Zusatzlast zur Vorposition im Eckbereich aufbringen.;100,0;m²;gaeb;3931037.x83
47;Blitzschutzdrahthalter für Blitzschutzdraht 8 mm, einschließlich Rondelle liefern und in Absprache mit Bauleitung und Blitzschutzbauer montieren und mit der Dachabdichtung nach Herstellerangabe thermisch verschweißen.;150,0;St;gaeb;3931037.x83
48;Schwanenhals für Kabeldurchführungen liefern und im vorbeschriebenen Dach einbauen und eindichten.;2,0;St;gaeb;3931037.x83
49;In dieser Position ist der Mehraufwand für den Einbau der;1,0;psch;gaeb;3931037.x83
1;Dokumentieren und überwachen der Verlegearbeiten sowie;1,0;psch;gaeb;3931037.x83
1;Stundensatz Baufacharbeiter.;20,0;h;gaeb;3931037.x83
1;Baustelleneinrichtung für Bereich Neubau Turnhalle.;1,0;psch;gaeb;3931037.x83
2;Krangestellung für den Materialtransport des gesamten Flachdachaufbaues usw. auf die einzelnen Dachflächen Turnhalle Neubau.;1,0;psch;gaeb;3931037.x83
1;Vorhandene Dachfläche besenrein abkehren und den;230,0;m2;gaeb;3931037.x83
2;Bitumenvoranstrich liefern und die gesamte Dachfläche fachgerecht nach Herstellervorschrift vorstreichen. Der Bitumenvoranstrich muss ausreichend ablüften.;230,0;m2;gaeb;3931037.x83
3;Bitumenvoranstrich an allen Anschlüssen, mindestens bis zur Oberkante der Wärmedämmung fachgerecht aufbringen bei;70,0;m;gaeb;3931037.x83
4;Elastomerbitumen-Dampfsperre nach DIN EN 13970 mit Aluminiumeinlage liefern und nach Herstellervorschrift fachgerecht verlegen.;230,0;m2;gaeb;3931037.x83
5;Bitumenhaltige Dampfsperre an die Unterkonstruktion fachgerecht anschließen bei;70,0;m;gaeb;3931037.x83
6;Wärmedämmung aus extrudiertem Polystyrol nach DIN EN 13164 und DIN 4108-10 mit Stufenfalz liefern und dicht gestoßen lose verlegen.;230,0;m2;gaeb;3931037.x83
7;Gefälledämmung als Punktentwässerung aus expandierten Polystyrol- Hartschaumplatten nach DIN EN 13163 und DIN 4108-10 liefern und dicht gestoßen im Verband (Grundplatte und Gefälleplatte) lose verlegen. Die Dämmplatten sind gemäß Herstellervorschrift mit SikaRoof BoardAdhesive aufzukleben.;230,0;m²;gaeb;3931037.x83
8;Unterlagsbahn;230,0;m2;gaeb;3931037.x83
9;Oberlage;230,0;m2;gaeb;3931037.x83
10;Wärmedämmung aus Polyurethan-Hartschaumplatten nach DIN EN 13165 und DIN 4108-10 liefern, dicht gestoßen an vorhandenen senkrechten Anschluss anpassen sowie nach Herstellervorschrift mechanisch am aufgehenden Bauteil befestigen oder fachgerecht aufkleben.;70,0;m;gaeb;3931037.x83
11;Verbundblech als Z-Profil, einschl. aller Befestigungsmaterialien liefern und als oberen Abschluss fachgerecht montieren, inkl. aller Stoßüberdeckungen. Zwischen Untergrund und Blech ist ein Dichtband einzulegen.;70,0;m;gaeb;3931037.x83
12;Eck- und Endausbildung der Pos;7,0;St;gaeb;3931037.x83
13;Wärmedämmplatten PIR alukaschiert liefern und auf die Betondecke verlegen.;45,0;m;gaeb;3931037.x83
14;Verbundblechwinkel liefern und mit zugelassenen Senkkopf Befestigern nach Herstellervorschrift auf der Holzkonstruktion montieren, inkl. aller Stoßüberdeckungen. Flächenabdichtung auf dem Verbundblechwinkel mit einer mind. 20 mm breiten Automatennaht unmittelbar vor der ersten Befestigerreihe thermi;45,0;m;gaeb;3931037.x83
15;Eck- und Endausbildung der Pos;6,0;St;gaeb;3931037.x83
16;Schleppstreifen liefern und im Bereich der Abbordungskante über die senkrechte Perimeterdämmung verlegen und mit der Flächenabdichtung einseitig thermisch verschweißen.;45,0;m;gaeb;3931037.x83
17;Schutzblech liefern inkl. aller Befestigungsmittel fachgerecht an allen Anschlussbereichen montieren. Oberer Abschluss mit dauerelastischer Versiegelung.;45,0;m;gaeb;3931037.x83
18;Eck- und Endausbildung der Pos;6,0;St;gaeb;3931037.x83
19;Bautenschutzbahn liefern und mit 10 cm Überdeckung der Bahnenränder lose auf der Abdichtung verlegen.;230,0;m2;gaeb;3931037.x83
20;Trennlage liefern und einbauen zwischen Bautenschutzbahn und Einkornbeton auf der Bautenschutzbahn verlegen.;230,0;m2;gaeb;3931037.x83
21;Einkornbeton als Schutzbeton liefern;230,0;m2;gaeb;3931037.x83
1;Stundensatz Baufacharbeiter.;20,0;h;gaeb;3931037.x83
1;Baustelleneinrichtung für Bereich Neubau Schule.;1,0;psch;gaeb;3931038.x83
2;Krangestellung für den Materialtransport des gesamten Flachdachaufbaues einschl. Gründach und Kies usw. auf die einzelnen Dachflächen Schule Neubau.;1,0;psch;gaeb;3931038.x83
1;Vorhandene Dachfläche besenrein abkehren und den;410,0;m2;gaeb;3931038.x83
2;Anschlüsse bis zur Aussenkante Attika reinigen.;95,0;m;gaeb;3931038.x83
3;Vorhandenes stehendes Wasser mit geeignetem Gerät;410,0;m2;gaeb;3931038.x83
4;Geeigneten Speier liefern und in bauseits vorhandener Öffnung als Entwässerung der Behelfsabdichtung einbauen. Dampfsperre auf dem Speierflansch aufschweißen.;2,0;St;gaeb;3931038.x83
5;Bitumenvoranstrich liefern und die gesamte Dachfläche fachgerecht nach Herstellervorschrift vorstreichen. Der Bitumenvoranstrich muss ausreichend ablüften.;410,0;m2;gaeb;3931038.x83
6;Bitumenvoranstrich an allen Anschlüssen, bis zur Aussenkante Attika fachgerecht aufbringen.;95,0;m;gaeb;3931038.x83
7;Elastomerbitumen Dampfsperrbahn nach DIN EN 13970 liefern und fachgerecht auf den sauberen und vorbehandelten Untergrund aufschweißen. Die Naht- und Stoßbereiche sind mindestens 8 cm breit zu überdecken und zu verschweißen.;410,0;m2;gaeb;3931038.x83
8;Bitumenhaltige Dampfsperre bis Außenkante Attika führen und fachgerecht an die Unterkonstruktion anschließen.;69,0;m;gaeb;3931038.x83
9;Bitumenhaltige Dampfsperrbahn bis Oberkante Wärmedämmung führen und fachgerecht an die Unterkonstruktion anschließen.;38,0;m;gaeb;3931038.x83
10;Verlegeplan/Gefälleplan für die gesamte vor beschriebene Dachdämmung mit Nachweis des R-Wertes:;1,0;psch;gaeb;3931038.x83
11;Wärmedämmung aus Polyurethan-Hartschaumplatten nach;410,0;m2;gaeb;3931038.x83
12;Mehr- oder Minderpreis bei Dickenänderung der Wärmedämmung pro 10 mm.;820,0;m2;gaeb;3931038.x83
13;Gefälledämmung als Punktentwässerung aus expandierten Polystyrol- Hartschaumplatten nach DIN EN 13163 und DIN 4108-10 liefern und dicht gestoßen im Verband (Grundplatte und Gefälleplatte) lose verlegen. Die Dämmplatten sind gemäß Herstellervorschrift mit SikaRoof BoardAdhesive aufzukleben.;410,0;m2;gaeb;3931038.x83
14;Mehr- oder Minderpreis bei Dickenänderung der Wärmedämmung pro 10 mm.;820,0;m2;gaeb;3931038.x83
15;Bauseits gestellten Gully nach Herstellerangaben fachgerecht einbauen. Inkl. fachgerecht eindichten in die Dachabdichtung.;2,0;St;gaeb;3931038.x83
16;Bauseits gestellten Notüberlauf nach Herstellerangaben fachgerecht einbauen. Inkl. fachgerecht eindichten in die Dachabdichtung.;2,0;St;gaeb;3931038.x83
17;RCS Glasvlies 120 g/m² graphitbeschichtet und elektrisch leitfähig liefern, mit 10 cm Überdeckung lose auf der Unterlage (kein Beton) gemäß Herstellervorschrift verlegen.;410,0;m²;gaeb;3931038.x83
18;Dachabdichtung, schrumpffrei, auf Basis flexibler Polyolefine (FPO) mit innenliegender Verstärkung liefern und lose verlegen. Die Naht- und Stoßüberdeckungen sind nach den Verarbeitungsanweisungen des Herstellers vorzubehandeln und thermisch zu verschweißen.;410,0;m2;gaeb;3931038.x83
19;Mechanische Befestigung der Dachabdichtung bei zu geringer Auflast liefern und nach Herstellervorschrift montieren. Überdeckung der Befestigungsprofile mit 20 cm breiten Bändern (analog Flächenposition) die beidseitig mit der Dachabdichtung thermisch verschweißt werden.;80,0;m;gaeb;3931038.x83
20;Holzkeile, inklusive geeignetem Befestigungsmaterial liefern und fachgerecht mit Gefälle zur Dachfläche im Abstand von 50 cm windsogsicher montieren.;69,0;m;gaeb;3931038.x83
21;Wärmedämmung aus Polyurethan-Hartschaumplatten nach;57,0;m;gaeb;3931038.x83
22;Verbundblech, einschl. aller Befestigungsmaterialien und Vorstoßbleche liefern und sturmsicher montieren, inkl. aller Stoßüberdeckungen. Zwischen Untergrund und Blech ist ein Dichtband einzulegen.;57,0;m;gaeb;3931038.x83
23;Eck- und Endausbildung der;9,0;St;gaeb;3931038.x83
24;Attikaabdeckung auf Halter oder Einhangblech liefern und inkl. aller Befestigungsmaterialien und den erforderlichen Schiebeeinrichtungen fachgerecht  montieren.;69,0;m;gaeb;3931038.x83
25;Eck- und Endausbildung liefern und fachgerecht ausbilden.;9,0;St;gaeb;3931038.x83
26;Wärmedämmung aus Polyurethan-Hartschaumplatten nach;16,0;m;gaeb;3931038.x83
27;Verbundblech als L-Profil, einschl. aller Befestigungsmaterialien liefern und als oberen Abschluss fachgerecht montieren, inkl. aller Stoßüberdeckungen. Zwischen Untergrund und Blech ist ein Dichtband einzulegen.;16,0;m;gaeb;3931038.x83
28;Eck- und Endausbildung liefern und fachgerecht ausbilden.;2,0;St;gaeb;3931038.x83
29;Holzkeile, inklusive geeignetem Befestigungsmaterial liefern und fachgerecht mit Gefälle zur Dachfläche im Abstand von 50 cm windsogsicher montieren.;9,5;m;gaeb;3931038.x83
30;Wärmedämmung aus Polyurethan-Hartschaumplatten nach;9,5;m;gaeb;3931038.x83
31;Verbundblech als Z-Profil, einschl. aller Befestigungsmaterialien liefern und als oberen Abschluss fachgerecht montieren, inkl. aller Stoßüberdeckungen. Zwischen Untergrund und Blech ist ein Dichtband einzulegen.;9,5;m;gaeb;3931038.x83
32;Eck- und Endausbildung liefern und fachgerecht ausbilden.;2,0;St;gaeb;3931038.x83
33;Tropfblech liefern und inkl. aller Befestigungsmaterialien und den erforderlichen Schiebeeinrichtungen fachgerecht  montieren.;9,5;m;gaeb;3931038.x83
34;Eck- und Endausbildung liefern und fachgerecht ausbilden.;2,0;St;gaeb;3931038.x83
35;Wärmedämmung aus Steinwolle-Dachdämmplatten, mit oberseitiger Mineralvlieskaschierung zur Kaltverklebung der Dachabdichtung liefern und an vorhandenen senkrechten Anschluss anpassen.  Die Dämmplatten sind gemäß Herstellervorschrift mechanisch zu befestigen oder aufzukleben.;12,5;m;gaeb;3931038.x83
36;Anschlussbahn liefern, am aufgehenden Bauteil hochführen, nach Herstellervorschrift flächig aufkleben und mit der Dachabdichtung thermisch verschweißen.;12,5;m;gaeb;3931038.x83
37;Sarnafil Verbundblech, einschl. aller Befestigungsmaterialien liefern und unter die bestehende Lüfterabdeckung hochschieben und fachgerecht montieren, inkl. aller  Stoßüberdeckungen.;3,0;St;gaeb;3931038.x83
38;Rohreinfassung (Formteil) liefern, fachgerecht montieren und mit der Flächenbahn verschweißen.;5,0;St;gaeb;3931038.x83
39;Rohreinfassung (Formteil) liefern, fachgerecht montieren und mit der Flächenbahn verschweißen.;2,0;St;gaeb;3931038.x83
40;Rohreinfassung (Formteil) liefern, fachgerecht montieren und mit der Flächenbahn verschweißen.;2,0;St;gaeb;3931038.x83
41;Selbstragendes Sicherheitsgeländer aus Aluminium, geprüft gemäß DIN EN 13374 - Schutzklasse A als Komplettsystem inkl. aller Eckverbinder, Endkappen, Gegengewichte usw. liefern und nach Herstellervorschrift fachgerecht an den vorgegebenen Dachrändern aufbauen. Das Sicherheitsgeländer wird auf Flachd;91,0;m;gaeb;3931038.x83
42;Zulage zu vor beschriebenem Sicherheitsgeländersystem für liefern und fachgerecht montieren von Türe.;1,0;St;gaeb;3931038.x83
43;RCS-Set liefern, bestehend aus:;1,0;St;gaeb;3931038.x83
44;Blitzschutzdrahthalter für Blitzschutzdraht 8 mm, einschließlich Rondelle liefern und in Absprache mit Bauleitung und Blitzschutzbauer montieren und mit der Dachabdichtung nach Herstellerangabe thermisch verschweißen.;100,0;St;gaeb;3931038.x83
1;Nachweis zur Verwehsicherheit der Dachbegrünung bei lagesicherer Dachabdichtung.;1,0;psch;gaeb;3931038.x83
2;Dachfläche besenrein säubern.;410,0;m2;gaeb;3931038.x83
3;Trenn-, Schutz- u. Speichervlies liefern und als Schutz der Dachabdichtung/Wurzelschutzbahn vor mechanischer Beanspruchung bzw. bei Materialunverträglichkeit gemäß DIN 18531-2, mit 10 cm Überlappung fachgerecht verlegen.;410,0;m2;gaeb;3931038.x83
4;Schutzlage aus Pos;95,0;m;gaeb;3931038.x83
5;Drän- und Wasserspeicherelement FKD 25 liefern und einbauen.;410,0;m2;gaeb;3931038.x83
6;Kontrollschacht zur Revisionierung von;4,0;St;gaeb;3931038.x83
7;Filtervlies FIL 105 liefern und als Filterschicht zwischen Dränschicht und Substrat mit 10 cm Überlappung verlegen.;410,0;m2;gaeb;3931038.x83
8;Extensivsubstrat E-leicht als Vegetationstragschicht für Extensivbegrünungen, auf Dachflächen mit geringer Tragfähigkeit, strukturstabilisiert für breites Pflanzenspektrum geeignet, liefern und auf die natürlich;410,0;m2;gaeb;3931038.x83
9;Kiesleiste L-Profil zur Trennung von Kies und Substrat liefern und mit Aluminium-Verbindungselementen nach Herstellerangaben einbauen.;95,0;m;gaeb;3931038.x83
10;Eckelement für ZP80-Kiesleiste der;9,0;St;gaeb;3931038.x83
11;Kies der Körnung 16/22 bis 16/32 mm liefern und nach Planungsvorgaben einbauen.;95,0;m;gaeb;3931038.x83
12;Extensivbegrünung durch Ansaat mit Saatgutmischung EKR und Sprossenansaat (auf Extensiv-Mehrschichtsubstrat E) herstellen.;410,0;m2;gaeb;3931038.x83
13;Fertigstellungspflege für Extensivbegrünung bei Ansaat nach den Richtlinien der FLL / ÖNORM L 1131 bis zur Abnahme der Flächen.;410,0;m2;gaeb;3931038.x83
14;Unterhaltungspflege der Extensivbegrünung nach den Richtlinien der FLL / ÖNORM L 1131 zur Erhaltung des funktionalen Zustandes.;410,0;m2;gaeb;3931038.x83
1;Vorhandene Dachfläche besenrein abkehren und den;100,0;m2;gaeb;3931038.x83
2;Anschlüsse bis zur Aussenkante Attika reinigen.;29,0;m;gaeb;3931038.x83
3;Vorhandenes stehendes Wasser mit geeignetem Gerät;100,0;m2;gaeb;3931038.x83
4;Geeigneten Speier liefern und in bauseits vorhandener Öffnung als Entwässerung der Behelfsabdichtung einbauen. Dampfsperre auf dem Speierflansch aufschweißen.;2,0;St;gaeb;3931038.x83
5;Bitumenvoranstrich liefern und die gesamte Dachfläche fachgerecht nach Herstellervorschrift vorstreichen. Der Bitumenvoranstrich muss ausreichend ablüften.;100,0;m2;gaeb;3931038.x83
6;Bitumenvoranstrich an allen Anschlüssen, bis zur Aussenkante Attika fachgerecht aufbringen.;29,0;m;gaeb;3931038.x83
7;Elastomerbitumen Dampfsperrbahn nach DIN EN 13970 liefern und fachgerecht auf den sauberen und vorbehandelten Untergrund aufschweißen. Die Naht- und Stoßbereiche sind mindestens 8 cm breit zu überdecken und zu verschweißen.;100,0;m2;gaeb;3931038.x83
8;Bitumenhaltige Dampfsperre bis Außenkante Attika führen und fachgerecht an die Unterkonstruktion anschließen.;29,0;m;gaeb;3931038.x83
9;Verlegeplan/Gefälleplan für die gesamte vor beschriebene Dachdämmung mit Nachweis des R-Wertes:;1,0;psch;gaeb;3931038.x83
10;Wärmedämmung aus Polyurethan-Hartschaumplatten nach;100,0;m2;gaeb;3931038.x83
11;Gefälledämmung als Punktentwässerung aus expandierten Polystyrol- Hartschaumplatten nach DIN EN 13163 und DIN 4108-10 liefern und dicht gestoßen im Verband (Grundplatte und Gefälleplatte) lose verlegen. Die Dämmplatten sind gemäß Herstellervorschrift mit SikaRoof BoardAdhesive aufzukleben.;100,0;m2;gaeb;3931038.x83
12;Mehr- oder Minderpreis bei Dickenänderung der Wärmedämmung pro 10 mm.;300,0;m2;gaeb;3931038.x83
13;Balkongully liefern, komplett einbauen und rückstausicher anschließen, nach Herstellervorschrift mit der Dachabdichtung thermisch verschweißen.;2,0;St;gaeb;3931038.x83
14;Zulage zu vor beschriebenem Gully, als Übergang zum Rohr, für liefern und fachgerecht montieren von Rohrbogen.;5,0;St;gaeb;3931038.x83
15;Ablaufrohr einschl. den erforderlichen Rohrschellen liefern und fachgerecht hinter der Fassade montieren. Der Abstand der Rohrschellen beträgt maximal 2,00 m.;10,0;m;gaeb;3931038.x83
16;Notüberlauf-Set, bestehend aus:;2,0;St;gaeb;3931038.x83
17;Zulage zu vor beschriebenem Gully, als Übergang zum Rohr, für liefern und fachgerecht montieren von Rohrbogen.;5,0;St;gaeb;3931038.x83
18;Ablaufrohr einschl. den erforderlichen Rohrschellen liefern und fachgerecht hinter der Fassade montieren. Der Abstand der Rohrschellen beträgt maximal 2,00 m.;10,0;m;gaeb;3931038.x83
19;Zulage zu vor beschriebenem Rohr, als freien Auslauf, für liefern und fachgerecht montieren von Rohrbogen.;5,0;St;gaeb;3931038.x83
20;RCS Glasvlies 120 g/m² graphitbeschichtet und elektrisch leitfähig liefern, mit 10 cm Überdeckung lose auf der Unterlage (kein Beton) gemäß Herstellervorschrift verlegen.;100,0;m2;gaeb;3931038.x83
21;Dachabdichtung, schrumpffrei, auf Basis flexibler Polyolefine (FPO) mit innenliegender Verstärkung liefern und lose verlegen. Die Naht- und Stoßüberdeckungen sind nach den Verarbeitungsanweisungen des Herstellers vorzubehandeln und thermisch zu verschweißen.;100,0;m2;gaeb;3931038.x83
22;Mechanische Befestigung der Dachabdichtung bei zu geringer Auflast liefern und nach Herstellervorschrift montieren. Überdeckung der Befestigungsprofile mit 20 cm breiten Bändern (analog Flächenposition) die beidseitig mit der Dachabdichtung thermisch verschweißt werden.;5,0;m;gaeb;3931038.x83
23;Holzkeile, inklusive geeignetem Befestigungsmaterial liefern und fachgerecht mit Gefälle zur Dachfläche im Abstand von 50 cm windsogsicher montieren.;29,0;m;gaeb;3931038.x83
24;Wärmedämmung aus Polyurethan-Hartschaumplatten nach;29,0;m;gaeb;3931038.x83
25;Verbundblech, einschl. aller Befestigungsmaterialien und Vorstoßbleche liefern und sturmsicher montieren, inkl. aller Stoßüberdeckungen. Zwischen Untergrund und Blech ist ein Dichtband einzulegen.;29,0;m;gaeb;3931038.x83
26;Eck- und Endausbildung der;2,0;St;gaeb;3931038.x83
27;Attikaabdeckung auf Halter oder Einhangblech liefern und inkl. aller Befestigungsmaterialien und den erforderlichen Schiebeeinrichtungen fachgerecht  montieren.;29,0;m;gaeb;3931038.x83
28;Eck- und Endausbildung liefern und fachgerecht ausbilden.;2,0;St;gaeb;3931038.x83
29;Selbstragendes Sicherheitsgeländer aus Aluminium, geprüft gemäß DIN EN 13374 - Schutzklasse A als Komplettsystem inkl. aller Eckverbinder, Endkappen, Gegengewichte usw. liefern und nach Herstellervorschrift fachgerecht an den vorgegebenen Dachrändern aufbauen. Das Sicherheitsgeländer wird auf Flachd;27,0;m;gaeb;3931038.x83
30;RCS-Set liefern, bestehend aus:;1,0;St;gaeb;3931038.x83
31;Blitzschutzdrahthalter für Blitzschutzdraht 8 mm, einschließlich Rondelle liefern und in Absprache mit Bauleitung und Blitzschutzbauer montieren und mit der Dachabdichtung nach Herstellerangabe thermisch verschweißen.;30,0;St;gaeb;3931038.x83
1;Nachweis zur Verwehsicherheit der Dachbegrünung bei lagesicherer Dachabdichtung.;1,0;psch;gaeb;3931038.x83
2;Dachfläche besenrein säubern.;100,0;m2;gaeb;3931038.x83
3;Trenn-, Schutz- u. Speichervlies liefern und als Schutz der Dachabdichtung/Wurzelschutzbahn vor mechanischer Beanspruchung bzw. bei Materialunverträglichkeit gemäß DIN 18531-2, mit 10 cm Überlappung fachgerecht verlegen.;100,0;m2;gaeb;3931038.x83
4;Schutzlage aus Pos;29,0;m;gaeb;3931038.x83
5;Drän- und Wasserspeicherelement FKD 25 liefern und einbauen.;100,0;m2;gaeb;3931038.x83
6;Kontrollschacht zur Revisionierung von;4,0;St;gaeb;3931038.x83
7;Filtervlies FIL 105 liefern und als Filterschicht zwischen Dränschicht und Substrat mit 10 cm Überlappung verlegen.;100,0;m2;gaeb;3931038.x83
8;Extensivsubstrat E-leicht als Vegetationstragschicht für Extensivbegrünungen, auf Dachflächen mit geringer Tragfähigkeit, strukturstabilisiert für breites Pflanzenspektrum geeignet, liefern und auf die natürlich;100,0;m2;gaeb;3931038.x83
9;Kiesleiste L-Profil zur Trennung von Kies und Substrat liefern und mit Aluminium-Verbindungselementen nach Herstellerangaben einbauen.;29,0;m;gaeb;3931038.x83
10;Eckelement für ZP80-Kiesleiste der;2,0;St;gaeb;3931038.x83
11;Kies der Körnung 16/22 bis 16/32 mm liefern und nach Planungsvorgaben einbauen.;29,0;m;gaeb;3931038.x83
12;Extensivbegrünung durch Ansaat mit Saatgutmischung EKR und Sprossenansaat (auf Extensiv-Mehrschichtsubstrat E) herstellen.;100,0;m2;gaeb;3931038.x83
13;Fertigstellungspflege für Extensivbegrünung bei Ansaat nach den Richtlinien der FLL / ÖNORM L 1131 bis zur Abnahme der Flächen.;100,0;m2;gaeb;3931038.x83
14;Unterhaltungspflege der Extensivbegrünung nach den Richtlinien der FLL / ÖNORM L 1131 zur Erhaltung des funktionalen Zustandes.;100,0;m2;gaeb;3931038.x83
1;Dokumentieren und überwachen der Verlegearbeiten sowie;1,0;psch;gaeb;3931038.x83
1;Stundensatz Baufacharbeiter.;20,0;h;gaeb;3931038.x83
1;Baustelleneinrichtung für Bereich Sanierung Schule.;1,0;psch;gaeb;3931038.x83
2;Krangestellung für den Materialtransport des gesamten Flachdachaufbaues einschl. Gründach und Kies usw. auf die einzelnen Dachflächen Schule Sanierung.;1,0;psch;gaeb;3931038.x83
1;Vorhandene Dachfläche besenrein abkehren und den;200,0;m2;gaeb;3931038.x83
2;Anschlüsse bis zur Aussenkante Attika reinigen.;44,5;m;gaeb;3931038.x83
3;Vorhandenes stehendes Wasser mit geeignetem Gerät;200,0;m2;gaeb;3931038.x83
4;Durchsturzsichere Abdeckungen nach Wahl des Bieters auf Lichtkuppeln, Schächten, Aussparungen herstellen und nach den Arbeiten wieder entfernen.;1,0;St;gaeb;3931038.x83
5;Geeigneten Speier liefern und in bauseits vorhandener Öffnung als Entwässerung der Behelfsabdichtung einbauen. Dampfsperre auf dem Speierflansch aufschweißen.;2,0;St;gaeb;3931038.x83
6;Vorhandene trockene Bodenfläche durch staubfreies Kugelstrahlen von Schlemmen. etc befreien, anschließend gründlich absaugen.;200,0;m2;gaeb;3931038.x83
7;Bitumenvoranstrich liefern und die gesamte Dachfläche fachgerecht nach Herstellervorschrift vorstreichen. Der Bitumenvoranstrich muss ausreichend ablüften.;200,0;m2;gaeb;3931038.x83
8;Flachdachausstieg mit Zusatzstufen;1,0;St;gaeb;3931038.x83
9;Bitumenvoranstrich an allen Anschlüssen, bis zur Aussenkante Attika fachgerecht aufbringen.;49,5;m;gaeb;3931038.x83
10;Elastomerbitumen Dampfsperrbahn nach DIN EN 13970 liefern und fachgerecht auf den sauberen und vorbehandelten Untergrund aufschweißen. Die Naht- und Stoßbereiche sind mindestens 8 cm breit zu überdecken und zu verschweißen.;200,0;m2;gaeb;3931038.x83
11;Bitumenhaltige Dampfsperre bis Außenkante Attika, Dachausstieg, und sonstige lineare Einbauten führen und fachgerecht an die Unterkonstruktion anschließen.;35,0;m;gaeb;3931038.x83
12;Bitumenhaltige Dampfsperrbahn bis Oberkante Wärmedämmung führen und fachgerecht an die Unterkonstruktion anschließen.;14,5;m;gaeb;3931038.x83
13;Verlegeplan/Gefälleplan für die gesamte vor beschriebene Dachdämmung mit Nachweis des R-Wertes:;1,0;psch;gaeb;3931038.x83
14;Wärmedämmung aus Polyurethan-Hartschaumplatten nach;200,0;m2;gaeb;3931038.x83
15;Mehr- oder Minderpreis bei Dickenänderung der Wärmedämmung pro 10 mm.;600,0;m2;gaeb;3931038.x83
16;Gefälledämmung als Punktentwässerung aus expandierten Polystyrol- Hartschaumplatten nach DIN EN 13163 und DIN 4108-10 liefern und dicht gestoßen im Verband (Grundplatte und Gefälleplatte) lose verlegen. Die Dämmplatten sind gemäß Herstellervorschrift mit SikaRoof BoardAdhesive aufzukleben.;200,0;m2;gaeb;3931038.x83
17;Mehr- oder Minderpreis bei Dickenänderung der Wärmedämmung pro 10 mm.;400,0;m2;gaeb;3931038.x83
18;Balkongully liefern, komplett einbauen und rückstausicher anschließen, nach Herstellervorschrift mit der Dachabdichtung thermisch verschweißen.;2,0;St;gaeb;3931038.x83
19;Zulage zu vor beschriebenem Gully, als Übergang zum Rohr, für liefern und fachgerecht montieren von Rohrbogen.;5,0;St;gaeb;3931038.x83
20;Ablaufrohr einschl. den erforderlichen Rohrschellen liefern und fachgerecht hinter der Fassade montieren. Der Abstand der Rohrschellen beträgt maximal 2,00 m.;10,0;m;gaeb;3931038.x83
21;Notüberlauf-Set, bestehend aus:;2,0;St;gaeb;3931038.x83
22;Zulage zu vor beschriebenem Gully, als Übergang zum Rohr, für liefern und fachgerecht montieren von Rohrbogen.;5,0;St;gaeb;3931038.x83
23;Ablaufrohr einschl. den erforderlichen Rohrschellen liefern und fachgerecht hinter der Fassade montieren. Der Abstand der Rohrschellen beträgt maximal 2,00 m.;10,0;m;gaeb;3931038.x83
24;Zulage zu vor beschriebenem Rohr, als freien Auslauf, für liefern und fachgerecht montieren von Rohrbogen.;5,0;St;gaeb;3931038.x83
25;RCS Glasvlies 120 g/m² graphitbeschichtet und elektrisch leitfähig liefern, mit 10 cm Überdeckung lose auf der Unterlage (kein Beton) gemäß Herstellervorschrift verlegen.;200,0;m²;gaeb;3931038.x83
26;Dachabdichtung, schrumpffrei, auf Basis flexibler Polyolefine (FPO) mit innenliegender Verstärkung liefern und lose verlegen. Die Naht- und Stoßüberdeckungen sind nach den Verarbeitungsanweisungen des Herstellers vorzubehandeln und thermisch zu verschweißen.;200,0;m2;gaeb;3931038.x83
27;Mechanische Befestigung der Dachabdichtung bei zu geringer Auflast liefern und nach Herstellervorschrift montieren. Überdeckung der Befestigungsprofile mit 20 cm breiten Bändern (analog Flächenposition) die beidseitig mit der Dachabdichtung thermisch verschweißt werden.;40,0;m;gaeb;3931038.x83
28;Holzkeile, inklusive geeignetem Befestigungsmaterial liefern und fachgerecht mit Gefälle zur Dachfläche im Abstand von 50 cm windsogsicher montieren.;30,0;m;gaeb;3931038.x83
29;Wärmedämmung aus Polyurethan-Hartschaumplatten nach;30,0;m;gaeb;3931038.x83
30;Verbundblech, einschl. aller Befestigungsmaterialien und Vorstoßbleche liefern und sturmsicher montieren, inkl. aller Stoßüberdeckungen. Zwischen Untergrund und Blech ist ein Dichtband einzulegen.;30,0;m;gaeb;3931038.x83
31;Eck- und Endausbildung der;2,0;St;gaeb;3931038.x83
32;Attikaabdeckung auf Halter oder Einhangblech liefern und inkl. aller Befestigungsmaterialien und den erforderlichen Schiebeeinrichtungen fachgerecht  montieren.;30,0;m;gaeb;3931038.x83
33;Eck- und Endausbildung liefern und fachgerecht ausbilden.;2,0;St;gaeb;3931038.x83
34;Wärmedämmung aus Polyurethan-Hartschaumplatten nach;14,5;m;gaeb;3931038.x83
35;Verbundblech als L-Profil, einschl. aller Befestigungsmaterialien liefern und als oberen Abschluss fachgerecht montieren, inkl. aller Stoßüberdeckungen. Zwischen Untergrund und Blech ist ein Dichtband einzulegen.;14,5;m;gaeb;3931038.x83
36;Eck- und Endausbildung liefern und fachgerecht ausbilden.;2,0;St;gaeb;3931038.x83
37;Anschlussbahn liefern, am Lichtkuppelkranz hochführen, mit Kontaktkleber vollflächig aufkleben und mit der Dachabdichtung thermisch verschweißen,;1,0;St;gaeb;3931038.x83
38;Rohreinfassung (Formteil) liefern, fachgerecht montieren und mit der Flächenbahn verschweißen.;5,0;St;gaeb;3931038.x83
39;Rohreinfassung (Formteil) liefern, fachgerecht montieren und mit der Flächenbahn verschweißen.;2,0;St;gaeb;3931038.x83
40;Rohreinfassung (Formteil) liefern, fachgerecht montieren und mit der Flächenbahn verschweißen.;2,0;St;gaeb;3931038.x83
41;Selbstragendes Sicherheitsgeländer aus Aluminium, geprüft gemäß DIN EN 13374 - Schutzklasse A als Komplettsystem inkl. aller Eckverbinder, Endkappen, Gegengewichte usw. liefern und nach Herstellervorschrift fachgerecht an den vorgegebenen Dachrändern aufbauen. Das Sicherheitsgeländer wird auf Flachd;29,0;m;gaeb;3931038.x83
42;Zulage zu vor beschriebenem Sicherheitsgeländersystem für liefern und fachgerecht montieren von Türe.;1,0;St;gaeb;3931038.x83
43;RCS-Set liefern, bestehend aus:;1,0;St;gaeb;3931038.x83
44;Blitzschutzdrahthalter für Blitzschutzdraht 8 mm, einschließlich Rondelle liefern und in Absprache mit Bauleitung und Blitzschutzbauer montieren und mit der Dachabdichtung nach Herstellerangabe thermisch verschweißen.;80,0;St;gaeb;3931038.x83
1;Nachweis zur Verwehsicherheit der Dachbegrünung bei lagesicherer Dachabdichtung.;1,0;psch;gaeb;3931038.x83
2;Dachfläche besenrein säubern.;200,0;m2;gaeb;3931038.x83
3;Trenn-, Schutz- u. Speichervlies liefern und als Schutz der Dachabdichtung/Wurzelschutzbahn vor mechanischer Beanspruchung bzw. bei Materialunverträglichkeit gemäß DIN 18531-2, mit 10 cm Überlappung fachgerecht verlegen.;200,0;m2;gaeb;3931038.x83
4;Schutzlage aus Pos;49,5;m;gaeb;3931038.x83
5;Drän- und Wasserspeicherelement FKD 25 liefern und einbauen.;200,0;m2;gaeb;3931038.x83
6;Kontrollschacht zur Revisionierung von;4,0;St;gaeb;3931038.x83
7;Filtervlies FIL 105 liefern und als Filterschicht zwischen Dränschicht und Substrat mit 10 cm Überlappung verlegen.;200,0;m2;gaeb;3931038.x83
8;Extensivsubstrat E-leicht als Vegetationstragschicht für Extensivbegrünungen, auf Dachflächen mit geringer Tragfähigkeit, strukturstabilisiert für breites Pflanzenspektrum geeignet, liefern und auf die natürlich;200,0;m2;gaeb;3931038.x83
9;Kiesleiste L-Profil zur Trennung von Kies und Substrat liefern und mit Aluminium-Verbindungselementen nach Herstellerangaben einbauen.;44,5;m;gaeb;3931038.x83
10;Eckelement für ZP80-Kiesleiste der;2,0;St;gaeb;3931038.x83
11;Kies der Körnung 16/22 bis 16/32 mm liefern und nach Planungsvorgaben einbauen.;44,5;m;gaeb;3931038.x83
12;Extensivbegrünung durch Ansaat mit Saatgutmischung EKR und Sprossenansaat (auf Extensiv-Mehrschichtsubstrat E) herstellen.;200,0;m2;gaeb;3931038.x83
13;Fertigstellungspflege für Extensivbegrünung bei Ansaat nach den Richtlinien der FLL / ÖNORM L 1131 bis zur Abnahme der Flächen.;200,0;m2;gaeb;3931038.x83
14;Unterhaltungspflege der Extensivbegrünung nach den Richtlinien der FLL / ÖNORM L 1131 zur Erhaltung des funktionalen Zustandes.;200,0;m2;gaeb;3931038.x83
1;Vorhandene Dachfläche besenrein abkehren und den;28,0;m2;gaeb;3931038.x83
2;Anschlüsse bis zur Aussenkante Attika reinigen.;24,0;m;gaeb;3931038.x83
3;Vorhandenes stehendes Wasser mit geeignetem Gerät;28,0;m2;gaeb;3931038.x83
4;Geeigneten Speier liefern und in bauseits vorhandener Öffnung als Entwässerung der Behelfsabdichtung einbauen. Dampfsperre auf dem Speierflansch aufschweißen.;1,0;St;gaeb;3931038.x83
5;Vorhandene trockene Bodenfläche durch staubfreies Kugelstrahlen von Schlemmen. etc befreien, anschließend gründlich absaugen.;28,0;m2;gaeb;3931038.x83
6;Bitumenvoranstrich liefern und die gesamte Dachfläche fachgerecht nach Herstellervorschrift vorstreichen. Der Bitumenvoranstrich muss ausreichend ablüften.;28,0;m2;gaeb;3931038.x83
7;Bitumenvoranstrich an allen Anschlüssen, bis zur Aussenkante Attika fachgerecht aufbringen.;24,0;m;gaeb;3931038.x83
8;Elastomerbitumen Dampfsperrbahn nach DIN EN 13970 liefern und fachgerecht auf den sauberen und vorbehandelten Untergrund aufschweißen. Die Naht- und Stoßbereiche sind mindestens 8 cm breit zu überdecken und zu verschweißen.;28,0;m2;gaeb;3931038.x83
9;Bitumenhaltige Dampfsperre bis Außenkante Attika und führen und fachgerecht an die Unterkonstruktion anschließen.;12,0;m;gaeb;3931038.x83
10;Bitumenhaltige Dampfsperrbahn bis Oberkante Wärmedämmung führen und fachgerecht an die Unterkonstruktion anschließen.;12,0;m;gaeb;3931038.x83
11;Verlegeplan/Gefälleplan für die gesamte vor beschriebene Dachdämmung mit Nachweis des R-Wertes:;1,0;psch;gaeb;3931038.x83
12;Wärmedämmung aus Polyurethan-Hartschaumplatten nach;28,0;m2;gaeb;3931038.x83
13;Mehr- oder Minderpreis bei Dickenänderung der Wärmedämmung pro 10 mm.;84,0;m2;gaeb;3931038.x83
14;Gefälledämmung als Punktentwässerung aus expandierten Polystyrol- Hartschaumplatten nach DIN EN 13163 und DIN 4108-10 liefern und dicht gestoßen im Verband (Grundplatte und Gefälleplatte) lose verlegen. Die Dämmplatten sind gemäß Herstellervorschrift mit SikaRoof BoardAdhesive aufzukleben.;28,0;m2;gaeb;3931038.x83
15;Mehr- oder Minderpreis bei Dickenänderung der Wärmedämmung pro 10 mm.;84,0;m2;gaeb;3931038.x83
16;Balkongully liefern, komplett einbauen und rückstausicher anschließen, nach Herstellervorschrift mit der Dachabdichtung thermisch verschweißen.;1,0;St;gaeb;3931038.x83
17;Zulage zu vor beschriebenem Gully, als Übergang zum Rohr, für liefern und fachgerecht montieren von Rohrbogen.;5,0;St;gaeb;3931038.x83
18;Ablaufrohr einschl. den erforderlichen Rohrschellen liefern und fachgerecht hinter der Fassade montieren. Der Abstand der Rohrschellen beträgt maximal 2,00 m.;4,0;m;gaeb;3931038.x83
19;Notüberlauf-Set, bestehend aus:;1,0;St;gaeb;3931038.x83
20;Zulage zu vor beschriebenem Gully, als Übergang zum Rohr, für liefern und fachgerecht montieren von Rohrbogen.;5,0;St;gaeb;3931038.x83
21;Ablaufrohr einschl. den erforderlichen Rohrschellen liefern und fachgerecht hinter der Fassade montieren. Der Abstand der Rohrschellen beträgt maximal 2,00 m.;4,0;m;gaeb;3931038.x83
22;Zulage zu vor beschriebenem Rohr, als freien Auslauf, für liefern und fachgerecht montieren von Rohrbogen.;5,0;St;gaeb;3931038.x83
23;RCS Glasvlies 120 g/m² graphitbeschichtet und elektrisch leitfähig liefern, mit 10 cm Überdeckung lose auf der Unterlage (kein Beton) gemäß Herstellervorschrift verlegen.;28,0;m2;gaeb;3931038.x83
24;Dachabdichtung, schrumpffrei, auf Basis flexibler Polyolefine (FPO) mit innenliegender Verstärkung liefern und lose verlegen. Die Naht- und Stoßüberdeckungen sind nach den Verarbeitungsanweisungen des Herstellers vorzubehandeln und thermisch zu verschweißen.;28,0;m2;gaeb;3931038.x83
25;Mechanische Befestigung der Dachabdichtung bei zu geringer Auflast liefern und nach Herstellervorschrift montieren. Überdeckung der Befestigungsprofile mit 20 cm breiten Bändern (analog Flächenposition) die beidseitig mit der Dachabdichtung thermisch verschweißt werden.;8,0;m;gaeb;3931038.x83
26;Holzkeile, inklusive geeignetem Befestigungsmaterial liefern und fachgerecht mit Gefälle zur Dachfläche im Abstand von 50 cm windsogsicher montieren.;12,0;m;gaeb;3931038.x83
27;Wärmedämmung aus Polyurethan-Hartschaumplatten nach;12,0;m;gaeb;3931038.x83
28;Verbundblech, einschl. aller Befestigungsmaterialien und Vorstoßbleche liefern und sturmsicher montieren, inkl. aller Stoßüberdeckungen. Zwischen Untergrund und Blech ist ein Dichtband einzulegen.;12,0;m;gaeb;3931038.x83
29;Eck- und Endausbildung der;3,0;St;gaeb;3931038.x83
30;Attikaabdeckung auf Halter oder Einhangblech liefern und inkl. aller Befestigungsmaterialien und den erforderlichen Schiebeeinrichtungen fachgerecht  montieren.;12,0;m;gaeb;3931038.x83
31;Eck- und Endausbildung liefern und fachgerecht ausbilden.;3,0;St;gaeb;3931038.x83
32;RCS-Set liefern, bestehend aus:;1,0;St;gaeb;3931038.x83
33;Edelstahl Anschlagpunkt mit Grundplatte.;2,0;St;gaeb;3931038.x83
34;Edelstahl Anschlagpunkt mit Grundplatte.;3,0;St;gaeb;3931038.x83
35;Spezial-Edelstahlseil;12,0;m;gaeb;3931038.x83
36;Spannelement;2,0;St;gaeb;3931038.x83
37;ForceLimiter für;2,0;St;gaeb;3931038.x83
38;TI-FlexCurve;1,0;St;gaeb;3931038.x83
39;TI-Bracket;5,0;St;gaeb;3931038.x83
40;Maschinenschraube M16 x 40;10,0;St;gaeb;3931038.x83
41;Systemschild,;1,0;St;gaeb;3931038.x83
42;Endmontage der Seile und Zertifizierung;1,0;psch;gaeb;3931038.x83
43;Persönliche Schutzausrüstung;1,0;St;gaeb;3931038.x83
44;ABS Lanyard, 2 Karabinerhaken;1,0;St;gaeb;3931038.x83
45;Montagedokumentation zur Übergabe an den Gebäudebetreiber als Nachweis der korrekten Montage und Sicherstellung der langfristigen Nutzbarkeit der Anschlageinrichtung.;1,0;psch;gaeb;3931038.x83
46;Überprüfen des hor. Sicherungssystems mit vorhandener Dokumentation;1,0;St;gaeb;3931038.x83
47;Kiesschüttung als Auflast für lose verlegte Dach- und Dichtungsbahnen liefern und gleichmäßig verteilt auf den vorbereiteten Untergrund aufbringen.;28,0;m2;gaeb;3931038.x83
48;Kiesschüttung liefern und als Zusatzlast zur Vorposition im Außenrandbereich aufbringen.;13,0;m2;gaeb;3931038.x83
49;Kiesschüttung liefern und als Zusatzlast zur Vorposition im Eckbereich aufbringen.;4,0;m2;gaeb;3931038.x83
1;Vorhandene Dachfläche besenrein abkehren und den;1060,0;m2;gaeb;3931038.x83
2;Anschlüsse bis zur Aussenkante Attika reinigen.;245,0;m;gaeb;3931038.x83
3;Vorhandenes stehendes Wasser mit geeignetem Gerät;1060,0;m2;gaeb;3931038.x83
4;Durchsturzsichere Abdeckungen nach Wahl des Bieters auf Lichtkuppeln, Schächten, Aussparungen herstellen und nach den Arbeiten wieder entfernen.;1,0;St;gaeb;3931038.x83
5;Geeigneten Speier liefern und in bauseits vorhandener Öffnung als Entwässerung der Behelfsabdichtung einbauen. Dampfsperre auf dem Speierflansch aufschweißen.;4,0;St;gaeb;3931038.x83
6;Vorhandene trockene Bodenfläche durch staubfreies Kugelstrahlen von Schlemmen. etc befreien, anschließend gründlich absaugen.;1060,0;m²;gaeb;3931038.x83
7;Bitumenvoranstrich liefern und die gesamte Dachfläche fachgerecht nach Herstellervorschrift vorstreichen. Der Bitumenvoranstrich muss ausreichend ablüften.;1060,0;m2;gaeb;3931038.x83
8;Flachdachausstieg mit Zusatzstufen;1,0;St;gaeb;3931038.x83
9;Trennblech anfertigen, liefern und  fachgerecht einseitig fixiert montieren.;29,0;m;gaeb;3931038.x83
10;Bitumenvoranstrich an allen Anschlüssen, bis zur Aussenkante Attika fachgerecht aufbringen.;245,0;m;gaeb;3931038.x83
11;Elastomerbitumen Dampfsperrbahn nach DIN EN 13970 liefern und fachgerecht auf den sauberen und vorbehandelten Untergrund aufschweißen. Die Naht- und Stoßbereiche sind mindestens 8 cm breit zu überdecken und zu verschweißen.;805,0;m2;gaeb;3931038.x83
12;Kaltselbstklebende-Elastomerbitumen-Dampfsperrbahn nach DIN EN 13970.;255,0;m2;gaeb;3931038.x83
13;Bitumenhaltige Dampfsperre bis Außenkante Attika, Dachausstieg, und sonstige lineare Einbauten führen und fachgerecht an die Unterkonstruktion anschließen.;216,5;m;gaeb;3931038.x83
14;Bitumenhaltige Dampfsperrbahn bis Oberkante Wärmedämmung führen und fachgerecht an die Unterkonstruktion anschließen.;28,5;m;gaeb;3931038.x83
15;Verlegeplan/Gefälleplan für die gesamte vor beschriebene Dachdämmung mit Nachweis des R-Wertes:;1,0;psch;gaeb;3931038.x83
16;Wärmedämmung aus Polyurethan-Hartschaumplatten nach;1060,0;m2;gaeb;3931038.x83
17;Mehr- oder Minderpreis bei Dickenänderung der Wärmedämmung pro 10 mm.;3180,0;m2;gaeb;3931038.x83
18;Gefälledämmung als Punktentwässerung aus expandierten Polystyrol- Hartschaumplatten nach DIN EN 13163 und DIN 4108-10 liefern und dicht gestoßen im Verband (Grundplatte und Gefälleplatte) lose verlegen. Die Dämmplatten sind gemäß Herstellervorschrift mit SikaRoof BoardAdhesive aufzukleben.;1060,0;m2;gaeb;3931038.x83
19;Mehr- oder Minderpreis bei Dickenänderung der Wärmedämmung pro 10 mm.;2120,0;m2;gaeb;3931038.x83
20;Bauseits gestellten Gully nach Herstellerangaben fachgerecht einbauen. Inkl. fachgerecht eindichten in die Dachabdichtung.;4,0;St;gaeb;3931038.x83
21;Bauseits gestellten Notüberlauf nach Herstellerangaben fachgerecht einbauen. Inkl. fachgerecht eindichten in die Dachabdichtung.;4,0;St;gaeb;3931038.x83
22;RCS Glasvlies 120 g/m² graphitbeschichtet und elektrisch leitfähig liefern, mit 10 cm Überdeckung lose auf der Unterlage (kein Beton) gemäß Herstellervorschrift verlegen.;1060,0;m²;gaeb;3931038.x83
23;Dachabdichtung, schrumpffrei, auf Basis flexibler Polyolefine (FPO) mit innenliegender Verstärkung liefern und lose verlegen. Die Naht- und Stoßüberdeckungen sind nach den Verarbeitungsanweisungen des Herstellers vorzubehandeln und thermisch zu verschweißen.;1060,0;m2;gaeb;3931038.x83
24;Holzkeile, inklusive geeignetem Befestigungsmaterial liefern und fachgerecht mit Gefälle zur Dachfläche im Abstand von 50 cm windsogsicher montieren.;210,0;m;gaeb;3931038.x83
25;Wärmedämmung aus Polyurethan-Hartschaumplatten nach;210,0;m;gaeb;3931038.x83
26;Verbundblech, einschl. aller Befestigungsmaterialien und Vorstoßbleche liefern und sturmsicher montieren, inkl. aller Stoßüberdeckungen. Zwischen Untergrund und Blech ist ein Dichtband einzulegen.;146,0;m;gaeb;3931038.x83
27;Verbundblech, einschl. aller Befestigungsmaterialien und Vorstoßbleche liefern und sturmsicher montieren, inkl. aller Stoßüberdeckungen. Zwischen Untergrund und Blech ist ein Dichtband einzulegen.;64,0;m;gaeb;3931038.x83
28;Eck- und Endausbildung der;16,0;St;gaeb;3931038.x83
29;Attikaabdeckung auf Halter oder Einhangblech liefern und inkl. aller Befestigungsmaterialien und den erforderlichen Schiebeeinrichtungen fachgerecht  montieren.;210,0;m;gaeb;3931038.x83
30;Eck- und Endausbildung liefern und fachgerecht ausbilden.;16,0;St;gaeb;3931038.x83
31;Wärmedämmung aus Polyurethan-Hartschaumplatten nach;28,5;m;gaeb;3931038.x83
32;Verbundblech als L-Profil, einschl. aller Befestigungsmaterialien liefern und als oberen Abschluss fachgerecht montieren, inkl. aller Stoßüberdeckungen. Zwischen Untergrund und Blech ist ein Dichtband einzulegen.;28,5;m;gaeb;3931038.x83
33;Eck- und Endausbildung liefern und fachgerecht ausbilden.;8,0;St;gaeb;3931038.x83
34;Attikaabdeckung auf Halter oder Einhangblech liefern und inkl. aller Befestigungsmaterialien und den erforderlichen Schiebeeinrichtungen fachgerecht  montieren.;28,5;m;gaeb;3931038.x83
35;Eck- und Endausbildung liefern und fachgerecht ausbilden.;8,0;St;gaeb;3931038.x83
36;Anschlussbahn liefern, am Lichtkuppelkranz hochführen, mit Kontaktkleber vollflächig aufkleben und mit der Dachabdichtung thermisch verschweißen,;1,0;St;gaeb;3931038.x83
37;Rohreinfassung (Formteil) liefern, fachgerecht montieren und mit der Flächenbahn verschweißen.;15,0;St;gaeb;3931038.x83
38;Rohreinfassung (Formteil) liefern, fachgerecht montieren und mit der Flächenbahn verschweißen.;2,0;St;gaeb;3931038.x83
39;Rohreinfassung (Formteil) liefern, fachgerecht montieren und mit der Flächenbahn verschweißen.;2,0;St;gaeb;3931038.x83
40;Sarnafil Verbundblech, einschl. aller Befestigungsmaterialien liefern und unter die bestehende Lüfterabdeckung hochschieben und fachgerecht montieren, inkl. aller  Stoßüberdeckungen.;4,0;St;gaeb;3931038.x83
41;Selbstragendes Sicherheitsgeländer aus Aluminium, geprüft gemäß DIN EN 13374 - Schutzklasse A als Komplettsystem inkl. aller Eckverbinder, Endkappen, Gegengewichte usw. liefern und nach Herstellervorschrift fachgerecht an den vorgegebenen Dachrändern aufbauen. Das Sicherheitsgeländer wird auf Flachd;240,0;m;gaeb;3931038.x83
42;Zulage zu vor beschriebenem Sicherheitsgeländersystem für liefern und fachgerecht montieren von Türe.;1,0;St;gaeb;3931038.x83
43;RCS-Set liefern, bestehend aus:;2,0;St;gaeb;3931038.x83
44;Kiesschüttung als Auflast für lose verlegte Dach- und Dichtungsbahnen liefern und gleichmäßig verteilt auf den vorbereiteten Untergrund aufbringen.;1060,0;m²;gaeb;3931038.x83
45;Kiesschüttung liefern und als Zusatzlast zur Vorposition im Außenrandbereich aufbringen.;245,0;m²;gaeb;3931038.x83
46;Kiesschüttung liefern und als Zusatzlast zur Vorposition im Eckbereich aufbringen.;100,0;m²;gaeb;3931038.x83
47;Blitzschutzdrahthalter für Blitzschutzdraht 8 mm, einschließlich Rondelle liefern und in Absprache mit Bauleitung und Blitzschutzbauer montieren und mit der Dachabdichtung nach Herstellerangabe thermisch verschweißen.;150,0;St;gaeb;3931038.x83
48;Schwanenhals für Kabeldurchführungen liefern und im vorbeschriebenen Dach einbauen und eindichten.;2,0;St;gaeb;3931038.x83
49;In dieser Position ist der Mehraufwand für den Einbau der;1,0;psch;gaeb;3931038.x83
1;Dokumentieren und überwachen der Verlegearbeiten sowie;1,0;psch;gaeb;3931038.x83
1;Stundensatz Baufacharbeiter.;20,0;h;gaeb;3931038.x83
1;Baustelleneinrichtung für Bereich Neubau Turnhalle.;1,0;psch;gaeb;3931038.x83
2;Krangestellung für den Materialtransport des gesamten Flachdachaufbaues usw. auf die einzelnen Dachflächen Turnhalle Neubau.;1,0;psch;gaeb;3931038.x83
1;Vorhandene Dachfläche besenrein abkehren und den;230,0;m2;gaeb;3931038.x83
2;Bitumenvoranstrich liefern und die gesamte Dachfläche fachgerecht nach Herstellervorschrift vorstreichen. Der Bitumenvoranstrich muss ausreichend ablüften.;230,0;m2;gaeb;3931038.x83
3;Bitumenvoranstrich an allen Anschlüssen, mindestens bis zur Oberkante der Wärmedämmung fachgerecht aufbringen bei;70,0;m;gaeb;3931038.x83
4;Elastomerbitumen-Dampfsperre nach DIN EN 13970 mit Aluminiumeinlage liefern und nach Herstellervorschrift fachgerecht verlegen.;230,0;m2;gaeb;3931038.x83
5;Bitumenhaltige Dampfsperre an die Unterkonstruktion fachgerecht anschließen bei;70,0;m;gaeb;3931038.x83
6;Wärmedämmung aus extrudiertem Polystyrol nach DIN EN 13164 und DIN 4108-10 mit Stufenfalz liefern und dicht gestoßen lose verlegen.;230,0;m2;gaeb;3931038.x83
7;Gefälledämmung als Punktentwässerung aus expandierten Polystyrol- Hartschaumplatten nach DIN EN 13163 und DIN 4108-10 liefern und dicht gestoßen im Verband (Grundplatte und Gefälleplatte) lose verlegen. Die Dämmplatten sind gemäß Herstellervorschrift mit SikaRoof BoardAdhesive aufzukleben.;230,0;m²;gaeb;3931038.x83
8;Unterlagsbahn;230,0;m2;gaeb;3931038.x83
9;Oberlage;230,0;m2;gaeb;3931038.x83
10;Wärmedämmung aus Polyurethan-Hartschaumplatten nach DIN EN 13165 und DIN 4108-10 liefern, dicht gestoßen an vorhandenen senkrechten Anschluss anpassen sowie nach Herstellervorschrift mechanisch am aufgehenden Bauteil befestigen oder fachgerecht aufkleben.;70,0;m;gaeb;3931038.x83
11;Verbundblech als Z-Profil, einschl. aller Befestigungsmaterialien liefern und als oberen Abschluss fachgerecht montieren, inkl. aller Stoßüberdeckungen. Zwischen Untergrund und Blech ist ein Dichtband einzulegen.;70,0;m;gaeb;3931038.x83
12;Eck- und Endausbildung der Pos;7,0;St;gaeb;3931038.x83
13;Wärmedämmplatten PIR alukaschiert liefern und auf die Betondecke verlegen.;45,0;m;gaeb;3931038.x83
14;Verbundblechwinkel liefern und mit zugelassenen Senkkopf Befestigern nach Herstellervorschrift auf der Holzkonstruktion montieren, inkl. aller Stoßüberdeckungen. Flächenabdichtung auf dem Verbundblechwinkel mit einer mind. 20 mm breiten Automatennaht unmittelbar vor der ersten Befestigerreihe thermi;45,0;m;gaeb;3931038.x83
15;Eck- und Endausbildung der Pos;6,0;St;gaeb;3931038.x83
16;Schleppstreifen liefern und im Bereich der Abbordungskante über die senkrechte Perimeterdämmung verlegen und mit der Flächenabdichtung einseitig thermisch verschweißen.;45,0;m;gaeb;3931038.x83
17;Schutzblech liefern inkl. aller Befestigungsmittel fachgerecht an allen Anschlussbereichen montieren. Oberer Abschluss mit dauerelastischer Versiegelung.;45,0;m;gaeb;3931038.x83
18;Eck- und Endausbildung der Pos;6,0;St;gaeb;3931038.x83
19;Bautenschutzbahn liefern und mit 10 cm Überdeckung der Bahnenränder lose auf der Abdichtung verlegen.;230,0;m2;gaeb;3931038.x83
20;Trennlage liefern und einbauen zwischen Bautenschutzbahn und Einkornbeton auf der Bautenschutzbahn verlegen.;230,0;m2;gaeb;3931038.x83
21;Einkornbeton als Schutzbeton liefern;230,0;m2;gaeb;3931038.x83
1;Stundensatz Baufacharbeiter.;20,0;h;gaeb;3931038.x83
