Pos.;Leistung;Menge;Einheit;Quelle;Datei
10;Kanalrohr aus Polypropylen-Vollwandrohr gemäß DIN EN 14758-1, mit Steckverbindung, mit werkseitig eingelegter Lippendichtung, Rohrende glatt, Nenn-Ringsteifigkeit SN 8 DIN EN ISO 9969,;15,0;m;gaeb;leistungsbeschreibungen/20260717_SBH_LV_VE1-410-1a.X83
20;jedoch DN/OD 125;5,0;m;gaeb;leistungsbeschreibungen/20260717_SBH_LV_VE1-410-1a.X83
30;jedoch DN/OD 160;5,0;m;gaeb;leistungsbeschreibungen/20260717_SBH_LV_VE1-410-1a.X83
40;jedoch DN/OD 200;20,0;m;gaeb;leistungsbeschreibungen/20260717_SBH_LV_VE1-410-1a.X83
50;jedoch DN/OD 250;20,0;m;gaeb;leistungsbeschreibungen/20260717_SBH_LV_VE1-410-1a.X83
60;jedoch DN/OD 315;40,0;m;gaeb;leistungsbeschreibungen/20260717_SBH_LV_VE1-410-1a.X83
70;Bogen, Formstück aus PP gemäß DIN EN 14758-1, für Abwasserkanal, in handelsüblichen Gradzahlen, Steckverbindung, mit Lippendichtung, Rohrende glatt, DN/OD 110.;45,0;St;gaeb;leistungsbeschreibungen/20260717_SBH_LV_VE1-410-1a.X83
80;jedoch DN/OD 125;5,0;St;gaeb;leistungsbeschreibungen/20260717_SBH_LV_VE1-410-1a.X83
90;jedoch DN/OD 150;2,0;St;gaeb;leistungsbeschreibungen/20260717_SBH_LV_VE1-410-1a.X83
100;jedoch DN/OD 200;15,0;St;gaeb;leistungsbeschreibungen/20260717_SBH_LV_VE1-410-1a.X83
110;jedoch DN/OD 250;10,0;St;gaeb;leistungsbeschreibungen/20260717_SBH_LV_VE1-410-1a.X83
120;jedoch DN/OD 315;15,0;St;gaeb;leistungsbeschreibungen/20260717_SBH_LV_VE1-410-1a.X83
130;Abzweig, Formstück aus PP gemäß DIN EN 14758-1, für Abwasserkanal, als Einfachabzweig in handelsüblichen Gradzahlen, Steckverbindung, mit Lippendichtungen, Rohrende glatt, DN/OD 110, 2. DN 110.;5,0;St;gaeb;leistungsbeschreibungen/20260717_SBH_LV_VE1-410-1a.X83
140;jedoch DN/OD 125, 2. DN 110 oder 125;2,0;St;gaeb;leistungsbeschreibungen/20260717_SBH_LV_VE1-410-1a.X83
150;jedoch DN/OD 160, 2. DN 110 bis 160;2,0;St;gaeb;leistungsbeschreibungen/20260717_SBH_LV_VE1-410-1a.X83
160;jedoch DN/OD 200, 2. DN 110 bis 200;2,0;St;gaeb;leistungsbeschreibungen/20260717_SBH_LV_VE1-410-1a.X83
170;jedoch DN/OD 250, 2. DN 160 oder 250;2,0;St;gaeb;leistungsbeschreibungen/20260717_SBH_LV_VE1-410-1a.X83
180;jedoch DN/OD 315, 2. DN 160 bis 315;8,0;St;gaeb;leistungsbeschreibungen/20260717_SBH_LV_VE1-410-1a.X83
190;Reduzierstück, Formstück aus PP gemäß DIN EN 14758-1, für Abwasserkanal, Steckverbindung, mit Lippendichtung, Rohrende glatt, DN/OD 125, 2. DN 110.;2,0;St;gaeb;leistungsbeschreibungen/20260717_SBH_LV_VE1-410-1a.X83
200;jedoch DN/OD 160, 2. DN 110 oder 125;2,0;St;gaeb;leistungsbeschreibungen/20260717_SBH_LV_VE1-410-1a.X83
210;jedoch DN/OD 200, 2. DN 160;2,0;St;gaeb;leistungsbeschreibungen/20260717_SBH_LV_VE1-410-1a.X83
220;jedoch DN/OD 250, 2. DN 200;2,0;St;gaeb;leistungsbeschreibungen/20260717_SBH_LV_VE1-410-1a.X83
230;jedoch DN/OD 315, 2. DN 250;2,0;St;gaeb;leistungsbeschreibungen/20260717_SBH_LV_VE1-410-1a.X83
240;Doppelmuffe, Formstück aus PP gemäß DIN EN 14758-1, für Abwasserkanal, Steckverbindung, Rohrende mit Muffe, mit Lippendichtung, DN/OD 110.;2,0;St;gaeb;leistungsbeschreibungen/20260717_SBH_LV_VE1-410-1a.X83
250;jedoch DN/OD 125;5,0;St;gaeb;leistungsbeschreibungen/20260717_SBH_LV_VE1-410-1a.X83
260;jedoch DN/OD 160;5,0;St;gaeb;leistungsbeschreibungen/20260717_SBH_LV_VE1-410-1a.X83
270;jedoch DN/OD 200;5,0;St;gaeb;leistungsbeschreibungen/20260717_SBH_LV_VE1-410-1a.X83
280;jedoch DN/OD 250;5,0;St;gaeb;leistungsbeschreibungen/20260717_SBH_LV_VE1-410-1a.X83
290;jedoch DN/OD 315;5,0;St;gaeb;leistungsbeschreibungen/20260717_SBH_LV_VE1-410-1a.X83
300;Passstück, Formstück aus PP gemäß DIN EN 14758-1, für Abwasserkanal, Länge bis 500 mm, auf der Baustelle schneiden, Steckverbindung, Rohrende glatt, mit Lippendichtung, DN/OD 110.;5,0;St;gaeb;leistungsbeschreibungen/20260717_SBH_LV_VE1-410-1a.X83
310;jedoch DN/OD 125;5,0;St;gaeb;leistungsbeschreibungen/20260717_SBH_LV_VE1-410-1a.X83
320;jedoch DN/OD 160;5,0;St;gaeb;leistungsbeschreibungen/20260717_SBH_LV_VE1-410-1a.X83
330;jedoch DN/OD 200;5,0;St;gaeb;leistungsbeschreibungen/20260717_SBH_LV_VE1-410-1a.X83
340;jedoch DN/OD 250;5,0;St;gaeb;leistungsbeschreibungen/20260717_SBH_LV_VE1-410-1a.X83
350;jedoch DN/OD 315;5,0;St;gaeb;leistungsbeschreibungen/20260717_SBH_LV_VE1-410-1a.X83
360;Muffenstopfen, Formstück aus PP gemäß DIN EN 14758-1, für Abwasserkanal, Steckverbindung, Rohrende glatt, DN/OD 110.;10,0;St;gaeb;leistungsbeschreibungen/20260717_SBH_LV_VE1-410-1a.X83
370;jedoch DN/OD 125;5,0;St;gaeb;leistungsbeschreibungen/20260717_SBH_LV_VE1-410-1a.X83
380;jedoch DN/OD 160;5,0;St;gaeb;leistungsbeschreibungen/20260717_SBH_LV_VE1-410-1a.X83
390;jedoch DN/OD 200;5,0;St;gaeb;leistungsbeschreibungen/20260717_SBH_LV_VE1-410-1a.X83
400;jedoch DN/OD 250;5,0;St;gaeb;leistungsbeschreibungen/20260717_SBH_LV_VE1-410-1a.X83
410;jedoch DN/OD 315;5,0;St;gaeb;leistungsbeschreibungen/20260717_SBH_LV_VE1-410-1a.X83
420;Folienklemmflansch zur Abdichtung von Wanddurchdringungen der Grundleitungen vor einer Wand mit Anschluss an die Flächenabdichtung, gegen drückendes Wasser, druckwasserdicht MPA-geprüft bis 2,5 bar, rostfreier Edelstahl V2A, 30 mm Dichtung, mit Folienflansch 1,2 mm, in Anlehnung an DIN 16937, öl- un;2,0;St;gaeb;leistungsbeschreibungen/20260717_SBH_LV_VE1-410-1a.X83
430;Mauerkragen aus EPDM, Montageset bestehend aus Mauerkragen und 2 Spannspändern aus Edelstahl, Abdichtwirkung bis 5,0 bar, für Rohrnennweite DN 100, auf das einzubetonierende Rohr aufziehen, mit Spannbändern befestigen und in Schalung positionieren.;2,0;St;gaeb;leistungsbeschreibungen/20260717_SBH_LV_VE1-410-1a.X83
440;jedoch DN 125;2,0;St;gaeb;leistungsbeschreibungen/20260717_SBH_LV_VE1-410-1a.X83
450;Flanschrohr DN 100 als Zulage für Kanalrohr, mit Folienflansch ca. 50 cm, Stärke 1,5 mm zum Andichten an eine Bitumendickbeschichtung bzw. Schweissbahn, öl- und bitumenbeständig.;2,0;St;gaeb;leistungsbeschreibungen/20260717_SBH_LV_VE1-410-1a.X83
460;jedoch DN/OD 125;2,0;St;gaeb;leistungsbeschreibungen/20260717_SBH_LV_VE1-410-1a.X83
470;jedoch DN/OD 160;2,0;St;gaeb;leistungsbeschreibungen/20260717_SBH_LV_VE1-410-1a.X83
480;jedoch DN/OD 200;2,0;St;gaeb;leistungsbeschreibungen/20260717_SBH_LV_VE1-410-1a.X83
490;Verschließen von Rohrleitungsenden DN 100 bis DN 200,;20,0;St;gaeb;leistungsbeschreibungen/20260717_SBH_LV_VE1-410-1a.X83
500;jedoch DN 250 bis DN 315;20,0;St;gaeb;leistungsbeschreibungen/20260717_SBH_LV_VE1-410-1a.X83
510;Feinkörnige, steinfreies Füllmaterial mit maximaler Korngröße von 0-4 mm zum vollständigen einsaden der Rohrleitungen liefern und fachgerecht in Lagen einbringen und verdichten, Rohrnennweite DN 100 bis DN 315;150,0;m;gaeb;leistungsbeschreibungen/20260717_SBH_LV_VE1-410-1a.X83
520;Grundkörper Bodenablauf DN 100, aus Gusseisen mit Anstrich, für Einbau in Bodenplatte, Stutzenneigung 90Grad, geprüft gemäß DIN EN 1253, Baustoffklasse A1, nicht brennbar, geprüfter, integrierter Schallschutz gemäß VDI 4100:2012 , SST III = ca. 22dB(A);4,0;St;gaeb;leistungsbeschreibungen/20260717_SBH_LV_VE1-410-1a.X83
530;Aufsatzstück aus Kunststoff passend zu vorgenanntem Grundkörper, mit Kunststoffvlies für AIV-F gem. DIN 18534,;2,0;St;gaeb;leistungsbeschreibungen/20260717_SBH_LV_VE1-410-1a.X83
540;Geruchverschluss, passend zu vorgenanntem Bodenablauf-Grundkörper sowie -Aufsatzstück, aus Kunststoff, zweiteilig herausnehmbar, bestehend aus Glocke und Staurohr;2,0;St;gaeb;leistungsbeschreibungen/20260717_SBH_LV_VE1-410-1a.X83
550;Reinigungsverschluss als Finor,  passend zu vorgenanntem Grundkörper, mit frei wählbarer Oberfläche,;2,0;St;gaeb;leistungsbeschreibungen/20260717_SBH_LV_VE1-410-1a.X83
560;Dichtheitsprüfung der Entwässerungsleitungen aus PP-Rohr, mit Luft oder Wasser, nach DIN 1986-100 und DIN EN 1610, DN/OD 110 bis DN/OD 315, einschließlich aller erforderlichen Anlagen, Abdichtungen, Verankerungen und Rohrverschlüsse,  Prüfung in bis zu 10 Abschnitten, ca. 20 Stück Grundleitungsansch;150,0;m;gaeb;leistungsbeschreibungen/20260717_SBH_LV_VE1-410-1a.X83
570;Grundleitung DN/OD 110 bis DN/OD 315 mit Videokamera befahren, einschließlich eventuell erforderlichem Einsatz einer Satellitenkamera, Videofilm herstellen und von eventuellen Schadstellen Fotoaufnahmen anfertigen, Erstellen eines Zustandsberichts;150,0;m;gaeb;leistungsbeschreibungen/20260717_SBH_LV_VE1-410-1a.X83
580;Leitungsspülung der Entwässerungsleitungen aus PP-Rohr, mit Wasser, DN/OD 110 bis DN/OD 315, einschließlich aller erforderlichen Anlagen, Abdichtungen, Verankerungen und Rohrverschlüsse, Prüfung in bis zu 10 Abschnitten, ca. 20 Stück Grundleitungsanschlüsse bzw. Bodenabläufe/Finore, Anfertigen eines;150,0;m;gaeb;leistungsbeschreibungen/20260717_SBH_LV_VE1-410-1a.X83
10;Abwasserleitung aus gusseisernem, muffenlosem Rohr nach DIN EN 877, mit Prüfzeichen, innen mit Zweikomponenten-Epoxidharz-Beschichtung, außen mit Grundbeschichtung, Formstücke innen und außen epoxiert,;2,0;m;gaeb;leistungsbeschreibungen/20260717_SBH_LV_VE1-410-1a.X83
20;jedoch DN 80;2,0;m;gaeb;leistungsbeschreibungen/20260717_SBH_LV_VE1-410-1a.X83
30;jedoch DN 100;5,0;m;gaeb;leistungsbeschreibungen/20260717_SBH_LV_VE1-410-1a.X83
40;jedoch DN 125;2,0;m;gaeb;leistungsbeschreibungen/20260717_SBH_LV_VE1-410-1a.X83
50;jedoch DN 150;2,0;m;gaeb;leistungsbeschreibungen/20260717_SBH_LV_VE1-410-1a.X83
60;jedoch DN 200;30,0;m;gaeb;leistungsbeschreibungen/20260717_SBH_LV_VE1-410-1a.X83
70;jedoch Montagehöhe über 3,5 m bis 6,0 m, DN 50;2,0;m;gaeb;leistungsbeschreibungen/20260717_SBH_LV_VE1-410-1a.X83
80;jedoch Montagehöhe über 3,5 m bis 6,0 m, DN 80;2,0;m;gaeb;leistungsbeschreibungen/20260717_SBH_LV_VE1-410-1a.X83
90;jedoch Montagehöhe über 3,5 m bis 6,0 m, DN 100;5,0;m;gaeb;leistungsbeschreibungen/20260717_SBH_LV_VE1-410-1a.X83
100;jedoch Montagehöhe über 3,5 m bis 6,0 m, DN 125;2,0;m;gaeb;leistungsbeschreibungen/20260717_SBH_LV_VE1-410-1a.X83
110;jedoch Montagehöhe über 3,5 m bis 6,0 m, DN 150;2,0;m;gaeb;leistungsbeschreibungen/20260717_SBH_LV_VE1-410-1a.X83
120;jedoch Montagehöhe über 3,5 m bis 6,0 m, DN 200;30,0;m;gaeb;leistungsbeschreibungen/20260717_SBH_LV_VE1-410-1a.X83
130;Bogen, Formstück aus Gusseisen, für Abwasserleitungen aus gusseisernem, muffenlosem Rohr nach DIN EN 877, innen und außen epoxiert, in handelsüblichen Gradzahlen, Montagehöhe bis 6,0 m, DN 50;1,0;St;gaeb;leistungsbeschreibungen/20260717_SBH_LV_VE1-410-1a.X83
140;jedoch DN 80;1,0;St;gaeb;leistungsbeschreibungen/20260717_SBH_LV_VE1-410-1a.X83
150;jedoch DN 100;5,0;St;gaeb;leistungsbeschreibungen/20260717_SBH_LV_VE1-410-1a.X83
160;jedoch DN 125;1,0;St;gaeb;leistungsbeschreibungen/20260717_SBH_LV_VE1-410-1a.X83
170;jedoch DN 150;1,0;St;gaeb;leistungsbeschreibungen/20260717_SBH_LV_VE1-410-1a.X83
180;jedoch DN 200;30,0;St;gaeb;leistungsbeschreibungen/20260717_SBH_LV_VE1-410-1a.X83
190;Passstück bis 50 cm, Formstück aus Gusseisen, für Abwasserleitungen aus gusseisernem, muffenlosem Rohr nach DIN EN 877, innen und außen epoxiert,;1,0;St;gaeb;leistungsbeschreibungen/20260717_SBH_LV_VE1-410-1a.X83
200;jedoch DN 80;1,0;St;gaeb;leistungsbeschreibungen/20260717_SBH_LV_VE1-410-1a.X83
210;jedoch DN 100;1,0;St;gaeb;leistungsbeschreibungen/20260717_SBH_LV_VE1-410-1a.X83
220;jedoch DN 125;1,0;St;gaeb;leistungsbeschreibungen/20260717_SBH_LV_VE1-410-1a.X83
230;jedoch DN 150;1,0;St;gaeb;leistungsbeschreibungen/20260717_SBH_LV_VE1-410-1a.X83
240;jedoch DN 200;5,0;St;gaeb;leistungsbeschreibungen/20260717_SBH_LV_VE1-410-1a.X83
250;Einfachabzweig, Formstück aus Gusseisen, für Abwasserleitungen aus gusseisernem, muffenlosem Rohr nach DIN EN 877, innen und außen epoxiert, in handelsüblichen Gradzahlen, auch als Abzweig mit Reduzierung,;1,0;St;gaeb;leistungsbeschreibungen/20260717_SBH_LV_VE1-410-1a.X83
260;jedoch DN 80, 2. DN bis 80;1,0;St;gaeb;leistungsbeschreibungen/20260717_SBH_LV_VE1-410-1a.X83
270;jedoch DN 100, 2. DN bis 100;1,0;St;gaeb;leistungsbeschreibungen/20260717_SBH_LV_VE1-410-1a.X83
280;jedoch DN 125, 2. DN bis 125;1,0;St;gaeb;leistungsbeschreibungen/20260717_SBH_LV_VE1-410-1a.X83
290;jedoch DN 150, 2. DN bis 150;1,0;St;gaeb;leistungsbeschreibungen/20260717_SBH_LV_VE1-410-1a.X83
300;jedoch DN 200, 2. DN bis 200;4,0;St;gaeb;leistungsbeschreibungen/20260717_SBH_LV_VE1-410-1a.X83
310;Eckabzweig, Formstück aus Gusseisen, für Abwasserleitungen aus gusseisernem, muffenlosem Rohr nach DIN EN 877, innen und außen epoxiert, 88,5°, Spreizwinkel 90°, auch als Abzweig mit Reduzierung, Montagehöhe bis 6,0 m, DN 80, 2. DN 80, 3. DN 80;1,0;St;gaeb;leistungsbeschreibungen/20260717_SBH_LV_VE1-410-1a.X83
320;jedoch DN 100, 2. DN bis 100, 3. DN bis 100;1,0;St;gaeb;leistungsbeschreibungen/20260717_SBH_LV_VE1-410-1a.X83
330;jedoch DN 125, 2. DN 100, 3. DN 100;1,0;St;gaeb;leistungsbeschreibungen/20260717_SBH_LV_VE1-410-1a.X83
340;Doppelanschlussbogen, Formstück aus Gusseisen, für Abwasserleitungen aus gusseisernem, muffenlosem Rohr nach DIN EN 877, innen und außen epoxiert, 90 Grad, Montagehöhe bis 6,0 m, DN 50;1,0;St;gaeb;leistungsbeschreibungen/20260717_SBH_LV_VE1-410-1a.X83
350;Übergangsrohr, Formstück aus Gusseisen, für Abwasserleitungen aus gusseisernem, muffenlosem Rohr nach DIN EN 877, innen und außen epoxiert, exzentrisch,;1,0;St;gaeb;leistungsbeschreibungen/20260717_SBH_LV_VE1-410-1a.X83
360;jedoch DN 100, 2. DN bis 80;1,0;St;gaeb;leistungsbeschreibungen/20260717_SBH_LV_VE1-410-1a.X83
370;jedoch DN 125, 2. DN bis 100;1,0;St;gaeb;leistungsbeschreibungen/20260717_SBH_LV_VE1-410-1a.X83
380;jedoch DN 150, 2. DN bis 125;1,0;St;gaeb;leistungsbeschreibungen/20260717_SBH_LV_VE1-410-1a.X83
390;jedoch DN 200, 2. DN bis 150;2,0;St;gaeb;leistungsbeschreibungen/20260717_SBH_LV_VE1-410-1a.X83
400;Reinigungsrohr, Formstück aus Gusseisen, für Abwasserleitungen aus gusseisernem, muffenlosem Rohr nach DIN EN 877, innen und außen epoxiert, mit runder Öffnung, mit Verschlussdeckel, Montagehöhe bis 6,0 m, DN 50;1,0;St;gaeb;leistungsbeschreibungen/20260717_SBH_LV_VE1-410-1a.X83
410;jedoch DN 80;1,0;St;gaeb;leistungsbeschreibungen/20260717_SBH_LV_VE1-410-1a.X83
420;jedoch DN 100;2,0;St;gaeb;leistungsbeschreibungen/20260717_SBH_LV_VE1-410-1a.X83
430;jedoch mit rechteckiger Öffnung, DN 125;1,0;St;gaeb;leistungsbeschreibungen/20260717_SBH_LV_VE1-410-1a.X83
440;jedoch mit rechteckiger Öffnung, DN 150;1,0;St;gaeb;leistungsbeschreibungen/20260717_SBH_LV_VE1-410-1a.X83
450;jedoch mit rechteckiger Öffnung, DN 200;4,0;St;gaeb;leistungsbeschreibungen/20260717_SBH_LV_VE1-410-1a.X83
460;Fallrohrstütze, Formstück aus Gusseisen, für Abwasserleitungen aus gusseisernem, muffenlosem Rohr nach DIN EN 877, innen und außen epoxiert, mit Auflagerung mit einvulkanisiertem Gummiring, einschließlich Fertigkonsolen, Schrauben, Gewindeplatten, Durchsteckankern, DN 50;1,0;St;gaeb;leistungsbeschreibungen/20260717_SBH_LV_VE1-410-1a.X83
470;jedoch DN 100;1,0;St;gaeb;leistungsbeschreibungen/20260717_SBH_LV_VE1-410-1a.X83
480;jedoch DN 125;1,0;St;gaeb;leistungsbeschreibungen/20260717_SBH_LV_VE1-410-1a.X83
490;jedoch DN 150;1,0;St;gaeb;leistungsbeschreibungen/20260717_SBH_LV_VE1-410-1a.X83
500;jedoch DN 200;2,0;St;gaeb;leistungsbeschreibungen/20260717_SBH_LV_VE1-410-1a.X83
510;Geruchsverschluss, Formstück aus Gusseisen, für Abwasserleitungen aus gusseisernem, muffenlosem Rohr nach DIN EN 877, innen und außen epoxiert, waagerechte Ausführung mit Reinigungsöffnung, Montagehöhe bis 6,0 m,;2,0;St;gaeb;leistungsbeschreibungen/20260717_SBH_LV_VE1-410-1a.X83
520;jedoch DN 80;1,0;St;gaeb;leistungsbeschreibungen/20260717_SBH_LV_VE1-410-1a.X83
530;jedoch DN 100;1,0;St;gaeb;leistungsbeschreibungen/20260717_SBH_LV_VE1-410-1a.X83
540;jedoch DN 125;1,0;St;gaeb;leistungsbeschreibungen/20260717_SBH_LV_VE1-410-1a.X83
550;jedoch DN 150;1,0;St;gaeb;leistungsbeschreibungen/20260717_SBH_LV_VE1-410-1a.X83
560;jedoch DN 200;1,0;St;gaeb;leistungsbeschreibungen/20260717_SBH_LV_VE1-410-1a.X83
570;Enddeckel, Formstück aus Gusseisen, für Abwasserleitungen aus gusseisernem, muffenlosem Rohr nach DIN EN 877, innen und außen epoxiert, Montagehöhe bis 6,0 m, DN 50;1,0;St;gaeb;leistungsbeschreibungen/20260717_SBH_LV_VE1-410-1a.X83
580;jedoch DN 80;1,0;St;gaeb;leistungsbeschreibungen/20260717_SBH_LV_VE1-410-1a.X83
590;jedoch DN 100;2,0;St;gaeb;leistungsbeschreibungen/20260717_SBH_LV_VE1-410-1a.X83
600;jedoch DN 125;1,0;St;gaeb;leistungsbeschreibungen/20260717_SBH_LV_VE1-410-1a.X83
610;jedoch DN 150;1,0;St;gaeb;leistungsbeschreibungen/20260717_SBH_LV_VE1-410-1a.X83
620;jedoch DN 200;2,0;St;gaeb;leistungsbeschreibungen/20260717_SBH_LV_VE1-410-1a.X83
630;Enddeckel, Formstück aus Gusseisen, für Abwasserleitungen aus gusseisernem, muffenlosem Rohr nach DIN EN 877, innen und außen epoxiert, mit galvanisch verzinkter Klemmschelle und Gummidichtung aus EPDM, Montagehöhe bis 6,0 m,;1,0;St;gaeb;leistungsbeschreibungen/20260717_SBH_LV_VE1-410-1a.X83
640;jedoch DN 125;1,0;St;gaeb;leistungsbeschreibungen/20260717_SBH_LV_VE1-410-1a.X83
650;jedoch DN 150;1,0;St;gaeb;leistungsbeschreibungen/20260717_SBH_LV_VE1-410-1a.X83
660;jedoch DN 200;2,0;St;gaeb;leistungsbeschreibungen/20260717_SBH_LV_VE1-410-1a.X83
670;Rohrverbindung, für Abwasserleitungen aus gusseisernem, muffenlosem Rohr nach DIN EN 877, Profilschelle aus stabilisiertem Chromstahl, Werkstoff-Nr. 1.4510/11,  Verschlussteil mit Schraube, Spannköpfe aus Werkstoff-Nr. 1.4301, Schraube, Scheibe und Vierkantmutter chromfrei beschichtet, komplett mit ;5,0;St;gaeb;leistungsbeschreibungen/20260717_SBH_LV_VE1-410-1a.X83
680;jedoch DN 80;5,0;St;gaeb;leistungsbeschreibungen/20260717_SBH_LV_VE1-410-1a.X83
690;jedoch DN 100;15,0;St;gaeb;leistungsbeschreibungen/20260717_SBH_LV_VE1-410-1a.X83
700;jedoch DN 125;5,0;St;gaeb;leistungsbeschreibungen/20260717_SBH_LV_VE1-410-1a.X83
710;jedoch DN 150;5,0;St;gaeb;leistungsbeschreibungen/20260717_SBH_LV_VE1-410-1a.X83
720;jedoch DN 200;100,0;St;gaeb;leistungsbeschreibungen/20260717_SBH_LV_VE1-410-1a.X83
730;Anschlussmuffe, aus Elastomer mit Dichtlippen und Spannschelle aus nicht rostendem Stahl, Werkstoff-Nr 1.4510/11, mit vorgestochenen Anschlussringen für unterschiedliche Außendurchmesser, zum Übergang auf andere Werkstoffe, für Abwasserleitungen aus gusseisernem, muffenlosem Rohr nach DIN EN 877, DN;2,0;St;gaeb;leistungsbeschreibungen/20260717_SBH_LV_VE1-410-1a.X83
740;jedoch DN 80;2,0;St;gaeb;leistungsbeschreibungen/20260717_SBH_LV_VE1-410-1a.X83
750;jedoch DN 100;2,0;St;gaeb;leistungsbeschreibungen/20260717_SBH_LV_VE1-410-1a.X83
760;jedoch DN 125;2,0;St;gaeb;leistungsbeschreibungen/20260717_SBH_LV_VE1-410-1a.X83
770;Rohraufhängung, aus verzinktem Stahl, mit körperschalldämmenden Einlagen und Schnellverschluss, Anforderungen entsprechend DIN 4109, Temperaturberei;2,0;St;gaeb;leistungsbeschreibungen/20260717_SBH_LV_VE1-410-1a.X83
780;jedoch DN 80;2,0;St;gaeb;leistungsbeschreibungen/20260717_SBH_LV_VE1-410-1a.X83
790;jedoch DN 100;2,0;St;gaeb;leistungsbeschreibungen/20260717_SBH_LV_VE1-410-1a.X83
800;jedoch DN 125;2,0;St;gaeb;leistungsbeschreibungen/20260717_SBH_LV_VE1-410-1a.X83
810;jedoch DN 150;2,0;St;gaeb;leistungsbeschreibungen/20260717_SBH_LV_VE1-410-1a.X83
820;jedoch DN 200;2,0;St;gaeb;leistungsbeschreibungen/20260717_SBH_LV_VE1-410-1a.X83
830;jedoch DN 80, als Systemlösung aus Träger und Schelle gemeinsam mit Schwitzwasserdämmung entsprechend Titel Abwasseranlagen Dämmarbeiten Regenwasser, nach DIN 4140 2023-05, Wasserdampfdiffusionsäquivalente Luftschichtdicke >1500m, Euroklasse Brandverhalten: A1 oder A2-s1, d0 (nichtbrennbar), aus Ste;2,0;St;gaeb;leistungsbeschreibungen/20260717_SBH_LV_VE1-410-1a.X83
840;jedoch DN 100, als Systemlösung aus Träger und Schelle gemeinsam mit Schwitzwasserdämmung entsprechend Titel Abwasseranlagen Dämmarbeiten Regenwasser, nach DIN 4140 2023-05, Wasserdampfdiffusionsäquivalente Luftschichtdicke >1500m, Euroklasse Brandverhalten: A1 oder A2-s1, d0 (nichtbrennbar), aus St;10,0;St;gaeb;leistungsbeschreibungen/20260717_SBH_LV_VE1-410-1a.X83
850;jedoch DN 125, als Systemlösung aus Träger und Schelle gemeinsam mit Schwitzwasserdämmung entsprechend Titel Abwasseranlagen Dämmarbeiten Regenwasser, nach DIN 4140 2023-05, Wasserdampfdiffusionsäquivalente Luftschichtdicke >1500m, Euroklasse Brandverhalten: A1 oder A2-s1, d0 (nichtbrennbar), aus St;5,0;St;gaeb;leistungsbeschreibungen/20260717_SBH_LV_VE1-410-1a.X83
860;jedoch DN 150, als Systemlösung aus Träger und Schelle gemeinsam mit Schwitzwasserdämmung entsprechend Titel Abwasseranlagen Dämmarbeiten Regenwasser, nach DIN 4140 2023-05, Wasserdampfdiffusionsäquivalente Luftschichtdicke >1500m, Euroklasse Brandverhalten: A1 oder A2-s1, d0 (nichtbrennbar), aus St;5,0;St;gaeb;leistungsbeschreibungen/20260717_SBH_LV_VE1-410-1a.X83
870;jedoch DN 200, als Systemlösung aus Träger und Schelle gemeinsam mit Schwitzwasserdämmung entsprechend Titel Abwasseranlagen Dämmarbeiten Regenwasser, nach DIN 4140 2023-05, Wasserdampfdiffusionsäquivalente Luftschichtdicke >1500m, Euroklasse Brandverhalten: A1 oder A2-s1, d0 (nichtbrennbar), aus St;60,0;St;gaeb;leistungsbeschreibungen/20260717_SBH_LV_VE1-410-1a.X83
880;Entwässerungsleitungen aus PE Rohren und Formstücken;5,0;m;gaeb;leistungsbeschreibungen/20260717_SBH_LV_VE1-410-1a.X83
890;jedoch DN 50;5,0;m;gaeb;leistungsbeschreibungen/20260717_SBH_LV_VE1-410-1a.X83
900;jedoch DN 70;45,0;m;gaeb;leistungsbeschreibungen/20260717_SBH_LV_VE1-410-1a.X83
910;jedoch DN 90;15,0;m;gaeb;leistungsbeschreibungen/20260717_SBH_LV_VE1-410-1a.X83
920;jedoch DN 100;35,0;m;gaeb;leistungsbeschreibungen/20260717_SBH_LV_VE1-410-1a.X83
930;jedoch DN 125;5,0;m;gaeb;leistungsbeschreibungen/20260717_SBH_LV_VE1-410-1a.X83
940;jedoch DN 150;5,0;m;gaeb;leistungsbeschreibungen/20260717_SBH_LV_VE1-410-1a.X83
950;jedoch DN 200;30,0;m;gaeb;leistungsbeschreibungen/20260717_SBH_LV_VE1-410-1a.X83
960;jedoch Montagehöhe über 3,5 m bis 6,0 m, DN 40;2,0;m;gaeb;leistungsbeschreibungen/20260717_SBH_LV_VE1-410-1a.X83
970;jedoch Montagehöhe über 3,5 m bis 6,0 m, DN 50;2,0;m;gaeb;leistungsbeschreibungen/20260717_SBH_LV_VE1-410-1a.X83
980;jedoch Montagehöhe über 3,5m bis 6,0 m, DN 70;2,0;m;gaeb;leistungsbeschreibungen/20260717_SBH_LV_VE1-410-1a.X83
990;jedoch Montagehöhe über 3,5m bis 6,0 m, DN 90;2,0;m;gaeb;leistungsbeschreibungen/20260717_SBH_LV_VE1-410-1a.X83
1000;jedoch Montagehöhe über 3,5m bis 6,0 m, DN 100;2,0;m;gaeb;leistungsbeschreibungen/20260717_SBH_LV_VE1-410-1a.X83
1010;jedoch Montagehöhe über 3,5m bis 6,0 m, DN 125;2,0;m;gaeb;leistungsbeschreibungen/20260717_SBH_LV_VE1-410-1a.X83
1020;jedoch Montagehöhe über 3,5m bis 6,0 m, DN 150;2,0;m;gaeb;leistungsbeschreibungen/20260717_SBH_LV_VE1-410-1a.X83
1030;jedoch Montagehöhe über 3,5m bis 6,0 m, DN 200;2,0;m;gaeb;leistungsbeschreibungen/20260717_SBH_LV_VE1-410-1a.X83
1040;Bogen, Formstück aus PE-HD, für Entwässerungsleitungen innerhalb und außerhalb von Gebäuden, in handelsüblichen Gradzahlen, Schweißverbindung, Montagehöhe bis 6,0 m,;2,0;St;gaeb;leistungsbeschreibungen/20260717_SBH_LV_VE1-410-1a.X83
1050;jedoch DN 50;2,0;St;gaeb;leistungsbeschreibungen/20260717_SBH_LV_VE1-410-1a.X83
1060;jedoch DN 70;15,0;St;gaeb;leistungsbeschreibungen/20260717_SBH_LV_VE1-410-1a.X83
1070;jedoch DN 90;10,0;St;gaeb;leistungsbeschreibungen/20260717_SBH_LV_VE1-410-1a.X83
1080;jedoch DN 100;20,0;St;gaeb;leistungsbeschreibungen/20260717_SBH_LV_VE1-410-1a.X83
1090;jedoch DN 125;5,0;St;gaeb;leistungsbeschreibungen/20260717_SBH_LV_VE1-410-1a.X83
1100;jedoch DN 150;10,0;St;gaeb;leistungsbeschreibungen/20260717_SBH_LV_VE1-410-1a.X83
1110;jedoch DN 200;15,0;St;gaeb;leistungsbeschreibungen/20260717_SBH_LV_VE1-410-1a.X83
1120;Bogen mit langem Schenkel, Formstück aus PE-HD, für Entwässerungsleitungen innerhalb und außerhalb von Gebäuden, 90 Grad, Schweißverbindung, Montagehöhe bis 6,0 m, DN 40;22,0;St;gaeb;leistungsbeschreibungen/20260717_SBH_LV_VE1-410-1a.X83
1130;jedoch DN 50;2,0;St;gaeb;leistungsbeschreibungen/20260717_SBH_LV_VE1-410-1a.X83
1140;jedoch DN 70;5,0;St;gaeb;leistungsbeschreibungen/20260717_SBH_LV_VE1-410-1a.X83
1150;jedoch DN 90;2,0;St;gaeb;leistungsbeschreibungen/20260717_SBH_LV_VE1-410-1a.X83
1160;jedoch DN 100;5,0;St;gaeb;leistungsbeschreibungen/20260717_SBH_LV_VE1-410-1a.X83
1170;jedoch DN 125;2,0;St;gaeb;leistungsbeschreibungen/20260717_SBH_LV_VE1-410-1a.X83
1180;jedoch DN 150;2,0;St;gaeb;leistungsbeschreibungen/20260717_SBH_LV_VE1-410-1a.X83
1190;Einfachabzweig, Formstück aus PE-HD, für Entwässerungsleitungen innerhalb und außerhalb von Gebäuden, in handelsüblichen Gradzahlen, auch als Abzweig mit Reduzierung, Schweißverbindung, Montagehöhe bis 6,0 m,;2,0;St;gaeb;leistungsbeschreibungen/20260717_SBH_LV_VE1-410-1a.X83
1200;DN 50, 2. DN bis 50;2,0;St;gaeb;leistungsbeschreibungen/20260717_SBH_LV_VE1-410-1a.X83
1210;jedoch DN 70, 2. DN bis 70;5,0;St;gaeb;leistungsbeschreibungen/20260717_SBH_LV_VE1-410-1a.X83
1220;jedoch DN 90, 2. DN bis 90;2,0;St;gaeb;leistungsbeschreibungen/20260717_SBH_LV_VE1-410-1a.X83
1230;DN 100, 2. DN bis 100;5,0;St;gaeb;leistungsbeschreibungen/20260717_SBH_LV_VE1-410-1a.X83
1240;jedoch DN 125, 2. DN bis 125;2,0;St;gaeb;leistungsbeschreibungen/20260717_SBH_LV_VE1-410-1a.X83
1250;jedoch DN 150, 2. DN bis 150;2,0;St;gaeb;leistungsbeschreibungen/20260717_SBH_LV_VE1-410-1a.X83
1260;jedoch DN 200, 2. DN bis 200;5,0;St;gaeb;leistungsbeschreibungen/20260717_SBH_LV_VE1-410-1a.X83
1270;Reduktion, Formstück aus PE-HD, für Entwässerungsleitungen innerhalb und außerhalb von Gebäuden, exzentrisch, Schweißverbindung, Montagehöhe bis 6,0 m,;2,0;St;gaeb;leistungsbeschreibungen/20260717_SBH_LV_VE1-410-1a.X83
1280;jedoch DN 70, 2. DN bis 50;5,0;St;gaeb;leistungsbeschreibungen/20260717_SBH_LV_VE1-410-1a.X83
1290;jedoch DN 90, 2. DN bis 70;2,0;St;gaeb;leistungsbeschreibungen/20260717_SBH_LV_VE1-410-1a.X83
1300;jedoch DN 100, 2. DN bis 90;5,0;St;gaeb;leistungsbeschreibungen/20260717_SBH_LV_VE1-410-1a.X83
1310;jedoch DN 125, 2. DN bis 100;2,0;St;gaeb;leistungsbeschreibungen/20260717_SBH_LV_VE1-410-1a.X83
1320;jedoch DN 150, 2. DN bis 125;2,0;St;gaeb;leistungsbeschreibungen/20260717_SBH_LV_VE1-410-1a.X83
1330;jedoch DN 200, 2. DN bis 150;5,0;St;gaeb;leistungsbeschreibungen/20260717_SBH_LV_VE1-410-1a.X83
1340;Reinigungsstück, Formstück aus PE-HD, für Entwässerungsleitungen innerhalb und außerhalb von Gebäuden, Schweißverbindung, mit runder Serviceöffnung, mit Verschlussdeckel, Montagehöhe bis 6,0 m, DN 90;1,0;St;gaeb;leistungsbeschreibungen/20260717_SBH_LV_VE1-410-1a.X83
1350;Reinigungsstück, Formstück aus PE-HD, für Entwässerungsleitungen innerhalb und außerhalb von Gebäuden, Schweißverbindung, mit ovaler Serviceöffnung, mit Verschlussdeckel, Montagehöhe bis 6,0 m, DN 100;2,0;St;gaeb;leistungsbeschreibungen/20260717_SBH_LV_VE1-410-1a.X83
1360;jedoch DN 125;1,0;St;gaeb;leistungsbeschreibungen/20260717_SBH_LV_VE1-410-1a.X83
1370;jedoch DN 150;1,0;St;gaeb;leistungsbeschreibungen/20260717_SBH_LV_VE1-410-1a.X83
1380;jedoch DN 200;3,0;St;gaeb;leistungsbeschreibungen/20260717_SBH_LV_VE1-410-1a.X83
1390;Verschlusskappe, Formstück aus PE-HD, für Entwässerungsleitungen innerhalb und außerhalb von Gebäuden, Schweißverbindung, mit schraubbarem Deckel, mit Dichtung, Montagehöhe bis 6,0 m, DN 100;10,0;St;gaeb;leistungsbeschreibungen/20260717_SBH_LV_VE1-410-1a.X83
1400;Steckmuffe, Formstück aus PE-HD, für Entwässerungsleitungen innerhalb und außerhalb von Gebäuden, mit Dichtring, Montagehöhe bis 6,0 m, DN 40;2,0;St;gaeb;leistungsbeschreibungen/20260717_SBH_LV_VE1-410-1a.X83
1410;jedoch DN 50;2,0;St;gaeb;leistungsbeschreibungen/20260717_SBH_LV_VE1-410-1a.X83
1420;jedoch DN 70;5,0;St;gaeb;leistungsbeschreibungen/20260717_SBH_LV_VE1-410-1a.X83
1430;jedoch DN 90;2,0;St;gaeb;leistungsbeschreibungen/20260717_SBH_LV_VE1-410-1a.X83
1440;jedoch DN 100;10,0;St;gaeb;leistungsbeschreibungen/20260717_SBH_LV_VE1-410-1a.X83
1450;jedoch DN 125;2,0;St;gaeb;leistungsbeschreibungen/20260717_SBH_LV_VE1-410-1a.X83
1460;jedoch DN 150;2,0;St;gaeb;leistungsbeschreibungen/20260717_SBH_LV_VE1-410-1a.X83
1470;jedoch DN 200;10,0;St;gaeb;leistungsbeschreibungen/20260717_SBH_LV_VE1-410-1a.X83
1480;Elektroschweißmuffe, aus PE-HD, zum zugfesten und unlösbaren Verbinden von Rohren und Formstücken, Montagehöhe bis 6,0m, DN 40;2,0;St;gaeb;leistungsbeschreibungen/20260717_SBH_LV_VE1-410-1a.X83
1490;jedoch DN 50;2,0;St;gaeb;leistungsbeschreibungen/20260717_SBH_LV_VE1-410-1a.X83
1500;jedoch DN 70;30,0;St;gaeb;leistungsbeschreibungen/20260717_SBH_LV_VE1-410-1a.X83
1510;jedoch DN 90;10,0;St;gaeb;leistungsbeschreibungen/20260717_SBH_LV_VE1-410-1a.X83
1520;jedoch DN 100;30,0;St;gaeb;leistungsbeschreibungen/20260717_SBH_LV_VE1-410-1a.X83
1530;jedoch DN 125;5,0;St;gaeb;leistungsbeschreibungen/20260717_SBH_LV_VE1-410-1a.X83
1540;jedoch DN 150;5,0;St;gaeb;leistungsbeschreibungen/20260717_SBH_LV_VE1-410-1a.X83
1550;jedoch DN 200;35,0;St;gaeb;leistungsbeschreibungen/20260717_SBH_LV_VE1-410-1a.X83
1560;Rohraufhängung, aus verzinktem Stahl, mit körperschalldämmenden Einlagen und Schnellverschluss, Anforderungen entsprechend DIN 4109, Temperaturberei;5,0;St;gaeb;leistungsbeschreibungen/20260717_SBH_LV_VE1-410-1a.X83
1570;jedoch DN 50;5,0;St;gaeb;leistungsbeschreibungen/20260717_SBH_LV_VE1-410-1a.X83
1580;jedoch DN 70;2,0;St;gaeb;leistungsbeschreibungen/20260717_SBH_LV_VE1-410-1a.X83
1590;jedoch DN 90;2,0;St;gaeb;leistungsbeschreibungen/20260717_SBH_LV_VE1-410-1a.X83
1600;jedoch DN 100;2,0;St;gaeb;leistungsbeschreibungen/20260717_SBH_LV_VE1-410-1a.X83
1610;jedoch DN 125;2,0;St;gaeb;leistungsbeschreibungen/20260717_SBH_LV_VE1-410-1a.X83
1620;jedoch DN 150;2,0;St;gaeb;leistungsbeschreibungen/20260717_SBH_LV_VE1-410-1a.X83
1630;jedoch DN 200;2,0;St;gaeb;leistungsbeschreibungen/20260717_SBH_LV_VE1-410-1a.X83
1640;jedoch DN 70, als Systemlösung aus Träger und Schelle gemeinsam mit Schwitzwasserdämmung entsprechend Titel Abwasseranlagen Dämmarbeiten Regenwasser, nach DIN 4140 2023-05, mit thermisch entkoppeltem Rohrträger, bestehend aus FCKW-freien PET-Auflagersegmenten, eingebettet in Schlauch- oder Plattenwa;40,0;St;gaeb;leistungsbeschreibungen/20260717_SBH_LV_VE1-410-1a.X83
1650;jedoch DN 90, als Systemlösung aus Träger und Schelle gemeinsam mit Schwitzwasserdämmung entsprechend Titel Abwasseranlagen Dämmarbeiten Regenwasser, nach DIN 4140 2023-05, mit thermisch entkoppeltem Rohrträger, bestehend aus FCKW-freien PET-Auflagersegmenten, eingebettet in Schlauch- oder Plattenwa;30,0;St;gaeb;leistungsbeschreibungen/20260717_SBH_LV_VE1-410-1a.X83
1660;jedoch DN 100, als Systemlösung aus Träger und Schelle gemeinsam mit Schwitzwasserdämmung entsprechend Titel Abwasseranlagen Dämmarbeiten Regenwasser, nach DIN 4140 2023-05, mit thermisch entkoppeltem Rohrträger, bestehend aus FCKW-freien PET-Auflagersegmenten, eingebettet in Schlauch- oder Plattenw;30,0;St;gaeb;leistungsbeschreibungen/20260717_SBH_LV_VE1-410-1a.X83
1670;jedoch DN 125, als Systemlösung aus Träger und Schelle gemeinsam mit Schwitzwasserdämmung entsprechend Titel Abwasseranlagen Dämmarbeiten Regenwasser, nach DIN 4140 2023-05, mit thermisch entkoppeltem Rohrträger, bestehend aus FCKW-freien PET-Auflagersegmenten, eingebettet in Schlauch- oder Plattenw;5,0;St;gaeb;leistungsbeschreibungen/20260717_SBH_LV_VE1-410-1a.X83
1680;jedoch DN 150, als Systemlösung aus Träger und Schelle gemeinsam mit Schwitzwasserdämmung entsprechend Titel Abwasseranlagen Dämmarbeiten Regenwasser, nach DIN 4140 2023-05, mit thermisch entkoppeltem Rohrträger, bestehend aus FCKW-freien PET-Auflagersegmenten, eingebettet in Schlauch- oder Plattenw;2,0;St;gaeb;leistungsbeschreibungen/20260717_SBH_LV_VE1-410-1a.X83
1690;jedoch DN 200, als Systemlösung aus Träger und Schelle gemeinsam mit Schwitzwasserdämmung entsprechend Titel Abwasseranlagen Dämmarbeiten Regenwasser, nach DIN 4140 2023-05, mit thermisch entkoppeltem Rohrträger, bestehend aus FCKW-freien PET-Auflagersegmenten, eingebettet in Schlauch- oder Plattenw;30,0;St;gaeb;leistungsbeschreibungen/20260717_SBH_LV_VE1-410-1a.X83
1700;Grundplatte aus feuerverzinktem Stahl, rechteckig, Länge ca. 12 cm, Breite ca. 4 cm, Höhe ca. 2,1 cm,  mit 2 Löchern, mit Gewindemuffe G1/2 Innengewinde, für Fixpunkt- und Gleitbefestigungen;5,0;St;gaeb;leistungsbeschreibungen/20260717_SBH_LV_VE1-410-1a.X83
1710;Aufhängeelement zum Befestigen von Tragschienen mit Vierkantprofil, von Leitungen an Decken und vertikal verlaufenden Leitungen an Wänden, einschließlich angeschweißter Langgewindemuffe, Material feuerverzinkt,;4,0;St;gaeb;leistungsbeschreibungen/20260717_SBH_LV_VE1-410-1a.X83
1720;Tragschiene zum Befestigen von Rohrschellen, von Leitungen an Decken und vertikal verlaufenden Leitungen an Wänden, Material feuerverzinkt, ca. 30 x 30 mm;4,0;m;gaeb;leistungsbeschreibungen/20260717_SBH_LV_VE1-410-1a.X83
1730;Verbindungselement zum Verbinden von Tragschienen mit Vierkantprofil, von Leitungen an Decken und vertikal verlaufenden Leitungen an Wänden, einschließlich aufgeschweißter Langgewindemuffe, Material feuerverzinkt,;6,0;St;gaeb;leistungsbeschreibungen/20260717_SBH_LV_VE1-410-1a.X83
1740;Befestigungskeile zum sicheren Befestigung von Rohrschellen, Aufhängelementen und Verbindungselementen an vorgenannten Tragschienen;10,0;St;gaeb;leistungsbeschreibungen/20260717_SBH_LV_VE1-410-1a.X83
1750;Anschluss einer Regenwasserleitung aus PE-Rohr DN 100, an die Muffe einer Grundleitung aus PP-Rohr DN 100 herstellen, einschließlich aller dafür notwendigen Form- und Verbindungsstücke sowie weiterer Kleinteile;10,0;St;gaeb;leistungsbeschreibungen/20260717_SBH_LV_VE1-410-1a.X83
1760;jedoch Regenwasser- und Grundleitung DN 125;5,0;St;gaeb;leistungsbeschreibungen/20260717_SBH_LV_VE1-410-1a.X83
1770;jedoch Regenwasser- und Grundleitung DN 150;5,0;St;gaeb;leistungsbeschreibungen/20260717_SBH_LV_VE1-410-1a.X83
1780;jedoch Regenwasser- und Grundleitung DN 200;5,0;St;gaeb;leistungsbeschreibungen/20260717_SBH_LV_VE1-410-1a.X83
10;Abwasserleitung aus gusseisernem, muffenlosem Rohr nach DIN EN 877, mit Prüfzeichen, innen mit Zweikomponenten-Epoxidharz-Beschichtung, außen mit Grundbeschichtung, Formstücke innen und außen epoxiert,;10,0;m;gaeb;leistungsbeschreibungen/20260717_SBH_LV_VE1-410-1a.X83
20;jedoch DN 80;15,0;m;gaeb;leistungsbeschreibungen/20260717_SBH_LV_VE1-410-1a.X83
30;jedoch DN 100;15,0;m;gaeb;leistungsbeschreibungen/20260717_SBH_LV_VE1-410-1a.X83
40;jedoch DN 125;2,0;m;gaeb;leistungsbeschreibungen/20260717_SBH_LV_VE1-410-1a.X83
50;jedoch DN 150;15,0;m;gaeb;leistungsbeschreibungen/20260717_SBH_LV_VE1-410-1a.X83
60;jedoch DN 200;2,0;m;gaeb;leistungsbeschreibungen/20260717_SBH_LV_VE1-410-1a.X83
70;jedoch Montagehöhe über 3,5 m bis 6,0 m, DN 50;2,0;m;gaeb;leistungsbeschreibungen/20260717_SBH_LV_VE1-410-1a.X83
80;jedoch Montagehöhe über 3,5 m bis 6,0 m, DN 80;2,0;m;gaeb;leistungsbeschreibungen/20260717_SBH_LV_VE1-410-1a.X83
90;jedoch Montagehöhe über 3,5 m bis 6,0 m, DN 100;15,0;m;gaeb;leistungsbeschreibungen/20260717_SBH_LV_VE1-410-1a.X83
100;jedoch Montagehöhe über 3,5 m bis 6,0 m, DN 125;2,0;m;gaeb;leistungsbeschreibungen/20260717_SBH_LV_VE1-410-1a.X83
110;jedoch Montagehöhe über 3,5 m bis 6,0 m, DN 150;15,0;m;gaeb;leistungsbeschreibungen/20260717_SBH_LV_VE1-410-1a.X83
120;jedoch Montagehöhe über 3,5 m bis 6,0 m, DN 200;2,0;m;gaeb;leistungsbeschreibungen/20260717_SBH_LV_VE1-410-1a.X83
130;Bogen, Formstück aus Gusseisen, für Abwasserleitungen aus gusseisernem, muffenlosem Rohr nach DIN EN 877, innen und außen epoxiert, in handelsüblichen Gradzahlen, Montagehöhe bis 6,0 m, DN 50;25,0;St;gaeb;leistungsbeschreibungen/20260717_SBH_LV_VE1-410-1a.X83
140;jedoch DN 80;15,0;St;gaeb;leistungsbeschreibungen/20260717_SBH_LV_VE1-410-1a.X83
150;jedoch DN 100;35,0;St;gaeb;leistungsbeschreibungen/20260717_SBH_LV_VE1-410-1a.X83
160;jedoch DN 125;5,0;St;gaeb;leistungsbeschreibungen/20260717_SBH_LV_VE1-410-1a.X83
170;jedoch DN 150;35,0;St;gaeb;leistungsbeschreibungen/20260717_SBH_LV_VE1-410-1a.X83
180;jedoch DN 200;2,0;St;gaeb;leistungsbeschreibungen/20260717_SBH_LV_VE1-410-1a.X83
190;Passstück bis 50 cm, Formstück aus Gusseisen, für Abwasserleitungen aus gusseisernem, muffenlosem Rohr nach DIN EN 877, innen und außen epoxiert,;2,0;St;gaeb;leistungsbeschreibungen/20260717_SBH_LV_VE1-410-1a.X83
200;jedoch DN 80;2,0;St;gaeb;leistungsbeschreibungen/20260717_SBH_LV_VE1-410-1a.X83
210;jedoch DN 100;2,0;St;gaeb;leistungsbeschreibungen/20260717_SBH_LV_VE1-410-1a.X83
220;jedoch DN 125;2,0;St;gaeb;leistungsbeschreibungen/20260717_SBH_LV_VE1-410-1a.X83
230;jedoch DN 150;2,0;St;gaeb;leistungsbeschreibungen/20260717_SBH_LV_VE1-410-1a.X83
240;jedoch DN 200;2,0;St;gaeb;leistungsbeschreibungen/20260717_SBH_LV_VE1-410-1a.X83
250;Einfachabzweig, Formstück aus Gusseisen, für Abwasserleitungen aus gusseisernem, muffenlosem Rohr nach DIN EN 877, innen und außen epoxiert, in handelsüblichen Gradzahlen, auch als Abzweig mit Reduzierung,;2,0;St;gaeb;leistungsbeschreibungen/20260717_SBH_LV_VE1-410-1a.X83
260;jedoch DN 80, 2. DN bis 80;2,0;St;gaeb;leistungsbeschreibungen/20260717_SBH_LV_VE1-410-1a.X83
270;jedoch DN 100, 2. DN bis 100;2,0;St;gaeb;leistungsbeschreibungen/20260717_SBH_LV_VE1-410-1a.X83
280;jedoch DN 125, 2. DN bis 125;2,0;St;gaeb;leistungsbeschreibungen/20260717_SBH_LV_VE1-410-1a.X83
290;jedoch DN 150, 2. DN bis 150;2,0;St;gaeb;leistungsbeschreibungen/20260717_SBH_LV_VE1-410-1a.X83
300;jedoch DN 200, 2. DN bis 200;2,0;St;gaeb;leistungsbeschreibungen/20260717_SBH_LV_VE1-410-1a.X83
310;Eckabzweig, Formstück aus Gusseisen, für Abwasserleitungen aus gusseisernem, muffenlosem Rohr nach DIN EN 877, innen und außen epoxiert, 88,5°, Spreizwinkel 90°, auch als Abzweig mit Reduzierung, Montagehöhe bis 6,0 m, DN 80, 2. DN 80, 3. DN 80;2,0;St;gaeb;leistungsbeschreibungen/20260717_SBH_LV_VE1-410-1a.X83
320;jedoch DN 100, 2. DN bis 100, 3. DN bis 100;2,0;St;gaeb;leistungsbeschreibungen/20260717_SBH_LV_VE1-410-1a.X83
330;jedoch DN 125, 2. DN 100, 3. DN 100;2,0;St;gaeb;leistungsbeschreibungen/20260717_SBH_LV_VE1-410-1a.X83
340;Doppelanschlussbogen, Formstück aus Gusseisen, für Abwasserleitungen aus gusseisernem, muffenlosem Rohr nach DIN EN 877, innen und außen epoxiert, 90 Grad, Montagehöhe bis 6,0 m, DN 50;2,0;St;gaeb;leistungsbeschreibungen/20260717_SBH_LV_VE1-410-1a.X83
350;Übergangsrohr, Formstück aus Gusseisen, für Abwasserleitungen aus gusseisernem, muffenlosem Rohr nach DIN EN 877, innen und außen epoxiert, exzentrisch,;2,0;St;gaeb;leistungsbeschreibungen/20260717_SBH_LV_VE1-410-1a.X83
360;jedoch DN 100, 2. DN bis 80;2,0;St;gaeb;leistungsbeschreibungen/20260717_SBH_LV_VE1-410-1a.X83
370;jedoch DN 125, 2. DN bis 100;2,0;St;gaeb;leistungsbeschreibungen/20260717_SBH_LV_VE1-410-1a.X83
380;jedoch DN 150, 2. DN bis 125;2,0;St;gaeb;leistungsbeschreibungen/20260717_SBH_LV_VE1-410-1a.X83
390;jedoch DN 200, 2. DN bis 150;2,0;St;gaeb;leistungsbeschreibungen/20260717_SBH_LV_VE1-410-1a.X83
400;Reinigungsrohr, Formstück aus Gusseisen, für Abwasserleitungen aus gusseisernem, muffenlosem Rohr nach DIN EN 877, innen und außen epoxiert, mit runder Öffnung, mit Verschlussdeckel, Montagehöhe bis 6,0 m, DN 50;1,0;St;gaeb;leistungsbeschreibungen/20260717_SBH_LV_VE1-410-1a.X83
410;jedoch DN 80;1,0;St;gaeb;leistungsbeschreibungen/20260717_SBH_LV_VE1-410-1a.X83
420;jedoch DN 100;3,0;St;gaeb;leistungsbeschreibungen/20260717_SBH_LV_VE1-410-1a.X83
430;jedoch mit rechteckiger Öffnung, DN 125;1,0;St;gaeb;leistungsbeschreibungen/20260717_SBH_LV_VE1-410-1a.X83
440;jedoch mit rechteckiger Öffnung, DN 150;1,0;St;gaeb;leistungsbeschreibungen/20260717_SBH_LV_VE1-410-1a.X83
450;jedoch mit rechteckiger Öffnung, DN 200;1,0;St;gaeb;leistungsbeschreibungen/20260717_SBH_LV_VE1-410-1a.X83
460;Fallrohrstütze, Formstück aus Gusseisen, für Abwasserleitungen aus gusseisernem, muffenlosem Rohr nach DIN EN 877, innen und außen epoxiert, mit Auflagerung mit einvulkanisiertem Gummiring, einschließlich Fertigkonsolen, Schrauben, Gewindeplatten, Durchsteckankern, DN 50;1,0;St;gaeb;leistungsbeschreibungen/20260717_SBH_LV_VE1-410-1a.X83
470;jedoch DN 100;2,0;St;gaeb;leistungsbeschreibungen/20260717_SBH_LV_VE1-410-1a.X83
480;jedoch DN 125;1,0;St;gaeb;leistungsbeschreibungen/20260717_SBH_LV_VE1-410-1a.X83
490;jedoch DN 150;1,0;St;gaeb;leistungsbeschreibungen/20260717_SBH_LV_VE1-410-1a.X83
500;jedoch DN 200;1,0;St;gaeb;leistungsbeschreibungen/20260717_SBH_LV_VE1-410-1a.X83
510;Geruchsverschluss, Formstück aus Gusseisen, für Abwasserleitungen aus gusseisernem, muffenlosem Rohr nach DIN EN 877, innen und außen epoxiert, waagerechte Ausführung mit Reinigungsöffnung, Montagehöhe bis 6,0 m,;2,0;St;gaeb;leistungsbeschreibungen/20260717_SBH_LV_VE1-410-1a.X83
520;jedoch DN 80;2,0;St;gaeb;leistungsbeschreibungen/20260717_SBH_LV_VE1-410-1a.X83
530;jedoch DN 100;1,0;St;gaeb;leistungsbeschreibungen/20260717_SBH_LV_VE1-410-1a.X83
540;jedoch DN 125;1,0;St;gaeb;leistungsbeschreibungen/20260717_SBH_LV_VE1-410-1a.X83
550;jedoch DN 150;1,0;St;gaeb;leistungsbeschreibungen/20260717_SBH_LV_VE1-410-1a.X83
560;jedoch DN 200;1,0;St;gaeb;leistungsbeschreibungen/20260717_SBH_LV_VE1-410-1a.X83
570;Enddeckel, Formstück aus Gusseisen, für Abwasserleitungen aus gusseisernem, muffenlosem Rohr nach DIN EN 877, innen und außen epoxiert, Montagehöhe bis 6,0 m, DN 50;1,0;St;gaeb;leistungsbeschreibungen/20260717_SBH_LV_VE1-410-1a.X83
580;jedoch DN 80;1,0;St;gaeb;leistungsbeschreibungen/20260717_SBH_LV_VE1-410-1a.X83
590;jedoch DN 100;1,0;St;gaeb;leistungsbeschreibungen/20260717_SBH_LV_VE1-410-1a.X83
600;jedoch DN 125;1,0;St;gaeb;leistungsbeschreibungen/20260717_SBH_LV_VE1-410-1a.X83
610;jedoch DN 150;1,0;St;gaeb;leistungsbeschreibungen/20260717_SBH_LV_VE1-410-1a.X83
620;jedoch DN 200;1,0;St;gaeb;leistungsbeschreibungen/20260717_SBH_LV_VE1-410-1a.X83
630;Enddeckel, Formstück aus Gusseisen, für Abwasserleitungen aus gusseisernem, muffenlosem Rohr nach DIN EN 877, innen und außen epoxiert, mit galvanisch verzinkter Klemmschelle und Gummidichtung aus EPDM, Montagehöhe bis 6,0 m,;1,0;St;gaeb;leistungsbeschreibungen/20260717_SBH_LV_VE1-410-1a.X83
640;jedoch DN 125;1,0;St;gaeb;leistungsbeschreibungen/20260717_SBH_LV_VE1-410-1a.X83
650;jedoch DN 150;1,0;St;gaeb;leistungsbeschreibungen/20260717_SBH_LV_VE1-410-1a.X83
660;jedoch DN 200;1,0;St;gaeb;leistungsbeschreibungen/20260717_SBH_LV_VE1-410-1a.X83
670;Rohrverbindung, für Abwasserleitungen aus gusseisernem, muffenlosem Rohr nach DIN EN 877, Profilschelle aus stabilisiertem Chromstahl, Werkstoff-Nr. 1.4510/11,  Verschlussteil mit Schraube, Spannköpfe aus Werkstoff-Nr. 1.4301, Schraube, Scheibe und Vierkantmutter chromfrei beschichtet, komplett mit ;50,0;St;gaeb;leistungsbeschreibungen/20260717_SBH_LV_VE1-410-1a.X83
680;jedoch DN 80;25,0;St;gaeb;leistungsbeschreibungen/20260717_SBH_LV_VE1-410-1a.X83
690;jedoch DN 100;70,0;St;gaeb;leistungsbeschreibungen/20260717_SBH_LV_VE1-410-1a.X83
700;jedoch DN 125;5,0;St;gaeb;leistungsbeschreibungen/20260717_SBH_LV_VE1-410-1a.X83
710;jedoch DN 150;50,0;St;gaeb;leistungsbeschreibungen/20260717_SBH_LV_VE1-410-1a.X83
720;jedoch DN 200;2,0;St;gaeb;leistungsbeschreibungen/20260717_SBH_LV_VE1-410-1a.X83
730;Anschlussmuffe, aus Elastomer mit Dichtlippen und Spannschelle aus nicht rostendem Stahl, Werkstoff-Nr 1.4510/11, mit vorgestochenen Anschlussringen für unterschiedliche Außendurchmesser, zum Übergang auf andere Werkstoffe, für Abwasserleitungen aus gusseisernem, muffenlosem Rohr nach DIN EN 877, DN;4,0;St;gaeb;leistungsbeschreibungen/20260717_SBH_LV_VE1-410-1a.X83
740;jedoch DN 80;2,0;St;gaeb;leistungsbeschreibungen/20260717_SBH_LV_VE1-410-1a.X83
750;jedoch DN 100;2,0;St;gaeb;leistungsbeschreibungen/20260717_SBH_LV_VE1-410-1a.X83
760;jedoch DN 125;2,0;St;gaeb;leistungsbeschreibungen/20260717_SBH_LV_VE1-410-1a.X83
770;Rohraufhängung, aus verzinktem Stahl, mit körperschalldämmenden Einlagen und Schnellverschluss, Anforderungen entsprechend DIN 4109, Temperaturberei;20,0;St;gaeb;leistungsbeschreibungen/20260717_SBH_LV_VE1-410-1a.X83
780;jedoch DN 80;15,0;St;gaeb;leistungsbeschreibungen/20260717_SBH_LV_VE1-410-1a.X83
790;jedoch DN 100;50,0;St;gaeb;leistungsbeschreibungen/20260717_SBH_LV_VE1-410-1a.X83
800;jedoch DN 125;5,0;St;gaeb;leistungsbeschreibungen/20260717_SBH_LV_VE1-410-1a.X83
810;jedoch DN 150;40,0;St;gaeb;leistungsbeschreibungen/20260717_SBH_LV_VE1-410-1a.X83
820;jedoch DN 200;5,0;St;gaeb;leistungsbeschreibungen/20260717_SBH_LV_VE1-410-1a.X83
830;Heißwasserbeständiges Rohrleitungssystem mit Steckmuffen, zur Verlegung als Abwasserleitung für Schwerkraftentwässerung innerhalb von Gebäuden nach DIN EN 12056 und DIN 1986-100. Abmessungen der Rohre und Formteile entsprechend DIN EN 1451-1 sowie den Angaben in der allgemeinen bauaufsichtlichen Zul;10,0;m;gaeb;leistungsbeschreibungen/20260717_SBH_LV_VE1-410-1a.X83
840;jedoch DN 40;15,0;m;gaeb;leistungsbeschreibungen/20260717_SBH_LV_VE1-410-1a.X83
850;jedoch DN 50;150,0;m;gaeb;leistungsbeschreibungen/20260717_SBH_LV_VE1-410-1a.X83
860;jedoch DN 70;280,0;m;gaeb;leistungsbeschreibungen/20260717_SBH_LV_VE1-410-1a.X83
870;jedoch DN 90;5,0;m;gaeb;leistungsbeschreibungen/20260717_SBH_LV_VE1-410-1a.X83
880;jedoch DN 100;300,0;m;gaeb;leistungsbeschreibungen/20260717_SBH_LV_VE1-410-1a.X83
890;jedoch DN 125;150,0;m;gaeb;leistungsbeschreibungen/20260717_SBH_LV_VE1-410-1a.X83
900;jedoch DN 150;30,0;m;gaeb;leistungsbeschreibungen/20260717_SBH_LV_VE1-410-1a.X83
910;jedoch Montagehöhe über 3,5 m bis 6,0 m, DN 50;5,0;m;gaeb;leistungsbeschreibungen/20260717_SBH_LV_VE1-410-1a.X83
920;jedoch Montagehöhe bis 6,0 m, DN 70;5,0;m;gaeb;leistungsbeschreibungen/20260717_SBH_LV_VE1-410-1a.X83
930;jedoch Montagehöhe bis 6,0 m, DN 90;5,0;m;gaeb;leistungsbeschreibungen/20260717_SBH_LV_VE1-410-1a.X83
940;jedoch Montagehöhe bis 6,0 m, DN 100;50,0;m;gaeb;leistungsbeschreibungen/20260717_SBH_LV_VE1-410-1a.X83
950;jedoch Montagehöhe bis 6,0 m, DN 125;50,0;m;gaeb;leistungsbeschreibungen/20260717_SBH_LV_VE1-410-1a.X83
960;jedoch Montagehöhe bis 6,0 m, DN 150;15,0;m;gaeb;leistungsbeschreibungen/20260717_SBH_LV_VE1-410-1a.X83
970;Bogen, für Abwasserleitung aus schallgedämmten Kunststoffrohr mit Steckmuffen, alle Winkelgrade,;10,0;St;gaeb;leistungsbeschreibungen/20260717_SBH_LV_VE1-410-1a.X83
980;jedoch DN 40;20,0;St;gaeb;leistungsbeschreibungen/20260717_SBH_LV_VE1-410-1a.X83
990;jedoch DN 50;250,0;St;gaeb;leistungsbeschreibungen/20260717_SBH_LV_VE1-410-1a.X83
1000;jedoch DN 70;400,0;St;gaeb;leistungsbeschreibungen/20260717_SBH_LV_VE1-410-1a.X83
1010;jedoch DN 90;10,0;St;gaeb;leistungsbeschreibungen/20260717_SBH_LV_VE1-410-1a.X83
1020;jedoch DN 100;260,0;St;gaeb;leistungsbeschreibungen/20260717_SBH_LV_VE1-410-1a.X83
1030;jedoch DN 125;120,0;St;gaeb;leistungsbeschreibungen/20260717_SBH_LV_VE1-410-1a.X83
1040;jedoch DN 150;40,0;St;gaeb;leistungsbeschreibungen/20260717_SBH_LV_VE1-410-1a.X83
1050;Einfachabzweig aller Winkelgrade, für Abwasserleitung aus schallgedämmten Kunststoffrohr mit Steckmuffen, alle Anschlussdimensionen, Abzweig reduziert oder gleiche Nennweite, Montagehöhe bis 6,0 m, DN 40.;5,0;St;gaeb;leistungsbeschreibungen/20260717_SBH_LV_VE1-410-1a.X83
1060;jedoch DN 50;10,0;St;gaeb;leistungsbeschreibungen/20260717_SBH_LV_VE1-410-1a.X83
1070;jedoch DN 70;45,0;St;gaeb;leistungsbeschreibungen/20260717_SBH_LV_VE1-410-1a.X83
1080;jedoch DN 90;5,0;St;gaeb;leistungsbeschreibungen/20260717_SBH_LV_VE1-410-1a.X83
1090;jedoch DN 100;130,0;St;gaeb;leistungsbeschreibungen/20260717_SBH_LV_VE1-410-1a.X83
1100;jedoch DN 125;50,0;St;gaeb;leistungsbeschreibungen/20260717_SBH_LV_VE1-410-1a.X83
1110;jedoch DN 150;15,0;St;gaeb;leistungsbeschreibungen/20260717_SBH_LV_VE1-410-1a.X83
1120;jedoch als Doppelabzweig DN 90;2,0;St;gaeb;leistungsbeschreibungen/20260717_SBH_LV_VE1-410-1a.X83
1130;jedoch als Doppelabzweig DN 100;2,0;St;gaeb;leistungsbeschreibungen/20260717_SBH_LV_VE1-410-1a.X83
1140;jedoch als Eckdoppelabzweig Dimension DN 90;2,0;St;gaeb;leistungsbeschreibungen/20260717_SBH_LV_VE1-410-1a.X83
1150;jedoch als Eckdoppelabzweig Dimension DN 100;2,0;St;gaeb;leistungsbeschreibungen/20260717_SBH_LV_VE1-410-1a.X83
1160;jedoch als Doppelanschlussbogen, DN 100/90/90;2,0;St;gaeb;leistungsbeschreibungen/20260717_SBH_LV_VE1-410-1a.X83
1170;jedoch als Doppelanschlussbogen, DN 100/100/100;2,0;St;gaeb;leistungsbeschreibungen/20260717_SBH_LV_VE1-410-1a.X83
1180;Reduktion, exzentrisch, für Abwasserleitung aus schallgedämmten Kunststoffrohr mit Steckmuffen, Montagehöhe bis 6,0 m, DN 50 (größter Durchmesser);5,0;St;gaeb;leistungsbeschreibungen/20260717_SBH_LV_VE1-410-1a.X83
1190;jedoch DN 70;10,0;St;gaeb;leistungsbeschreibungen/20260717_SBH_LV_VE1-410-1a.X83
1200;jedoch DN 90;5,0;St;gaeb;leistungsbeschreibungen/20260717_SBH_LV_VE1-410-1a.X83
1210;jedoch DN 100;20,0;St;gaeb;leistungsbeschreibungen/20260717_SBH_LV_VE1-410-1a.X83
1220;jedoch DN 125;20,0;St;gaeb;leistungsbeschreibungen/20260717_SBH_LV_VE1-410-1a.X83
1230;jedoch DN 150;15,0;St;gaeb;leistungsbeschreibungen/20260717_SBH_LV_VE1-410-1a.X83
1240;Doppelmuffe, für Abwasserleitung aus schallgedämmten Kunststoffrohr mit Steckmuffen, Montagehöhe bis 6,0 m, DN 40;2,0;St;gaeb;leistungsbeschreibungen/20260717_SBH_LV_VE1-410-1a.X83
1250;jedoch DN 50;2,0;St;gaeb;leistungsbeschreibungen/20260717_SBH_LV_VE1-410-1a.X83
1260;jedoch DN 70;10,0;St;gaeb;leistungsbeschreibungen/20260717_SBH_LV_VE1-410-1a.X83
1270;jedoch DN 90;5,0;St;gaeb;leistungsbeschreibungen/20260717_SBH_LV_VE1-410-1a.X83
1280;jedoch DN 100;15,0;St;gaeb;leistungsbeschreibungen/20260717_SBH_LV_VE1-410-1a.X83
1290;jedoch DN 125;15,0;St;gaeb;leistungsbeschreibungen/20260717_SBH_LV_VE1-410-1a.X83
1300;jedoch DN 150;10,0;St;gaeb;leistungsbeschreibungen/20260717_SBH_LV_VE1-410-1a.X83
1310;Reinigungsrrohr mit runder Öffnung, für Abwasserleitung aus schallgedämmten Kunststoffrohr mit Steckmuffen, Montagehöhe bis 6,0 m, DN 70;5,0;St;gaeb;leistungsbeschreibungen/20260717_SBH_LV_VE1-410-1a.X83
1320;jedoch DN 90;2,0;St;gaeb;leistungsbeschreibungen/20260717_SBH_LV_VE1-410-1a.X83
1330;jedoch DN 100;15,0;St;gaeb;leistungsbeschreibungen/20260717_SBH_LV_VE1-410-1a.X83
1340;jedoch DN 125;15,0;St;gaeb;leistungsbeschreibungen/20260717_SBH_LV_VE1-410-1a.X83
1350;jedoch DN 150;10,0;St;gaeb;leistungsbeschreibungen/20260717_SBH_LV_VE1-410-1a.X83
1360;Muffenstopfen, für Abwasserleitung aus schallgedämmten Kunststoffrohr mit Steckmuffen, Montagehöhe bis 6,0 m, DN 40;5,0;St;gaeb;leistungsbeschreibungen/20260717_SBH_LV_VE1-410-1a.X83
1370;jedoch DN 70;5,0;St;gaeb;leistungsbeschreibungen/20260717_SBH_LV_VE1-410-1a.X83
1380;jedoch DN 90;2,0;St;gaeb;leistungsbeschreibungen/20260717_SBH_LV_VE1-410-1a.X83
1390;jedoch DN 100;5,0;St;gaeb;leistungsbeschreibungen/20260717_SBH_LV_VE1-410-1a.X83
1400;jedoch DN 125;5,0;St;gaeb;leistungsbeschreibungen/20260717_SBH_LV_VE1-410-1a.X83
1410;jedoch DN 150;2,0;St;gaeb;leistungsbeschreibungen/20260717_SBH_LV_VE1-410-1a.X83
1420;Übergangsmanschette DN 50, für Abwasserleitung, aus Gummi, Montagehöhe bis 6,0 m, DN 50, zum Anschluss von Rohrleitungen anderer Werkstoffe (Metallleitungen).;5,0;St;gaeb;leistungsbeschreibungen/20260717_SBH_LV_VE1-410-1a.X83
1430;jedoch DN 70;5,0;St;gaeb;leistungsbeschreibungen/20260717_SBH_LV_VE1-410-1a.X83
1440;jedoch DN 90;2,0;St;gaeb;leistungsbeschreibungen/20260717_SBH_LV_VE1-410-1a.X83
1450;jedoch DN 100;5,0;St;gaeb;leistungsbeschreibungen/20260717_SBH_LV_VE1-410-1a.X83
1460;jedoch DN 125;5,0;St;gaeb;leistungsbeschreibungen/20260717_SBH_LV_VE1-410-1a.X83
1470;jedoch DN 150;2,0;St;gaeb;leistungsbeschreibungen/20260717_SBH_LV_VE1-410-1a.X83
1480;Rohraufhängung, aus verzinktem Stahl, mit körperschalldämmenden Einlagen und Schnellverschluss, Anforderungen entsprechend DIN 4109, Temperaturberei;300,0;St;gaeb;leistungsbeschreibungen/20260717_SBH_LV_VE1-410-1a.X83
1490;jedoch DN 40;150,0;St;gaeb;leistungsbeschreibungen/20260717_SBH_LV_VE1-410-1a.X83
1500;jedoch DN 50;150,0;St;gaeb;leistungsbeschreibungen/20260717_SBH_LV_VE1-410-1a.X83
1510;jedoch DN 70;280,0;St;gaeb;leistungsbeschreibungen/20260717_SBH_LV_VE1-410-1a.X83
1520;jedoch DN 90;10,0;St;gaeb;leistungsbeschreibungen/20260717_SBH_LV_VE1-410-1a.X83
1530;jedoch DN 100;300,0;St;gaeb;leistungsbeschreibungen/20260717_SBH_LV_VE1-410-1a.X83
1540;jedoch DN 125;200,0;St;gaeb;leistungsbeschreibungen/20260717_SBH_LV_VE1-410-1a.X83
1550;jedoch DN 150;50,0;St;gaeb;leistungsbeschreibungen/20260717_SBH_LV_VE1-410-1a.X83
1560;"Mehraufwand für Installation von vorgenannte Rohrleitungen sowie Form- und Verbindungsstücken aus Kunststoff einschließlich zugehöriger Rohraufhängungen; DN 50, Installation in einem Bereich im 1.UG der Männerhalle mit geringer lichter Raumhöhe. Oberhalb des Bereichs befinden sich Sanitärräume mit B";20,0;m;gaeb;leistungsbeschreibungen/20260717_SBH_LV_VE1-410-1a.X83
1570;jedoch DN 70;60,0;m;gaeb;leistungsbeschreibungen/20260717_SBH_LV_VE1-410-1a.X83
1580;jedoch DN 90;10,0;m;gaeb;leistungsbeschreibungen/20260717_SBH_LV_VE1-410-1a.X83
1590;jedoch DN 100;30,0;m;gaeb;leistungsbeschreibungen/20260717_SBH_LV_VE1-410-1a.X83
1600;jedoch DN 125;15,0;m;gaeb;leistungsbeschreibungen/20260717_SBH_LV_VE1-410-1a.X83
1610;jedoch DN 150;10,0;m;gaeb;leistungsbeschreibungen/20260717_SBH_LV_VE1-410-1a.X83
1620;Anschluss einer Abwasserleitung aus HT-PP-Rohr DN 100 nach DIN EN 1451-1 , an die Muffe einer Grundleitung aus;5,0;St;gaeb;leistungsbeschreibungen/20260717_SBH_LV_VE1-410-1a.X83
1630;jedoch DN 125;2,0;St;gaeb;leistungsbeschreibungen/20260717_SBH_LV_VE1-410-1a.X83
1640;jedoch DN 150;1,0;St;gaeb;leistungsbeschreibungen/20260717_SBH_LV_VE1-410-1a.X83
1650;jedoch DN 200;1,0;St;gaeb;leistungsbeschreibungen/20260717_SBH_LV_VE1-410-1a.X83
1660;"Röhrengeruchsverschluss Kunststoff für Installation hinter bauseitiger Verkleidung, 1 1/4"" x 40 mm, inkl. verstellbarem Tauchrohr, Anschlussrohr";15,0;St;gaeb;leistungsbeschreibungen/20260717_SBH_LV_VE1-410-1a.X83
1670;Rohrbelüfter DN 50, Bauart geprüft und überwacht nach DIN 12380, Typenklasse A1, mit Übergangsdichtung, Volumenstrom 8 l/s, integrierte Wärmedämmung, frostsicher bis -20°C.;2,0;St;gaeb;leistungsbeschreibungen/20260717_SBH_LV_VE1-410-1a.X83
1680;Anschluss an Schmutzwasser-Dachhaube herstellen,;1,0;St;gaeb;leistungsbeschreibungen/20260717_SBH_LV_VE1-410-1a.X83
1690;jedoch DN 80/90;2,0;St;gaeb;leistungsbeschreibungen/20260717_SBH_LV_VE1-410-1a.X83
1700;jedoch DN 100;4,0;St;gaeb;leistungsbeschreibungen/20260717_SBH_LV_VE1-410-1a.X83
1710;jedoch DN 125;6,0;St;gaeb;leistungsbeschreibungen/20260717_SBH_LV_VE1-410-1a.X83
1720;jedoch DN 150;2,0;St;gaeb;leistungsbeschreibungen/20260717_SBH_LV_VE1-410-1a.X83
1730;jedoch DN 200;1,0;St;gaeb;leistungsbeschreibungen/20260717_SBH_LV_VE1-410-1a.X83
10;Bodenablauf, DN 70 aus Edelstahl, Werkstoff-Nr. 1.4301 Stutzenneigung 90° geprüft nach DIN EN 1253, mit Klebeflansch, mit Bauzeitschutzdeckel, Abflussleistung 1,5 l/s;77,0;St;gaeb;leistungsbeschreibungen/20260717_SBH_LV_VE1-410-1a.X83
20;Brandschutz-Einbauset aus nicht brennbarem Baustoff, Klasse A 1, zum mörtellosen Einbau in Kernbohrungen, Durchmesser max. 225 mm, passend zu vorgenannten Bodenabläufe DN 70;9,0;St;gaeb;leistungsbeschreibungen/20260717_SBH_LV_VE1-410-1a.X83
30;Brandschutz-Glockengeruchverschluss DN 70, Feuerwiderstandsklasse R 30 bis R 120, Feuer- und Rauchverschluss zur nachträglichen Brandschutz-Ausrüstung von Ablaufkörpern DN 70, Stutzenneigung 90°, für vorgenannte Edelstahl-Bodenabläufe DN 70;9,0;St;gaeb;leistungsbeschreibungen/20260717_SBH_LV_VE1-410-1a.X83
40;jedoch ohne Brandschutzanforderungen;68,0;St;gaeb;leistungsbeschreibungen/20260717_SBH_LV_VE1-410-1a.X83
50;Aufsatzstück aus Kunststoff, Stutzendurchmesser ca. 125 mm;77,0;St;gaeb;leistungsbeschreibungen/20260717_SBH_LV_VE1-410-1a.X83
60;Bodenablauf, DN 100 aus Edelstahl, Werkstoff-Nr. 1.4301 Stutzenneigung 90° geprüft nach DIN EN 1253, mit Klebeflansch, mit Bauzeitschutzdeckel, Abflussleistung 1,5 l/s;5,0;St;gaeb;leistungsbeschreibungen/20260717_SBH_LV_VE1-410-1a.X83
70;Brandschutz-Einbauset aus nicht brennbarem Baustoff, Klasse A 1, zum mörtellosen Einbau in Kernbohrungen, Durchmesser max. 225 mm, passend zu vorgenannten Bodenabläufe DN 100;4,0;St;gaeb;leistungsbeschreibungen/20260717_SBH_LV_VE1-410-1a.X83
80;Brandschutz-Glockengeruchverschluss DN 100, Feuerwiderstandsklasse R 30 bis R 120, Feuer- und Rauchverschluss zur nachträglichen Brandschutz-Ausrüstung von Ablaufkörpern DN 100, Stutzenneigung 90°, für vorgenannte Edelstahl-Bodenabläufe DN 100;4,0;St;gaeb;leistungsbeschreibungen/20260717_SBH_LV_VE1-410-1a.X83
90;jedoch ohne Brandschutzanforderungen;1,0;St;gaeb;leistungsbeschreibungen/20260717_SBH_LV_VE1-410-1a.X83
100;Aufsatzstück aus Kunststoff, Stutzendurchmesser ca. 125 mm;5,0;St;gaeb;leistungsbeschreibungen/20260717_SBH_LV_VE1-410-1a.X83
110;Kastenrinne aus CrNi-Stahl, Werkstoff 1.4301, in Sonderanfertigung, mit Radien im Profil, Fertigungsoptimierte Endstücke, Materialdicke 1,5 mm, U-förmig abgekantet, mit Hohlraumverfüllung, in Schweißkonstruktion, sichtbare Flächen sowie Schweißnähte geschliffen, oberer umlaufender Rand 15 mm breit, ;2,0;St;gaeb;leistungsbeschreibungen/20260717_SBH_LV_VE1-410-1a.X83
120;Bodenablauf, passend zur vorgenannten Kastenrinne, aus Biopolymer, dauerhaft korrosionsfreie Oberfläche, kurzfristig beflammbar bis 400 Grad, beständig gegen viele Säuren und Laugen, Stutzenneigung 90 Grad, geprüft gemäß DIN EN 1253-1, geprüfter integrierter Schallschutz gemäß VDI 4100:2012, SST III;6,0;St;gaeb;leistungsbeschreibungen/20260717_SBH_LV_VE1-410-1a.X83
130;Duschrinne aus Edelstahl, mit Längs- und Quergefälle;2,0;St;gaeb;leistungsbeschreibungen/20260717_SBH_LV_VE1-410-1a.X83
140;Bodenablauf, passend zur vorgenannten Duschrinne, aus Biopolymer, dauerhaft korrosionsfreie Oberfläche, kurzfristig beflammbar bis 400 Grad, beständig gegen viele Säuren und Laugen, Stutzenneigung 90 Grad, geprüft gemäß DIN EN 1253-1, geprüfter integrierter Schallschutz gemäß VDI 4100:2012, SST III ;2,0;St;gaeb;leistungsbeschreibungen/20260717_SBH_LV_VE1-410-1a.X83
150;Duschrinne aus Edelstahl, mit Längs- und Quergefälle;4,0;St;gaeb;leistungsbeschreibungen/20260717_SBH_LV_VE1-410-1a.X83
160;Bodenablauf, passend zur vorgenannten Duschrinne,;4,0;St;gaeb;leistungsbeschreibungen/20260717_SBH_LV_VE1-410-1a.X83
10;Tauchmotorpumpe, voll überflutbar, transportabel oder stationär einsetzbar, mit Freistromrad, vertikalen Druckstutzen,;6,0;St;gaeb;leistungsbeschreibungen/20260717_SBH_LV_VE1-410-1a.X83
20;Pumpensteuer- und Überwachungsgerät mit Bedieneinheit, als gemeinsame Steuereinheit für jeweils zwei der vorgenannten Tauchmotorpumpen für Redundanzbetrieb, Niveauerfassung erfolgt über Schwimmerschalter.;3,0;St;gaeb;leistungsbeschreibungen/20260717_SBH_LV_VE1-410-1a.X83
30;"Kugelhahn für manuelle Absperrung Druckleitung der Tauchmotorpumpe; aus Edelstahl 1.4408; PN 10, R 1 1/2""";6,0;St;gaeb;leistungsbeschreibungen/20260717_SBH_LV_VE1-410-1a.X83
40;"Rückschlagventil für Druckleitung der Tauchmotorpumpe, aus Edelstahl (1.4401), Rp 1 1/2""";6,0;St;gaeb;leistungsbeschreibungen/20260717_SBH_LV_VE1-410-1a.X83
50;Schwimmschalter als Kontaktgeber für Schaltgeräte, Schaltergehäuse Polypropylen, maximale Förderguttemperatur;9,0;St;gaeb;leistungsbeschreibungen/20260717_SBH_LV_VE1-410-1a.X83
60;Gewicht für Schwimmerschalter, zur Einstellung des Schaltpunktes bei hängender Montage von Schwimmerschaltern. Die Schwimmergewichte werden auf das Schwimmerkabel aufgeklippst und sind zur nachträglichen Montage geeignet.;9,0;St;gaeb;leistungsbeschreibungen/20260717_SBH_LV_VE1-410-1a.X83
70;Auffangwanne aus HDPE-Kunststoff, Auffangvolumen ca. 220 l, inkl. Wannenfüßen, einschließlich passendem Kunststoff-Gitterrost mit Aussparung für Druckrohrleitungen,;1,0;St;gaeb;leistungsbeschreibungen/20260717_SBH_LV_VE1-410-1a.X83
80;"Rohrleitung aus nicht rostendem Stahl, DN 32, 35 mm x 1,5 mm, Montagehöhe bis 3,5 m über Oberkante Gelände / Fußboden, Werkstoff-Nr 1.4401, mit dem Nachweis ""undicht im unverpressten Zustand"", geschweißt, für Abwasser, verbinden durch Pressfittings, aus nichtrostendem Stahl, einschl. Dichtungsmateri";8,0;m;gaeb;leistungsbeschreibungen/20260717_SBH_LV_VE1-410-1a.X83
90;jedoch Montagehöhe über 3,5 m bis 6,0 m;6,0;m;gaeb;leistungsbeschreibungen/20260717_SBH_LV_VE1-410-1a.X83
100;"Edelstahlwellschlauch, beidseitig 1 1/2"" AG, spalt- und gratfrei geschweißt, Schlauch aus Edelstahl 1.4404, Geflecht auf Edelstahl 1.4301, Länge 1,0 m";4,0;St;gaeb;leistungsbeschreibungen/20260717_SBH_LV_VE1-410-1a.X83
110;jedoch Länge 1,5 m;2,0;St;gaeb;leistungsbeschreibungen/20260717_SBH_LV_VE1-410-1a.X83
120;"Bogen DN 40, AD 42 mm, alle Winkelgrade, Edelstahl-Pressfittingsystem, für Schmutzwasser, aus nichtrostendem CrNiMo-Stahl, Werkstoff Nr.: 1.4401, mit dem Nachweis ""undicht im unverpressten Zustand"", mit Pressindikator zur Erkennung nicht verpresster Verbindung vor der Druckprobe, Montagehöhe bis 6,0";10,0;St;gaeb;leistungsbeschreibungen/20260717_SBH_LV_VE1-410-1a.X83
130;"T-Stück DN 40 (42,0 mm), Abgang reduziert oder gleich, Edelstahl-Pressfittingsystem, für Schmutzwasser, aus nichtrostendem CrNiMo-Stahl, Werkstoff Nr.: 1.4401, mit dem Nachweis ""undicht im unverpressten Zustand"", mit Pressindikator zur Erkennung nicht verpresster Verbindung vor der Druckprobe, Monta";2,0;St;gaeb;leistungsbeschreibungen/20260717_SBH_LV_VE1-410-1a.X83
140;"Muffe DN 40 (42,0 mm), Edelstahl-Pressfittingsystem, für Schmutzwasser, aus nichtrostendem CrNiMo-Stahl, Werkstoff Nr.: 1.4401, mit dem Nachweis ""undicht im unverpressten Zustand"", mit Pressindikator zur Erkennung nicht verpresster Verbindung vor der Druckprobe, Montagehöhe bis 6,0 m über Gelände / ";8,0;St;gaeb;leistungsbeschreibungen/20260717_SBH_LV_VE1-410-1a.X83
150;"Anschlussverschraubung, mit Überwurfmutter aus Messing, DN 40 x 1 1/2"" IG, Edelstahl-Pressfittingsystem, für Schmutzwasser, aus nichtrostendem CrNiMo-Stahl, Werkstoff Nr.: 1.4401, mit dem Nachweis ""undicht im unverpressten Zustand"", mit Pressindikator zur Erkennung nicht verpresster Verbindung vor d";30,0;St;gaeb;leistungsbeschreibungen/20260717_SBH_LV_VE1-410-1a.X83
160;Rohraufhängung, aus verzinktem Stahl, mit körperschalldämmenden Einlagen und Schnellverschluss, Anforderungen entsprechend DIN 4109, Temperaturberei;15,0;St;gaeb;leistungsbeschreibungen/20260717_SBH_LV_VE1-410-1a.X83
10;Rohrschott F90 für vorbeschriebene Regenwasserleitungen, für Wand- und Deckendurchführung der Feuerwiderstandsklasse R 30 - R 90 nach DIN 4102 Teil 11, zum Schutz vor Rauch- und Feuerausbreitung, zum Einbau in Massivdecken und -wände / Leichte Trennwände der Feuerwiderstandsklasse F 30 - F 90, Monta;1,0;St;gaeb;leistungsbeschreibungen/20260717_SBH_LV_VE1-410-1a.X83
20;jedoch DN 70;1,0;St;gaeb;leistungsbeschreibungen/20260717_SBH_LV_VE1-410-1a.X83
30;jedoch DN 90;1,0;St;gaeb;leistungsbeschreibungen/20260717_SBH_LV_VE1-410-1a.X83
40;jedoch DN 100;1,0;St;gaeb;leistungsbeschreibungen/20260717_SBH_LV_VE1-410-1a.X83
50;jedoch DN 125;1,0;St;gaeb;leistungsbeschreibungen/20260717_SBH_LV_VE1-410-1a.X83
60;jedoch DN 150;1,0;St;gaeb;leistungsbeschreibungen/20260717_SBH_LV_VE1-410-1a.X83
70;jedoch DN 200;1,0;St;gaeb;leistungsbeschreibungen/20260717_SBH_LV_VE1-410-1a.X83
80;Brandschutzmanschette;10,0;St;gaeb;leistungsbeschreibungen/20260717_SBH_LV_VE1-410-1a.X83
90;jedoch;10,0;St;gaeb;leistungsbeschreibungen/20260717_SBH_LV_VE1-410-1a.X83
100;jedoch;2,0;St;gaeb;leistungsbeschreibungen/20260717_SBH_LV_VE1-410-1a.X83
110;jedoch;10,0;St;gaeb;leistungsbeschreibungen/20260717_SBH_LV_VE1-410-1a.X83
120;jedoch;10,0;St;gaeb;leistungsbeschreibungen/20260717_SBH_LV_VE1-410-1a.X83
130;jedoch;2,0;St;gaeb;leistungsbeschreibungen/20260717_SBH_LV_VE1-410-1a.X83
140;jedoch;2,0;St;gaeb;leistungsbeschreibungen/20260717_SBH_LV_VE1-410-1a.X83
150;R90-Rohrabschottung um nichtbrennbare Rohrleitungen, zur;2,0;St;gaeb;leistungsbeschreibungen/20260717_SBH_LV_VE1-410-1a.X83
160;jedoch;4,0;St;gaeb;leistungsbeschreibungen/20260717_SBH_LV_VE1-410-1a.X83
170;jedoch;10,0;St;gaeb;leistungsbeschreibungen/20260717_SBH_LV_VE1-410-1a.X83
180;jedoch;5,0;St;gaeb;leistungsbeschreibungen/20260717_SBH_LV_VE1-410-1a.X83
190;jedoch;2,0;St;gaeb;leistungsbeschreibungen/20260717_SBH_LV_VE1-410-1a.X83
200;jedoch;2,0;St;gaeb;leistungsbeschreibungen/20260717_SBH_LV_VE1-410-1a.X83
210;Zulage zu vorgenannter R90-Rohrabschottung von nichtbrennbaren Rohrleitungen aus Gusseisen, für Einbeziehung eines Formstücks (Abzweig, Bogen) einschließlich Verbinder im Bereich der weiterführenden Dämmung, Ausführung gemäß allgemeinem bauaufsichtlichen Prüfzeugnis, Rohr-Außendurchmesser 58,0 mm,;4,0;St;gaeb;leistungsbeschreibungen/20260717_SBH_LV_VE1-410-1a.X83
220;jedoch Rohr-Außendurchmesser 83,0 mm,;8,0;St;gaeb;leistungsbeschreibungen/20260717_SBH_LV_VE1-410-1a.X83
230;jedoch Rohr-Außendurchmesser 110,0 mm,;20,0;St;gaeb;leistungsbeschreibungen/20260717_SBH_LV_VE1-410-1a.X83
240;jedoch Rohr-Außendurchmesser 135,0 mm,;10,0;St;gaeb;leistungsbeschreibungen/20260717_SBH_LV_VE1-410-1a.X83
250;jedoch Rohr-Außendurchmesser 160,0 mm,;2,0;St;gaeb;leistungsbeschreibungen/20260717_SBH_LV_VE1-410-1a.X83
10;Kältedämmung nach DIN 4140, an Rohrleitung aus Kunststoff, mineralverstärkt, mit Steckmuffen oder Elektroschweißmuffen, DN 70, im Gebäude, Oberkante Dämmung über Gelände / Fußboden bis 6,0 m, Dämmung aus synthetischem Kautschuk, Baustoffklasse DIN 4102-1 B1 (schwerentflammbar), s2, d0,;50,0;m;gaeb;leistungsbeschreibungen/20260717_SBH_LV_VE1-410-1a.X83
20;jedoch DN 100, Gesamtstärke der Dämmung mind. 28 mm;20,0;m;gaeb;leistungsbeschreibungen/20260717_SBH_LV_VE1-410-1a.X83
30;jedoch DN 125, Gesamtstärke der Dämmung mind. 28 mm;40,0;m;gaeb;leistungsbeschreibungen/20260717_SBH_LV_VE1-410-1a.X83
40;jedoch DN 150, Gesamtstärke der Dämmung mind. 28 mm;7,0;m;gaeb;leistungsbeschreibungen/20260717_SBH_LV_VE1-410-1a.X83
50;jedoch DN 200, Gesamtstärke der Dämmung mind. 34 mm;35,0;m;gaeb;leistungsbeschreibungen/20260717_SBH_LV_VE1-410-1a.X83
60;jedoch DN 100, Gesamtstärke der Dämmung mind. 28 mm, mit zusätzlicher;10,0;m;gaeb;leistungsbeschreibungen/20260717_SBH_LV_VE1-410-1a.X83
70;jedoch DN 125, Gesamtstärke der Dämmung mind. 28 mm, mit zusätzlicher;5,0;m;gaeb;leistungsbeschreibungen/20260717_SBH_LV_VE1-410-1a.X83
80;jedoch DN 150, Gesamtstärke der Dämmung mind. 28 mm, mit zusätzlicher;10,0;m;gaeb;leistungsbeschreibungen/20260717_SBH_LV_VE1-410-1a.X83
90;jedoch DN 200, Gesamtstärke der Dämmung mind. 34 mm, mit zusätzlicher;5,0;m;gaeb;leistungsbeschreibungen/20260717_SBH_LV_VE1-410-1a.X83
100;Kältedämmung nach DIN 4140, an Bögen alle Winkelgrade an Rohrleitung aus Kunststoff, mineralverstärkt, mit Steckmuffen oder Elektroschweißmuffen, DN 70, im Gebäude, Oberkante Dämmung über Gelände / Fußboden bis 6,0 m, Dämmung aus synthetischem Kautschuk, Gesamtstärke der Dämmung mind. 28 mm, gemäß v;20,0;St;gaeb;leistungsbeschreibungen/20260717_SBH_LV_VE1-410-1a.X83
110;jedoch DN 100, Gesamtstärke der Dämmung mind. 28 mm;20,0;St;gaeb;leistungsbeschreibungen/20260717_SBH_LV_VE1-410-1a.X83
120;jedoch DN 125, Gesamtstärke der Dämmung mind. 28 mm;5,0;St;gaeb;leistungsbeschreibungen/20260717_SBH_LV_VE1-410-1a.X83
130;jedoch DN 150, Gesamtstärke der Dämmung mind. 28 mm;10,0;St;gaeb;leistungsbeschreibungen/20260717_SBH_LV_VE1-410-1a.X83
140;jedoch DN 200, Gesamtstärke der Dämmung mind. 34 mm;15,0;St;gaeb;leistungsbeschreibungen/20260717_SBH_LV_VE1-410-1a.X83
150;jedoch DN 100, Gesamtstärke der Dämmung mind. 28 mm, mit zusätzlicher;2,0;St;gaeb;leistungsbeschreibungen/20260717_SBH_LV_VE1-410-1a.X83
160;jedoch DN 125, Gesamtstärke der Dämmung mind. 28 mm, mit zusätzlicher;2,0;St;gaeb;leistungsbeschreibungen/20260717_SBH_LV_VE1-410-1a.X83
170;jedoch DN 150, Gesamtstärke der Dämmung mind. 28 mm, mit zusätzlicher;2,0;St;gaeb;leistungsbeschreibungen/20260717_SBH_LV_VE1-410-1a.X83
180;jedoch DN 200, Gesamtstärke der Dämmung mind. 34 mm, mit zusätzlicher;4,0;St;gaeb;leistungsbeschreibungen/20260717_SBH_LV_VE1-410-1a.X83
190;Kältedämmung nach DIN 4140, an Einfachabzweigen alle Winkelgrade an Rohrleitung aus Kunststoff, mineralverstärkt, mit Steckmuffen oder Elektroschweißmuffen, DN 70, im Gebäude, Oberkante Dämmung über Gelände / Fußboden bis 6,0 m, Dämmung aus synthetischem Kautschuk, Gesamtstärke der Dämmung mind. 28 ;2,0;St;gaeb;leistungsbeschreibungen/20260717_SBH_LV_VE1-410-1a.X83
200;jedoch DN 100, Gesamtstärke der Dämmung mind. 28 mm;4,0;St;gaeb;leistungsbeschreibungen/20260717_SBH_LV_VE1-410-1a.X83
210;jedoch DN 125, Gesamtstärke der Dämmung mind. 28 mm;2,0;St;gaeb;leistungsbeschreibungen/20260717_SBH_LV_VE1-410-1a.X83
220;jedoch DN 150, Gesamtstärke der Dämmung mind. 28 mm;2,0;St;gaeb;leistungsbeschreibungen/20260717_SBH_LV_VE1-410-1a.X83
230;jedoch DN 200, Gesamtstärke der Dämmung mind. 34 mm;6,0;St;gaeb;leistungsbeschreibungen/20260717_SBH_LV_VE1-410-1a.X83
240;Kältedämmung nach DIN 4140, an exzentrischen Übergangsstück DN 70-DN 100 an Rohrleitung aus Kunststoff, mineralverstärkt, mit Steckmuffen oder Elektroschweißmuffen, im Gebäude, Oberkante Dämmung über Gelände / Fußboden bis 6,0 m, Dämmung aus synthetischem Kautschuk, Gesamtstärke der Dämmung mind. 28;2,0;St;gaeb;leistungsbeschreibungen/20260717_SBH_LV_VE1-410-1a.X83
250;jedoch Übergangsstück DN 100-DN 125, Gesamtstärke der Dämmung mind. 28 mm;2,0;St;gaeb;leistungsbeschreibungen/20260717_SBH_LV_VE1-410-1a.X83
260;jedoch Übergangsstück DN 125-DN 150, Gesamtstärke der Dämmung mind. 28 mm;2,0;St;gaeb;leistungsbeschreibungen/20260717_SBH_LV_VE1-410-1a.X83
270;jedoch Übergangsstück DN 150-DN 200, Gesamtstärke der Dämmung mind. 34 mm;2,0;St;gaeb;leistungsbeschreibungen/20260717_SBH_LV_VE1-410-1a.X83
280;Kältedämmung nach DIN 4140, an Reinigungsöffnung DN 70 an Rohrleitung aus Kunststoff, mineralverstärkt, mit Steckmuffen oder Elektroschweißmuffen, im Gebäude, Oberkante Dämmung über Gelände / Fußboden bis 6,0 m, Dämmung aus synthetischem Kautschuk, Gesamtstärke der Dämmung mind. 28 mm, gemäß vorherg;1,0;St;gaeb;leistungsbeschreibungen/20260717_SBH_LV_VE1-410-1a.X83
290;jedoch DN 100, Gesamtstärke der Dämmung mind. 28 mm;1,0;St;gaeb;leistungsbeschreibungen/20260717_SBH_LV_VE1-410-1a.X83
300;jedoch DN 125, Gesamtstärke der Dämmung mind. 28 mm;1,0;St;gaeb;leistungsbeschreibungen/20260717_SBH_LV_VE1-410-1a.X83
310;jedoch DN 150, Gesamtstärke der Dämmung mind. 28 mm;1,0;St;gaeb;leistungsbeschreibungen/20260717_SBH_LV_VE1-410-1a.X83
320;jedoch DN 200, Gesamtstärke der Dämmung mind. 34 mm;1,0;St;gaeb;leistungsbeschreibungen/20260717_SBH_LV_VE1-410-1a.X83
330;jedoch DN 100, Gesamtstärke der Dämmung mind. 28 mm, mit zusätzlicher;2,0;St;gaeb;leistungsbeschreibungen/20260717_SBH_LV_VE1-410-1a.X83
340;jedoch DN 125, Gesamtstärke der Dämmung mind. 28 mm, mit zusätzlicher;1,0;St;gaeb;leistungsbeschreibungen/20260717_SBH_LV_VE1-410-1a.X83
350;jedoch DN 150, Gesamtstärke der Dämmung mind. 28 mm, mit zusätzlicher;1,0;St;gaeb;leistungsbeschreibungen/20260717_SBH_LV_VE1-410-1a.X83
360;jedoch DN 200, Gesamtstärke der Dämmung mind. 34 mm, mit zusätzlicher;2,0;St;gaeb;leistungsbeschreibungen/20260717_SBH_LV_VE1-410-1a.X83
370;Kältedämmung DIN 4140, an Fallrohrstütze, DN 70, im Gebäude, Oberkante Dämmung über Gelände / Fußboden über bis 6,0 m, Dämmung aus synthetischem Kautschuk, Gesamtstärke der Dämmung mind. 28 mm, gemäß vorhergehend beschriebener Kältedämmung herstellen.;1,0;St;gaeb;leistungsbeschreibungen/20260717_SBH_LV_VE1-410-1a.X83
380;jedoch DN 100, Gesamtstärke der Dämmung mind. 28 mm;1,0;St;gaeb;leistungsbeschreibungen/20260717_SBH_LV_VE1-410-1a.X83
390;jedoch DN 125, Gesamtstärke der Dämmung mind. 28 mm;1,0;St;gaeb;leistungsbeschreibungen/20260717_SBH_LV_VE1-410-1a.X83
400;jedoch DN 150, Gesamtstärke der Dämmung mind. 28 mm;1,0;St;gaeb;leistungsbeschreibungen/20260717_SBH_LV_VE1-410-1a.X83
410;jedoch DN 200, Gesamtstärke der Dämmung mind. 34 mm;2,0;St;gaeb;leistungsbeschreibungen/20260717_SBH_LV_VE1-410-1a.X83
420;Kältedämmung DIN 4140, fachgerechte Anarbeitung an Kälterohrschelle, DN 70, im Gebäude, Oberkante Dämmung über Gelände / Fußboden bis 6,0 m, Dämmung aus synthetischem Kautschuk, Gesamtstärke der Dämmung mind. 28 mm, gemäß vorhergehend beschriebener Kältedämmung herstellen.;40,0;St;gaeb;leistungsbeschreibungen/20260717_SBH_LV_VE1-410-1a.X83
430;jedoch DN 100, Gesamtstärke der Dämmung mind. 28 mm;30,0;St;gaeb;leistungsbeschreibungen/20260717_SBH_LV_VE1-410-1a.X83
440;jedoch DN 125, Gesamtstärke der Dämmung mind. 28 mm;2,0;St;gaeb;leistungsbeschreibungen/20260717_SBH_LV_VE1-410-1a.X83
450;jedoch DN 150, Gesamtstärke der Dämmung mind. 28 mm;5,0;St;gaeb;leistungsbeschreibungen/20260717_SBH_LV_VE1-410-1a.X83
460;jedoch DN 200, Gesamtstärke der Dämmung mind. 34 mm;30,0;St;gaeb;leistungsbeschreibungen/20260717_SBH_LV_VE1-410-1a.X83
470;jedoch DN 100, Gesamtstärke der Dämmung mind. 28 mm, mit zusätzlicher;6,0;St;gaeb;leistungsbeschreibungen/20260717_SBH_LV_VE1-410-1a.X83
480;jedoch DN 125, Gesamtstärke der Dämmung mind. 28 mm, mit zusätzlicher;2,0;St;gaeb;leistungsbeschreibungen/20260717_SBH_LV_VE1-410-1a.X83
490;jedoch DN 150, Gesamtstärke der Dämmung mind. 28 mm, mit zusätzlicher;2,0;St;gaeb;leistungsbeschreibungen/20260717_SBH_LV_VE1-410-1a.X83
500;jedoch DN 200, Gesamtstärke der Dämmung mind. 34 mm, mit zusätzlicher;4,0;St;gaeb;leistungsbeschreibungen/20260717_SBH_LV_VE1-410-1a.X83
510;Kältedämmung nach DIN 4140, an Passstück Rohrleitung aus Kunststoff, mineralverstärkt, mit Steckmuffen oder Elektroschweißmuffen, DN 70, im Gebäude, Oberkante Dämmung über Gelände / Fußboden bis 6,0 m, Dämmung aus synthetischem Kautschuk, Gesamtstärke der Dämmung mind. 28 mm, gemäß vorhergehend besc;10,0;St;gaeb;leistungsbeschreibungen/20260717_SBH_LV_VE1-410-1a.X83
520;jedoch DN 100, Gesamtstärke der Dämmung mind. 28 mm;10,0;St;gaeb;leistungsbeschreibungen/20260717_SBH_LV_VE1-410-1a.X83
530;jedoch DN 125, Gesamtstärke der Dämmung mind. 28 mm;2,0;St;gaeb;leistungsbeschreibungen/20260717_SBH_LV_VE1-410-1a.X83
540;jedoch DN 150, Gesamtstärke der Dämmung mind. 28 mm;2,0;St;gaeb;leistungsbeschreibungen/20260717_SBH_LV_VE1-410-1a.X83
550;jedoch DN 200, Gesamtstärke der Dämmung mind. 34 mm;10,0;St;gaeb;leistungsbeschreibungen/20260717_SBH_LV_VE1-410-1a.X83
560;Kältedämmung nach DIN 4140, an Enddeckel von Rohrleitung aus Kunststoff, mineralverstärkt, mit Steckmuffen oder Elektroschweißmuffen, DN 70, im Gebäude, Oberkante Dämmung über Gelände / Fußboden bis 6,0 m, Dämmung aus synthetischem Kautschuk, Gesamtstärke der Dämmung mind. 28 mm, gemäß vorhergehend ;4,0;St;gaeb;leistungsbeschreibungen/20260717_SBH_LV_VE1-410-1a.X83
570;jedoch DN 100, Gesamtstärke der Dämmung mind. 28 mm;10,0;St;gaeb;leistungsbeschreibungen/20260717_SBH_LV_VE1-410-1a.X83
580;jedoch DN 125, Gesamtstärke der Dämmung mind. 28 mm;2,0;St;gaeb;leistungsbeschreibungen/20260717_SBH_LV_VE1-410-1a.X83
590;jedoch DN 150, Gesamtstärke der Dämmung mind. 28 mm;2,0;St;gaeb;leistungsbeschreibungen/20260717_SBH_LV_VE1-410-1a.X83
600;jedoch DN 200, Gesamtstärke der Dämmung mind. 34 mm;6,0;St;gaeb;leistungsbeschreibungen/20260717_SBH_LV_VE1-410-1a.X83
610;Kältedämmung nach DIN 4140, an Elektroschweißmuffe für Rohrleitung aus Kunststoff, mineralverstärkt, mit Steckmuffen oder Elektroschweißmuffen, DN 70, im Gebäude, Oberkante Dämmung über Gelände / Fußboden bis 6,0 m, Dämmung aus synthetischem Kautschuk, Gesamtstärke der Dämmung mind. 28 mm, gemäß vor;5,0;St;gaeb;leistungsbeschreibungen/20260717_SBH_LV_VE1-410-1a.X83
620;jedoch DN 100, Gesamtstärke der Dämmung mind. 28 mm;20,0;St;gaeb;leistungsbeschreibungen/20260717_SBH_LV_VE1-410-1a.X83
630;jedoch DN 125, Gesamtstärke der Dämmung mind. 28 mm;5,0;St;gaeb;leistungsbeschreibungen/20260717_SBH_LV_VE1-410-1a.X83
640;jedoch DN 150, Gesamtstärke der Dämmung mind. 28 mm;5,0;St;gaeb;leistungsbeschreibungen/20260717_SBH_LV_VE1-410-1a.X83
650;jedoch DN 200, Gesamtstärke der Dämmung mind. 34 mm;35,0;St;gaeb;leistungsbeschreibungen/20260717_SBH_LV_VE1-410-1a.X83
660;Kältedämmung nach DIN 4140, an Grundleitungsanschluss;2,0;St;gaeb;leistungsbeschreibungen/20260717_SBH_LV_VE1-410-1a.X83
670;jedoch DN 125, Gesamtstärke der Dämmung mind. 28 mm;1,0;St;gaeb;leistungsbeschreibungen/20260717_SBH_LV_VE1-410-1a.X83
680;jedoch DN 150, Gesamtstärke der Dämmung mind. 28 mm;1,0;St;gaeb;leistungsbeschreibungen/20260717_SBH_LV_VE1-410-1a.X83
690;jedoch DN 200, Gesamtstärke der Dämmung mind. 34 mm;2,0;St;gaeb;leistungsbeschreibungen/20260717_SBH_LV_VE1-410-1a.X83
700;Kältedämmung nach DIN 4140, an Dachablauf/Hauseinführung;2,0;St;gaeb;leistungsbeschreibungen/20260717_SBH_LV_VE1-410-1a.X83
710;jedoch DN 100, Gesamtstärke der Dämmung mind. 28 mm;2,0;St;gaeb;leistungsbeschreibungen/20260717_SBH_LV_VE1-410-1a.X83
720;jedoch DN 125, Gesamtstärke der Dämmung mind. 28 mm;1,0;St;gaeb;leistungsbeschreibungen/20260717_SBH_LV_VE1-410-1a.X83
730;jedoch DN 150, Gesamtstärke der Dämmung mind. 28 mm;1,0;St;gaeb;leistungsbeschreibungen/20260717_SBH_LV_VE1-410-1a.X83
740;jedoch DN 200, Gesamtstärke der Dämmung mind. 34 mm;2,0;St;gaeb;leistungsbeschreibungen/20260717_SBH_LV_VE1-410-1a.X83
750;Schwitzwasser;5,0;m;gaeb;leistungsbeschreibungen/20260717_SBH_LV_VE1-410-1a.X83
760;jedoch DN 80, Gesamtstärke der Dämmung mind. 30 mm;5,0;m;gaeb;leistungsbeschreibungen/20260717_SBH_LV_VE1-410-1a.X83
770;jedoch DN 100, Gesamtstärke der Dämmung mind. 30 mm;12,0;m;gaeb;leistungsbeschreibungen/20260717_SBH_LV_VE1-410-1a.X83
780;jedoch DN 125, Gesamtstärke der Dämmung mind. 30 mm;5,0;m;gaeb;leistungsbeschreibungen/20260717_SBH_LV_VE1-410-1a.X83
790;jedoch DN 150, Gesamtstärke der Dämmung mind. 30 mm;5,0;m;gaeb;leistungsbeschreibungen/20260717_SBH_LV_VE1-410-1a.X83
800;jedoch DN 200, Gesamtstärke der Dämmung mind. 40 mm;70,0;m;gaeb;leistungsbeschreibungen/20260717_SBH_LV_VE1-410-1a.X83
810;Schwitzwasserdämmung an Bogen alle Winkelgrade für Rohrleitungen aus Guss,;1,0;St;gaeb;leistungsbeschreibungen/20260717_SBH_LV_VE1-410-1a.X83
820;jedoch DN 80, Gesamtstärke der Dämmung mind. 30 mm;1,0;St;gaeb;leistungsbeschreibungen/20260717_SBH_LV_VE1-410-1a.X83
830;jedoch DN 100, Gesamtstärke der Dämmung mind. 30 mm;5,0;St;gaeb;leistungsbeschreibungen/20260717_SBH_LV_VE1-410-1a.X83
840;jedoch DN 125, Gesamtstärke der Dämmung mind. 30 mm;1,0;St;gaeb;leistungsbeschreibungen/20260717_SBH_LV_VE1-410-1a.X83
850;jedoch DN 150, Gesamtstärke der Dämmung mind. 30 mm;1,0;St;gaeb;leistungsbeschreibungen/20260717_SBH_LV_VE1-410-1a.X83
860;jedoch DN 200, Gesamtstärke der Dämmung mind. 40 mm;30,0;St;gaeb;leistungsbeschreibungen/20260717_SBH_LV_VE1-410-1a.X83
870;Schwitzwasserdämmung an Abzweig alle Winkelgrade für Rohrleitungen aus Guss,;2,0;St;gaeb;leistungsbeschreibungen/20260717_SBH_LV_VE1-410-1a.X83
880;jedoch DN 80, Gesamtstärke der Dämmung mind. 30 mm;2,0;St;gaeb;leistungsbeschreibungen/20260717_SBH_LV_VE1-410-1a.X83
890;jedoch DN 100, Gesamtstärke der Dämmung mind. 30 mm;2,0;St;gaeb;leistungsbeschreibungen/20260717_SBH_LV_VE1-410-1a.X83
900;jedoch DN 125, Gesamtstärke der Dämmung mind. 30 mm;2,0;St;gaeb;leistungsbeschreibungen/20260717_SBH_LV_VE1-410-1a.X83
910;jedoch DN 150, Gesamtstärke der Dämmung mind. 30 mm;2,0;St;gaeb;leistungsbeschreibungen/20260717_SBH_LV_VE1-410-1a.X83
920;jedoch DN 200, Gesamtstärke der Dämmung mind. 40 mm;4,0;St;gaeb;leistungsbeschreibungen/20260717_SBH_LV_VE1-410-1a.X83
930;Schwitzwasserdämmung an Übergangsstück DN80-DN50 für Rohrleitungen aus Guss,;2,0;St;gaeb;leistungsbeschreibungen/20260717_SBH_LV_VE1-410-1a.X83
940;jedoch DN 100 - DN 80, Gesamtstärke der Dämmung mind. 30 mm;2,0;St;gaeb;leistungsbeschreibungen/20260717_SBH_LV_VE1-410-1a.X83
950;jedoch DN 125 - DN 100, Gesamtstärke der Dämmung mind. 30 mm;2,0;St;gaeb;leistungsbeschreibungen/20260717_SBH_LV_VE1-410-1a.X83
960;jedoch DN 150 - DN 100, Gesamtstärke der Dämmung mind. 30 mm;2,0;St;gaeb;leistungsbeschreibungen/20260717_SBH_LV_VE1-410-1a.X83
970;jedoch DN 200 - DN 150, Gesamtstärke der Dämmung mind. 40 mm;5,0;St;gaeb;leistungsbeschreibungen/20260717_SBH_LV_VE1-410-1a.X83
980;Schwitzwasserdämmung an Reinigungsrohr für Rohrleitungen aus Guss,;1,0;St;gaeb;leistungsbeschreibungen/20260717_SBH_LV_VE1-410-1a.X83
990;jedoch DN 100, Gesamtstärke der Dämmung mind. 30 mm;2,0;St;gaeb;leistungsbeschreibungen/20260717_SBH_LV_VE1-410-1a.X83
1000;jedoch DN 125, Gesamtstärke der Dämmung mind. 30 mm;1,0;St;gaeb;leistungsbeschreibungen/20260717_SBH_LV_VE1-410-1a.X83
1010;jedoch DN 150, Gesamtstärke der Dämmung mind. 30 mm;1,0;St;gaeb;leistungsbeschreibungen/20260717_SBH_LV_VE1-410-1a.X83
1020;jedoch DN 200, Gesamtstärke der Dämmung mind. 40 mm;2,0;St;gaeb;leistungsbeschreibungen/20260717_SBH_LV_VE1-410-1a.X83
1030;Schwitzwasserdämmung an Fallrohrstütze für Rohrleitungen aus Guss,;1,0;St;gaeb;leistungsbeschreibungen/20260717_SBH_LV_VE1-410-1a.X83
1040;jedoch DN 100, Gesamtstärke der Dämmung mind. 30 mm;2,0;St;gaeb;leistungsbeschreibungen/20260717_SBH_LV_VE1-410-1a.X83
1050;jedoch DN 125, Gesamtstärke der Dämmung mind. 30 mm;1,0;St;gaeb;leistungsbeschreibungen/20260717_SBH_LV_VE1-410-1a.X83
1060;jedoch DN 150, Gesamtstärke der Dämmung mind. 30 mm;1,0;St;gaeb;leistungsbeschreibungen/20260717_SBH_LV_VE1-410-1a.X83
1070;jedoch DN 200, Gesamtstärke der Dämmung mind. 40 mm;2,0;St;gaeb;leistungsbeschreibungen/20260717_SBH_LV_VE1-410-1a.X83
1080;Schwitzwasserdämmung an Kälterohrschelle für Rohrleitungen aus Guss,;2,0;St;gaeb;leistungsbeschreibungen/20260717_SBH_LV_VE1-410-1a.X83
1090;jedoch DN 80, Gesamtstärke der Dämmung mind. 30 mm;2,0;St;gaeb;leistungsbeschreibungen/20260717_SBH_LV_VE1-410-1a.X83
1100;jedoch DN 100, Gesamtstärke der Dämmung mind. 30 mm;15,0;St;gaeb;leistungsbeschreibungen/20260717_SBH_LV_VE1-410-1a.X83
1110;jedoch DN 125, Gesamtstärke der Dämmung mind. 30 mm;5,0;St;gaeb;leistungsbeschreibungen/20260717_SBH_LV_VE1-410-1a.X83
1120;jedoch DN 150, Gesamtstärke der Dämmung mind. 30 mm;5,0;St;gaeb;leistungsbeschreibungen/20260717_SBH_LV_VE1-410-1a.X83
1130;jedoch DN 200, Gesamtstärke der Dämmung mind. 40 mm;65,0;St;gaeb;leistungsbeschreibungen/20260717_SBH_LV_VE1-410-1a.X83
1140;Schwitzwasserdämmung an Passstück für Rohrleitungen aus Guss,;1,0;St;gaeb;leistungsbeschreibungen/20260717_SBH_LV_VE1-410-1a.X83
1150;jedoch DN 80, Gesamtstärke der Dämmung mind. 30 mm;1,0;St;gaeb;leistungsbeschreibungen/20260717_SBH_LV_VE1-410-1a.X83
1160;jedoch DN 100, Gesamtstärke der Dämmung mind. 30 mm;2,0;St;gaeb;leistungsbeschreibungen/20260717_SBH_LV_VE1-410-1a.X83
1170;jedoch DN 125, Gesamtstärke der Dämmung mind. 30 mm;1,0;St;gaeb;leistungsbeschreibungen/20260717_SBH_LV_VE1-410-1a.X83
1180;jedoch DN 150, Gesamtstärke der Dämmung mind. 30 mm;1,0;St;gaeb;leistungsbeschreibungen/20260717_SBH_LV_VE1-410-1a.X83
1190;jedoch DN 200, Gesamtstärke der Dämmung mind. 40 mm;5,0;St;gaeb;leistungsbeschreibungen/20260717_SBH_LV_VE1-410-1a.X83
1200;Schwitzwasserdämmung an Enddeckel für Rohrleitungen aus Guss,;1,0;St;gaeb;leistungsbeschreibungen/20260717_SBH_LV_VE1-410-1a.X83
1210;jedoch DN 80, Gesamtstärke der Dämmung mind. 30 mm;1,0;St;gaeb;leistungsbeschreibungen/20260717_SBH_LV_VE1-410-1a.X83
1220;jedoch DN 100, Gesamtstärke der Dämmung mind. 30 mm;2,0;St;gaeb;leistungsbeschreibungen/20260717_SBH_LV_VE1-410-1a.X83
1230;jedoch DN 125, Gesamtstärke der Dämmung mind. 30 mm;1,0;St;gaeb;leistungsbeschreibungen/20260717_SBH_LV_VE1-410-1a.X83
1240;jedoch DN 150, Gesamtstärke der Dämmung mind. 30 mm;1,0;St;gaeb;leistungsbeschreibungen/20260717_SBH_LV_VE1-410-1a.X83
1250;jedoch DN 200, Gesamtstärke der Dämmung mind. 40 mm;4,0;St;gaeb;leistungsbeschreibungen/20260717_SBH_LV_VE1-410-1a.X83
1260;Schwitzwasserdämmung an Rohrverbindern für Rohrleitungen aus Guss,;5,0;St;gaeb;leistungsbeschreibungen/20260717_SBH_LV_VE1-410-1a.X83
1270;jedoch DN 80, Gesamtstärke der Dämmung mind. 30 mm;5,0;St;gaeb;leistungsbeschreibungen/20260717_SBH_LV_VE1-410-1a.X83
1280;jedoch DN 100, Gesamtstärke der Dämmung mind. 30 mm;20,0;St;gaeb;leistungsbeschreibungen/20260717_SBH_LV_VE1-410-1a.X83
1290;jedoch DN 125, Gesamtstärke der Dämmung mind. 30 mm;5,0;St;gaeb;leistungsbeschreibungen/20260717_SBH_LV_VE1-410-1a.X83
1300;jedoch DN 150, Gesamtstärke der Dämmung mind. 30 mm;5,0;St;gaeb;leistungsbeschreibungen/20260717_SBH_LV_VE1-410-1a.X83
1310;jedoch DN 200, Gesamtstärke der Dämmung mind. 40 mm;100,0;St;gaeb;leistungsbeschreibungen/20260717_SBH_LV_VE1-410-1a.X83
1320;Schwitzwasserdämmung an Grundleitungsanschluss mit Anarbeiten an Wand/Boden/Decke für Rohrleitungen aus Guss,;1,0;St;gaeb;leistungsbeschreibungen/20260717_SBH_LV_VE1-410-1a.X83
1330;jedoch DN 125, Gesamtstärke der Dämmung mind. 30 mm;1,0;St;gaeb;leistungsbeschreibungen/20260717_SBH_LV_VE1-410-1a.X83
1340;jedoch DN 150, Gesamtstärke der Dämmung mind. 30 mm;2,0;St;gaeb;leistungsbeschreibungen/20260717_SBH_LV_VE1-410-1a.X83
1350;jedoch DN 200, Gesamtstärke der Dämmung mind. 40 mm;2,0;St;gaeb;leistungsbeschreibungen/20260717_SBH_LV_VE1-410-1a.X83
1360;Schwitzwasserdämmung an Dachablauf/Hauseinführung mit Anarbeiten an Wand/Boden/Decke für Rohrleitungen aus Guss,;1,0;St;gaeb;leistungsbeschreibungen/20260717_SBH_LV_VE1-410-1a.X83
1370;jedoch DN 100, Gesamtstärke der Dämmung mind. 30 mm;1,0;St;gaeb;leistungsbeschreibungen/20260717_SBH_LV_VE1-410-1a.X83
1380;jedoch DN 125, Gesamtstärke der Dämmung mind. 30 mm;2,0;St;gaeb;leistungsbeschreibungen/20260717_SBH_LV_VE1-410-1a.X83
1390;jedoch DN 150, Gesamtstärke der Dämmung mind. 30 mm;1,0;St;gaeb;leistungsbeschreibungen/20260717_SBH_LV_VE1-410-1a.X83
1400;jedoch DN 200, Gesamtstärke der Dämmung mind. 40 mm;2,0;St;gaeb;leistungsbeschreibungen/20260717_SBH_LV_VE1-410-1a.X83
10;Kältedämmung nach DIN 4140, an Rohrleitung aus Kunststoff, mineralverstärkt, mit Steckmuffen, DN 70, im Gebäude, Oberkante Dämmung über Gelände / Fußboden bis 6,0 m, Dämmung aus synthetischem Kautschuk, Baustoffklasse DIN 4102-1 B1 (schwerentflammbar), s2, d0,;20,0;m;gaeb;leistungsbeschreibungen/20260717_SBH_LV_VE1-410-1a.X83
20;jedoch DN 100, Gesamtstärke der Dämmung mind. 28 mm;20,0;m;gaeb;leistungsbeschreibungen/20260717_SBH_LV_VE1-410-1a.X83
30;jedoch DN 125, Gesamtstärke der Dämmung mind. 28 mm;20,0;m;gaeb;leistungsbeschreibungen/20260717_SBH_LV_VE1-410-1a.X83
40;jedoch DN 150, Gesamtstärke der Dämmung mind. 28 mm;10,0;m;gaeb;leistungsbeschreibungen/20260717_SBH_LV_VE1-410-1a.X83
50;jedoch DN 200, Gesamtstärke der Dämmung mind. 34 mm;5,0;m;gaeb;leistungsbeschreibungen/20260717_SBH_LV_VE1-410-1a.X83
60;Kältedämmung nach DIN 4140, an Bögen alle Winkelgrade an Rohrleitung aus Kunststoff, mineralverstärkt, mit Steckmuffen oder Elektroschweißmuffen, DN 70, im Gebäude, Oberkante Dämmung über Gelände / Fußboden bis 6,0 m, Dämmung aus synthetischem Kautschuk, Gesamtstärke der Dämmung mind. 28 mm, gemäß v;10,0;St;gaeb;leistungsbeschreibungen/20260717_SBH_LV_VE1-410-1a.X83
70;jedoch DN 100, Gesamtstärke der Dämmung mind. 28 mm;10,0;St;gaeb;leistungsbeschreibungen/20260717_SBH_LV_VE1-410-1a.X83
80;jedoch DN 125, Gesamtstärke der Dämmung mind. 28 mm;10,0;St;gaeb;leistungsbeschreibungen/20260717_SBH_LV_VE1-410-1a.X83
90;jedoch DN 150, Gesamtstärke der Dämmung mind. 28 mm;5,0;St;gaeb;leistungsbeschreibungen/20260717_SBH_LV_VE1-410-1a.X83
100;jedoch DN 200, Gesamtstärke der Dämmung mind. 34 mm;3,0;St;gaeb;leistungsbeschreibungen/20260717_SBH_LV_VE1-410-1a.X83
110;Kältedämmung nach DIN 4140, an Einfachabzweigen alle Winkelgrade an Rohrleitung aus Kunststoff, mineralverstärkt, mit Steckmuffen oder Elektroschweißmuffen, DN 70, im Gebäude, Oberkante Dämmung über Gelände / Fußboden bis 6,0 m, Dämmung aus synthetischem Kautschuk, Gesamtstärke der Dämmung mind. 28 ;1,0;St;gaeb;leistungsbeschreibungen/20260717_SBH_LV_VE1-410-1a.X83
120;jedoch DN 100, Gesamtstärke der Dämmung mind. 28 mm;2,0;St;gaeb;leistungsbeschreibungen/20260717_SBH_LV_VE1-410-1a.X83
130;jedoch DN 125, Gesamtstärke der Dämmung mind. 28 mm;2,0;St;gaeb;leistungsbeschreibungen/20260717_SBH_LV_VE1-410-1a.X83
140;jedoch DN 150, Gesamtstärke der Dämmung mind. 28 mm;2,0;St;gaeb;leistungsbeschreibungen/20260717_SBH_LV_VE1-410-1a.X83
150;jedoch DN 200, Gesamtstärke der Dämmung mind. 34 mm;1,0;St;gaeb;leistungsbeschreibungen/20260717_SBH_LV_VE1-410-1a.X83
160;Kältedämmung nach DIN 4140, an Passstück Rohrleitung aus Kunststoff, mineralverstärkt, mit Steckmuffen oder Elektroschweißmuffen, DN 70, im Gebäude, Oberkante Dämmung über Gelände / Fußboden bis 6,0 m, Dämmung aus synthetischem Kautschuk, Gesamtstärke der Dämmung mind. 28 mm, gemäß vorhergehend besc;5,0;St;gaeb;leistungsbeschreibungen/20260717_SBH_LV_VE1-410-1a.X83
170;jedoch DN 100, Gesamtstärke der Dämmung mind. 28 mm;5,0;St;gaeb;leistungsbeschreibungen/20260717_SBH_LV_VE1-410-1a.X83
180;jedoch DN 125, Gesamtstärke der Dämmung mind. 28 mm;5,0;St;gaeb;leistungsbeschreibungen/20260717_SBH_LV_VE1-410-1a.X83
190;jedoch DN 150, Gesamtstärke der Dämmung mind. 28 mm;2,0;St;gaeb;leistungsbeschreibungen/20260717_SBH_LV_VE1-410-1a.X83
200;jedoch DN 200, Gesamtstärke der Dämmung mind. 34 mm;2,0;St;gaeb;leistungsbeschreibungen/20260717_SBH_LV_VE1-410-1a.X83
210;Kältedämmung nach DIN 4140, an Enddeckel von Rohrleitung aus Kunststoff, mineralverstärkt, mit Steckmuffen oder Elektroschweißmuffen, DN 70, im Gebäude, Oberkante Dämmung über Gelände / Fußboden bis 6,0 m, Dämmung aus synthetischem Kautschuk, Gesamtstärke der Dämmung mind. 28 mm, gemäß vorhergehend ;5,0;St;gaeb;leistungsbeschreibungen/20260717_SBH_LV_VE1-410-1a.X83
220;jedoch DN 100, Gesamtstärke der Dämmung mind. 28 mm;5,0;St;gaeb;leistungsbeschreibungen/20260717_SBH_LV_VE1-410-1a.X83
230;jedoch DN 125, Gesamtstärke der Dämmung mind. 28 mm;5,0;St;gaeb;leistungsbeschreibungen/20260717_SBH_LV_VE1-410-1a.X83
240;jedoch DN 150, Gesamtstärke der Dämmung mind. 28 mm;2,0;St;gaeb;leistungsbeschreibungen/20260717_SBH_LV_VE1-410-1a.X83
250;jedoch DN 200, Gesamtstärke der Dämmung mind. 34 mm;2,0;St;gaeb;leistungsbeschreibungen/20260717_SBH_LV_VE1-410-1a.X83
260;Kältedämmung nach DIN 4140, an Steckmuffe für Rohrleitung aus Kunststoff, mineralverstärkt, mit Steckmuffen oder Elektroschweißmuffen, DN 70, im Gebäude, Oberkante Dämmung über Gelände / Fußboden bis 6,0 m, Dämmung aus synthetischem Kautschuk, Gesamtstärke der Dämmung mind. 28 mm, gemäß vorhergehend;2,0;St;gaeb;leistungsbeschreibungen/20260717_SBH_LV_VE1-410-1a.X83
270;jedoch DN 100, Gesamtstärke der Dämmung mind. 28 mm;2,0;St;gaeb;leistungsbeschreibungen/20260717_SBH_LV_VE1-410-1a.X83
280;jedoch DN 125, Gesamtstärke der Dämmung mind. 28 mm;2,0;St;gaeb;leistungsbeschreibungen/20260717_SBH_LV_VE1-410-1a.X83
290;jedoch DN 150, Gesamtstärke der Dämmung mind. 28 mm;1,0;St;gaeb;leistungsbeschreibungen/20260717_SBH_LV_VE1-410-1a.X83
300;jedoch DN 200, Gesamtstärke der Dämmung mind. 34 mm;1,0;St;gaeb;leistungsbeschreibungen/20260717_SBH_LV_VE1-410-1a.X83
310;Kältedämmung nach DIN 4140, an Dachdurchführung für Schmutzwasser-Entlüftungs-Dachhaube mit Anarbeiten an Wand/Boden/Decke für Rohrleitung aus Kunststoff, mineralverstärkt, mit Steckmuffen oder Elektroschweißmuffen, DN 70, im Gebäude, Oberkante Dämmung über Gelände / Fußboden bis 6,0 m, Dämmung aus ;5,0;St;gaeb;leistungsbeschreibungen/20260717_SBH_LV_VE1-410-1a.X83
320;jedoch DN 100, Gesamtstärke der Dämmung mind. 28 mm;5,0;St;gaeb;leistungsbeschreibungen/20260717_SBH_LV_VE1-410-1a.X83
330;jedoch DN 125, Gesamtstärke der Dämmung mind. 28 mm;5,0;St;gaeb;leistungsbeschreibungen/20260717_SBH_LV_VE1-410-1a.X83
340;jedoch DN 150, Gesamtstärke der Dämmung mind. 28 mm;2,0;St;gaeb;leistungsbeschreibungen/20260717_SBH_LV_VE1-410-1a.X83
350;jedoch DN 200, Gesamtstärke der Dämmung mind. 34 mm;2,0;St;gaeb;leistungsbeschreibungen/20260717_SBH_LV_VE1-410-1a.X83
360;Kältedämmung nach DIN 4140, an Rohraufhängung für Rohrleitung aus Kunststoff, mineralverstärkt, mit Steckmuffen oder Elektroschweißmuffen, DN 70, im Gebäude, Oberkante Dämmung über Gelände / Fußboden bis 6,0 m, Dämmung aus synthetischem Kautschuk, Gesamtstärke der Dämmung mind. 28 mm, gemäß vorherge;2,0;St;gaeb;leistungsbeschreibungen/20260717_SBH_LV_VE1-410-1a.X83
370;jedoch DN 100, Gesamtstärke der Dämmung mind. 28 mm;2,0;St;gaeb;leistungsbeschreibungen/20260717_SBH_LV_VE1-410-1a.X83
380;jedoch DN 125, Gesamtstärke der Dämmung mind. 28 mm;2,0;St;gaeb;leistungsbeschreibungen/20260717_SBH_LV_VE1-410-1a.X83
390;jedoch DN 150, Gesamtstärke der Dämmung mind. 28 mm;1,0;St;gaeb;leistungsbeschreibungen/20260717_SBH_LV_VE1-410-1a.X83
400;jedoch DN 200, Gesamtstärke der Dämmung mind. 34 mm;1,0;St;gaeb;leistungsbeschreibungen/20260717_SBH_LV_VE1-410-1a.X83
410;Schalldämmmatte zur Luftschalldämmung und Körperschallentkopplung für schalldämmende Kunststoffrohrleitungen DN 50 als zusätzlicher Schallschutz für die Verlegung von Schmutzwasserleitungen in lärmsensiblen Bereichen. Baustoffklasse B2  s2, d0, nach DIN 4102-1, Stärke ca. 17 mm, Temperaturbeständigk;10,0;m;gaeb;leistungsbeschreibungen/20260717_SBH_LV_VE1-410-1a.X83
420;jedoch für schalldämmende Rohrleitungen DN 70;10,0;m;gaeb;leistungsbeschreibungen/20260717_SBH_LV_VE1-410-1a.X83
430;jedoch für schalldämmende Rohrleitungen DN 100;30,0;m;gaeb;leistungsbeschreibungen/20260717_SBH_LV_VE1-410-1a.X83
440;jedoch für schalldämmende Rohrleitungen DN 125;5,0;m;gaeb;leistungsbeschreibungen/20260717_SBH_LV_VE1-410-1a.X83
450;Schalldämmmatte zur Luftschalldämmung und Körperschallentkopplung für Bogen an schalldämmende Kunststoffrohrleitungen DN 50 als zusätzlicher Schallschutz für die Verlegung von Schmutzwasserleitungen in lärmsensiblen Bereichen. Baustoffklasse B2  s2, d0, nach DIN 4102-1, Stärke ca. 17 mm, Temperaturb;4,0;St;gaeb;leistungsbeschreibungen/20260717_SBH_LV_VE1-410-1a.X83
460;jedoch DN 70;4,0;St;gaeb;leistungsbeschreibungen/20260717_SBH_LV_VE1-410-1a.X83
470;jedoch DN 100;10,0;St;gaeb;leistungsbeschreibungen/20260717_SBH_LV_VE1-410-1a.X83
480;jedoch DN 125;2,0;St;gaeb;leistungsbeschreibungen/20260717_SBH_LV_VE1-410-1a.X83
490;Schalldämmmatte zur Luftschalldämmung und Körperschallentkopplung für Abzweig an schalldämmende Kunststoffrohrleitungen DN 50 als zusätzlicher Schallschutz für die Verlegung von Schmutzwasserleitungen in lärmsensiblen Bereichen. Baustoffklasse B2  s2, d0, nach DIN 4102-1, Stärke ca. 17 mm, Temperatu;2,0;St;gaeb;leistungsbeschreibungen/20260717_SBH_LV_VE1-410-1a.X83
500;jedoch DN 70;2,0;St;gaeb;leistungsbeschreibungen/20260717_SBH_LV_VE1-410-1a.X83
510;jedoch DN 100;5,0;St;gaeb;leistungsbeschreibungen/20260717_SBH_LV_VE1-410-1a.X83
520;jedoch DN 125;2,0;St;gaeb;leistungsbeschreibungen/20260717_SBH_LV_VE1-410-1a.X83
530;Schalldämmmatte zur Luftschalldämmung und Körperschallentkopplung für Passstück an schalldämmende Kunststoffrohrleitungen DN 50 als zusätzlicher Schallschutz für die Verlegung von Schmutzwasserleitungen in lärmsensiblen Bereichen. Baustoffklasse B2  s2, d0, nach DIN 4102-1, Stärke ca. 17 mm, Tempera;5,0;St;gaeb;leistungsbeschreibungen/20260717_SBH_LV_VE1-410-1a.X83
540;jedoch DN 70;5,0;St;gaeb;leistungsbeschreibungen/20260717_SBH_LV_VE1-410-1a.X83
550;jedoch DN 100;5,0;St;gaeb;leistungsbeschreibungen/20260717_SBH_LV_VE1-410-1a.X83
560;jedoch DN 125;2,0;St;gaeb;leistungsbeschreibungen/20260717_SBH_LV_VE1-410-1a.X83
570;Schalldämmmatte zur Luftschalldämmung und Körperschallentkopplung für Enddeckel an schalldämmende Kunststoffrohrleitungen DN 50 als zusätzlicher Schallschutz für die Verlegung von Schmutzwasserleitungen in lärmsensiblen Bereichen. Baustoffklasse B2  s2, d0, nach DIN 4102-1, Stärke ca. 17 mm, Tempera;2,0;St;gaeb;leistungsbeschreibungen/20260717_SBH_LV_VE1-410-1a.X83
580;jedoch DN 70;2,0;St;gaeb;leistungsbeschreibungen/20260717_SBH_LV_VE1-410-1a.X83
590;jedoch DN 100;5,0;St;gaeb;leistungsbeschreibungen/20260717_SBH_LV_VE1-410-1a.X83
600;jedoch DN 125;2,0;St;gaeb;leistungsbeschreibungen/20260717_SBH_LV_VE1-410-1a.X83
610;Schalldämmmatte zur Luftschalldämmung und Körperschallentkopplung für Steckmuffe an schalldämmende Kunststoffrohrleitungen DN 50 als zusätzlicher Schallschutz für die Verlegung von Schmutzwasserleitungen in lärmsensiblen Bereichen. Baustoffklasse B2  s2, d0, nach DIN 4102-1, Stärke ca. 17 mm, Temper;10,0;St;gaeb;leistungsbeschreibungen/20260717_SBH_LV_VE1-410-1a.X83
620;jedoch DN 70;10,0;St;gaeb;leistungsbeschreibungen/20260717_SBH_LV_VE1-410-1a.X83
630;jedoch DN 100;30,0;St;gaeb;leistungsbeschreibungen/20260717_SBH_LV_VE1-410-1a.X83
640;jedoch DN 125;5,0;St;gaeb;leistungsbeschreibungen/20260717_SBH_LV_VE1-410-1a.X83
650;Schalldämmmatte zur Luftschalldämmung und Körperschallentkopplung für Anschluss an Deckendurchführung an schalldämmende Kunststoffrohrleitungen DN 50 als zusätzlicher Schallschutz für die Verlegung von Schmutzwasserleitungen in lärmsensiblen Bereichen. Baustoffklasse B2  s2, d0, nach DIN 4102-1, Stä;8,0;St;gaeb;leistungsbeschreibungen/20260717_SBH_LV_VE1-410-1a.X83
660;jedoch DN 70;2,0;St;gaeb;leistungsbeschreibungen/20260717_SBH_LV_VE1-410-1a.X83
670;jedoch DN 100;2,0;St;gaeb;leistungsbeschreibungen/20260717_SBH_LV_VE1-410-1a.X83
680;jedoch DN 125;2,0;St;gaeb;leistungsbeschreibungen/20260717_SBH_LV_VE1-410-1a.X83
690;Schalldämmmatte zur Luftschalldämmung und Körperschallentkopplung fürRohraufhängung an schalldämmende Kunststoffrohrleitungen DN 50 als zusätzlicher Schallschutz für die Verlegung von Schmutzwasserleitungen in lärmsensiblen Bereichen. Baustoffklasse B2  s2, d0, nach DIN 4102-1, Stärke ca. 17 mm, Tem;10,0;St;gaeb;leistungsbeschreibungen/20260717_SBH_LV_VE1-410-1a.X83
700;jedoch DN 70;10,0;St;gaeb;leistungsbeschreibungen/20260717_SBH_LV_VE1-410-1a.X83
710;jedoch DN 100;30,0;St;gaeb;leistungsbeschreibungen/20260717_SBH_LV_VE1-410-1a.X83
720;jedoch DN 125;10,0;St;gaeb;leistungsbeschreibungen/20260717_SBH_LV_VE1-410-1a.X83
10;"Rohrleitung aus nicht rostendem Stahl, DN 12, 15 mm x 1 mm, Montagehöhe bis 3,5 m über Oberkante Gelände / Fußboden, Werkstoff-Nr 1.4401, nach DIN EN 10088 mit DVGW-Baumusterprüfzertifikat, geprüft nach DVGW Arbeitsblatt W 541 und W 534 mit dem Nachweis ""undicht im unverpressten Zustand"", geschweißt";450,0;m;gaeb;leistungsbeschreibungen/20260717_SBH_LV_VE1-410-1a.X83
20;jedoch DN 15, 18 mm x 1,0 mm;180,0;m;gaeb;leistungsbeschreibungen/20260717_SBH_LV_VE1-410-1a.X83
30;jedoch DN 20, 22 mm x 1,2 mm;280,0;m;gaeb;leistungsbeschreibungen/20260717_SBH_LV_VE1-410-1a.X83
40;jedoch DN 25, 28 mm x 1,2 mm;180,0;m;gaeb;leistungsbeschreibungen/20260717_SBH_LV_VE1-410-1a.X83
50;jedoch DN32, 35 mm x 1,5 mm;150,0;m;gaeb;leistungsbeschreibungen/20260717_SBH_LV_VE1-410-1a.X83
60;jedoch DN 40, 42 mm x 1,5 mm;30,0;m;gaeb;leistungsbeschreibungen/20260717_SBH_LV_VE1-410-1a.X83
70;jedoch DN 50, 54 mm x 1,5 mm;90,0;m;gaeb;leistungsbeschreibungen/20260717_SBH_LV_VE1-410-1a.X83
80;jedoch DN 65, 76,1 mm x 2,0 mm;40,0;m;gaeb;leistungsbeschreibungen/20260717_SBH_LV_VE1-410-1a.X83
90;jedoch DN 80, 88,9 mm x 2,0 mm;2,0;m;gaeb;leistungsbeschreibungen/20260717_SBH_LV_VE1-410-1a.X83
100;jedoch DN 100, 108 mm x 2,0 mm;2,0;m;gaeb;leistungsbeschreibungen/20260717_SBH_LV_VE1-410-1a.X83
110;jedoch Montagehöhe über 3,5 m bis 6,0 m, DN 12, 15 mm x 1,0 mm;120,0;m;gaeb;leistungsbeschreibungen/20260717_SBH_LV_VE1-410-1a.X83
120;jedoch Montagehöhe über 3,5 m bis 6,0 m, DN 15, 18 mm x 1,0 mm;50,0;m;gaeb;leistungsbeschreibungen/20260717_SBH_LV_VE1-410-1a.X83
130;jedoch Montagehöhe über 3,5 m bis 6,0 m, DN 20, 22 mm x 1,2 mm;100,0;m;gaeb;leistungsbeschreibungen/20260717_SBH_LV_VE1-410-1a.X83
140;jedoch Montagehöhe über 3,5 m bis 6,0 m, DN 25, 28 mm x 1,2 mm;50,0;m;gaeb;leistungsbeschreibungen/20260717_SBH_LV_VE1-410-1a.X83
150;jedoch Montagehöhe über 3,5 m bis 6,0 m, DN 32, 35 mm x 1,5 mm;40,0;m;gaeb;leistungsbeschreibungen/20260717_SBH_LV_VE1-410-1a.X83
160;jedoch Montagehöhe über 3,5 m bis 6,0 m, DN 40, 42 mm x 1,5 mm;10,0;m;gaeb;leistungsbeschreibungen/20260717_SBH_LV_VE1-410-1a.X83
170;jedoch Montagehöhe über 3,5 m bis 6,0 m, DN 50, 54 mm x 1,5 mm;20,0;m;gaeb;leistungsbeschreibungen/20260717_SBH_LV_VE1-410-1a.X83
180;jedoch Montagehöhe über 3,5 m bis 6,0 m, DN 65, 76,1 mm x 2,0 mm;20,0;m;gaeb;leistungsbeschreibungen/20260717_SBH_LV_VE1-410-1a.X83
190;"Bogen DN 12, AD 15 mm, alle Winkelgrade, Edelstahl-Pressfittingsystem für Trinkwasseranlagen, aus nichtrostendem CrNiMo-Stahl, Werkstoff Nr.: 1.4401 nach DIN EN 10088 mit DVGW-Baumusterprüfzertifikat, geprüft nach DVGW Arbeitsblatt W 534 mit dem Nachweis ""undicht im unverpressten Zustand"", mit Press";950,0;St;gaeb;leistungsbeschreibungen/20260717_SBH_LV_VE1-410-1a.X83
200;jedoch DN 15 (18,0 mm);350,0;St;gaeb;leistungsbeschreibungen/20260717_SBH_LV_VE1-410-1a.X83
210;jedoch DN 20 (22,0 mm);450,0;St;gaeb;leistungsbeschreibungen/20260717_SBH_LV_VE1-410-1a.X83
220;jedoch DN 25 (28,0 mm);270,0;St;gaeb;leistungsbeschreibungen/20260717_SBH_LV_VE1-410-1a.X83
230;jedoch DN 32 (35,0 mm);130,0;St;gaeb;leistungsbeschreibungen/20260717_SBH_LV_VE1-410-1a.X83
240;jedoch DN 40 (42,0 mm);5,0;St;gaeb;leistungsbeschreibungen/20260717_SBH_LV_VE1-410-1a.X83
250;jedoch DN 50 (54,0 mm);60,0;St;gaeb;leistungsbeschreibungen/20260717_SBH_LV_VE1-410-1a.X83
260;jedoch DN 65 (76,1 mm);25,0;St;gaeb;leistungsbeschreibungen/20260717_SBH_LV_VE1-410-1a.X83
270;jedoch DN 80 (88,9 mm);1,0;St;gaeb;leistungsbeschreibungen/20260717_SBH_LV_VE1-410-1a.X83
280;jedoch DN 100 (108,0 mm);1,0;St;gaeb;leistungsbeschreibungen/20260717_SBH_LV_VE1-410-1a.X83
290;"T-Stück DN 12 (15,0 mm), Abgang reduziert oder gleich, Edelstahl-Pressfittingsystem für Trinkwasseranlagen, aus nichtrostendem CrNiMo-Stahl, Werkstoff Nr.: 1.4401 nach DIN EN 10088 mit DVGW-Baumusterprüfzertifikat, geprüft nach DVGW Arbeitsblatt W 534 mit dem Nachweis ""undicht im unverpressten Zusta";35,0;St;gaeb;leistungsbeschreibungen/20260717_SBH_LV_VE1-410-1a.X83
300;jedoch DN 15 (18,0 mm);30,0;St;gaeb;leistungsbeschreibungen/20260717_SBH_LV_VE1-410-1a.X83
310;jedoch DN 20 (22,0 mm);35,0;St;gaeb;leistungsbeschreibungen/20260717_SBH_LV_VE1-410-1a.X83
320;jedoch DN 25 (28,0 mm);20,0;St;gaeb;leistungsbeschreibungen/20260717_SBH_LV_VE1-410-1a.X83
330;jedoch DN 32 (35,0 mm);20,0;St;gaeb;leistungsbeschreibungen/20260717_SBH_LV_VE1-410-1a.X83
340;jedoch DN 40 (42,0 mm);2,0;St;gaeb;leistungsbeschreibungen/20260717_SBH_LV_VE1-410-1a.X83
350;jedoch DN 50 (54,0 mm);15,0;St;gaeb;leistungsbeschreibungen/20260717_SBH_LV_VE1-410-1a.X83
360;jedoch DN 65 (76,1 mm);4,0;St;gaeb;leistungsbeschreibungen/20260717_SBH_LV_VE1-410-1a.X83
370;jedoch DN 80 (88,9 mm);1,0;St;gaeb;leistungsbeschreibungen/20260717_SBH_LV_VE1-410-1a.X83
380;jedoch DN 100 (108,0 mm);1,0;St;gaeb;leistungsbeschreibungen/20260717_SBH_LV_VE1-410-1a.X83
390;Reduzierstück DN 15 (18,0 mm, größter Durchmesser),;40,0;St;gaeb;leistungsbeschreibungen/20260717_SBH_LV_VE1-410-1a.X83
400;jedoch DN 20;20,0;St;gaeb;leistungsbeschreibungen/20260717_SBH_LV_VE1-410-1a.X83
410;jedoch DN 25;20,0;St;gaeb;leistungsbeschreibungen/20260717_SBH_LV_VE1-410-1a.X83
420;jedoch DN 32;20,0;St;gaeb;leistungsbeschreibungen/20260717_SBH_LV_VE1-410-1a.X83
430;jedoch DN 40;2,0;St;gaeb;leistungsbeschreibungen/20260717_SBH_LV_VE1-410-1a.X83
440;jedoch DN 50;10,0;St;gaeb;leistungsbeschreibungen/20260717_SBH_LV_VE1-410-1a.X83
450;jedoch DN 65;5,0;St;gaeb;leistungsbeschreibungen/20260717_SBH_LV_VE1-410-1a.X83
460;jedoch DN 80;1,0;St;gaeb;leistungsbeschreibungen/20260717_SBH_LV_VE1-410-1a.X83
470;jedoch DN 100;1,0;St;gaeb;leistungsbeschreibungen/20260717_SBH_LV_VE1-410-1a.X83
480;"Übergangsstück, DN 12 x 1/2"" IG oder AG, für vorgenanntes Edelstahl-Pressfittingsystem für Trinkwasseranlagen, aus nichtrostendem CrNiMo-Stahl, Werkstoff Nr.: 1.4401 bzw. 1.4571 nach DIN EN 10088 mit DVGW-Baumusterprüfzertifikat, geprüft nach DVGW Arbeitsblatt W 534 mit dem Nachweis ""undicht im unve";20,0;St;gaeb;leistungsbeschreibungen/20260717_SBH_LV_VE1-410-1a.X83
490;"jedoch DN 15 x 1/2""";20,0;St;gaeb;leistungsbeschreibungen/20260717_SBH_LV_VE1-410-1a.X83
500;"jedoch DN 20 x 3/4""";30,0;St;gaeb;leistungsbeschreibungen/20260717_SBH_LV_VE1-410-1a.X83
510;"jedoch DN 25 x 1""";20,0;St;gaeb;leistungsbeschreibungen/20260717_SBH_LV_VE1-410-1a.X83
520;"jedoch DN 32 x 1 1/4""";10,0;St;gaeb;leistungsbeschreibungen/20260717_SBH_LV_VE1-410-1a.X83
530;"jedoch DN 40 x 1 1/2""";4,0;St;gaeb;leistungsbeschreibungen/20260717_SBH_LV_VE1-410-1a.X83
540;"jedoch DN 50 x 2""";10,0;St;gaeb;leistungsbeschreibungen/20260717_SBH_LV_VE1-410-1a.X83
550;"jedoch DN 65 x 2 1/2""";2,0;St;gaeb;leistungsbeschreibungen/20260717_SBH_LV_VE1-410-1a.X83
560;"jedoch DN 80 x 3""";2,0;St;gaeb;leistungsbeschreibungen/20260717_SBH_LV_VE1-410-1a.X83
570;"Muffe DN 12 (15,0 mm), Edelstahl-Pressfittingsystem für Trinkwasseranlagen, aus nichtrostendem CrNiMo-Stahl, Werkstoff Nr.: 1.4401 nach DIN EN 10088 mit DVGW-Baumusterprüfzertifikat, geprüft nach DVGW Arbeitsblatt W 534 mit dem Nachweis ""undicht im unverpressten Zustand"", mit Pressindikator zur Erke";140,0;St;gaeb;leistungsbeschreibungen/20260717_SBH_LV_VE1-410-1a.X83
580;jedoch DN 15 (18,0 mm);80,0;St;gaeb;leistungsbeschreibungen/20260717_SBH_LV_VE1-410-1a.X83
590;jedoch DN 20 (22,0 mm);100,0;St;gaeb;leistungsbeschreibungen/20260717_SBH_LV_VE1-410-1a.X83
600;jedoch DN 25 (28,0 mm);80,0;St;gaeb;leistungsbeschreibungen/20260717_SBH_LV_VE1-410-1a.X83
610;jedoch DN 32 (35,0 mm);60,0;St;gaeb;leistungsbeschreibungen/20260717_SBH_LV_VE1-410-1a.X83
620;jedoch DN 40 (42,0 mm);5,0;St;gaeb;leistungsbeschreibungen/20260717_SBH_LV_VE1-410-1a.X83
630;jedoch DN 50 (54,0 mm);20,0;St;gaeb;leistungsbeschreibungen/20260717_SBH_LV_VE1-410-1a.X83
640;jedoch DN 65 (76,1 mm);30,0;St;gaeb;leistungsbeschreibungen/20260717_SBH_LV_VE1-410-1a.X83
650;jedoch DN 80 (88,9 mm);2,0;St;gaeb;leistungsbeschreibungen/20260717_SBH_LV_VE1-410-1a.X83
660;jedoch DN 100 (108,0 mm);2,0;St;gaeb;leistungsbeschreibungen/20260717_SBH_LV_VE1-410-1a.X83
670;"Endkappe DN 12 (15,0 mm), Edelstahl-Pressfittingsystem für Trinkwasseranlagen, aus nichtrostendem CrNiMo-Stahl, Werkstoff Nr.: 1.4401 nach DIN EN 10088 mit DVGW-Baumusterprüfzertifikat, geprüft nach DVGW Arbeitsblatt W 534 mit dem Nachweis ""undicht im unverpressten Zustand"", mit Pressindikator zur E";20,0;St;gaeb;leistungsbeschreibungen/20260717_SBH_LV_VE1-410-1a.X83
680;jedoch DN 15 (18,0 mm);10,0;St;gaeb;leistungsbeschreibungen/20260717_SBH_LV_VE1-410-1a.X83
690;jedoch DN 20 (22,0 mm);5,0;St;gaeb;leistungsbeschreibungen/20260717_SBH_LV_VE1-410-1a.X83
700;jedoch DN 25 (28,0 mm);5,0;St;gaeb;leistungsbeschreibungen/20260717_SBH_LV_VE1-410-1a.X83
710;jedoch DN 32 (35,0 mm);5,0;St;gaeb;leistungsbeschreibungen/20260717_SBH_LV_VE1-410-1a.X83
720;jedoch DN 40 (42,0 mm);2,0;St;gaeb;leistungsbeschreibungen/20260717_SBH_LV_VE1-410-1a.X83
730;jedoch DN 50 (54,0 mm);5,0;St;gaeb;leistungsbeschreibungen/20260717_SBH_LV_VE1-410-1a.X83
740;jedoch DN 65 (76,1 mm);1,0;St;gaeb;leistungsbeschreibungen/20260717_SBH_LV_VE1-410-1a.X83
750;jedoch DN 80 (88,9 mm);1,0;St;gaeb;leistungsbeschreibungen/20260717_SBH_LV_VE1-410-1a.X83
760;jedoch DN 100 (108,0 mm);1,0;St;gaeb;leistungsbeschreibungen/20260717_SBH_LV_VE1-410-1a.X83
770;"Anschlussverschraubung, mit Überwurfmutter aus Messing, DN 12 x 3/4"" IG, für vorgenanntes Edelstahl-Pressfittingsystem für Trinkwasseranlagen, aus nichtrostendem CrNiMo-Stahl, Werkstoff Nr.: 1.4401 bzw. 1.4571 nach DIN EN 10088 mit DVGW-Baumusterprüfzertifikat, geprüft nach DVGW Arbeitsblatt W 534 m";20,0;St;gaeb;leistungsbeschreibungen/20260717_SBH_LV_VE1-410-1a.X83
780;"jedoch DN 15 x 3/4""";20,0;St;gaeb;leistungsbeschreibungen/20260717_SBH_LV_VE1-410-1a.X83
790;"jedoch DN 20 x 1""";30,0;St;gaeb;leistungsbeschreibungen/20260717_SBH_LV_VE1-410-1a.X83
800;"jedoch DN 25 x 1 1/4""";20,0;St;gaeb;leistungsbeschreibungen/20260717_SBH_LV_VE1-410-1a.X83
810;"jedoch DN 32 x 1 1/2""";10,0;St;gaeb;leistungsbeschreibungen/20260717_SBH_LV_VE1-410-1a.X83
820;"jedoch DN 40 x 1 3/4""";4,0;St;gaeb;leistungsbeschreibungen/20260717_SBH_LV_VE1-410-1a.X83
830;"jedoch DN 50 x 2 3/8""";10,0;St;gaeb;leistungsbeschreibungen/20260717_SBH_LV_VE1-410-1a.X83
840;"jedoch DN 65 x 3""";2,0;St;gaeb;leistungsbeschreibungen/20260717_SBH_LV_VE1-410-1a.X83
850;"jedoch DN 80 x 3 1/2""";2,0;St;gaeb;leistungsbeschreibungen/20260717_SBH_LV_VE1-410-1a.X83
860;"Flansch mit Pressmuffe, DN 40 (42,0 mm), PN16, Edelstahl-Pressfittingsystem für Trinkwasseranlagen, aus nichtrostendem CrNiMo-Stahl, Werkstoff Nr.: 1.4401 nach DIN EN 10088 mit DVGW-Baumusterprüfzertifikat, geprüft nach DVGW Arbeitsblatt W 534 mit dem Nachweis ""undicht im unverpressten Zustand"", mit";1,0;St;gaeb;leistungsbeschreibungen/20260717_SBH_LV_VE1-410-1a.X83
870;jedoch DN 50 (54,0 mm);1,0;St;gaeb;leistungsbeschreibungen/20260717_SBH_LV_VE1-410-1a.X83
880;jedoch DN 65 (76,1 mm);1,0;St;gaeb;leistungsbeschreibungen/20260717_SBH_LV_VE1-410-1a.X83
890;jedoch DN 80 (88,9 mm);1,0;St;gaeb;leistungsbeschreibungen/20260717_SBH_LV_VE1-410-1a.X83
900;jedoch DN 100 (108,0 mm);1,0;St;gaeb;leistungsbeschreibungen/20260717_SBH_LV_VE1-410-1a.X83
910;Rohraufhängung, aus verzinktem Stahl, mit körperschalldämmenden Einlagen und Schnellverschluss, Anforderungen entsprechend DIN 4109, Temperaturberei;200,0;St;gaeb;leistungsbeschreibungen/20260717_SBH_LV_VE1-410-1a.X83
920;jedoch DN 15;100,0;St;gaeb;leistungsbeschreibungen/20260717_SBH_LV_VE1-410-1a.X83
930;jedoch DN 20;150,0;St;gaeb;leistungsbeschreibungen/20260717_SBH_LV_VE1-410-1a.X83
940;jedoch DN 25;100,0;St;gaeb;leistungsbeschreibungen/20260717_SBH_LV_VE1-410-1a.X83
950;jedoch DN 32;100,0;St;gaeb;leistungsbeschreibungen/20260717_SBH_LV_VE1-410-1a.X83
960;jedoch DN 40;5,0;St;gaeb;leistungsbeschreibungen/20260717_SBH_LV_VE1-410-1a.X83
970;jedoch DN 50;2,0;St;gaeb;leistungsbeschreibungen/20260717_SBH_LV_VE1-410-1a.X83
980;jedoch DN 65;2,0;St;gaeb;leistungsbeschreibungen/20260717_SBH_LV_VE1-410-1a.X83
990;jedoch DN 80;2,0;St;gaeb;leistungsbeschreibungen/20260717_SBH_LV_VE1-410-1a.X83
1000;jedoch DN 100;2,0;St;gaeb;leistungsbeschreibungen/20260717_SBH_LV_VE1-410-1a.X83
1010;jedoch DN 12, als Systemlösung aus Träger und Schelle gemeinsam mit Schwitzwasserdämmung entsprechend Titel Wasseranlagen Dämmarbeiten Trinkwasser, kalt, nach DIN 4140 2023-05, mit thermisch entkoppeltem Rohrträger, bestehend aus FCKW-freien PET-Auflagersegmenten, eingebettet in Schlauch- oder Platt;150,0;St;gaeb;leistungsbeschreibungen/20260717_SBH_LV_VE1-410-1a.X83
1020;jedoch DN 15, als Systemlösung aus Träger und Schelle gemeinsam mit Schwitzwasserdämmung entsprechend Titel Wasseranlagen Dämmarbeiten Trinkwasser, kalt, nach DIN 4140 2023-05, mit thermisch entkoppeltem Rohrträger, bestehend aus FCKW-freien PET-Auflagersegmenten, eingebettet in Schlauch- oder Platt;75,0;St;gaeb;leistungsbeschreibungen/20260717_SBH_LV_VE1-410-1a.X83
1030;jedoch DN 20, als Systemlösung aus Träger und Schelle gemeinsam mit Schwitzwasserdämmung entsprechend Titel Wasseranlagen Dämmarbeiten Trinkwasser, kalt, nach DIN 4140 2023-05, mit thermisch entkoppeltem Rohrträger, bestehend aus FCKW-freien PET-Auflagersegmenten, eingebettet in Schlauch- oder Platt;100,0;St;gaeb;leistungsbeschreibungen/20260717_SBH_LV_VE1-410-1a.X83
1040;jedoch DN 25, als Systemlösung aus Träger und Schelle gemeinsam mit Schwitzwasserdämmung entsprechend Titel Wasseranlagen Dämmarbeiten Trinkwasser, kalt, nach DIN 4140 2023-05, mit thermisch entkoppeltem Rohrträger, bestehend aus FCKW-freien PET-Auflagersegmenten, eingebettet in Schlauch- oder Platt;75,0;St;gaeb;leistungsbeschreibungen/20260717_SBH_LV_VE1-410-1a.X83
1050;jedoch DN 32, als Systemlösung aus Träger und Schelle gemeinsam mit Schwitzwasserdämmung entsprechend Titel Wasseranlagen Dämmarbeiten Trinkwasser, kalt, nach DIN 4140 2023-05, mit thermisch entkoppeltem Rohrträger, bestehend aus FCKW-freien PET-Auflagersegmenten, eingebettet in Schlauch- oder Platt;75,0;St;gaeb;leistungsbeschreibungen/20260717_SBH_LV_VE1-410-1a.X83
1060;jedoch DN 40, als Systemlösung aus Träger und Schelle gemeinsam mit Schwitzwasserdämmung entsprechend Titel Wasseranlagen Dämmarbeiten Trinkwasser, kalt, nach DIN 4140 2023-05, mit thermisch entkoppeltem Rohrträger, bestehend aus FCKW-freien PET-Auflagersegmenten, eingebettet in Schlauch- oder Platt;5,0;St;gaeb;leistungsbeschreibungen/20260717_SBH_LV_VE1-410-1a.X83
1070;jedoch DN 50, als Systemlösung aus Träger und Schelle gemeinsam mit Schwitzwasserdämmung entsprechend Titel Wasseranlagen Dämmarbeiten Trinkwasser, kalt, nach DIN 4140 2023-05, mit thermisch entkoppeltem Rohrträger, bestehend aus FCKW-freien PET-Auflagersegmenten, eingebettet in Schlauch- oder Platt;90,0;St;gaeb;leistungsbeschreibungen/20260717_SBH_LV_VE1-410-1a.X83
1080;jedoch DN 65, als Systemlösung aus Träger und Schelle gemeinsam mit Schwitzwasserdämmung entsprechend Titel Wasseranlagen Dämmarbeiten Trinkwasser, kalt, nach DIN 4140 2023-05, mit thermisch entkoppeltem Rohrträger, bestehend aus FCKW-freien PET-Auflagersegmenten, eingebettet in Schlauch- oder Platt;40,0;St;gaeb;leistungsbeschreibungen/20260717_SBH_LV_VE1-410-1a.X83
1090;jedoch DN 80, als Systemlösung aus Träger und Schelle gemeinsam mit Schwitzwasserdämmung entsprechend Titel Wasseranlagen Dämmarbeiten Trinkwasser, kalt, nach DIN 4140 2023-05, mit thermisch entkoppeltem Rohrträger, bestehend aus FCKW-freien PET-Auflagersegmenten, eingebettet in Schlauch- oder Platt;2,0;St;gaeb;leistungsbeschreibungen/20260717_SBH_LV_VE1-410-1a.X83
1100;jedoch DN 100, als Systemlösung aus Träger und Schelle gemeinsam mit Schwitzwasserdämmung entsprechend Titel Wasseranlagen Dämmarbeiten Trinkwasser, kalt, nach DIN 4140 2023-05, mit thermisch entkoppeltem Rohrträger, bestehend aus FCKW-freien PET-Auflagersegmenten, eingebettet in Schlauch- oder Plat;2,0;St;gaeb;leistungsbeschreibungen/20260717_SBH_LV_VE1-410-1a.X83
1110;"Mehraufwand für Installation von vorgenannte Rohrleitungen sowie Form- und Verbindungsstücken aus Edelstahl einschließlich zugehöriger Rohraufhängungen; DN 12, Installation in einem Bereich im 1.UG der Männerhalle mit geringer lichter Raumhöhe. Oberhalb des Bereichs befinden sich Sanitärräume mit Bo";15,0;m;gaeb;leistungsbeschreibungen/20260717_SBH_LV_VE1-410-1a.X83
1120;jedoch DN 15;20,0;m;gaeb;leistungsbeschreibungen/20260717_SBH_LV_VE1-410-1a.X83
1130;jedoch DN 20;30,0;m;gaeb;leistungsbeschreibungen/20260717_SBH_LV_VE1-410-1a.X83
1140;jedoch DN 25;40,0;m;gaeb;leistungsbeschreibungen/20260717_SBH_LV_VE1-410-1a.X83
1150;jedoch DN 32;10,0;m;gaeb;leistungsbeschreibungen/20260717_SBH_LV_VE1-410-1a.X83
1160;jedoch DN 40;2,0;m;gaeb;leistungsbeschreibungen/20260717_SBH_LV_VE1-410-1a.X83
1170;"Wandscheibe, Edelstahl DN 15 (18 mm) x 1/2"", für vorgenanntes Edelstahl-Pressfittingsystem für Trinkwasseranlagen, aus nichtrostendem CrNiMo-Stahl, Werkstoff Nr.: 1.4401 bzw. 1.4571 nach DIN EN 10088 mit DVGW-Baumusterprüfzertifikat, geprüft nach DVGW Arbeitsblatt W 534 mit dem Nachweis ""undicht im ";10,0;St;gaeb;leistungsbeschreibungen/20260717_SBH_LV_VE1-410-1a.X83
1180;"jedoch DN 20 (22 mm) x 1/2"" oder Edelstahl DN 20 (22 mm) x 3/4""";10,0;St;gaeb;leistungsbeschreibungen/20260717_SBH_LV_VE1-410-1a.X83
1190;"jedoch als Doppelwandscheibe, DN 12 (15 mm) x 1/2""";20,0;St;gaeb;leistungsbeschreibungen/20260717_SBH_LV_VE1-410-1a.X83
1200;"jedoch als Doppelwandscheibe, aus Rotguss oder Siliziumbronze, DN 12 (15 mm) x 1/2""";10,0;St;gaeb;leistungsbeschreibungen/20260717_SBH_LV_VE1-410-1a.X83
1210;"jedoch als Doppelwandscheibe, aus Rotguss oder Siliziumbronze, DN 15 (18 mm) x 1/2""";20,0;St;gaeb;leistungsbeschreibungen/20260717_SBH_LV_VE1-410-1a.X83
1220;"jedoch als Doppelwandscheibe, aus Rotguss oder Siliziumbronze, DN 20 (22 mm) x 1/2""";60,0;St;gaeb;leistungsbeschreibungen/20260717_SBH_LV_VE1-410-1a.X83
10;Absperrventil, Schrägsitzform, DN 15, PN 16, mit Entleerung, mit Schallschutzprüfzeichen gemäß DIN 4109 Gruppe I, für Trinkwasserleitung, mit Eignungsnachweis gemäß DIN 1988. Gehäuse, Oberteil und wasserberührte Teile der Innengarnitur aus Rotguss, mit Entleerungsventil in Gehäusematerial, mit wartu;30,0;St;gaeb;leistungsbeschreibungen/20260717_SBH_LV_VE1-410-1a.X83
20;jedoch DN 20;15,0;St;gaeb;leistungsbeschreibungen/20260717_SBH_LV_VE1-410-1a.X83
30;jedoch DN 25;15,0;St;gaeb;leistungsbeschreibungen/20260717_SBH_LV_VE1-410-1a.X83
40;jedoch DN 32;10,0;St;gaeb;leistungsbeschreibungen/20260717_SBH_LV_VE1-410-1a.X83
50;jedoch DN 40;2,0;St;gaeb;leistungsbeschreibungen/20260717_SBH_LV_VE1-410-1a.X83
60;jedoch DN 50;14,0;St;gaeb;leistungsbeschreibungen/20260717_SBH_LV_VE1-410-1a.X83
70;Absperrventil, Flanschanschluss, DN 65, PN 16, mit seitlicher Entleerung, mit Schallschutzprüfzeichen gemäß DIN 4109 Gruppe I, für Trinkwasserleitung, mit Eignungsnachweis gemäß DIN 1988. Gehäuse, Oberteil und wasserberührte Teile der Innengarnitur aus Rotguss, mit Entleerungsventil in Gehäusemateri;2,0;St;gaeb;leistungsbeschreibungen/20260717_SBH_LV_VE1-410-1a.X83
80;jedoch DN 80;1,0;St;gaeb;leistungsbeschreibungen/20260717_SBH_LV_VE1-410-1a.X83
90;jedoch DN 100;1,0;St;gaeb;leistungsbeschreibungen/20260717_SBH_LV_VE1-410-1a.X83
100;Freistrom-Kombi-Rückflussverhinderer DN 15, mit Entleerstopfen, AG, mediumberührte Metallteile aus entzinkungsfreiem und korrosionsbeständigem Rotguss, beständig gegen aggressives Wasser, wartungsfreie Spindelabdichtung mit selbstfettender EPDM-Lippendichtung, unter Druck austauschbar, EPDM-Sitzdich;2,0;St;gaeb;leistungsbeschreibungen/20260717_SBH_LV_VE1-410-1a.X83
110;jedoch DN 20;1,0;St;gaeb;leistungsbeschreibungen/20260717_SBH_LV_VE1-410-1a.X83
120;jedoch DN 25;1,0;St;gaeb;leistungsbeschreibungen/20260717_SBH_LV_VE1-410-1a.X83
130;jedoch DN 32;1,0;St;gaeb;leistungsbeschreibungen/20260717_SBH_LV_VE1-410-1a.X83
140;jedoch DN 40;4,0;St;gaeb;leistungsbeschreibungen/20260717_SBH_LV_VE1-410-1a.X83
150;jedoch DN 50;1,0;St;gaeb;leistungsbeschreibungen/20260717_SBH_LV_VE1-410-1a.X83
160;Automatisches Zirkulations-Regulierventil, DN 15, 50 °C bis 65 °C, thermisch regulierendes Zirkulationsregulierventil, mit zylindrischem Außengewinde nach ISO 228 für flachdichtende;12,0;St;gaeb;leistungsbeschreibungen/20260717_SBH_LV_VE1-410-1a.X83
170;jedoch DN 20;1,0;St;gaeb;leistungsbeschreibungen/20260717_SBH_LV_VE1-410-1a.X83
180;Auslaufventil mit Schlauchverschraubung, mit Rückflußverhinderer und Rohrbelüfter, verchromt, DVGW-geprüft, für Trinkwasser, Nenndruck PN 10, Sanitäroberteil verchromt, Ventilnennweite DN 15;2,0;St;gaeb;leistungsbeschreibungen/20260717_SBH_LV_VE1-410-1a.X83
190;Trinkwasser-Kugelhahn, Gehäuse und Kugel aus korrosionsbeständigem, entzinkungsfreiem Rotguss, DVGW-;10,0;St;gaeb;leistungsbeschreibungen/20260717_SBH_LV_VE1-410-1a.X83
200;jedoch DN 20;10,0;St;gaeb;leistungsbeschreibungen/20260717_SBH_LV_VE1-410-1a.X83
210;jedoch DN 25;10,0;St;gaeb;leistungsbeschreibungen/20260717_SBH_LV_VE1-410-1a.X83
220;jedoch DN 32;6,0;St;gaeb;leistungsbeschreibungen/20260717_SBH_LV_VE1-410-1a.X83
230;jedoch DN 40;2,0;St;gaeb;leistungsbeschreibungen/20260717_SBH_LV_VE1-410-1a.X83
240;jedoch DN 50;4,0;St;gaeb;leistungsbeschreibungen/20260717_SBH_LV_VE1-410-1a.X83
250;Rückschlagventil für Trinkwasser mit Eignungsnachweis gemäß DIN 1988, Gehäuse aus Messing, Prüf- und Entleereinrichtung,;1,0;St;gaeb;leistungsbeschreibungen/20260717_SBH_LV_VE1-410-1a.X83
260;jedoch DN 20;1,0;St;gaeb;leistungsbeschreibungen/20260717_SBH_LV_VE1-410-1a.X83
270;jedoch DN 25;1,0;St;gaeb;leistungsbeschreibungen/20260717_SBH_LV_VE1-410-1a.X83
280;jedoch DN 50;2,0;St;gaeb;leistungsbeschreibungen/20260717_SBH_LV_VE1-410-1a.X83
290;Probenahmeventil aus Rotguss, zur Probenahme von Trinkwasser, Bestimmung mikrobiologischer Parameter nach TrinkwV, mediumberührte Metallteile aus entzinkungsfreiem und korrosionsbeständigem Rotguss, beständig gegen aggressives Wasser, abflammbarer und drehbarer Edelstahl-Auslaufbogen, Dreikant-Bedie;12,0;St;gaeb;leistungsbeschreibungen/20260717_SBH_LV_VE1-410-1a.X83
300;Messsystem aus nicht rostendem Stahl, mit Rohrfeder, Gehäuse aus Stahl, lackiert, Muffenanschluss, Anschlusszapfen radial unten, Übersteckring aus Stahl, lackiert, Messgenauigkeit 1,0 % vom Skalenendwert, Gehäusedurchmesser 100 mm, Anzeige- bereich 0 - 10 bar Betriebsüberdruck, Medium Trinkwasser, T;4,0;St;gaeb;leistungsbeschreibungen/20260717_SBH_LV_VE1-410-1a.X83
310;Messelement Bimetall, Tauchrohr axial, Schutzrohr aus nicht rostendem Stahl, zum Einschrauben, Gehäuse aus Stahl, lackiert, Übersteckring aus Stahl, lackiert, Messgenauigkeit 1 % vom Skalenendwert, Gehäusedurchmesser 100 mm,;20,0;St;gaeb;leistungsbeschreibungen/20260717_SBH_LV_VE1-410-1a.X83
320;Handbedienter Rückspülfilter mit modularem Filterelement aus Kunststoff mit Filtergewebe aus Edelstahl inkl. Rotationsdüse sowie Abstreifbürsten zur mechanischen Zusatzreinigung für optimale Rückspülwirkung. Wasserentnahme auch während der Rückspülung möglich. Gehäuse aus entzinkungsarmen Messing, f;1,0;St;gaeb;leistungsbeschreibungen/20260717_SBH_LV_VE1-410-1a.X83
330;Rohrpassstück, in Armaturenlänge, mit Verschraubungen, PN 10,  Baulänge bis 400 mm, entsprechend der Baulänge der beigestellten Wasserzähler, einschließlich Dichtungs- und Befestigungsmaterial, DN 15 bis DN 40, einschließlich Demontage und Entsorgung vor dem Einbau der Wasserzähler, Material geht na;1,0;St;gaeb;leistungsbeschreibungen/20260717_SBH_LV_VE1-410-1a.X83
340;jedoch DN 50 bis DN 100;1,0;St;gaeb;leistungsbeschreibungen/20260717_SBH_LV_VE1-410-1a.X83
350;"Ultraschall-Wasserzähler ist gemäß MID-Richtlinie 2014/32/EU zugelassen sowie konformitätsbewertet (""geeicht"") und für den gesetzlichen Abrechnungsverkehr geeignet. Einzelkomponenten gemäß KTW, W421 und W270 entsprechen der Trinkwasserverordnung, Messinggehäuse mit Chargenkennzeichnung entspricht de";2,0;St;gaeb;leistungsbeschreibungen/20260717_SBH_LV_VE1-410-1a.X83
360;jedoch Ausführung:;1,0;St;gaeb;leistungsbeschreibungen/20260717_SBH_LV_VE1-410-1a.X83
370;Ringkolbenzähler für Kaltwasser bis 40°C, für horizontale und vertikale Montage zugelassen nach MID in der Klasse Q3 = 16 in dem Messbereich R160, Volltrockenläufer mit 360° drehbarem Zählwerk, ultraschallverschweißtes Kunststoffzählwerk (5 Vorkommastellen / 3 Nachkommastellen),;4,0;St;gaeb;leistungsbeschreibungen/20260717_SBH_LV_VE1-410-1a.X83
380;Hygienespülstation mit Durchflusssensor, mit einem Anschluss, für automatisch auslösende Wasserwechsel zur Sicherstellung des bestimmungsgemäßen Betriebs, mit einem Anschluss für Trinkwasser kalt (PWC), mediumberührte Metallteile aus entzinkungsfreiem und korrosionsbeständigem Rotguss, beständig geg;8,0;St;gaeb;leistungsbeschreibungen/20260717_SBH_LV_VE1-410-1a.X83
390;Sicherheitstrennstation für Trinkwasser DIN EN 1717, als freier Auslauf mit nicht kreisförmigem Überlauf (uneingeschränkt), Gruppe/Typ AB, zur Versorgung einer bauseitigen Neutralisationsanlage mit Brauchwasser sowie zur Spülung der Trinkwasserleitung für bestimmungsgemäßen Betrieb bis zu drei mal t;1,0;St;gaeb;leistungsbeschreibungen/20260717_SBH_LV_VE1-410-1a.X83
400;Membran-Ausdehnungsgefäß 33 Liter, Druckstufe PN 16, max. Betriebstemperatur 50 °C, passend für vorgenannte Sicherheitstrennstation, einschl. Wandhalterung, einschl. Zubehör;1,0;St;gaeb;leistungsbeschreibungen/20260717_SBH_LV_VE1-410-1a.X83
410;Schrägsitz-Schmutzfänger Rp 1 1/4, Druckstufe PN 16, max. Betriebstemperatur 50 °C, passend für vorgenannte Sicherheitstrennstation, mediumberührte Metallteile aus entzinkungsfreiem und korrosionsbeständigem Rotguss, beständig gegen aggressives Wasser, leicht austauschbarer Doppelsiebeinsatz aus Ede;1,0;St;gaeb;leistungsbeschreibungen/20260717_SBH_LV_VE1-410-1a.X83
10;R90-Rohrabschottung um nichtbrennbare Rohrleitungen, zur Montage in Massivwänden und leichten Trennwänden sowie in massiven Decken mit entsprechender Feuerwiderstandsklasse, mit allgemeinem bauaufsichtlichen Prüfzeugnis nach DIN 4102-11, Rohrabschottung verhindert für 90 Minuten einen Übertrag von F;16,0;St;gaeb;leistungsbeschreibungen/20260717_SBH_LV_VE1-410-1a.X83
20;jedoch;10,0;St;gaeb;leistungsbeschreibungen/20260717_SBH_LV_VE1-410-1a.X83
30;jedoch;12,0;St;gaeb;leistungsbeschreibungen/20260717_SBH_LV_VE1-410-1a.X83
40;jedoch;8,0;St;gaeb;leistungsbeschreibungen/20260717_SBH_LV_VE1-410-1a.X83
50;jedoch;4,0;St;gaeb;leistungsbeschreibungen/20260717_SBH_LV_VE1-410-1a.X83
60;weiterführende Dämmung für Bogen über 45 bis 90 Grad, Radius bis 1,5 D,;32,0;St;gaeb;leistungsbeschreibungen/20260717_SBH_LV_VE1-410-1a.X83
70;jedoch;20,0;St;gaeb;leistungsbeschreibungen/20260717_SBH_LV_VE1-410-1a.X83
80;jedoch;24,0;St;gaeb;leistungsbeschreibungen/20260717_SBH_LV_VE1-410-1a.X83
90;jedoch;16,0;St;gaeb;leistungsbeschreibungen/20260717_SBH_LV_VE1-410-1a.X83
100;jedoch;8,0;St;gaeb;leistungsbeschreibungen/20260717_SBH_LV_VE1-410-1a.X83
110;R90-Rohrabschottung nach DIN 4102 für nichtbrennbare Rohrleitungen, zur Montage in Massivwänden und -decken sowie leichten Trennwänden mit einer Mindeststärke von 150 mm bzw. 200 mm sowie in leichten Trennwänden mit einer Mindeststärke von 100 mm, mit allgemeinem bauaufsichtlichen Prüfzeugnis nach D;6,0;St;gaeb;leistungsbeschreibungen/20260717_SBH_LV_VE1-410-1a.X83
120;jedoch;5,0;St;gaeb;leistungsbeschreibungen/20260717_SBH_LV_VE1-410-1a.X83
130;jedoch;6,0;St;gaeb;leistungsbeschreibungen/20260717_SBH_LV_VE1-410-1a.X83
140;jedoch;6,0;St;gaeb;leistungsbeschreibungen/20260717_SBH_LV_VE1-410-1a.X83
150;jedoch;5,0;St;gaeb;leistungsbeschreibungen/20260717_SBH_LV_VE1-410-1a.X83
160;jedoch;1,0;St;gaeb;leistungsbeschreibungen/20260717_SBH_LV_VE1-410-1a.X83
170;jedoch;3,0;St;gaeb;leistungsbeschreibungen/20260717_SBH_LV_VE1-410-1a.X83
180;jedoch;4,0;St;gaeb;leistungsbeschreibungen/20260717_SBH_LV_VE1-410-1a.X83
190;jedoch;1,0;St;gaeb;leistungsbeschreibungen/20260717_SBH_LV_VE1-410-1a.X83
200;jedoch;1,0;St;gaeb;leistungsbeschreibungen/20260717_SBH_LV_VE1-410-1a.X83
10;Kältedämmung DIN 4140, an Rohrleitung, DN 12,;200,0;m;gaeb;leistungsbeschreibungen/20260717_SBH_LV_VE1-410-1a.X83
20;jedoch DN 15, Dicke 15 mm.;100,0;m;gaeb;leistungsbeschreibungen/20260717_SBH_LV_VE1-410-1a.X83
30;jedoch DN 20, Dicke 22 mm.;130,0;m;gaeb;leistungsbeschreibungen/20260717_SBH_LV_VE1-410-1a.X83
40;jedoch DN 25, Dicke 25 mm.;130,0;m;gaeb;leistungsbeschreibungen/20260717_SBH_LV_VE1-410-1a.X83
50;jedoch DN 32, Dicke 35 mm.;90,0;m;gaeb;leistungsbeschreibungen/20260717_SBH_LV_VE1-410-1a.X83
60;jedoch DN 40, Dicke 42 mm.;20,0;m;gaeb;leistungsbeschreibungen/20260717_SBH_LV_VE1-410-1a.X83
70;jedoch DN 50, Dicke 54 mm.;120,0;m;gaeb;leistungsbeschreibungen/20260717_SBH_LV_VE1-410-1a.X83
80;jedoch DN 65, Dicke 77 mm.;70,0;m;gaeb;leistungsbeschreibungen/20260717_SBH_LV_VE1-410-1a.X83
90;jedoch DN 80, Dicke 90 mm.;2,0;m;gaeb;leistungsbeschreibungen/20260717_SBH_LV_VE1-410-1a.X83
100;jedoch DN 100, Dicke 108 mm.;2,0;m;gaeb;leistungsbeschreibungen/20260717_SBH_LV_VE1-410-1a.X83
110;jedoch DN 25, Dicke 25 mm, mit zusätzlicher Ummantelung aus verzinktem Stahlblech nach DIN EN 10346, Dicke 0,8 mm, Überlappungen mit Blechschrauben verschraubt, einschl. mikroporösem Dämmstoff, Dicke ca. 6 mm, vollflächig selbstklebend, Baustoffklasse B1 s2, d0 als Zwischenlage der diffusionsdichte ;30,0;m;gaeb;leistungsbeschreibungen/20260717_SBH_LV_VE1-410-1a.X83
120;jedoch DN 32, Dicke 35 mm, mit zusätzlicher Ummantelung aus verzinktem Stahlblech nach DIN EN 10346, Dicke 0,8 mm, Überlappungen mit Blechschrauben verschraubt, einschl. mikroporösem Dämmstoff, Dicke ca. 6 mm, vollflächig selbstklebend, Baustoffklasse B1 s2, d0 als Zwischenlage der diffusionsdichte ;10,0;m;gaeb;leistungsbeschreibungen/20260717_SBH_LV_VE1-410-1a.X83
130;jedoch DN 40, Dicke 42 mm, mit zusätzlicher Ummantelung aus verzinktem Stahlblech nach DIN EN 10346, Dicke 0,8 mm, Überlappungen mit Blechschrauben verschraubt, einschl. mikroporösem Dämmstoff, Dicke ca. 6 mm, vollflächig selbstklebend, Baustoffklasse B1 s2, d0 als Zwischenlage der diffusionsdichte ;2,0;m;gaeb;leistungsbeschreibungen/20260717_SBH_LV_VE1-410-1a.X83
140;jedoch DN 50, Dicke 54 mm, mit zusätzlicher Ummantelung aus verzinktem Stahlblech nach DIN EN 10346, Dicke 0,8 mm, Überlappungen mit Blechschrauben verschraubt, einschl. mikroporösem Dämmstoff, Dicke ca. 6 mm, vollflächig selbstklebend, Baustoffklasse B1 s2, d0 als Zwischenlage der diffusionsdichte ;10,0;m;gaeb;leistungsbeschreibungen/20260717_SBH_LV_VE1-410-1a.X83
150;jedoch DN 65, Dicke 77 mm, mit zusätzlicher Ummantelung aus verzinktem Stahlblech nach DIN EN 10346, Dicke 0,8 mm, Überlappungen mit Blechschrauben verschraubt, einschl. mikroporösem Dämmstoff, Dicke ca. 6 mm, vollflächig selbstklebend, Baustoffklasse B1 s2, d0 als Zwischenlage der diffusionsdichte ;2,0;m;gaeb;leistungsbeschreibungen/20260717_SBH_LV_VE1-410-1a.X83
160;jedoch DN 80, Dicke 90 mm, mit zusätzlicher Ummantelung aus verzinktem Stahlblech nach DIN EN 10346, Dicke 0,8 mm, Überlappungen mit Blechschrauben verschraubt, einschl. mikroporösem Dämmstoff, Dicke ca. 6 mm, vollflächig selbstklebend, Baustoffklasse B1 s2, d0 als Zwischenlage der diffusionsdichte ;2,0;m;gaeb;leistungsbeschreibungen/20260717_SBH_LV_VE1-410-1a.X83
170;jedoch DN 100, Dicke 108 mm, mit zusätzlicher Ummantelung aus verzinktem Stahlblech nach DIN EN 10346, Dicke 0,8 mm, Überlappungen mit Blechschrauben verschraubt, einschl. mikroporösem Dämmstoff, Dicke ca. 6 mm, vollflächig selbstklebend, Baustoffklasse B1 s2, d0 als Zwischenlage der diffusionsdicht;2,0;m;gaeb;leistungsbeschreibungen/20260717_SBH_LV_VE1-410-1a.X83
180;Kältedämmung an Bogen DN 12, aus synthetischem Kautschuk, Kältedämmung DIN 4140, haus- und betriebstechnische Anlagen, im Gebäude, Dämmschichtdicke 13 mm, Oberkante Dämmung über Gelände / Fußboden bis 6,0 m, gemäß vorhergehend beschriebener Kältedämmung herstellen.;350,0;St;gaeb;leistungsbeschreibungen/20260717_SBH_LV_VE1-410-1a.X83
190;jedoch DN 15, Dämmschichtdicke 15 mm.;120,0;St;gaeb;leistungsbeschreibungen/20260717_SBH_LV_VE1-410-1a.X83
200;jedoch DN 20, Dämmschichtdicke 22 mm.;150,0;St;gaeb;leistungsbeschreibungen/20260717_SBH_LV_VE1-410-1a.X83
210;jedoch DN 25, Dämmschichtdicke 25 mm.;120,0;St;gaeb;leistungsbeschreibungen/20260717_SBH_LV_VE1-410-1a.X83
220;jedoch DN 32, Dämmschichtdicke 35 mm.;70,0;St;gaeb;leistungsbeschreibungen/20260717_SBH_LV_VE1-410-1a.X83
230;jedoch DN 40, Dämmschichtdicke 42 mm.;5,0;St;gaeb;leistungsbeschreibungen/20260717_SBH_LV_VE1-410-1a.X83
240;jedoch DN 50, Dämmschichtdicke 54 mm.;60,0;St;gaeb;leistungsbeschreibungen/20260717_SBH_LV_VE1-410-1a.X83
250;jedoch DN 65, Dämmschichtdicke 77 mm.;25,0;St;gaeb;leistungsbeschreibungen/20260717_SBH_LV_VE1-410-1a.X83
260;jedoch DN 80, Dämmschichtdicke 90 mm.;1,0;St;gaeb;leistungsbeschreibungen/20260717_SBH_LV_VE1-410-1a.X83
270;jedoch DN 100, Dämmschichtdicke 108 mm.;1,0;St;gaeb;leistungsbeschreibungen/20260717_SBH_LV_VE1-410-1a.X83
280;jedoch DN 25, Dämmschichtdicke 25 mm, mit zusätzlicher Ummantelung aus verzinktem Stahlblech nach DIN EN 10346, Dicke 0,8 mm, Überlappungen mit Blechschrauben verschraubt, einschl. mikroporösem Dämmstoff, Dicke ca. 6 mm, vollflächig selbstklebend, Baustoffklasse B1 s2, d0 als Zwischenlage der diffus;10,0;St;gaeb;leistungsbeschreibungen/20260717_SBH_LV_VE1-410-1a.X83
290;jedoch DN 32, Dämmschichtdicke 35 mm, mit zusätzlicher Ummantelung aus verzinktem Stahlblech nach DIN EN 10346, Dicke 0,8 mm, Überlappungen mit Blechschrauben verschraubt, einschl. mikroporösem Dämmstoff, Dicke ca. 6 mm, vollflächig selbstklebend, Baustoffklasse B1 s2, d0 als Zwischenlage der diffus;10,0;St;gaeb;leistungsbeschreibungen/20260717_SBH_LV_VE1-410-1a.X83
300;jedoch DN 40, Dämmschichtdicke 42 mm, mit zusätzlicher Ummantelung aus verzinktem Stahlblech nach DIN EN 10346, Dicke 0,8 mm, Überlappungen mit Blechschrauben verschraubt, einschl. mikroporösem Dämmstoff, Dicke ca. 6 mm, vollflächig selbstklebend, Baustoffklasse B1 s2, d0 als Zwischenlage der diffus;2,0;St;gaeb;leistungsbeschreibungen/20260717_SBH_LV_VE1-410-1a.X83
310;jedoch DN 50, Dämmschichtdicke 54 mm, mit zusätzlicher Ummantelung aus verzinktem Stahlblech nach DIN EN 10346, Dicke 0,8 mm, Überlappungen mit Blechschrauben verschraubt, einschl. mikroporösem Dämmstoff, Dicke ca. 6 mm, vollflächig selbstklebend, Baustoffklasse B1 s2, d0 als Zwischenlage der diffus;10,0;St;gaeb;leistungsbeschreibungen/20260717_SBH_LV_VE1-410-1a.X83
320;jedoch DN 65, Dämmschichtdicke 77 mm, mit zusätzlicher Ummantelung aus verzinktem Stahlblech nach DIN EN 10346, Dicke 0,8 mm, Überlappungen mit Blechschrauben verschraubt, einschl. mikroporösem Dämmstoff, Dicke ca. 6 mm, vollflächig selbstklebend, Baustoffklasse B1 s2, d0 als Zwischenlage der diffus;2,0;St;gaeb;leistungsbeschreibungen/20260717_SBH_LV_VE1-410-1a.X83
330;jedoch DN 80, Dämmschichtdicke 90 mm, mit zusätzlicher Ummantelung aus verzinktem Stahlblech nach DIN EN 10346, Dicke 0,8 mm, Überlappungen mit Blechschrauben verschraubt, einschl. mikroporösem Dämmstoff, Dicke ca. 6 mm, vollflächig selbstklebend, Baustoffklasse B1 s2, d0 als Zwischenlage der diffus;2,0;St;gaeb;leistungsbeschreibungen/20260717_SBH_LV_VE1-410-1a.X83
340;jedoch DN 100, Dämmschichtdicke 108 mm, mit zusätzlicher Ummantelung aus verzinktem Stahlblech nach DIN EN 10346, Dicke 0,8 mm, Überlappungen mit Blechschrauben verschraubt, einschl. mikroporösem Dämmstoff, Dicke ca. 6 mm, vollflächig selbstklebend, Baustoffklasse B1 s2, d0 als Zwischenlage der diff;2,0;St;gaeb;leistungsbeschreibungen/20260717_SBH_LV_VE1-410-1a.X83
350;Kältedämmung an T-Stück DN 12, aus synthetischem Kautschuk, Kältedämmung DIN 4140, haus- und betriebstechnische Anlagen, im Gebäude, Dämmschichtdicke 13 mm, Oberkante Dämmung über Gelände / Fußboden bis 6,0 m, gemäß vorhergehend beschriebener Kältedämmung herstellen.;20,0;St;gaeb;leistungsbeschreibungen/20260717_SBH_LV_VE1-410-1a.X83
360;jedoch DN 15, Dämmschichtdicke 15 mm.;20,0;St;gaeb;leistungsbeschreibungen/20260717_SBH_LV_VE1-410-1a.X83
370;jedoch DN 20, Dämmschichtdicke 22 mm.;20,0;St;gaeb;leistungsbeschreibungen/20260717_SBH_LV_VE1-410-1a.X83
380;jedoch DN 25, Dämmschichtdicke 25 mm.;15,0;St;gaeb;leistungsbeschreibungen/20260717_SBH_LV_VE1-410-1a.X83
390;jedoch DN 32, Dämmschichtdicke 35 mm.;20,0;St;gaeb;leistungsbeschreibungen/20260717_SBH_LV_VE1-410-1a.X83
400;jedoch DN 40, Dämmschichtdicke 42 mm.;2,0;St;gaeb;leistungsbeschreibungen/20260717_SBH_LV_VE1-410-1a.X83
410;jedoch DN 50, Dämmschichtdicke 54 mm.;15,0;St;gaeb;leistungsbeschreibungen/20260717_SBH_LV_VE1-410-1a.X83
420;jedoch DN 65, Dämmschichtdicke 77 mm.;4,0;St;gaeb;leistungsbeschreibungen/20260717_SBH_LV_VE1-410-1a.X83
430;jedoch DN 25, Dämmschichtdicke 25 mm, mit zusätzlicher Ummantelung aus verzinktem Stahlblech nach DIN EN 10346, Dicke 0,8 mm, Überlappungen mit Blechschrauben verschraubt, einschl. mikroporösem Dämmstoff, Dicke ca. 6 mm, vollflächig selbstklebend, Baustoffklasse B1 s2, d0 als Zwischenlage der diffus;2,0;St;gaeb;leistungsbeschreibungen/20260717_SBH_LV_VE1-410-1a.X83
440;jedoch DN 32, Dämmschichtdicke 35 mm, mit zusätzlicher Ummantelung aus verzinktem Stahlblech nach DIN EN 10346, Dicke 0,8 mm, Überlappungen mit Blechschrauben verschraubt, einschl. mikroporösem Dämmstoff, Dicke ca. 6 mm, vollflächig selbstklebend, Baustoffklasse B1 s2, d0 als Zwischenlage der diffus;2,0;St;gaeb;leistungsbeschreibungen/20260717_SBH_LV_VE1-410-1a.X83
450;jedoch DN 40, Dämmschichtdicke 42 mm, mit zusätzlicher Ummantelung aus verzinktem Stahlblech nach DIN EN 10346, Dicke 0,8 mm, Überlappungen mit Blechschrauben verschraubt, einschl. mikroporösem Dämmstoff, Dicke ca. 6 mm, vollflächig selbstklebend, Baustoffklasse B1 s2, d0 als Zwischenlage der diffus;2,0;St;gaeb;leistungsbeschreibungen/20260717_SBH_LV_VE1-410-1a.X83
460;jedoch DN 50, Dämmschichtdicke 54 mm, mit zusätzlicher Ummantelung aus verzinktem Stahlblech nach DIN EN 10346, Dicke 0,8 mm, Überlappungen mit Blechschrauben verschraubt, einschl. mikroporösem Dämmstoff, Dicke ca. 6 mm, vollflächig selbstklebend, Baustoffklasse B1 s2, d0 als Zwischenlage der diffus;2,0;St;gaeb;leistungsbeschreibungen/20260717_SBH_LV_VE1-410-1a.X83
470;jedoch DN 65, Dämmschichtdicke 77 mm, mit zusätzlicher Ummantelung aus verzinktem Stahlblech nach DIN EN 10346, Dicke 0,8 mm, Überlappungen mit Blechschrauben verschraubt, einschl. mikroporösem Dämmstoff, Dicke ca. 6 mm, vollflächig selbstklebend, Baustoffklasse B1 s2, d0 als Zwischenlage der diffus;1,0;St;gaeb;leistungsbeschreibungen/20260717_SBH_LV_VE1-410-1a.X83
480;Reduzierung aus synthetischem Kautschuk, an Rohrleitungsreduzierung DN 15, Kältedämmung DIN 4140, haus- und betriebstechnische Anlagen, im Gebäude, Dämmschichtdicke 15 mm, Oberkante Dämmung über Gelände / Fußboden bis 6,0 m, gemäß vorhergehend beschriebener Kältedämmung herstellen.;20,0;St;gaeb;leistungsbeschreibungen/20260717_SBH_LV_VE1-410-1a.X83
490;jedoch DN 20, Dämmschichtdicke 22 mm.;10,0;St;gaeb;leistungsbeschreibungen/20260717_SBH_LV_VE1-410-1a.X83
500;jedoch DN 25, Dämmschichtdicke 25 mm.;10,0;St;gaeb;leistungsbeschreibungen/20260717_SBH_LV_VE1-410-1a.X83
510;jedoch DN 32, Dämmschichtdicke 35 mm.;10,0;St;gaeb;leistungsbeschreibungen/20260717_SBH_LV_VE1-410-1a.X83
520;jedoch DN 40, Dämmschichtdicke 42 mm.;2,0;St;gaeb;leistungsbeschreibungen/20260717_SBH_LV_VE1-410-1a.X83
530;jedoch DN 50, Dämmschichtdicke 54 mm.;5,0;St;gaeb;leistungsbeschreibungen/20260717_SBH_LV_VE1-410-1a.X83
540;jedoch DN 65, Dämmschichtdicke 77 mm.;2,0;St;gaeb;leistungsbeschreibungen/20260717_SBH_LV_VE1-410-1a.X83
550;Passstück aus synthetischem Kautschuk, an Rohrleitungsreduzierung DN 15, Kältedämmung DIN 4140, haus- und betriebstechnische Anlagen, im Gebäude, Dämmschichtdicke 15 mm, Oberkante Dämmung über Gelände / Fußboden bis 6,0 m, gemäß vorhergehend beschriebener Kältedämmung herstellen.;20,0;St;gaeb;leistungsbeschreibungen/20260717_SBH_LV_VE1-410-1a.X83
560;jedoch DN 20, Dämmschichtdicke 22 mm.;10,0;St;gaeb;leistungsbeschreibungen/20260717_SBH_LV_VE1-410-1a.X83
570;jedoch DN 25, Dämmschichtdicke 25 mm.;10,0;St;gaeb;leistungsbeschreibungen/20260717_SBH_LV_VE1-410-1a.X83
580;jedoch DN 32, Dämmschichtdicke 35 mm.;10,0;St;gaeb;leistungsbeschreibungen/20260717_SBH_LV_VE1-410-1a.X83
590;jedoch DN 40, Dämmschichtdicke 42 mm.;2,0;St;gaeb;leistungsbeschreibungen/20260717_SBH_LV_VE1-410-1a.X83
600;jedoch DN 50, Dämmschichtdicke 54 mm.;5,0;St;gaeb;leistungsbeschreibungen/20260717_SBH_LV_VE1-410-1a.X83
610;jedoch DN 65, Dämmschichtdicke 77 mm.;2,0;St;gaeb;leistungsbeschreibungen/20260717_SBH_LV_VE1-410-1a.X83
620;Kältedämmung DIN 4140, fachgerechte Anarbeitung an Rohrschelle, DN 12, im Gebäude, Oberkante Dämmung über Gelände / Fußboden bis 6,0 m, Dämmung aus synthetischem Kautschuk, gemäß vorhergehend beschriebener Kältedämmung herstellen.;150,0;St;gaeb;leistungsbeschreibungen/20260717_SBH_LV_VE1-410-1a.X83
630;jedoch DN 15, Dämmschichtdicke 15 mm.;75,0;St;gaeb;leistungsbeschreibungen/20260717_SBH_LV_VE1-410-1a.X83
640;jedoch DN 15, Dämmschichtdicke 22 mm.;100,0;St;gaeb;leistungsbeschreibungen/20260717_SBH_LV_VE1-410-1a.X83
650;jedoch DN 25, Dämmschichtdicke 25 mm.;75,0;St;gaeb;leistungsbeschreibungen/20260717_SBH_LV_VE1-410-1a.X83
660;jedoch DN 32, Dämmschichtdicke 35 mm.;75,0;St;gaeb;leistungsbeschreibungen/20260717_SBH_LV_VE1-410-1a.X83
670;jedoch DN 40, Dämmschichtdicke 42 mm.;5,0;St;gaeb;leistungsbeschreibungen/20260717_SBH_LV_VE1-410-1a.X83
680;jedoch DN 50, Dämmschichtdicke 54 mm.;45,0;St;gaeb;leistungsbeschreibungen/20260717_SBH_LV_VE1-410-1a.X83
690;jedoch DN 65, Dämmschichtdicke 77 mm.;40,0;St;gaeb;leistungsbeschreibungen/20260717_SBH_LV_VE1-410-1a.X83
700;jedoch DN 80, Dämmschichtdicke 90 mm.;4,0;St;gaeb;leistungsbeschreibungen/20260717_SBH_LV_VE1-410-1a.X83
710;jedoch DN 100, Dämmschichtdicke 108 mm.;4,0;St;gaeb;leistungsbeschreibungen/20260717_SBH_LV_VE1-410-1a.X83
720;jedoch DN 25, Dämmschichtdicke 25 mm.;5,0;St;gaeb;leistungsbeschreibungen/20260717_SBH_LV_VE1-410-1a.X83
730;jedoch DN 32, Dämmschichtdicke 35 mm.;5,0;St;gaeb;leistungsbeschreibungen/20260717_SBH_LV_VE1-410-1a.X83
740;jedoch DN 40, Dämmschichtdicke 42 mm.;2,0;St;gaeb;leistungsbeschreibungen/20260717_SBH_LV_VE1-410-1a.X83
750;jedoch DN 50, Dämmschichtdicke 54 mm.;2,0;St;gaeb;leistungsbeschreibungen/20260717_SBH_LV_VE1-410-1a.X83
760;jedoch DN 65, Dämmschichtdicke 77 mm.;2,0;St;gaeb;leistungsbeschreibungen/20260717_SBH_LV_VE1-410-1a.X83
770;jedoch DN 80, Dämmschichtdicke 90 mm.;2,0;St;gaeb;leistungsbeschreibungen/20260717_SBH_LV_VE1-410-1a.X83
780;jedoch DN 100, Dämmschichtdicke 108 mm.;2,0;St;gaeb;leistungsbeschreibungen/20260717_SBH_LV_VE1-410-1a.X83
790;Kältedämmung an Schrägsitzarmatur DN 15, Medientemperatur 10°C, mit geschlossenzelligem Schaum dämmen, Wasserdampf-Diffusionswiderstandszahl >= 7000, Wärmeleitfähigkeit 0,036 W/ (mK) bei einer Mitteltemperatur von 0°C, Ausführung entsprechend den Vorgaben des Herstellers, lagen- bzw. schichtenweise ;10,0;St;gaeb;leistungsbeschreibungen/20260717_SBH_LV_VE1-410-1a.X83
800;jedoch DN 20, Dicke 22 mm.;5,0;St;gaeb;leistungsbeschreibungen/20260717_SBH_LV_VE1-410-1a.X83
810;jedoch DN 25, Dicke 28 mm.;5,0;St;gaeb;leistungsbeschreibungen/20260717_SBH_LV_VE1-410-1a.X83
820;jedoch DN 32, Dicke 35 mm.;3,0;St;gaeb;leistungsbeschreibungen/20260717_SBH_LV_VE1-410-1a.X83
830;jedoch DN 40, Dicke 42 mm.;2,0;St;gaeb;leistungsbeschreibungen/20260717_SBH_LV_VE1-410-1a.X83
840;jedoch DN 50, Dicke 54 mm.;14,0;St;gaeb;leistungsbeschreibungen/20260717_SBH_LV_VE1-410-1a.X83
850;jedoch DN 50, Dicke 77 mm.;2,0;St;gaeb;leistungsbeschreibungen/20260717_SBH_LV_VE1-410-1a.X83
860;jedoch DN 80, Dicke 90 mm.;1,0;St;gaeb;leistungsbeschreibungen/20260717_SBH_LV_VE1-410-1a.X83
870;jedoch DN 100, Dicke 108 mm.;1,0;St;gaeb;leistungsbeschreibungen/20260717_SBH_LV_VE1-410-1a.X83
880;jedoch für Geradsitzarmatur DN 15, Dicke 15 mm.;2,0;St;gaeb;leistungsbeschreibungen/20260717_SBH_LV_VE1-410-1a.X83
890;"Mehraufwand für Dämmarbeiten von vorgenannte Rohrleitungsinstallationen sowie Form- und Verbindungsstücken aus Edelstahl einschließlich zugehöriger Rohraufhängungen; DN 12, Installation in einem Bereich im 1.UG der Männerhalle mit geringer lichter Raumhöhe. Oberhalb des Bereichs befinden sich Sanitä";15,0;m;gaeb;leistungsbeschreibungen/20260717_SBH_LV_VE1-410-1a.X83
900;jedoch DN 15;20,0;m;gaeb;leistungsbeschreibungen/20260717_SBH_LV_VE1-410-1a.X83
910;jedoch DN 20;30,0;m;gaeb;leistungsbeschreibungen/20260717_SBH_LV_VE1-410-1a.X83
920;jedoch DN 25;40,0;m;gaeb;leistungsbeschreibungen/20260717_SBH_LV_VE1-410-1a.X83
930;jedoch DN 32;10,0;m;gaeb;leistungsbeschreibungen/20260717_SBH_LV_VE1-410-1a.X83
940;jedoch DN 40;2,0;m;gaeb;leistungsbeschreibungen/20260717_SBH_LV_VE1-410-1a.X83
950;Ausschnitt in Dämmung aus synth. Kautschuk bis 3 cm Durchmesser für Tauchhülsenaufnahmen, Thermometer etc. herstellen.;50,0;St;gaeb;leistungsbeschreibungen/20260717_SBH_LV_VE1-410-1a.X83
960;jedoch als Ausschnitt in Blechmantel;30,0;St;gaeb;leistungsbeschreibungen/20260717_SBH_LV_VE1-410-1a.X83
10;Wärmedämmung an Trinkwasser-R;300,0;m;gaeb;leistungsbeschreibungen/20260717_SBH_LV_VE1-410-1a.X83
20;jedoch DN 15, Dicke 20 mm.;110,0;m;gaeb;leistungsbeschreibungen/20260717_SBH_LV_VE1-410-1a.X83
30;jedoch DN 20, Dicke 20  mm.;130,0;m;gaeb;leistungsbeschreibungen/20260717_SBH_LV_VE1-410-1a.X83
40;jedoch DN 25, Dicke 30 mm.;100,0;m;gaeb;leistungsbeschreibungen/20260717_SBH_LV_VE1-410-1a.X83
50;jedoch DN 32, Dicke 30 mm.;90,0;m;gaeb;leistungsbeschreibungen/20260717_SBH_LV_VE1-410-1a.X83
60;jedoch DN 40, Dicke 40 mm.;10,0;m;gaeb;leistungsbeschreibungen/20260717_SBH_LV_VE1-410-1a.X83
70;jedoch DN 25, Dicke 30 mm, mit zusätzlicher U;20,0;m;gaeb;leistungsbeschreibungen/20260717_SBH_LV_VE1-410-1a.X83
80;jedoch DN 32, Dicke 30 mm, mit zusätzlicher U;10,0;m;gaeb;leistungsbeschreibungen/20260717_SBH_LV_VE1-410-1a.X83
90;jedoch DN 40, Dicke 40 mm, mit zusätzlicher U;5,0;m;gaeb;leistungsbeschreibungen/20260717_SBH_LV_VE1-410-1a.X83
100;jedoch DN 65, Dicke 80 mm, mit zusätzlicher U;40,0;m;gaeb;leistungsbeschreibungen/20260717_SBH_LV_VE1-410-1a.X83
110;Wärmedämmung für Bögen aller Winkelgrade, gemäß vorbeschriebener Wärmedämmung für;600,0;St;gaeb;leistungsbeschreibungen/20260717_SBH_LV_VE1-410-1a.X83
120;jedoch DN 15, Dämmschichtdicke 20 mm.;200,0;St;gaeb;leistungsbeschreibungen/20260717_SBH_LV_VE1-410-1a.X83
130;jedoch DN 20, Dämmschichtdicke 20 mm.;300,0;St;gaeb;leistungsbeschreibungen/20260717_SBH_LV_VE1-410-1a.X83
140;jedoch DN 25, Dämmschichtdicke 30 mm.;90,0;St;gaeb;leistungsbeschreibungen/20260717_SBH_LV_VE1-410-1a.X83
150;jedoch DN 32, Dämmschichtdicke 30 mm.;20,0;St;gaeb;leistungsbeschreibungen/20260717_SBH_LV_VE1-410-1a.X83
160;jedoch DN 40, Dämmschichtdicke 40 mm.;4,0;St;gaeb;leistungsbeschreibungen/20260717_SBH_LV_VE1-410-1a.X83
170;jedoch DN 25, Dämmschichtdicke 30 mm, mit zusätzlicher U;10,0;St;gaeb;leistungsbeschreibungen/20260717_SBH_LV_VE1-410-1a.X83
180;jedoch DN 32, Dämmschichtdicke 30 mm, mit zusätzlicher U;5,0;St;gaeb;leistungsbeschreibungen/20260717_SBH_LV_VE1-410-1a.X83
190;jedoch DN 40, Dämmschichtdicke 40 mm, mit zusätzlicher U;5,0;St;gaeb;leistungsbeschreibungen/20260717_SBH_LV_VE1-410-1a.X83
200;jedoch DN 65, Dämmschichtdicke 80 mm, mit zusätzlicher U;20,0;St;gaeb;leistungsbeschreibungen/20260717_SBH_LV_VE1-410-1a.X83
210;Wärmedämmung für T-Stück, gemäß vorbeschriebener Wärmedämmung für;30,0;St;gaeb;leistungsbeschreibungen/20260717_SBH_LV_VE1-410-1a.X83
220;jedoch DN 15, Dämmschichtdicke 20 mm.;20,0;St;gaeb;leistungsbeschreibungen/20260717_SBH_LV_VE1-410-1a.X83
230;jedoch DN 20, Dämmschichtdicke 20 mm.;10,0;St;gaeb;leistungsbeschreibungen/20260717_SBH_LV_VE1-410-1a.X83
240;jedoch DN 25, Dämmschichtdicke 30 mm.;10,0;St;gaeb;leistungsbeschreibungen/20260717_SBH_LV_VE1-410-1a.X83
250;jedoch DN 32, Dämmschichtdicke 30 mm.;6,0;St;gaeb;leistungsbeschreibungen/20260717_SBH_LV_VE1-410-1a.X83
260;jedoch DN 40, Dämmschichtdicke 40 mm.;2,0;St;gaeb;leistungsbeschreibungen/20260717_SBH_LV_VE1-410-1a.X83
270;jedoch DN 25, Dämmschichtdicke 30 mm, mit zusätzlicher U;2,0;St;gaeb;leistungsbeschreibungen/20260717_SBH_LV_VE1-410-1a.X83
280;jedoch DN 32, Dämmschichtdicke 30 mm, mit zusätzlicher U;2,0;St;gaeb;leistungsbeschreibungen/20260717_SBH_LV_VE1-410-1a.X83
290;jedoch DN 40, Dämmschichtdicke 40 mm, mit zusätzlicher U;2,0;St;gaeb;leistungsbeschreibungen/20260717_SBH_LV_VE1-410-1a.X83
300;jedoch DN 65, Dämmschichtdicke 80 mm, mit zusätzlicher U;2,0;St;gaeb;leistungsbeschreibungen/20260717_SBH_LV_VE1-410-1a.X83
310;Wärmedämmung für Reduzierstück, gemäß vorbeschriebener Wärmedämmung für;20,0;St;gaeb;leistungsbeschreibungen/20260717_SBH_LV_VE1-410-1a.X83
320;jedoch DN 20, Dämmschichtdicke 20 mm.;20,0;St;gaeb;leistungsbeschreibungen/20260717_SBH_LV_VE1-410-1a.X83
330;jedoch DN 25, Dämmschichtdicke 30 mm.;10,0;St;gaeb;leistungsbeschreibungen/20260717_SBH_LV_VE1-410-1a.X83
340;jedoch DN 32, Dämmschichtdicke 30 mm.;2,0;St;gaeb;leistungsbeschreibungen/20260717_SBH_LV_VE1-410-1a.X83
350;jedoch DN 40, Dämmschichtdicke 40 mm.;2,0;St;gaeb;leistungsbeschreibungen/20260717_SBH_LV_VE1-410-1a.X83
360;Wärmedämmung für Rohrschelle, gemäß vorbeschriebener Wärmedämmung für;200,0;St;gaeb;leistungsbeschreibungen/20260717_SBH_LV_VE1-410-1a.X83
370;jedoch DN 20, Dämmschichtdicke 20 mm.;100,0;St;gaeb;leistungsbeschreibungen/20260717_SBH_LV_VE1-410-1a.X83
380;jedoch DN 25, Dämmschichtdicke 30 mm.;100,0;St;gaeb;leistungsbeschreibungen/20260717_SBH_LV_VE1-410-1a.X83
390;jedoch DN 32, Dämmschichtdicke 30 mm.;100,0;St;gaeb;leistungsbeschreibungen/20260717_SBH_LV_VE1-410-1a.X83
400;jedoch DN 40, Dämmschichtdicke 40 mm.;10,0;St;gaeb;leistungsbeschreibungen/20260717_SBH_LV_VE1-410-1a.X83
410;jedoch DN 25, Dämmschichtdicke 30 mm, mit zusätzlicher U;10,0;St;gaeb;leistungsbeschreibungen/20260717_SBH_LV_VE1-410-1a.X83
420;jedoch DN 32, Dämmschichtdicke 30 mm, mit zusätzlicher U;10,0;St;gaeb;leistungsbeschreibungen/20260717_SBH_LV_VE1-410-1a.X83
430;jedoch DN 40, Dämmschichtdicke 40 mm, mit zusätzlicher U;5,0;St;gaeb;leistungsbeschreibungen/20260717_SBH_LV_VE1-410-1a.X83
440;jedoch DN 65, Dämmschichtdicke 80 mm, mit zusätzlicher U;15,0;St;gaeb;leistungsbeschreibungen/20260717_SBH_LV_VE1-410-1a.X83
450;Wärmedämmung an Schrägsitzarmatur DN 15, bestehnd aus;10,0;St;gaeb;leistungsbeschreibungen/20260717_SBH_LV_VE1-410-1a.X83
460;jedoch DN 20, Dicke 30 mm.;5,0;St;gaeb;leistungsbeschreibungen/20260717_SBH_LV_VE1-410-1a.X83
470;jedoch DN 25, Dicke 30 mm.;5,0;St;gaeb;leistungsbeschreibungen/20260717_SBH_LV_VE1-410-1a.X83
480;jedoch DN 32, Dicke 30 mm.;4,0;St;gaeb;leistungsbeschreibungen/20260717_SBH_LV_VE1-410-1a.X83
490;jedoch DN 40, Dicke 40 mm.;2,0;St;gaeb;leistungsbeschreibungen/20260717_SBH_LV_VE1-410-1a.X83
500;jedoch für Geradsitzarmatur DN 15, Dicke 20 mm.;2,0;St;gaeb;leistungsbeschreibungen/20260717_SBH_LV_VE1-410-1a.X83
510;Ummantelung aus verzinktem Stahlblech nach;5,0;St;gaeb;leistungsbeschreibungen/20260717_SBH_LV_VE1-410-1a.X83
520;jedoch DN 32, Dicke 30 mm.;4,0;St;gaeb;leistungsbeschreibungen/20260717_SBH_LV_VE1-410-1a.X83
530;jedoch DN 40, Dicke 40 mm.;2,0;St;gaeb;leistungsbeschreibungen/20260717_SBH_LV_VE1-410-1a.X83
540;jedoch an Geradsitzventilen DN 15, Dicke 20 mm.;2,0;St;gaeb;leistungsbeschreibungen/20260717_SBH_LV_VE1-410-1a.X83
550;"Mehraufwand für Dämmarbeiten von vorgenannte Rohrleitungsinstallationen sowie Form- und Verbindungsstücken aus Edelstahl einschließlich zugehöriger Rohraufhängungen; DN 12, Installation in einem Bereich im 1.UG der Männerhalle mit geringer lichter Raumhöhe. Oberhalb des Bereichs befinden sich Sanitä";15,0;m;gaeb;leistungsbeschreibungen/20260717_SBH_LV_VE1-410-1a.X83
560;jedoch DN 15;20,0;m;gaeb;leistungsbeschreibungen/20260717_SBH_LV_VE1-410-1a.X83
570;jedoch DN 20;30,0;m;gaeb;leistungsbeschreibungen/20260717_SBH_LV_VE1-410-1a.X83
580;jedoch DN 25;40,0;m;gaeb;leistungsbeschreibungen/20260717_SBH_LV_VE1-410-1a.X83
590;jedoch DN 32;10,0;m;gaeb;leistungsbeschreibungen/20260717_SBH_LV_VE1-410-1a.X83
600;jedoch DN 40;2,0;m;gaeb;leistungsbeschreibungen/20260717_SBH_LV_VE1-410-1a.X83
610;Ausschnitt in Dämmung aus alukaschierter Mineralwolle, bis 3 cm Durchmesser für Tauchhülsenaufnahmen, Thermometer etc. herstellen.;30,0;St;gaeb;leistungsbeschreibungen/20260717_SBH_LV_VE1-410-1a.X83
620;jedoch als Ausschnitt in Blechmantel;20,0;St;gaeb;leistungsbeschreibungen/20260717_SBH_LV_VE1-410-1a.X83
10;Installationselement zum Einbau in teil- oder raumhohe Vorwandinstallationen oder in raumhohe Installationswände oder in teil- oder raumhohe Systemwände, für Wand-WCs mit Anschlussmaßen nach DIN EN 33:2011-11, für Wand-WCs mit Ausladung bis 62 cm, für 1-Mengen-, 2-Mengen- oder Spül-Stopp-Spülung, fü;11,0;St;gaeb;leistungsbeschreibungen/20260717_SBH_LV_VE1-410-1a.X83
20;jedoch für halbhohe Installationwand mit UP-Spülkasten mit Betätigung von oben;2,0;St;gaeb;leistungsbeschreibungen/20260717_SBH_LV_VE1-410-1a.X83
30;Betätigungsplatte für Einbauspülkasten, passend zu Spülkasten wie vorher beschrieben, aus Kunststoff, für 2-Mengen-Spülung und Spül-Stopp-Spülung, für Betätigung von vorn, Drückerstangen schallgedämmt, mit Befestigungsrahmen, 2 Distanzbolzen, Drückerstange, Unterbrechungshebel und Befestigungsmateri;13,0;St;gaeb;leistungsbeschreibungen/20260717_SBH_LV_VE1-410-1a.X83
40;jedoch für Wand-WCs mit Ausladung bis 70 cm, inkl. beidseitiger Montageplatten aus wasserfest verleimten Furnierholz für die Montage von Stütz- und Haltegriffen.;2,0;St;gaeb;leistungsbeschreibungen/20260717_SBH_LV_VE1-410-1a.X83
50;WC-Steuerung mit elektronischer Spülauslösung, zur manuellen Fernauslösung von UP-Spülkästen wie vorher beschrieben, über Stützklappgriffe mit Kabel, Spülauslösung an zwei Stützklappgriffen, 1-Mengen-Spülung über Betätigungsplatte auslösbar, externes Netzteil, Betrieb mit Kleinspannung, keine Netzsp;2,0;St;gaeb;leistungsbeschreibungen/20260717_SBH_LV_VE1-410-1a.X83
60;jedoch für Waschtisch mit Einlocharmatur, mit höhenverstellbarer, schallgeschützter Befestigung für Wandscheiben und Ablaufbogen DN 40/50, Gumminippel DN 40/30, einschließlich Befestigungsmaterial für Element und Waschtisch, Befestigungssatz für Vorwand-Montage zur stufenlose Tiefenverstellung bis 2;18,0;St;gaeb;leistungsbeschreibungen/20260717_SBH_LV_VE1-410-1a.X83
70;jedoch für barrierefreie Waschtische mit Einlocharmatur, einschließlich Universal-UP-Siphonhalter;3,0;St;gaeb;leistungsbeschreibungen/20260717_SBH_LV_VE1-410-1a.X83
80;Traverse für Wandarmatur AP, variable Armaturenposition,;6,0;St;gaeb;leistungsbeschreibungen/20260717_SBH_LV_VE1-410-1a.X83
90;"jedoch als Traversenelement für Kalt- und Warmwasser DN 15 (1/2""), ohne Schmutzwasseranschluss";1,0;St;gaeb;leistungsbeschreibungen/20260717_SBH_LV_VE1-410-1a.X83
100;"jedoch als Traversenelement für Kalt- und Warmwasser DN 15 (1/2""), mit Schmutzwasseranschluss DN 50";3,0;St;gaeb;leistungsbeschreibungen/20260717_SBH_LV_VE1-410-1a.X83
110;jedoch für Urinal-Anlagen, Elementhöhe auf Urinal anpassbar, mit UP-Gehäuse für Urinalsteuerung, Wasseranschluss am UP-Gehäuse, Absperrventil mit Drossel (vormontiert);5,0;St;gaeb;leistungsbeschreibungen/20260717_SBH_LV_VE1-410-1a.X83
120;Urinalsteuerung mit automatischer, elektronischer Spülauslösung, passend zu Installationsblock wie vor, Abdeckplatte aus Zinkdruckguss mit schmalem IR-Fenster, mit Sicherungsriegel, sichere IR-Distanzerkennung, über Drossel des Rohbausets bis auf 0,5 l/ Spülung reduzierbar, Spülmenge ist auf 1,0 l e;5,0;St;gaeb;leistungsbeschreibungen/20260717_SBH_LV_VE1-410-1a.X83
130;"jedoch für Ausgussbecken mit Wandarmatur, Traverse Armatur höhen- und tiefenverstellbar, mit Montageplatte aus Furnierholz, wasserfest verleimt, höhenverstellbar, einschließlich 2 Anschlusswinkel R 1/2"",  2 Schalldämmunterlagen, 2 Dämmhülsen, 1 Anschlussbogen aus Kunststoff DN 50, 1 Gummisteckverbin";3,0;St;gaeb;leistungsbeschreibungen/20260717_SBH_LV_VE1-410-1a.X83
140;Wand-Tiefspül-WC mit verdeckter Befestigung, 4,5/6 l, spülrandlos, wandhängend, für Wandeinbauspülkasten, CE-gekennzeichnet, Farbe weiß, Material Sanitärporzellan, Breite ca. 370 mm, Tiefe ca. 540 mm, Höhe ca. 400 mm, Ablauf waagerecht verdeckt, einschließlich Schallschutzset zur akustischen Entkopp;13,0;St;gaeb;leistungsbeschreibungen/20260717_SBH_LV_VE1-410-1a.X83
150;Stand-Tiefspül-WC bodenstehend mit Aufputzspülkasten, mit verdeckter Befestigung, Spülmenge 3 l und 6 l, mit Spülrand, einschließlich zugehörigem Aufputz-Spülkasten als Aufsetzkasten, CE-gekennzeichnet, Farbe weiß, Material Sanitärporzellan, Breite ca. 355 mm, Tiefe ca. 655 mm, Höhe ca. 390 mm, Abla;6,0;St;gaeb;leistungsbeschreibungen/20260717_SBH_LV_VE1-410-1a.X83
160;WC-Sitz mit Deckel, weiß, antibakteriell, Scharniere aus Edelstahl, aus Duroplast, mit Absenkautomatik, integrierte leicht erhabene Sitzpuffer, Befestigung von unten, passend zum vorgenannten WC, entsprechend DIN19516. mindestens 4 Auflagepunkte.;19,0;St;gaeb;leistungsbeschreibungen/20260717_SBH_LV_VE1-410-1a.X83
170;Tiefspül-WC, wandhängend, spülrandlos, inkl. verlängertem Spülrohr, für Wandeinbauspülkasten, CE-gekennzeichnet, Farbe weiß, Material Sanitärporzellan, Breite ca. 355 mm, Höhe ca. 350 mm, Tiefe 700 mm, einschließlich Schallschutzset zur akustischen Entkopplung vom Baukörper und Befestigungsmaterial.;2,0;St;gaeb;leistungsbeschreibungen/20260717_SBH_LV_VE1-410-1a.X83
180;WC-Sitzring ohne Deckel, weiß, antibakterielles Material, mit durchgehender Edelstahl-Scharnierwelle, DIN 19516, aus Duroplast, Befestigung von unten, passend zum vorgenannten WC.;2,0;St;gaeb;leistungsbeschreibungen/20260717_SBH_LV_VE1-410-1a.X83
190;WC-Papiergroßrollenhalter aus Kunststoff, Durchmesser ca. 34,5 cm, Tiefe ca. 14,8cm, verdeckte Befestigung,  einschließlich Befestigungsmaterial;21,0;St;gaeb;leistungsbeschreibungen/20260717_SBH_LV_VE1-410-1a.X83
200;WC-Bürstenhalter mit verdecktem Bürstenkopf, Ausführung oben offen, quaderförmiger, oben abgeschrägter Behälter Edelstahl weiß beschichtet, Innentopf und WC-Bürste aus Kunststoff, Bürstenentnahme nach oben, Innentopf zur Reinigung herausnehmbar, Vier-Punkt-Befestigung, inklusive Befestigungsmaterial;21,0;St;gaeb;leistungsbeschreibungen/20260717_SBH_LV_VE1-410-1a.X83
210;Handwaschbecken, mit Hahnloch, mit Überlauf, EN 14688, Farbe weiß, Material Sanitärporzellan, Breite ca. 360 mm, Tiefe ca. 250 mm, Höhe ca. 145 mm, einschließlich Schallschutzset zur akustischen Entkopplung vom Baukörper und Befestigungsmaterial;2,0;St;gaeb;leistungsbeschreibungen/20260717_SBH_LV_VE1-410-1a.X83
220;jedoch Waschtisch, Breite ca. 450 mm, Tiefe ca. 340 mm, Höhe ca. 170 mm;5,0;St;gaeb;leistungsbeschreibungen/20260717_SBH_LV_VE1-410-1a.X83
230;jedoch Waschtisch, Breite ca. 450 mm, Tiefe ca. 340 mm, Höhe ca. 170 mm, ohne Überlauf;4,0;St;gaeb;leistungsbeschreibungen/20260717_SBH_LV_VE1-410-1a.X83
240;jedoch Waschtisch, Breite ca. 550 mm, Tiefe ca. 440 mm, Höhe ca. 180 mm;1,0;St;gaeb;leistungsbeschreibungen/20260717_SBH_LV_VE1-410-1a.X83
250;jedoch Waschtisch, Breite ca. 550 mm, Tiefe ca. 440 mm, Höhe ca. 180 mm, ohne Überlauf;1,0;St;gaeb;leistungsbeschreibungen/20260717_SBH_LV_VE1-410-1a.X83
260;jedoch Waschtisch, Breite ca. 600 mm, Tiefe ca. 480 mm, Höhe ca. 185 mm;4,0;St;gaeb;leistungsbeschreibungen/20260717_SBH_LV_VE1-410-1a.X83
270;Waschtisch, unterfahrbar, mit Hahnloch, mit Überlauf, EN 14688, DIN 18040, Unterseite mit umlaufend unsichtbarer Griffmulde, Farbe weiß, Material Sanitärporzellan, unterfahrbar, Breite ca. 650 mm, Tiefe ca. 600 mm, Höhe ca. 180 mm, einschließlich Schallschutzset zur akustischen Entkopplung vom Baukö;3,0;St;gaeb;leistungsbeschreibungen/20260717_SBH_LV_VE1-410-1a.X83
280;Einhebel-Waschtischarmatur, DN15, Durchflussmenge: 6 l/min gemessen bei 3 bar Fließdruck, Ausladung: ca. 121 mm, Einlocharmatur mit starrem gegossenem Auslauf, Kartusche keramisch, Armaturenkörper aus entzinkungsbeständigem Messing, Vollhebel aus Metall, Kennzeichnung warm und kalt, mit Luftsprudler;15,0;St;gaeb;leistungsbeschreibungen/20260717_SBH_LV_VE1-410-1a.X83
290;Einhebel-Waschtischarmatur, DN15, Durchflussmenge: 6 l/min gemessen bei 3 bar Fließdruck, Ausladung: ca. 114 mm, Einlocharmatur mit starrem gegossenem Auslauf, Kartusche keramisch, Armaturenkörper aus entzinkungsbeständigem Messing, langer Vollhebel aus Metall, Kennzeichnung warm und kalt, mit Lufts;3,0;St;gaeb;leistungsbeschreibungen/20260717_SBH_LV_VE1-410-1a.X83
300;Selbstschluss-Waschtisch-Standventil,;8,0;St;gaeb;leistungsbeschreibungen/20260717_SBH_LV_VE1-410-1a.X83
310;Ablaufventil mit freiem Auslauf, mit Sieb, für nicht staubare Waschtische, für öffentliche und halböffentliche;1,0;St;gaeb;leistungsbeschreibungen/20260717_SBH_LV_VE1-410-1a.X83
320;jedoch ohne Überlauf;6,0;St;gaeb;leistungsbeschreibungen/20260717_SBH_LV_VE1-410-1a.X83
330;"Geruchverschluss für Waschtische, als Röhrengeruchverschluss nach DIN 19541, mit Prüfzeichen, aus Messing, verchromt, für Wandanschluss, R 1 1/4"" x DN 32, mit Abgangsrohr 220 mm, Schubrosette, Verstellrohr 120 mm und Wandrosette.";20,0;St;gaeb;leistungsbeschreibungen/20260717_SBH_LV_VE1-410-1a.X83
340;UP-Geruchverschluss, aus Kunststoff, für Einbau in ein Installationselement, mit verchromter Abdeckplatte aus Kunststoff, höhenverstellbar, mit Anschlussbogen, verchromt, Ablaufleistung gemäß DIN 1986, mit Schaftventil;3,0;St;gaeb;leistungsbeschreibungen/20260717_SBH_LV_VE1-410-1a.X83
350;Urinal, Zulauf von hinten, Abgang nach hinten, inkl. Befestigungssystem, EN 13407, Farbe weiß, Material Sanitärporzellan, zugelassen für wassersparendes 0,5 Liter Spülvolumen, komplett geschlossene Seitenflächen, spülrandlos, Montage mit dem verdecktem Befestigungssystem, mit Abdeckkappen (weiß), Br;5,0;St;gaeb;leistungsbeschreibungen/20260717_SBH_LV_VE1-410-1a.X83
360;"Ausgussbecken aus Kunststoff mit Überlauf und angeformter Rückwand, Breite ca. 500 mm, Höhe ca. 400 mm, Tiefe ca. 350 mm, mit Sieb und Stopfen an Kette, Ventil 1 1/2"", inkl. Befestigungsset, mit Klapprost aus Metall.";3,0;St;gaeb;leistungsbeschreibungen/20260717_SBH_LV_VE1-410-1a.X83
370;jedoch Ausgussbecken aus Edelstahl, Breite ca. 500 mm, Tiefe ca. 350 mm, Höhe ca. 500 mm;1,0;St;gaeb;leistungsbeschreibungen/20260717_SBH_LV_VE1-410-1a.X83
380;Einhebel-Wand-Armatur, DN 15, mit Bügelhebel und Kennzeichnung für warm und kalt, mit Keramikkartusche und Temperaturbegrenzung, S-Anschhlüsse mit Abdeckung, Armaturenkörper aus entzinkungsbeständigem Messing, Oberfläche Chrom, mit schwenkbarem Auslauf mind. 120°, Länge ca. 200mm, mit Luftsprudler.;3,0;St;gaeb;leistungsbeschreibungen/20260717_SBH_LV_VE1-410-1a.X83
390;Geruchverschluss für Ausgussbecken, als Röhrengeruchverschluss nach DIN EN 274, mit Prüfzeichen, aus Kunststoff, weiß, für Wandanschluss, R 1 1/2 x DN 50, mit waagerechtem Abgangsrohr, einschl. Dichtungssatz;3,0;St;gaeb;leistungsbeschreibungen/20260717_SBH_LV_VE1-410-1a.X83
400;Ab- und Überlaufgarnitur, ohne Geruchverschluss, für Ausgussbecken, mit Ventiloberteil 70 mm, aus Edelstahl Rostfrei, mit Kettenhalter, verchromter Kugelkette 250 mm;3,0;St;gaeb;leistungsbeschreibungen/20260717_SBH_LV_VE1-410-1a.X83
410;Aufputz-Duscharmatur als Selbstschluss-Thermostat, mit Wandeinbaubox und Magnetventil für therm. Desinfektion;30,0;St;gaeb;leistungsbeschreibungen/20260717_SBH_LV_VE1-410-1a.X83
420;Isolierstoffgehäuse mit Hutschiene, inkl. Netzteil und Klemmleiste für Anschluss von jeweils sieben bis acht der vorgenannten Magnetventilen zur thermischen Desinfektion,;4,0;St;gaeb;leistungsbeschreibungen/20260717_SBH_LV_VE1-410-1a.X83
430;Anschlusskabel passend für Verbindung vorgenanntem Magnetventil der Duscharmatur bis zum Netzteil, Einzellänge bis zu 10 m, Verlegung in Kunststoff-Installationsrohr im Wandschlitz sowie an der Decke des darunterliegenden Geschosses;300,0;m;gaeb;leistungsbeschreibungen/20260717_SBH_LV_VE1-410-1a.X83
440;"Schlüsselschalter für thermische Desinfektion, Aufputz, 230 V, 10 A, IP 65, Schlüssel in Stellung ""EIN"" und ""AUS"" jeweils rastend und nur in Stellung ""AUS"" entfernbar, Installation neben vorgenannten Elektroverteilerkasten an Rohdecke oder -wand, einschließlich für alle Schlüsselschalter gleichschli";4,0;St;gaeb;leistungsbeschreibungen/20260717_SBH_LV_VE1-410-1a.X83
450;komplette Elektroinstallation der zuvor aufgeführten Aktoren,;4,0;St;gaeb;leistungsbeschreibungen/20260717_SBH_LV_VE1-410-1a.X83
460;Inbetriebnahme thermische Desinfektion einschl. Durchführung eines Probelaufes gemeinsam mit Gewerk Gebäudeautomation;1,0;St;gaeb;leistungsbeschreibungen/20260717_SBH_LV_VE1-410-1a.X83
470;"Duschkopf DN 15, für Wandanschluss mit steckbarem Anschlussstutzen, mit verstellbarem Strahl ca. 13 ° - 23 °, mit Durchflussmengenregler, einzustellen auf 9 l/min, verchromtes Messinggehäuse, verdrehsicher, einschließlich Unterkonstruktion für Trockenbau für Anbau Wandscheibe; Wandscheibe wird gemäß";30,0;St;gaeb;leistungsbeschreibungen/20260717_SBH_LV_VE1-410-1a.X83
480;Durchbruchsbohrung in Beton;30,0;St;gaeb;leistungsbeschreibungen/20260717_SBH_LV_VE1-410-1a.X83
490;Wandschlitz in Mauerwerk in Teillängen herstellen,;60,0;m;gaeb;leistungsbeschreibungen/20260717_SBH_LV_VE1-410-1a.X83
500;Einzelplatzdusche Frauenhalle, bestehend aus:;1,0;St;gaeb;leistungsbeschreibungen/20260717_SBH_LV_VE1-410-1a.X83
510;"Duscharmatur für barrierefreien Duschplatz als Vorwand-Thermostatbatterie, DN 15, 1/2"" AG, Duschanschluss DN 15 G 1/2 AG, Thermostat mit Regler, Duschanschluss unten, inkl. integriertem mechanischen Ventil zur Durchführung einer manuellen thermischen Desinfektion gemäß DVGW Arbeitsblatt W 551, Gehäu";1,0;St;gaeb;leistungsbeschreibungen/20260717_SBH_LV_VE1-410-1a.X83
520;"Handbrause, drei Strahlarten, verchromt, gemäß Anforderungen der KTW und DVGW W270, DN 15 G 1/2"", Durchfluss Handbrause bei 3 bar ca. 9 l/min.";1,0;St;gaeb;leistungsbeschreibungen/20260717_SBH_LV_VE1-410-1a.X83
530;Brausegarnitur bestehend aus Winkel-Wandhalterungsstange und Schlauch, für barrierefreien Duschplatz, Anforderungen gemäß DIN 18040-1, Brausewandhalterungsstange als Winkelgriff aus weißem Kunststoff mit durchgehendem korrosionsgeschütztem Stahlkern, ca. 1.100 mm hoch und ca. 600 mm lang, Winkel wah;1,0;St;gaeb;leistungsbeschreibungen/20260717_SBH_LV_VE1-410-1a.X83
540;Stützklappgriff für barrierefreien Duschplatz, Anforderungen gemäß DIN 18040-1, aus weißem Kunststoff, bestehend aus zwei parallelen übereinander angeordneten durch einen Verbindungsbogen zusammengefügte Stangen, belastbar bis 100 kg, Klappgriff und Wandplatte aus Kunststoff mit integriertem Stahlke;1,0;St;gaeb;leistungsbeschreibungen/20260717_SBH_LV_VE1-410-1a.X83
550;Duschklappsitz, Anforderungen gemäß DIN 18040-1, Wandkonsole und durchgehende rutschhemmende Sitzfläche, weißer Kunststoffsitz mit Aluminiumverstärkung, Wandkonsole aus pulverbeschichtetem Edelstahl in matt weiß, ohne Rückenlehne, Sitzfläche ca. 450x450 mm, Gesamttiefe ca. 670 mm, belastbar bis ca. ;1,0;St;gaeb;leistungsbeschreibungen/20260717_SBH_LV_VE1-410-1a.X83
560;"Duscharmatur für Einzel-Duschplätze als Vorwand-Thermostatbatterie, DN 15, 1/2"" AG, Duschanschluss DN 15 G 1/2 AG, Thermostat mit Regler, Duschanschluss unten, inkl. integriertem mechanischen Ventil zur Durchführung einer manuellen thermischen Desinfektion gemäß DVGW Arbeitsblatt W 551, Gehäuse aus ";4,0;St;gaeb;leistungsbeschreibungen/20260717_SBH_LV_VE1-410-1a.X83
570;Brausegarnitur bestehend aus Wandhalterungsstange und Schlauch,;4,0;St;gaeb;leistungsbeschreibungen/20260717_SBH_LV_VE1-410-1a.X83
580;"Handbrause, drei Strahlarten, verchromt, gemäß Anforderungen der KTW und DVGW W270, DN 15 G 1/2"", Durchfluss Handbrause bei 3 bar ca. 9 l/min.";4,0;St;gaeb;leistungsbeschreibungen/20260717_SBH_LV_VE1-410-1a.X83
590;Bodenebene Duschfläche mit Eckablauf und von 1 oder 2;2,0;St;gaeb;leistungsbeschreibungen/20260717_SBH_LV_VE1-410-1a.X83
600;jedoch Außenmaße 1.000 x 1.000 mm;2,0;St;gaeb;leistungsbeschreibungen/20260717_SBH_LV_VE1-410-1a.X83
610;Duschablaufgarnitur senkrecht passend zu vorgenannter Duschwanne 900 x 900 mm bzw. 1.000 x 1.000 mm, für im Boden versenkten Einbau in Kernbohrung, mit integriertem Geruchsverschluss, für Anschluss an Kunststoff-Abwasserleitung DN50 mit Steckmuffe, äquivalente Sperrwasserhöhe mind. 50 mm, Ablaufleis;4,0;St;gaeb;leistungsbeschreibungen/20260717_SBH_LV_VE1-410-1a.X83
620;Brandschutzmanschette passend für vorgenannte senkrechte Duschablaufgarnitür;4,0;St;gaeb;leistungsbeschreibungen/20260717_SBH_LV_VE1-410-1a.X83
630;Duschabtrennung Seitenwand für Kombination mit 2-teiliger Pendeltür, aus klar-transparentem ESG, teilgerahmt, Rahmenprofil silber oder chrom, links oder rechts montierbar;2,0;St;gaeb;leistungsbeschreibungen/20260717_SBH_LV_VE1-410-1a.X83
640;Duschabtrennung Pendeltür 900 x 2000 für Kombination mit Seitenwand, 2 Türen als Pendelelemente, 1 Stütze für;2,0;St;gaeb;leistungsbeschreibungen/20260717_SBH_LV_VE1-410-1a.X83
650;jedoch für Einbau in Nische, Schenkelmaß: 1.000 mm;2,0;St;gaeb;leistungsbeschreibungen/20260717_SBH_LV_VE1-410-1a.X83
660;Untertischspeicher 2,0kW 230V, Inhalt 5,0 Liter, drucklos mit Zweigriff-Mischbatterie, Kleinspeicher offenes (druckloses) Gerät mit Polypropylen-Innenbehälter mit FCKW-freier, recyclingfähiger Wärmedämmung, Temperaturregler ca. 35°C bis 85°C mit Energiesparbereich, möglicher Temperaturbegrenzung und;2,0;St;gaeb;leistungsbeschreibungen/20260717_SBH_LV_VE1-410-1a.X83
670;Hydraulisch gesteuerter Durchlauferhitzer als Untertischgerät in kompakter Ausführung. Blankdraht-Heizsystem mit auswechselbarer Heizpatrone. Druckfeste Bauart, inkl. Anschlusset für Eckventil. Mit Schulko-Stecker, Leitungslänge ca. 0,65m. Inkl. Spezial-Strahlregler für ideales Strahlbild.;3,0;St;gaeb;leistungsbeschreibungen/20260717_SBH_LV_VE1-410-1a.X83
680;jedoch mit festem Anschluss, ohne Stecker;2,0;St;gaeb;leistungsbeschreibungen/20260717_SBH_LV_VE1-410-1a.X83
690;jedoch mit festem Anschluss, ohne Stecker;1,0;St;gaeb;leistungsbeschreibungen/20260717_SBH_LV_VE1-410-1a.X83
700;jedoch mit festem Anschluss, ohne Stecker;2,0;St;gaeb;leistungsbeschreibungen/20260717_SBH_LV_VE1-410-1a.X83
710;Stützklappgriff (drehbar) mit integrierter Spültaste, Farbe weiß, E-Ausführung, zwei parallele, übereinander angeordnete, durch einen Verbindungsbogen zusammengefügte Stangen, belastbar bis 100 kg, Klappgriff und Wandplatte aus Kunststoff mit integriertem Stahlkern, Wandplatte mit verdeckter Befesti;2,0;St;gaeb;leistungsbeschreibungen/20260717_SBH_LV_VE1-410-1a.X83
720;Stützklappgriff (drehbar), Farbe weiß, zwei parallele, übereinander angeordnete, durch einen Verbindungsbogen zusammengefügte Stangen, belastbar bis 100 kg, Klappgriff und Wandplatte aus Kunststoff mit integriertem Stahlkern, Wandplatte mit verdeckter Befestigung, Klappgriff nach oben und gebremst n;2,0;St;gaeb;leistungsbeschreibungen/20260717_SBH_LV_VE1-410-1a.X83
730;Aufrüstsatz WC-Papierhalter, passend zu Stützklappgriff wie vorher beschrieben, rechtwinklig angeordneter Aufsatzrollenhalter zur Nachrüstung am Stützklappgriff  Durchmesser 33 mm, aus Polyamid, mit integrierter harter, flexibler Rollenbremse, Farbton weiß.;2,0;St;gaeb;leistungsbeschreibungen/20260717_SBH_LV_VE1-410-1a.X83
740;Rückenstütze barrierefreie WC-Anlage, Farbe weiß, gepolsterte Lehne mit beidseitig angebrachten, rechtwinklig gebogenen Befestigungsstangen zum Abstützen des Rückens auf dem WC,;2,0;St;gaeb;leistungsbeschreibungen/20260717_SBH_LV_VE1-410-1a.X83
750;Papierhandtuchspender aus Kunststoff, HxBxT = ca. 43x32,6x24 cm, einschließlich Befestigungsmaterial;29,0;St;gaeb;leistungsbeschreibungen/20260717_SBH_LV_VE1-410-1a.X83
760;Seifenspender aus Kunststoff, HxBxT = ca. 23,5x11,6x11,4cm, einschließlich Befestigungsmaterial;29,0;St;gaeb;leistungsbeschreibungen/20260717_SBH_LV_VE1-410-1a.X83
770;Desinfektionsmittelspender aus Aluminium, HxBxT = ca. 28,3x8,2x22,5 cm, einschließlich Befestigungsmaterial;5,0;St;gaeb;leistungsbeschreibungen/20260717_SBH_LV_VE1-410-1a.X83
780;Damenhygienebehälter aus Kunststoff, für Wandmontage, Volumen 23 l, HxBxT = ca. 65x31,5x20,5 cm, einschließlich Befestigungsmaterial;13,0;St;gaeb;leistungsbeschreibungen/20260717_SBH_LV_VE1-410-1a.X83
790;Damenhygienebehälter aus Kunststoff, für Wandmontage, Volumen 55 l, HxBxT = ca. 64,5x42x38 cm, einschließlich Befestigungsmaterial;2,0;St;gaeb;leistungsbeschreibungen/20260717_SBH_LV_VE1-410-1a.X83
800;Papierkorb;26,0;St;gaeb;leistungsbeschreibungen/20260717_SBH_LV_VE1-410-1a.X83
810;Haken, aus nichtrostendem Stahl, als Einfachhaken, für Aufputz-Montage, verdeckte Befestigung, einschließlich Befestigungsmaterial.;21,0;St;gaeb;leistungsbeschreibungen/20260717_SBH_LV_VE1-410-1a.X83
820;Haken, aus nichtrostendem Stahl, als Doppelhaken, für Aufputz-Montage, verdeckte Befestigung, einschließlich Befestigungsmaterial.;5,0;St;gaeb;leistungsbeschreibungen/20260717_SBH_LV_VE1-410-1a.X83
830;Verfüllen der Fugen zwischen Sanitärobjekten und der jeweiligen Wandoberfläche mit dauerelastischen, silikonhaltigen Füllstoffen, Farbton wahlweise weiß oder farblos;53,0;m;gaeb;leistungsbeschreibungen/20260717_SBH_LV_VE1-410-1a.X83
840;Eckventil, DN 15, G 3/8 AG Abgang, verchromt, als Absperr-, Regulier- und Anschlussventil, Geräuschverhalten entsprechend DIN 4109 Gruppe I, mit Gewindeanschluss, Bedienungsgriff aus Messing, mit Verlängerung und Schubrosette.;34,0;St;gaeb;leistungsbeschreibungen/20260717_SBH_LV_VE1-410-1a.X83
850;Geräteanschlußventil, DN 15, als Kombinations-Eckventil, mit Rückflußverhinderer und Rohrbelüfter, entsprechend DVGW-Arbeitsblätter W 376 und 377, Schlauchverschraubung R 1/2, verchromt, Bedienungsgriff aus Messing, verchromt, einschließlich Anschlußverschraubung, Verlängerung und Schubrosette;3,0;St;gaeb;leistungsbeschreibungen/20260717_SBH_LV_VE1-410-1a.X83
860;Probenahme-Eckventil DN 15 aus Messing, verchromt, mit Probenahmerohr aus Edelstahl, geeignet zum Einbau an Waschtischen. Festlegung der genauen Einbauorte erfolgt im Zuge des Baufortschritts und in Abstimmung mit der zuständigen Behörde für die Entnahme von Wasserproben.;11,0;St;gaeb;leistungsbeschreibungen/20260717_SBH_LV_VE1-410-1a.X83
870;"Wandauslaufventil DN 15, Oberteil für Steckschlüsselbetätigung, mit Schlauchverschraubung, Belüfter und Rückflussverhinderer, DVGW geprüft. Inkl. Rosette und Steckschlüssel, Größe: 1/2"", Oberfläche verchromt.";1,0;St;gaeb;leistungsbeschreibungen/20260717_SBH_LV_VE1-410-1a.X83
880;Geruchsverschluss mit Leckwassertrichter, aus Kunststoff, weiß, Verstellrohr mit Leck-Wassertrichter, Ablauf senkrecht;5,0;St;gaeb;leistungsbeschreibungen/20260717_SBH_LV_VE1-410-1a.X83
10;Kompaktes Lademodul zum Aufbau eines Speicherladesystemes, Betriebsweise nach Trinkwasser-;1,0;St;gaeb;leistungsbeschreibungen/20260717_SBH_LV_VE1-410-1a.X83
20;Behälter komplett aus korrosionsbeständigem Edelstahl in stehender Ausführung auf Fußring, mit innerer Wasserführung. Passend zum vorgenannten Speicherlademodul. Mit allen erforderlichen Anschlüssen für Kaltwasser, Warmwasser,;2,0;St;gaeb;leistungsbeschreibungen/20260717_SBH_LV_VE1-410-1a.X83
30;Abnehmbare Wärmedämmung, FCKW-frei, aus EPS mit aufkaschiertem Polyestervlies, mit Polystyrolabdeckung, Wärmedämmung mit Hakenleiste, mit Handlochabdeckung und Rosetten für alle Anschlussdurchführungen, Bodendämmeinlage aus 50mm Polyestervlies, passend zum vorgenannten Speicher.;2,0;St;gaeb;leistungsbeschreibungen/20260717_SBH_LV_VE1-410-1a.X83
40;Durchströmtes Membran-Druckausdehnungsgefäß für Trinkwassererwärmungs-, Wasserversorgungs- und Druckerhöhungsanlagen. Gebaut und geprüft nach DIN EN 13831 bzw. DIN-DVGW, Zulassung gemäß Richtlinie für Druckgeräte 2014/68/EU.;1,0;St;gaeb;leistungsbeschreibungen/20260717_SBH_LV_VE1-410-1a.X83
50;Sicherheitsgruppe DIN 1988-4 mit Wartungsabsperrung, für;1,0;St;gaeb;leistungsbeschreibungen/20260717_SBH_LV_VE1-410-1a.X83
60;betriebsfertige Elektroinstallation der zuvor aufgeführten Aktoren, Sensoren und Komponenten der Warmwasserbereitungsanlage - soweit herstellerseitig noch nicht erfolgt  -  innerhalb des Aufstellraumes, Grundfläche ca. 97 m², lichte Höhe ca. 2,95 m, einschließlich aller notwendigen Kabel und Verlege;1,0;St;gaeb;leistungsbeschreibungen/20260717_SBH_LV_VE1-410-1a.X83
70;Inbetriebnahme des Speicherladesystems durch den Werkkundendienst des Herstellers in Folgendem Umfang:;1,0;St;gaeb;leistungsbeschreibungen/20260717_SBH_LV_VE1-410-1a.X83
80;Die Warmwasserbereitungsanlage wird auf die übergeordnete Gebäudeautomationsanlage aufgeschaltet. Hierzu ist die Datenpunktliste der WWB-Regelung zu übergeben.;1,0;St;gaeb;leistungsbeschreibungen/20260717_SBH_LV_VE1-410-1a.X83
10;Rohrleitung aus nichtrostenden Stahlrohren, DN 25, 28 mm x 1,2 mm, Montagehöhe bis 3,5 m über Oberkante Gelände / Fußboden, Werkstoff-Nr. 1.4401 oder 1.4521, DVGW GW 541, geschweißt, für Löschwasser, Verlegung im Gebäude sowie in vorhandenen offenen Kanälen, einschl. Dichtungsmittel und Herstellen d;4,0;m;gaeb;leistungsbeschreibungen/20260717_SBH_LV_VE1-410-1a.X83
20;jedochl 35 x 1,5 mm (DN 80);5,0;m;gaeb;leistungsbeschreibungen/20260717_SBH_LV_VE1-410-1a.X83
30;jedoch 54 x 1,5 mm (DN 50);25,0;m;gaeb;leistungsbeschreibungen/20260717_SBH_LV_VE1-410-1a.X83
40;jedochl 76,1 x 2,0 mm (DN 65);10,0;m;gaeb;leistungsbeschreibungen/20260717_SBH_LV_VE1-410-1a.X83
50;jedochl 88,9 x 2,0 mm (DN 80);130,0;m;gaeb;leistungsbeschreibungen/20260717_SBH_LV_VE1-410-1a.X83
60;jedoch Montagehöhe über 3,5 m bis 6,0 m, 54,0 x 1,5 mm (DN 50);2,0;m;gaeb;leistungsbeschreibungen/20260717_SBH_LV_VE1-410-1a.X83
70;jedoch Montagehöhe über 3,5 m bis 6,0 m, 76,1 x 2,0 mm (DN 65);2,0;m;gaeb;leistungsbeschreibungen/20260717_SBH_LV_VE1-410-1a.X83
80;jedoch Montagehöhe über 3,5 m bis 6,0 m, 88,9 x 2,0 mm (DN 80);20,0;m;gaeb;leistungsbeschreibungen/20260717_SBH_LV_VE1-410-1a.X83
90;"Bogen DN 25, AD 28 mm, alle Winkelgrade, Edelstahl-Pressfittingsystem für Löschwasseranlagen trocken, aus nichtrostendem CrNiMo-Stahl, Werkstoff Nr.: 1.4401 oder 1.4521, mit dem Nachweis ""undicht im unverpressten Zustand"", mit Pressindikator zur Erkennung nicht verpresster Verbindung vor der Druckpr";5,0;St;gaeb;leistungsbeschreibungen/20260717_SBH_LV_VE1-410-1a.X83
100;jedoch DN 32 (35,0 mm);10,0;St;gaeb;leistungsbeschreibungen/20260717_SBH_LV_VE1-410-1a.X83
110;jedoch DN 50 (54,0 mm);30,0;St;gaeb;leistungsbeschreibungen/20260717_SBH_LV_VE1-410-1a.X83
120;jedoch DN 65 (76,1 mm);20,0;St;gaeb;leistungsbeschreibungen/20260717_SBH_LV_VE1-410-1a.X83
130;jedoch DN 80 (88,9 mm);50,0;St;gaeb;leistungsbeschreibungen/20260717_SBH_LV_VE1-410-1a.X83
140;"T-Stück DN 50 (54,0 mm), Abgang reduziert oder gleich,  Edelstahl-Pressfittingsystem für Löschwasseranlagen trocken, aus nichtrostendem CrNiMo-Stahl, Werkstoff Nr.: 1.4401 oder 1.4521, mit dem Nachweis ""undicht im unverpressten Zustand"",  mit Pressindikator zur Erkennung nicht verpresster Verbindung";4,0;St;gaeb;leistungsbeschreibungen/20260717_SBH_LV_VE1-410-1a.X83
150;jedoch DN 80 (88,9 mm);8,0;St;gaeb;leistungsbeschreibungen/20260717_SBH_LV_VE1-410-1a.X83
160;Reduzierstück DN 32 (35,0 mm, größter Durchmesser),;4,0;St;gaeb;leistungsbeschreibungen/20260717_SBH_LV_VE1-410-1a.X83
170;jedoch DN 50 (54,0 mm);8,0;St;gaeb;leistungsbeschreibungen/20260717_SBH_LV_VE1-410-1a.X83
180;jedoch DN 65 (76,1 mm);5,0;St;gaeb;leistungsbeschreibungen/20260717_SBH_LV_VE1-410-1a.X83
190;jedoch DN 80 (88,9 mm);10,0;St;gaeb;leistungsbeschreibungen/20260717_SBH_LV_VE1-410-1a.X83
200;"Muffe DN 25 (28,0 mm), Edelstahl-Pressfittingsystem für Löschwasseranlagen trocken, aus nichtrostendem CrNiMo-Stahl, Werkstoff Nr.: 1.4401 oder 1.4521, mit dem Nachweis ""undicht im unverpressten Zustand"", mit Pressindikator zur Erkennung nicht verpresster Verbindung vor der Druckprobe, hygieneunters";2,0;St;gaeb;leistungsbeschreibungen/20260717_SBH_LV_VE1-410-1a.X83
210;jedoch DN 32 (35,0 mm);2,0;St;gaeb;leistungsbeschreibungen/20260717_SBH_LV_VE1-410-1a.X83
220;jedoch DN 50 (54,0 mm);4,0;St;gaeb;leistungsbeschreibungen/20260717_SBH_LV_VE1-410-1a.X83
230;jedoch DN 65 (76,1 mm);8,0;St;gaeb;leistungsbeschreibungen/20260717_SBH_LV_VE1-410-1a.X83
240;jedoch DN 80 (88,9 mm);35,0;St;gaeb;leistungsbeschreibungen/20260717_SBH_LV_VE1-410-1a.X83
250;"Anschlussverschraubung, mit Überwurfmutter aus Messing, DN 25 x 1"" IG, für Löschwasseranlagen trocken, aus nichtrostendem CrNiMo-Stahl, Werkstoff Nr.: 1.4401 oder 1.4521, mit dem Nachweis ""undicht im unverpressten Zustand"", mit Pressindikator zur Erkennung nicht verpresster Verbindung vor der Druckp";5,0;St;gaeb;leistungsbeschreibungen/20260717_SBH_LV_VE1-410-1a.X83
260;"jedoch DN 32 x 1 1/4""";4,0;St;gaeb;leistungsbeschreibungen/20260717_SBH_LV_VE1-410-1a.X83
270;"Übergangsstück, als Formteil für vorgenannte Rohrleitungen aus nichtrostendem Stahl, Aussendurchmesser 76,1 mm als Übergang auf Aussengewinde 2 1/2"", Montagehöhe bis 6,0 m über Gelände / Fussboden.";10,0;St;gaeb;leistungsbeschreibungen/20260717_SBH_LV_VE1-410-1a.X83
280;"jedoch DN 65 (76,1 mm) auf 2 1/2""";2,0;St;gaeb;leistungsbeschreibungen/20260717_SBH_LV_VE1-410-1a.X83
290;"jedoch DN 80 (88,9 mm) auf 3""";6,0;St;gaeb;leistungsbeschreibungen/20260717_SBH_LV_VE1-410-1a.X83
300;Rohraufhängung, aus verzinktem Stahl, mit körperschalldämmenden Einlagen und Schnellverschluss, Anforderungen entsprechend DIN 4109, Temperaturberei;5,0;St;gaeb;leistungsbeschreibungen/20260717_SBH_LV_VE1-410-1a.X83
310;jedoch DN 32;5,0;St;gaeb;leistungsbeschreibungen/20260717_SBH_LV_VE1-410-1a.X83
320;jedoch DN 50,;20,0;St;gaeb;leistungsbeschreibungen/20260717_SBH_LV_VE1-410-1a.X83
330;jedoch DN 65,;10,0;St;gaeb;leistungsbeschreibungen/20260717_SBH_LV_VE1-410-1a.X83
340;jedoch DN 80,;100,0;St;gaeb;leistungsbeschreibungen/20260717_SBH_LV_VE1-410-1a.X83
350;Brandschutzbekleidung der Rohre von Feuerlöschleitungen aus Edelstahl DN 50 nach DIN 14462, mit feuerbeständiger Steinwolle, Dämmschichtdicke 100 mm;30,0;m;gaeb;leistungsbeschreibungen/20260717_SBH_LV_VE1-410-1a.X83
360;Brandschutzbekleidung der Rohre von Feuerlöschleitungen aus Edelstahl DN 65 nach DIN 14462, mit feuerbeständiger Steinwolle, Dämmschichtdicke 60 mm;15,0;m;gaeb;leistungsbeschreibungen/20260717_SBH_LV_VE1-410-1a.X83
370;Brandschutzbekleidung der Rohre von Feuerlöschleitungen aus Edelstahl DN 80 nach DIN 14462, mit feuerbeständiger Steinwolle, Dämmschichtdicke 60 mm;160,0;m;gaeb;leistungsbeschreibungen/20260717_SBH_LV_VE1-410-1a.X83
380;Brandschutzbekleidung der Bögen von Feuerlöschleitungen aus Edelstahl DN 50 nach DIN 14462, mit feuerbeständiger Steinwolle, Dämmschichtdicke 100 mm;30,0;St;gaeb;leistungsbeschreibungen/20260717_SBH_LV_VE1-410-1a.X83
390;Brandschutzbekleidung der Bögen von Feuerlöschleitungen aus Edelstahl DN 65 nach DIN 14462, mit feuerbeständiger Steinwolle, Dämmschichtdicke 60 mm;20,0;St;gaeb;leistungsbeschreibungen/20260717_SBH_LV_VE1-410-1a.X83
400;Brandschutzbekleidung der Bögen von Feuerlöschleitungen aus Edelstahl DN 80 nach DIN 14462, mit feuerbeständiger Steinwolle, Dämmschichtdicke 60 mm;50,0;St;gaeb;leistungsbeschreibungen/20260717_SBH_LV_VE1-410-1a.X83
410;Brandschutzbekleidung der T-Stücke reduziert von Feuerlöschleitungen aus Edelstahl DN 50 nach DIN 14462, mit feuerbeständiger Steinwolle, Dämmschichtdicke 100 mm;4,0;St;gaeb;leistungsbeschreibungen/20260717_SBH_LV_VE1-410-1a.X83
420;Brandschutzbekleidung der T-Stücke reduziert von Feuerlöschleitungen aus Edelstahl DN 80 nach DIN 14462, mit feuerbeständiger Steinwolle, Dämmschichtdicke 60 mm;8,0;St;gaeb;leistungsbeschreibungen/20260717_SBH_LV_VE1-410-1a.X83
430;Brandschutzbekleidung der Gewindestäbe mit einem Mindestdurchmesser von M8 für Feuerlöschleitungen aus Edelstahl DN 50, mit feuerbeständiger Steinwolle nach DIN 14462, Dämmschichtdicke 80 mm;20,0;St;gaeb;leistungsbeschreibungen/20260717_SBH_LV_VE1-410-1a.X83
440;Brandschutzbekleidung der Gewindestäbe mit einem Mindestdurchmesser von M10 für Feuerlöschleitungen aus Edelstahl DN 65, mit feuerbeständiger Steinwolle nach DIN 14462, Dämmschichtdicke 70 mm;10,0;St;gaeb;leistungsbeschreibungen/20260717_SBH_LV_VE1-410-1a.X83
450;Brandschutzbekleidung der Gewindestäbe mit einem Mindestdurchmesser von M10 für Feuerlöschleitungen aus Edelstahl DN 80, mit feuerbeständiger Steinwolle nach DIN 14462, Dämmschichtdicke 70 mm;80,0;St;gaeb;leistungsbeschreibungen/20260717_SBH_LV_VE1-410-1a.X83
460;R90-Rohrabschottung um nichtbrennbare Rohrleitungen, zur Montage in Massivwänden und leichten Trennwänden sowie in massiven Decken mit entsprechender Feuerwiderstandsklasse, mit allgemeinem bauaufsichtlichen Prüfzeugnis nach DIN 4102-11, Rohrabschottung verhindert für 90 Minuten einen Übertrag von F;6,0;St;gaeb;leistungsbeschreibungen/20260717_SBH_LV_VE1-410-1a.X83
470;R90-Rohrabschottung um nichtbrennbare Rohrleitungen, zur Montage in Massivwänden und leichten Trennwänden sowie in massiven Decken mit entsprechender Feuerwiderstandsklasse, mit allgemeinem bauaufsichtlichen Prüfzeugnis nach DIN 4102-11, Rohrabschottung verhindert für 90 Minuten einen Übertrag von F;2,0;St;gaeb;leistungsbeschreibungen/20260717_SBH_LV_VE1-410-1a.X83
480;R90-Rohrabschottung um nichtbrennbare Rohrleitungen, zur Montage in Massivwänden und leichten Trennwänden sowie in massiven Decken mit entsprechender Feuerwiderstandsklasse, mit allgemeinem bauaufsichtlichen Prüfzeugnis nach DIN 4102-11, Rohrabschottung verhindert für 90 Minuten einen Übertrag von F;9,0;St;gaeb;leistungsbeschreibungen/20260717_SBH_LV_VE1-410-1a.X83
490;R90-Rohrabschottung um nichtbrennbare Rohrleitungen, zur Montage in Massivwänden und leichten Trennwänden sowie in massiven Decken mit entsprechender Feuerwiderstandsklasse, mit allgemeinem bauaufsichtlichen Prüfzeugnis nach DIN 4102-11, Rohrabschottung verhindert für 90 Minuten einen Übertrag von F;2,0;St;gaeb;leistungsbeschreibungen/20260717_SBH_LV_VE1-410-1a.X83
500;U;10,0;m;gaeb;leistungsbeschreibungen/20260717_SBH_LV_VE1-410-1a.X83
510;U;10,0;m;gaeb;leistungsbeschreibungen/20260717_SBH_LV_VE1-410-1a.X83
520;U;90,0;m;gaeb;leistungsbeschreibungen/20260717_SBH_LV_VE1-410-1a.X83
530;Ummantelung aus verzinktem Stahlblech nach;10,0;St;gaeb;leistungsbeschreibungen/20260717_SBH_LV_VE1-410-1a.X83
540;Ummantelung aus verzinktem Stahlblech nach;10,0;St;gaeb;leistungsbeschreibungen/20260717_SBH_LV_VE1-410-1a.X83
550;Ummantelung aus verzinktem Stahlblech nach;40,0;St;gaeb;leistungsbeschreibungen/20260717_SBH_LV_VE1-410-1a.X83
560;Ummantelung aus verzinktem Stahlblech nach;4,0;St;gaeb;leistungsbeschreibungen/20260717_SBH_LV_VE1-410-1a.X83
570;Ummantelung aus verzinktem Stahlblech nach;8,0;St;gaeb;leistungsbeschreibungen/20260717_SBH_LV_VE1-410-1a.X83
580;Ummantelung aus verzinktem Stahlblech nach;20,0;St;gaeb;leistungsbeschreibungen/20260717_SBH_LV_VE1-410-1a.X83
590;Ummantelung aus verzinktem Stahlblech nach;90,0;St;gaeb;leistungsbeschreibungen/20260717_SBH_LV_VE1-410-1a.X83
600;Zertifiziertes, kaltverarbeitbares und lösemittelfreies Kunststoffband-System zur zweilagigen Ganzrohrumhüllung vorgenannter Edelstahl-Löschwasserleitung DN 80 sowie zugehöriger Fittinge bei Verlegung im Erdreich, nach DIN 30672 und DIN EN 12068, Belastungsklasse C-50 oder gem. ISO 21809-3, Typ 12A-;50,0;m²;gaeb;leistungsbeschreibungen/20260717_SBH_LV_VE1-410-1a.X83
610;"Löschwasser-Einspeisearmatur nach DIN 14461-4, hängend, für Anschluss an Löschwasserleitung trocken, DN 80, PN 16 mit drehbarem Innengewinde G 3 A, inkl. Einlaufbogen, inkl. Rückschlagventilen, inkl. Entwässerungshahn, Eingänge gerade G 2 1/2"", Installation im Gebäude, einschl. Befestigungsmittel, B";1,0;St;gaeb;leistungsbeschreibungen/20260717_SBH_LV_VE1-410-1a.X83
620;jedoch stehende Ausführung, ohne Entwässerungshahn;1,0;St;gaeb;leistungsbeschreibungen/20260717_SBH_LV_VE1-410-1a.X83
630;Gemeinsame Frontplatte für zwei Einspeisungen mit Beschriftung, als Aluminiumverbund- oder Edelstahlplatte, inkl. Aussparungen für vier Rohrdurchführungen DN65 Edelstahl,;1,0;St;gaeb;leistungsbeschreibungen/20260717_SBH_LV_VE1-410-1a.X83
640;"Kupplung Storz 75-B mit Innengewinde 2 1/2"", PN 16, Messing, Dichtung Gewinde FKM, Dichtung Storz NBR, Temperaturbereich -15 °C bis +110 °C";4,0;St;gaeb;leistungsbeschreibungen/20260717_SBH_LV_VE1-410-1a.X83
650;Blindkupplung Storz 75-B, Messing, Dichtung NBR, Temperaturbereich -15 °C bis +110 °C, gebohrt für Entleerung von Restwasser, mit Kette, inkl. Anschlussring für Befestigung Kettenanschluss an Storzkupplung;4,0;St;gaeb;leistungsbeschreibungen/20260717_SBH_LV_VE1-410-1a.X83
660;Wandschrank nach DIN 14461-2 für Entnahmearmatur nach DIN 14461-5. Schrank aus verzinktem Stahlblech, gekantet und verschweißt, mit Tür aus verzinktem Stahlblech, mit Verschluss nach DIN 14925 für Hydrantenschlüssel, mit Stangenscharnier angeschlagen, 180° öffnend, einschl. Befestigungsmittel.;2,0;St;gaeb;leistungsbeschreibungen/20260717_SBH_LV_VE1-410-1a.X83
670;jedoch als Einbauschrank in Mauerwerkswände, mit Putzleisten aus stabilem Winkeleisen, Schrankmaße ca. 320 x 420 x 150 mm (B x T x H);4,0;St;gaeb;leistungsbeschreibungen/20260717_SBH_LV_VE1-410-1a.X83
680;"jedoch als Wandschrank für Be- und Entlüftungsventil, Wasseranschlussbohrung unten, Anschlussbohrung Entlüftung oben für Durchführung Edelstahlleitung DN 32, Tür mit Selbstklebefolie-Schild ""Be-/ und Entlüftung für Löschwasserleitung trocken"", Schrankmaße ca. 400 x 500 x 220 mm (B x T x H)";1,0;St;gaeb;leistungsbeschreibungen/20260717_SBH_LV_VE1-410-1a.X83
690;"jedoch als Einbauschrank für Be- und Entlüftungsventil in Mauerwerkswände, mit Putzleisten aus stabilem Winkeleisen, Wasseranschlussbohrung unten, Anschlussbohrung Entlüftung hinten für Durchführung Edelstahlleitung DN 32, Tür mit Selbstklebefolie-Schild ""Be-/ und Entlüftung für Löschwasserleitung t";2,0;St;gaeb;leistungsbeschreibungen/20260717_SBH_LV_VE1-410-1a.X83
700;"Be- und Entlüftungsventil DN 50 aus Kupferlegierung oder Rotguss, Eingang 2"" AG, Abgang 1 1/4"" IG, PN 16, zur Be- und Entlüftung von Löschwassersteigeleitungen entsprechend DIN 14462 mit Kugel aus Kunststoff oder Edelstahl, Entlüftungsleistung 3000 l/min, schließt bei gefluteter Rohrleitung";3,0;St;gaeb;leistungsbeschreibungen/20260717_SBH_LV_VE1-410-1a.X83
710;"Entleerung 1"" als Kugelhahn mit Hebelgriff, aus Messing, mit Blindstopfen";3,0;St;gaeb;leistungsbeschreibungen/20260717_SBH_LV_VE1-410-1a.X83
10;Tragbarer Feuerlöscher DIN EN 3, als Aufladelöscher, mit innenliegender Treibgasflasche, Löschmittel Wasser mit Schaumbildner, Leistungsklasse A und B, 9 LE, Füllmenge 6 l, mit Wandhalter und Befestigungsmaterial für Massivwände aus Beton oder Mauerwerk oder Leichtbauwände.;39,0;St;gaeb;leistungsbeschreibungen/20260717_SBH_LV_VE1-410-1a.X83
20;jedoch ohne Wandhalter, sondern zur Aufstellung in Feuerlöscher-Einbau-Schrank;1,0;St;gaeb;leistungsbeschreibungen/20260717_SBH_LV_VE1-410-1a.X83
30;jedoch in frostsicherer Ausführung;1,0;St;gaeb;leistungsbeschreibungen/20260717_SBH_LV_VE1-410-1a.X83
40;Tragbarer Feuerlöscher DIN EN 3, als Gaslöscher, Löschmittel CO2, Leistungsklasse B, 2 LE, Füllmenge 2 kg, mit Wandhalter und Befestigungsmaterial für Massivwände aus Beton oder Mauerwerk oder Leichtbauwände.;6,0;St;gaeb;leistungsbeschreibungen/20260717_SBH_LV_VE1-410-1a.X83
50;Winkelschild, beidseitiges Brandschutzzeichen F001 gemäß ISO 7010 / ASR 1.3, langnachleuchtend nach DIN 67510, aus Kunststoff, ca. 200 x 200 mm, mit Wandkonsole zur senkrecht abstehenden Montage, einschließlich Befestigungsmaterial;47,0;St;gaeb;leistungsbeschreibungen/20260717_SBH_LV_VE1-410-1a.X83
60;Feuerlöscher-Einbau-Schrank zur Aufnahme von einem vorgenannten Handfeuerlöscher 6l, Schrank aus Edelstahl, mit Tür aus Edelstahl, mind. 90° öffnend, zum Einbau in Mauerwerkswände, mit Putzleisten aus stabilem Winkeleisen, einschl. Befestigungsmittel.;1,0;St;gaeb;leistungsbeschreibungen/20260717_SBH_LV_VE1-410-1a.X83
10;Kernbohrung, Untergrundfläche senkrecht oder waagerecht, aus Stahlbeton, Bohrdurchmesser bis 100 mm, Bohrtiefe über 20 bis 35 cm, in Diamant-Kernbohrtechnik, nass, Ausführung in allen Geschossen, Montagehöhe bis 3,5 m, einschließlich Lösen des Bohrkerns aus dem Gefüge, Entsorgung des Bohrkerns und d;30,0;St;gaeb;leistungsbeschreibungen/20260717_SBH_LV_VE1-410-1a.X83
20;jedoch;5,0;St;gaeb;leistungsbeschreibungen/20260717_SBH_LV_VE1-410-1a.X83
30;jedoch;10,0;St;gaeb;leistungsbeschreibungen/20260717_SBH_LV_VE1-410-1a.X83
40;jedoch;5,0;St;gaeb;leistungsbeschreibungen/20260717_SBH_LV_VE1-410-1a.X83
50;jedoch;5,0;St;gaeb;leistungsbeschreibungen/20260717_SBH_LV_VE1-410-1a.X83
60;jedoch;5,0;St;gaeb;leistungsbeschreibungen/20260717_SBH_LV_VE1-410-1a.X83
70;jedoch;5,0;St;gaeb;leistungsbeschreibungen/20260717_SBH_LV_VE1-410-1a.X83
80;jedoch;5,0;St;gaeb;leistungsbeschreibungen/20260717_SBH_LV_VE1-410-1a.X83
90;jedoch;2,0;St;gaeb;leistungsbeschreibungen/20260717_SBH_LV_VE1-410-1a.X83
100;jedoch;2,0;St;gaeb;leistungsbeschreibungen/20260717_SBH_LV_VE1-410-1a.X83
110;Kernbohrung, Untergrundfläche senkrecht oder waagerecht, aus Mauerwerk KS bzw. MZ NF, Bohrdurchmesser bis 100 mm, Bohrtiefe über 20 bis 35 cm, in Diamant-Kernbohrtechnik, nass, Ausführung in allen Geschossen, Montagehöhe bis 3,5 m, einschließlich Lösen des Bohrkerns aus dem Gefüge, Entsorgung des Bo;20,0;St;gaeb;leistungsbeschreibungen/20260717_SBH_LV_VE1-410-1a.X83
120;jedoch;10,0;St;gaeb;leistungsbeschreibungen/20260717_SBH_LV_VE1-410-1a.X83
130;jedoch;5,0;St;gaeb;leistungsbeschreibungen/20260717_SBH_LV_VE1-410-1a.X83
140;jedoch;5,0;St;gaeb;leistungsbeschreibungen/20260717_SBH_LV_VE1-410-1a.X83
150;jedoch;5,0;St;gaeb;leistungsbeschreibungen/20260717_SBH_LV_VE1-410-1a.X83
160;jedoch;5,0;St;gaeb;leistungsbeschreibungen/20260717_SBH_LV_VE1-410-1a.X83
170;jedoch;5,0;St;gaeb;leistungsbeschreibungen/20260717_SBH_LV_VE1-410-1a.X83
180;jedoch;5,0;St;gaeb;leistungsbeschreibungen/20260717_SBH_LV_VE1-410-1a.X83
190;jedoch;2,0;St;gaeb;leistungsbeschreibungen/20260717_SBH_LV_VE1-410-1a.X83
200;jedoch;2,0;St;gaeb;leistungsbeschreibungen/20260717_SBH_LV_VE1-410-1a.X83
210;Beantragung einer Kernbohrung oder eines Durchbruchs in massive Decken oder Wände vor der Ausführung, Antrag schriftlich in Form eines Formulars einschließlich eines Planausschnittes mit Angabe von Lage, Dimension und Abstandsmaßen bezogen auf Wände und Decken, Übergabe an die Objektüberwachung, Aus;50,0;St;gaeb;leistungsbeschreibungen/20260717_SBH_LV_VE1-410-1a.X83
220;Anzeichnen von Durchbrüchen bzw. Kernbohrungen, die bauseits erstellt werden, in Wände und Decken aus Mauerwerk oder Stahlbeton;50,0;St;gaeb;leistungsbeschreibungen/20260717_SBH_LV_VE1-410-1a.X83
230;Wand- oder Deckendurchbruch oder Kernbohrungen in Mauerwerk und Beton nach Fertigstellung der Installation und Schottung schließen,;400,0;St;gaeb;leistungsbeschreibungen/20260717_SBH_LV_VE1-410-1a.X83
240;jedoch;200,0;St;gaeb;leistungsbeschreibungen/20260717_SBH_LV_VE1-410-1a.X83
250;jedoch;50,0;St;gaeb;leistungsbeschreibungen/20260717_SBH_LV_VE1-410-1a.X83
260;jedoch;10,0;St;gaeb;leistungsbeschreibungen/20260717_SBH_LV_VE1-410-1a.X83
270;wasserfeste Schichtholzplatte als Unterstützungskonstruktion zur Befestigung von Unterputzkörper oder Rohrleitungsbefestigungen an Leichtbau-Ständerwänden oder Vorwandinstallationen, Einbau in die Unterkonstruktion der Leichtbauwände, einschließlich Befestigungsmaterial, Plattenlänge bis 600 mm, Pla;20,0;St;gaeb;leistungsbeschreibungen/20260717_SBH_LV_VE1-410-1a.X83
280;Nachträgliches Abkleben von in diesem Leistungsverzeichnis enthaltenen Komponenten der Sanitärinstallation, wie sanitäre Einrichtungsgegenstände, Accessoires, Armaturen als Schutz vor Staub und Schmutzeinwirkungen, mit reißfester Folie, Klebeband, o.ä., einschl. Entfernen und Entsorgen des Klebeband;50,0;St;gaeb;leistungsbeschreibungen/20260717_SBH_LV_VE1-410-1a.X83
290;Fahrbare Gerüste Auf- und Abbauen, für die Montage der in;4,0;St;gaeb;leistungsbeschreibungen/20260717_SBH_LV_VE1-410-1a.X83
300;Fahrbare Gerüste vorhalten, für die Montage der in diesem Leistungsverzeichnis aufgeführten technischen Anlagen, Aufstellung im Gebäude, Arbeitshöhe über Fußboden über 3,50 bis 6,0 m, Arbeitsfläche nach Wahl des AN in Abhängigkeit der Abmessungen der zu montierenden Komponenten, einschl. Vorhaltung ;12,0;StWo;gaeb;leistungsbeschreibungen/20260717_SBH_LV_VE1-410-1a.X83
310;Mobile Hubarbeitsbühne, als Teleskop-Gelenksteiger oder Scheren-Arbeitsbühne, batteriebetrieben, mit markierungsfreier Bereifung, für die Montage der in diesem Leistungsverzeichnis aufgeführten technischen Anlagen, Aufstellung im Gebäude, Arbeitshöhe über Fußboden über 3,50 bis 8,0 m, Tragkraft;1,0;d;gaeb;leistungsbeschreibungen/20260717_SBH_LV_VE1-410-1a.X83
10;Profilstahlkonstruktion für Stütz-, Hänge- und Tragkonstruktionen, Festpunkte sowie Sonderbefestigungen, die durch bauliche Erfordernisse benötigt werden und durch nicht handelsübliche Befestigungen und Halterungen erbracht werden müssen, maßgerecht einbauen, als Installationsschienensystem, feuerve;600,0;kg;gaeb;leistungsbeschreibungen/20260717_SBH_LV_VE1-410-1a.X83
20;jedoch Montagehöhe über 3,5 m bis 6 m;200,0;kg;gaeb;leistungsbeschreibungen/20260717_SBH_LV_VE1-410-1a.X83
10;Erstellen einer Schilderliste für sämtliche zu beschildernde Anlagen, Komponenten usw., dreizeiliger Text mit bis zu 20 Zeichen als alphanummerischen Code, zur Vorlage bei der Objekt- / Bauüberwachung und zur Abstimmung und Freigabe durch den AG, Anzahl der Schilder ca. 100 Stück.;1,0;St;gaeb;leistungsbeschreibungen/20260717_SBH_LV_VE1-410-1a.X83
20;Bezeichnungsschild aus farblich unterschiedlichem mehrschichtigem Kunststoff auf Trägermaterial Aluminium, Beschriftung ein-, zwei- oder dreizeilig gefräst, Schildergröße Höhe 50 mm, Breite 100 mm, Lettergröße ca. 5 mm, Farben nach Wahl des AG, einschließlich systemgebundener Befestigung mit Spannba;70,0;St;gaeb;leistungsbeschreibungen/20260717_SBH_LV_VE1-410-1a.X83
30;Kennzeichnungen von Leitungen und Kanälen nach dem Durchflussstoff und der Fließrichtung mittels Pfeilen nach DIN 2403, PVC-Streifen, farbig, selbstklebend, als Rollenware, Montage auf der Dämmung bzw. auf unisolierten Leitungen,;150,0;St;gaeb;leistungsbeschreibungen/20260717_SBH_LV_VE1-410-1a.X83
40;Anlagen-Übersichtsplan auf Basis eines Anlagenschemas der Ausführungsplanung, farbig angelegt, auf stabiler und feuchtigkeitsunempfindlicher Platte aufgezogen, wasserdicht laminiert und gerahmt, Aufhängen in der Technikzentrale, einschließlich Wandbefestigung, Größe bis DIN A 0;5,0;St;gaeb;leistungsbeschreibungen/20260717_SBH_LV_VE1-410-1a.X83
10;"abschnitts- bzw. strangweise Dichtheitsprüfung von Trink- und Brauchwasserleitungen, in Abhängigkeit des Baufortschritts, mit Druckluft, gemäß UVV ""Arbeiten an Gasanlagen"" sowie Regelwerk ""Technische Regeln für Gasinstallationen DVGW-TRGI"", einschließlich der hierfür erforderlichen Betriebsstoffe, W";1800,0;m;gaeb;leistungsbeschreibungen/20260717_SBH_LV_VE1-410-1a.X83
20;"Spülen der Trinkwasserleitungen im Gebäude gemäß DIN EN 806-4 nach Inbetriebnahme der Anlage vor Nutzungsaufnahme, Spülen mit Wasser, für Kalt- und Warmwasser jeweils getrennt;";10,0;St;gaeb;leistungsbeschreibungen/20260717_SBH_LV_VE1-410-1a.X83
30;Funktionsprüfung der im vorliegenden Leistungsverzeichnis enthaltenen Wasser- und Abwasseranlagen in folgendem Umfang:;1,0;St;gaeb;leistungsbeschreibungen/20260717_SBH_LV_VE1-410-1a.X83
40;Probebetrieb der im vorliegenden Leistungsverzeichnis enthaltenen Wasser- und Abwasseranlagen nach erfolgreicher Funktionsprüfung und terminlicher Vereinbarung durch die Objekt-/Bauüberwachung, Durchführung gemeinsam mit den beteiligten technischen Gewerken, Laufzeit des Probebetriebes von einem Mon;1,0;St;gaeb;leistungsbeschreibungen/20260717_SBH_LV_VE1-410-1a.X83
50;Untersuchung des Trinkkaltwassers nach der gültigen Trinkwasserverordnung einschließlich der abschließenden hygienisch-gesundheitlichen Bewertung durch ein akkreditiertes Labor. Das Protokoll der amtlichen Untersuchung ist zu übergeben. Die Untersuchung ist nach Abschluss der;20,0;St;gaeb;leistungsbeschreibungen/20260717_SBH_LV_VE1-410-1a.X83
60;jedoch Hygiene-Untersuchung des Trinkwarmwassers, der Nachweis der Legionellenfreiheit ist zu erbringen.;20,0;St;gaeb;leistungsbeschreibungen/20260717_SBH_LV_VE1-410-1a.X83
70;"Inbetriebnahme sowie Prüfung der Feuerlöschanlage ""trocken"", ohne Druckerhöhungsanlage, durch einen Sachkundigen nach DIN 14462:2023-07 Punkt 6, inkl. Durchflussmessung und Prüfung auf Festigkeit und Dichtigkeit mit Wasser. Entleerung der Anlage nach abgeschlossenem Prüfumfang über Schlauchanschluss";2,0;St;gaeb;leistungsbeschreibungen/20260717_SBH_LV_VE1-410-1a.X83
80;Wiederholte Einweisung des Bedienungs- und Wartungspersonals in alle in diesem Leistungsverzeichnis aufgeführten Anlagen, zusätzlich zur einmaligen Einweisung als Nebenleistung nach Punkt 3.5.2 DIN 18381 VOB/C.;2,0;St;gaeb;leistungsbeschreibungen/20260717_SBH_LV_VE1-410-1a.X83
10;Auf Grundlage der Ausführungsplanung und Berechnungen des Auftraggebers sind sofort nach der Übergabe die für die Ausführung erforderlichen Unterlagen für den gesamten im vorliegenden Leistungsverzeichnis beschriebenen Leistungsumfang als Montage- und Werkstattplanung zu erstellen und dem AG zu über;1,0;St;gaeb;leistungsbeschreibungen/20260717_SBH_LV_VE1-410-1a.X83
20;Die Brandschutzdokumentation ist im Vorfeld der behördlichen Abnahmen als separate Unterlage zu erstellen und dem Bauherren zu übergeben.;1,0;St;gaeb;leistungsbeschreibungen/20260717_SBH_LV_VE1-410-1a.X83
30;Auf Grundlage der erstellten und freigegebenen Werkstatt- und Montageplanung, der letztgültigen Ausführungsplanung, der aktuellsten Architekten-Werkpläne und der ausgeführten Leistung sind für den gesamten im vorliegenden Leistungsverzeichnis beschriebenen Leistungsumfang Unterlagen mitzuliefern und;1,0;St;gaeb;leistungsbeschreibungen/20260717_SBH_LV_VE1-410-1a.X83
40;"Erstellen einer Dokumentationsakte gemäß ""Dokumentationsrichtlinie Schadstoffarmut"" digital als Grundlage zur Koordination der entsprechenden Anforderungen an die Schadstoffarmut. Vorlegen und während der Leistungserbringung fortschreiben.";1,0;psch;gaeb;leistungsbeschreibungen/20260717_SBH_LV_VE1-410-1a.X83
10;Stundenverrechnungssatz für Obermonteur;20,0;h;gaeb;leistungsbeschreibungen/20260717_SBH_LV_VE1-410-1a.X83
20;Stundenverrechnungssatz für Monteur;20,0;h;gaeb;leistungsbeschreibungen/20260717_SBH_LV_VE1-410-1a.X83
30;Stundenverrechnungssatz für Helfer;20,0;h;gaeb;leistungsbeschreibungen/20260717_SBH_LV_VE1-410-1a.X83
10;Wartung / Inspektion für die wartungspflichtigen Komponenten der in diesem Leistungsverzeichnis enthaltenen Sanitär- und Feuerlöschanlagen einschließlich direktem Zubehör, gemäß anliegendem Muster, einschließlich aller Nebenkosten, innerhalb der Verjährungszeit für Mängelansprüche.;4,0;St;gaeb;leistungsbeschreibungen/20260717_SBH_LV_VE1-410-1a.X83
10;Kanalrohr aus Polypropylen-Vollwandrohr gemäß DIN EN 14758-1, mit Steckverbindung, mit werkseitig eingelegter Lippendichtung, Rohrende glatt, Nenn-Ringsteifigkeit SN 8 DIN EN ISO 9969,;15,0;m;gaeb;vom_unternehmen_auszufuellende_dokumente/20260717_SBH_LV_VE1-410-1a.X83
20;jedoch DN/OD 125;5,0;m;gaeb;vom_unternehmen_auszufuellende_dokumente/20260717_SBH_LV_VE1-410-1a.X83
30;jedoch DN/OD 160;5,0;m;gaeb;vom_unternehmen_auszufuellende_dokumente/20260717_SBH_LV_VE1-410-1a.X83
40;jedoch DN/OD 200;20,0;m;gaeb;vom_unternehmen_auszufuellende_dokumente/20260717_SBH_LV_VE1-410-1a.X83
50;jedoch DN/OD 250;20,0;m;gaeb;vom_unternehmen_auszufuellende_dokumente/20260717_SBH_LV_VE1-410-1a.X83
60;jedoch DN/OD 315;40,0;m;gaeb;vom_unternehmen_auszufuellende_dokumente/20260717_SBH_LV_VE1-410-1a.X83
70;Bogen, Formstück aus PP gemäß DIN EN 14758-1, für Abwasserkanal, in handelsüblichen Gradzahlen, Steckverbindung, mit Lippendichtung, Rohrende glatt, DN/OD 110.;45,0;St;gaeb;vom_unternehmen_auszufuellende_dokumente/20260717_SBH_LV_VE1-410-1a.X83
80;jedoch DN/OD 125;5,0;St;gaeb;vom_unternehmen_auszufuellende_dokumente/20260717_SBH_LV_VE1-410-1a.X83
90;jedoch DN/OD 150;2,0;St;gaeb;vom_unternehmen_auszufuellende_dokumente/20260717_SBH_LV_VE1-410-1a.X83
100;jedoch DN/OD 200;15,0;St;gaeb;vom_unternehmen_auszufuellende_dokumente/20260717_SBH_LV_VE1-410-1a.X83
110;jedoch DN/OD 250;10,0;St;gaeb;vom_unternehmen_auszufuellende_dokumente/20260717_SBH_LV_VE1-410-1a.X83
120;jedoch DN/OD 315;15,0;St;gaeb;vom_unternehmen_auszufuellende_dokumente/20260717_SBH_LV_VE1-410-1a.X83
130;Abzweig, Formstück aus PP gemäß DIN EN 14758-1, für Abwasserkanal, als Einfachabzweig in handelsüblichen Gradzahlen, Steckverbindung, mit Lippendichtungen, Rohrende glatt, DN/OD 110, 2. DN 110.;5,0;St;gaeb;vom_unternehmen_auszufuellende_dokumente/20260717_SBH_LV_VE1-410-1a.X83
140;jedoch DN/OD 125, 2. DN 110 oder 125;2,0;St;gaeb;vom_unternehmen_auszufuellende_dokumente/20260717_SBH_LV_VE1-410-1a.X83
150;jedoch DN/OD 160, 2. DN 110 bis 160;2,0;St;gaeb;vom_unternehmen_auszufuellende_dokumente/20260717_SBH_LV_VE1-410-1a.X83
160;jedoch DN/OD 200, 2. DN 110 bis 200;2,0;St;gaeb;vom_unternehmen_auszufuellende_dokumente/20260717_SBH_LV_VE1-410-1a.X83
170;jedoch DN/OD 250, 2. DN 160 oder 250;2,0;St;gaeb;vom_unternehmen_auszufuellende_dokumente/20260717_SBH_LV_VE1-410-1a.X83
180;jedoch DN/OD 315, 2. DN 160 bis 315;8,0;St;gaeb;vom_unternehmen_auszufuellende_dokumente/20260717_SBH_LV_VE1-410-1a.X83
190;Reduzierstück, Formstück aus PP gemäß DIN EN 14758-1, für Abwasserkanal, Steckverbindung, mit Lippendichtung, Rohrende glatt, DN/OD 125, 2. DN 110.;2,0;St;gaeb;vom_unternehmen_auszufuellende_dokumente/20260717_SBH_LV_VE1-410-1a.X83
200;jedoch DN/OD 160, 2. DN 110 oder 125;2,0;St;gaeb;vom_unternehmen_auszufuellende_dokumente/20260717_SBH_LV_VE1-410-1a.X83
210;jedoch DN/OD 200, 2. DN 160;2,0;St;gaeb;vom_unternehmen_auszufuellende_dokumente/20260717_SBH_LV_VE1-410-1a.X83
220;jedoch DN/OD 250, 2. DN 200;2,0;St;gaeb;vom_unternehmen_auszufuellende_dokumente/20260717_SBH_LV_VE1-410-1a.X83
230;jedoch DN/OD 315, 2. DN 250;2,0;St;gaeb;vom_unternehmen_auszufuellende_dokumente/20260717_SBH_LV_VE1-410-1a.X83
240;Doppelmuffe, Formstück aus PP gemäß DIN EN 14758-1, für Abwasserkanal, Steckverbindung, Rohrende mit Muffe, mit Lippendichtung, DN/OD 110.;2,0;St;gaeb;vom_unternehmen_auszufuellende_dokumente/20260717_SBH_LV_VE1-410-1a.X83
250;jedoch DN/OD 125;5,0;St;gaeb;vom_unternehmen_auszufuellende_dokumente/20260717_SBH_LV_VE1-410-1a.X83
260;jedoch DN/OD 160;5,0;St;gaeb;vom_unternehmen_auszufuellende_dokumente/20260717_SBH_LV_VE1-410-1a.X83
270;jedoch DN/OD 200;5,0;St;gaeb;vom_unternehmen_auszufuellende_dokumente/20260717_SBH_LV_VE1-410-1a.X83
280;jedoch DN/OD 250;5,0;St;gaeb;vom_unternehmen_auszufuellende_dokumente/20260717_SBH_LV_VE1-410-1a.X83
290;jedoch DN/OD 315;5,0;St;gaeb;vom_unternehmen_auszufuellende_dokumente/20260717_SBH_LV_VE1-410-1a.X83
300;Passstück, Formstück aus PP gemäß DIN EN 14758-1, für Abwasserkanal, Länge bis 500 mm, auf der Baustelle schneiden, Steckverbindung, Rohrende glatt, mit Lippendichtung, DN/OD 110.;5,0;St;gaeb;vom_unternehmen_auszufuellende_dokumente/20260717_SBH_LV_VE1-410-1a.X83
310;jedoch DN/OD 125;5,0;St;gaeb;vom_unternehmen_auszufuellende_dokumente/20260717_SBH_LV_VE1-410-1a.X83
320;jedoch DN/OD 160;5,0;St;gaeb;vom_unternehmen_auszufuellende_dokumente/20260717_SBH_LV_VE1-410-1a.X83
330;jedoch DN/OD 200;5,0;St;gaeb;vom_unternehmen_auszufuellende_dokumente/20260717_SBH_LV_VE1-410-1a.X83
340;jedoch DN/OD 250;5,0;St;gaeb;vom_unternehmen_auszufuellende_dokumente/20260717_SBH_LV_VE1-410-1a.X83
350;jedoch DN/OD 315;5,0;St;gaeb;vom_unternehmen_auszufuellende_dokumente/20260717_SBH_LV_VE1-410-1a.X83
360;Muffenstopfen, Formstück aus PP gemäß DIN EN 14758-1, für Abwasserkanal, Steckverbindung, Rohrende glatt, DN/OD 110.;10,0;St;gaeb;vom_unternehmen_auszufuellende_dokumente/20260717_SBH_LV_VE1-410-1a.X83
370;jedoch DN/OD 125;5,0;St;gaeb;vom_unternehmen_auszufuellende_dokumente/20260717_SBH_LV_VE1-410-1a.X83
380;jedoch DN/OD 160;5,0;St;gaeb;vom_unternehmen_auszufuellende_dokumente/20260717_SBH_LV_VE1-410-1a.X83
390;jedoch DN/OD 200;5,0;St;gaeb;vom_unternehmen_auszufuellende_dokumente/20260717_SBH_LV_VE1-410-1a.X83
400;jedoch DN/OD 250;5,0;St;gaeb;vom_unternehmen_auszufuellende_dokumente/20260717_SBH_LV_VE1-410-1a.X83
410;jedoch DN/OD 315;5,0;St;gaeb;vom_unternehmen_auszufuellende_dokumente/20260717_SBH_LV_VE1-410-1a.X83
420;Folienklemmflansch zur Abdichtung von Wanddurchdringungen der Grundleitungen vor einer Wand mit Anschluss an die Flächenabdichtung, gegen drückendes Wasser, druckwasserdicht MPA-geprüft bis 2,5 bar, rostfreier Edelstahl V2A, 30 mm Dichtung, mit Folienflansch 1,2 mm, in Anlehnung an DIN 16937, öl- un;2,0;St;gaeb;vom_unternehmen_auszufuellende_dokumente/20260717_SBH_LV_VE1-410-1a.X83
430;Mauerkragen aus EPDM, Montageset bestehend aus Mauerkragen und 2 Spannspändern aus Edelstahl, Abdichtwirkung bis 5,0 bar, für Rohrnennweite DN 100, auf das einzubetonierende Rohr aufziehen, mit Spannbändern befestigen und in Schalung positionieren.;2,0;St;gaeb;vom_unternehmen_auszufuellende_dokumente/20260717_SBH_LV_VE1-410-1a.X83
440;jedoch DN 125;2,0;St;gaeb;vom_unternehmen_auszufuellende_dokumente/20260717_SBH_LV_VE1-410-1a.X83
450;Flanschrohr DN 100 als Zulage für Kanalrohr, mit Folienflansch ca. 50 cm, Stärke 1,5 mm zum Andichten an eine Bitumendickbeschichtung bzw. Schweissbahn, öl- und bitumenbeständig.;2,0;St;gaeb;vom_unternehmen_auszufuellende_dokumente/20260717_SBH_LV_VE1-410-1a.X83
460;jedoch DN/OD 125;2,0;St;gaeb;vom_unternehmen_auszufuellende_dokumente/20260717_SBH_LV_VE1-410-1a.X83
470;jedoch DN/OD 160;2,0;St;gaeb;vom_unternehmen_auszufuellende_dokumente/20260717_SBH_LV_VE1-410-1a.X83
480;jedoch DN/OD 200;2,0;St;gaeb;vom_unternehmen_auszufuellende_dokumente/20260717_SBH_LV_VE1-410-1a.X83
490;Verschließen von Rohrleitungsenden DN 100 bis DN 200,;20,0;St;gaeb;vom_unternehmen_auszufuellende_dokumente/20260717_SBH_LV_VE1-410-1a.X83
500;jedoch DN 250 bis DN 315;20,0;St;gaeb;vom_unternehmen_auszufuellende_dokumente/20260717_SBH_LV_VE1-410-1a.X83
510;Feinkörnige, steinfreies Füllmaterial mit maximaler Korngröße von 0-4 mm zum vollständigen einsaden der Rohrleitungen liefern und fachgerecht in Lagen einbringen und verdichten, Rohrnennweite DN 100 bis DN 315;150,0;m;gaeb;vom_unternehmen_auszufuellende_dokumente/20260717_SBH_LV_VE1-410-1a.X83
520;Grundkörper Bodenablauf DN 100, aus Gusseisen mit Anstrich, für Einbau in Bodenplatte, Stutzenneigung 90Grad, geprüft gemäß DIN EN 1253, Baustoffklasse A1, nicht brennbar, geprüfter, integrierter Schallschutz gemäß VDI 4100:2012 , SST III = ca. 22dB(A);4,0;St;gaeb;vom_unternehmen_auszufuellende_dokumente/20260717_SBH_LV_VE1-410-1a.X83
530;Aufsatzstück aus Kunststoff passend zu vorgenanntem Grundkörper, mit Kunststoffvlies für AIV-F gem. DIN 18534,;2,0;St;gaeb;vom_unternehmen_auszufuellende_dokumente/20260717_SBH_LV_VE1-410-1a.X83
540;Geruchverschluss, passend zu vorgenanntem Bodenablauf-Grundkörper sowie -Aufsatzstück, aus Kunststoff, zweiteilig herausnehmbar, bestehend aus Glocke und Staurohr;2,0;St;gaeb;vom_unternehmen_auszufuellende_dokumente/20260717_SBH_LV_VE1-410-1a.X83
550;Reinigungsverschluss als Finor,  passend zu vorgenanntem Grundkörper, mit frei wählbarer Oberfläche,;2,0;St;gaeb;vom_unternehmen_auszufuellende_dokumente/20260717_SBH_LV_VE1-410-1a.X83
560;Dichtheitsprüfung der Entwässerungsleitungen aus PP-Rohr, mit Luft oder Wasser, nach DIN 1986-100 und DIN EN 1610, DN/OD 110 bis DN/OD 315, einschließlich aller erforderlichen Anlagen, Abdichtungen, Verankerungen und Rohrverschlüsse,  Prüfung in bis zu 10 Abschnitten, ca. 20 Stück Grundleitungsansch;150,0;m;gaeb;vom_unternehmen_auszufuellende_dokumente/20260717_SBH_LV_VE1-410-1a.X83
570;Grundleitung DN/OD 110 bis DN/OD 315 mit Videokamera befahren, einschließlich eventuell erforderlichem Einsatz einer Satellitenkamera, Videofilm herstellen und von eventuellen Schadstellen Fotoaufnahmen anfertigen, Erstellen eines Zustandsberichts;150,0;m;gaeb;vom_unternehmen_auszufuellende_dokumente/20260717_SBH_LV_VE1-410-1a.X83
580;Leitungsspülung der Entwässerungsleitungen aus PP-Rohr, mit Wasser, DN/OD 110 bis DN/OD 315, einschließlich aller erforderlichen Anlagen, Abdichtungen, Verankerungen und Rohrverschlüsse, Prüfung in bis zu 10 Abschnitten, ca. 20 Stück Grundleitungsanschlüsse bzw. Bodenabläufe/Finore, Anfertigen eines;150,0;m;gaeb;vom_unternehmen_auszufuellende_dokumente/20260717_SBH_LV_VE1-410-1a.X83
10;Abwasserleitung aus gusseisernem, muffenlosem Rohr nach DIN EN 877, mit Prüfzeichen, innen mit Zweikomponenten-Epoxidharz-Beschichtung, außen mit Grundbeschichtung, Formstücke innen und außen epoxiert,;2,0;m;gaeb;vom_unternehmen_auszufuellende_dokumente/20260717_SBH_LV_VE1-410-1a.X83
20;jedoch DN 80;2,0;m;gaeb;vom_unternehmen_auszufuellende_dokumente/20260717_SBH_LV_VE1-410-1a.X83
30;jedoch DN 100;5,0;m;gaeb;vom_unternehmen_auszufuellende_dokumente/20260717_SBH_LV_VE1-410-1a.X83
40;jedoch DN 125;2,0;m;gaeb;vom_unternehmen_auszufuellende_dokumente/20260717_SBH_LV_VE1-410-1a.X83
50;jedoch DN 150;2,0;m;gaeb;vom_unternehmen_auszufuellende_dokumente/20260717_SBH_LV_VE1-410-1a.X83
60;jedoch DN 200;30,0;m;gaeb;vom_unternehmen_auszufuellende_dokumente/20260717_SBH_LV_VE1-410-1a.X83
70;jedoch Montagehöhe über 3,5 m bis 6,0 m, DN 50;2,0;m;gaeb;vom_unternehmen_auszufuellende_dokumente/20260717_SBH_LV_VE1-410-1a.X83
80;jedoch Montagehöhe über 3,5 m bis 6,0 m, DN 80;2,0;m;gaeb;vom_unternehmen_auszufuellende_dokumente/20260717_SBH_LV_VE1-410-1a.X83
90;jedoch Montagehöhe über 3,5 m bis 6,0 m, DN 100;5,0;m;gaeb;vom_unternehmen_auszufuellende_dokumente/20260717_SBH_LV_VE1-410-1a.X83
100;jedoch Montagehöhe über 3,5 m bis 6,0 m, DN 125;2,0;m;gaeb;vom_unternehmen_auszufuellende_dokumente/20260717_SBH_LV_VE1-410-1a.X83
110;jedoch Montagehöhe über 3,5 m bis 6,0 m, DN 150;2,0;m;gaeb;vom_unternehmen_auszufuellende_dokumente/20260717_SBH_LV_VE1-410-1a.X83
120;jedoch Montagehöhe über 3,5 m bis 6,0 m, DN 200;30,0;m;gaeb;vom_unternehmen_auszufuellende_dokumente/20260717_SBH_LV_VE1-410-1a.X83
130;Bogen, Formstück aus Gusseisen, für Abwasserleitungen aus gusseisernem, muffenlosem Rohr nach DIN EN 877, innen und außen epoxiert, in handelsüblichen Gradzahlen, Montagehöhe bis 6,0 m, DN 50;1,0;St;gaeb;vom_unternehmen_auszufuellende_dokumente/20260717_SBH_LV_VE1-410-1a.X83
140;jedoch DN 80;1,0;St;gaeb;vom_unternehmen_auszufuellende_dokumente/20260717_SBH_LV_VE1-410-1a.X83
150;jedoch DN 100;5,0;St;gaeb;vom_unternehmen_auszufuellende_dokumente/20260717_SBH_LV_VE1-410-1a.X83
160;jedoch DN 125;1,0;St;gaeb;vom_unternehmen_auszufuellende_dokumente/20260717_SBH_LV_VE1-410-1a.X83
170;jedoch DN 150;1,0;St;gaeb;vom_unternehmen_auszufuellende_dokumente/20260717_SBH_LV_VE1-410-1a.X83
180;jedoch DN 200;30,0;St;gaeb;vom_unternehmen_auszufuellende_dokumente/20260717_SBH_LV_VE1-410-1a.X83
190;Passstück bis 50 cm, Formstück aus Gusseisen, für Abwasserleitungen aus gusseisernem, muffenlosem Rohr nach DIN EN 877, innen und außen epoxiert,;1,0;St;gaeb;vom_unternehmen_auszufuellende_dokumente/20260717_SBH_LV_VE1-410-1a.X83
200;jedoch DN 80;1,0;St;gaeb;vom_unternehmen_auszufuellende_dokumente/20260717_SBH_LV_VE1-410-1a.X83
210;jedoch DN 100;1,0;St;gaeb;vom_unternehmen_auszufuellende_dokumente/20260717_SBH_LV_VE1-410-1a.X83
220;jedoch DN 125;1,0;St;gaeb;vom_unternehmen_auszufuellende_dokumente/20260717_SBH_LV_VE1-410-1a.X83
230;jedoch DN 150;1,0;St;gaeb;vom_unternehmen_auszufuellende_dokumente/20260717_SBH_LV_VE1-410-1a.X83
240;jedoch DN 200;5,0;St;gaeb;vom_unternehmen_auszufuellende_dokumente/20260717_SBH_LV_VE1-410-1a.X83
250;Einfachabzweig, Formstück aus Gusseisen, für Abwasserleitungen aus gusseisernem, muffenlosem Rohr nach DIN EN 877, innen und außen epoxiert, in handelsüblichen Gradzahlen, auch als Abzweig mit Reduzierung,;1,0;St;gaeb;vom_unternehmen_auszufuellende_dokumente/20260717_SBH_LV_VE1-410-1a.X83
260;jedoch DN 80, 2. DN bis 80;1,0;St;gaeb;vom_unternehmen_auszufuellende_dokumente/20260717_SBH_LV_VE1-410-1a.X83
270;jedoch DN 100, 2. DN bis 100;1,0;St;gaeb;vom_unternehmen_auszufuellende_dokumente/20260717_SBH_LV_VE1-410-1a.X83
280;jedoch DN 125, 2. DN bis 125;1,0;St;gaeb;vom_unternehmen_auszufuellende_dokumente/20260717_SBH_LV_VE1-410-1a.X83
290;jedoch DN 150, 2. DN bis 150;1,0;St;gaeb;vom_unternehmen_auszufuellende_dokumente/20260717_SBH_LV_VE1-410-1a.X83
300;jedoch DN 200, 2. DN bis 200;4,0;St;gaeb;vom_unternehmen_auszufuellende_dokumente/20260717_SBH_LV_VE1-410-1a.X83
310;Eckabzweig, Formstück aus Gusseisen, für Abwasserleitungen aus gusseisernem, muffenlosem Rohr nach DIN EN 877, innen und außen epoxiert, 88,5°, Spreizwinkel 90°, auch als Abzweig mit Reduzierung, Montagehöhe bis 6,0 m, DN 80, 2. DN 80, 3. DN 80;1,0;St;gaeb;vom_unternehmen_auszufuellende_dokumente/20260717_SBH_LV_VE1-410-1a.X83
320;jedoch DN 100, 2. DN bis 100, 3. DN bis 100;1,0;St;gaeb;vom_unternehmen_auszufuellende_dokumente/20260717_SBH_LV_VE1-410-1a.X83
330;jedoch DN 125, 2. DN 100, 3. DN 100;1,0;St;gaeb;vom_unternehmen_auszufuellende_dokumente/20260717_SBH_LV_VE1-410-1a.X83
340;Doppelanschlussbogen, Formstück aus Gusseisen, für Abwasserleitungen aus gusseisernem, muffenlosem Rohr nach DIN EN 877, innen und außen epoxiert, 90 Grad, Montagehöhe bis 6,0 m, DN 50;1,0;St;gaeb;vom_unternehmen_auszufuellende_dokumente/20260717_SBH_LV_VE1-410-1a.X83
350;Übergangsrohr, Formstück aus Gusseisen, für Abwasserleitungen aus gusseisernem, muffenlosem Rohr nach DIN EN 877, innen und außen epoxiert, exzentrisch,;1,0;St;gaeb;vom_unternehmen_auszufuellende_dokumente/20260717_SBH_LV_VE1-410-1a.X83
360;jedoch DN 100, 2. DN bis 80;1,0;St;gaeb;vom_unternehmen_auszufuellende_dokumente/20260717_SBH_LV_VE1-410-1a.X83
370;jedoch DN 125, 2. DN bis 100;1,0;St;gaeb;vom_unternehmen_auszufuellende_dokumente/20260717_SBH_LV_VE1-410-1a.X83
380;jedoch DN 150, 2. DN bis 125;1,0;St;gaeb;vom_unternehmen_auszufuellende_dokumente/20260717_SBH_LV_VE1-410-1a.X83
390;jedoch DN 200, 2. DN bis 150;2,0;St;gaeb;vom_unternehmen_auszufuellende_dokumente/20260717_SBH_LV_VE1-410-1a.X83
400;Reinigungsrohr, Formstück aus Gusseisen, für Abwasserleitungen aus gusseisernem, muffenlosem Rohr nach DIN EN 877, innen und außen epoxiert, mit runder Öffnung, mit Verschlussdeckel, Montagehöhe bis 6,0 m, DN 50;1,0;St;gaeb;vom_unternehmen_auszufuellende_dokumente/20260717_SBH_LV_VE1-410-1a.X83
410;jedoch DN 80;1,0;St;gaeb;vom_unternehmen_auszufuellende_dokumente/20260717_SBH_LV_VE1-410-1a.X83
420;jedoch DN 100;2,0;St;gaeb;vom_unternehmen_auszufuellende_dokumente/20260717_SBH_LV_VE1-410-1a.X83
430;jedoch mit rechteckiger Öffnung, DN 125;1,0;St;gaeb;vom_unternehmen_auszufuellende_dokumente/20260717_SBH_LV_VE1-410-1a.X83
440;jedoch mit rechteckiger Öffnung, DN 150;1,0;St;gaeb;vom_unternehmen_auszufuellende_dokumente/20260717_SBH_LV_VE1-410-1a.X83
450;jedoch mit rechteckiger Öffnung, DN 200;4,0;St;gaeb;vom_unternehmen_auszufuellende_dokumente/20260717_SBH_LV_VE1-410-1a.X83
460;Fallrohrstütze, Formstück aus Gusseisen, für Abwasserleitungen aus gusseisernem, muffenlosem Rohr nach DIN EN 877, innen und außen epoxiert, mit Auflagerung mit einvulkanisiertem Gummiring, einschließlich Fertigkonsolen, Schrauben, Gewindeplatten, Durchsteckankern, DN 50;1,0;St;gaeb;vom_unternehmen_auszufuellende_dokumente/20260717_SBH_LV_VE1-410-1a.X83
470;jedoch DN 100;1,0;St;gaeb;vom_unternehmen_auszufuellende_dokumente/20260717_SBH_LV_VE1-410-1a.X83
480;jedoch DN 125;1,0;St;gaeb;vom_unternehmen_auszufuellende_dokumente/20260717_SBH_LV_VE1-410-1a.X83
490;jedoch DN 150;1,0;St;gaeb;vom_unternehmen_auszufuellende_dokumente/20260717_SBH_LV_VE1-410-1a.X83
500;jedoch DN 200;2,0;St;gaeb;vom_unternehmen_auszufuellende_dokumente/20260717_SBH_LV_VE1-410-1a.X83
510;Geruchsverschluss, Formstück aus Gusseisen, für Abwasserleitungen aus gusseisernem, muffenlosem Rohr nach DIN EN 877, innen und außen epoxiert, waagerechte Ausführung mit Reinigungsöffnung, Montagehöhe bis 6,0 m,;2,0;St;gaeb;vom_unternehmen_auszufuellende_dokumente/20260717_SBH_LV_VE1-410-1a.X83
520;jedoch DN 80;1,0;St;gaeb;vom_unternehmen_auszufuellende_dokumente/20260717_SBH_LV_VE1-410-1a.X83
530;jedoch DN 100;1,0;St;gaeb;vom_unternehmen_auszufuellende_dokumente/20260717_SBH_LV_VE1-410-1a.X83
540;jedoch DN 125;1,0;St;gaeb;vom_unternehmen_auszufuellende_dokumente/20260717_SBH_LV_VE1-410-1a.X83
550;jedoch DN 150;1,0;St;gaeb;vom_unternehmen_auszufuellende_dokumente/20260717_SBH_LV_VE1-410-1a.X83
560;jedoch DN 200;1,0;St;gaeb;vom_unternehmen_auszufuellende_dokumente/20260717_SBH_LV_VE1-410-1a.X83
570;Enddeckel, Formstück aus Gusseisen, für Abwasserleitungen aus gusseisernem, muffenlosem Rohr nach DIN EN 877, innen und außen epoxiert, Montagehöhe bis 6,0 m, DN 50;1,0;St;gaeb;vom_unternehmen_auszufuellende_dokumente/20260717_SBH_LV_VE1-410-1a.X83
580;jedoch DN 80;1,0;St;gaeb;vom_unternehmen_auszufuellende_dokumente/20260717_SBH_LV_VE1-410-1a.X83
590;jedoch DN 100;2,0;St;gaeb;vom_unternehmen_auszufuellende_dokumente/20260717_SBH_LV_VE1-410-1a.X83
600;jedoch DN 125;1,0;St;gaeb;vom_unternehmen_auszufuellende_dokumente/20260717_SBH_LV_VE1-410-1a.X83
610;jedoch DN 150;1,0;St;gaeb;vom_unternehmen_auszufuellende_dokumente/20260717_SBH_LV_VE1-410-1a.X83
620;jedoch DN 200;2,0;St;gaeb;vom_unternehmen_auszufuellende_dokumente/20260717_SBH_LV_VE1-410-1a.X83
630;Enddeckel, Formstück aus Gusseisen, für Abwasserleitungen aus gusseisernem, muffenlosem Rohr nach DIN EN 877, innen und außen epoxiert, mit galvanisch verzinkter Klemmschelle und Gummidichtung aus EPDM, Montagehöhe bis 6,0 m,;1,0;St;gaeb;vom_unternehmen_auszufuellende_dokumente/20260717_SBH_LV_VE1-410-1a.X83
640;jedoch DN 125;1,0;St;gaeb;vom_unternehmen_auszufuellende_dokumente/20260717_SBH_LV_VE1-410-1a.X83
650;jedoch DN 150;1,0;St;gaeb;vom_unternehmen_auszufuellende_dokumente/20260717_SBH_LV_VE1-410-1a.X83
660;jedoch DN 200;2,0;St;gaeb;vom_unternehmen_auszufuellende_dokumente/20260717_SBH_LV_VE1-410-1a.X83
670;Rohrverbindung, für Abwasserleitungen aus gusseisernem, muffenlosem Rohr nach DIN EN 877, Profilschelle aus stabilisiertem Chromstahl, Werkstoff-Nr. 1.4510/11,  Verschlussteil mit Schraube, Spannköpfe aus Werkstoff-Nr. 1.4301, Schraube, Scheibe und Vierkantmutter chromfrei beschichtet, komplett mit ;5,0;St;gaeb;vom_unternehmen_auszufuellende_dokumente/20260717_SBH_LV_VE1-410-1a.X83
680;jedoch DN 80;5,0;St;gaeb;vom_unternehmen_auszufuellende_dokumente/20260717_SBH_LV_VE1-410-1a.X83
690;jedoch DN 100;15,0;St;gaeb;vom_unternehmen_auszufuellende_dokumente/20260717_SBH_LV_VE1-410-1a.X83
700;jedoch DN 125;5,0;St;gaeb;vom_unternehmen_auszufuellende_dokumente/20260717_SBH_LV_VE1-410-1a.X83
710;jedoch DN 150;5,0;St;gaeb;vom_unternehmen_auszufuellende_dokumente/20260717_SBH_LV_VE1-410-1a.X83
720;jedoch DN 200;100,0;St;gaeb;vom_unternehmen_auszufuellende_dokumente/20260717_SBH_LV_VE1-410-1a.X83
730;Anschlussmuffe, aus Elastomer mit Dichtlippen und Spannschelle aus nicht rostendem Stahl, Werkstoff-Nr 1.4510/11, mit vorgestochenen Anschlussringen für unterschiedliche Außendurchmesser, zum Übergang auf andere Werkstoffe, für Abwasserleitungen aus gusseisernem, muffenlosem Rohr nach DIN EN 877, DN;2,0;St;gaeb;vom_unternehmen_auszufuellende_dokumente/20260717_SBH_LV_VE1-410-1a.X83
740;jedoch DN 80;2,0;St;gaeb;vom_unternehmen_auszufuellende_dokumente/20260717_SBH_LV_VE1-410-1a.X83
750;jedoch DN 100;2,0;St;gaeb;vom_unternehmen_auszufuellende_dokumente/20260717_SBH_LV_VE1-410-1a.X83
760;jedoch DN 125;2,0;St;gaeb;vom_unternehmen_auszufuellende_dokumente/20260717_SBH_LV_VE1-410-1a.X83
770;Rohraufhängung, aus verzinktem Stahl, mit körperschalldämmenden Einlagen und Schnellverschluss, Anforderungen entsprechend DIN 4109, Temperaturberei;2,0;St;gaeb;vom_unternehmen_auszufuellende_dokumente/20260717_SBH_LV_VE1-410-1a.X83
780;jedoch DN 80;2,0;St;gaeb;vom_unternehmen_auszufuellende_dokumente/20260717_SBH_LV_VE1-410-1a.X83
790;jedoch DN 100;2,0;St;gaeb;vom_unternehmen_auszufuellende_dokumente/20260717_SBH_LV_VE1-410-1a.X83
800;jedoch DN 125;2,0;St;gaeb;vom_unternehmen_auszufuellende_dokumente/20260717_SBH_LV_VE1-410-1a.X83
810;jedoch DN 150;2,0;St;gaeb;vom_unternehmen_auszufuellende_dokumente/20260717_SBH_LV_VE1-410-1a.X83
820;jedoch DN 200;2,0;St;gaeb;vom_unternehmen_auszufuellende_dokumente/20260717_SBH_LV_VE1-410-1a.X83
830;jedoch DN 80, als Systemlösung aus Träger und Schelle gemeinsam mit Schwitzwasserdämmung entsprechend Titel Abwasseranlagen Dämmarbeiten Regenwasser, nach DIN 4140 2023-05, Wasserdampfdiffusionsäquivalente Luftschichtdicke >1500m, Euroklasse Brandverhalten: A1 oder A2-s1, d0 (nichtbrennbar), aus Ste;2,0;St;gaeb;vom_unternehmen_auszufuellende_dokumente/20260717_SBH_LV_VE1-410-1a.X83
840;jedoch DN 100, als Systemlösung aus Träger und Schelle gemeinsam mit Schwitzwasserdämmung entsprechend Titel Abwasseranlagen Dämmarbeiten Regenwasser, nach DIN 4140 2023-05, Wasserdampfdiffusionsäquivalente Luftschichtdicke >1500m, Euroklasse Brandverhalten: A1 oder A2-s1, d0 (nichtbrennbar), aus St;10,0;St;gaeb;vom_unternehmen_auszufuellende_dokumente/20260717_SBH_LV_VE1-410-1a.X83
850;jedoch DN 125, als Systemlösung aus Träger und Schelle gemeinsam mit Schwitzwasserdämmung entsprechend Titel Abwasseranlagen Dämmarbeiten Regenwasser, nach DIN 4140 2023-05, Wasserdampfdiffusionsäquivalente Luftschichtdicke >1500m, Euroklasse Brandverhalten: A1 oder A2-s1, d0 (nichtbrennbar), aus St;5,0;St;gaeb;vom_unternehmen_auszufuellende_dokumente/20260717_SBH_LV_VE1-410-1a.X83
860;jedoch DN 150, als Systemlösung aus Träger und Schelle gemeinsam mit Schwitzwasserdämmung entsprechend Titel Abwasseranlagen Dämmarbeiten Regenwasser, nach DIN 4140 2023-05, Wasserdampfdiffusionsäquivalente Luftschichtdicke >1500m, Euroklasse Brandverhalten: A1 oder A2-s1, d0 (nichtbrennbar), aus St;5,0;St;gaeb;vom_unternehmen_auszufuellende_dokumente/20260717_SBH_LV_VE1-410-1a.X83
870;jedoch DN 200, als Systemlösung aus Träger und Schelle gemeinsam mit Schwitzwasserdämmung entsprechend Titel Abwasseranlagen Dämmarbeiten Regenwasser, nach DIN 4140 2023-05, Wasserdampfdiffusionsäquivalente Luftschichtdicke >1500m, Euroklasse Brandverhalten: A1 oder A2-s1, d0 (nichtbrennbar), aus St;60,0;St;gaeb;vom_unternehmen_auszufuellende_dokumente/20260717_SBH_LV_VE1-410-1a.X83
880;Entwässerungsleitungen aus PE Rohren und Formstücken;5,0;m;gaeb;vom_unternehmen_auszufuellende_dokumente/20260717_SBH_LV_VE1-410-1a.X83
890;jedoch DN 50;5,0;m;gaeb;vom_unternehmen_auszufuellende_dokumente/20260717_SBH_LV_VE1-410-1a.X83
900;jedoch DN 70;45,0;m;gaeb;vom_unternehmen_auszufuellende_dokumente/20260717_SBH_LV_VE1-410-1a.X83
910;jedoch DN 90;15,0;m;gaeb;vom_unternehmen_auszufuellende_dokumente/20260717_SBH_LV_VE1-410-1a.X83
920;jedoch DN 100;35,0;m;gaeb;vom_unternehmen_auszufuellende_dokumente/20260717_SBH_LV_VE1-410-1a.X83
930;jedoch DN 125;5,0;m;gaeb;vom_unternehmen_auszufuellende_dokumente/20260717_SBH_LV_VE1-410-1a.X83
940;jedoch DN 150;5,0;m;gaeb;vom_unternehmen_auszufuellende_dokumente/20260717_SBH_LV_VE1-410-1a.X83
950;jedoch DN 200;30,0;m;gaeb;vom_unternehmen_auszufuellende_dokumente/20260717_SBH_LV_VE1-410-1a.X83
960;jedoch Montagehöhe über 3,5 m bis 6,0 m, DN 40;2,0;m;gaeb;vom_unternehmen_auszufuellende_dokumente/20260717_SBH_LV_VE1-410-1a.X83
970;jedoch Montagehöhe über 3,5 m bis 6,0 m, DN 50;2,0;m;gaeb;vom_unternehmen_auszufuellende_dokumente/20260717_SBH_LV_VE1-410-1a.X83
980;jedoch Montagehöhe über 3,5m bis 6,0 m, DN 70;2,0;m;gaeb;vom_unternehmen_auszufuellende_dokumente/20260717_SBH_LV_VE1-410-1a.X83
990;jedoch Montagehöhe über 3,5m bis 6,0 m, DN 90;2,0;m;gaeb;vom_unternehmen_auszufuellende_dokumente/20260717_SBH_LV_VE1-410-1a.X83
1000;jedoch Montagehöhe über 3,5m bis 6,0 m, DN 100;2,0;m;gaeb;vom_unternehmen_auszufuellende_dokumente/20260717_SBH_LV_VE1-410-1a.X83
1010;jedoch Montagehöhe über 3,5m bis 6,0 m, DN 125;2,0;m;gaeb;vom_unternehmen_auszufuellende_dokumente/20260717_SBH_LV_VE1-410-1a.X83
1020;jedoch Montagehöhe über 3,5m bis 6,0 m, DN 150;2,0;m;gaeb;vom_unternehmen_auszufuellende_dokumente/20260717_SBH_LV_VE1-410-1a.X83
1030;jedoch Montagehöhe über 3,5m bis 6,0 m, DN 200;2,0;m;gaeb;vom_unternehmen_auszufuellende_dokumente/20260717_SBH_LV_VE1-410-1a.X83
1040;Bogen, Formstück aus PE-HD, für Entwässerungsleitungen innerhalb und außerhalb von Gebäuden, in handelsüblichen Gradzahlen, Schweißverbindung, Montagehöhe bis 6,0 m,;2,0;St;gaeb;vom_unternehmen_auszufuellende_dokumente/20260717_SBH_LV_VE1-410-1a.X83
1050;jedoch DN 50;2,0;St;gaeb;vom_unternehmen_auszufuellende_dokumente/20260717_SBH_LV_VE1-410-1a.X83
1060;jedoch DN 70;15,0;St;gaeb;vom_unternehmen_auszufuellende_dokumente/20260717_SBH_LV_VE1-410-1a.X83
1070;jedoch DN 90;10,0;St;gaeb;vom_unternehmen_auszufuellende_dokumente/20260717_SBH_LV_VE1-410-1a.X83
1080;jedoch DN 100;20,0;St;gaeb;vom_unternehmen_auszufuellende_dokumente/20260717_SBH_LV_VE1-410-1a.X83
1090;jedoch DN 125;5,0;St;gaeb;vom_unternehmen_auszufuellende_dokumente/20260717_SBH_LV_VE1-410-1a.X83
1100;jedoch DN 150;10,0;St;gaeb;vom_unternehmen_auszufuellende_dokumente/20260717_SBH_LV_VE1-410-1a.X83
1110;jedoch DN 200;15,0;St;gaeb;vom_unternehmen_auszufuellende_dokumente/20260717_SBH_LV_VE1-410-1a.X83
1120;Bogen mit langem Schenkel, Formstück aus PE-HD, für Entwässerungsleitungen innerhalb und außerhalb von Gebäuden, 90 Grad, Schweißverbindung, Montagehöhe bis 6,0 m, DN 40;22,0;St;gaeb;vom_unternehmen_auszufuellende_dokumente/20260717_SBH_LV_VE1-410-1a.X83
1130;jedoch DN 50;2,0;St;gaeb;vom_unternehmen_auszufuellende_dokumente/20260717_SBH_LV_VE1-410-1a.X83
1140;jedoch DN 70;5,0;St;gaeb;vom_unternehmen_auszufuellende_dokumente/20260717_SBH_LV_VE1-410-1a.X83
1150;jedoch DN 90;2,0;St;gaeb;vom_unternehmen_auszufuellende_dokumente/20260717_SBH_LV_VE1-410-1a.X83
1160;jedoch DN 100;5,0;St;gaeb;vom_unternehmen_auszufuellende_dokumente/20260717_SBH_LV_VE1-410-1a.X83
1170;jedoch DN 125;2,0;St;gaeb;vom_unternehmen_auszufuellende_dokumente/20260717_SBH_LV_VE1-410-1a.X83
1180;jedoch DN 150;2,0;St;gaeb;vom_unternehmen_auszufuellende_dokumente/20260717_SBH_LV_VE1-410-1a.X83
1190;Einfachabzweig, Formstück aus PE-HD, für Entwässerungsleitungen innerhalb und außerhalb von Gebäuden, in handelsüblichen Gradzahlen, auch als Abzweig mit Reduzierung, Schweißverbindung, Montagehöhe bis 6,0 m,;2,0;St;gaeb;vom_unternehmen_auszufuellende_dokumente/20260717_SBH_LV_VE1-410-1a.X83
1200;DN 50, 2. DN bis 50;2,0;St;gaeb;vom_unternehmen_auszufuellende_dokumente/20260717_SBH_LV_VE1-410-1a.X83
1210;jedoch DN 70, 2. DN bis 70;5,0;St;gaeb;vom_unternehmen_auszufuellende_dokumente/20260717_SBH_LV_VE1-410-1a.X83
1220;jedoch DN 90, 2. DN bis 90;2,0;St;gaeb;vom_unternehmen_auszufuellende_dokumente/20260717_SBH_LV_VE1-410-1a.X83
1230;DN 100, 2. DN bis 100;5,0;St;gaeb;vom_unternehmen_auszufuellende_dokumente/20260717_SBH_LV_VE1-410-1a.X83
1240;jedoch DN 125, 2. DN bis 125;2,0;St;gaeb;vom_unternehmen_auszufuellende_dokumente/20260717_SBH_LV_VE1-410-1a.X83
1250;jedoch DN 150, 2. DN bis 150;2,0;St;gaeb;vom_unternehmen_auszufuellende_dokumente/20260717_SBH_LV_VE1-410-1a.X83
1260;jedoch DN 200, 2. DN bis 200;5,0;St;gaeb;vom_unternehmen_auszufuellende_dokumente/20260717_SBH_LV_VE1-410-1a.X83
1270;Reduktion, Formstück aus PE-HD, für Entwässerungsleitungen innerhalb und außerhalb von Gebäuden, exzentrisch, Schweißverbindung, Montagehöhe bis 6,0 m,;2,0;St;gaeb;vom_unternehmen_auszufuellende_dokumente/20260717_SBH_LV_VE1-410-1a.X83
1280;jedoch DN 70, 2. DN bis 50;5,0;St;gaeb;vom_unternehmen_auszufuellende_dokumente/20260717_SBH_LV_VE1-410-1a.X83
1290;jedoch DN 90, 2. DN bis 70;2,0;St;gaeb;vom_unternehmen_auszufuellende_dokumente/20260717_SBH_LV_VE1-410-1a.X83
1300;jedoch DN 100, 2. DN bis 90;5,0;St;gaeb;vom_unternehmen_auszufuellende_dokumente/20260717_SBH_LV_VE1-410-1a.X83
1310;jedoch DN 125, 2. DN bis 100;2,0;St;gaeb;vom_unternehmen_auszufuellende_dokumente/20260717_SBH_LV_VE1-410-1a.X83
1320;jedoch DN 150, 2. DN bis 125;2,0;St;gaeb;vom_unternehmen_auszufuellende_dokumente/20260717_SBH_LV_VE1-410-1a.X83
1330;jedoch DN 200, 2. DN bis 150;5,0;St;gaeb;vom_unternehmen_auszufuellende_dokumente/20260717_SBH_LV_VE1-410-1a.X83
1340;Reinigungsstück, Formstück aus PE-HD, für Entwässerungsleitungen innerhalb und außerhalb von Gebäuden, Schweißverbindung, mit runder Serviceöffnung, mit Verschlussdeckel, Montagehöhe bis 6,0 m, DN 90;1,0;St;gaeb;vom_unternehmen_auszufuellende_dokumente/20260717_SBH_LV_VE1-410-1a.X83
1350;Reinigungsstück, Formstück aus PE-HD, für Entwässerungsleitungen innerhalb und außerhalb von Gebäuden, Schweißverbindung, mit ovaler Serviceöffnung, mit Verschlussdeckel, Montagehöhe bis 6,0 m, DN 100;2,0;St;gaeb;vom_unternehmen_auszufuellende_dokumente/20260717_SBH_LV_VE1-410-1a.X83
1360;jedoch DN 125;1,0;St;gaeb;vom_unternehmen_auszufuellende_dokumente/20260717_SBH_LV_VE1-410-1a.X83
1370;jedoch DN 150;1,0;St;gaeb;vom_unternehmen_auszufuellende_dokumente/20260717_SBH_LV_VE1-410-1a.X83
1380;jedoch DN 200;3,0;St;gaeb;vom_unternehmen_auszufuellende_dokumente/20260717_SBH_LV_VE1-410-1a.X83
1390;Verschlusskappe, Formstück aus PE-HD, für Entwässerungsleitungen innerhalb und außerhalb von Gebäuden, Schweißverbindung, mit schraubbarem Deckel, mit Dichtung, Montagehöhe bis 6,0 m, DN 100;10,0;St;gaeb;vom_unternehmen_auszufuellende_dokumente/20260717_SBH_LV_VE1-410-1a.X83
1400;Steckmuffe, Formstück aus PE-HD, für Entwässerungsleitungen innerhalb und außerhalb von Gebäuden, mit Dichtring, Montagehöhe bis 6,0 m, DN 40;2,0;St;gaeb;vom_unternehmen_auszufuellende_dokumente/20260717_SBH_LV_VE1-410-1a.X83
1410;jedoch DN 50;2,0;St;gaeb;vom_unternehmen_auszufuellende_dokumente/20260717_SBH_LV_VE1-410-1a.X83
1420;jedoch DN 70;5,0;St;gaeb;vom_unternehmen_auszufuellende_dokumente/20260717_SBH_LV_VE1-410-1a.X83
1430;jedoch DN 90;2,0;St;gaeb;vom_unternehmen_auszufuellende_dokumente/20260717_SBH_LV_VE1-410-1a.X83
1440;jedoch DN 100;10,0;St;gaeb;vom_unternehmen_auszufuellende_dokumente/20260717_SBH_LV_VE1-410-1a.X83
1450;jedoch DN 125;2,0;St;gaeb;vom_unternehmen_auszufuellende_dokumente/20260717_SBH_LV_VE1-410-1a.X83
1460;jedoch DN 150;2,0;St;gaeb;vom_unternehmen_auszufuellende_dokumente/20260717_SBH_LV_VE1-410-1a.X83
1470;jedoch DN 200;10,0;St;gaeb;vom_unternehmen_auszufuellende_dokumente/20260717_SBH_LV_VE1-410-1a.X83
1480;Elektroschweißmuffe, aus PE-HD, zum zugfesten und unlösbaren Verbinden von Rohren und Formstücken, Montagehöhe bis 6,0m, DN 40;2,0;St;gaeb;vom_unternehmen_auszufuellende_dokumente/20260717_SBH_LV_VE1-410-1a.X83
1490;jedoch DN 50;2,0;St;gaeb;vom_unternehmen_auszufuellende_dokumente/20260717_SBH_LV_VE1-410-1a.X83
1500;jedoch DN 70;30,0;St;gaeb;vom_unternehmen_auszufuellende_dokumente/20260717_SBH_LV_VE1-410-1a.X83
1510;jedoch DN 90;10,0;St;gaeb;vom_unternehmen_auszufuellende_dokumente/20260717_SBH_LV_VE1-410-1a.X83
1520;jedoch DN 100;30,0;St;gaeb;vom_unternehmen_auszufuellende_dokumente/20260717_SBH_LV_VE1-410-1a.X83
1530;jedoch DN 125;5,0;St;gaeb;vom_unternehmen_auszufuellende_dokumente/20260717_SBH_LV_VE1-410-1a.X83
1540;jedoch DN 150;5,0;St;gaeb;vom_unternehmen_auszufuellende_dokumente/20260717_SBH_LV_VE1-410-1a.X83
1550;jedoch DN 200;35,0;St;gaeb;vom_unternehmen_auszufuellende_dokumente/20260717_SBH_LV_VE1-410-1a.X83
1560;Rohraufhängung, aus verzinktem Stahl, mit körperschalldämmenden Einlagen und Schnellverschluss, Anforderungen entsprechend DIN 4109, Temperaturberei;5,0;St;gaeb;vom_unternehmen_auszufuellende_dokumente/20260717_SBH_LV_VE1-410-1a.X83
1570;jedoch DN 50;5,0;St;gaeb;vom_unternehmen_auszufuellende_dokumente/20260717_SBH_LV_VE1-410-1a.X83
1580;jedoch DN 70;2,0;St;gaeb;vom_unternehmen_auszufuellende_dokumente/20260717_SBH_LV_VE1-410-1a.X83
1590;jedoch DN 90;2,0;St;gaeb;vom_unternehmen_auszufuellende_dokumente/20260717_SBH_LV_VE1-410-1a.X83
1600;jedoch DN 100;2,0;St;gaeb;vom_unternehmen_auszufuellende_dokumente/20260717_SBH_LV_VE1-410-1a.X83
1610;jedoch DN 125;2,0;St;gaeb;vom_unternehmen_auszufuellende_dokumente/20260717_SBH_LV_VE1-410-1a.X83
1620;jedoch DN 150;2,0;St;gaeb;vom_unternehmen_auszufuellende_dokumente/20260717_SBH_LV_VE1-410-1a.X83
1630;jedoch DN 200;2,0;St;gaeb;vom_unternehmen_auszufuellende_dokumente/20260717_SBH_LV_VE1-410-1a.X83
1640;jedoch DN 70, als Systemlösung aus Träger und Schelle gemeinsam mit Schwitzwasserdämmung entsprechend Titel Abwasseranlagen Dämmarbeiten Regenwasser, nach DIN 4140 2023-05, mit thermisch entkoppeltem Rohrträger, bestehend aus FCKW-freien PET-Auflagersegmenten, eingebettet in Schlauch- oder Plattenwa;40,0;St;gaeb;vom_unternehmen_auszufuellende_dokumente/20260717_SBH_LV_VE1-410-1a.X83
1650;jedoch DN 90, als Systemlösung aus Träger und Schelle gemeinsam mit Schwitzwasserdämmung entsprechend Titel Abwasseranlagen Dämmarbeiten Regenwasser, nach DIN 4140 2023-05, mit thermisch entkoppeltem Rohrträger, bestehend aus FCKW-freien PET-Auflagersegmenten, eingebettet in Schlauch- oder Plattenwa;30,0;St;gaeb;vom_unternehmen_auszufuellende_dokumente/20260717_SBH_LV_VE1-410-1a.X83
1660;jedoch DN 100, als Systemlösung aus Träger und Schelle gemeinsam mit Schwitzwasserdämmung entsprechend Titel Abwasseranlagen Dämmarbeiten Regenwasser, nach DIN 4140 2023-05, mit thermisch entkoppeltem Rohrträger, bestehend aus FCKW-freien PET-Auflagersegmenten, eingebettet in Schlauch- oder Plattenw;30,0;St;gaeb;vom_unternehmen_auszufuellende_dokumente/20260717_SBH_LV_VE1-410-1a.X83
1670;jedoch DN 125, als Systemlösung aus Träger und Schelle gemeinsam mit Schwitzwasserdämmung entsprechend Titel Abwasseranlagen Dämmarbeiten Regenwasser, nach DIN 4140 2023-05, mit thermisch entkoppeltem Rohrträger, bestehend aus FCKW-freien PET-Auflagersegmenten, eingebettet in Schlauch- oder Plattenw;5,0;St;gaeb;vom_unternehmen_auszufuellende_dokumente/20260717_SBH_LV_VE1-410-1a.X83
1680;jedoch DN 150, als Systemlösung aus Träger und Schelle gemeinsam mit Schwitzwasserdämmung entsprechend Titel Abwasseranlagen Dämmarbeiten Regenwasser, nach DIN 4140 2023-05, mit thermisch entkoppeltem Rohrträger, bestehend aus FCKW-freien PET-Auflagersegmenten, eingebettet in Schlauch- oder Plattenw;2,0;St;gaeb;vom_unternehmen_auszufuellende_dokumente/20260717_SBH_LV_VE1-410-1a.X83
1690;jedoch DN 200, als Systemlösung aus Träger und Schelle gemeinsam mit Schwitzwasserdämmung entsprechend Titel Abwasseranlagen Dämmarbeiten Regenwasser, nach DIN 4140 2023-05, mit thermisch entkoppeltem Rohrträger, bestehend aus FCKW-freien PET-Auflagersegmenten, eingebettet in Schlauch- oder Plattenw;30,0;St;gaeb;vom_unternehmen_auszufuellende_dokumente/20260717_SBH_LV_VE1-410-1a.X83
1700;Grundplatte aus feuerverzinktem Stahl, rechteckig, Länge ca. 12 cm, Breite ca. 4 cm, Höhe ca. 2,1 cm,  mit 2 Löchern, mit Gewindemuffe G1/2 Innengewinde, für Fixpunkt- und Gleitbefestigungen;5,0;St;gaeb;vom_unternehmen_auszufuellende_dokumente/20260717_SBH_LV_VE1-410-1a.X83
1710;Aufhängeelement zum Befestigen von Tragschienen mit Vierkantprofil, von Leitungen an Decken und vertikal verlaufenden Leitungen an Wänden, einschließlich angeschweißter Langgewindemuffe, Material feuerverzinkt,;4,0;St;gaeb;vom_unternehmen_auszufuellende_dokumente/20260717_SBH_LV_VE1-410-1a.X83
1720;Tragschiene zum Befestigen von Rohrschellen, von Leitungen an Decken und vertikal verlaufenden Leitungen an Wänden, Material feuerverzinkt, ca. 30 x 30 mm;4,0;m;gaeb;vom_unternehmen_auszufuellende_dokumente/20260717_SBH_LV_VE1-410-1a.X83
1730;Verbindungselement zum Verbinden von Tragschienen mit Vierkantprofil, von Leitungen an Decken und vertikal verlaufenden Leitungen an Wänden, einschließlich aufgeschweißter Langgewindemuffe, Material feuerverzinkt,;6,0;St;gaeb;vom_unternehmen_auszufuellende_dokumente/20260717_SBH_LV_VE1-410-1a.X83
1740;Befestigungskeile zum sicheren Befestigung von Rohrschellen, Aufhängelementen und Verbindungselementen an vorgenannten Tragschienen;10,0;St;gaeb;vom_unternehmen_auszufuellende_dokumente/20260717_SBH_LV_VE1-410-1a.X83
1750;Anschluss einer Regenwasserleitung aus PE-Rohr DN 100, an die Muffe einer Grundleitung aus PP-Rohr DN 100 herstellen, einschließlich aller dafür notwendigen Form- und Verbindungsstücke sowie weiterer Kleinteile;10,0;St;gaeb;vom_unternehmen_auszufuellende_dokumente/20260717_SBH_LV_VE1-410-1a.X83
1760;jedoch Regenwasser- und Grundleitung DN 125;5,0;St;gaeb;vom_unternehmen_auszufuellende_dokumente/20260717_SBH_LV_VE1-410-1a.X83
1770;jedoch Regenwasser- und Grundleitung DN 150;5,0;St;gaeb;vom_unternehmen_auszufuellende_dokumente/20260717_SBH_LV_VE1-410-1a.X83
1780;jedoch Regenwasser- und Grundleitung DN 200;5,0;St;gaeb;vom_unternehmen_auszufuellende_dokumente/20260717_SBH_LV_VE1-410-1a.X83
10;Abwasserleitung aus gusseisernem, muffenlosem Rohr nach DIN EN 877, mit Prüfzeichen, innen mit Zweikomponenten-Epoxidharz-Beschichtung, außen mit Grundbeschichtung, Formstücke innen und außen epoxiert,;10,0;m;gaeb;vom_unternehmen_auszufuellende_dokumente/20260717_SBH_LV_VE1-410-1a.X83
20;jedoch DN 80;15,0;m;gaeb;vom_unternehmen_auszufuellende_dokumente/20260717_SBH_LV_VE1-410-1a.X83
30;jedoch DN 100;15,0;m;gaeb;vom_unternehmen_auszufuellende_dokumente/20260717_SBH_LV_VE1-410-1a.X83
40;jedoch DN 125;2,0;m;gaeb;vom_unternehmen_auszufuellende_dokumente/20260717_SBH_LV_VE1-410-1a.X83
50;jedoch DN 150;15,0;m;gaeb;vom_unternehmen_auszufuellende_dokumente/20260717_SBH_LV_VE1-410-1a.X83
60;jedoch DN 200;2,0;m;gaeb;vom_unternehmen_auszufuellende_dokumente/20260717_SBH_LV_VE1-410-1a.X83
70;jedoch Montagehöhe über 3,5 m bis 6,0 m, DN 50;2,0;m;gaeb;vom_unternehmen_auszufuellende_dokumente/20260717_SBH_LV_VE1-410-1a.X83
80;jedoch Montagehöhe über 3,5 m bis 6,0 m, DN 80;2,0;m;gaeb;vom_unternehmen_auszufuellende_dokumente/20260717_SBH_LV_VE1-410-1a.X83
90;jedoch Montagehöhe über 3,5 m bis 6,0 m, DN 100;15,0;m;gaeb;vom_unternehmen_auszufuellende_dokumente/20260717_SBH_LV_VE1-410-1a.X83
100;jedoch Montagehöhe über 3,5 m bis 6,0 m, DN 125;2,0;m;gaeb;vom_unternehmen_auszufuellende_dokumente/20260717_SBH_LV_VE1-410-1a.X83
110;jedoch Montagehöhe über 3,5 m bis 6,0 m, DN 150;15,0;m;gaeb;vom_unternehmen_auszufuellende_dokumente/20260717_SBH_LV_VE1-410-1a.X83
120;jedoch Montagehöhe über 3,5 m bis 6,0 m, DN 200;2,0;m;gaeb;vom_unternehmen_auszufuellende_dokumente/20260717_SBH_LV_VE1-410-1a.X83
130;Bogen, Formstück aus Gusseisen, für Abwasserleitungen aus gusseisernem, muffenlosem Rohr nach DIN EN 877, innen und außen epoxiert, in handelsüblichen Gradzahlen, Montagehöhe bis 6,0 m, DN 50;25,0;St;gaeb;vom_unternehmen_auszufuellende_dokumente/20260717_SBH_LV_VE1-410-1a.X83
140;jedoch DN 80;15,0;St;gaeb;vom_unternehmen_auszufuellende_dokumente/20260717_SBH_LV_VE1-410-1a.X83
150;jedoch DN 100;35,0;St;gaeb;vom_unternehmen_auszufuellende_dokumente/20260717_SBH_LV_VE1-410-1a.X83
160;jedoch DN 125;5,0;St;gaeb;vom_unternehmen_auszufuellende_dokumente/20260717_SBH_LV_VE1-410-1a.X83
170;jedoch DN 150;35,0;St;gaeb;vom_unternehmen_auszufuellende_dokumente/20260717_SBH_LV_VE1-410-1a.X83
180;jedoch DN 200;2,0;St;gaeb;vom_unternehmen_auszufuellende_dokumente/20260717_SBH_LV_VE1-410-1a.X83
190;Passstück bis 50 cm, Formstück aus Gusseisen, für Abwasserleitungen aus gusseisernem, muffenlosem Rohr nach DIN EN 877, innen und außen epoxiert,;2,0;St;gaeb;vom_unternehmen_auszufuellende_dokumente/20260717_SBH_LV_VE1-410-1a.X83
200;jedoch DN 80;2,0;St;gaeb;vom_unternehmen_auszufuellende_dokumente/20260717_SBH_LV_VE1-410-1a.X83
210;jedoch DN 100;2,0;St;gaeb;vom_unternehmen_auszufuellende_dokumente/20260717_SBH_LV_VE1-410-1a.X83
220;jedoch DN 125;2,0;St;gaeb;vom_unternehmen_auszufuellende_dokumente/20260717_SBH_LV_VE1-410-1a.X83
230;jedoch DN 150;2,0;St;gaeb;vom_unternehmen_auszufuellende_dokumente/20260717_SBH_LV_VE1-410-1a.X83
240;jedoch DN 200;2,0;St;gaeb;vom_unternehmen_auszufuellende_dokumente/20260717_SBH_LV_VE1-410-1a.X83
250;Einfachabzweig, Formstück aus Gusseisen, für Abwasserleitungen aus gusseisernem, muffenlosem Rohr nach DIN EN 877, innen und außen epoxiert, in handelsüblichen Gradzahlen, auch als Abzweig mit Reduzierung,;2,0;St;gaeb;vom_unternehmen_auszufuellende_dokumente/20260717_SBH_LV_VE1-410-1a.X83
260;jedoch DN 80, 2. DN bis 80;2,0;St;gaeb;vom_unternehmen_auszufuellende_dokumente/20260717_SBH_LV_VE1-410-1a.X83
270;jedoch DN 100, 2. DN bis 100;2,0;St;gaeb;vom_unternehmen_auszufuellende_dokumente/20260717_SBH_LV_VE1-410-1a.X83
280;jedoch DN 125, 2. DN bis 125;2,0;St;gaeb;vom_unternehmen_auszufuellende_dokumente/20260717_SBH_LV_VE1-410-1a.X83
290;jedoch DN 150, 2. DN bis 150;2,0;St;gaeb;vom_unternehmen_auszufuellende_dokumente/20260717_SBH_LV_VE1-410-1a.X83
300;jedoch DN 200, 2. DN bis 200;2,0;St;gaeb;vom_unternehmen_auszufuellende_dokumente/20260717_SBH_LV_VE1-410-1a.X83
310;Eckabzweig, Formstück aus Gusseisen, für Abwasserleitungen aus gusseisernem, muffenlosem Rohr nach DIN EN 877, innen und außen epoxiert, 88,5°, Spreizwinkel 90°, auch als Abzweig mit Reduzierung, Montagehöhe bis 6,0 m, DN 80, 2. DN 80, 3. DN 80;2,0;St;gaeb;vom_unternehmen_auszufuellende_dokumente/20260717_SBH_LV_VE1-410-1a.X83
320;jedoch DN 100, 2. DN bis 100, 3. DN bis 100;2,0;St;gaeb;vom_unternehmen_auszufuellende_dokumente/20260717_SBH_LV_VE1-410-1a.X83
330;jedoch DN 125, 2. DN 100, 3. DN 100;2,0;St;gaeb;vom_unternehmen_auszufuellende_dokumente/20260717_SBH_LV_VE1-410-1a.X83
340;Doppelanschlussbogen, Formstück aus Gusseisen, für Abwasserleitungen aus gusseisernem, muffenlosem Rohr nach DIN EN 877, innen und außen epoxiert, 90 Grad, Montagehöhe bis 6,0 m, DN 50;2,0;St;gaeb;vom_unternehmen_auszufuellende_dokumente/20260717_SBH_LV_VE1-410-1a.X83
350;Übergangsrohr, Formstück aus Gusseisen, für Abwasserleitungen aus gusseisernem, muffenlosem Rohr nach DIN EN 877, innen und außen epoxiert, exzentrisch,;2,0;St;gaeb;vom_unternehmen_auszufuellende_dokumente/20260717_SBH_LV_VE1-410-1a.X83
360;jedoch DN 100, 2. DN bis 80;2,0;St;gaeb;vom_unternehmen_auszufuellende_dokumente/20260717_SBH_LV_VE1-410-1a.X83
370;jedoch DN 125, 2. DN bis 100;2,0;St;gaeb;vom_unternehmen_auszufuellende_dokumente/20260717_SBH_LV_VE1-410-1a.X83
380;jedoch DN 150, 2. DN bis 125;2,0;St;gaeb;vom_unternehmen_auszufuellende_dokumente/20260717_SBH_LV_VE1-410-1a.X83
390;jedoch DN 200, 2. DN bis 150;2,0;St;gaeb;vom_unternehmen_auszufuellende_dokumente/20260717_SBH_LV_VE1-410-1a.X83
400;Reinigungsrohr, Formstück aus Gusseisen, für Abwasserleitungen aus gusseisernem, muffenlosem Rohr nach DIN EN 877, innen und außen epoxiert, mit runder Öffnung, mit Verschlussdeckel, Montagehöhe bis 6,0 m, DN 50;1,0;St;gaeb;vom_unternehmen_auszufuellende_dokumente/20260717_SBH_LV_VE1-410-1a.X83
410;jedoch DN 80;1,0;St;gaeb;vom_unternehmen_auszufuellende_dokumente/20260717_SBH_LV_VE1-410-1a.X83
420;jedoch DN 100;3,0;St;gaeb;vom_unternehmen_auszufuellende_dokumente/20260717_SBH_LV_VE1-410-1a.X83
430;jedoch mit rechteckiger Öffnung, DN 125;1,0;St;gaeb;vom_unternehmen_auszufuellende_dokumente/20260717_SBH_LV_VE1-410-1a.X83
440;jedoch mit rechteckiger Öffnung, DN 150;1,0;St;gaeb;vom_unternehmen_auszufuellende_dokumente/20260717_SBH_LV_VE1-410-1a.X83
450;jedoch mit rechteckiger Öffnung, DN 200;1,0;St;gaeb;vom_unternehmen_auszufuellende_dokumente/20260717_SBH_LV_VE1-410-1a.X83
460;Fallrohrstütze, Formstück aus Gusseisen, für Abwasserleitungen aus gusseisernem, muffenlosem Rohr nach DIN EN 877, innen und außen epoxiert, mit Auflagerung mit einvulkanisiertem Gummiring, einschließlich Fertigkonsolen, Schrauben, Gewindeplatten, Durchsteckankern, DN 50;1,0;St;gaeb;vom_unternehmen_auszufuellende_dokumente/20260717_SBH_LV_VE1-410-1a.X83
470;jedoch DN 100;2,0;St;gaeb;vom_unternehmen_auszufuellende_dokumente/20260717_SBH_LV_VE1-410-1a.X83
480;jedoch DN 125;1,0;St;gaeb;vom_unternehmen_auszufuellende_dokumente/20260717_SBH_LV_VE1-410-1a.X83
490;jedoch DN 150;1,0;St;gaeb;vom_unternehmen_auszufuellende_dokumente/20260717_SBH_LV_VE1-410-1a.X83
500;jedoch DN 200;1,0;St;gaeb;vom_unternehmen_auszufuellende_dokumente/20260717_SBH_LV_VE1-410-1a.X83
510;Geruchsverschluss, Formstück aus Gusseisen, für Abwasserleitungen aus gusseisernem, muffenlosem Rohr nach DIN EN 877, innen und außen epoxiert, waagerechte Ausführung mit Reinigungsöffnung, Montagehöhe bis 6,0 m,;2,0;St;gaeb;vom_unternehmen_auszufuellende_dokumente/20260717_SBH_LV_VE1-410-1a.X83
520;jedoch DN 80;2,0;St;gaeb;vom_unternehmen_auszufuellende_dokumente/20260717_SBH_LV_VE1-410-1a.X83
530;jedoch DN 100;1,0;St;gaeb;vom_unternehmen_auszufuellende_dokumente/20260717_SBH_LV_VE1-410-1a.X83
540;jedoch DN 125;1,0;St;gaeb;vom_unternehmen_auszufuellende_dokumente/20260717_SBH_LV_VE1-410-1a.X83
550;jedoch DN 150;1,0;St;gaeb;vom_unternehmen_auszufuellende_dokumente/20260717_SBH_LV_VE1-410-1a.X83
560;jedoch DN 200;1,0;St;gaeb;vom_unternehmen_auszufuellende_dokumente/20260717_SBH_LV_VE1-410-1a.X83
570;Enddeckel, Formstück aus Gusseisen, für Abwasserleitungen aus gusseisernem, muffenlosem Rohr nach DIN EN 877, innen und außen epoxiert, Montagehöhe bis 6,0 m, DN 50;1,0;St;gaeb;vom_unternehmen_auszufuellende_dokumente/20260717_SBH_LV_VE1-410-1a.X83
580;jedoch DN 80;1,0;St;gaeb;vom_unternehmen_auszufuellende_dokumente/20260717_SBH_LV_VE1-410-1a.X83
590;jedoch DN 100;1,0;St;gaeb;vom_unternehmen_auszufuellende_dokumente/20260717_SBH_LV_VE1-410-1a.X83
600;jedoch DN 125;1,0;St;gaeb;vom_unternehmen_auszufuellende_dokumente/20260717_SBH_LV_VE1-410-1a.X83
610;jedoch DN 150;1,0;St;gaeb;vom_unternehmen_auszufuellende_dokumente/20260717_SBH_LV_VE1-410-1a.X83
620;jedoch DN 200;1,0;St;gaeb;vom_unternehmen_auszufuellende_dokumente/20260717_SBH_LV_VE1-410-1a.X83
630;Enddeckel, Formstück aus Gusseisen, für Abwasserleitungen aus gusseisernem, muffenlosem Rohr nach DIN EN 877, innen und außen epoxiert, mit galvanisch verzinkter Klemmschelle und Gummidichtung aus EPDM, Montagehöhe bis 6,0 m,;1,0;St;gaeb;vom_unternehmen_auszufuellende_dokumente/20260717_SBH_LV_VE1-410-1a.X83
640;jedoch DN 125;1,0;St;gaeb;vom_unternehmen_auszufuellende_dokumente/20260717_SBH_LV_VE1-410-1a.X83
650;jedoch DN 150;1,0;St;gaeb;vom_unternehmen_auszufuellende_dokumente/20260717_SBH_LV_VE1-410-1a.X83
660;jedoch DN 200;1,0;St;gaeb;vom_unternehmen_auszufuellende_dokumente/20260717_SBH_LV_VE1-410-1a.X83
670;Rohrverbindung, für Abwasserleitungen aus gusseisernem, muffenlosem Rohr nach DIN EN 877, Profilschelle aus stabilisiertem Chromstahl, Werkstoff-Nr. 1.4510/11,  Verschlussteil mit Schraube, Spannköpfe aus Werkstoff-Nr. 1.4301, Schraube, Scheibe und Vierkantmutter chromfrei beschichtet, komplett mit ;50,0;St;gaeb;vom_unternehmen_auszufuellende_dokumente/20260717_SBH_LV_VE1-410-1a.X83
680;jedoch DN 80;25,0;St;gaeb;vom_unternehmen_auszufuellende_dokumente/20260717_SBH_LV_VE1-410-1a.X83
690;jedoch DN 100;70,0;St;gaeb;vom_unternehmen_auszufuellende_dokumente/20260717_SBH_LV_VE1-410-1a.X83
700;jedoch DN 125;5,0;St;gaeb;vom_unternehmen_auszufuellende_dokumente/20260717_SBH_LV_VE1-410-1a.X83
710;jedoch DN 150;50,0;St;gaeb;vom_unternehmen_auszufuellende_dokumente/20260717_SBH_LV_VE1-410-1a.X83
720;jedoch DN 200;2,0;St;gaeb;vom_unternehmen_auszufuellende_dokumente/20260717_SBH_LV_VE1-410-1a.X83
730;Anschlussmuffe, aus Elastomer mit Dichtlippen und Spannschelle aus nicht rostendem Stahl, Werkstoff-Nr 1.4510/11, mit vorgestochenen Anschlussringen für unterschiedliche Außendurchmesser, zum Übergang auf andere Werkstoffe, für Abwasserleitungen aus gusseisernem, muffenlosem Rohr nach DIN EN 877, DN;4,0;St;gaeb;vom_unternehmen_auszufuellende_dokumente/20260717_SBH_LV_VE1-410-1a.X83
740;jedoch DN 80;2,0;St;gaeb;vom_unternehmen_auszufuellende_dokumente/20260717_SBH_LV_VE1-410-1a.X83
750;jedoch DN 100;2,0;St;gaeb;vom_unternehmen_auszufuellende_dokumente/20260717_SBH_LV_VE1-410-1a.X83
760;jedoch DN 125;2,0;St;gaeb;vom_unternehmen_auszufuellende_dokumente/20260717_SBH_LV_VE1-410-1a.X83
770;Rohraufhängung, aus verzinktem Stahl, mit körperschalldämmenden Einlagen und Schnellverschluss, Anforderungen entsprechend DIN 4109, Temperaturberei;20,0;St;gaeb;vom_unternehmen_auszufuellende_dokumente/20260717_SBH_LV_VE1-410-1a.X83
780;jedoch DN 80;15,0;St;gaeb;vom_unternehmen_auszufuellende_dokumente/20260717_SBH_LV_VE1-410-1a.X83
790;jedoch DN 100;50,0;St;gaeb;vom_unternehmen_auszufuellende_dokumente/20260717_SBH_LV_VE1-410-1a.X83
800;jedoch DN 125;5,0;St;gaeb;vom_unternehmen_auszufuellende_dokumente/20260717_SBH_LV_VE1-410-1a.X83
810;jedoch DN 150;40,0;St;gaeb;vom_unternehmen_auszufuellende_dokumente/20260717_SBH_LV_VE1-410-1a.X83
820;jedoch DN 200;5,0;St;gaeb;vom_unternehmen_auszufuellende_dokumente/20260717_SBH_LV_VE1-410-1a.X83
830;Heißwasserbeständiges Rohrleitungssystem mit Steckmuffen, zur Verlegung als Abwasserleitung für Schwerkraftentwässerung innerhalb von Gebäuden nach DIN EN 12056 und DIN 1986-100. Abmessungen der Rohre und Formteile entsprechend DIN EN 1451-1 sowie den Angaben in der allgemeinen bauaufsichtlichen Zul;10,0;m;gaeb;vom_unternehmen_auszufuellende_dokumente/20260717_SBH_LV_VE1-410-1a.X83
840;jedoch DN 40;15,0;m;gaeb;vom_unternehmen_auszufuellende_dokumente/20260717_SBH_LV_VE1-410-1a.X83
850;jedoch DN 50;150,0;m;gaeb;vom_unternehmen_auszufuellende_dokumente/20260717_SBH_LV_VE1-410-1a.X83
860;jedoch DN 70;280,0;m;gaeb;vom_unternehmen_auszufuellende_dokumente/20260717_SBH_LV_VE1-410-1a.X83
870;jedoch DN 90;5,0;m;gaeb;vom_unternehmen_auszufuellende_dokumente/20260717_SBH_LV_VE1-410-1a.X83
880;jedoch DN 100;300,0;m;gaeb;vom_unternehmen_auszufuellende_dokumente/20260717_SBH_LV_VE1-410-1a.X83
890;jedoch DN 125;150,0;m;gaeb;vom_unternehmen_auszufuellende_dokumente/20260717_SBH_LV_VE1-410-1a.X83
900;jedoch DN 150;30,0;m;gaeb;vom_unternehmen_auszufuellende_dokumente/20260717_SBH_LV_VE1-410-1a.X83
910;jedoch Montagehöhe über 3,5 m bis 6,0 m, DN 50;5,0;m;gaeb;vom_unternehmen_auszufuellende_dokumente/20260717_SBH_LV_VE1-410-1a.X83
920;jedoch Montagehöhe bis 6,0 m, DN 70;5,0;m;gaeb;vom_unternehmen_auszufuellende_dokumente/20260717_SBH_LV_VE1-410-1a.X83
930;jedoch Montagehöhe bis 6,0 m, DN 90;5,0;m;gaeb;vom_unternehmen_auszufuellende_dokumente/20260717_SBH_LV_VE1-410-1a.X83
940;jedoch Montagehöhe bis 6,0 m, DN 100;50,0;m;gaeb;vom_unternehmen_auszufuellende_dokumente/20260717_SBH_LV_VE1-410-1a.X83
950;jedoch Montagehöhe bis 6,0 m, DN 125;50,0;m;gaeb;vom_unternehmen_auszufuellende_dokumente/20260717_SBH_LV_VE1-410-1a.X83
960;jedoch Montagehöhe bis 6,0 m, DN 150;15,0;m;gaeb;vom_unternehmen_auszufuellende_dokumente/20260717_SBH_LV_VE1-410-1a.X83
970;Bogen, für Abwasserleitung aus schallgedämmten Kunststoffrohr mit Steckmuffen, alle Winkelgrade,;10,0;St;gaeb;vom_unternehmen_auszufuellende_dokumente/20260717_SBH_LV_VE1-410-1a.X83
980;jedoch DN 40;20,0;St;gaeb;vom_unternehmen_auszufuellende_dokumente/20260717_SBH_LV_VE1-410-1a.X83
990;jedoch DN 50;250,0;St;gaeb;vom_unternehmen_auszufuellende_dokumente/20260717_SBH_LV_VE1-410-1a.X83
1000;jedoch DN 70;400,0;St;gaeb;vom_unternehmen_auszufuellende_dokumente/20260717_SBH_LV_VE1-410-1a.X83
1010;jedoch DN 90;10,0;St;gaeb;vom_unternehmen_auszufuellende_dokumente/20260717_SBH_LV_VE1-410-1a.X83
1020;jedoch DN 100;260,0;St;gaeb;vom_unternehmen_auszufuellende_dokumente/20260717_SBH_LV_VE1-410-1a.X83
1030;jedoch DN 125;120,0;St;gaeb;vom_unternehmen_auszufuellende_dokumente/20260717_SBH_LV_VE1-410-1a.X83
1040;jedoch DN 150;40,0;St;gaeb;vom_unternehmen_auszufuellende_dokumente/20260717_SBH_LV_VE1-410-1a.X83
1050;Einfachabzweig aller Winkelgrade, für Abwasserleitung aus schallgedämmten Kunststoffrohr mit Steckmuffen, alle Anschlussdimensionen, Abzweig reduziert oder gleiche Nennweite, Montagehöhe bis 6,0 m, DN 40.;5,0;St;gaeb;vom_unternehmen_auszufuellende_dokumente/20260717_SBH_LV_VE1-410-1a.X83
1060;jedoch DN 50;10,0;St;gaeb;vom_unternehmen_auszufuellende_dokumente/20260717_SBH_LV_VE1-410-1a.X83
1070;jedoch DN 70;45,0;St;gaeb;vom_unternehmen_auszufuellende_dokumente/20260717_SBH_LV_VE1-410-1a.X83
1080;jedoch DN 90;5,0;St;gaeb;vom_unternehmen_auszufuellende_dokumente/20260717_SBH_LV_VE1-410-1a.X83
1090;jedoch DN 100;130,0;St;gaeb;vom_unternehmen_auszufuellende_dokumente/20260717_SBH_LV_VE1-410-1a.X83
1100;jedoch DN 125;50,0;St;gaeb;vom_unternehmen_auszufuellende_dokumente/20260717_SBH_LV_VE1-410-1a.X83
1110;jedoch DN 150;15,0;St;gaeb;vom_unternehmen_auszufuellende_dokumente/20260717_SBH_LV_VE1-410-1a.X83
1120;jedoch als Doppelabzweig DN 90;2,0;St;gaeb;vom_unternehmen_auszufuellende_dokumente/20260717_SBH_LV_VE1-410-1a.X83
1130;jedoch als Doppelabzweig DN 100;2,0;St;gaeb;vom_unternehmen_auszufuellende_dokumente/20260717_SBH_LV_VE1-410-1a.X83
1140;jedoch als Eckdoppelabzweig Dimension DN 90;2,0;St;gaeb;vom_unternehmen_auszufuellende_dokumente/20260717_SBH_LV_VE1-410-1a.X83
1150;jedoch als Eckdoppelabzweig Dimension DN 100;2,0;St;gaeb;vom_unternehmen_auszufuellende_dokumente/20260717_SBH_LV_VE1-410-1a.X83
1160;jedoch als Doppelanschlussbogen, DN 100/90/90;2,0;St;gaeb;vom_unternehmen_auszufuellende_dokumente/20260717_SBH_LV_VE1-410-1a.X83
1170;jedoch als Doppelanschlussbogen, DN 100/100/100;2,0;St;gaeb;vom_unternehmen_auszufuellende_dokumente/20260717_SBH_LV_VE1-410-1a.X83
1180;Reduktion, exzentrisch, für Abwasserleitung aus schallgedämmten Kunststoffrohr mit Steckmuffen, Montagehöhe bis 6,0 m, DN 50 (größter Durchmesser);5,0;St;gaeb;vom_unternehmen_auszufuellende_dokumente/20260717_SBH_LV_VE1-410-1a.X83
1190;jedoch DN 70;10,0;St;gaeb;vom_unternehmen_auszufuellende_dokumente/20260717_SBH_LV_VE1-410-1a.X83
1200;jedoch DN 90;5,0;St;gaeb;vom_unternehmen_auszufuellende_dokumente/20260717_SBH_LV_VE1-410-1a.X83
1210;jedoch DN 100;20,0;St;gaeb;vom_unternehmen_auszufuellende_dokumente/20260717_SBH_LV_VE1-410-1a.X83
1220;jedoch DN 125;20,0;St;gaeb;vom_unternehmen_auszufuellende_dokumente/20260717_SBH_LV_VE1-410-1a.X83
1230;jedoch DN 150;15,0;St;gaeb;vom_unternehmen_auszufuellende_dokumente/20260717_SBH_LV_VE1-410-1a.X83
1240;Doppelmuffe, für Abwasserleitung aus schallgedämmten Kunststoffrohr mit Steckmuffen, Montagehöhe bis 6,0 m, DN 40;2,0;St;gaeb;vom_unternehmen_auszufuellende_dokumente/20260717_SBH_LV_VE1-410-1a.X83
1250;jedoch DN 50;2,0;St;gaeb;vom_unternehmen_auszufuellende_dokumente/20260717_SBH_LV_VE1-410-1a.X83
1260;jedoch DN 70;10,0;St;gaeb;vom_unternehmen_auszufuellende_dokumente/20260717_SBH_LV_VE1-410-1a.X83
1270;jedoch DN 90;5,0;St;gaeb;vom_unternehmen_auszufuellende_dokumente/20260717_SBH_LV_VE1-410-1a.X83
1280;jedoch DN 100;15,0;St;gaeb;vom_unternehmen_auszufuellende_dokumente/20260717_SBH_LV_VE1-410-1a.X83
1290;jedoch DN 125;15,0;St;gaeb;vom_unternehmen_auszufuellende_dokumente/20260717_SBH_LV_VE1-410-1a.X83
1300;jedoch DN 150;10,0;St;gaeb;vom_unternehmen_auszufuellende_dokumente/20260717_SBH_LV_VE1-410-1a.X83
1310;Reinigungsrrohr mit runder Öffnung, für Abwasserleitung aus schallgedämmten Kunststoffrohr mit Steckmuffen, Montagehöhe bis 6,0 m, DN 70;5,0;St;gaeb;vom_unternehmen_auszufuellende_dokumente/20260717_SBH_LV_VE1-410-1a.X83
1320;jedoch DN 90;2,0;St;gaeb;vom_unternehmen_auszufuellende_dokumente/20260717_SBH_LV_VE1-410-1a.X83
1330;jedoch DN 100;15,0;St;gaeb;vom_unternehmen_auszufuellende_dokumente/20260717_SBH_LV_VE1-410-1a.X83
1340;jedoch DN 125;15,0;St;gaeb;vom_unternehmen_auszufuellende_dokumente/20260717_SBH_LV_VE1-410-1a.X83
1350;jedoch DN 150;10,0;St;gaeb;vom_unternehmen_auszufuellende_dokumente/20260717_SBH_LV_VE1-410-1a.X83
1360;Muffenstopfen, für Abwasserleitung aus schallgedämmten Kunststoffrohr mit Steckmuffen, Montagehöhe bis 6,0 m, DN 40;5,0;St;gaeb;vom_unternehmen_auszufuellende_dokumente/20260717_SBH_LV_VE1-410-1a.X83
1370;jedoch DN 70;5,0;St;gaeb;vom_unternehmen_auszufuellende_dokumente/20260717_SBH_LV_VE1-410-1a.X83
1380;jedoch DN 90;2,0;St;gaeb;vom_unternehmen_auszufuellende_dokumente/20260717_SBH_LV_VE1-410-1a.X83
1390;jedoch DN 100;5,0;St;gaeb;vom_unternehmen_auszufuellende_dokumente/20260717_SBH_LV_VE1-410-1a.X83
1400;jedoch DN 125;5,0;St;gaeb;vom_unternehmen_auszufuellende_dokumente/20260717_SBH_LV_VE1-410-1a.X83
1410;jedoch DN 150;2,0;St;gaeb;vom_unternehmen_auszufuellende_dokumente/20260717_SBH_LV_VE1-410-1a.X83
1420;Übergangsmanschette DN 50, für Abwasserleitung, aus Gummi, Montagehöhe bis 6,0 m, DN 50, zum Anschluss von Rohrleitungen anderer Werkstoffe (Metallleitungen).;5,0;St;gaeb;vom_unternehmen_auszufuellende_dokumente/20260717_SBH_LV_VE1-410-1a.X83
1430;jedoch DN 70;5,0;St;gaeb;vom_unternehmen_auszufuellende_dokumente/20260717_SBH_LV_VE1-410-1a.X83
1440;jedoch DN 90;2,0;St;gaeb;vom_unternehmen_auszufuellende_dokumente/20260717_SBH_LV_VE1-410-1a.X83
1450;jedoch DN 100;5,0;St;gaeb;vom_unternehmen_auszufuellende_dokumente/20260717_SBH_LV_VE1-410-1a.X83
1460;jedoch DN 125;5,0;St;gaeb;vom_unternehmen_auszufuellende_dokumente/20260717_SBH_LV_VE1-410-1a.X83
1470;jedoch DN 150;2,0;St;gaeb;vom_unternehmen_auszufuellende_dokumente/20260717_SBH_LV_VE1-410-1a.X83
1480;Rohraufhängung, aus verzinktem Stahl, mit körperschalldämmenden Einlagen und Schnellverschluss, Anforderungen entsprechend DIN 4109, Temperaturberei;300,0;St;gaeb;vom_unternehmen_auszufuellende_dokumente/20260717_SBH_LV_VE1-410-1a.X83
1490;jedoch DN 40;150,0;St;gaeb;vom_unternehmen_auszufuellende_dokumente/20260717_SBH_LV_VE1-410-1a.X83
1500;jedoch DN 50;150,0;St;gaeb;vom_unternehmen_auszufuellende_dokumente/20260717_SBH_LV_VE1-410-1a.X83
1510;jedoch DN 70;280,0;St;gaeb;vom_unternehmen_auszufuellende_dokumente/20260717_SBH_LV_VE1-410-1a.X83
1520;jedoch DN 90;10,0;St;gaeb;vom_unternehmen_auszufuellende_dokumente/20260717_SBH_LV_VE1-410-1a.X83
1530;jedoch DN 100;300,0;St;gaeb;vom_unternehmen_auszufuellende_dokumente/20260717_SBH_LV_VE1-410-1a.X83
1540;jedoch DN 125;200,0;St;gaeb;vom_unternehmen_auszufuellende_dokumente/20260717_SBH_LV_VE1-410-1a.X83
1550;jedoch DN 150;50,0;St;gaeb;vom_unternehmen_auszufuellende_dokumente/20260717_SBH_LV_VE1-410-1a.X83
1560;"Mehraufwand für Installation von vorgenannte Rohrleitungen sowie Form- und Verbindungsstücken aus Kunststoff einschließlich zugehöriger Rohraufhängungen; DN 50, Installation in einem Bereich im 1.UG der Männerhalle mit geringer lichter Raumhöhe. Oberhalb des Bereichs befinden sich Sanitärräume mit B";20,0;m;gaeb;vom_unternehmen_auszufuellende_dokumente/20260717_SBH_LV_VE1-410-1a.X83
1570;jedoch DN 70;60,0;m;gaeb;vom_unternehmen_auszufuellende_dokumente/20260717_SBH_LV_VE1-410-1a.X83
1580;jedoch DN 90;10,0;m;gaeb;vom_unternehmen_auszufuellende_dokumente/20260717_SBH_LV_VE1-410-1a.X83
1590;jedoch DN 100;30,0;m;gaeb;vom_unternehmen_auszufuellende_dokumente/20260717_SBH_LV_VE1-410-1a.X83
1600;jedoch DN 125;15,0;m;gaeb;vom_unternehmen_auszufuellende_dokumente/20260717_SBH_LV_VE1-410-1a.X83
1610;jedoch DN 150;10,0;m;gaeb;vom_unternehmen_auszufuellende_dokumente/20260717_SBH_LV_VE1-410-1a.X83
1620;Anschluss einer Abwasserleitung aus HT-PP-Rohr DN 100 nach DIN EN 1451-1 , an die Muffe einer Grundleitung aus;5,0;St;gaeb;vom_unternehmen_auszufuellende_dokumente/20260717_SBH_LV_VE1-410-1a.X83
1630;jedoch DN 125;2,0;St;gaeb;vom_unternehmen_auszufuellende_dokumente/20260717_SBH_LV_VE1-410-1a.X83
1640;jedoch DN 150;1,0;St;gaeb;vom_unternehmen_auszufuellende_dokumente/20260717_SBH_LV_VE1-410-1a.X83
1650;jedoch DN 200;1,0;St;gaeb;vom_unternehmen_auszufuellende_dokumente/20260717_SBH_LV_VE1-410-1a.X83
1660;"Röhrengeruchsverschluss Kunststoff für Installation hinter bauseitiger Verkleidung, 1 1/4"" x 40 mm, inkl. verstellbarem Tauchrohr, Anschlussrohr";15,0;St;gaeb;vom_unternehmen_auszufuellende_dokumente/20260717_SBH_LV_VE1-410-1a.X83
1670;Rohrbelüfter DN 50, Bauart geprüft und überwacht nach DIN 12380, Typenklasse A1, mit Übergangsdichtung, Volumenstrom 8 l/s, integrierte Wärmedämmung, frostsicher bis -20°C.;2,0;St;gaeb;vom_unternehmen_auszufuellende_dokumente/20260717_SBH_LV_VE1-410-1a.X83
1680;Anschluss an Schmutzwasser-Dachhaube herstellen,;1,0;St;gaeb;vom_unternehmen_auszufuellende_dokumente/20260717_SBH_LV_VE1-410-1a.X83
1690;jedoch DN 80/90;2,0;St;gaeb;vom_unternehmen_auszufuellende_dokumente/20260717_SBH_LV_VE1-410-1a.X83
1700;jedoch DN 100;4,0;St;gaeb;vom_unternehmen_auszufuellende_dokumente/20260717_SBH_LV_VE1-410-1a.X83
1710;jedoch DN 125;6,0;St;gaeb;vom_unternehmen_auszufuellende_dokumente/20260717_SBH_LV_VE1-410-1a.X83
1720;jedoch DN 150;2,0;St;gaeb;vom_unternehmen_auszufuellende_dokumente/20260717_SBH_LV_VE1-410-1a.X83
1730;jedoch DN 200;1,0;St;gaeb;vom_unternehmen_auszufuellende_dokumente/20260717_SBH_LV_VE1-410-1a.X83
10;Bodenablauf, DN 70 aus Edelstahl, Werkstoff-Nr. 1.4301 Stutzenneigung 90° geprüft nach DIN EN 1253, mit Klebeflansch, mit Bauzeitschutzdeckel, Abflussleistung 1,5 l/s;77,0;St;gaeb;vom_unternehmen_auszufuellende_dokumente/20260717_SBH_LV_VE1-410-1a.X83
20;Brandschutz-Einbauset aus nicht brennbarem Baustoff, Klasse A 1, zum mörtellosen Einbau in Kernbohrungen, Durchmesser max. 225 mm, passend zu vorgenannten Bodenabläufe DN 70;9,0;St;gaeb;vom_unternehmen_auszufuellende_dokumente/20260717_SBH_LV_VE1-410-1a.X83
30;Brandschutz-Glockengeruchverschluss DN 70, Feuerwiderstandsklasse R 30 bis R 120, Feuer- und Rauchverschluss zur nachträglichen Brandschutz-Ausrüstung von Ablaufkörpern DN 70, Stutzenneigung 90°, für vorgenannte Edelstahl-Bodenabläufe DN 70;9,0;St;gaeb;vom_unternehmen_auszufuellende_dokumente/20260717_SBH_LV_VE1-410-1a.X83
40;jedoch ohne Brandschutzanforderungen;68,0;St;gaeb;vom_unternehmen_auszufuellende_dokumente/20260717_SBH_LV_VE1-410-1a.X83
50;Aufsatzstück aus Kunststoff, Stutzendurchmesser ca. 125 mm;77,0;St;gaeb;vom_unternehmen_auszufuellende_dokumente/20260717_SBH_LV_VE1-410-1a.X83
60;Bodenablauf, DN 100 aus Edelstahl, Werkstoff-Nr. 1.4301 Stutzenneigung 90° geprüft nach DIN EN 1253, mit Klebeflansch, mit Bauzeitschutzdeckel, Abflussleistung 1,5 l/s;5,0;St;gaeb;vom_unternehmen_auszufuellende_dokumente/20260717_SBH_LV_VE1-410-1a.X83
70;Brandschutz-Einbauset aus nicht brennbarem Baustoff, Klasse A 1, zum mörtellosen Einbau in Kernbohrungen, Durchmesser max. 225 mm, passend zu vorgenannten Bodenabläufe DN 100;4,0;St;gaeb;vom_unternehmen_auszufuellende_dokumente/20260717_SBH_LV_VE1-410-1a.X83
80;Brandschutz-Glockengeruchverschluss DN 100, Feuerwiderstandsklasse R 30 bis R 120, Feuer- und Rauchverschluss zur nachträglichen Brandschutz-Ausrüstung von Ablaufkörpern DN 100, Stutzenneigung 90°, für vorgenannte Edelstahl-Bodenabläufe DN 100;4,0;St;gaeb;vom_unternehmen_auszufuellende_dokumente/20260717_SBH_LV_VE1-410-1a.X83
90;jedoch ohne Brandschutzanforderungen;1,0;St;gaeb;vom_unternehmen_auszufuellende_dokumente/20260717_SBH_LV_VE1-410-1a.X83
100;Aufsatzstück aus Kunststoff, Stutzendurchmesser ca. 125 mm;5,0;St;gaeb;vom_unternehmen_auszufuellende_dokumente/20260717_SBH_LV_VE1-410-1a.X83
110;Kastenrinne aus CrNi-Stahl, Werkstoff 1.4301, in Sonderanfertigung, mit Radien im Profil, Fertigungsoptimierte Endstücke, Materialdicke 1,5 mm, U-förmig abgekantet, mit Hohlraumverfüllung, in Schweißkonstruktion, sichtbare Flächen sowie Schweißnähte geschliffen, oberer umlaufender Rand 15 mm breit, ;2,0;St;gaeb;vom_unternehmen_auszufuellende_dokumente/20260717_SBH_LV_VE1-410-1a.X83
120;Bodenablauf, passend zur vorgenannten Kastenrinne, aus Biopolymer, dauerhaft korrosionsfreie Oberfläche, kurzfristig beflammbar bis 400 Grad, beständig gegen viele Säuren und Laugen, Stutzenneigung 90 Grad, geprüft gemäß DIN EN 1253-1, geprüfter integrierter Schallschutz gemäß VDI 4100:2012, SST III;6,0;St;gaeb;vom_unternehmen_auszufuellende_dokumente/20260717_SBH_LV_VE1-410-1a.X83
130;Duschrinne aus Edelstahl, mit Längs- und Quergefälle;2,0;St;gaeb;vom_unternehmen_auszufuellende_dokumente/20260717_SBH_LV_VE1-410-1a.X83
140;Bodenablauf, passend zur vorgenannten Duschrinne, aus Biopolymer, dauerhaft korrosionsfreie Oberfläche, kurzfristig beflammbar bis 400 Grad, beständig gegen viele Säuren und Laugen, Stutzenneigung 90 Grad, geprüft gemäß DIN EN 1253-1, geprüfter integrierter Schallschutz gemäß VDI 4100:2012, SST III ;2,0;St;gaeb;vom_unternehmen_auszufuellende_dokumente/20260717_SBH_LV_VE1-410-1a.X83
150;Duschrinne aus Edelstahl, mit Längs- und Quergefälle;4,0;St;gaeb;vom_unternehmen_auszufuellende_dokumente/20260717_SBH_LV_VE1-410-1a.X83
160;Bodenablauf, passend zur vorgenannten Duschrinne,;4,0;St;gaeb;vom_unternehmen_auszufuellende_dokumente/20260717_SBH_LV_VE1-410-1a.X83
10;Tauchmotorpumpe, voll überflutbar, transportabel oder stationär einsetzbar, mit Freistromrad, vertikalen Druckstutzen,;6,0;St;gaeb;vom_unternehmen_auszufuellende_dokumente/20260717_SBH_LV_VE1-410-1a.X83
20;Pumpensteuer- und Überwachungsgerät mit Bedieneinheit, als gemeinsame Steuereinheit für jeweils zwei der vorgenannten Tauchmotorpumpen für Redundanzbetrieb, Niveauerfassung erfolgt über Schwimmerschalter.;3,0;St;gaeb;vom_unternehmen_auszufuellende_dokumente/20260717_SBH_LV_VE1-410-1a.X83
30;"Kugelhahn für manuelle Absperrung Druckleitung der Tauchmotorpumpe; aus Edelstahl 1.4408; PN 10, R 1 1/2""";6,0;St;gaeb;vom_unternehmen_auszufuellende_dokumente/20260717_SBH_LV_VE1-410-1a.X83
40;"Rückschlagventil für Druckleitung der Tauchmotorpumpe, aus Edelstahl (1.4401), Rp 1 1/2""";6,0;St;gaeb;vom_unternehmen_auszufuellende_dokumente/20260717_SBH_LV_VE1-410-1a.X83
50;Schwimmschalter als Kontaktgeber für Schaltgeräte, Schaltergehäuse Polypropylen, maximale Förderguttemperatur;9,0;St;gaeb;vom_unternehmen_auszufuellende_dokumente/20260717_SBH_LV_VE1-410-1a.X83
60;Gewicht für Schwimmerschalter, zur Einstellung des Schaltpunktes bei hängender Montage von Schwimmerschaltern. Die Schwimmergewichte werden auf das Schwimmerkabel aufgeklippst und sind zur nachträglichen Montage geeignet.;9,0;St;gaeb;vom_unternehmen_auszufuellende_dokumente/20260717_SBH_LV_VE1-410-1a.X83
70;Auffangwanne aus HDPE-Kunststoff, Auffangvolumen ca. 220 l, inkl. Wannenfüßen, einschließlich passendem Kunststoff-Gitterrost mit Aussparung für Druckrohrleitungen,;1,0;St;gaeb;vom_unternehmen_auszufuellende_dokumente/20260717_SBH_LV_VE1-410-1a.X83
80;"Rohrleitung aus nicht rostendem Stahl, DN 32, 35 mm x 1,5 mm, Montagehöhe bis 3,5 m über Oberkante Gelände / Fußboden, Werkstoff-Nr 1.4401, mit dem Nachweis ""undicht im unverpressten Zustand"", geschweißt, für Abwasser, verbinden durch Pressfittings, aus nichtrostendem Stahl, einschl. Dichtungsmateri";8,0;m;gaeb;vom_unternehmen_auszufuellende_dokumente/20260717_SBH_LV_VE1-410-1a.X83
90;jedoch Montagehöhe über 3,5 m bis 6,0 m;6,0;m;gaeb;vom_unternehmen_auszufuellende_dokumente/20260717_SBH_LV_VE1-410-1a.X83
100;"Edelstahlwellschlauch, beidseitig 1 1/2"" AG, spalt- und gratfrei geschweißt, Schlauch aus Edelstahl 1.4404, Geflecht auf Edelstahl 1.4301, Länge 1,0 m";4,0;St;gaeb;vom_unternehmen_auszufuellende_dokumente/20260717_SBH_LV_VE1-410-1a.X83
110;jedoch Länge 1,5 m;2,0;St;gaeb;vom_unternehmen_auszufuellende_dokumente/20260717_SBH_LV_VE1-410-1a.X83
120;"Bogen DN 40, AD 42 mm, alle Winkelgrade, Edelstahl-Pressfittingsystem, für Schmutzwasser, aus nichtrostendem CrNiMo-Stahl, Werkstoff Nr.: 1.4401, mit dem Nachweis ""undicht im unverpressten Zustand"", mit Pressindikator zur Erkennung nicht verpresster Verbindung vor der Druckprobe, Montagehöhe bis 6,0";10,0;St;gaeb;vom_unternehmen_auszufuellende_dokumente/20260717_SBH_LV_VE1-410-1a.X83
130;"T-Stück DN 40 (42,0 mm), Abgang reduziert oder gleich, Edelstahl-Pressfittingsystem, für Schmutzwasser, aus nichtrostendem CrNiMo-Stahl, Werkstoff Nr.: 1.4401, mit dem Nachweis ""undicht im unverpressten Zustand"", mit Pressindikator zur Erkennung nicht verpresster Verbindung vor der Druckprobe, Monta";2,0;St;gaeb;vom_unternehmen_auszufuellende_dokumente/20260717_SBH_LV_VE1-410-1a.X83
140;"Muffe DN 40 (42,0 mm), Edelstahl-Pressfittingsystem, für Schmutzwasser, aus nichtrostendem CrNiMo-Stahl, Werkstoff Nr.: 1.4401, mit dem Nachweis ""undicht im unverpressten Zustand"", mit Pressindikator zur Erkennung nicht verpresster Verbindung vor der Druckprobe, Montagehöhe bis 6,0 m über Gelände / ";8,0;St;gaeb;vom_unternehmen_auszufuellende_dokumente/20260717_SBH_LV_VE1-410-1a.X83
150;"Anschlussverschraubung, mit Überwurfmutter aus Messing, DN 40 x 1 1/2"" IG, Edelstahl-Pressfittingsystem, für Schmutzwasser, aus nichtrostendem CrNiMo-Stahl, Werkstoff Nr.: 1.4401, mit dem Nachweis ""undicht im unverpressten Zustand"", mit Pressindikator zur Erkennung nicht verpresster Verbindung vor d";30,0;St;gaeb;vom_unternehmen_auszufuellende_dokumente/20260717_SBH_LV_VE1-410-1a.X83
160;Rohraufhängung, aus verzinktem Stahl, mit körperschalldämmenden Einlagen und Schnellverschluss, Anforderungen entsprechend DIN 4109, Temperaturberei;15,0;St;gaeb;vom_unternehmen_auszufuellende_dokumente/20260717_SBH_LV_VE1-410-1a.X83
10;Rohrschott F90 für vorbeschriebene Regenwasserleitungen, für Wand- und Deckendurchführung der Feuerwiderstandsklasse R 30 - R 90 nach DIN 4102 Teil 11, zum Schutz vor Rauch- und Feuerausbreitung, zum Einbau in Massivdecken und -wände / Leichte Trennwände der Feuerwiderstandsklasse F 30 - F 90, Monta;1,0;St;gaeb;vom_unternehmen_auszufuellende_dokumente/20260717_SBH_LV_VE1-410-1a.X83
20;jedoch DN 70;1,0;St;gaeb;vom_unternehmen_auszufuellende_dokumente/20260717_SBH_LV_VE1-410-1a.X83
30;jedoch DN 90;1,0;St;gaeb;vom_unternehmen_auszufuellende_dokumente/20260717_SBH_LV_VE1-410-1a.X83
40;jedoch DN 100;1,0;St;gaeb;vom_unternehmen_auszufuellende_dokumente/20260717_SBH_LV_VE1-410-1a.X83
50;jedoch DN 125;1,0;St;gaeb;vom_unternehmen_auszufuellende_dokumente/20260717_SBH_LV_VE1-410-1a.X83
60;jedoch DN 150;1,0;St;gaeb;vom_unternehmen_auszufuellende_dokumente/20260717_SBH_LV_VE1-410-1a.X83
70;jedoch DN 200;1,0;St;gaeb;vom_unternehmen_auszufuellende_dokumente/20260717_SBH_LV_VE1-410-1a.X83
80;Brandschutzmanschette;10,0;St;gaeb;vom_unternehmen_auszufuellende_dokumente/20260717_SBH_LV_VE1-410-1a.X83
90;jedoch;10,0;St;gaeb;vom_unternehmen_auszufuellende_dokumente/20260717_SBH_LV_VE1-410-1a.X83
100;jedoch;2,0;St;gaeb;vom_unternehmen_auszufuellende_dokumente/20260717_SBH_LV_VE1-410-1a.X83
110;jedoch;10,0;St;gaeb;vom_unternehmen_auszufuellende_dokumente/20260717_SBH_LV_VE1-410-1a.X83
120;jedoch;10,0;St;gaeb;vom_unternehmen_auszufuellende_dokumente/20260717_SBH_LV_VE1-410-1a.X83
130;jedoch;2,0;St;gaeb;vom_unternehmen_auszufuellende_dokumente/20260717_SBH_LV_VE1-410-1a.X83
140;jedoch;2,0;St;gaeb;vom_unternehmen_auszufuellende_dokumente/20260717_SBH_LV_VE1-410-1a.X83
150;R90-Rohrabschottung um nichtbrennbare Rohrleitungen, zur;2,0;St;gaeb;vom_unternehmen_auszufuellende_dokumente/20260717_SBH_LV_VE1-410-1a.X83
160;jedoch;4,0;St;gaeb;vom_unternehmen_auszufuellende_dokumente/20260717_SBH_LV_VE1-410-1a.X83
170;jedoch;10,0;St;gaeb;vom_unternehmen_auszufuellende_dokumente/20260717_SBH_LV_VE1-410-1a.X83
180;jedoch;5,0;St;gaeb;vom_unternehmen_auszufuellende_dokumente/20260717_SBH_LV_VE1-410-1a.X83
190;jedoch;2,0;St;gaeb;vom_unternehmen_auszufuellende_dokumente/20260717_SBH_LV_VE1-410-1a.X83
200;jedoch;2,0;St;gaeb;vom_unternehmen_auszufuellende_dokumente/20260717_SBH_LV_VE1-410-1a.X83
210;Zulage zu vorgenannter R90-Rohrabschottung von nichtbrennbaren Rohrleitungen aus Gusseisen, für Einbeziehung eines Formstücks (Abzweig, Bogen) einschließlich Verbinder im Bereich der weiterführenden Dämmung, Ausführung gemäß allgemeinem bauaufsichtlichen Prüfzeugnis, Rohr-Außendurchmesser 58,0 mm,;4,0;St;gaeb;vom_unternehmen_auszufuellende_dokumente/20260717_SBH_LV_VE1-410-1a.X83
220;jedoch Rohr-Außendurchmesser 83,0 mm,;8,0;St;gaeb;vom_unternehmen_auszufuellende_dokumente/20260717_SBH_LV_VE1-410-1a.X83
230;jedoch Rohr-Außendurchmesser 110,0 mm,;20,0;St;gaeb;vom_unternehmen_auszufuellende_dokumente/20260717_SBH_LV_VE1-410-1a.X83
240;jedoch Rohr-Außendurchmesser 135,0 mm,;10,0;St;gaeb;vom_unternehmen_auszufuellende_dokumente/20260717_SBH_LV_VE1-410-1a.X83
250;jedoch Rohr-Außendurchmesser 160,0 mm,;2,0;St;gaeb;vom_unternehmen_auszufuellende_dokumente/20260717_SBH_LV_VE1-410-1a.X83
10;Kältedämmung nach DIN 4140, an Rohrleitung aus Kunststoff, mineralverstärkt, mit Steckmuffen oder Elektroschweißmuffen, DN 70, im Gebäude, Oberkante Dämmung über Gelände / Fußboden bis 6,0 m, Dämmung aus synthetischem Kautschuk, Baustoffklasse DIN 4102-1 B1 (schwerentflammbar), s2, d0,;50,0;m;gaeb;vom_unternehmen_auszufuellende_dokumente/20260717_SBH_LV_VE1-410-1a.X83
20;jedoch DN 100, Gesamtstärke der Dämmung mind. 28 mm;20,0;m;gaeb;vom_unternehmen_auszufuellende_dokumente/20260717_SBH_LV_VE1-410-1a.X83
30;jedoch DN 125, Gesamtstärke der Dämmung mind. 28 mm;40,0;m;gaeb;vom_unternehmen_auszufuellende_dokumente/20260717_SBH_LV_VE1-410-1a.X83
40;jedoch DN 150, Gesamtstärke der Dämmung mind. 28 mm;7,0;m;gaeb;vom_unternehmen_auszufuellende_dokumente/20260717_SBH_LV_VE1-410-1a.X83
50;jedoch DN 200, Gesamtstärke der Dämmung mind. 34 mm;35,0;m;gaeb;vom_unternehmen_auszufuellende_dokumente/20260717_SBH_LV_VE1-410-1a.X83
60;jedoch DN 100, Gesamtstärke der Dämmung mind. 28 mm, mit zusätzlicher;10,0;m;gaeb;vom_unternehmen_auszufuellende_dokumente/20260717_SBH_LV_VE1-410-1a.X83
70;jedoch DN 125, Gesamtstärke der Dämmung mind. 28 mm, mit zusätzlicher;5,0;m;gaeb;vom_unternehmen_auszufuellende_dokumente/20260717_SBH_LV_VE1-410-1a.X83
80;jedoch DN 150, Gesamtstärke der Dämmung mind. 28 mm, mit zusätzlicher;10,0;m;gaeb;vom_unternehmen_auszufuellende_dokumente/20260717_SBH_LV_VE1-410-1a.X83
90;jedoch DN 200, Gesamtstärke der Dämmung mind. 34 mm, mit zusätzlicher;5,0;m;gaeb;vom_unternehmen_auszufuellende_dokumente/20260717_SBH_LV_VE1-410-1a.X83
100;Kältedämmung nach DIN 4140, an Bögen alle Winkelgrade an Rohrleitung aus Kunststoff, mineralverstärkt, mit Steckmuffen oder Elektroschweißmuffen, DN 70, im Gebäude, Oberkante Dämmung über Gelände / Fußboden bis 6,0 m, Dämmung aus synthetischem Kautschuk, Gesamtstärke der Dämmung mind. 28 mm, gemäß v;20,0;St;gaeb;vom_unternehmen_auszufuellende_dokumente/20260717_SBH_LV_VE1-410-1a.X83
110;jedoch DN 100, Gesamtstärke der Dämmung mind. 28 mm;20,0;St;gaeb;vom_unternehmen_auszufuellende_dokumente/20260717_SBH_LV_VE1-410-1a.X83
120;jedoch DN 125, Gesamtstärke der Dämmung mind. 28 mm;5,0;St;gaeb;vom_unternehmen_auszufuellende_dokumente/20260717_SBH_LV_VE1-410-1a.X83
130;jedoch DN 150, Gesamtstärke der Dämmung mind. 28 mm;10,0;St;gaeb;vom_unternehmen_auszufuellende_dokumente/20260717_SBH_LV_VE1-410-1a.X83
140;jedoch DN 200, Gesamtstärke der Dämmung mind. 34 mm;15,0;St;gaeb;vom_unternehmen_auszufuellende_dokumente/20260717_SBH_LV_VE1-410-1a.X83
150;jedoch DN 100, Gesamtstärke der Dämmung mind. 28 mm, mit zusätzlicher;2,0;St;gaeb;vom_unternehmen_auszufuellende_dokumente/20260717_SBH_LV_VE1-410-1a.X83
160;jedoch DN 125, Gesamtstärke der Dämmung mind. 28 mm, mit zusätzlicher;2,0;St;gaeb;vom_unternehmen_auszufuellende_dokumente/20260717_SBH_LV_VE1-410-1a.X83
170;jedoch DN 150, Gesamtstärke der Dämmung mind. 28 mm, mit zusätzlicher;2,0;St;gaeb;vom_unternehmen_auszufuellende_dokumente/20260717_SBH_LV_VE1-410-1a.X83
180;jedoch DN 200, Gesamtstärke der Dämmung mind. 34 mm, mit zusätzlicher;4,0;St;gaeb;vom_unternehmen_auszufuellende_dokumente/20260717_SBH_LV_VE1-410-1a.X83
190;Kältedämmung nach DIN 4140, an Einfachabzweigen alle Winkelgrade an Rohrleitung aus Kunststoff, mineralverstärkt, mit Steckmuffen oder Elektroschweißmuffen, DN 70, im Gebäude, Oberkante Dämmung über Gelände / Fußboden bis 6,0 m, Dämmung aus synthetischem Kautschuk, Gesamtstärke der Dämmung mind. 28 ;2,0;St;gaeb;vom_unternehmen_auszufuellende_dokumente/20260717_SBH_LV_VE1-410-1a.X83
200;jedoch DN 100, Gesamtstärke der Dämmung mind. 28 mm;4,0;St;gaeb;vom_unternehmen_auszufuellende_dokumente/20260717_SBH_LV_VE1-410-1a.X83
210;jedoch DN 125, Gesamtstärke der Dämmung mind. 28 mm;2,0;St;gaeb;vom_unternehmen_auszufuellende_dokumente/20260717_SBH_LV_VE1-410-1a.X83
220;jedoch DN 150, Gesamtstärke der Dämmung mind. 28 mm;2,0;St;gaeb;vom_unternehmen_auszufuellende_dokumente/20260717_SBH_LV_VE1-410-1a.X83
230;jedoch DN 200, Gesamtstärke der Dämmung mind. 34 mm;6,0;St;gaeb;vom_unternehmen_auszufuellende_dokumente/20260717_SBH_LV_VE1-410-1a.X83
240;Kältedämmung nach DIN 4140, an exzentrischen Übergangsstück DN 70-DN 100 an Rohrleitung aus Kunststoff, mineralverstärkt, mit Steckmuffen oder Elektroschweißmuffen, im Gebäude, Oberkante Dämmung über Gelände / Fußboden bis 6,0 m, Dämmung aus synthetischem Kautschuk, Gesamtstärke der Dämmung mind. 28;2,0;St;gaeb;vom_unternehmen_auszufuellende_dokumente/20260717_SBH_LV_VE1-410-1a.X83
250;jedoch Übergangsstück DN 100-DN 125, Gesamtstärke der Dämmung mind. 28 mm;2,0;St;gaeb;vom_unternehmen_auszufuellende_dokumente/20260717_SBH_LV_VE1-410-1a.X83
260;jedoch Übergangsstück DN 125-DN 150, Gesamtstärke der Dämmung mind. 28 mm;2,0;St;gaeb;vom_unternehmen_auszufuellende_dokumente/20260717_SBH_LV_VE1-410-1a.X83
270;jedoch Übergangsstück DN 150-DN 200, Gesamtstärke der Dämmung mind. 34 mm;2,0;St;gaeb;vom_unternehmen_auszufuellende_dokumente/20260717_SBH_LV_VE1-410-1a.X83
280;Kältedämmung nach DIN 4140, an Reinigungsöffnung DN 70 an Rohrleitung aus Kunststoff, mineralverstärkt, mit Steckmuffen oder Elektroschweißmuffen, im Gebäude, Oberkante Dämmung über Gelände / Fußboden bis 6,0 m, Dämmung aus synthetischem Kautschuk, Gesamtstärke der Dämmung mind. 28 mm, gemäß vorherg;1,0;St;gaeb;vom_unternehmen_auszufuellende_dokumente/20260717_SBH_LV_VE1-410-1a.X83
290;jedoch DN 100, Gesamtstärke der Dämmung mind. 28 mm;1,0;St;gaeb;vom_unternehmen_auszufuellende_dokumente/20260717_SBH_LV_VE1-410-1a.X83
300;jedoch DN 125, Gesamtstärke der Dämmung mind. 28 mm;1,0;St;gaeb;vom_unternehmen_auszufuellende_dokumente/20260717_SBH_LV_VE1-410-1a.X83
310;jedoch DN 150, Gesamtstärke der Dämmung mind. 28 mm;1,0;St;gaeb;vom_unternehmen_auszufuellende_dokumente/20260717_SBH_LV_VE1-410-1a.X83
320;jedoch DN 200, Gesamtstärke der Dämmung mind. 34 mm;1,0;St;gaeb;vom_unternehmen_auszufuellende_dokumente/20260717_SBH_LV_VE1-410-1a.X83
330;jedoch DN 100, Gesamtstärke der Dämmung mind. 28 mm, mit zusätzlicher;2,0;St;gaeb;vom_unternehmen_auszufuellende_dokumente/20260717_SBH_LV_VE1-410-1a.X83
340;jedoch DN 125, Gesamtstärke der Dämmung mind. 28 mm, mit zusätzlicher;1,0;St;gaeb;vom_unternehmen_auszufuellende_dokumente/20260717_SBH_LV_VE1-410-1a.X83
350;jedoch DN 150, Gesamtstärke der Dämmung mind. 28 mm, mit zusätzlicher;1,0;St;gaeb;vom_unternehmen_auszufuellende_dokumente/20260717_SBH_LV_VE1-410-1a.X83
360;jedoch DN 200, Gesamtstärke der Dämmung mind. 34 mm, mit zusätzlicher;2,0;St;gaeb;vom_unternehmen_auszufuellende_dokumente/20260717_SBH_LV_VE1-410-1a.X83
370;Kältedämmung DIN 4140, an Fallrohrstütze, DN 70, im Gebäude, Oberkante Dämmung über Gelände / Fußboden über bis 6,0 m, Dämmung aus synthetischem Kautschuk, Gesamtstärke der Dämmung mind. 28 mm, gemäß vorhergehend beschriebener Kältedämmung herstellen.;1,0;St;gaeb;vom_unternehmen_auszufuellende_dokumente/20260717_SBH_LV_VE1-410-1a.X83
380;jedoch DN 100, Gesamtstärke der Dämmung mind. 28 mm;1,0;St;gaeb;vom_unternehmen_auszufuellende_dokumente/20260717_SBH_LV_VE1-410-1a.X83
390;jedoch DN 125, Gesamtstärke der Dämmung mind. 28 mm;1,0;St;gaeb;vom_unternehmen_auszufuellende_dokumente/20260717_SBH_LV_VE1-410-1a.X83
400;jedoch DN 150, Gesamtstärke der Dämmung mind. 28 mm;1,0;St;gaeb;vom_unternehmen_auszufuellende_dokumente/20260717_SBH_LV_VE1-410-1a.X83
410;jedoch DN 200, Gesamtstärke der Dämmung mind. 34 mm;2,0;St;gaeb;vom_unternehmen_auszufuellende_dokumente/20260717_SBH_LV_VE1-410-1a.X83
420;Kältedämmung DIN 4140, fachgerechte Anarbeitung an Kälterohrschelle, DN 70, im Gebäude, Oberkante Dämmung über Gelände / Fußboden bis 6,0 m, Dämmung aus synthetischem Kautschuk, Gesamtstärke der Dämmung mind. 28 mm, gemäß vorhergehend beschriebener Kältedämmung herstellen.;40,0;St;gaeb;vom_unternehmen_auszufuellende_dokumente/20260717_SBH_LV_VE1-410-1a.X83
430;jedoch DN 100, Gesamtstärke der Dämmung mind. 28 mm;30,0;St;gaeb;vom_unternehmen_auszufuellende_dokumente/20260717_SBH_LV_VE1-410-1a.X83
440;jedoch DN 125, Gesamtstärke der Dämmung mind. 28 mm;2,0;St;gaeb;vom_unternehmen_auszufuellende_dokumente/20260717_SBH_LV_VE1-410-1a.X83
450;jedoch DN 150, Gesamtstärke der Dämmung mind. 28 mm;5,0;St;gaeb;vom_unternehmen_auszufuellende_dokumente/20260717_SBH_LV_VE1-410-1a.X83
460;jedoch DN 200, Gesamtstärke der Dämmung mind. 34 mm;30,0;St;gaeb;vom_unternehmen_auszufuellende_dokumente/20260717_SBH_LV_VE1-410-1a.X83
470;jedoch DN 100, Gesamtstärke der Dämmung mind. 28 mm, mit zusätzlicher;6,0;St;gaeb;vom_unternehmen_auszufuellende_dokumente/20260717_SBH_LV_VE1-410-1a.X83
480;jedoch DN 125, Gesamtstärke der Dämmung mind. 28 mm, mit zusätzlicher;2,0;St;gaeb;vom_unternehmen_auszufuellende_dokumente/20260717_SBH_LV_VE1-410-1a.X83
490;jedoch DN 150, Gesamtstärke der Dämmung mind. 28 mm, mit zusätzlicher;2,0;St;gaeb;vom_unternehmen_auszufuellende_dokumente/20260717_SBH_LV_VE1-410-1a.X83
500;jedoch DN 200, Gesamtstärke der Dämmung mind. 34 mm, mit zusätzlicher;4,0;St;gaeb;vom_unternehmen_auszufuellende_dokumente/20260717_SBH_LV_VE1-410-1a.X83
510;Kältedämmung nach DIN 4140, an Passstück Rohrleitung aus Kunststoff, mineralverstärkt, mit Steckmuffen oder Elektroschweißmuffen, DN 70, im Gebäude, Oberkante Dämmung über Gelände / Fußboden bis 6,0 m, Dämmung aus synthetischem Kautschuk, Gesamtstärke der Dämmung mind. 28 mm, gemäß vorhergehend besc;10,0;St;gaeb;vom_unternehmen_auszufuellende_dokumente/20260717_SBH_LV_VE1-410-1a.X83
520;jedoch DN 100, Gesamtstärke der Dämmung mind. 28 mm;10,0;St;gaeb;vom_unternehmen_auszufuellende_dokumente/20260717_SBH_LV_VE1-410-1a.X83
530;jedoch DN 125, Gesamtstärke der Dämmung mind. 28 mm;2,0;St;gaeb;vom_unternehmen_auszufuellende_dokumente/20260717_SBH_LV_VE1-410-1a.X83
540;jedoch DN 150, Gesamtstärke der Dämmung mind. 28 mm;2,0;St;gaeb;vom_unternehmen_auszufuellende_dokumente/20260717_SBH_LV_VE1-410-1a.X83
550;jedoch DN 200, Gesamtstärke der Dämmung mind. 34 mm;10,0;St;gaeb;vom_unternehmen_auszufuellende_dokumente/20260717_SBH_LV_VE1-410-1a.X83
560;Kältedämmung nach DIN 4140, an Enddeckel von Rohrleitung aus Kunststoff, mineralverstärkt, mit Steckmuffen oder Elektroschweißmuffen, DN 70, im Gebäude, Oberkante Dämmung über Gelände / Fußboden bis 6,0 m, Dämmung aus synthetischem Kautschuk, Gesamtstärke der Dämmung mind. 28 mm, gemäß vorhergehend ;4,0;St;gaeb;vom_unternehmen_auszufuellende_dokumente/20260717_SBH_LV_VE1-410-1a.X83
570;jedoch DN 100, Gesamtstärke der Dämmung mind. 28 mm;10,0;St;gaeb;vom_unternehmen_auszufuellende_dokumente/20260717_SBH_LV_VE1-410-1a.X83
580;jedoch DN 125, Gesamtstärke der Dämmung mind. 28 mm;2,0;St;gaeb;vom_unternehmen_auszufuellende_dokumente/20260717_SBH_LV_VE1-410-1a.X83
590;jedoch DN 150, Gesamtstärke der Dämmung mind. 28 mm;2,0;St;gaeb;vom_unternehmen_auszufuellende_dokumente/20260717_SBH_LV_VE1-410-1a.X83
600;jedoch DN 200, Gesamtstärke der Dämmung mind. 34 mm;6,0;St;gaeb;vom_unternehmen_auszufuellende_dokumente/20260717_SBH_LV_VE1-410-1a.X83
610;Kältedämmung nach DIN 4140, an Elektroschweißmuffe für Rohrleitung aus Kunststoff, mineralverstärkt, mit Steckmuffen oder Elektroschweißmuffen, DN 70, im Gebäude, Oberkante Dämmung über Gelände / Fußboden bis 6,0 m, Dämmung aus synthetischem Kautschuk, Gesamtstärke der Dämmung mind. 28 mm, gemäß vor;5,0;St;gaeb;vom_unternehmen_auszufuellende_dokumente/20260717_SBH_LV_VE1-410-1a.X83
620;jedoch DN 100, Gesamtstärke der Dämmung mind. 28 mm;20,0;St;gaeb;vom_unternehmen_auszufuellende_dokumente/20260717_SBH_LV_VE1-410-1a.X83
630;jedoch DN 125, Gesamtstärke der Dämmung mind. 28 mm;5,0;St;gaeb;vom_unternehmen_auszufuellende_dokumente/20260717_SBH_LV_VE1-410-1a.X83
640;jedoch DN 150, Gesamtstärke der Dämmung mind. 28 mm;5,0;St;gaeb;vom_unternehmen_auszufuellende_dokumente/20260717_SBH_LV_VE1-410-1a.X83
650;jedoch DN 200, Gesamtstärke der Dämmung mind. 34 mm;35,0;St;gaeb;vom_unternehmen_auszufuellende_dokumente/20260717_SBH_LV_VE1-410-1a.X83
660;Kältedämmung nach DIN 4140, an Grundleitungsanschluss;2,0;St;gaeb;vom_unternehmen_auszufuellende_dokumente/20260717_SBH_LV_VE1-410-1a.X83
670;jedoch DN 125, Gesamtstärke der Dämmung mind. 28 mm;1,0;St;gaeb;vom_unternehmen_auszufuellende_dokumente/20260717_SBH_LV_VE1-410-1a.X83
680;jedoch DN 150, Gesamtstärke der Dämmung mind. 28 mm;1,0;St;gaeb;vom_unternehmen_auszufuellende_dokumente/20260717_SBH_LV_VE1-410-1a.X83
690;jedoch DN 200, Gesamtstärke der Dämmung mind. 34 mm;2,0;St;gaeb;vom_unternehmen_auszufuellende_dokumente/20260717_SBH_LV_VE1-410-1a.X83
700;Kältedämmung nach DIN 4140, an Dachablauf/Hauseinführung;2,0;St;gaeb;vom_unternehmen_auszufuellende_dokumente/20260717_SBH_LV_VE1-410-1a.X83
710;jedoch DN 100, Gesamtstärke der Dämmung mind. 28 mm;2,0;St;gaeb;vom_unternehmen_auszufuellende_dokumente/20260717_SBH_LV_VE1-410-1a.X83
720;jedoch DN 125, Gesamtstärke der Dämmung mind. 28 mm;1,0;St;gaeb;vom_unternehmen_auszufuellende_dokumente/20260717_SBH_LV_VE1-410-1a.X83
730;jedoch DN 150, Gesamtstärke der Dämmung mind. 28 mm;1,0;St;gaeb;vom_unternehmen_auszufuellende_dokumente/20260717_SBH_LV_VE1-410-1a.X83
740;jedoch DN 200, Gesamtstärke der Dämmung mind. 34 mm;2,0;St;gaeb;vom_unternehmen_auszufuellende_dokumente/20260717_SBH_LV_VE1-410-1a.X83
750;Schwitzwasser;5,0;m;gaeb;vom_unternehmen_auszufuellende_dokumente/20260717_SBH_LV_VE1-410-1a.X83
760;jedoch DN 80, Gesamtstärke der Dämmung mind. 30 mm;5,0;m;gaeb;vom_unternehmen_auszufuellende_dokumente/20260717_SBH_LV_VE1-410-1a.X83
770;jedoch DN 100, Gesamtstärke der Dämmung mind. 30 mm;12,0;m;gaeb;vom_unternehmen_auszufuellende_dokumente/20260717_SBH_LV_VE1-410-1a.X83
780;jedoch DN 125, Gesamtstärke der Dämmung mind. 30 mm;5,0;m;gaeb;vom_unternehmen_auszufuellende_dokumente/20260717_SBH_LV_VE1-410-1a.X83
790;jedoch DN 150, Gesamtstärke der Dämmung mind. 30 mm;5,0;m;gaeb;vom_unternehmen_auszufuellende_dokumente/20260717_SBH_LV_VE1-410-1a.X83
800;jedoch DN 200, Gesamtstärke der Dämmung mind. 40 mm;70,0;m;gaeb;vom_unternehmen_auszufuellende_dokumente/20260717_SBH_LV_VE1-410-1a.X83
810;Schwitzwasserdämmung an Bogen alle Winkelgrade für Rohrleitungen aus Guss,;1,0;St;gaeb;vom_unternehmen_auszufuellende_dokumente/20260717_SBH_LV_VE1-410-1a.X83
820;jedoch DN 80, Gesamtstärke der Dämmung mind. 30 mm;1,0;St;gaeb;vom_unternehmen_auszufuellende_dokumente/20260717_SBH_LV_VE1-410-1a.X83
830;jedoch DN 100, Gesamtstärke der Dämmung mind. 30 mm;5,0;St;gaeb;vom_unternehmen_auszufuellende_dokumente/20260717_SBH_LV_VE1-410-1a.X83
840;jedoch DN 125, Gesamtstärke der Dämmung mind. 30 mm;1,0;St;gaeb;vom_unternehmen_auszufuellende_dokumente/20260717_SBH_LV_VE1-410-1a.X83
850;jedoch DN 150, Gesamtstärke der Dämmung mind. 30 mm;1,0;St;gaeb;vom_unternehmen_auszufuellende_dokumente/20260717_SBH_LV_VE1-410-1a.X83
860;jedoch DN 200, Gesamtstärke der Dämmung mind. 40 mm;30,0;St;gaeb;vom_unternehmen_auszufuellende_dokumente/20260717_SBH_LV_VE1-410-1a.X83
870;Schwitzwasserdämmung an Abzweig alle Winkelgrade für Rohrleitungen aus Guss,;2,0;St;gaeb;vom_unternehmen_auszufuellende_dokumente/20260717_SBH_LV_VE1-410-1a.X83
880;jedoch DN 80, Gesamtstärke der Dämmung mind. 30 mm;2,0;St;gaeb;vom_unternehmen_auszufuellende_dokumente/20260717_SBH_LV_VE1-410-1a.X83
890;jedoch DN 100, Gesamtstärke der Dämmung mind. 30 mm;2,0;St;gaeb;vom_unternehmen_auszufuellende_dokumente/20260717_SBH_LV_VE1-410-1a.X83
900;jedoch DN 125, Gesamtstärke der Dämmung mind. 30 mm;2,0;St;gaeb;vom_unternehmen_auszufuellende_dokumente/20260717_SBH_LV_VE1-410-1a.X83
910;jedoch DN 150, Gesamtstärke der Dämmung mind. 30 mm;2,0;St;gaeb;vom_unternehmen_auszufuellende_dokumente/20260717_SBH_LV_VE1-410-1a.X83
920;jedoch DN 200, Gesamtstärke der Dämmung mind. 40 mm;4,0;St;gaeb;vom_unternehmen_auszufuellende_dokumente/20260717_SBH_LV_VE1-410-1a.X83
930;Schwitzwasserdämmung an Übergangsstück DN80-DN50 für Rohrleitungen aus Guss,;2,0;St;gaeb;vom_unternehmen_auszufuellende_dokumente/20260717_SBH_LV_VE1-410-1a.X83
940;jedoch DN 100 - DN 80, Gesamtstärke der Dämmung mind. 30 mm;2,0;St;gaeb;vom_unternehmen_auszufuellende_dokumente/20260717_SBH_LV_VE1-410-1a.X83
950;jedoch DN 125 - DN 100, Gesamtstärke der Dämmung mind. 30 mm;2,0;St;gaeb;vom_unternehmen_auszufuellende_dokumente/20260717_SBH_LV_VE1-410-1a.X83
960;jedoch DN 150 - DN 100, Gesamtstärke der Dämmung mind. 30 mm;2,0;St;gaeb;vom_unternehmen_auszufuellende_dokumente/20260717_SBH_LV_VE1-410-1a.X83
970;jedoch DN 200 - DN 150, Gesamtstärke der Dämmung mind. 40 mm;5,0;St;gaeb;vom_unternehmen_auszufuellende_dokumente/20260717_SBH_LV_VE1-410-1a.X83
980;Schwitzwasserdämmung an Reinigungsrohr für Rohrleitungen aus Guss,;1,0;St;gaeb;vom_unternehmen_auszufuellende_dokumente/20260717_SBH_LV_VE1-410-1a.X83
990;jedoch DN 100, Gesamtstärke der Dämmung mind. 30 mm;2,0;St;gaeb;vom_unternehmen_auszufuellende_dokumente/20260717_SBH_LV_VE1-410-1a.X83
1000;jedoch DN 125, Gesamtstärke der Dämmung mind. 30 mm;1,0;St;gaeb;vom_unternehmen_auszufuellende_dokumente/20260717_SBH_LV_VE1-410-1a.X83
1010;jedoch DN 150, Gesamtstärke der Dämmung mind. 30 mm;1,0;St;gaeb;vom_unternehmen_auszufuellende_dokumente/20260717_SBH_LV_VE1-410-1a.X83
1020;jedoch DN 200, Gesamtstärke der Dämmung mind. 40 mm;2,0;St;gaeb;vom_unternehmen_auszufuellende_dokumente/20260717_SBH_LV_VE1-410-1a.X83
1030;Schwitzwasserdämmung an Fallrohrstütze für Rohrleitungen aus Guss,;1,0;St;gaeb;vom_unternehmen_auszufuellende_dokumente/20260717_SBH_LV_VE1-410-1a.X83
1040;jedoch DN 100, Gesamtstärke der Dämmung mind. 30 mm;2,0;St;gaeb;vom_unternehmen_auszufuellende_dokumente/20260717_SBH_LV_VE1-410-1a.X83
1050;jedoch DN 125, Gesamtstärke der Dämmung mind. 30 mm;1,0;St;gaeb;vom_unternehmen_auszufuellende_dokumente/20260717_SBH_LV_VE1-410-1a.X83
1060;jedoch DN 150, Gesamtstärke der Dämmung mind. 30 mm;1,0;St;gaeb;vom_unternehmen_auszufuellende_dokumente/20260717_SBH_LV_VE1-410-1a.X83
1070;jedoch DN 200, Gesamtstärke der Dämmung mind. 40 mm;2,0;St;gaeb;vom_unternehmen_auszufuellende_dokumente/20260717_SBH_LV_VE1-410-1a.X83
1080;Schwitzwasserdämmung an Kälterohrschelle für Rohrleitungen aus Guss,;2,0;St;gaeb;vom_unternehmen_auszufuellende_dokumente/20260717_SBH_LV_VE1-410-1a.X83
1090;jedoch DN 80, Gesamtstärke der Dämmung mind. 30 mm;2,0;St;gaeb;vom_unternehmen_auszufuellende_dokumente/20260717_SBH_LV_VE1-410-1a.X83
1100;jedoch DN 100, Gesamtstärke der Dämmung mind. 30 mm;15,0;St;gaeb;vom_unternehmen_auszufuellende_dokumente/20260717_SBH_LV_VE1-410-1a.X83
1110;jedoch DN 125, Gesamtstärke der Dämmung mind. 30 mm;5,0;St;gaeb;vom_unternehmen_auszufuellende_dokumente/20260717_SBH_LV_VE1-410-1a.X83
1120;jedoch DN 150, Gesamtstärke der Dämmung mind. 30 mm;5,0;St;gaeb;vom_unternehmen_auszufuellende_dokumente/20260717_SBH_LV_VE1-410-1a.X83
1130;jedoch DN 200, Gesamtstärke der Dämmung mind. 40 mm;65,0;St;gaeb;vom_unternehmen_auszufuellende_dokumente/20260717_SBH_LV_VE1-410-1a.X83
1140;Schwitzwasserdämmung an Passstück für Rohrleitungen aus Guss,;1,0;St;gaeb;vom_unternehmen_auszufuellende_dokumente/20260717_SBH_LV_VE1-410-1a.X83
1150;jedoch DN 80, Gesamtstärke der Dämmung mind. 30 mm;1,0;St;gaeb;vom_unternehmen_auszufuellende_dokumente/20260717_SBH_LV_VE1-410-1a.X83
1160;jedoch DN 100, Gesamtstärke der Dämmung mind. 30 mm;2,0;St;gaeb;vom_unternehmen_auszufuellende_dokumente/20260717_SBH_LV_VE1-410-1a.X83
1170;jedoch DN 125, Gesamtstärke der Dämmung mind. 30 mm;1,0;St;gaeb;vom_unternehmen_auszufuellende_dokumente/20260717_SBH_LV_VE1-410-1a.X83
1180;jedoch DN 150, Gesamtstärke der Dämmung mind. 30 mm;1,0;St;gaeb;vom_unternehmen_auszufuellende_dokumente/20260717_SBH_LV_VE1-410-1a.X83
1190;jedoch DN 200, Gesamtstärke der Dämmung mind. 40 mm;5,0;St;gaeb;vom_unternehmen_auszufuellende_dokumente/20260717_SBH_LV_VE1-410-1a.X83
1200;Schwitzwasserdämmung an Enddeckel für Rohrleitungen aus Guss,;1,0;St;gaeb;vom_unternehmen_auszufuellende_dokumente/20260717_SBH_LV_VE1-410-1a.X83
1210;jedoch DN 80, Gesamtstärke der Dämmung mind. 30 mm;1,0;St;gaeb;vom_unternehmen_auszufuellende_dokumente/20260717_SBH_LV_VE1-410-1a.X83
1220;jedoch DN 100, Gesamtstärke der Dämmung mind. 30 mm;2,0;St;gaeb;vom_unternehmen_auszufuellende_dokumente/20260717_SBH_LV_VE1-410-1a.X83
1230;jedoch DN 125, Gesamtstärke der Dämmung mind. 30 mm;1,0;St;gaeb;vom_unternehmen_auszufuellende_dokumente/20260717_SBH_LV_VE1-410-1a.X83
1240;jedoch DN 150, Gesamtstärke der Dämmung mind. 30 mm;1,0;St;gaeb;vom_unternehmen_auszufuellende_dokumente/20260717_SBH_LV_VE1-410-1a.X83
1250;jedoch DN 200, Gesamtstärke der Dämmung mind. 40 mm;4,0;St;gaeb;vom_unternehmen_auszufuellende_dokumente/20260717_SBH_LV_VE1-410-1a.X83
1260;Schwitzwasserdämmung an Rohrverbindern für Rohrleitungen aus Guss,;5,0;St;gaeb;vom_unternehmen_auszufuellende_dokumente/20260717_SBH_LV_VE1-410-1a.X83
1270;jedoch DN 80, Gesamtstärke der Dämmung mind. 30 mm;5,0;St;gaeb;vom_unternehmen_auszufuellende_dokumente/20260717_SBH_LV_VE1-410-1a.X83
1280;jedoch DN 100, Gesamtstärke der Dämmung mind. 30 mm;20,0;St;gaeb;vom_unternehmen_auszufuellende_dokumente/20260717_SBH_LV_VE1-410-1a.X83
1290;jedoch DN 125, Gesamtstärke der Dämmung mind. 30 mm;5,0;St;gaeb;vom_unternehmen_auszufuellende_dokumente/20260717_SBH_LV_VE1-410-1a.X83
1300;jedoch DN 150, Gesamtstärke der Dämmung mind. 30 mm;5,0;St;gaeb;vom_unternehmen_auszufuellende_dokumente/20260717_SBH_LV_VE1-410-1a.X83
1310;jedoch DN 200, Gesamtstärke der Dämmung mind. 40 mm;100,0;St;gaeb;vom_unternehmen_auszufuellende_dokumente/20260717_SBH_LV_VE1-410-1a.X83
1320;Schwitzwasserdämmung an Grundleitungsanschluss mit Anarbeiten an Wand/Boden/Decke für Rohrleitungen aus Guss,;1,0;St;gaeb;vom_unternehmen_auszufuellende_dokumente/20260717_SBH_LV_VE1-410-1a.X83
1330;jedoch DN 125, Gesamtstärke der Dämmung mind. 30 mm;1,0;St;gaeb;vom_unternehmen_auszufuellende_dokumente/20260717_SBH_LV_VE1-410-1a.X83
1340;jedoch DN 150, Gesamtstärke der Dämmung mind. 30 mm;2,0;St;gaeb;vom_unternehmen_auszufuellende_dokumente/20260717_SBH_LV_VE1-410-1a.X83
1350;jedoch DN 200, Gesamtstärke der Dämmung mind. 40 mm;2,0;St;gaeb;vom_unternehmen_auszufuellende_dokumente/20260717_SBH_LV_VE1-410-1a.X83
1360;Schwitzwasserdämmung an Dachablauf/Hauseinführung mit Anarbeiten an Wand/Boden/Decke für Rohrleitungen aus Guss,;1,0;St;gaeb;vom_unternehmen_auszufuellende_dokumente/20260717_SBH_LV_VE1-410-1a.X83
1370;jedoch DN 100, Gesamtstärke der Dämmung mind. 30 mm;1,0;St;gaeb;vom_unternehmen_auszufuellende_dokumente/20260717_SBH_LV_VE1-410-1a.X83
1380;jedoch DN 125, Gesamtstärke der Dämmung mind. 30 mm;2,0;St;gaeb;vom_unternehmen_auszufuellende_dokumente/20260717_SBH_LV_VE1-410-1a.X83
1390;jedoch DN 150, Gesamtstärke der Dämmung mind. 30 mm;1,0;St;gaeb;vom_unternehmen_auszufuellende_dokumente/20260717_SBH_LV_VE1-410-1a.X83
1400;jedoch DN 200, Gesamtstärke der Dämmung mind. 40 mm;2,0;St;gaeb;vom_unternehmen_auszufuellende_dokumente/20260717_SBH_LV_VE1-410-1a.X83
10;Kältedämmung nach DIN 4140, an Rohrleitung aus Kunststoff, mineralverstärkt, mit Steckmuffen, DN 70, im Gebäude, Oberkante Dämmung über Gelände / Fußboden bis 6,0 m, Dämmung aus synthetischem Kautschuk, Baustoffklasse DIN 4102-1 B1 (schwerentflammbar), s2, d0,;20,0;m;gaeb;vom_unternehmen_auszufuellende_dokumente/20260717_SBH_LV_VE1-410-1a.X83
20;jedoch DN 100, Gesamtstärke der Dämmung mind. 28 mm;20,0;m;gaeb;vom_unternehmen_auszufuellende_dokumente/20260717_SBH_LV_VE1-410-1a.X83
30;jedoch DN 125, Gesamtstärke der Dämmung mind. 28 mm;20,0;m;gaeb;vom_unternehmen_auszufuellende_dokumente/20260717_SBH_LV_VE1-410-1a.X83
40;jedoch DN 150, Gesamtstärke der Dämmung mind. 28 mm;10,0;m;gaeb;vom_unternehmen_auszufuellende_dokumente/20260717_SBH_LV_VE1-410-1a.X83
50;jedoch DN 200, Gesamtstärke der Dämmung mind. 34 mm;5,0;m;gaeb;vom_unternehmen_auszufuellende_dokumente/20260717_SBH_LV_VE1-410-1a.X83
60;Kältedämmung nach DIN 4140, an Bögen alle Winkelgrade an Rohrleitung aus Kunststoff, mineralverstärkt, mit Steckmuffen oder Elektroschweißmuffen, DN 70, im Gebäude, Oberkante Dämmung über Gelände / Fußboden bis 6,0 m, Dämmung aus synthetischem Kautschuk, Gesamtstärke der Dämmung mind. 28 mm, gemäß v;10,0;St;gaeb;vom_unternehmen_auszufuellende_dokumente/20260717_SBH_LV_VE1-410-1a.X83
70;jedoch DN 100, Gesamtstärke der Dämmung mind. 28 mm;10,0;St;gaeb;vom_unternehmen_auszufuellende_dokumente/20260717_SBH_LV_VE1-410-1a.X83
80;jedoch DN 125, Gesamtstärke der Dämmung mind. 28 mm;10,0;St;gaeb;vom_unternehmen_auszufuellende_dokumente/20260717_SBH_LV_VE1-410-1a.X83
90;jedoch DN 150, Gesamtstärke der Dämmung mind. 28 mm;5,0;St;gaeb;vom_unternehmen_auszufuellende_dokumente/20260717_SBH_LV_VE1-410-1a.X83
100;jedoch DN 200, Gesamtstärke der Dämmung mind. 34 mm;3,0;St;gaeb;vom_unternehmen_auszufuellende_dokumente/20260717_SBH_LV_VE1-410-1a.X83
110;Kältedämmung nach DIN 4140, an Einfachabzweigen alle Winkelgrade an Rohrleitung aus Kunststoff, mineralverstärkt, mit Steckmuffen oder Elektroschweißmuffen, DN 70, im Gebäude, Oberkante Dämmung über Gelände / Fußboden bis 6,0 m, Dämmung aus synthetischem Kautschuk, Gesamtstärke der Dämmung mind. 28 ;1,0;St;gaeb;vom_unternehmen_auszufuellende_dokumente/20260717_SBH_LV_VE1-410-1a.X83
120;jedoch DN 100, Gesamtstärke der Dämmung mind. 28 mm;2,0;St;gaeb;vom_unternehmen_auszufuellende_dokumente/20260717_SBH_LV_VE1-410-1a.X83
130;jedoch DN 125, Gesamtstärke der Dämmung mind. 28 mm;2,0;St;gaeb;vom_unternehmen_auszufuellende_dokumente/20260717_SBH_LV_VE1-410-1a.X83
140;jedoch DN 150, Gesamtstärke der Dämmung mind. 28 mm;2,0;St;gaeb;vom_unternehmen_auszufuellende_dokumente/20260717_SBH_LV_VE1-410-1a.X83
150;jedoch DN 200, Gesamtstärke der Dämmung mind. 34 mm;1,0;St;gaeb;vom_unternehmen_auszufuellende_dokumente/20260717_SBH_LV_VE1-410-1a.X83
160;Kältedämmung nach DIN 4140, an Passstück Rohrleitung aus Kunststoff, mineralverstärkt, mit Steckmuffen oder Elektroschweißmuffen, DN 70, im Gebäude, Oberkante Dämmung über Gelände / Fußboden bis 6,0 m, Dämmung aus synthetischem Kautschuk, Gesamtstärke der Dämmung mind. 28 mm, gemäß vorhergehend besc;5,0;St;gaeb;vom_unternehmen_auszufuellende_dokumente/20260717_SBH_LV_VE1-410-1a.X83
170;jedoch DN 100, Gesamtstärke der Dämmung mind. 28 mm;5,0;St;gaeb;vom_unternehmen_auszufuellende_dokumente/20260717_SBH_LV_VE1-410-1a.X83
180;jedoch DN 125, Gesamtstärke der Dämmung mind. 28 mm;5,0;St;gaeb;vom_unternehmen_auszufuellende_dokumente/20260717_SBH_LV_VE1-410-1a.X83
190;jedoch DN 150, Gesamtstärke der Dämmung mind. 28 mm;2,0;St;gaeb;vom_unternehmen_auszufuellende_dokumente/20260717_SBH_LV_VE1-410-1a.X83
200;jedoch DN 200, Gesamtstärke der Dämmung mind. 34 mm;2,0;St;gaeb;vom_unternehmen_auszufuellende_dokumente/20260717_SBH_LV_VE1-410-1a.X83
210;Kältedämmung nach DIN 4140, an Enddeckel von Rohrleitung aus Kunststoff, mineralverstärkt, mit Steckmuffen oder Elektroschweißmuffen, DN 70, im Gebäude, Oberkante Dämmung über Gelände / Fußboden bis 6,0 m, Dämmung aus synthetischem Kautschuk, Gesamtstärke der Dämmung mind. 28 mm, gemäß vorhergehend ;5,0;St;gaeb;vom_unternehmen_auszufuellende_dokumente/20260717_SBH_LV_VE1-410-1a.X83
220;jedoch DN 100, Gesamtstärke der Dämmung mind. 28 mm;5,0;St;gaeb;vom_unternehmen_auszufuellende_dokumente/20260717_SBH_LV_VE1-410-1a.X83
230;jedoch DN 125, Gesamtstärke der Dämmung mind. 28 mm;5,0;St;gaeb;vom_unternehmen_auszufuellende_dokumente/20260717_SBH_LV_VE1-410-1a.X83
240;jedoch DN 150, Gesamtstärke der Dämmung mind. 28 mm;2,0;St;gaeb;vom_unternehmen_auszufuellende_dokumente/20260717_SBH_LV_VE1-410-1a.X83
250;jedoch DN 200, Gesamtstärke der Dämmung mind. 34 mm;2,0;St;gaeb;vom_unternehmen_auszufuellende_dokumente/20260717_SBH_LV_VE1-410-1a.X83
260;Kältedämmung nach DIN 4140, an Steckmuffe für Rohrleitung aus Kunststoff, mineralverstärkt, mit Steckmuffen oder Elektroschweißmuffen, DN 70, im Gebäude, Oberkante Dämmung über Gelände / Fußboden bis 6,0 m, Dämmung aus synthetischem Kautschuk, Gesamtstärke der Dämmung mind. 28 mm, gemäß vorhergehend;2,0;St;gaeb;vom_unternehmen_auszufuellende_dokumente/20260717_SBH_LV_VE1-410-1a.X83
270;jedoch DN 100, Gesamtstärke der Dämmung mind. 28 mm;2,0;St;gaeb;vom_unternehmen_auszufuellende_dokumente/20260717_SBH_LV_VE1-410-1a.X83
280;jedoch DN 125, Gesamtstärke der Dämmung mind. 28 mm;2,0;St;gaeb;vom_unternehmen_auszufuellende_dokumente/20260717_SBH_LV_VE1-410-1a.X83
290;jedoch DN 150, Gesamtstärke der Dämmung mind. 28 mm;1,0;St;gaeb;vom_unternehmen_auszufuellende_dokumente/20260717_SBH_LV_VE1-410-1a.X83
300;jedoch DN 200, Gesamtstärke der Dämmung mind. 34 mm;1,0;St;gaeb;vom_unternehmen_auszufuellende_dokumente/20260717_SBH_LV_VE1-410-1a.X83
310;Kältedämmung nach DIN 4140, an Dachdurchführung für Schmutzwasser-Entlüftungs-Dachhaube mit Anarbeiten an Wand/Boden/Decke für Rohrleitung aus Kunststoff, mineralverstärkt, mit Steckmuffen oder Elektroschweißmuffen, DN 70, im Gebäude, Oberkante Dämmung über Gelände / Fußboden bis 6,0 m, Dämmung aus ;5,0;St;gaeb;vom_unternehmen_auszufuellende_dokumente/20260717_SBH_LV_VE1-410-1a.X83
320;jedoch DN 100, Gesamtstärke der Dämmung mind. 28 mm;5,0;St;gaeb;vom_unternehmen_auszufuellende_dokumente/20260717_SBH_LV_VE1-410-1a.X83
330;jedoch DN 125, Gesamtstärke der Dämmung mind. 28 mm;5,0;St;gaeb;vom_unternehmen_auszufuellende_dokumente/20260717_SBH_LV_VE1-410-1a.X83
340;jedoch DN 150, Gesamtstärke der Dämmung mind. 28 mm;2,0;St;gaeb;vom_unternehmen_auszufuellende_dokumente/20260717_SBH_LV_VE1-410-1a.X83
350;jedoch DN 200, Gesamtstärke der Dämmung mind. 34 mm;2,0;St;gaeb;vom_unternehmen_auszufuellende_dokumente/20260717_SBH_LV_VE1-410-1a.X83
360;Kältedämmung nach DIN 4140, an Rohraufhängung für Rohrleitung aus Kunststoff, mineralverstärkt, mit Steckmuffen oder Elektroschweißmuffen, DN 70, im Gebäude, Oberkante Dämmung über Gelände / Fußboden bis 6,0 m, Dämmung aus synthetischem Kautschuk, Gesamtstärke der Dämmung mind. 28 mm, gemäß vorherge;2,0;St;gaeb;vom_unternehmen_auszufuellende_dokumente/20260717_SBH_LV_VE1-410-1a.X83
370;jedoch DN 100, Gesamtstärke der Dämmung mind. 28 mm;2,0;St;gaeb;vom_unternehmen_auszufuellende_dokumente/20260717_SBH_LV_VE1-410-1a.X83
380;jedoch DN 125, Gesamtstärke der Dämmung mind. 28 mm;2,0;St;gaeb;vom_unternehmen_auszufuellende_dokumente/20260717_SBH_LV_VE1-410-1a.X83
390;jedoch DN 150, Gesamtstärke der Dämmung mind. 28 mm;1,0;St;gaeb;vom_unternehmen_auszufuellende_dokumente/20260717_SBH_LV_VE1-410-1a.X83
400;jedoch DN 200, Gesamtstärke der Dämmung mind. 34 mm;1,0;St;gaeb;vom_unternehmen_auszufuellende_dokumente/20260717_SBH_LV_VE1-410-1a.X83
410;Schalldämmmatte zur Luftschalldämmung und Körperschallentkopplung für schalldämmende Kunststoffrohrleitungen DN 50 als zusätzlicher Schallschutz für die Verlegung von Schmutzwasserleitungen in lärmsensiblen Bereichen. Baustoffklasse B2  s2, d0, nach DIN 4102-1, Stärke ca. 17 mm, Temperaturbeständigk;10,0;m;gaeb;vom_unternehmen_auszufuellende_dokumente/20260717_SBH_LV_VE1-410-1a.X83
420;jedoch für schalldämmende Rohrleitungen DN 70;10,0;m;gaeb;vom_unternehmen_auszufuellende_dokumente/20260717_SBH_LV_VE1-410-1a.X83
430;jedoch für schalldämmende Rohrleitungen DN 100;30,0;m;gaeb;vom_unternehmen_auszufuellende_dokumente/20260717_SBH_LV_VE1-410-1a.X83
440;jedoch für schalldämmende Rohrleitungen DN 125;5,0;m;gaeb;vom_unternehmen_auszufuellende_dokumente/20260717_SBH_LV_VE1-410-1a.X83
450;Schalldämmmatte zur Luftschalldämmung und Körperschallentkopplung für Bogen an schalldämmende Kunststoffrohrleitungen DN 50 als zusätzlicher Schallschutz für die Verlegung von Schmutzwasserleitungen in lärmsensiblen Bereichen. Baustoffklasse B2  s2, d0, nach DIN 4102-1, Stärke ca. 17 mm, Temperaturb;4,0;St;gaeb;vom_unternehmen_auszufuellende_dokumente/20260717_SBH_LV_VE1-410-1a.X83
460;jedoch DN 70;4,0;St;gaeb;vom_unternehmen_auszufuellende_dokumente/20260717_SBH_LV_VE1-410-1a.X83
470;jedoch DN 100;10,0;St;gaeb;vom_unternehmen_auszufuellende_dokumente/20260717_SBH_LV_VE1-410-1a.X83
480;jedoch DN 125;2,0;St;gaeb;vom_unternehmen_auszufuellende_dokumente/20260717_SBH_LV_VE1-410-1a.X83
490;Schalldämmmatte zur Luftschalldämmung und Körperschallentkopplung für Abzweig an schalldämmende Kunststoffrohrleitungen DN 50 als zusätzlicher Schallschutz für die Verlegung von Schmutzwasserleitungen in lärmsensiblen Bereichen. Baustoffklasse B2  s2, d0, nach DIN 4102-1, Stärke ca. 17 mm, Temperatu;2,0;St;gaeb;vom_unternehmen_auszufuellende_dokumente/20260717_SBH_LV_VE1-410-1a.X83
500;jedoch DN 70;2,0;St;gaeb;vom_unternehmen_auszufuellende_dokumente/20260717_SBH_LV_VE1-410-1a.X83
510;jedoch DN 100;5,0;St;gaeb;vom_unternehmen_auszufuellende_dokumente/20260717_SBH_LV_VE1-410-1a.X83
520;jedoch DN 125;2,0;St;gaeb;vom_unternehmen_auszufuellende_dokumente/20260717_SBH_LV_VE1-410-1a.X83
530;Schalldämmmatte zur Luftschalldämmung und Körperschallentkopplung für Passstück an schalldämmende Kunststoffrohrleitungen DN 50 als zusätzlicher Schallschutz für die Verlegung von Schmutzwasserleitungen in lärmsensiblen Bereichen. Baustoffklasse B2  s2, d0, nach DIN 4102-1, Stärke ca. 17 mm, Tempera;5,0;St;gaeb;vom_unternehmen_auszufuellende_dokumente/20260717_SBH_LV_VE1-410-1a.X83
540;jedoch DN 70;5,0;St;gaeb;vom_unternehmen_auszufuellende_dokumente/20260717_SBH_LV_VE1-410-1a.X83
550;jedoch DN 100;5,0;St;gaeb;vom_unternehmen_auszufuellende_dokumente/20260717_SBH_LV_VE1-410-1a.X83
560;jedoch DN 125;2,0;St;gaeb;vom_unternehmen_auszufuellende_dokumente/20260717_SBH_LV_VE1-410-1a.X83
570;Schalldämmmatte zur Luftschalldämmung und Körperschallentkopplung für Enddeckel an schalldämmende Kunststoffrohrleitungen DN 50 als zusätzlicher Schallschutz für die Verlegung von Schmutzwasserleitungen in lärmsensiblen Bereichen. Baustoffklasse B2  s2, d0, nach DIN 4102-1, Stärke ca. 17 mm, Tempera;2,0;St;gaeb;vom_unternehmen_auszufuellende_dokumente/20260717_SBH_LV_VE1-410-1a.X83
580;jedoch DN 70;2,0;St;gaeb;vom_unternehmen_auszufuellende_dokumente/20260717_SBH_LV_VE1-410-1a.X83
590;jedoch DN 100;5,0;St;gaeb;vom_unternehmen_auszufuellende_dokumente/20260717_SBH_LV_VE1-410-1a.X83
600;jedoch DN 125;2,0;St;gaeb;vom_unternehmen_auszufuellende_dokumente/20260717_SBH_LV_VE1-410-1a.X83
610;Schalldämmmatte zur Luftschalldämmung und Körperschallentkopplung für Steckmuffe an schalldämmende Kunststoffrohrleitungen DN 50 als zusätzlicher Schallschutz für die Verlegung von Schmutzwasserleitungen in lärmsensiblen Bereichen. Baustoffklasse B2  s2, d0, nach DIN 4102-1, Stärke ca. 17 mm, Temper;10,0;St;gaeb;vom_unternehmen_auszufuellende_dokumente/20260717_SBH_LV_VE1-410-1a.X83
620;jedoch DN 70;10,0;St;gaeb;vom_unternehmen_auszufuellende_dokumente/20260717_SBH_LV_VE1-410-1a.X83
630;jedoch DN 100;30,0;St;gaeb;vom_unternehmen_auszufuellende_dokumente/20260717_SBH_LV_VE1-410-1a.X83
640;jedoch DN 125;5,0;St;gaeb;vom_unternehmen_auszufuellende_dokumente/20260717_SBH_LV_VE1-410-1a.X83
650;Schalldämmmatte zur Luftschalldämmung und Körperschallentkopplung für Anschluss an Deckendurchführung an schalldämmende Kunststoffrohrleitungen DN 50 als zusätzlicher Schallschutz für die Verlegung von Schmutzwasserleitungen in lärmsensiblen Bereichen. Baustoffklasse B2  s2, d0, nach DIN 4102-1, Stä;8,0;St;gaeb;vom_unternehmen_auszufuellende_dokumente/20260717_SBH_LV_VE1-410-1a.X83
660;jedoch DN 70;2,0;St;gaeb;vom_unternehmen_auszufuellende_dokumente/20260717_SBH_LV_VE1-410-1a.X83
670;jedoch DN 100;2,0;St;gaeb;vom_unternehmen_auszufuellende_dokumente/20260717_SBH_LV_VE1-410-1a.X83
680;jedoch DN 125;2,0;St;gaeb;vom_unternehmen_auszufuellende_dokumente/20260717_SBH_LV_VE1-410-1a.X83
690;Schalldämmmatte zur Luftschalldämmung und Körperschallentkopplung fürRohraufhängung an schalldämmende Kunststoffrohrleitungen DN 50 als zusätzlicher Schallschutz für die Verlegung von Schmutzwasserleitungen in lärmsensiblen Bereichen. Baustoffklasse B2  s2, d0, nach DIN 4102-1, Stärke ca. 17 mm, Tem;10,0;St;gaeb;vom_unternehmen_auszufuellende_dokumente/20260717_SBH_LV_VE1-410-1a.X83
700;jedoch DN 70;10,0;St;gaeb;vom_unternehmen_auszufuellende_dokumente/20260717_SBH_LV_VE1-410-1a.X83
710;jedoch DN 100;30,0;St;gaeb;vom_unternehmen_auszufuellende_dokumente/20260717_SBH_LV_VE1-410-1a.X83
720;jedoch DN 125;10,0;St;gaeb;vom_unternehmen_auszufuellende_dokumente/20260717_SBH_LV_VE1-410-1a.X83
10;"Rohrleitung aus nicht rostendem Stahl, DN 12, 15 mm x 1 mm, Montagehöhe bis 3,5 m über Oberkante Gelände / Fußboden, Werkstoff-Nr 1.4401, nach DIN EN 10088 mit DVGW-Baumusterprüfzertifikat, geprüft nach DVGW Arbeitsblatt W 541 und W 534 mit dem Nachweis ""undicht im unverpressten Zustand"", geschweißt";450,0;m;gaeb;vom_unternehmen_auszufuellende_dokumente/20260717_SBH_LV_VE1-410-1a.X83
20;jedoch DN 15, 18 mm x 1,0 mm;180,0;m;gaeb;vom_unternehmen_auszufuellende_dokumente/20260717_SBH_LV_VE1-410-1a.X83
30;jedoch DN 20, 22 mm x 1,2 mm;280,0;m;gaeb;vom_unternehmen_auszufuellende_dokumente/20260717_SBH_LV_VE1-410-1a.X83
40;jedoch DN 25, 28 mm x 1,2 mm;180,0;m;gaeb;vom_unternehmen_auszufuellende_dokumente/20260717_SBH_LV_VE1-410-1a.X83
50;jedoch DN32, 35 mm x 1,5 mm;150,0;m;gaeb;vom_unternehmen_auszufuellende_dokumente/20260717_SBH_LV_VE1-410-1a.X83
60;jedoch DN 40, 42 mm x 1,5 mm;30,0;m;gaeb;vom_unternehmen_auszufuellende_dokumente/20260717_SBH_LV_VE1-410-1a.X83
70;jedoch DN 50, 54 mm x 1,5 mm;90,0;m;gaeb;vom_unternehmen_auszufuellende_dokumente/20260717_SBH_LV_VE1-410-1a.X83
80;jedoch DN 65, 76,1 mm x 2,0 mm;40,0;m;gaeb;vom_unternehmen_auszufuellende_dokumente/20260717_SBH_LV_VE1-410-1a.X83
90;jedoch DN 80, 88,9 mm x 2,0 mm;2,0;m;gaeb;vom_unternehmen_auszufuellende_dokumente/20260717_SBH_LV_VE1-410-1a.X83
100;jedoch DN 100, 108 mm x 2,0 mm;2,0;m;gaeb;vom_unternehmen_auszufuellende_dokumente/20260717_SBH_LV_VE1-410-1a.X83
110;jedoch Montagehöhe über 3,5 m bis 6,0 m, DN 12, 15 mm x 1,0 mm;120,0;m;gaeb;vom_unternehmen_auszufuellende_dokumente/20260717_SBH_LV_VE1-410-1a.X83
120;jedoch Montagehöhe über 3,5 m bis 6,0 m, DN 15, 18 mm x 1,0 mm;50,0;m;gaeb;vom_unternehmen_auszufuellende_dokumente/20260717_SBH_LV_VE1-410-1a.X83
130;jedoch Montagehöhe über 3,5 m bis 6,0 m, DN 20, 22 mm x 1,2 mm;100,0;m;gaeb;vom_unternehmen_auszufuellende_dokumente/20260717_SBH_LV_VE1-410-1a.X83
140;jedoch Montagehöhe über 3,5 m bis 6,0 m, DN 25, 28 mm x 1,2 mm;50,0;m;gaeb;vom_unternehmen_auszufuellende_dokumente/20260717_SBH_LV_VE1-410-1a.X83
150;jedoch Montagehöhe über 3,5 m bis 6,0 m, DN 32, 35 mm x 1,5 mm;40,0;m;gaeb;vom_unternehmen_auszufuellende_dokumente/20260717_SBH_LV_VE1-410-1a.X83
160;jedoch Montagehöhe über 3,5 m bis 6,0 m, DN 40, 42 mm x 1,5 mm;10,0;m;gaeb;vom_unternehmen_auszufuellende_dokumente/20260717_SBH_LV_VE1-410-1a.X83
170;jedoch Montagehöhe über 3,5 m bis 6,0 m, DN 50, 54 mm x 1,5 mm;20,0;m;gaeb;vom_unternehmen_auszufuellende_dokumente/20260717_SBH_LV_VE1-410-1a.X83
180;jedoch Montagehöhe über 3,5 m bis 6,0 m, DN 65, 76,1 mm x 2,0 mm;20,0;m;gaeb;vom_unternehmen_auszufuellende_dokumente/20260717_SBH_LV_VE1-410-1a.X83
190;"Bogen DN 12, AD 15 mm, alle Winkelgrade, Edelstahl-Pressfittingsystem für Trinkwasseranlagen, aus nichtrostendem CrNiMo-Stahl, Werkstoff Nr.: 1.4401 nach DIN EN 10088 mit DVGW-Baumusterprüfzertifikat, geprüft nach DVGW Arbeitsblatt W 534 mit dem Nachweis ""undicht im unverpressten Zustand"", mit Press";950,0;St;gaeb;vom_unternehmen_auszufuellende_dokumente/20260717_SBH_LV_VE1-410-1a.X83
200;jedoch DN 15 (18,0 mm);350,0;St;gaeb;vom_unternehmen_auszufuellende_dokumente/20260717_SBH_LV_VE1-410-1a.X83
210;jedoch DN 20 (22,0 mm);450,0;St;gaeb;vom_unternehmen_auszufuellende_dokumente/20260717_SBH_LV_VE1-410-1a.X83
220;jedoch DN 25 (28,0 mm);270,0;St;gaeb;vom_unternehmen_auszufuellende_dokumente/20260717_SBH_LV_VE1-410-1a.X83
230;jedoch DN 32 (35,0 mm);130,0;St;gaeb;vom_unternehmen_auszufuellende_dokumente/20260717_SBH_LV_VE1-410-1a.X83
240;jedoch DN 40 (42,0 mm);5,0;St;gaeb;vom_unternehmen_auszufuellende_dokumente/20260717_SBH_LV_VE1-410-1a.X83
250;jedoch DN 50 (54,0 mm);60,0;St;gaeb;vom_unternehmen_auszufuellende_dokumente/20260717_SBH_LV_VE1-410-1a.X83
260;jedoch DN 65 (76,1 mm);25,0;St;gaeb;vom_unternehmen_auszufuellende_dokumente/20260717_SBH_LV_VE1-410-1a.X83
270;jedoch DN 80 (88,9 mm);1,0;St;gaeb;vom_unternehmen_auszufuellende_dokumente/20260717_SBH_LV_VE1-410-1a.X83
280;jedoch DN 100 (108,0 mm);1,0;St;gaeb;vom_unternehmen_auszufuellende_dokumente/20260717_SBH_LV_VE1-410-1a.X83
290;"T-Stück DN 12 (15,0 mm), Abgang reduziert oder gleich, Edelstahl-Pressfittingsystem für Trinkwasseranlagen, aus nichtrostendem CrNiMo-Stahl, Werkstoff Nr.: 1.4401 nach DIN EN 10088 mit DVGW-Baumusterprüfzertifikat, geprüft nach DVGW Arbeitsblatt W 534 mit dem Nachweis ""undicht im unverpressten Zusta";35,0;St;gaeb;vom_unternehmen_auszufuellende_dokumente/20260717_SBH_LV_VE1-410-1a.X83
300;jedoch DN 15 (18,0 mm);30,0;St;gaeb;vom_unternehmen_auszufuellende_dokumente/20260717_SBH_LV_VE1-410-1a.X83
310;jedoch DN 20 (22,0 mm);35,0;St;gaeb;vom_unternehmen_auszufuellende_dokumente/20260717_SBH_LV_VE1-410-1a.X83
320;jedoch DN 25 (28,0 mm);20,0;St;gaeb;vom_unternehmen_auszufuellende_dokumente/20260717_SBH_LV_VE1-410-1a.X83
330;jedoch DN 32 (35,0 mm);20,0;St;gaeb;vom_unternehmen_auszufuellende_dokumente/20260717_SBH_LV_VE1-410-1a.X83
340;jedoch DN 40 (42,0 mm);2,0;St;gaeb;vom_unternehmen_auszufuellende_dokumente/20260717_SBH_LV_VE1-410-1a.X83
350;jedoch DN 50 (54,0 mm);15,0;St;gaeb;vom_unternehmen_auszufuellende_dokumente/20260717_SBH_LV_VE1-410-1a.X83
360;jedoch DN 65 (76,1 mm);4,0;St;gaeb;vom_unternehmen_auszufuellende_dokumente/20260717_SBH_LV_VE1-410-1a.X83
370;jedoch DN 80 (88,9 mm);1,0;St;gaeb;vom_unternehmen_auszufuellende_dokumente/20260717_SBH_LV_VE1-410-1a.X83
380;jedoch DN 100 (108,0 mm);1,0;St;gaeb;vom_unternehmen_auszufuellende_dokumente/20260717_SBH_LV_VE1-410-1a.X83
390;Reduzierstück DN 15 (18,0 mm, größter Durchmesser),;40,0;St;gaeb;vom_unternehmen_auszufuellende_dokumente/20260717_SBH_LV_VE1-410-1a.X83
400;jedoch DN 20;20,0;St;gaeb;vom_unternehmen_auszufuellende_dokumente/20260717_SBH_LV_VE1-410-1a.X83
410;jedoch DN 25;20,0;St;gaeb;vom_unternehmen_auszufuellende_dokumente/20260717_SBH_LV_VE1-410-1a.X83
420;jedoch DN 32;20,0;St;gaeb;vom_unternehmen_auszufuellende_dokumente/20260717_SBH_LV_VE1-410-1a.X83
430;jedoch DN 40;2,0;St;gaeb;vom_unternehmen_auszufuellende_dokumente/20260717_SBH_LV_VE1-410-1a.X83
440;jedoch DN 50;10,0;St;gaeb;vom_unternehmen_auszufuellende_dokumente/20260717_SBH_LV_VE1-410-1a.X83
450;jedoch DN 65;5,0;St;gaeb;vom_unternehmen_auszufuellende_dokumente/20260717_SBH_LV_VE1-410-1a.X83
460;jedoch DN 80;1,0;St;gaeb;vom_unternehmen_auszufuellende_dokumente/20260717_SBH_LV_VE1-410-1a.X83
470;jedoch DN 100;1,0;St;gaeb;vom_unternehmen_auszufuellende_dokumente/20260717_SBH_LV_VE1-410-1a.X83
480;"Übergangsstück, DN 12 x 1/2"" IG oder AG, für vorgenanntes Edelstahl-Pressfittingsystem für Trinkwasseranlagen, aus nichtrostendem CrNiMo-Stahl, Werkstoff Nr.: 1.4401 bzw. 1.4571 nach DIN EN 10088 mit DVGW-Baumusterprüfzertifikat, geprüft nach DVGW Arbeitsblatt W 534 mit dem Nachweis ""undicht im unve";20,0;St;gaeb;vom_unternehmen_auszufuellende_dokumente/20260717_SBH_LV_VE1-410-1a.X83
490;"jedoch DN 15 x 1/2""";20,0;St;gaeb;vom_unternehmen_auszufuellende_dokumente/20260717_SBH_LV_VE1-410-1a.X83
500;"jedoch DN 20 x 3/4""";30,0;St;gaeb;vom_unternehmen_auszufuellende_dokumente/20260717_SBH_LV_VE1-410-1a.X83
510;"jedoch DN 25 x 1""";20,0;St;gaeb;vom_unternehmen_auszufuellende_dokumente/20260717_SBH_LV_VE1-410-1a.X83
520;"jedoch DN 32 x 1 1/4""";10,0;St;gaeb;vom_unternehmen_auszufuellende_dokumente/20260717_SBH_LV_VE1-410-1a.X83
530;"jedoch DN 40 x 1 1/2""";4,0;St;gaeb;vom_unternehmen_auszufuellende_dokumente/20260717_SBH_LV_VE1-410-1a.X83
540;"jedoch DN 50 x 2""";10,0;St;gaeb;vom_unternehmen_auszufuellende_dokumente/20260717_SBH_LV_VE1-410-1a.X83
550;"jedoch DN 65 x 2 1/2""";2,0;St;gaeb;vom_unternehmen_auszufuellende_dokumente/20260717_SBH_LV_VE1-410-1a.X83
560;"jedoch DN 80 x 3""";2,0;St;gaeb;vom_unternehmen_auszufuellende_dokumente/20260717_SBH_LV_VE1-410-1a.X83
570;"Muffe DN 12 (15,0 mm), Edelstahl-Pressfittingsystem für Trinkwasseranlagen, aus nichtrostendem CrNiMo-Stahl, Werkstoff Nr.: 1.4401 nach DIN EN 10088 mit DVGW-Baumusterprüfzertifikat, geprüft nach DVGW Arbeitsblatt W 534 mit dem Nachweis ""undicht im unverpressten Zustand"", mit Pressindikator zur Erke";140,0;St;gaeb;vom_unternehmen_auszufuellende_dokumente/20260717_SBH_LV_VE1-410-1a.X83
580;jedoch DN 15 (18,0 mm);80,0;St;gaeb;vom_unternehmen_auszufuellende_dokumente/20260717_SBH_LV_VE1-410-1a.X83
590;jedoch DN 20 (22,0 mm);100,0;St;gaeb;vom_unternehmen_auszufuellende_dokumente/20260717_SBH_LV_VE1-410-1a.X83
600;jedoch DN 25 (28,0 mm);80,0;St;gaeb;vom_unternehmen_auszufuellende_dokumente/20260717_SBH_LV_VE1-410-1a.X83
610;jedoch DN 32 (35,0 mm);60,0;St;gaeb;vom_unternehmen_auszufuellende_dokumente/20260717_SBH_LV_VE1-410-1a.X83
620;jedoch DN 40 (42,0 mm);5,0;St;gaeb;vom_unternehmen_auszufuellende_dokumente/20260717_SBH_LV_VE1-410-1a.X83
630;jedoch DN 50 (54,0 mm);20,0;St;gaeb;vom_unternehmen_auszufuellende_dokumente/20260717_SBH_LV_VE1-410-1a.X83
640;jedoch DN 65 (76,1 mm);30,0;St;gaeb;vom_unternehmen_auszufuellende_dokumente/20260717_SBH_LV_VE1-410-1a.X83
650;jedoch DN 80 (88,9 mm);2,0;St;gaeb;vom_unternehmen_auszufuellende_dokumente/20260717_SBH_LV_VE1-410-1a.X83
660;jedoch DN 100 (108,0 mm);2,0;St;gaeb;vom_unternehmen_auszufuellende_dokumente/20260717_SBH_LV_VE1-410-1a.X83
670;"Endkappe DN 12 (15,0 mm), Edelstahl-Pressfittingsystem für Trinkwasseranlagen, aus nichtrostendem CrNiMo-Stahl, Werkstoff Nr.: 1.4401 nach DIN EN 10088 mit DVGW-Baumusterprüfzertifikat, geprüft nach DVGW Arbeitsblatt W 534 mit dem Nachweis ""undicht im unverpressten Zustand"", mit Pressindikator zur E";20,0;St;gaeb;vom_unternehmen_auszufuellende_dokumente/20260717_SBH_LV_VE1-410-1a.X83
680;jedoch DN 15 (18,0 mm);10,0;St;gaeb;vom_unternehmen_auszufuellende_dokumente/20260717_SBH_LV_VE1-410-1a.X83
690;jedoch DN 20 (22,0 mm);5,0;St;gaeb;vom_unternehmen_auszufuellende_dokumente/20260717_SBH_LV_VE1-410-1a.X83
700;jedoch DN 25 (28,0 mm);5,0;St;gaeb;vom_unternehmen_auszufuellende_dokumente/20260717_SBH_LV_VE1-410-1a.X83
710;jedoch DN 32 (35,0 mm);5,0;St;gaeb;vom_unternehmen_auszufuellende_dokumente/20260717_SBH_LV_VE1-410-1a.X83
720;jedoch DN 40 (42,0 mm);2,0;St;gaeb;vom_unternehmen_auszufuellende_dokumente/20260717_SBH_LV_VE1-410-1a.X83
730;jedoch DN 50 (54,0 mm);5,0;St;gaeb;vom_unternehmen_auszufuellende_dokumente/20260717_SBH_LV_VE1-410-1a.X83
740;jedoch DN 65 (76,1 mm);1,0;St;gaeb;vom_unternehmen_auszufuellende_dokumente/20260717_SBH_LV_VE1-410-1a.X83
750;jedoch DN 80 (88,9 mm);1,0;St;gaeb;vom_unternehmen_auszufuellende_dokumente/20260717_SBH_LV_VE1-410-1a.X83
760;jedoch DN 100 (108,0 mm);1,0;St;gaeb;vom_unternehmen_auszufuellende_dokumente/20260717_SBH_LV_VE1-410-1a.X83
770;"Anschlussverschraubung, mit Überwurfmutter aus Messing, DN 12 x 3/4"" IG, für vorgenanntes Edelstahl-Pressfittingsystem für Trinkwasseranlagen, aus nichtrostendem CrNiMo-Stahl, Werkstoff Nr.: 1.4401 bzw. 1.4571 nach DIN EN 10088 mit DVGW-Baumusterprüfzertifikat, geprüft nach DVGW Arbeitsblatt W 534 m";20,0;St;gaeb;vom_unternehmen_auszufuellende_dokumente/20260717_SBH_LV_VE1-410-1a.X83
780;"jedoch DN 15 x 3/4""";20,0;St;gaeb;vom_unternehmen_auszufuellende_dokumente/20260717_SBH_LV_VE1-410-1a.X83
790;"jedoch DN 20 x 1""";30,0;St;gaeb;vom_unternehmen_auszufuellende_dokumente/20260717_SBH_LV_VE1-410-1a.X83
800;"jedoch DN 25 x 1 1/4""";20,0;St;gaeb;vom_unternehmen_auszufuellende_dokumente/20260717_SBH_LV_VE1-410-1a.X83
810;"jedoch DN 32 x 1 1/2""";10,0;St;gaeb;vom_unternehmen_auszufuellende_dokumente/20260717_SBH_LV_VE1-410-1a.X83
820;"jedoch DN 40 x 1 3/4""";4,0;St;gaeb;vom_unternehmen_auszufuellende_dokumente/20260717_SBH_LV_VE1-410-1a.X83
830;"jedoch DN 50 x 2 3/8""";10,0;St;gaeb;vom_unternehmen_auszufuellende_dokumente/20260717_SBH_LV_VE1-410-1a.X83
840;"jedoch DN 65 x 3""";2,0;St;gaeb;vom_unternehmen_auszufuellende_dokumente/20260717_SBH_LV_VE1-410-1a.X83
850;"jedoch DN 80 x 3 1/2""";2,0;St;gaeb;vom_unternehmen_auszufuellende_dokumente/20260717_SBH_LV_VE1-410-1a.X83
860;"Flansch mit Pressmuffe, DN 40 (42,0 mm), PN16, Edelstahl-Pressfittingsystem für Trinkwasseranlagen, aus nichtrostendem CrNiMo-Stahl, Werkstoff Nr.: 1.4401 nach DIN EN 10088 mit DVGW-Baumusterprüfzertifikat, geprüft nach DVGW Arbeitsblatt W 534 mit dem Nachweis ""undicht im unverpressten Zustand"", mit";1,0;St;gaeb;vom_unternehmen_auszufuellende_dokumente/20260717_SBH_LV_VE1-410-1a.X83
870;jedoch DN 50 (54,0 mm);1,0;St;gaeb;vom_unternehmen_auszufuellende_dokumente/20260717_SBH_LV_VE1-410-1a.X83
880;jedoch DN 65 (76,1 mm);1,0;St;gaeb;vom_unternehmen_auszufuellende_dokumente/20260717_SBH_LV_VE1-410-1a.X83
890;jedoch DN 80 (88,9 mm);1,0;St;gaeb;vom_unternehmen_auszufuellende_dokumente/20260717_SBH_LV_VE1-410-1a.X83
900;jedoch DN 100 (108,0 mm);1,0;St;gaeb;vom_unternehmen_auszufuellende_dokumente/20260717_SBH_LV_VE1-410-1a.X83
910;Rohraufhängung, aus verzinktem Stahl, mit körperschalldämmenden Einlagen und Schnellverschluss, Anforderungen entsprechend DIN 4109, Temperaturberei;200,0;St;gaeb;vom_unternehmen_auszufuellende_dokumente/20260717_SBH_LV_VE1-410-1a.X83
920;jedoch DN 15;100,0;St;gaeb;vom_unternehmen_auszufuellende_dokumente/20260717_SBH_LV_VE1-410-1a.X83
930;jedoch DN 20;150,0;St;gaeb;vom_unternehmen_auszufuellende_dokumente/20260717_SBH_LV_VE1-410-1a.X83
940;jedoch DN 25;100,0;St;gaeb;vom_unternehmen_auszufuellende_dokumente/20260717_SBH_LV_VE1-410-1a.X83
950;jedoch DN 32;100,0;St;gaeb;vom_unternehmen_auszufuellende_dokumente/20260717_SBH_LV_VE1-410-1a.X83
960;jedoch DN 40;5,0;St;gaeb;vom_unternehmen_auszufuellende_dokumente/20260717_SBH_LV_VE1-410-1a.X83
970;jedoch DN 50;2,0;St;gaeb;vom_unternehmen_auszufuellende_dokumente/20260717_SBH_LV_VE1-410-1a.X83
980;jedoch DN 65;2,0;St;gaeb;vom_unternehmen_auszufuellende_dokumente/20260717_SBH_LV_VE1-410-1a.X83
990;jedoch DN 80;2,0;St;gaeb;vom_unternehmen_auszufuellende_dokumente/20260717_SBH_LV_VE1-410-1a.X83
1000;jedoch DN 100;2,0;St;gaeb;vom_unternehmen_auszufuellende_dokumente/20260717_SBH_LV_VE1-410-1a.X83
1010;jedoch DN 12, als Systemlösung aus Träger und Schelle gemeinsam mit Schwitzwasserdämmung entsprechend Titel Wasseranlagen Dämmarbeiten Trinkwasser, kalt, nach DIN 4140 2023-05, mit thermisch entkoppeltem Rohrträger, bestehend aus FCKW-freien PET-Auflagersegmenten, eingebettet in Schlauch- oder Platt;150,0;St;gaeb;vom_unternehmen_auszufuellende_dokumente/20260717_SBH_LV_VE1-410-1a.X83
1020;jedoch DN 15, als Systemlösung aus Träger und Schelle gemeinsam mit Schwitzwasserdämmung entsprechend Titel Wasseranlagen Dämmarbeiten Trinkwasser, kalt, nach DIN 4140 2023-05, mit thermisch entkoppeltem Rohrträger, bestehend aus FCKW-freien PET-Auflagersegmenten, eingebettet in Schlauch- oder Platt;75,0;St;gaeb;vom_unternehmen_auszufuellende_dokumente/20260717_SBH_LV_VE1-410-1a.X83
1030;jedoch DN 20, als Systemlösung aus Träger und Schelle gemeinsam mit Schwitzwasserdämmung entsprechend Titel Wasseranlagen Dämmarbeiten Trinkwasser, kalt, nach DIN 4140 2023-05, mit thermisch entkoppeltem Rohrträger, bestehend aus FCKW-freien PET-Auflagersegmenten, eingebettet in Schlauch- oder Platt;100,0;St;gaeb;vom_unternehmen_auszufuellende_dokumente/20260717_SBH_LV_VE1-410-1a.X83
1040;jedoch DN 25, als Systemlösung aus Träger und Schelle gemeinsam mit Schwitzwasserdämmung entsprechend Titel Wasseranlagen Dämmarbeiten Trinkwasser, kalt, nach DIN 4140 2023-05, mit thermisch entkoppeltem Rohrträger, bestehend aus FCKW-freien PET-Auflagersegmenten, eingebettet in Schlauch- oder Platt;75,0;St;gaeb;vom_unternehmen_auszufuellende_dokumente/20260717_SBH_LV_VE1-410-1a.X83
1050;jedoch DN 32, als Systemlösung aus Träger und Schelle gemeinsam mit Schwitzwasserdämmung entsprechend Titel Wasseranlagen Dämmarbeiten Trinkwasser, kalt, nach DIN 4140 2023-05, mit thermisch entkoppeltem Rohrträger, bestehend aus FCKW-freien PET-Auflagersegmenten, eingebettet in Schlauch- oder Platt;75,0;St;gaeb;vom_unternehmen_auszufuellende_dokumente/20260717_SBH_LV_VE1-410-1a.X83
1060;jedoch DN 40, als Systemlösung aus Träger und Schelle gemeinsam mit Schwitzwasserdämmung entsprechend Titel Wasseranlagen Dämmarbeiten Trinkwasser, kalt, nach DIN 4140 2023-05, mit thermisch entkoppeltem Rohrträger, bestehend aus FCKW-freien PET-Auflagersegmenten, eingebettet in Schlauch- oder Platt;5,0;St;gaeb;vom_unternehmen_auszufuellende_dokumente/20260717_SBH_LV_VE1-410-1a.X83
1070;jedoch DN 50, als Systemlösung aus Träger und Schelle gemeinsam mit Schwitzwasserdämmung entsprechend Titel Wasseranlagen Dämmarbeiten Trinkwasser, kalt, nach DIN 4140 2023-05, mit thermisch entkoppeltem Rohrträger, bestehend aus FCKW-freien PET-Auflagersegmenten, eingebettet in Schlauch- oder Platt;90,0;St;gaeb;vom_unternehmen_auszufuellende_dokumente/20260717_SBH_LV_VE1-410-1a.X83
1080;jedoch DN 65, als Systemlösung aus Träger und Schelle gemeinsam mit Schwitzwasserdämmung entsprechend Titel Wasseranlagen Dämmarbeiten Trinkwasser, kalt, nach DIN 4140 2023-05, mit thermisch entkoppeltem Rohrträger, bestehend aus FCKW-freien PET-Auflagersegmenten, eingebettet in Schlauch- oder Platt;40,0;St;gaeb;vom_unternehmen_auszufuellende_dokumente/20260717_SBH_LV_VE1-410-1a.X83
1090;jedoch DN 80, als Systemlösung aus Träger und Schelle gemeinsam mit Schwitzwasserdämmung entsprechend Titel Wasseranlagen Dämmarbeiten Trinkwasser, kalt, nach DIN 4140 2023-05, mit thermisch entkoppeltem Rohrträger, bestehend aus FCKW-freien PET-Auflagersegmenten, eingebettet in Schlauch- oder Platt;2,0;St;gaeb;vom_unternehmen_auszufuellende_dokumente/20260717_SBH_LV_VE1-410-1a.X83
1100;jedoch DN 100, als Systemlösung aus Träger und Schelle gemeinsam mit Schwitzwasserdämmung entsprechend Titel Wasseranlagen Dämmarbeiten Trinkwasser, kalt, nach DIN 4140 2023-05, mit thermisch entkoppeltem Rohrträger, bestehend aus FCKW-freien PET-Auflagersegmenten, eingebettet in Schlauch- oder Plat;2,0;St;gaeb;vom_unternehmen_auszufuellende_dokumente/20260717_SBH_LV_VE1-410-1a.X83
1110;"Mehraufwand für Installation von vorgenannte Rohrleitungen sowie Form- und Verbindungsstücken aus Edelstahl einschließlich zugehöriger Rohraufhängungen; DN 12, Installation in einem Bereich im 1.UG der Männerhalle mit geringer lichter Raumhöhe. Oberhalb des Bereichs befinden sich Sanitärräume mit Bo";15,0;m;gaeb;vom_unternehmen_auszufuellende_dokumente/20260717_SBH_LV_VE1-410-1a.X83
1120;jedoch DN 15;20,0;m;gaeb;vom_unternehmen_auszufuellende_dokumente/20260717_SBH_LV_VE1-410-1a.X83
1130;jedoch DN 20;30,0;m;gaeb;vom_unternehmen_auszufuellende_dokumente/20260717_SBH_LV_VE1-410-1a.X83
1140;jedoch DN 25;40,0;m;gaeb;vom_unternehmen_auszufuellende_dokumente/20260717_SBH_LV_VE1-410-1a.X83
1150;jedoch DN 32;10,0;m;gaeb;vom_unternehmen_auszufuellende_dokumente/20260717_SBH_LV_VE1-410-1a.X83
1160;jedoch DN 40;2,0;m;gaeb;vom_unternehmen_auszufuellende_dokumente/20260717_SBH_LV_VE1-410-1a.X83
1170;"Wandscheibe, Edelstahl DN 15 (18 mm) x 1/2"", für vorgenanntes Edelstahl-Pressfittingsystem für Trinkwasseranlagen, aus nichtrostendem CrNiMo-Stahl, Werkstoff Nr.: 1.4401 bzw. 1.4571 nach DIN EN 10088 mit DVGW-Baumusterprüfzertifikat, geprüft nach DVGW Arbeitsblatt W 534 mit dem Nachweis ""undicht im ";10,0;St;gaeb;vom_unternehmen_auszufuellende_dokumente/20260717_SBH_LV_VE1-410-1a.X83
1180;"jedoch DN 20 (22 mm) x 1/2"" oder Edelstahl DN 20 (22 mm) x 3/4""";10,0;St;gaeb;vom_unternehmen_auszufuellende_dokumente/20260717_SBH_LV_VE1-410-1a.X83
1190;"jedoch als Doppelwandscheibe, DN 12 (15 mm) x 1/2""";20,0;St;gaeb;vom_unternehmen_auszufuellende_dokumente/20260717_SBH_LV_VE1-410-1a.X83
1200;"jedoch als Doppelwandscheibe, aus Rotguss oder Siliziumbronze, DN 12 (15 mm) x 1/2""";10,0;St;gaeb;vom_unternehmen_auszufuellende_dokumente/20260717_SBH_LV_VE1-410-1a.X83
1210;"jedoch als Doppelwandscheibe, aus Rotguss oder Siliziumbronze, DN 15 (18 mm) x 1/2""";20,0;St;gaeb;vom_unternehmen_auszufuellende_dokumente/20260717_SBH_LV_VE1-410-1a.X83
1220;"jedoch als Doppelwandscheibe, aus Rotguss oder Siliziumbronze, DN 20 (22 mm) x 1/2""";60,0;St;gaeb;vom_unternehmen_auszufuellende_dokumente/20260717_SBH_LV_VE1-410-1a.X83
10;Absperrventil, Schrägsitzform, DN 15, PN 16, mit Entleerung, mit Schallschutzprüfzeichen gemäß DIN 4109 Gruppe I, für Trinkwasserleitung, mit Eignungsnachweis gemäß DIN 1988. Gehäuse, Oberteil und wasserberührte Teile der Innengarnitur aus Rotguss, mit Entleerungsventil in Gehäusematerial, mit wartu;30,0;St;gaeb;vom_unternehmen_auszufuellende_dokumente/20260717_SBH_LV_VE1-410-1a.X83
20;jedoch DN 20;15,0;St;gaeb;vom_unternehmen_auszufuellende_dokumente/20260717_SBH_LV_VE1-410-1a.X83
30;jedoch DN 25;15,0;St;gaeb;vom_unternehmen_auszufuellende_dokumente/20260717_SBH_LV_VE1-410-1a.X83
40;jedoch DN 32;10,0;St;gaeb;vom_unternehmen_auszufuellende_dokumente/20260717_SBH_LV_VE1-410-1a.X83
50;jedoch DN 40;2,0;St;gaeb;vom_unternehmen_auszufuellende_dokumente/20260717_SBH_LV_VE1-410-1a.X83
60;jedoch DN 50;14,0;St;gaeb;vom_unternehmen_auszufuellende_dokumente/20260717_SBH_LV_VE1-410-1a.X83
70;Absperrventil, Flanschanschluss, DN 65, PN 16, mit seitlicher Entleerung, mit Schallschutzprüfzeichen gemäß DIN 4109 Gruppe I, für Trinkwasserleitung, mit Eignungsnachweis gemäß DIN 1988. Gehäuse, Oberteil und wasserberührte Teile der Innengarnitur aus Rotguss, mit Entleerungsventil in Gehäusemateri;2,0;St;gaeb;vom_unternehmen_auszufuellende_dokumente/20260717_SBH_LV_VE1-410-1a.X83
80;jedoch DN 80;1,0;St;gaeb;vom_unternehmen_auszufuellende_dokumente/20260717_SBH_LV_VE1-410-1a.X83
90;jedoch DN 100;1,0;St;gaeb;vom_unternehmen_auszufuellende_dokumente/20260717_SBH_LV_VE1-410-1a.X83
100;Freistrom-Kombi-Rückflussverhinderer DN 15, mit Entleerstopfen, AG, mediumberührte Metallteile aus entzinkungsfreiem und korrosionsbeständigem Rotguss, beständig gegen aggressives Wasser, wartungsfreie Spindelabdichtung mit selbstfettender EPDM-Lippendichtung, unter Druck austauschbar, EPDM-Sitzdich;2,0;St;gaeb;vom_unternehmen_auszufuellende_dokumente/20260717_SBH_LV_VE1-410-1a.X83
110;jedoch DN 20;1,0;St;gaeb;vom_unternehmen_auszufuellende_dokumente/20260717_SBH_LV_VE1-410-1a.X83
120;jedoch DN 25;1,0;St;gaeb;vom_unternehmen_auszufuellende_dokumente/20260717_SBH_LV_VE1-410-1a.X83
130;jedoch DN 32;1,0;St;gaeb;vom_unternehmen_auszufuellende_dokumente/20260717_SBH_LV_VE1-410-1a.X83
140;jedoch DN 40;4,0;St;gaeb;vom_unternehmen_auszufuellende_dokumente/20260717_SBH_LV_VE1-410-1a.X83
150;jedoch DN 50;1,0;St;gaeb;vom_unternehmen_auszufuellende_dokumente/20260717_SBH_LV_VE1-410-1a.X83
160;Automatisches Zirkulations-Regulierventil, DN 15, 50 °C bis 65 °C, thermisch regulierendes Zirkulationsregulierventil, mit zylindrischem Außengewinde nach ISO 228 für flachdichtende;12,0;St;gaeb;vom_unternehmen_auszufuellende_dokumente/20260717_SBH_LV_VE1-410-1a.X83
170;jedoch DN 20;1,0;St;gaeb;vom_unternehmen_auszufuellende_dokumente/20260717_SBH_LV_VE1-410-1a.X83
180;Auslaufventil mit Schlauchverschraubung, mit Rückflußverhinderer und Rohrbelüfter, verchromt, DVGW-geprüft, für Trinkwasser, Nenndruck PN 10, Sanitäroberteil verchromt, Ventilnennweite DN 15;2,0;St;gaeb;vom_unternehmen_auszufuellende_dokumente/20260717_SBH_LV_VE1-410-1a.X83
190;Trinkwasser-Kugelhahn, Gehäuse und Kugel aus korrosionsbeständigem, entzinkungsfreiem Rotguss, DVGW-;10,0;St;gaeb;vom_unternehmen_auszufuellende_dokumente/20260717_SBH_LV_VE1-410-1a.X83
200;jedoch DN 20;10,0;St;gaeb;vom_unternehmen_auszufuellende_dokumente/20260717_SBH_LV_VE1-410-1a.X83
210;jedoch DN 25;10,0;St;gaeb;vom_unternehmen_auszufuellende_dokumente/20260717_SBH_LV_VE1-410-1a.X83
220;jedoch DN 32;6,0;St;gaeb;vom_unternehmen_auszufuellende_dokumente/20260717_SBH_LV_VE1-410-1a.X83
230;jedoch DN 40;2,0;St;gaeb;vom_unternehmen_auszufuellende_dokumente/20260717_SBH_LV_VE1-410-1a.X83
240;jedoch DN 50;4,0;St;gaeb;vom_unternehmen_auszufuellende_dokumente/20260717_SBH_LV_VE1-410-1a.X83
250;Rückschlagventil für Trinkwasser mit Eignungsnachweis gemäß DIN 1988, Gehäuse aus Messing, Prüf- und Entleereinrichtung,;1,0;St;gaeb;vom_unternehmen_auszufuellende_dokumente/20260717_SBH_LV_VE1-410-1a.X83
260;jedoch DN 20;1,0;St;gaeb;vom_unternehmen_auszufuellende_dokumente/20260717_SBH_LV_VE1-410-1a.X83
270;jedoch DN 25;1,0;St;gaeb;vom_unternehmen_auszufuellende_dokumente/20260717_SBH_LV_VE1-410-1a.X83
280;jedoch DN 50;2,0;St;gaeb;vom_unternehmen_auszufuellende_dokumente/20260717_SBH_LV_VE1-410-1a.X83
290;Probenahmeventil aus Rotguss, zur Probenahme von Trinkwasser, Bestimmung mikrobiologischer Parameter nach TrinkwV, mediumberührte Metallteile aus entzinkungsfreiem und korrosionsbeständigem Rotguss, beständig gegen aggressives Wasser, abflammbarer und drehbarer Edelstahl-Auslaufbogen, Dreikant-Bedie;12,0;St;gaeb;vom_unternehmen_auszufuellende_dokumente/20260717_SBH_LV_VE1-410-1a.X83
300;Messsystem aus nicht rostendem Stahl, mit Rohrfeder, Gehäuse aus Stahl, lackiert, Muffenanschluss, Anschlusszapfen radial unten, Übersteckring aus Stahl, lackiert, Messgenauigkeit 1,0 % vom Skalenendwert, Gehäusedurchmesser 100 mm, Anzeige- bereich 0 - 10 bar Betriebsüberdruck, Medium Trinkwasser, T;4,0;St;gaeb;vom_unternehmen_auszufuellende_dokumente/20260717_SBH_LV_VE1-410-1a.X83
310;Messelement Bimetall, Tauchrohr axial, Schutzrohr aus nicht rostendem Stahl, zum Einschrauben, Gehäuse aus Stahl, lackiert, Übersteckring aus Stahl, lackiert, Messgenauigkeit 1 % vom Skalenendwert, Gehäusedurchmesser 100 mm,;20,0;St;gaeb;vom_unternehmen_auszufuellende_dokumente/20260717_SBH_LV_VE1-410-1a.X83
320;Handbedienter Rückspülfilter mit modularem Filterelement aus Kunststoff mit Filtergewebe aus Edelstahl inkl. Rotationsdüse sowie Abstreifbürsten zur mechanischen Zusatzreinigung für optimale Rückspülwirkung. Wasserentnahme auch während der Rückspülung möglich. Gehäuse aus entzinkungsarmen Messing, f;1,0;St;gaeb;vom_unternehmen_auszufuellende_dokumente/20260717_SBH_LV_VE1-410-1a.X83
330;Rohrpassstück, in Armaturenlänge, mit Verschraubungen, PN 10,  Baulänge bis 400 mm, entsprechend der Baulänge der beigestellten Wasserzähler, einschließlich Dichtungs- und Befestigungsmaterial, DN 15 bis DN 40, einschließlich Demontage und Entsorgung vor dem Einbau der Wasserzähler, Material geht na;1,0;St;gaeb;vom_unternehmen_auszufuellende_dokumente/20260717_SBH_LV_VE1-410-1a.X83
340;jedoch DN 50 bis DN 100;1,0;St;gaeb;vom_unternehmen_auszufuellende_dokumente/20260717_SBH_LV_VE1-410-1a.X83
350;"Ultraschall-Wasserzähler ist gemäß MID-Richtlinie 2014/32/EU zugelassen sowie konformitätsbewertet (""geeicht"") und für den gesetzlichen Abrechnungsverkehr geeignet. Einzelkomponenten gemäß KTW, W421 und W270 entsprechen der Trinkwasserverordnung, Messinggehäuse mit Chargenkennzeichnung entspricht de";2,0;St;gaeb;vom_unternehmen_auszufuellende_dokumente/20260717_SBH_LV_VE1-410-1a.X83
360;jedoch Ausführung:;1,0;St;gaeb;vom_unternehmen_auszufuellende_dokumente/20260717_SBH_LV_VE1-410-1a.X83
370;Ringkolbenzähler für Kaltwasser bis 40°C, für horizontale und vertikale Montage zugelassen nach MID in der Klasse Q3 = 16 in dem Messbereich R160, Volltrockenläufer mit 360° drehbarem Zählwerk, ultraschallverschweißtes Kunststoffzählwerk (5 Vorkommastellen / 3 Nachkommastellen),;4,0;St;gaeb;vom_unternehmen_auszufuellende_dokumente/20260717_SBH_LV_VE1-410-1a.X83
380;Hygienespülstation mit Durchflusssensor, mit einem Anschluss, für automatisch auslösende Wasserwechsel zur Sicherstellung des bestimmungsgemäßen Betriebs, mit einem Anschluss für Trinkwasser kalt (PWC), mediumberührte Metallteile aus entzinkungsfreiem und korrosionsbeständigem Rotguss, beständig geg;8,0;St;gaeb;vom_unternehmen_auszufuellende_dokumente/20260717_SBH_LV_VE1-410-1a.X83
390;Sicherheitstrennstation für Trinkwasser DIN EN 1717, als freier Auslauf mit nicht kreisförmigem Überlauf (uneingeschränkt), Gruppe/Typ AB, zur Versorgung einer bauseitigen Neutralisationsanlage mit Brauchwasser sowie zur Spülung der Trinkwasserleitung für bestimmungsgemäßen Betrieb bis zu drei mal t;1,0;St;gaeb;vom_unternehmen_auszufuellende_dokumente/20260717_SBH_LV_VE1-410-1a.X83
400;Membran-Ausdehnungsgefäß 33 Liter, Druckstufe PN 16, max. Betriebstemperatur 50 °C, passend für vorgenannte Sicherheitstrennstation, einschl. Wandhalterung, einschl. Zubehör;1,0;St;gaeb;vom_unternehmen_auszufuellende_dokumente/20260717_SBH_LV_VE1-410-1a.X83
410;Schrägsitz-Schmutzfänger Rp 1 1/4, Druckstufe PN 16, max. Betriebstemperatur 50 °C, passend für vorgenannte Sicherheitstrennstation, mediumberührte Metallteile aus entzinkungsfreiem und korrosionsbeständigem Rotguss, beständig gegen aggressives Wasser, leicht austauschbarer Doppelsiebeinsatz aus Ede;1,0;St;gaeb;vom_unternehmen_auszufuellende_dokumente/20260717_SBH_LV_VE1-410-1a.X83
10;R90-Rohrabschottung um nichtbrennbare Rohrleitungen, zur Montage in Massivwänden und leichten Trennwänden sowie in massiven Decken mit entsprechender Feuerwiderstandsklasse, mit allgemeinem bauaufsichtlichen Prüfzeugnis nach DIN 4102-11, Rohrabschottung verhindert für 90 Minuten einen Übertrag von F;16,0;St;gaeb;vom_unternehmen_auszufuellende_dokumente/20260717_SBH_LV_VE1-410-1a.X83
20;jedoch;10,0;St;gaeb;vom_unternehmen_auszufuellende_dokumente/20260717_SBH_LV_VE1-410-1a.X83
30;jedoch;12,0;St;gaeb;vom_unternehmen_auszufuellende_dokumente/20260717_SBH_LV_VE1-410-1a.X83
40;jedoch;8,0;St;gaeb;vom_unternehmen_auszufuellende_dokumente/20260717_SBH_LV_VE1-410-1a.X83
50;jedoch;4,0;St;gaeb;vom_unternehmen_auszufuellende_dokumente/20260717_SBH_LV_VE1-410-1a.X83
60;weiterführende Dämmung für Bogen über 45 bis 90 Grad, Radius bis 1,5 D,;32,0;St;gaeb;vom_unternehmen_auszufuellende_dokumente/20260717_SBH_LV_VE1-410-1a.X83
70;jedoch;20,0;St;gaeb;vom_unternehmen_auszufuellende_dokumente/20260717_SBH_LV_VE1-410-1a.X83
80;jedoch;24,0;St;gaeb;vom_unternehmen_auszufuellende_dokumente/20260717_SBH_LV_VE1-410-1a.X83
90;jedoch;16,0;St;gaeb;vom_unternehmen_auszufuellende_dokumente/20260717_SBH_LV_VE1-410-1a.X83
100;jedoch;8,0;St;gaeb;vom_unternehmen_auszufuellende_dokumente/20260717_SBH_LV_VE1-410-1a.X83
110;R90-Rohrabschottung nach DIN 4102 für nichtbrennbare Rohrleitungen, zur Montage in Massivwänden und -decken sowie leichten Trennwänden mit einer Mindeststärke von 150 mm bzw. 200 mm sowie in leichten Trennwänden mit einer Mindeststärke von 100 mm, mit allgemeinem bauaufsichtlichen Prüfzeugnis nach D;6,0;St;gaeb;vom_unternehmen_auszufuellende_dokumente/20260717_SBH_LV_VE1-410-1a.X83
120;jedoch;5,0;St;gaeb;vom_unternehmen_auszufuellende_dokumente/20260717_SBH_LV_VE1-410-1a.X83
130;jedoch;6,0;St;gaeb;vom_unternehmen_auszufuellende_dokumente/20260717_SBH_LV_VE1-410-1a.X83
140;jedoch;6,0;St;gaeb;vom_unternehmen_auszufuellende_dokumente/20260717_SBH_LV_VE1-410-1a.X83
150;jedoch;5,0;St;gaeb;vom_unternehmen_auszufuellende_dokumente/20260717_SBH_LV_VE1-410-1a.X83
160;jedoch;1,0;St;gaeb;vom_unternehmen_auszufuellende_dokumente/20260717_SBH_LV_VE1-410-1a.X83
170;jedoch;3,0;St;gaeb;vom_unternehmen_auszufuellende_dokumente/20260717_SBH_LV_VE1-410-1a.X83
180;jedoch;4,0;St;gaeb;vom_unternehmen_auszufuellende_dokumente/20260717_SBH_LV_VE1-410-1a.X83
190;jedoch;1,0;St;gaeb;vom_unternehmen_auszufuellende_dokumente/20260717_SBH_LV_VE1-410-1a.X83
200;jedoch;1,0;St;gaeb;vom_unternehmen_auszufuellende_dokumente/20260717_SBH_LV_VE1-410-1a.X83
10;Kältedämmung DIN 4140, an Rohrleitung, DN 12,;200,0;m;gaeb;vom_unternehmen_auszufuellende_dokumente/20260717_SBH_LV_VE1-410-1a.X83
20;jedoch DN 15, Dicke 15 mm.;100,0;m;gaeb;vom_unternehmen_auszufuellende_dokumente/20260717_SBH_LV_VE1-410-1a.X83
30;jedoch DN 20, Dicke 22 mm.;130,0;m;gaeb;vom_unternehmen_auszufuellende_dokumente/20260717_SBH_LV_VE1-410-1a.X83
40;jedoch DN 25, Dicke 25 mm.;130,0;m;gaeb;vom_unternehmen_auszufuellende_dokumente/20260717_SBH_LV_VE1-410-1a.X83
50;jedoch DN 32, Dicke 35 mm.;90,0;m;gaeb;vom_unternehmen_auszufuellende_dokumente/20260717_SBH_LV_VE1-410-1a.X83
60;jedoch DN 40, Dicke 42 mm.;20,0;m;gaeb;vom_unternehmen_auszufuellende_dokumente/20260717_SBH_LV_VE1-410-1a.X83
70;jedoch DN 50, Dicke 54 mm.;120,0;m;gaeb;vom_unternehmen_auszufuellende_dokumente/20260717_SBH_LV_VE1-410-1a.X83
80;jedoch DN 65, Dicke 77 mm.;70,0;m;gaeb;vom_unternehmen_auszufuellende_dokumente/20260717_SBH_LV_VE1-410-1a.X83
90;jedoch DN 80, Dicke 90 mm.;2,0;m;gaeb;vom_unternehmen_auszufuellende_dokumente/20260717_SBH_LV_VE1-410-1a.X83
100;jedoch DN 100, Dicke 108 mm.;2,0;m;gaeb;vom_unternehmen_auszufuellende_dokumente/20260717_SBH_LV_VE1-410-1a.X83
110;jedoch DN 25, Dicke 25 mm, mit zusätzlicher Ummantelung aus verzinktem Stahlblech nach DIN EN 10346, Dicke 0,8 mm, Überlappungen mit Blechschrauben verschraubt, einschl. mikroporösem Dämmstoff, Dicke ca. 6 mm, vollflächig selbstklebend, Baustoffklasse B1 s2, d0 als Zwischenlage der diffusionsdichte ;30,0;m;gaeb;vom_unternehmen_auszufuellende_dokumente/20260717_SBH_LV_VE1-410-1a.X83
120;jedoch DN 32, Dicke 35 mm, mit zusätzlicher Ummantelung aus verzinktem Stahlblech nach DIN EN 10346, Dicke 0,8 mm, Überlappungen mit Blechschrauben verschraubt, einschl. mikroporösem Dämmstoff, Dicke ca. 6 mm, vollflächig selbstklebend, Baustoffklasse B1 s2, d0 als Zwischenlage der diffusionsdichte ;10,0;m;gaeb;vom_unternehmen_auszufuellende_dokumente/20260717_SBH_LV_VE1-410-1a.X83
130;jedoch DN 40, Dicke 42 mm, mit zusätzlicher Ummantelung aus verzinktem Stahlblech nach DIN EN 10346, Dicke 0,8 mm, Überlappungen mit Blechschrauben verschraubt, einschl. mikroporösem Dämmstoff, Dicke ca. 6 mm, vollflächig selbstklebend, Baustoffklasse B1 s2, d0 als Zwischenlage der diffusionsdichte ;2,0;m;gaeb;vom_unternehmen_auszufuellende_dokumente/20260717_SBH_LV_VE1-410-1a.X83
140;jedoch DN 50, Dicke 54 mm, mit zusätzlicher Ummantelung aus verzinktem Stahlblech nach DIN EN 10346, Dicke 0,8 mm, Überlappungen mit Blechschrauben verschraubt, einschl. mikroporösem Dämmstoff, Dicke ca. 6 mm, vollflächig selbstklebend, Baustoffklasse B1 s2, d0 als Zwischenlage der diffusionsdichte ;10,0;m;gaeb;vom_unternehmen_auszufuellende_dokumente/20260717_SBH_LV_VE1-410-1a.X83
150;jedoch DN 65, Dicke 77 mm, mit zusätzlicher Ummantelung aus verzinktem Stahlblech nach DIN EN 10346, Dicke 0,8 mm, Überlappungen mit Blechschrauben verschraubt, einschl. mikroporösem Dämmstoff, Dicke ca. 6 mm, vollflächig selbstklebend, Baustoffklasse B1 s2, d0 als Zwischenlage der diffusionsdichte ;2,0;m;gaeb;vom_unternehmen_auszufuellende_dokumente/20260717_SBH_LV_VE1-410-1a.X83
160;jedoch DN 80, Dicke 90 mm, mit zusätzlicher Ummantelung aus verzinktem Stahlblech nach DIN EN 10346, Dicke 0,8 mm, Überlappungen mit Blechschrauben verschraubt, einschl. mikroporösem Dämmstoff, Dicke ca. 6 mm, vollflächig selbstklebend, Baustoffklasse B1 s2, d0 als Zwischenlage der diffusionsdichte ;2,0;m;gaeb;vom_unternehmen_auszufuellende_dokumente/20260717_SBH_LV_VE1-410-1a.X83
170;jedoch DN 100, Dicke 108 mm, mit zusätzlicher Ummantelung aus verzinktem Stahlblech nach DIN EN 10346, Dicke 0,8 mm, Überlappungen mit Blechschrauben verschraubt, einschl. mikroporösem Dämmstoff, Dicke ca. 6 mm, vollflächig selbstklebend, Baustoffklasse B1 s2, d0 als Zwischenlage der diffusionsdicht;2,0;m;gaeb;vom_unternehmen_auszufuellende_dokumente/20260717_SBH_LV_VE1-410-1a.X83
180;Kältedämmung an Bogen DN 12, aus synthetischem Kautschuk, Kältedämmung DIN 4140, haus- und betriebstechnische Anlagen, im Gebäude, Dämmschichtdicke 13 mm, Oberkante Dämmung über Gelände / Fußboden bis 6,0 m, gemäß vorhergehend beschriebener Kältedämmung herstellen.;350,0;St;gaeb;vom_unternehmen_auszufuellende_dokumente/20260717_SBH_LV_VE1-410-1a.X83
190;jedoch DN 15, Dämmschichtdicke 15 mm.;120,0;St;gaeb;vom_unternehmen_auszufuellende_dokumente/20260717_SBH_LV_VE1-410-1a.X83
200;jedoch DN 20, Dämmschichtdicke 22 mm.;150,0;St;gaeb;vom_unternehmen_auszufuellende_dokumente/20260717_SBH_LV_VE1-410-1a.X83
210;jedoch DN 25, Dämmschichtdicke 25 mm.;120,0;St;gaeb;vom_unternehmen_auszufuellende_dokumente/20260717_SBH_LV_VE1-410-1a.X83
220;jedoch DN 32, Dämmschichtdicke 35 mm.;70,0;St;gaeb;vom_unternehmen_auszufuellende_dokumente/20260717_SBH_LV_VE1-410-1a.X83
230;jedoch DN 40, Dämmschichtdicke 42 mm.;5,0;St;gaeb;vom_unternehmen_auszufuellende_dokumente/20260717_SBH_LV_VE1-410-1a.X83
240;jedoch DN 50, Dämmschichtdicke 54 mm.;60,0;St;gaeb;vom_unternehmen_auszufuellende_dokumente/20260717_SBH_LV_VE1-410-1a.X83
250;jedoch DN 65, Dämmschichtdicke 77 mm.;25,0;St;gaeb;vom_unternehmen_auszufuellende_dokumente/20260717_SBH_LV_VE1-410-1a.X83
260;jedoch DN 80, Dämmschichtdicke 90 mm.;1,0;St;gaeb;vom_unternehmen_auszufuellende_dokumente/20260717_SBH_LV_VE1-410-1a.X83
270;jedoch DN 100, Dämmschichtdicke 108 mm.;1,0;St;gaeb;vom_unternehmen_auszufuellende_dokumente/20260717_SBH_LV_VE1-410-1a.X83
280;jedoch DN 25, Dämmschichtdicke 25 mm, mit zusätzlicher Ummantelung aus verzinktem Stahlblech nach DIN EN 10346, Dicke 0,8 mm, Überlappungen mit Blechschrauben verschraubt, einschl. mikroporösem Dämmstoff, Dicke ca. 6 mm, vollflächig selbstklebend, Baustoffklasse B1 s2, d0 als Zwischenlage der diffus;10,0;St;gaeb;vom_unternehmen_auszufuellende_dokumente/20260717_SBH_LV_VE1-410-1a.X83
290;jedoch DN 32, Dämmschichtdicke 35 mm, mit zusätzlicher Ummantelung aus verzinktem Stahlblech nach DIN EN 10346, Dicke 0,8 mm, Überlappungen mit Blechschrauben verschraubt, einschl. mikroporösem Dämmstoff, Dicke ca. 6 mm, vollflächig selbstklebend, Baustoffklasse B1 s2, d0 als Zwischenlage der diffus;10,0;St;gaeb;vom_unternehmen_auszufuellende_dokumente/20260717_SBH_LV_VE1-410-1a.X83
300;jedoch DN 40, Dämmschichtdicke 42 mm, mit zusätzlicher Ummantelung aus verzinktem Stahlblech nach DIN EN 10346, Dicke 0,8 mm, Überlappungen mit Blechschrauben verschraubt, einschl. mikroporösem Dämmstoff, Dicke ca. 6 mm, vollflächig selbstklebend, Baustoffklasse B1 s2, d0 als Zwischenlage der diffus;2,0;St;gaeb;vom_unternehmen_auszufuellende_dokumente/20260717_SBH_LV_VE1-410-1a.X83
310;jedoch DN 50, Dämmschichtdicke 54 mm, mit zusätzlicher Ummantelung aus verzinktem Stahlblech nach DIN EN 10346, Dicke 0,8 mm, Überlappungen mit Blechschrauben verschraubt, einschl. mikroporösem Dämmstoff, Dicke ca. 6 mm, vollflächig selbstklebend, Baustoffklasse B1 s2, d0 als Zwischenlage der diffus;10,0;St;gaeb;vom_unternehmen_auszufuellende_dokumente/20260717_SBH_LV_VE1-410-1a.X83
320;jedoch DN 65, Dämmschichtdicke 77 mm, mit zusätzlicher Ummantelung aus verzinktem Stahlblech nach DIN EN 10346, Dicke 0,8 mm, Überlappungen mit Blechschrauben verschraubt, einschl. mikroporösem Dämmstoff, Dicke ca. 6 mm, vollflächig selbstklebend, Baustoffklasse B1 s2, d0 als Zwischenlage der diffus;2,0;St;gaeb;vom_unternehmen_auszufuellende_dokumente/20260717_SBH_LV_VE1-410-1a.X83
330;jedoch DN 80, Dämmschichtdicke 90 mm, mit zusätzlicher Ummantelung aus verzinktem Stahlblech nach DIN EN 10346, Dicke 0,8 mm, Überlappungen mit Blechschrauben verschraubt, einschl. mikroporösem Dämmstoff, Dicke ca. 6 mm, vollflächig selbstklebend, Baustoffklasse B1 s2, d0 als Zwischenlage der diffus;2,0;St;gaeb;vom_unternehmen_auszufuellende_dokumente/20260717_SBH_LV_VE1-410-1a.X83
340;jedoch DN 100, Dämmschichtdicke 108 mm, mit zusätzlicher Ummantelung aus verzinktem Stahlblech nach DIN EN 10346, Dicke 0,8 mm, Überlappungen mit Blechschrauben verschraubt, einschl. mikroporösem Dämmstoff, Dicke ca. 6 mm, vollflächig selbstklebend, Baustoffklasse B1 s2, d0 als Zwischenlage der diff;2,0;St;gaeb;vom_unternehmen_auszufuellende_dokumente/20260717_SBH_LV_VE1-410-1a.X83
350;Kältedämmung an T-Stück DN 12, aus synthetischem Kautschuk, Kältedämmung DIN 4140, haus- und betriebstechnische Anlagen, im Gebäude, Dämmschichtdicke 13 mm, Oberkante Dämmung über Gelände / Fußboden bis 6,0 m, gemäß vorhergehend beschriebener Kältedämmung herstellen.;20,0;St;gaeb;vom_unternehmen_auszufuellende_dokumente/20260717_SBH_LV_VE1-410-1a.X83
360;jedoch DN 15, Dämmschichtdicke 15 mm.;20,0;St;gaeb;vom_unternehmen_auszufuellende_dokumente/20260717_SBH_LV_VE1-410-1a.X83
370;jedoch DN 20, Dämmschichtdicke 22 mm.;20,0;St;gaeb;vom_unternehmen_auszufuellende_dokumente/20260717_SBH_LV_VE1-410-1a.X83
380;jedoch DN 25, Dämmschichtdicke 25 mm.;15,0;St;gaeb;vom_unternehmen_auszufuellende_dokumente/20260717_SBH_LV_VE1-410-1a.X83
390;jedoch DN 32, Dämmschichtdicke 35 mm.;20,0;St;gaeb;vom_unternehmen_auszufuellende_dokumente/20260717_SBH_LV_VE1-410-1a.X83
400;jedoch DN 40, Dämmschichtdicke 42 mm.;2,0;St;gaeb;vom_unternehmen_auszufuellende_dokumente/20260717_SBH_LV_VE1-410-1a.X83
410;jedoch DN 50, Dämmschichtdicke 54 mm.;15,0;St;gaeb;vom_unternehmen_auszufuellende_dokumente/20260717_SBH_LV_VE1-410-1a.X83
420;jedoch DN 65, Dämmschichtdicke 77 mm.;4,0;St;gaeb;vom_unternehmen_auszufuellende_dokumente/20260717_SBH_LV_VE1-410-1a.X83
430;jedoch DN 25, Dämmschichtdicke 25 mm, mit zusätzlicher Ummantelung aus verzinktem Stahlblech nach DIN EN 10346, Dicke 0,8 mm, Überlappungen mit Blechschrauben verschraubt, einschl. mikroporösem Dämmstoff, Dicke ca. 6 mm, vollflächig selbstklebend, Baustoffklasse B1 s2, d0 als Zwischenlage der diffus;2,0;St;gaeb;vom_unternehmen_auszufuellende_dokumente/20260717_SBH_LV_VE1-410-1a.X83
440;jedoch DN 32, Dämmschichtdicke 35 mm, mit zusätzlicher Ummantelung aus verzinktem Stahlblech nach DIN EN 10346, Dicke 0,8 mm, Überlappungen mit Blechschrauben verschraubt, einschl. mikroporösem Dämmstoff, Dicke ca. 6 mm, vollflächig selbstklebend, Baustoffklasse B1 s2, d0 als Zwischenlage der diffus;2,0;St;gaeb;vom_unternehmen_auszufuellende_dokumente/20260717_SBH_LV_VE1-410-1a.X83
450;jedoch DN 40, Dämmschichtdicke 42 mm, mit zusätzlicher Ummantelung aus verzinktem Stahlblech nach DIN EN 10346, Dicke 0,8 mm, Überlappungen mit Blechschrauben verschraubt, einschl. mikroporösem Dämmstoff, Dicke ca. 6 mm, vollflächig selbstklebend, Baustoffklasse B1 s2, d0 als Zwischenlage der diffus;2,0;St;gaeb;vom_unternehmen_auszufuellende_dokumente/20260717_SBH_LV_VE1-410-1a.X83
460;jedoch DN 50, Dämmschichtdicke 54 mm, mit zusätzlicher Ummantelung aus verzinktem Stahlblech nach DIN EN 10346, Dicke 0,8 mm, Überlappungen mit Blechschrauben verschraubt, einschl. mikroporösem Dämmstoff, Dicke ca. 6 mm, vollflächig selbstklebend, Baustoffklasse B1 s2, d0 als Zwischenlage der diffus;2,0;St;gaeb;vom_unternehmen_auszufuellende_dokumente/20260717_SBH_LV_VE1-410-1a.X83
470;jedoch DN 65, Dämmschichtdicke 77 mm, mit zusätzlicher Ummantelung aus verzinktem Stahlblech nach DIN EN 10346, Dicke 0,8 mm, Überlappungen mit Blechschrauben verschraubt, einschl. mikroporösem Dämmstoff, Dicke ca. 6 mm, vollflächig selbstklebend, Baustoffklasse B1 s2, d0 als Zwischenlage der diffus;1,0;St;gaeb;vom_unternehmen_auszufuellende_dokumente/20260717_SBH_LV_VE1-410-1a.X83
480;Reduzierung aus synthetischem Kautschuk, an Rohrleitungsreduzierung DN 15, Kältedämmung DIN 4140, haus- und betriebstechnische Anlagen, im Gebäude, Dämmschichtdicke 15 mm, Oberkante Dämmung über Gelände / Fußboden bis 6,0 m, gemäß vorhergehend beschriebener Kältedämmung herstellen.;20,0;St;gaeb;vom_unternehmen_auszufuellende_dokumente/20260717_SBH_LV_VE1-410-1a.X83
490;jedoch DN 20, Dämmschichtdicke 22 mm.;10,0;St;gaeb;vom_unternehmen_auszufuellende_dokumente/20260717_SBH_LV_VE1-410-1a.X83
500;jedoch DN 25, Dämmschichtdicke 25 mm.;10,0;St;gaeb;vom_unternehmen_auszufuellende_dokumente/20260717_SBH_LV_VE1-410-1a.X83
510;jedoch DN 32, Dämmschichtdicke 35 mm.;10,0;St;gaeb;vom_unternehmen_auszufuellende_dokumente/20260717_SBH_LV_VE1-410-1a.X83
520;jedoch DN 40, Dämmschichtdicke 42 mm.;2,0;St;gaeb;vom_unternehmen_auszufuellende_dokumente/20260717_SBH_LV_VE1-410-1a.X83
530;jedoch DN 50, Dämmschichtdicke 54 mm.;5,0;St;gaeb;vom_unternehmen_auszufuellende_dokumente/20260717_SBH_LV_VE1-410-1a.X83
540;jedoch DN 65, Dämmschichtdicke 77 mm.;2,0;St;gaeb;vom_unternehmen_auszufuellende_dokumente/20260717_SBH_LV_VE1-410-1a.X83
550;Passstück aus synthetischem Kautschuk, an Rohrleitungsreduzierung DN 15, Kältedämmung DIN 4140, haus- und betriebstechnische Anlagen, im Gebäude, Dämmschichtdicke 15 mm, Oberkante Dämmung über Gelände / Fußboden bis 6,0 m, gemäß vorhergehend beschriebener Kältedämmung herstellen.;20,0;St;gaeb;vom_unternehmen_auszufuellende_dokumente/20260717_SBH_LV_VE1-410-1a.X83
560;jedoch DN 20, Dämmschichtdicke 22 mm.;10,0;St;gaeb;vom_unternehmen_auszufuellende_dokumente/20260717_SBH_LV_VE1-410-1a.X83
570;jedoch DN 25, Dämmschichtdicke 25 mm.;10,0;St;gaeb;vom_unternehmen_auszufuellende_dokumente/20260717_SBH_LV_VE1-410-1a.X83
580;jedoch DN 32, Dämmschichtdicke 35 mm.;10,0;St;gaeb;vom_unternehmen_auszufuellende_dokumente/20260717_SBH_LV_VE1-410-1a.X83
590;jedoch DN 40, Dämmschichtdicke 42 mm.;2,0;St;gaeb;vom_unternehmen_auszufuellende_dokumente/20260717_SBH_LV_VE1-410-1a.X83
600;jedoch DN 50, Dämmschichtdicke 54 mm.;5,0;St;gaeb;vom_unternehmen_auszufuellende_dokumente/20260717_SBH_LV_VE1-410-1a.X83
610;jedoch DN 65, Dämmschichtdicke 77 mm.;2,0;St;gaeb;vom_unternehmen_auszufuellende_dokumente/20260717_SBH_LV_VE1-410-1a.X83
620;Kältedämmung DIN 4140, fachgerechte Anarbeitung an Rohrschelle, DN 12, im Gebäude, Oberkante Dämmung über Gelände / Fußboden bis 6,0 m, Dämmung aus synthetischem Kautschuk, gemäß vorhergehend beschriebener Kältedämmung herstellen.;150,0;St;gaeb;vom_unternehmen_auszufuellende_dokumente/20260717_SBH_LV_VE1-410-1a.X83
630;jedoch DN 15, Dämmschichtdicke 15 mm.;75,0;St;gaeb;vom_unternehmen_auszufuellende_dokumente/20260717_SBH_LV_VE1-410-1a.X83
640;jedoch DN 15, Dämmschichtdicke 22 mm.;100,0;St;gaeb;vom_unternehmen_auszufuellende_dokumente/20260717_SBH_LV_VE1-410-1a.X83
650;jedoch DN 25, Dämmschichtdicke 25 mm.;75,0;St;gaeb;vom_unternehmen_auszufuellende_dokumente/20260717_SBH_LV_VE1-410-1a.X83
660;jedoch DN 32, Dämmschichtdicke 35 mm.;75,0;St;gaeb;vom_unternehmen_auszufuellende_dokumente/20260717_SBH_LV_VE1-410-1a.X83
670;jedoch DN 40, Dämmschichtdicke 42 mm.;5,0;St;gaeb;vom_unternehmen_auszufuellende_dokumente/20260717_SBH_LV_VE1-410-1a.X83
680;jedoch DN 50, Dämmschichtdicke 54 mm.;45,0;St;gaeb;vom_unternehmen_auszufuellende_dokumente/20260717_SBH_LV_VE1-410-1a.X83
690;jedoch DN 65, Dämmschichtdicke 77 mm.;40,0;St;gaeb;vom_unternehmen_auszufuellende_dokumente/20260717_SBH_LV_VE1-410-1a.X83
700;jedoch DN 80, Dämmschichtdicke 90 mm.;4,0;St;gaeb;vom_unternehmen_auszufuellende_dokumente/20260717_SBH_LV_VE1-410-1a.X83
710;jedoch DN 100, Dämmschichtdicke 108 mm.;4,0;St;gaeb;vom_unternehmen_auszufuellende_dokumente/20260717_SBH_LV_VE1-410-1a.X83
720;jedoch DN 25, Dämmschichtdicke 25 mm.;5,0;St;gaeb;vom_unternehmen_auszufuellende_dokumente/20260717_SBH_LV_VE1-410-1a.X83
730;jedoch DN 32, Dämmschichtdicke 35 mm.;5,0;St;gaeb;vom_unternehmen_auszufuellende_dokumente/20260717_SBH_LV_VE1-410-1a.X83
740;jedoch DN 40, Dämmschichtdicke 42 mm.;2,0;St;gaeb;vom_unternehmen_auszufuellende_dokumente/20260717_SBH_LV_VE1-410-1a.X83
750;jedoch DN 50, Dämmschichtdicke 54 mm.;2,0;St;gaeb;vom_unternehmen_auszufuellende_dokumente/20260717_SBH_LV_VE1-410-1a.X83
760;jedoch DN 65, Dämmschichtdicke 77 mm.;2,0;St;gaeb;vom_unternehmen_auszufuellende_dokumente/20260717_SBH_LV_VE1-410-1a.X83
770;jedoch DN 80, Dämmschichtdicke 90 mm.;2,0;St;gaeb;vom_unternehmen_auszufuellende_dokumente/20260717_SBH_LV_VE1-410-1a.X83
780;jedoch DN 100, Dämmschichtdicke 108 mm.;2,0;St;gaeb;vom_unternehmen_auszufuellende_dokumente/20260717_SBH_LV_VE1-410-1a.X83
790;Kältedämmung an Schrägsitzarmatur DN 15, Medientemperatur 10°C, mit geschlossenzelligem Schaum dämmen, Wasserdampf-Diffusionswiderstandszahl >= 7000, Wärmeleitfähigkeit 0,036 W/ (mK) bei einer Mitteltemperatur von 0°C, Ausführung entsprechend den Vorgaben des Herstellers, lagen- bzw. schichtenweise ;10,0;St;gaeb;vom_unternehmen_auszufuellende_dokumente/20260717_SBH_LV_VE1-410-1a.X83
800;jedoch DN 20, Dicke 22 mm.;5,0;St;gaeb;vom_unternehmen_auszufuellende_dokumente/20260717_SBH_LV_VE1-410-1a.X83
810;jedoch DN 25, Dicke 28 mm.;5,0;St;gaeb;vom_unternehmen_auszufuellende_dokumente/20260717_SBH_LV_VE1-410-1a.X83
820;jedoch DN 32, Dicke 35 mm.;3,0;St;gaeb;vom_unternehmen_auszufuellende_dokumente/20260717_SBH_LV_VE1-410-1a.X83
830;jedoch DN 40, Dicke 42 mm.;2,0;St;gaeb;vom_unternehmen_auszufuellende_dokumente/20260717_SBH_LV_VE1-410-1a.X83
840;jedoch DN 50, Dicke 54 mm.;14,0;St;gaeb;vom_unternehmen_auszufuellende_dokumente/20260717_SBH_LV_VE1-410-1a.X83
850;jedoch DN 50, Dicke 77 mm.;2,0;St;gaeb;vom_unternehmen_auszufuellende_dokumente/20260717_SBH_LV_VE1-410-1a.X83
860;jedoch DN 80, Dicke 90 mm.;1,0;St;gaeb;vom_unternehmen_auszufuellende_dokumente/20260717_SBH_LV_VE1-410-1a.X83
870;jedoch DN 100, Dicke 108 mm.;1,0;St;gaeb;vom_unternehmen_auszufuellende_dokumente/20260717_SBH_LV_VE1-410-1a.X83
880;jedoch für Geradsitzarmatur DN 15, Dicke 15 mm.;2,0;St;gaeb;vom_unternehmen_auszufuellende_dokumente/20260717_SBH_LV_VE1-410-1a.X83
890;"Mehraufwand für Dämmarbeiten von vorgenannte Rohrleitungsinstallationen sowie Form- und Verbindungsstücken aus Edelstahl einschließlich zugehöriger Rohraufhängungen; DN 12, Installation in einem Bereich im 1.UG der Männerhalle mit geringer lichter Raumhöhe. Oberhalb des Bereichs befinden sich Sanitä";15,0;m;gaeb;vom_unternehmen_auszufuellende_dokumente/20260717_SBH_LV_VE1-410-1a.X83
900;jedoch DN 15;20,0;m;gaeb;vom_unternehmen_auszufuellende_dokumente/20260717_SBH_LV_VE1-410-1a.X83
910;jedoch DN 20;30,0;m;gaeb;vom_unternehmen_auszufuellende_dokumente/20260717_SBH_LV_VE1-410-1a.X83
920;jedoch DN 25;40,0;m;gaeb;vom_unternehmen_auszufuellende_dokumente/20260717_SBH_LV_VE1-410-1a.X83
930;jedoch DN 32;10,0;m;gaeb;vom_unternehmen_auszufuellende_dokumente/20260717_SBH_LV_VE1-410-1a.X83
940;jedoch DN 40;2,0;m;gaeb;vom_unternehmen_auszufuellende_dokumente/20260717_SBH_LV_VE1-410-1a.X83
950;Ausschnitt in Dämmung aus synth. Kautschuk bis 3 cm Durchmesser für Tauchhülsenaufnahmen, Thermometer etc. herstellen.;50,0;St;gaeb;vom_unternehmen_auszufuellende_dokumente/20260717_SBH_LV_VE1-410-1a.X83
960;jedoch als Ausschnitt in Blechmantel;30,0;St;gaeb;vom_unternehmen_auszufuellende_dokumente/20260717_SBH_LV_VE1-410-1a.X83
10;Wärmedämmung an Trinkwasser-R;300,0;m;gaeb;vom_unternehmen_auszufuellende_dokumente/20260717_SBH_LV_VE1-410-1a.X83
20;jedoch DN 15, Dicke 20 mm.;110,0;m;gaeb;vom_unternehmen_auszufuellende_dokumente/20260717_SBH_LV_VE1-410-1a.X83
30;jedoch DN 20, Dicke 20  mm.;130,0;m;gaeb;vom_unternehmen_auszufuellende_dokumente/20260717_SBH_LV_VE1-410-1a.X83
40;jedoch DN 25, Dicke 30 mm.;100,0;m;gaeb;vom_unternehmen_auszufuellende_dokumente/20260717_SBH_LV_VE1-410-1a.X83
50;jedoch DN 32, Dicke 30 mm.;90,0;m;gaeb;vom_unternehmen_auszufuellende_dokumente/20260717_SBH_LV_VE1-410-1a.X83
60;jedoch DN 40, Dicke 40 mm.;10,0;m;gaeb;vom_unternehmen_auszufuellende_dokumente/20260717_SBH_LV_VE1-410-1a.X83
70;jedoch DN 25, Dicke 30 mm, mit zusätzlicher U;20,0;m;gaeb;vom_unternehmen_auszufuellende_dokumente/20260717_SBH_LV_VE1-410-1a.X83
80;jedoch DN 32, Dicke 30 mm, mit zusätzlicher U;10,0;m;gaeb;vom_unternehmen_auszufuellende_dokumente/20260717_SBH_LV_VE1-410-1a.X83
90;jedoch DN 40, Dicke 40 mm, mit zusätzlicher U;5,0;m;gaeb;vom_unternehmen_auszufuellende_dokumente/20260717_SBH_LV_VE1-410-1a.X83
100;jedoch DN 65, Dicke 80 mm, mit zusätzlicher U;40,0;m;gaeb;vom_unternehmen_auszufuellende_dokumente/20260717_SBH_LV_VE1-410-1a.X83
110;Wärmedämmung für Bögen aller Winkelgrade, gemäß vorbeschriebener Wärmedämmung für;600,0;St;gaeb;vom_unternehmen_auszufuellende_dokumente/20260717_SBH_LV_VE1-410-1a.X83
120;jedoch DN 15, Dämmschichtdicke 20 mm.;200,0;St;gaeb;vom_unternehmen_auszufuellende_dokumente/20260717_SBH_LV_VE1-410-1a.X83
130;jedoch DN 20, Dämmschichtdicke 20 mm.;300,0;St;gaeb;vom_unternehmen_auszufuellende_dokumente/20260717_SBH_LV_VE1-410-1a.X83
140;jedoch DN 25, Dämmschichtdicke 30 mm.;90,0;St;gaeb;vom_unternehmen_auszufuellende_dokumente/20260717_SBH_LV_VE1-410-1a.X83
150;jedoch DN 32, Dämmschichtdicke 30 mm.;20,0;St;gaeb;vom_unternehmen_auszufuellende_dokumente/20260717_SBH_LV_VE1-410-1a.X83
160;jedoch DN 40, Dämmschichtdicke 40 mm.;4,0;St;gaeb;vom_unternehmen_auszufuellende_dokumente/20260717_SBH_LV_VE1-410-1a.X83
170;jedoch DN 25, Dämmschichtdicke 30 mm, mit zusätzlicher U;10,0;St;gaeb;vom_unternehmen_auszufuellende_dokumente/20260717_SBH_LV_VE1-410-1a.X83
180;jedoch DN 32, Dämmschichtdicke 30 mm, mit zusätzlicher U;5,0;St;gaeb;vom_unternehmen_auszufuellende_dokumente/20260717_SBH_LV_VE1-410-1a.X83
190;jedoch DN 40, Dämmschichtdicke 40 mm, mit zusätzlicher U;5,0;St;gaeb;vom_unternehmen_auszufuellende_dokumente/20260717_SBH_LV_VE1-410-1a.X83
200;jedoch DN 65, Dämmschichtdicke 80 mm, mit zusätzlicher U;20,0;St;gaeb;vom_unternehmen_auszufuellende_dokumente/20260717_SBH_LV_VE1-410-1a.X83
210;Wärmedämmung für T-Stück, gemäß vorbeschriebener Wärmedämmung für;30,0;St;gaeb;vom_unternehmen_auszufuellende_dokumente/20260717_SBH_LV_VE1-410-1a.X83
220;jedoch DN 15, Dämmschichtdicke 20 mm.;20,0;St;gaeb;vom_unternehmen_auszufuellende_dokumente/20260717_SBH_LV_VE1-410-1a.X83
230;jedoch DN 20, Dämmschichtdicke 20 mm.;10,0;St;gaeb;vom_unternehmen_auszufuellende_dokumente/20260717_SBH_LV_VE1-410-1a.X83
240;jedoch DN 25, Dämmschichtdicke 30 mm.;10,0;St;gaeb;vom_unternehmen_auszufuellende_dokumente/20260717_SBH_LV_VE1-410-1a.X83
250;jedoch DN 32, Dämmschichtdicke 30 mm.;6,0;St;gaeb;vom_unternehmen_auszufuellende_dokumente/20260717_SBH_LV_VE1-410-1a.X83
260;jedoch DN 40, Dämmschichtdicke 40 mm.;2,0;St;gaeb;vom_unternehmen_auszufuellende_dokumente/20260717_SBH_LV_VE1-410-1a.X83
270;jedoch DN 25, Dämmschichtdicke 30 mm, mit zusätzlicher U;2,0;St;gaeb;vom_unternehmen_auszufuellende_dokumente/20260717_SBH_LV_VE1-410-1a.X83
280;jedoch DN 32, Dämmschichtdicke 30 mm, mit zusätzlicher U;2,0;St;gaeb;vom_unternehmen_auszufuellende_dokumente/20260717_SBH_LV_VE1-410-1a.X83
290;jedoch DN 40, Dämmschichtdicke 40 mm, mit zusätzlicher U;2,0;St;gaeb;vom_unternehmen_auszufuellende_dokumente/20260717_SBH_LV_VE1-410-1a.X83
300;jedoch DN 65, Dämmschichtdicke 80 mm, mit zusätzlicher U;2,0;St;gaeb;vom_unternehmen_auszufuellende_dokumente/20260717_SBH_LV_VE1-410-1a.X83
310;Wärmedämmung für Reduzierstück, gemäß vorbeschriebener Wärmedämmung für;20,0;St;gaeb;vom_unternehmen_auszufuellende_dokumente/20260717_SBH_LV_VE1-410-1a.X83
320;jedoch DN 20, Dämmschichtdicke 20 mm.;20,0;St;gaeb;vom_unternehmen_auszufuellende_dokumente/20260717_SBH_LV_VE1-410-1a.X83
330;jedoch DN 25, Dämmschichtdicke 30 mm.;10,0;St;gaeb;vom_unternehmen_auszufuellende_dokumente/20260717_SBH_LV_VE1-410-1a.X83
340;jedoch DN 32, Dämmschichtdicke 30 mm.;2,0;St;gaeb;vom_unternehmen_auszufuellende_dokumente/20260717_SBH_LV_VE1-410-1a.X83
350;jedoch DN 40, Dämmschichtdicke 40 mm.;2,0;St;gaeb;vom_unternehmen_auszufuellende_dokumente/20260717_SBH_LV_VE1-410-1a.X83
360;Wärmedämmung für Rohrschelle, gemäß vorbeschriebener Wärmedämmung für;200,0;St;gaeb;vom_unternehmen_auszufuellende_dokumente/20260717_SBH_LV_VE1-410-1a.X83
370;jedoch DN 20, Dämmschichtdicke 20 mm.;100,0;St;gaeb;vom_unternehmen_auszufuellende_dokumente/20260717_SBH_LV_VE1-410-1a.X83
380;jedoch DN 25, Dämmschichtdicke 30 mm.;100,0;St;gaeb;vom_unternehmen_auszufuellende_dokumente/20260717_SBH_LV_VE1-410-1a.X83
390;jedoch DN 32, Dämmschichtdicke 30 mm.;100,0;St;gaeb;vom_unternehmen_auszufuellende_dokumente/20260717_SBH_LV_VE1-410-1a.X83
400;jedoch DN 40, Dämmschichtdicke 40 mm.;10,0;St;gaeb;vom_unternehmen_auszufuellende_dokumente/20260717_SBH_LV_VE1-410-1a.X83
410;jedoch DN 25, Dämmschichtdicke 30 mm, mit zusätzlicher U;10,0;St;gaeb;vom_unternehmen_auszufuellende_dokumente/20260717_SBH_LV_VE1-410-1a.X83
420;jedoch DN 32, Dämmschichtdicke 30 mm, mit zusätzlicher U;10,0;St;gaeb;vom_unternehmen_auszufuellende_dokumente/20260717_SBH_LV_VE1-410-1a.X83
430;jedoch DN 40, Dämmschichtdicke 40 mm, mit zusätzlicher U;5,0;St;gaeb;vom_unternehmen_auszufuellende_dokumente/20260717_SBH_LV_VE1-410-1a.X83
440;jedoch DN 65, Dämmschichtdicke 80 mm, mit zusätzlicher U;15,0;St;gaeb;vom_unternehmen_auszufuellende_dokumente/20260717_SBH_LV_VE1-410-1a.X83
450;Wärmedämmung an Schrägsitzarmatur DN 15, bestehnd aus;10,0;St;gaeb;vom_unternehmen_auszufuellende_dokumente/20260717_SBH_LV_VE1-410-1a.X83
460;jedoch DN 20, Dicke 30 mm.;5,0;St;gaeb;vom_unternehmen_auszufuellende_dokumente/20260717_SBH_LV_VE1-410-1a.X83
470;jedoch DN 25, Dicke 30 mm.;5,0;St;gaeb;vom_unternehmen_auszufuellende_dokumente/20260717_SBH_LV_VE1-410-1a.X83
480;jedoch DN 32, Dicke 30 mm.;4,0;St;gaeb;vom_unternehmen_auszufuellende_dokumente/20260717_SBH_LV_VE1-410-1a.X83
490;jedoch DN 40, Dicke 40 mm.;2,0;St;gaeb;vom_unternehmen_auszufuellende_dokumente/20260717_SBH_LV_VE1-410-1a.X83
500;jedoch für Geradsitzarmatur DN 15, Dicke 20 mm.;2,0;St;gaeb;vom_unternehmen_auszufuellende_dokumente/20260717_SBH_LV_VE1-410-1a.X83
510;Ummantelung aus verzinktem Stahlblech nach;5,0;St;gaeb;vom_unternehmen_auszufuellende_dokumente/20260717_SBH_LV_VE1-410-1a.X83
520;jedoch DN 32, Dicke 30 mm.;4,0;St;gaeb;vom_unternehmen_auszufuellende_dokumente/20260717_SBH_LV_VE1-410-1a.X83
530;jedoch DN 40, Dicke 40 mm.;2,0;St;gaeb;vom_unternehmen_auszufuellende_dokumente/20260717_SBH_LV_VE1-410-1a.X83
540;jedoch an Geradsitzventilen DN 15, Dicke 20 mm.;2,0;St;gaeb;vom_unternehmen_auszufuellende_dokumente/20260717_SBH_LV_VE1-410-1a.X83
550;"Mehraufwand für Dämmarbeiten von vorgenannte Rohrleitungsinstallationen sowie Form- und Verbindungsstücken aus Edelstahl einschließlich zugehöriger Rohraufhängungen; DN 12, Installation in einem Bereich im 1.UG der Männerhalle mit geringer lichter Raumhöhe. Oberhalb des Bereichs befinden sich Sanitä";15,0;m;gaeb;vom_unternehmen_auszufuellende_dokumente/20260717_SBH_LV_VE1-410-1a.X83
560;jedoch DN 15;20,0;m;gaeb;vom_unternehmen_auszufuellende_dokumente/20260717_SBH_LV_VE1-410-1a.X83
570;jedoch DN 20;30,0;m;gaeb;vom_unternehmen_auszufuellende_dokumente/20260717_SBH_LV_VE1-410-1a.X83
580;jedoch DN 25;40,0;m;gaeb;vom_unternehmen_auszufuellende_dokumente/20260717_SBH_LV_VE1-410-1a.X83
590;jedoch DN 32;10,0;m;gaeb;vom_unternehmen_auszufuellende_dokumente/20260717_SBH_LV_VE1-410-1a.X83
600;jedoch DN 40;2,0;m;gaeb;vom_unternehmen_auszufuellende_dokumente/20260717_SBH_LV_VE1-410-1a.X83
610;Ausschnitt in Dämmung aus alukaschierter Mineralwolle, bis 3 cm Durchmesser für Tauchhülsenaufnahmen, Thermometer etc. herstellen.;30,0;St;gaeb;vom_unternehmen_auszufuellende_dokumente/20260717_SBH_LV_VE1-410-1a.X83
620;jedoch als Ausschnitt in Blechmantel;20,0;St;gaeb;vom_unternehmen_auszufuellende_dokumente/20260717_SBH_LV_VE1-410-1a.X83
10;Installationselement zum Einbau in teil- oder raumhohe Vorwandinstallationen oder in raumhohe Installationswände oder in teil- oder raumhohe Systemwände, für Wand-WCs mit Anschlussmaßen nach DIN EN 33:2011-11, für Wand-WCs mit Ausladung bis 62 cm, für 1-Mengen-, 2-Mengen- oder Spül-Stopp-Spülung, fü;11,0;St;gaeb;vom_unternehmen_auszufuellende_dokumente/20260717_SBH_LV_VE1-410-1a.X83
20;jedoch für halbhohe Installationwand mit UP-Spülkasten mit Betätigung von oben;2,0;St;gaeb;vom_unternehmen_auszufuellende_dokumente/20260717_SBH_LV_VE1-410-1a.X83
30;Betätigungsplatte für Einbauspülkasten, passend zu Spülkasten wie vorher beschrieben, aus Kunststoff, für 2-Mengen-Spülung und Spül-Stopp-Spülung, für Betätigung von vorn, Drückerstangen schallgedämmt, mit Befestigungsrahmen, 2 Distanzbolzen, Drückerstange, Unterbrechungshebel und Befestigungsmateri;13,0;St;gaeb;vom_unternehmen_auszufuellende_dokumente/20260717_SBH_LV_VE1-410-1a.X83
40;jedoch für Wand-WCs mit Ausladung bis 70 cm, inkl. beidseitiger Montageplatten aus wasserfest verleimten Furnierholz für die Montage von Stütz- und Haltegriffen.;2,0;St;gaeb;vom_unternehmen_auszufuellende_dokumente/20260717_SBH_LV_VE1-410-1a.X83
50;WC-Steuerung mit elektronischer Spülauslösung, zur manuellen Fernauslösung von UP-Spülkästen wie vorher beschrieben, über Stützklappgriffe mit Kabel, Spülauslösung an zwei Stützklappgriffen, 1-Mengen-Spülung über Betätigungsplatte auslösbar, externes Netzteil, Betrieb mit Kleinspannung, keine Netzsp;2,0;St;gaeb;vom_unternehmen_auszufuellende_dokumente/20260717_SBH_LV_VE1-410-1a.X83
60;jedoch für Waschtisch mit Einlocharmatur, mit höhenverstellbarer, schallgeschützter Befestigung für Wandscheiben und Ablaufbogen DN 40/50, Gumminippel DN 40/30, einschließlich Befestigungsmaterial für Element und Waschtisch, Befestigungssatz für Vorwand-Montage zur stufenlose Tiefenverstellung bis 2;18,0;St;gaeb;vom_unternehmen_auszufuellende_dokumente/20260717_SBH_LV_VE1-410-1a.X83
70;jedoch für barrierefreie Waschtische mit Einlocharmatur, einschließlich Universal-UP-Siphonhalter;3,0;St;gaeb;vom_unternehmen_auszufuellende_dokumente/20260717_SBH_LV_VE1-410-1a.X83
80;Traverse für Wandarmatur AP, variable Armaturenposition,;6,0;St;gaeb;vom_unternehmen_auszufuellende_dokumente/20260717_SBH_LV_VE1-410-1a.X83
90;"jedoch als Traversenelement für Kalt- und Warmwasser DN 15 (1/2""), ohne Schmutzwasseranschluss";1,0;St;gaeb;vom_unternehmen_auszufuellende_dokumente/20260717_SBH_LV_VE1-410-1a.X83
100;"jedoch als Traversenelement für Kalt- und Warmwasser DN 15 (1/2""), mit Schmutzwasseranschluss DN 50";3,0;St;gaeb;vom_unternehmen_auszufuellende_dokumente/20260717_SBH_LV_VE1-410-1a.X83
110;jedoch für Urinal-Anlagen, Elementhöhe auf Urinal anpassbar, mit UP-Gehäuse für Urinalsteuerung, Wasseranschluss am UP-Gehäuse, Absperrventil mit Drossel (vormontiert);5,0;St;gaeb;vom_unternehmen_auszufuellende_dokumente/20260717_SBH_LV_VE1-410-1a.X83
120;Urinalsteuerung mit automatischer, elektronischer Spülauslösung, passend zu Installationsblock wie vor, Abdeckplatte aus Zinkdruckguss mit schmalem IR-Fenster, mit Sicherungsriegel, sichere IR-Distanzerkennung, über Drossel des Rohbausets bis auf 0,5 l/ Spülung reduzierbar, Spülmenge ist auf 1,0 l e;5,0;St;gaeb;vom_unternehmen_auszufuellende_dokumente/20260717_SBH_LV_VE1-410-1a.X83
130;"jedoch für Ausgussbecken mit Wandarmatur, Traverse Armatur höhen- und tiefenverstellbar, mit Montageplatte aus Furnierholz, wasserfest verleimt, höhenverstellbar, einschließlich 2 Anschlusswinkel R 1/2"",  2 Schalldämmunterlagen, 2 Dämmhülsen, 1 Anschlussbogen aus Kunststoff DN 50, 1 Gummisteckverbin";3,0;St;gaeb;vom_unternehmen_auszufuellende_dokumente/20260717_SBH_LV_VE1-410-1a.X83
140;Wand-Tiefspül-WC mit verdeckter Befestigung, 4,5/6 l, spülrandlos, wandhängend, für Wandeinbauspülkasten, CE-gekennzeichnet, Farbe weiß, Material Sanitärporzellan, Breite ca. 370 mm, Tiefe ca. 540 mm, Höhe ca. 400 mm, Ablauf waagerecht verdeckt, einschließlich Schallschutzset zur akustischen Entkopp;13,0;St;gaeb;vom_unternehmen_auszufuellende_dokumente/20260717_SBH_LV_VE1-410-1a.X83
150;Stand-Tiefspül-WC bodenstehend mit Aufputzspülkasten, mit verdeckter Befestigung, Spülmenge 3 l und 6 l, mit Spülrand, einschließlich zugehörigem Aufputz-Spülkasten als Aufsetzkasten, CE-gekennzeichnet, Farbe weiß, Material Sanitärporzellan, Breite ca. 355 mm, Tiefe ca. 655 mm, Höhe ca. 390 mm, Abla;6,0;St;gaeb;vom_unternehmen_auszufuellende_dokumente/20260717_SBH_LV_VE1-410-1a.X83
160;WC-Sitz mit Deckel, weiß, antibakteriell, Scharniere aus Edelstahl, aus Duroplast, mit Absenkautomatik, integrierte leicht erhabene Sitzpuffer, Befestigung von unten, passend zum vorgenannten WC, entsprechend DIN19516. mindestens 4 Auflagepunkte.;19,0;St;gaeb;vom_unternehmen_auszufuellende_dokumente/20260717_SBH_LV_VE1-410-1a.X83
170;Tiefspül-WC, wandhängend, spülrandlos, inkl. verlängertem Spülrohr, für Wandeinbauspülkasten, CE-gekennzeichnet, Farbe weiß, Material Sanitärporzellan, Breite ca. 355 mm, Höhe ca. 350 mm, Tiefe 700 mm, einschließlich Schallschutzset zur akustischen Entkopplung vom Baukörper und Befestigungsmaterial.;2,0;St;gaeb;vom_unternehmen_auszufuellende_dokumente/20260717_SBH_LV_VE1-410-1a.X83
180;WC-Sitzring ohne Deckel, weiß, antibakterielles Material, mit durchgehender Edelstahl-Scharnierwelle, DIN 19516, aus Duroplast, Befestigung von unten, passend zum vorgenannten WC.;2,0;St;gaeb;vom_unternehmen_auszufuellende_dokumente/20260717_SBH_LV_VE1-410-1a.X83
190;WC-Papiergroßrollenhalter aus Kunststoff, Durchmesser ca. 34,5 cm, Tiefe ca. 14,8cm, verdeckte Befestigung,  einschließlich Befestigungsmaterial;21,0;St;gaeb;vom_unternehmen_auszufuellende_dokumente/20260717_SBH_LV_VE1-410-1a.X83
200;WC-Bürstenhalter mit verdecktem Bürstenkopf, Ausführung oben offen, quaderförmiger, oben abgeschrägter Behälter Edelstahl weiß beschichtet, Innentopf und WC-Bürste aus Kunststoff, Bürstenentnahme nach oben, Innentopf zur Reinigung herausnehmbar, Vier-Punkt-Befestigung, inklusive Befestigungsmaterial;21,0;St;gaeb;vom_unternehmen_auszufuellende_dokumente/20260717_SBH_LV_VE1-410-1a.X83
210;Handwaschbecken, mit Hahnloch, mit Überlauf, EN 14688, Farbe weiß, Material Sanitärporzellan, Breite ca. 360 mm, Tiefe ca. 250 mm, Höhe ca. 145 mm, einschließlich Schallschutzset zur akustischen Entkopplung vom Baukörper und Befestigungsmaterial;2,0;St;gaeb;vom_unternehmen_auszufuellende_dokumente/20260717_SBH_LV_VE1-410-1a.X83
220;jedoch Waschtisch, Breite ca. 450 mm, Tiefe ca. 340 mm, Höhe ca. 170 mm;5,0;St;gaeb;vom_unternehmen_auszufuellende_dokumente/20260717_SBH_LV_VE1-410-1a.X83
230;jedoch Waschtisch, Breite ca. 450 mm, Tiefe ca. 340 mm, Höhe ca. 170 mm, ohne Überlauf;4,0;St;gaeb;vom_unternehmen_auszufuellende_dokumente/20260717_SBH_LV_VE1-410-1a.X83
240;jedoch Waschtisch, Breite ca. 550 mm, Tiefe ca. 440 mm, Höhe ca. 180 mm;1,0;St;gaeb;vom_unternehmen_auszufuellende_dokumente/20260717_SBH_LV_VE1-410-1a.X83
250;jedoch Waschtisch, Breite ca. 550 mm, Tiefe ca. 440 mm, Höhe ca. 180 mm, ohne Überlauf;1,0;St;gaeb;vom_unternehmen_auszufuellende_dokumente/20260717_SBH_LV_VE1-410-1a.X83
260;jedoch Waschtisch, Breite ca. 600 mm, Tiefe ca. 480 mm, Höhe ca. 185 mm;4,0;St;gaeb;vom_unternehmen_auszufuellende_dokumente/20260717_SBH_LV_VE1-410-1a.X83
270;Waschtisch, unterfahrbar, mit Hahnloch, mit Überlauf, EN 14688, DIN 18040, Unterseite mit umlaufend unsichtbarer Griffmulde, Farbe weiß, Material Sanitärporzellan, unterfahrbar, Breite ca. 650 mm, Tiefe ca. 600 mm, Höhe ca. 180 mm, einschließlich Schallschutzset zur akustischen Entkopplung vom Baukö;3,0;St;gaeb;vom_unternehmen_auszufuellende_dokumente/20260717_SBH_LV_VE1-410-1a.X83
280;Einhebel-Waschtischarmatur, DN15, Durchflussmenge: 6 l/min gemessen bei 3 bar Fließdruck, Ausladung: ca. 121 mm, Einlocharmatur mit starrem gegossenem Auslauf, Kartusche keramisch, Armaturenkörper aus entzinkungsbeständigem Messing, Vollhebel aus Metall, Kennzeichnung warm und kalt, mit Luftsprudler;15,0;St;gaeb;vom_unternehmen_auszufuellende_dokumente/20260717_SBH_LV_VE1-410-1a.X83
290;Einhebel-Waschtischarmatur, DN15, Durchflussmenge: 6 l/min gemessen bei 3 bar Fließdruck, Ausladung: ca. 114 mm, Einlocharmatur mit starrem gegossenem Auslauf, Kartusche keramisch, Armaturenkörper aus entzinkungsbeständigem Messing, langer Vollhebel aus Metall, Kennzeichnung warm und kalt, mit Lufts;3,0;St;gaeb;vom_unternehmen_auszufuellende_dokumente/20260717_SBH_LV_VE1-410-1a.X83
300;Selbstschluss-Waschtisch-Standventil,;8,0;St;gaeb;vom_unternehmen_auszufuellende_dokumente/20260717_SBH_LV_VE1-410-1a.X83
310;Ablaufventil mit freiem Auslauf, mit Sieb, für nicht staubare Waschtische, für öffentliche und halböffentliche;1,0;St;gaeb;vom_unternehmen_auszufuellende_dokumente/20260717_SBH_LV_VE1-410-1a.X83
320;jedoch ohne Überlauf;6,0;St;gaeb;vom_unternehmen_auszufuellende_dokumente/20260717_SBH_LV_VE1-410-1a.X83
330;"Geruchverschluss für Waschtische, als Röhrengeruchverschluss nach DIN 19541, mit Prüfzeichen, aus Messing, verchromt, für Wandanschluss, R 1 1/4"" x DN 32, mit Abgangsrohr 220 mm, Schubrosette, Verstellrohr 120 mm und Wandrosette.";20,0;St;gaeb;vom_unternehmen_auszufuellende_dokumente/20260717_SBH_LV_VE1-410-1a.X83
340;UP-Geruchverschluss, aus Kunststoff, für Einbau in ein Installationselement, mit verchromter Abdeckplatte aus Kunststoff, höhenverstellbar, mit Anschlussbogen, verchromt, Ablaufleistung gemäß DIN 1986, mit Schaftventil;3,0;St;gaeb;vom_unternehmen_auszufuellende_dokumente/20260717_SBH_LV_VE1-410-1a.X83
350;Urinal, Zulauf von hinten, Abgang nach hinten, inkl. Befestigungssystem, EN 13407, Farbe weiß, Material Sanitärporzellan, zugelassen für wassersparendes 0,5 Liter Spülvolumen, komplett geschlossene Seitenflächen, spülrandlos, Montage mit dem verdecktem Befestigungssystem, mit Abdeckkappen (weiß), Br;5,0;St;gaeb;vom_unternehmen_auszufuellende_dokumente/20260717_SBH_LV_VE1-410-1a.X83
360;"Ausgussbecken aus Kunststoff mit Überlauf und angeformter Rückwand, Breite ca. 500 mm, Höhe ca. 400 mm, Tiefe ca. 350 mm, mit Sieb und Stopfen an Kette, Ventil 1 1/2"", inkl. Befestigungsset, mit Klapprost aus Metall.";3,0;St;gaeb;vom_unternehmen_auszufuellende_dokumente/20260717_SBH_LV_VE1-410-1a.X83
370;jedoch Ausgussbecken aus Edelstahl, Breite ca. 500 mm, Tiefe ca. 350 mm, Höhe ca. 500 mm;1,0;St;gaeb;vom_unternehmen_auszufuellende_dokumente/20260717_SBH_LV_VE1-410-1a.X83
380;Einhebel-Wand-Armatur, DN 15, mit Bügelhebel und Kennzeichnung für warm und kalt, mit Keramikkartusche und Temperaturbegrenzung, S-Anschhlüsse mit Abdeckung, Armaturenkörper aus entzinkungsbeständigem Messing, Oberfläche Chrom, mit schwenkbarem Auslauf mind. 120°, Länge ca. 200mm, mit Luftsprudler.;3,0;St;gaeb;vom_unternehmen_auszufuellende_dokumente/20260717_SBH_LV_VE1-410-1a.X83
390;Geruchverschluss für Ausgussbecken, als Röhrengeruchverschluss nach DIN EN 274, mit Prüfzeichen, aus Kunststoff, weiß, für Wandanschluss, R 1 1/2 x DN 50, mit waagerechtem Abgangsrohr, einschl. Dichtungssatz;3,0;St;gaeb;vom_unternehmen_auszufuellende_dokumente/20260717_SBH_LV_VE1-410-1a.X83
400;Ab- und Überlaufgarnitur, ohne Geruchverschluss, für Ausgussbecken, mit Ventiloberteil 70 mm, aus Edelstahl Rostfrei, mit Kettenhalter, verchromter Kugelkette 250 mm;3,0;St;gaeb;vom_unternehmen_auszufuellende_dokumente/20260717_SBH_LV_VE1-410-1a.X83
410;Aufputz-Duscharmatur als Selbstschluss-Thermostat, mit Wandeinbaubox und Magnetventil für therm. Desinfektion;30,0;St;gaeb;vom_unternehmen_auszufuellende_dokumente/20260717_SBH_LV_VE1-410-1a.X83
420;Isolierstoffgehäuse mit Hutschiene, inkl. Netzteil und Klemmleiste für Anschluss von jeweils sieben bis acht der vorgenannten Magnetventilen zur thermischen Desinfektion,;4,0;St;gaeb;vom_unternehmen_auszufuellende_dokumente/20260717_SBH_LV_VE1-410-1a.X83
430;Anschlusskabel passend für Verbindung vorgenanntem Magnetventil der Duscharmatur bis zum Netzteil, Einzellänge bis zu 10 m, Verlegung in Kunststoff-Installationsrohr im Wandschlitz sowie an der Decke des darunterliegenden Geschosses;300,0;m;gaeb;vom_unternehmen_auszufuellende_dokumente/20260717_SBH_LV_VE1-410-1a.X83
440;"Schlüsselschalter für thermische Desinfektion, Aufputz, 230 V, 10 A, IP 65, Schlüssel in Stellung ""EIN"" und ""AUS"" jeweils rastend und nur in Stellung ""AUS"" entfernbar, Installation neben vorgenannten Elektroverteilerkasten an Rohdecke oder -wand, einschließlich für alle Schlüsselschalter gleichschli";4,0;St;gaeb;vom_unternehmen_auszufuellende_dokumente/20260717_SBH_LV_VE1-410-1a.X83
450;komplette Elektroinstallation der zuvor aufgeführten Aktoren,;4,0;St;gaeb;vom_unternehmen_auszufuellende_dokumente/20260717_SBH_LV_VE1-410-1a.X83
460;Inbetriebnahme thermische Desinfektion einschl. Durchführung eines Probelaufes gemeinsam mit Gewerk Gebäudeautomation;1,0;St;gaeb;vom_unternehmen_auszufuellende_dokumente/20260717_SBH_LV_VE1-410-1a.X83
470;"Duschkopf DN 15, für Wandanschluss mit steckbarem Anschlussstutzen, mit verstellbarem Strahl ca. 13 ° - 23 °, mit Durchflussmengenregler, einzustellen auf 9 l/min, verchromtes Messinggehäuse, verdrehsicher, einschließlich Unterkonstruktion für Trockenbau für Anbau Wandscheibe; Wandscheibe wird gemäß";30,0;St;gaeb;vom_unternehmen_auszufuellende_dokumente/20260717_SBH_LV_VE1-410-1a.X83
480;Durchbruchsbohrung in Beton;30,0;St;gaeb;vom_unternehmen_auszufuellende_dokumente/20260717_SBH_LV_VE1-410-1a.X83
490;Wandschlitz in Mauerwerk in Teillängen herstellen,;60,0;m;gaeb;vom_unternehmen_auszufuellende_dokumente/20260717_SBH_LV_VE1-410-1a.X83
500;Einzelplatzdusche Frauenhalle, bestehend aus:;1,0;St;gaeb;vom_unternehmen_auszufuellende_dokumente/20260717_SBH_LV_VE1-410-1a.X83
510;"Duscharmatur für barrierefreien Duschplatz als Vorwand-Thermostatbatterie, DN 15, 1/2"" AG, Duschanschluss DN 15 G 1/2 AG, Thermostat mit Regler, Duschanschluss unten, inkl. integriertem mechanischen Ventil zur Durchführung einer manuellen thermischen Desinfektion gemäß DVGW Arbeitsblatt W 551, Gehäu";1,0;St;gaeb;vom_unternehmen_auszufuellende_dokumente/20260717_SBH_LV_VE1-410-1a.X83
520;"Handbrause, drei Strahlarten, verchromt, gemäß Anforderungen der KTW und DVGW W270, DN 15 G 1/2"", Durchfluss Handbrause bei 3 bar ca. 9 l/min.";1,0;St;gaeb;vom_unternehmen_auszufuellende_dokumente/20260717_SBH_LV_VE1-410-1a.X83
530;Brausegarnitur bestehend aus Winkel-Wandhalterungsstange und Schlauch, für barrierefreien Duschplatz, Anforderungen gemäß DIN 18040-1, Brausewandhalterungsstange als Winkelgriff aus weißem Kunststoff mit durchgehendem korrosionsgeschütztem Stahlkern, ca. 1.100 mm hoch und ca. 600 mm lang, Winkel wah;1,0;St;gaeb;vom_unternehmen_auszufuellende_dokumente/20260717_SBH_LV_VE1-410-1a.X83
540;Stützklappgriff für barrierefreien Duschplatz, Anforderungen gemäß DIN 18040-1, aus weißem Kunststoff, bestehend aus zwei parallelen übereinander angeordneten durch einen Verbindungsbogen zusammengefügte Stangen, belastbar bis 100 kg, Klappgriff und Wandplatte aus Kunststoff mit integriertem Stahlke;1,0;St;gaeb;vom_unternehmen_auszufuellende_dokumente/20260717_SBH_LV_VE1-410-1a.X83
550;Duschklappsitz, Anforderungen gemäß DIN 18040-1, Wandkonsole und durchgehende rutschhemmende Sitzfläche, weißer Kunststoffsitz mit Aluminiumverstärkung, Wandkonsole aus pulverbeschichtetem Edelstahl in matt weiß, ohne Rückenlehne, Sitzfläche ca. 450x450 mm, Gesamttiefe ca. 670 mm, belastbar bis ca. ;1,0;St;gaeb;vom_unternehmen_auszufuellende_dokumente/20260717_SBH_LV_VE1-410-1a.X83
560;"Duscharmatur für Einzel-Duschplätze als Vorwand-Thermostatbatterie, DN 15, 1/2"" AG, Duschanschluss DN 15 G 1/2 AG, Thermostat mit Regler, Duschanschluss unten, inkl. integriertem mechanischen Ventil zur Durchführung einer manuellen thermischen Desinfektion gemäß DVGW Arbeitsblatt W 551, Gehäuse aus ";4,0;St;gaeb;vom_unternehmen_auszufuellende_dokumente/20260717_SBH_LV_VE1-410-1a.X83
570;Brausegarnitur bestehend aus Wandhalterungsstange und Schlauch,;4,0;St;gaeb;vom_unternehmen_auszufuellende_dokumente/20260717_SBH_LV_VE1-410-1a.X83
580;"Handbrause, drei Strahlarten, verchromt, gemäß Anforderungen der KTW und DVGW W270, DN 15 G 1/2"", Durchfluss Handbrause bei 3 bar ca. 9 l/min.";4,0;St;gaeb;vom_unternehmen_auszufuellende_dokumente/20260717_SBH_LV_VE1-410-1a.X83
590;Bodenebene Duschfläche mit Eckablauf und von 1 oder 2;2,0;St;gaeb;vom_unternehmen_auszufuellende_dokumente/20260717_SBH_LV_VE1-410-1a.X83
600;jedoch Außenmaße 1.000 x 1.000 mm;2,0;St;gaeb;vom_unternehmen_auszufuellende_dokumente/20260717_SBH_LV_VE1-410-1a.X83
610;Duschablaufgarnitur senkrecht passend zu vorgenannter Duschwanne 900 x 900 mm bzw. 1.000 x 1.000 mm, für im Boden versenkten Einbau in Kernbohrung, mit integriertem Geruchsverschluss, für Anschluss an Kunststoff-Abwasserleitung DN50 mit Steckmuffe, äquivalente Sperrwasserhöhe mind. 50 mm, Ablaufleis;4,0;St;gaeb;vom_unternehmen_auszufuellende_dokumente/20260717_SBH_LV_VE1-410-1a.X83
620;Brandschutzmanschette passend für vorgenannte senkrechte Duschablaufgarnitür;4,0;St;gaeb;vom_unternehmen_auszufuellende_dokumente/20260717_SBH_LV_VE1-410-1a.X83
630;Duschabtrennung Seitenwand für Kombination mit 2-teiliger Pendeltür, aus klar-transparentem ESG, teilgerahmt, Rahmenprofil silber oder chrom, links oder rechts montierbar;2,0;St;gaeb;vom_unternehmen_auszufuellende_dokumente/20260717_SBH_LV_VE1-410-1a.X83
640;Duschabtrennung Pendeltür 900 x 2000 für Kombination mit Seitenwand, 2 Türen als Pendelelemente, 1 Stütze für;2,0;St;gaeb;vom_unternehmen_auszufuellende_dokumente/20260717_SBH_LV_VE1-410-1a.X83
650;jedoch für Einbau in Nische, Schenkelmaß: 1.000 mm;2,0;St;gaeb;vom_unternehmen_auszufuellende_dokumente/20260717_SBH_LV_VE1-410-1a.X83
660;Untertischspeicher 2,0kW 230V, Inhalt 5,0 Liter, drucklos mit Zweigriff-Mischbatterie, Kleinspeicher offenes (druckloses) Gerät mit Polypropylen-Innenbehälter mit FCKW-freier, recyclingfähiger Wärmedämmung, Temperaturregler ca. 35°C bis 85°C mit Energiesparbereich, möglicher Temperaturbegrenzung und;2,0;St;gaeb;vom_unternehmen_auszufuellende_dokumente/20260717_SBH_LV_VE1-410-1a.X83
670;Hydraulisch gesteuerter Durchlauferhitzer als Untertischgerät in kompakter Ausführung. Blankdraht-Heizsystem mit auswechselbarer Heizpatrone. Druckfeste Bauart, inkl. Anschlusset für Eckventil. Mit Schulko-Stecker, Leitungslänge ca. 0,65m. Inkl. Spezial-Strahlregler für ideales Strahlbild.;3,0;St;gaeb;vom_unternehmen_auszufuellende_dokumente/20260717_SBH_LV_VE1-410-1a.X83
680;jedoch mit festem Anschluss, ohne Stecker;2,0;St;gaeb;vom_unternehmen_auszufuellende_dokumente/20260717_SBH_LV_VE1-410-1a.X83
690;jedoch mit festem Anschluss, ohne Stecker;1,0;St;gaeb;vom_unternehmen_auszufuellende_dokumente/20260717_SBH_LV_VE1-410-1a.X83
700;jedoch mit festem Anschluss, ohne Stecker;2,0;St;gaeb;vom_unternehmen_auszufuellende_dokumente/20260717_SBH_LV_VE1-410-1a.X83
710;Stützklappgriff (drehbar) mit integrierter Spültaste, Farbe weiß, E-Ausführung, zwei parallele, übereinander angeordnete, durch einen Verbindungsbogen zusammengefügte Stangen, belastbar bis 100 kg, Klappgriff und Wandplatte aus Kunststoff mit integriertem Stahlkern, Wandplatte mit verdeckter Befesti;2,0;St;gaeb;vom_unternehmen_auszufuellende_dokumente/20260717_SBH_LV_VE1-410-1a.X83
720;Stützklappgriff (drehbar), Farbe weiß, zwei parallele, übereinander angeordnete, durch einen Verbindungsbogen zusammengefügte Stangen, belastbar bis 100 kg, Klappgriff und Wandplatte aus Kunststoff mit integriertem Stahlkern, Wandplatte mit verdeckter Befestigung, Klappgriff nach oben und gebremst n;2,0;St;gaeb;vom_unternehmen_auszufuellende_dokumente/20260717_SBH_LV_VE1-410-1a.X83
730;Aufrüstsatz WC-Papierhalter, passend zu Stützklappgriff wie vorher beschrieben, rechtwinklig angeordneter Aufsatzrollenhalter zur Nachrüstung am Stützklappgriff  Durchmesser 33 mm, aus Polyamid, mit integrierter harter, flexibler Rollenbremse, Farbton weiß.;2,0;St;gaeb;vom_unternehmen_auszufuellende_dokumente/20260717_SBH_LV_VE1-410-1a.X83
740;Rückenstütze barrierefreie WC-Anlage, Farbe weiß, gepolsterte Lehne mit beidseitig angebrachten, rechtwinklig gebogenen Befestigungsstangen zum Abstützen des Rückens auf dem WC,;2,0;St;gaeb;vom_unternehmen_auszufuellende_dokumente/20260717_SBH_LV_VE1-410-1a.X83
750;Papierhandtuchspender aus Kunststoff, HxBxT = ca. 43x32,6x24 cm, einschließlich Befestigungsmaterial;29,0;St;gaeb;vom_unternehmen_auszufuellende_dokumente/20260717_SBH_LV_VE1-410-1a.X83
760;Seifenspender aus Kunststoff, HxBxT = ca. 23,5x11,6x11,4cm, einschließlich Befestigungsmaterial;29,0;St;gaeb;vom_unternehmen_auszufuellende_dokumente/20260717_SBH_LV_VE1-410-1a.X83
770;Desinfektionsmittelspender aus Aluminium, HxBxT = ca. 28,3x8,2x22,5 cm, einschließlich Befestigungsmaterial;5,0;St;gaeb;vom_unternehmen_auszufuellende_dokumente/20260717_SBH_LV_VE1-410-1a.X83
780;Damenhygienebehälter aus Kunststoff, für Wandmontage, Volumen 23 l, HxBxT = ca. 65x31,5x20,5 cm, einschließlich Befestigungsmaterial;13,0;St;gaeb;vom_unternehmen_auszufuellende_dokumente/20260717_SBH_LV_VE1-410-1a.X83
790;Damenhygienebehälter aus Kunststoff, für Wandmontage, Volumen 55 l, HxBxT = ca. 64,5x42x38 cm, einschließlich Befestigungsmaterial;2,0;St;gaeb;vom_unternehmen_auszufuellende_dokumente/20260717_SBH_LV_VE1-410-1a.X83
800;Papierkorb;26,0;St;gaeb;vom_unternehmen_auszufuellende_dokumente/20260717_SBH_LV_VE1-410-1a.X83
810;Haken, aus nichtrostendem Stahl, als Einfachhaken, für Aufputz-Montage, verdeckte Befestigung, einschließlich Befestigungsmaterial.;21,0;St;gaeb;vom_unternehmen_auszufuellende_dokumente/20260717_SBH_LV_VE1-410-1a.X83
820;Haken, aus nichtrostendem Stahl, als Doppelhaken, für Aufputz-Montage, verdeckte Befestigung, einschließlich Befestigungsmaterial.;5,0;St;gaeb;vom_unternehmen_auszufuellende_dokumente/20260717_SBH_LV_VE1-410-1a.X83
830;Verfüllen der Fugen zwischen Sanitärobjekten und der jeweiligen Wandoberfläche mit dauerelastischen, silikonhaltigen Füllstoffen, Farbton wahlweise weiß oder farblos;53,0;m;gaeb;vom_unternehmen_auszufuellende_dokumente/20260717_SBH_LV_VE1-410-1a.X83
840;Eckventil, DN 15, G 3/8 AG Abgang, verchromt, als Absperr-, Regulier- und Anschlussventil, Geräuschverhalten entsprechend DIN 4109 Gruppe I, mit Gewindeanschluss, Bedienungsgriff aus Messing, mit Verlängerung und Schubrosette.;34,0;St;gaeb;vom_unternehmen_auszufuellende_dokumente/20260717_SBH_LV_VE1-410-1a.X83
850;Geräteanschlußventil, DN 15, als Kombinations-Eckventil, mit Rückflußverhinderer und Rohrbelüfter, entsprechend DVGW-Arbeitsblätter W 376 und 377, Schlauchverschraubung R 1/2, verchromt, Bedienungsgriff aus Messing, verchromt, einschließlich Anschlußverschraubung, Verlängerung und Schubrosette;3,0;St;gaeb;vom_unternehmen_auszufuellende_dokumente/20260717_SBH_LV_VE1-410-1a.X83
860;Probenahme-Eckventil DN 15 aus Messing, verchromt, mit Probenahmerohr aus Edelstahl, geeignet zum Einbau an Waschtischen. Festlegung der genauen Einbauorte erfolgt im Zuge des Baufortschritts und in Abstimmung mit der zuständigen Behörde für die Entnahme von Wasserproben.;11,0;St;gaeb;vom_unternehmen_auszufuellende_dokumente/20260717_SBH_LV_VE1-410-1a.X83
870;"Wandauslaufventil DN 15, Oberteil für Steckschlüsselbetätigung, mit Schlauchverschraubung, Belüfter und Rückflussverhinderer, DVGW geprüft. Inkl. Rosette und Steckschlüssel, Größe: 1/2"", Oberfläche verchromt.";1,0;St;gaeb;vom_unternehmen_auszufuellende_dokumente/20260717_SBH_LV_VE1-410-1a.X83
880;Geruchsverschluss mit Leckwassertrichter, aus Kunststoff, weiß, Verstellrohr mit Leck-Wassertrichter, Ablauf senkrecht;5,0;St;gaeb;vom_unternehmen_auszufuellende_dokumente/20260717_SBH_LV_VE1-410-1a.X83
10;Kompaktes Lademodul zum Aufbau eines Speicherladesystemes, Betriebsweise nach Trinkwasser-;1,0;St;gaeb;vom_unternehmen_auszufuellende_dokumente/20260717_SBH_LV_VE1-410-1a.X83
20;Behälter komplett aus korrosionsbeständigem Edelstahl in stehender Ausführung auf Fußring, mit innerer Wasserführung. Passend zum vorgenannten Speicherlademodul. Mit allen erforderlichen Anschlüssen für Kaltwasser, Warmwasser,;2,0;St;gaeb;vom_unternehmen_auszufuellende_dokumente/20260717_SBH_LV_VE1-410-1a.X83
30;Abnehmbare Wärmedämmung, FCKW-frei, aus EPS mit aufkaschiertem Polyestervlies, mit Polystyrolabdeckung, Wärmedämmung mit Hakenleiste, mit Handlochabdeckung und Rosetten für alle Anschlussdurchführungen, Bodendämmeinlage aus 50mm Polyestervlies, passend zum vorgenannten Speicher.;2,0;St;gaeb;vom_unternehmen_auszufuellende_dokumente/20260717_SBH_LV_VE1-410-1a.X83
40;Durchströmtes Membran-Druckausdehnungsgefäß für Trinkwassererwärmungs-, Wasserversorgungs- und Druckerhöhungsanlagen. Gebaut und geprüft nach DIN EN 13831 bzw. DIN-DVGW, Zulassung gemäß Richtlinie für Druckgeräte 2014/68/EU.;1,0;St;gaeb;vom_unternehmen_auszufuellende_dokumente/20260717_SBH_LV_VE1-410-1a.X83
50;Sicherheitsgruppe DIN 1988-4 mit Wartungsabsperrung, für;1,0;St;gaeb;vom_unternehmen_auszufuellende_dokumente/20260717_SBH_LV_VE1-410-1a.X83
60;betriebsfertige Elektroinstallation der zuvor aufgeführten Aktoren, Sensoren und Komponenten der Warmwasserbereitungsanlage - soweit herstellerseitig noch nicht erfolgt  -  innerhalb des Aufstellraumes, Grundfläche ca. 97 m², lichte Höhe ca. 2,95 m, einschließlich aller notwendigen Kabel und Verlege;1,0;St;gaeb;vom_unternehmen_auszufuellende_dokumente/20260717_SBH_LV_VE1-410-1a.X83
70;Inbetriebnahme des Speicherladesystems durch den Werkkundendienst des Herstellers in Folgendem Umfang:;1,0;St;gaeb;vom_unternehmen_auszufuellende_dokumente/20260717_SBH_LV_VE1-410-1a.X83
80;Die Warmwasserbereitungsanlage wird auf die übergeordnete Gebäudeautomationsanlage aufgeschaltet. Hierzu ist die Datenpunktliste der WWB-Regelung zu übergeben.;1,0;St;gaeb;vom_unternehmen_auszufuellende_dokumente/20260717_SBH_LV_VE1-410-1a.X83
10;Rohrleitung aus nichtrostenden Stahlrohren, DN 25, 28 mm x 1,2 mm, Montagehöhe bis 3,5 m über Oberkante Gelände / Fußboden, Werkstoff-Nr. 1.4401 oder 1.4521, DVGW GW 541, geschweißt, für Löschwasser, Verlegung im Gebäude sowie in vorhandenen offenen Kanälen, einschl. Dichtungsmittel und Herstellen d;4,0;m;gaeb;vom_unternehmen_auszufuellende_dokumente/20260717_SBH_LV_VE1-410-1a.X83
20;jedochl 35 x 1,5 mm (DN 80);5,0;m;gaeb;vom_unternehmen_auszufuellende_dokumente/20260717_SBH_LV_VE1-410-1a.X83
30;jedoch 54 x 1,5 mm (DN 50);25,0;m;gaeb;vom_unternehmen_auszufuellende_dokumente/20260717_SBH_LV_VE1-410-1a.X83
40;jedochl 76,1 x 2,0 mm (DN 65);10,0;m;gaeb;vom_unternehmen_auszufuellende_dokumente/20260717_SBH_LV_VE1-410-1a.X83
50;jedochl 88,9 x 2,0 mm (DN 80);130,0;m;gaeb;vom_unternehmen_auszufuellende_dokumente/20260717_SBH_LV_VE1-410-1a.X83
60;jedoch Montagehöhe über 3,5 m bis 6,0 m, 54,0 x 1,5 mm (DN 50);2,0;m;gaeb;vom_unternehmen_auszufuellende_dokumente/20260717_SBH_LV_VE1-410-1a.X83
70;jedoch Montagehöhe über 3,5 m bis 6,0 m, 76,1 x 2,0 mm (DN 65);2,0;m;gaeb;vom_unternehmen_auszufuellende_dokumente/20260717_SBH_LV_VE1-410-1a.X83
80;jedoch Montagehöhe über 3,5 m bis 6,0 m, 88,9 x 2,0 mm (DN 80);20,0;m;gaeb;vom_unternehmen_auszufuellende_dokumente/20260717_SBH_LV_VE1-410-1a.X83
90;"Bogen DN 25, AD 28 mm, alle Winkelgrade, Edelstahl-Pressfittingsystem für Löschwasseranlagen trocken, aus nichtrostendem CrNiMo-Stahl, Werkstoff Nr.: 1.4401 oder 1.4521, mit dem Nachweis ""undicht im unverpressten Zustand"", mit Pressindikator zur Erkennung nicht verpresster Verbindung vor der Druckpr";5,0;St;gaeb;vom_unternehmen_auszufuellende_dokumente/20260717_SBH_LV_VE1-410-1a.X83
100;jedoch DN 32 (35,0 mm);10,0;St;gaeb;vom_unternehmen_auszufuellende_dokumente/20260717_SBH_LV_VE1-410-1a.X83
110;jedoch DN 50 (54,0 mm);30,0;St;gaeb;vom_unternehmen_auszufuellende_dokumente/20260717_SBH_LV_VE1-410-1a.X83
120;jedoch DN 65 (76,1 mm);20,0;St;gaeb;vom_unternehmen_auszufuellende_dokumente/20260717_SBH_LV_VE1-410-1a.X83
130;jedoch DN 80 (88,9 mm);50,0;St;gaeb;vom_unternehmen_auszufuellende_dokumente/20260717_SBH_LV_VE1-410-1a.X83
140;"T-Stück DN 50 (54,0 mm), Abgang reduziert oder gleich,  Edelstahl-Pressfittingsystem für Löschwasseranlagen trocken, aus nichtrostendem CrNiMo-Stahl, Werkstoff Nr.: 1.4401 oder 1.4521, mit dem Nachweis ""undicht im unverpressten Zustand"",  mit Pressindikator zur Erkennung nicht verpresster Verbindung";4,0;St;gaeb;vom_unternehmen_auszufuellende_dokumente/20260717_SBH_LV_VE1-410-1a.X83
150;jedoch DN 80 (88,9 mm);8,0;St;gaeb;vom_unternehmen_auszufuellende_dokumente/20260717_SBH_LV_VE1-410-1a.X83
160;Reduzierstück DN 32 (35,0 mm, größter Durchmesser),;4,0;St;gaeb;vom_unternehmen_auszufuellende_dokumente/20260717_SBH_LV_VE1-410-1a.X83
170;jedoch DN 50 (54,0 mm);8,0;St;gaeb;vom_unternehmen_auszufuellende_dokumente/20260717_SBH_LV_VE1-410-1a.X83
180;jedoch DN 65 (76,1 mm);5,0;St;gaeb;vom_unternehmen_auszufuellende_dokumente/20260717_SBH_LV_VE1-410-1a.X83
190;jedoch DN 80 (88,9 mm);10,0;St;gaeb;vom_unternehmen_auszufuellende_dokumente/20260717_SBH_LV_VE1-410-1a.X83
200;"Muffe DN 25 (28,0 mm), Edelstahl-Pressfittingsystem für Löschwasseranlagen trocken, aus nichtrostendem CrNiMo-Stahl, Werkstoff Nr.: 1.4401 oder 1.4521, mit dem Nachweis ""undicht im unverpressten Zustand"", mit Pressindikator zur Erkennung nicht verpresster Verbindung vor der Druckprobe, hygieneunters";2,0;St;gaeb;vom_unternehmen_auszufuellende_dokumente/20260717_SBH_LV_VE1-410-1a.X83
210;jedoch DN 32 (35,0 mm);2,0;St;gaeb;vom_unternehmen_auszufuellende_dokumente/20260717_SBH_LV_VE1-410-1a.X83
220;jedoch DN 50 (54,0 mm);4,0;St;gaeb;vom_unternehmen_auszufuellende_dokumente/20260717_SBH_LV_VE1-410-1a.X83
230;jedoch DN 65 (76,1 mm);8,0;St;gaeb;vom_unternehmen_auszufuellende_dokumente/20260717_SBH_LV_VE1-410-1a.X83
240;jedoch DN 80 (88,9 mm);35,0;St;gaeb;vom_unternehmen_auszufuellende_dokumente/20260717_SBH_LV_VE1-410-1a.X83
250;"Anschlussverschraubung, mit Überwurfmutter aus Messing, DN 25 x 1"" IG, für Löschwasseranlagen trocken, aus nichtrostendem CrNiMo-Stahl, Werkstoff Nr.: 1.4401 oder 1.4521, mit dem Nachweis ""undicht im unverpressten Zustand"", mit Pressindikator zur Erkennung nicht verpresster Verbindung vor der Druckp";5,0;St;gaeb;vom_unternehmen_auszufuellende_dokumente/20260717_SBH_LV_VE1-410-1a.X83
260;"jedoch DN 32 x 1 1/4""";4,0;St;gaeb;vom_unternehmen_auszufuellende_dokumente/20260717_SBH_LV_VE1-410-1a.X83
270;"Übergangsstück, als Formteil für vorgenannte Rohrleitungen aus nichtrostendem Stahl, Aussendurchmesser 76,1 mm als Übergang auf Aussengewinde 2 1/2"", Montagehöhe bis 6,0 m über Gelände / Fussboden.";10,0;St;gaeb;vom_unternehmen_auszufuellende_dokumente/20260717_SBH_LV_VE1-410-1a.X83
280;"jedoch DN 65 (76,1 mm) auf 2 1/2""";2,0;St;gaeb;vom_unternehmen_auszufuellende_dokumente/20260717_SBH_LV_VE1-410-1a.X83
290;"jedoch DN 80 (88,9 mm) auf 3""";6,0;St;gaeb;vom_unternehmen_auszufuellende_dokumente/20260717_SBH_LV_VE1-410-1a.X83
300;Rohraufhängung, aus verzinktem Stahl, mit körperschalldämmenden Einlagen und Schnellverschluss, Anforderungen entsprechend DIN 4109, Temperaturberei;5,0;St;gaeb;vom_unternehmen_auszufuellende_dokumente/20260717_SBH_LV_VE1-410-1a.X83
310;jedoch DN 32;5,0;St;gaeb;vom_unternehmen_auszufuellende_dokumente/20260717_SBH_LV_VE1-410-1a.X83
320;jedoch DN 50,;20,0;St;gaeb;vom_unternehmen_auszufuellende_dokumente/20260717_SBH_LV_VE1-410-1a.X83
330;jedoch DN 65,;10,0;St;gaeb;vom_unternehmen_auszufuellende_dokumente/20260717_SBH_LV_VE1-410-1a.X83
340;jedoch DN 80,;100,0;St;gaeb;vom_unternehmen_auszufuellende_dokumente/20260717_SBH_LV_VE1-410-1a.X83
350;Brandschutzbekleidung der Rohre von Feuerlöschleitungen aus Edelstahl DN 50 nach DIN 14462, mit feuerbeständiger Steinwolle, Dämmschichtdicke 100 mm;30,0;m;gaeb;vom_unternehmen_auszufuellende_dokumente/20260717_SBH_LV_VE1-410-1a.X83
360;Brandschutzbekleidung der Rohre von Feuerlöschleitungen aus Edelstahl DN 65 nach DIN 14462, mit feuerbeständiger Steinwolle, Dämmschichtdicke 60 mm;15,0;m;gaeb;vom_unternehmen_auszufuellende_dokumente/20260717_SBH_LV_VE1-410-1a.X83
370;Brandschutzbekleidung der Rohre von Feuerlöschleitungen aus Edelstahl DN 80 nach DIN 14462, mit feuerbeständiger Steinwolle, Dämmschichtdicke 60 mm;160,0;m;gaeb;vom_unternehmen_auszufuellende_dokumente/20260717_SBH_LV_VE1-410-1a.X83
380;Brandschutzbekleidung der Bögen von Feuerlöschleitungen aus Edelstahl DN 50 nach DIN 14462, mit feuerbeständiger Steinwolle, Dämmschichtdicke 100 mm;30,0;St;gaeb;vom_unternehmen_auszufuellende_dokumente/20260717_SBH_LV_VE1-410-1a.X83
390;Brandschutzbekleidung der Bögen von Feuerlöschleitungen aus Edelstahl DN 65 nach DIN 14462, mit feuerbeständiger Steinwolle, Dämmschichtdicke 60 mm;20,0;St;gaeb;vom_unternehmen_auszufuellende_dokumente/20260717_SBH_LV_VE1-410-1a.X83
400;Brandschutzbekleidung der Bögen von Feuerlöschleitungen aus Edelstahl DN 80 nach DIN 14462, mit feuerbeständiger Steinwolle, Dämmschichtdicke 60 mm;50,0;St;gaeb;vom_unternehmen_auszufuellende_dokumente/20260717_SBH_LV_VE1-410-1a.X83
410;Brandschutzbekleidung der T-Stücke reduziert von Feuerlöschleitungen aus Edelstahl DN 50 nach DIN 14462, mit feuerbeständiger Steinwolle, Dämmschichtdicke 100 mm;4,0;St;gaeb;vom_unternehmen_auszufuellende_dokumente/20260717_SBH_LV_VE1-410-1a.X83
420;Brandschutzbekleidung der T-Stücke reduziert von Feuerlöschleitungen aus Edelstahl DN 80 nach DIN 14462, mit feuerbeständiger Steinwolle, Dämmschichtdicke 60 mm;8,0;St;gaeb;vom_unternehmen_auszufuellende_dokumente/20260717_SBH_LV_VE1-410-1a.X83
430;Brandschutzbekleidung der Gewindestäbe mit einem Mindestdurchmesser von M8 für Feuerlöschleitungen aus Edelstahl DN 50, mit feuerbeständiger Steinwolle nach DIN 14462, Dämmschichtdicke 80 mm;20,0;St;gaeb;vom_unternehmen_auszufuellende_dokumente/20260717_SBH_LV_VE1-410-1a.X83
440;Brandschutzbekleidung der Gewindestäbe mit einem Mindestdurchmesser von M10 für Feuerlöschleitungen aus Edelstahl DN 65, mit feuerbeständiger Steinwolle nach DIN 14462, Dämmschichtdicke 70 mm;10,0;St;gaeb;vom_unternehmen_auszufuellende_dokumente/20260717_SBH_LV_VE1-410-1a.X83
450;Brandschutzbekleidung der Gewindestäbe mit einem Mindestdurchmesser von M10 für Feuerlöschleitungen aus Edelstahl DN 80, mit feuerbeständiger Steinwolle nach DIN 14462, Dämmschichtdicke 70 mm;80,0;St;gaeb;vom_unternehmen_auszufuellende_dokumente/20260717_SBH_LV_VE1-410-1a.X83
460;R90-Rohrabschottung um nichtbrennbare Rohrleitungen, zur Montage in Massivwänden und leichten Trennwänden sowie in massiven Decken mit entsprechender Feuerwiderstandsklasse, mit allgemeinem bauaufsichtlichen Prüfzeugnis nach DIN 4102-11, Rohrabschottung verhindert für 90 Minuten einen Übertrag von F;6,0;St;gaeb;vom_unternehmen_auszufuellende_dokumente/20260717_SBH_LV_VE1-410-1a.X83
470;R90-Rohrabschottung um nichtbrennbare Rohrleitungen, zur Montage in Massivwänden und leichten Trennwänden sowie in massiven Decken mit entsprechender Feuerwiderstandsklasse, mit allgemeinem bauaufsichtlichen Prüfzeugnis nach DIN 4102-11, Rohrabschottung verhindert für 90 Minuten einen Übertrag von F;2,0;St;gaeb;vom_unternehmen_auszufuellende_dokumente/20260717_SBH_LV_VE1-410-1a.X83
480;R90-Rohrabschottung um nichtbrennbare Rohrleitungen, zur Montage in Massivwänden und leichten Trennwänden sowie in massiven Decken mit entsprechender Feuerwiderstandsklasse, mit allgemeinem bauaufsichtlichen Prüfzeugnis nach DIN 4102-11, Rohrabschottung verhindert für 90 Minuten einen Übertrag von F;9,0;St;gaeb;vom_unternehmen_auszufuellende_dokumente/20260717_SBH_LV_VE1-410-1a.X83
490;R90-Rohrabschottung um nichtbrennbare Rohrleitungen, zur Montage in Massivwänden und leichten Trennwänden sowie in massiven Decken mit entsprechender Feuerwiderstandsklasse, mit allgemeinem bauaufsichtlichen Prüfzeugnis nach DIN 4102-11, Rohrabschottung verhindert für 90 Minuten einen Übertrag von F;2,0;St;gaeb;vom_unternehmen_auszufuellende_dokumente/20260717_SBH_LV_VE1-410-1a.X83
500;U;10,0;m;gaeb;vom_unternehmen_auszufuellende_dokumente/20260717_SBH_LV_VE1-410-1a.X83
510;U;10,0;m;gaeb;vom_unternehmen_auszufuellende_dokumente/20260717_SBH_LV_VE1-410-1a.X83
520;U;90,0;m;gaeb;vom_unternehmen_auszufuellende_dokumente/20260717_SBH_LV_VE1-410-1a.X83
530;Ummantelung aus verzinktem Stahlblech nach;10,0;St;gaeb;vom_unternehmen_auszufuellende_dokumente/20260717_SBH_LV_VE1-410-1a.X83
540;Ummantelung aus verzinktem Stahlblech nach;10,0;St;gaeb;vom_unternehmen_auszufuellende_dokumente/20260717_SBH_LV_VE1-410-1a.X83
550;Ummantelung aus verzinktem Stahlblech nach;40,0;St;gaeb;vom_unternehmen_auszufuellende_dokumente/20260717_SBH_LV_VE1-410-1a.X83
560;Ummantelung aus verzinktem Stahlblech nach;4,0;St;gaeb;vom_unternehmen_auszufuellende_dokumente/20260717_SBH_LV_VE1-410-1a.X83
570;Ummantelung aus verzinktem Stahlblech nach;8,0;St;gaeb;vom_unternehmen_auszufuellende_dokumente/20260717_SBH_LV_VE1-410-1a.X83
580;Ummantelung aus verzinktem Stahlblech nach;20,0;St;gaeb;vom_unternehmen_auszufuellende_dokumente/20260717_SBH_LV_VE1-410-1a.X83
590;Ummantelung aus verzinktem Stahlblech nach;90,0;St;gaeb;vom_unternehmen_auszufuellende_dokumente/20260717_SBH_LV_VE1-410-1a.X83
600;Zertifiziertes, kaltverarbeitbares und lösemittelfreies Kunststoffband-System zur zweilagigen Ganzrohrumhüllung vorgenannter Edelstahl-Löschwasserleitung DN 80 sowie zugehöriger Fittinge bei Verlegung im Erdreich, nach DIN 30672 und DIN EN 12068, Belastungsklasse C-50 oder gem. ISO 21809-3, Typ 12A-;50,0;m²;gaeb;vom_unternehmen_auszufuellende_dokumente/20260717_SBH_LV_VE1-410-1a.X83
610;"Löschwasser-Einspeisearmatur nach DIN 14461-4, hängend, für Anschluss an Löschwasserleitung trocken, DN 80, PN 16 mit drehbarem Innengewinde G 3 A, inkl. Einlaufbogen, inkl. Rückschlagventilen, inkl. Entwässerungshahn, Eingänge gerade G 2 1/2"", Installation im Gebäude, einschl. Befestigungsmittel, B";1,0;St;gaeb;vom_unternehmen_auszufuellende_dokumente/20260717_SBH_LV_VE1-410-1a.X83
620;jedoch stehende Ausführung, ohne Entwässerungshahn;1,0;St;gaeb;vom_unternehmen_auszufuellende_dokumente/20260717_SBH_LV_VE1-410-1a.X83
630;Gemeinsame Frontplatte für zwei Einspeisungen mit Beschriftung, als Aluminiumverbund- oder Edelstahlplatte, inkl. Aussparungen für vier Rohrdurchführungen DN65 Edelstahl,;1,0;St;gaeb;vom_unternehmen_auszufuellende_dokumente/20260717_SBH_LV_VE1-410-1a.X83
640;"Kupplung Storz 75-B mit Innengewinde 2 1/2"", PN 16, Messing, Dichtung Gewinde FKM, Dichtung Storz NBR, Temperaturbereich -15 °C bis +110 °C";4,0;St;gaeb;vom_unternehmen_auszufuellende_dokumente/20260717_SBH_LV_VE1-410-1a.X83
650;Blindkupplung Storz 75-B, Messing, Dichtung NBR, Temperaturbereich -15 °C bis +110 °C, gebohrt für Entleerung von Restwasser, mit Kette, inkl. Anschlussring für Befestigung Kettenanschluss an Storzkupplung;4,0;St;gaeb;vom_unternehmen_auszufuellende_dokumente/20260717_SBH_LV_VE1-410-1a.X83
660;Wandschrank nach DIN 14461-2 für Entnahmearmatur nach DIN 14461-5. Schrank aus verzinktem Stahlblech, gekantet und verschweißt, mit Tür aus verzinktem Stahlblech, mit Verschluss nach DIN 14925 für Hydrantenschlüssel, mit Stangenscharnier angeschlagen, 180° öffnend, einschl. Befestigungsmittel.;2,0;St;gaeb;vom_unternehmen_auszufuellende_dokumente/20260717_SBH_LV_VE1-410-1a.X83
670;jedoch als Einbauschrank in Mauerwerkswände, mit Putzleisten aus stabilem Winkeleisen, Schrankmaße ca. 320 x 420 x 150 mm (B x T x H);4,0;St;gaeb;vom_unternehmen_auszufuellende_dokumente/20260717_SBH_LV_VE1-410-1a.X83
680;"jedoch als Wandschrank für Be- und Entlüftungsventil, Wasseranschlussbohrung unten, Anschlussbohrung Entlüftung oben für Durchführung Edelstahlleitung DN 32, Tür mit Selbstklebefolie-Schild ""Be-/ und Entlüftung für Löschwasserleitung trocken"", Schrankmaße ca. 400 x 500 x 220 mm (B x T x H)";1,0;St;gaeb;vom_unternehmen_auszufuellende_dokumente/20260717_SBH_LV_VE1-410-1a.X83
690;"jedoch als Einbauschrank für Be- und Entlüftungsventil in Mauerwerkswände, mit Putzleisten aus stabilem Winkeleisen, Wasseranschlussbohrung unten, Anschlussbohrung Entlüftung hinten für Durchführung Edelstahlleitung DN 32, Tür mit Selbstklebefolie-Schild ""Be-/ und Entlüftung für Löschwasserleitung t";2,0;St;gaeb;vom_unternehmen_auszufuellende_dokumente/20260717_SBH_LV_VE1-410-1a.X83
700;"Be- und Entlüftungsventil DN 50 aus Kupferlegierung oder Rotguss, Eingang 2"" AG, Abgang 1 1/4"" IG, PN 16, zur Be- und Entlüftung von Löschwassersteigeleitungen entsprechend DIN 14462 mit Kugel aus Kunststoff oder Edelstahl, Entlüftungsleistung 3000 l/min, schließt bei gefluteter Rohrleitung";3,0;St;gaeb;vom_unternehmen_auszufuellende_dokumente/20260717_SBH_LV_VE1-410-1a.X83
710;"Entleerung 1"" als Kugelhahn mit Hebelgriff, aus Messing, mit Blindstopfen";3,0;St;gaeb;vom_unternehmen_auszufuellende_dokumente/20260717_SBH_LV_VE1-410-1a.X83
10;Tragbarer Feuerlöscher DIN EN 3, als Aufladelöscher, mit innenliegender Treibgasflasche, Löschmittel Wasser mit Schaumbildner, Leistungsklasse A und B, 9 LE, Füllmenge 6 l, mit Wandhalter und Befestigungsmaterial für Massivwände aus Beton oder Mauerwerk oder Leichtbauwände.;39,0;St;gaeb;vom_unternehmen_auszufuellende_dokumente/20260717_SBH_LV_VE1-410-1a.X83
20;jedoch ohne Wandhalter, sondern zur Aufstellung in Feuerlöscher-Einbau-Schrank;1,0;St;gaeb;vom_unternehmen_auszufuellende_dokumente/20260717_SBH_LV_VE1-410-1a.X83
30;jedoch in frostsicherer Ausführung;1,0;St;gaeb;vom_unternehmen_auszufuellende_dokumente/20260717_SBH_LV_VE1-410-1a.X83
40;Tragbarer Feuerlöscher DIN EN 3, als Gaslöscher, Löschmittel CO2, Leistungsklasse B, 2 LE, Füllmenge 2 kg, mit Wandhalter und Befestigungsmaterial für Massivwände aus Beton oder Mauerwerk oder Leichtbauwände.;6,0;St;gaeb;vom_unternehmen_auszufuellende_dokumente/20260717_SBH_LV_VE1-410-1a.X83
50;Winkelschild, beidseitiges Brandschutzzeichen F001 gemäß ISO 7010 / ASR 1.3, langnachleuchtend nach DIN 67510, aus Kunststoff, ca. 200 x 200 mm, mit Wandkonsole zur senkrecht abstehenden Montage, einschließlich Befestigungsmaterial;47,0;St;gaeb;vom_unternehmen_auszufuellende_dokumente/20260717_SBH_LV_VE1-410-1a.X83
60;Feuerlöscher-Einbau-Schrank zur Aufnahme von einem vorgenannten Handfeuerlöscher 6l, Schrank aus Edelstahl, mit Tür aus Edelstahl, mind. 90° öffnend, zum Einbau in Mauerwerkswände, mit Putzleisten aus stabilem Winkeleisen, einschl. Befestigungsmittel.;1,0;St;gaeb;vom_unternehmen_auszufuellende_dokumente/20260717_SBH_LV_VE1-410-1a.X83
10;Kernbohrung, Untergrundfläche senkrecht oder waagerecht, aus Stahlbeton, Bohrdurchmesser bis 100 mm, Bohrtiefe über 20 bis 35 cm, in Diamant-Kernbohrtechnik, nass, Ausführung in allen Geschossen, Montagehöhe bis 3,5 m, einschließlich Lösen des Bohrkerns aus dem Gefüge, Entsorgung des Bohrkerns und d;30,0;St;gaeb;vom_unternehmen_auszufuellende_dokumente/20260717_SBH_LV_VE1-410-1a.X83
20;jedoch;5,0;St;gaeb;vom_unternehmen_auszufuellende_dokumente/20260717_SBH_LV_VE1-410-1a.X83
30;jedoch;10,0;St;gaeb;vom_unternehmen_auszufuellende_dokumente/20260717_SBH_LV_VE1-410-1a.X83
40;jedoch;5,0;St;gaeb;vom_unternehmen_auszufuellende_dokumente/20260717_SBH_LV_VE1-410-1a.X83
50;jedoch;5,0;St;gaeb;vom_unternehmen_auszufuellende_dokumente/20260717_SBH_LV_VE1-410-1a.X83
60;jedoch;5,0;St;gaeb;vom_unternehmen_auszufuellende_dokumente/20260717_SBH_LV_VE1-410-1a.X83
70;jedoch;5,0;St;gaeb;vom_unternehmen_auszufuellende_dokumente/20260717_SBH_LV_VE1-410-1a.X83
80;jedoch;5,0;St;gaeb;vom_unternehmen_auszufuellende_dokumente/20260717_SBH_LV_VE1-410-1a.X83
90;jedoch;2,0;St;gaeb;vom_unternehmen_auszufuellende_dokumente/20260717_SBH_LV_VE1-410-1a.X83
100;jedoch;2,0;St;gaeb;vom_unternehmen_auszufuellende_dokumente/20260717_SBH_LV_VE1-410-1a.X83
110;Kernbohrung, Untergrundfläche senkrecht oder waagerecht, aus Mauerwerk KS bzw. MZ NF, Bohrdurchmesser bis 100 mm, Bohrtiefe über 20 bis 35 cm, in Diamant-Kernbohrtechnik, nass, Ausführung in allen Geschossen, Montagehöhe bis 3,5 m, einschließlich Lösen des Bohrkerns aus dem Gefüge, Entsorgung des Bo;20,0;St;gaeb;vom_unternehmen_auszufuellende_dokumente/20260717_SBH_LV_VE1-410-1a.X83
120;jedoch;10,0;St;gaeb;vom_unternehmen_auszufuellende_dokumente/20260717_SBH_LV_VE1-410-1a.X83
130;jedoch;5,0;St;gaeb;vom_unternehmen_auszufuellende_dokumente/20260717_SBH_LV_VE1-410-1a.X83
140;jedoch;5,0;St;gaeb;vom_unternehmen_auszufuellende_dokumente/20260717_SBH_LV_VE1-410-1a.X83
150;jedoch;5,0;St;gaeb;vom_unternehmen_auszufuellende_dokumente/20260717_SBH_LV_VE1-410-1a.X83
160;jedoch;5,0;St;gaeb;vom_unternehmen_auszufuellende_dokumente/20260717_SBH_LV_VE1-410-1a.X83
170;jedoch;5,0;St;gaeb;vom_unternehmen_auszufuellende_dokumente/20260717_SBH_LV_VE1-410-1a.X83
180;jedoch;5,0;St;gaeb;vom_unternehmen_auszufuellende_dokumente/20260717_SBH_LV_VE1-410-1a.X83
190;jedoch;2,0;St;gaeb;vom_unternehmen_auszufuellende_dokumente/20260717_SBH_LV_VE1-410-1a.X83
200;jedoch;2,0;St;gaeb;vom_unternehmen_auszufuellende_dokumente/20260717_SBH_LV_VE1-410-1a.X83
210;Beantragung einer Kernbohrung oder eines Durchbruchs in massive Decken oder Wände vor der Ausführung, Antrag schriftlich in Form eines Formulars einschließlich eines Planausschnittes mit Angabe von Lage, Dimension und Abstandsmaßen bezogen auf Wände und Decken, Übergabe an die Objektüberwachung, Aus;50,0;St;gaeb;vom_unternehmen_auszufuellende_dokumente/20260717_SBH_LV_VE1-410-1a.X83
220;Anzeichnen von Durchbrüchen bzw. Kernbohrungen, die bauseits erstellt werden, in Wände und Decken aus Mauerwerk oder Stahlbeton;50,0;St;gaeb;vom_unternehmen_auszufuellende_dokumente/20260717_SBH_LV_VE1-410-1a.X83
230;Wand- oder Deckendurchbruch oder Kernbohrungen in Mauerwerk und Beton nach Fertigstellung der Installation und Schottung schließen,;400,0;St;gaeb;vom_unternehmen_auszufuellende_dokumente/20260717_SBH_LV_VE1-410-1a.X83
240;jedoch;200,0;St;gaeb;vom_unternehmen_auszufuellende_dokumente/20260717_SBH_LV_VE1-410-1a.X83
250;jedoch;50,0;St;gaeb;vom_unternehmen_auszufuellende_dokumente/20260717_SBH_LV_VE1-410-1a.X83
260;jedoch;10,0;St;gaeb;vom_unternehmen_auszufuellende_dokumente/20260717_SBH_LV_VE1-410-1a.X83
270;wasserfeste Schichtholzplatte als Unterstützungskonstruktion zur Befestigung von Unterputzkörper oder Rohrleitungsbefestigungen an Leichtbau-Ständerwänden oder Vorwandinstallationen, Einbau in die Unterkonstruktion der Leichtbauwände, einschließlich Befestigungsmaterial, Plattenlänge bis 600 mm, Pla;20,0;St;gaeb;vom_unternehmen_auszufuellende_dokumente/20260717_SBH_LV_VE1-410-1a.X83
280;Nachträgliches Abkleben von in diesem Leistungsverzeichnis enthaltenen Komponenten der Sanitärinstallation, wie sanitäre Einrichtungsgegenstände, Accessoires, Armaturen als Schutz vor Staub und Schmutzeinwirkungen, mit reißfester Folie, Klebeband, o.ä., einschl. Entfernen und Entsorgen des Klebeband;50,0;St;gaeb;vom_unternehmen_auszufuellende_dokumente/20260717_SBH_LV_VE1-410-1a.X83
290;Fahrbare Gerüste Auf- und Abbauen, für die Montage der in;4,0;St;gaeb;vom_unternehmen_auszufuellende_dokumente/20260717_SBH_LV_VE1-410-1a.X83
300;Fahrbare Gerüste vorhalten, für die Montage der in diesem Leistungsverzeichnis aufgeführten technischen Anlagen, Aufstellung im Gebäude, Arbeitshöhe über Fußboden über 3,50 bis 6,0 m, Arbeitsfläche nach Wahl des AN in Abhängigkeit der Abmessungen der zu montierenden Komponenten, einschl. Vorhaltung ;12,0;StWo;gaeb;vom_unternehmen_auszufuellende_dokumente/20260717_SBH_LV_VE1-410-1a.X83
310;Mobile Hubarbeitsbühne, als Teleskop-Gelenksteiger oder Scheren-Arbeitsbühne, batteriebetrieben, mit markierungsfreier Bereifung, für die Montage der in diesem Leistungsverzeichnis aufgeführten technischen Anlagen, Aufstellung im Gebäude, Arbeitshöhe über Fußboden über 3,50 bis 8,0 m, Tragkraft;1,0;d;gaeb;vom_unternehmen_auszufuellende_dokumente/20260717_SBH_LV_VE1-410-1a.X83
10;Profilstahlkonstruktion für Stütz-, Hänge- und Tragkonstruktionen, Festpunkte sowie Sonderbefestigungen, die durch bauliche Erfordernisse benötigt werden und durch nicht handelsübliche Befestigungen und Halterungen erbracht werden müssen, maßgerecht einbauen, als Installationsschienensystem, feuerve;600,0;kg;gaeb;vom_unternehmen_auszufuellende_dokumente/20260717_SBH_LV_VE1-410-1a.X83
20;jedoch Montagehöhe über 3,5 m bis 6 m;200,0;kg;gaeb;vom_unternehmen_auszufuellende_dokumente/20260717_SBH_LV_VE1-410-1a.X83
10;Erstellen einer Schilderliste für sämtliche zu beschildernde Anlagen, Komponenten usw., dreizeiliger Text mit bis zu 20 Zeichen als alphanummerischen Code, zur Vorlage bei der Objekt- / Bauüberwachung und zur Abstimmung und Freigabe durch den AG, Anzahl der Schilder ca. 100 Stück.;1,0;St;gaeb;vom_unternehmen_auszufuellende_dokumente/20260717_SBH_LV_VE1-410-1a.X83
20;Bezeichnungsschild aus farblich unterschiedlichem mehrschichtigem Kunststoff auf Trägermaterial Aluminium, Beschriftung ein-, zwei- oder dreizeilig gefräst, Schildergröße Höhe 50 mm, Breite 100 mm, Lettergröße ca. 5 mm, Farben nach Wahl des AG, einschließlich systemgebundener Befestigung mit Spannba;70,0;St;gaeb;vom_unternehmen_auszufuellende_dokumente/20260717_SBH_LV_VE1-410-1a.X83
30;Kennzeichnungen von Leitungen und Kanälen nach dem Durchflussstoff und der Fließrichtung mittels Pfeilen nach DIN 2403, PVC-Streifen, farbig, selbstklebend, als Rollenware, Montage auf der Dämmung bzw. auf unisolierten Leitungen,;150,0;St;gaeb;vom_unternehmen_auszufuellende_dokumente/20260717_SBH_LV_VE1-410-1a.X83
40;Anlagen-Übersichtsplan auf Basis eines Anlagenschemas der Ausführungsplanung, farbig angelegt, auf stabiler und feuchtigkeitsunempfindlicher Platte aufgezogen, wasserdicht laminiert und gerahmt, Aufhängen in der Technikzentrale, einschließlich Wandbefestigung, Größe bis DIN A 0;5,0;St;gaeb;vom_unternehmen_auszufuellende_dokumente/20260717_SBH_LV_VE1-410-1a.X83
10;"abschnitts- bzw. strangweise Dichtheitsprüfung von Trink- und Brauchwasserleitungen, in Abhängigkeit des Baufortschritts, mit Druckluft, gemäß UVV ""Arbeiten an Gasanlagen"" sowie Regelwerk ""Technische Regeln für Gasinstallationen DVGW-TRGI"", einschließlich der hierfür erforderlichen Betriebsstoffe, W";1800,0;m;gaeb;vom_unternehmen_auszufuellende_dokumente/20260717_SBH_LV_VE1-410-1a.X83
20;"Spülen der Trinkwasserleitungen im Gebäude gemäß DIN EN 806-4 nach Inbetriebnahme der Anlage vor Nutzungsaufnahme, Spülen mit Wasser, für Kalt- und Warmwasser jeweils getrennt;";10,0;St;gaeb;vom_unternehmen_auszufuellende_dokumente/20260717_SBH_LV_VE1-410-1a.X83
30;Funktionsprüfung der im vorliegenden Leistungsverzeichnis enthaltenen Wasser- und Abwasseranlagen in folgendem Umfang:;1,0;St;gaeb;vom_unternehmen_auszufuellende_dokumente/20260717_SBH_LV_VE1-410-1a.X83
40;Probebetrieb der im vorliegenden Leistungsverzeichnis enthaltenen Wasser- und Abwasseranlagen nach erfolgreicher Funktionsprüfung und terminlicher Vereinbarung durch die Objekt-/Bauüberwachung, Durchführung gemeinsam mit den beteiligten technischen Gewerken, Laufzeit des Probebetriebes von einem Mon;1,0;St;gaeb;vom_unternehmen_auszufuellende_dokumente/20260717_SBH_LV_VE1-410-1a.X83
50;Untersuchung des Trinkkaltwassers nach der gültigen Trinkwasserverordnung einschließlich der abschließenden hygienisch-gesundheitlichen Bewertung durch ein akkreditiertes Labor. Das Protokoll der amtlichen Untersuchung ist zu übergeben. Die Untersuchung ist nach Abschluss der;20,0;St;gaeb;vom_unternehmen_auszufuellende_dokumente/20260717_SBH_LV_VE1-410-1a.X83
60;jedoch Hygiene-Untersuchung des Trinkwarmwassers, der Nachweis der Legionellenfreiheit ist zu erbringen.;20,0;St;gaeb;vom_unternehmen_auszufuellende_dokumente/20260717_SBH_LV_VE1-410-1a.X83
70;"Inbetriebnahme sowie Prüfung der Feuerlöschanlage ""trocken"", ohne Druckerhöhungsanlage, durch einen Sachkundigen nach DIN 14462:2023-07 Punkt 6, inkl. Durchflussmessung und Prüfung auf Festigkeit und Dichtigkeit mit Wasser. Entleerung der Anlage nach abgeschlossenem Prüfumfang über Schlauchanschluss";2,0;St;gaeb;vom_unternehmen_auszufuellende_dokumente/20260717_SBH_LV_VE1-410-1a.X83
80;Wiederholte Einweisung des Bedienungs- und Wartungspersonals in alle in diesem Leistungsverzeichnis aufgeführten Anlagen, zusätzlich zur einmaligen Einweisung als Nebenleistung nach Punkt 3.5.2 DIN 18381 VOB/C.;2,0;St;gaeb;vom_unternehmen_auszufuellende_dokumente/20260717_SBH_LV_VE1-410-1a.X83
10;Auf Grundlage der Ausführungsplanung und Berechnungen des Auftraggebers sind sofort nach der Übergabe die für die Ausführung erforderlichen Unterlagen für den gesamten im vorliegenden Leistungsverzeichnis beschriebenen Leistungsumfang als Montage- und Werkstattplanung zu erstellen und dem AG zu über;1,0;St;gaeb;vom_unternehmen_auszufuellende_dokumente/20260717_SBH_LV_VE1-410-1a.X83
20;Die Brandschutzdokumentation ist im Vorfeld der behördlichen Abnahmen als separate Unterlage zu erstellen und dem Bauherren zu übergeben.;1,0;St;gaeb;vom_unternehmen_auszufuellende_dokumente/20260717_SBH_LV_VE1-410-1a.X83
30;Auf Grundlage der erstellten und freigegebenen Werkstatt- und Montageplanung, der letztgültigen Ausführungsplanung, der aktuellsten Architekten-Werkpläne und der ausgeführten Leistung sind für den gesamten im vorliegenden Leistungsverzeichnis beschriebenen Leistungsumfang Unterlagen mitzuliefern und;1,0;St;gaeb;vom_unternehmen_auszufuellende_dokumente/20260717_SBH_LV_VE1-410-1a.X83
40;"Erstellen einer Dokumentationsakte gemäß ""Dokumentationsrichtlinie Schadstoffarmut"" digital als Grundlage zur Koordination der entsprechenden Anforderungen an die Schadstoffarmut. Vorlegen und während der Leistungserbringung fortschreiben.";1,0;psch;gaeb;vom_unternehmen_auszufuellende_dokumente/20260717_SBH_LV_VE1-410-1a.X83
10;Stundenverrechnungssatz für Obermonteur;20,0;h;gaeb;vom_unternehmen_auszufuellende_dokumente/20260717_SBH_LV_VE1-410-1a.X83
20;Stundenverrechnungssatz für Monteur;20,0;h;gaeb;vom_unternehmen_auszufuellende_dokumente/20260717_SBH_LV_VE1-410-1a.X83
30;Stundenverrechnungssatz für Helfer;20,0;h;gaeb;vom_unternehmen_auszufuellende_dokumente/20260717_SBH_LV_VE1-410-1a.X83
10;Wartung / Inspektion für die wartungspflichtigen Komponenten der in diesem Leistungsverzeichnis enthaltenen Sanitär- und Feuerlöschanlagen einschließlich direktem Zubehör, gemäß anliegendem Muster, einschließlich aller Nebenkosten, innerhalb der Verjährungszeit für Mängelansprüche.;4,0;St;gaeb;vom_unternehmen_auszufuellende_dokumente/20260717_SBH_LV_VE1-410-1a.X83
