Pos.;Leistung;Menge;Einheit;Quelle;Datei
10;Allgemein:;1,0;pau;gaeb;vom_unternehmen_auszufuellende_dokumente/Ausschreibung 01, Vorgezogene Maßnahmen - Tiefbau und Infrastruktur 1, Leistungsverzeichnis.X83
20;Für das gesamte Bauvorhaben sind gemäß Technischen Vorbemerkungen für alle Teilleistungen (Asphaltfläche, Rohrleitungen, Schächte etc.) Bestandspläne entsprechend DIN 2425 und der geltenden Normen in geeignetem Maßstab nach Abstimmung mit dem AG zu erstellen.;1,0;pau;gaeb;vom_unternehmen_auszufuellende_dokumente/Ausschreibung 01, Vorgezogene Maßnahmen - Tiefbau und Infrastruktur 1, Leistungsverzeichnis.X83
30;Dokumentation gemäß Technischen Vorbemerkungen in 3-facher Ausfertigung in Papierform sowie 1 mal auf Datenträger  für die Baumaßnahme beinhaltet die Beschreibung der Einzelsysteme, Prüfzeugnisse, Materialzeugnisse, Zeichnungen, Statiken und dgl. Die Unterlagen sind rechtzeitig vor der Beantragung d;1,0;pau;gaeb;vom_unternehmen_auszufuellende_dokumente/Ausschreibung 01, Vorgezogene Maßnahmen - Tiefbau und Infrastruktur 1, Leistungsverzeichnis.X83
40;Kosten pro Tag bei Einsatz mit halber Personalstärke;10,0;d;gaeb;vom_unternehmen_auszufuellende_dokumente/Ausschreibung 01, Vorgezogene Maßnahmen - Tiefbau und Infrastruktur 1, Leistungsverzeichnis.X83
50;Kosten pro Tag bei Komplettabzug aufgrund von Unterbrechung;10,0;d;gaeb;vom_unternehmen_auszufuellende_dokumente/Ausschreibung 01, Vorgezogene Maßnahmen - Tiefbau und Infrastruktur 1, Leistungsverzeichnis.X83
10;Bauzaun liefern und um den Bereich des Retentions-bodenfilters, Löschwasserteiches, Trennbauwerks und Absetzbeckens und Sedimentationsanlage aufstellen, vorhalten, versetzen und nach Abschluss der Arbeiten beseitigen. Ausführung als lückenlose Absperrung aus verz. Stahl, 2,00 m hoch, Pfahlabstand ca;360,0;m;gaeb;vom_unternehmen_auszufuellende_dokumente/Ausschreibung 01, Vorgezogene Maßnahmen - Tiefbau und Infrastruktur 1, Leistungsverzeichnis.X83
20;Schaffung einer Durchfahrt im Bauzaun durch z.B. Tor mit einer lichten Breite von min. 3,50 m liefern und in den Bauzaun der Vorposition im Bereich der Zufahrt zum Baufeld aufstellen, für die Dauer der Ausführungsfrist vorhalten und beseitigen.;1,0;Stck;gaeb;vom_unternehmen_auszufuellende_dokumente/Ausschreibung 01, Vorgezogene Maßnahmen - Tiefbau und Infrastruktur 1, Leistungsverzeichnis.X83
30;Die Verkehrsflächen sind ab der Brücke über die Eisenbahn-schienen bis zum Baufeld bei Verschmutzung durch Bau- oder Transportfahrzeuge mittels selbstaufnehmender Kehrmaschine zu reinigen.;1,0;pau;gaeb;vom_unternehmen_auszufuellende_dokumente/Ausschreibung 01, Vorgezogene Maßnahmen - Tiefbau und Infrastruktur 1, Leistungsverzeichnis.X83
40;Verkehrszeichen, retroreflektierend, aus Aluminium, 2 mm stark, Verkehrszeichen nach StVO und VwV-StVO, liefern und an Vierkantrohr 40 x 40 mm montieren, einschließlich Bakenfußplatte, Schilderständer bzw. Recycling-Fuß, zum Einstecken von Vierkantrohr 40 x 40 mm, mit Tragegriffen, Abmessungen: 760 ;4,0;Stck;gaeb;vom_unternehmen_auszufuellende_dokumente/Ausschreibung 01, Vorgezogene Maßnahmen - Tiefbau und Infrastruktur 1, Leistungsverzeichnis.X83
50;"Im Bereich der Einfahrt der Baustelleneinrichtungsfläche, im Bereich des Bauabschnitts I und im Bereich der Lagerfläche Bodenverbesserung sind die Beschilderungen ""Baustellen-zufahrt"" und ""Verschmutzte Fahrbahn"" aufzustellen und  über die Bauzeit des Baufelds I vorzuhalten. Die Beschilderung im Baua";1,0;pau;gaeb;vom_unternehmen_auszufuellende_dokumente/Ausschreibung 01, Vorgezogene Maßnahmen - Tiefbau und Infrastruktur 1, Leistungsverzeichnis.X83
60;Abstecken des Baufeldes, aller Straßen- und Leitungstrassen, Schächte etc. nach Planvorgaben.;1,0;pau;gaeb;vom_unternehmen_auszufuellende_dokumente/Ausschreibung 01, Vorgezogene Maßnahmen - Tiefbau und Infrastruktur 1, Leistungsverzeichnis.X83
70;Überfahrbleche für Baustellen- und Anlieferverkehr aus      Stahl d >= 2,5 cm, Abmessungen min. 3,00 * 2,5 m, entsprechend den Erfordernissen zur Überbrückung von Kanalgräben mit bis zu 2,00 m Breite liefern, einsetzen, gegen Verschieben verankern, nach Bedarf mehrmals umsetzen, und nach Abschluss d;80,0;m²;gaeb;vom_unternehmen_auszufuellende_dokumente/Ausschreibung 01, Vorgezogene Maßnahmen - Tiefbau und Infrastruktur 1, Leistungsverzeichnis.X83
80;Überfahrbleche d >= 2,5 cm vorhalten. Abrechnung erfolgt nach Vorlage der Tagesberichte.;2,0;Mon;gaeb;vom_unternehmen_auszufuellende_dokumente/Ausschreibung 01, Vorgezogene Maßnahmen - Tiefbau und Infrastruktur 1, Leistungsverzeichnis.X83
90;Baustellentoilette liefern und im Bereich des Betriebsgebäudes aufstellen und über die Bauzeit vorhalten und betreiben;1,0;pau;gaeb;vom_unternehmen_auszufuellende_dokumente/Ausschreibung 01, Vorgezogene Maßnahmen - Tiefbau und Infrastruktur 1, Leistungsverzeichnis.X83
10;Bauzaun liefern und um den Bereich der Umfahrung  aufstellen, vorhalten, versetzen und nach Abschluss der Arbeiten beseitigen.;150,0;m;gaeb;vom_unternehmen_auszufuellende_dokumente/Ausschreibung 01, Vorgezogene Maßnahmen - Tiefbau und Infrastruktur 1, Leistungsverzeichnis.X83
20;Schaffung von Durchfahrten im Bauzaun durch z.B. Tor mit einer lichten Breite von min. 3,50 m liefern und in den Bauzaun der Vorposition im Bereich der Zufahrt zum Baufeld aufstellen, für die Dauer der Ausführungsfrist vorhalten und beseitigen.;1,0;Stck;gaeb;vom_unternehmen_auszufuellende_dokumente/Ausschreibung 01, Vorgezogene Maßnahmen - Tiefbau und Infrastruktur 1, Leistungsverzeichnis.X83
30;Die vom AN genutzten Verkehrsflächen sind bei Verschmutzung durch Bau- oder Transportfahrzeuge mittels selbstaufnehmender Kehrmaschine zu reinigen.;1,0;pau;gaeb;vom_unternehmen_auszufuellende_dokumente/Ausschreibung 01, Vorgezogene Maßnahmen - Tiefbau und Infrastruktur 1, Leistungsverzeichnis.X83
40;Verkehrszeichen, retroreflektierend, aus Aluminium, 2 mm stark, Verkehrszeichen nach StVO und VwV-StVO, liefern und an Vierkantrohr 40 x 40 mm montieren, einschließlich Bakenfußplatte, Schilderständer bzw. Recycling-Fuß, zum Einstecken von Vierkantrohr 40 x 40 mm, mit Tragegriffen, Abmessungen: 760 ;2,0;Stck;gaeb;vom_unternehmen_auszufuellende_dokumente/Ausschreibung 01, Vorgezogene Maßnahmen - Tiefbau und Infrastruktur 1, Leistungsverzeichnis.X83
50;"Im Bereich der nördlichen Umfahrung (Bauabschnitt II) sind die Beschilderungen ""Baustellenzufahrt"" und ""Verschmutzte Fahrbahn"" aufzustellen, über die Bauzeit des Bauabschnitts II vorzuhalten. Die Beschilderung ist nach Abschluss der Maßnahmen im Bauabschnitt II abzubauen.";1,0;pau;gaeb;vom_unternehmen_auszufuellende_dokumente/Ausschreibung 01, Vorgezogene Maßnahmen - Tiefbau und Infrastruktur 1, Leistungsverzeichnis.X83
60;Abstecken des Baufeldes, aller Straßen- und Leitungstrassen, Schächte etc. nach Planvorgaben.;1,0;pau;gaeb;vom_unternehmen_auszufuellende_dokumente/Ausschreibung 01, Vorgezogene Maßnahmen - Tiefbau und Infrastruktur 1, Leistungsverzeichnis.X83
70;Überfahrbleche für Baustellen- und Anlieferverkehr aus Stahl;60,0;m2;gaeb;vom_unternehmen_auszufuellende_dokumente/Ausschreibung 01, Vorgezogene Maßnahmen - Tiefbau und Infrastruktur 1, Leistungsverzeichnis.X83
80;Überfahrbleche d >= 2,5 cm vorhalten;2,0;Mon;gaeb;vom_unternehmen_auszufuellende_dokumente/Ausschreibung 01, Vorgezogene Maßnahmen - Tiefbau und Infrastruktur 1, Leistungsverzeichnis.X83
10;Abdeckung der Bodenmieten mit zu liefernden PE Gewebeplanen GRK 3;1500,0;m²;gaeb;vom_unternehmen_auszufuellende_dokumente/Ausschreibung 01, Vorgezogene Maßnahmen - Tiefbau und Infrastruktur 1, Leistungsverzeichnis.X83
20;PE-Gewebeplanen der Vorposition über die gesamte Bauzeit von 68 Wochen vorhalten, sichern, überprüfen und nach Abschluss der Arbeiten abbauen;68,0;Wo;gaeb;vom_unternehmen_auszufuellende_dokumente/Ausschreibung 01, Vorgezogene Maßnahmen - Tiefbau und Infrastruktur 1, Leistungsverzeichnis.X83
30;Durchführung der Bodenverbesserung mit Kalk auf definiertem Probefeld, um die Wirksamkeit und Eignung des Kalkes für die Bodenverbesserung in verschiedenen Bodenzusammen-setzungen und Kalkverhältnissen unter den gegebenen Bedingungen zu überprüfen;1,0;pau;gaeb;vom_unternehmen_auszufuellende_dokumente/Ausschreibung 01, Vorgezogene Maßnahmen - Tiefbau und Infrastruktur 1, Leistungsverzeichnis.X83
40;Hydraulisches Bindemittel aus bspw. Feinkalk 80-iger Körnung  oder vergleichbar, gemäß DIN 459 zum Mischen mittels Compaktorschaufel, oder erstellten Aufbereitungsfeldern zum Einfräsen liefern.;1860,0;t;gaeb;vom_unternehmen_auszufuellende_dokumente/Ausschreibung 01, Vorgezogene Maßnahmen - Tiefbau und Infrastruktur 1, Leistungsverzeichnis.X83
50;Bodenverbesserung des ausgehobenen und auf Miete gesetzen Materials.;23000,0;m³;gaeb;vom_unternehmen_auszufuellende_dokumente/Ausschreibung 01, Vorgezogene Maßnahmen - Tiefbau und Infrastruktur 1, Leistungsverzeichnis.X83
60;Im Bodenzwischenlager auf Miete gesetzes Material aus der Miete lösen, aufnehmen, laden, transportieren und auf der Lager- und Aufbereitsfläche Sicherungsbauwerk zur Aufbereitung abladen sowie auf Miete setzen.;7300,0;m³;gaeb;vom_unternehmen_auszufuellende_dokumente/Ausschreibung 01, Vorgezogene Maßnahmen - Tiefbau und Infrastruktur 1, Leistungsverzeichnis.X83
70;Obere Bodenschicht, bestehend aus Auffüllung (S, G, U, H) und Vegetationsresten, gemäß DIN 18915 im Bereich des Baufeldes abschieben und lösen, laden, innerhalb des Geländes des AWZ transportieren und auf einer durch den AG benannten Fläche kostenfrei abladen und auf Miete setzen.;975,0;m³;gaeb;vom_unternehmen_auszufuellende_dokumente/Ausschreibung 01, Vorgezogene Maßnahmen - Tiefbau und Infrastruktur 1, Leistungsverzeichnis.X83
80;Das Planum im Bereich der Aufbereitungs- und Lagerflächen für Bodenmaterial zur Bodenverbesserung ist gemäß ZTV E-StB 17 und;5800,0;m²;gaeb;vom_unternehmen_auszufuellende_dokumente/Ausschreibung 01, Vorgezogene Maßnahmen - Tiefbau und Infrastruktur 1, Leistungsverzeichnis.X83
10;Feststellung und Ortung von vorhandenen Elektrokabeln und Leitungen durch Ortungsgerät, z. B. DIGICAT 200 der Firma Leica Geosystem, bis in eine Tiefe von min. 4 m im gesamten Trassenverlauf geplanter Rohrleitungen und Elektrokabel etc. in einer Breite von min. 2,0 m beiderseits der Trassen;1,0;pau;gaeb;vom_unternehmen_auszufuellende_dokumente/Ausschreibung 01, Vorgezogene Maßnahmen - Tiefbau und Infrastruktur 1, Leistungsverzeichnis.X83
20;Schurf mit Beginn der Baumaßnahme als Suchgraben zur Feststellung der Lage von Leitungen, Elektrokabeln etc. in Abstim- mung mit dem AG herstellen;5,0;Stck;gaeb;vom_unternehmen_auszufuellende_dokumente/Ausschreibung 01, Vorgezogene Maßnahmen - Tiefbau und Infrastruktur 1, Leistungsverzeichnis.X83
30;Schurf mit Beginn der Baumaßnahme als Suchgraben zur Feststellung der Lage von Leitungen, Elektrokabeln etc. in Abstim- mung mit dem AG herstellen;5,0;Stck;gaeb;vom_unternehmen_auszufuellende_dokumente/Ausschreibung 01, Vorgezogene Maßnahmen - Tiefbau und Infrastruktur 1, Leistungsverzeichnis.X83
40;Vor dem Sichern der Leitungen erfolgt das Freilegen der zu sichernden Bestandsleitungen, Kabel und Rohre. Das Freilegen erfolgt bis zu einer Tiefe von 4,00 m. Nach erfolgreicher Ortung sind die zuvor genannten Bestandsleitungen, -kabel und -rohre bis 20 cm über dem Scheitel maschinell auszuheben. An;5,0;Stck;gaeb;vom_unternehmen_auszufuellende_dokumente/Ausschreibung 01, Vorgezogene Maßnahmen - Tiefbau und Infrastruktur 1, Leistungsverzeichnis.X83
50;Auf dem Baugelände vorhandene Rohrleitungen (DN 80 - DN 500), Energiekabel u.ä. während den Erdarbeiten entweder quer zum Graben/Baugrube oder entlang des Grabens/Baugrube auf der Gesamtlänge der jeweiligen zu schützenden Leitung in gleichmäßigen Abständen von je 3 m schützen und sichern.;5,0;Stck;gaeb;vom_unternehmen_auszufuellende_dokumente/Ausschreibung 01, Vorgezogene Maßnahmen - Tiefbau und Infrastruktur 1, Leistungsverzeichnis.X83
60;Frostschutzmaterial für Straßen der  Bauklassen 10 nach ZTV SoB-StB 20 herstellen und zur Erweiterung der Zufahrt im Bereich des Schlammfangs einbauen und verdichten;65,0;m³;gaeb;vom_unternehmen_auszufuellende_dokumente/Ausschreibung 01, Vorgezogene Maßnahmen - Tiefbau und Infrastruktur 1, Leistungsverzeichnis.X83
70;Zufahrtstraßenerweiterung bis zur Asphaltierung der Zufahrtstraße vorhalten, mit Frostschutzmaterial ausbessern und verdichten;1,0;pau;gaeb;vom_unternehmen_auszufuellende_dokumente/Ausschreibung 01, Vorgezogene Maßnahmen - Tiefbau und Infrastruktur 1, Leistungsverzeichnis.X83
80;Niederschlags- und Schichtenwasser ist im Bereich der Baugruben für die Sedimentationsanlage dem Löschwasserteich, dem Retentionsbodenfilter, dem Trennbauwerk, dem Absetzbecken und allen weiteren Baugruben in den Tiefpunkten zu fassen, in einem gut ausgefilterten Pumpensumpf zu sammeln und mit Hilfe;4,0;Stck;gaeb;vom_unternehmen_auszufuellende_dokumente/Ausschreibung 01, Vorgezogene Maßnahmen - Tiefbau und Infrastruktur 1, Leistungsverzeichnis.X83
90;Wasserhaltung Baugruben betreiben;13,0;Wo;gaeb;vom_unternehmen_auszufuellende_dokumente/Ausschreibung 01, Vorgezogene Maßnahmen - Tiefbau und Infrastruktur 1, Leistungsverzeichnis.X83
100;Niederschlags- und Schichtenwasser ist im Bereich der Grünfläche und in den Gräben von Ver- und Entsorgungsleitungen in den Tiefpunkten zu fassen, in einem gut ausgefilterten Pumpensumpf zu sammeln und mit Hilfe einer Schmutzwassertauchpumpe über eine Länge von ca. 1;1,0;pau;gaeb;vom_unternehmen_auszufuellende_dokumente/Ausschreibung 01, Vorgezogene Maßnahmen - Tiefbau und Infrastruktur 1, Leistungsverzeichnis.X83
110;Wasserhaltung für Niederschlags- und Schichtenwasser im Bereich der Grünfläche betreiben;13,0;Wo;gaeb;vom_unternehmen_auszufuellende_dokumente/Ausschreibung 01, Vorgezogene Maßnahmen - Tiefbau und Infrastruktur 1, Leistungsverzeichnis.X83
120;Absperrblase DN 100 - DN 200 in den Zuläufen der Bestandsschächte,  liefern, setzen, umsetzen und betreiben.;1,0;Stck;gaeb;vom_unternehmen_auszufuellende_dokumente/Ausschreibung 01, Vorgezogene Maßnahmen - Tiefbau und Infrastruktur 1, Leistungsverzeichnis.X83
130;Absperrblase DN 200 - DN 500 in den Zuläufen der Bestandsschächte,  liefern, setzen, umsetzen und betreiben.;7,0;Stck;gaeb;vom_unternehmen_auszufuellende_dokumente/Ausschreibung 01, Vorgezogene Maßnahmen - Tiefbau und Infrastruktur 1, Leistungsverzeichnis.X83
140;Vor dem Sichern der Leitungen erfolgt das Freilegen der zu sichernden Bestandsleitungen, Kabel und Rohre. Das Freilegen erfolgt bis zu einer Tiefe von 6,00 m. Nach erfolgreicher Ortung sind die zuvor genannten Bestandsleitungen, -kabel und -rohre bis 20 cm über dem Scheitel maschinell auszuheben. An;23,0;Stck;gaeb;vom_unternehmen_auszufuellende_dokumente/Ausschreibung 01, Vorgezogene Maßnahmen - Tiefbau und Infrastruktur 1, Leistungsverzeichnis.X83
150;Im Bereich des RHB 1 die vorhandene Sickerwasserleitung während den Erdarbeiten entweder quer zum Graben/Baugrube oder entlang des Grabens/Baugrube auf der Gesamtlänge der jeweiligen zu schützenden Leitung in gleichmäßigen Abständen von je 3 m schützen und sichern.;5,0;Stck;gaeb;vom_unternehmen_auszufuellende_dokumente/Ausschreibung 01, Vorgezogene Maßnahmen - Tiefbau und Infrastruktur 1, Leistungsverzeichnis.X83
160;Im Bereich des RHB 1 die vorhandene Gasleitung DN 75 während den Erdarbeiten quer zum Graben/Baugrube schützen und sichern.;2,0;Stck;gaeb;vom_unternehmen_auszufuellende_dokumente/Ausschreibung 01, Vorgezogene Maßnahmen - Tiefbau und Infrastruktur 1, Leistungsverzeichnis.X83
170;Im Bereich des RHB 1 das vorhandene Stahlschutzrohr DN 200 während den Erdarbeiten quer zum Graben/Baugrube schützen und sichern.;10,0;Stck;gaeb;vom_unternehmen_auszufuellende_dokumente/Ausschreibung 01, Vorgezogene Maßnahmen - Tiefbau und Infrastruktur 1, Leistungsverzeichnis.X83
180;Im Bereich des RHB 1 die vorhandene Gasleitung da 100 während den Erdarbeiten quer zum Graben/Baugrube schützen und sichern.;2,0;Stck;gaeb;vom_unternehmen_auszufuellende_dokumente/Ausschreibung 01, Vorgezogene Maßnahmen - Tiefbau und Infrastruktur 1, Leistungsverzeichnis.X83
190;Im Bereich des RHB 1 die vorhandene Gasleitung da 90 während den Erdarbeiten quer zum Graben/Baugrube schützen und sichern.;1,0;Stck;gaeb;vom_unternehmen_auszufuellende_dokumente/Ausschreibung 01, Vorgezogene Maßnahmen - Tiefbau und Infrastruktur 1, Leistungsverzeichnis.X83
200;Im Bereich der neu geplanten Entwässerungsmulde das vorhandene Betonrohr DN 300 während den Erdarbeiten quer zum Graben schützen und sichern.;1,0;Stck;gaeb;vom_unternehmen_auszufuellende_dokumente/Ausschreibung 01, Vorgezogene Maßnahmen - Tiefbau und Infrastruktur 1, Leistungsverzeichnis.X83
210;Bei den Arbeiten am Löschwasserteich und dem Pumpenschacht ist der angrenzende Bestandsschacht vor dem Abrutschen in die Baugruben mit dafür geeigneten Maßnahmen zu schützen.;1,0;Stck;gaeb;vom_unternehmen_auszufuellende_dokumente/Ausschreibung 01, Vorgezogene Maßnahmen - Tiefbau und Infrastruktur 1, Leistungsverzeichnis.X83
220;Gemäß der technischen Vorbemerkungen, sind Bohrungen DN 50 zur Durchführung für 3 Energiekabel sowie ein LWL-Kabel durch die südlichen Fassade der Kompostierungsanlage zu erstellen.;3,0;Stck;gaeb;vom_unternehmen_auszufuellende_dokumente/Ausschreibung 01, Vorgezogene Maßnahmen - Tiefbau und Infrastruktur 1, Leistungsverzeichnis.X83
10;Bituminös befestigte Flächen wie folgt schneiden:;210,0;m;gaeb;vom_unternehmen_auszufuellende_dokumente/Ausschreibung 01, Vorgezogene Maßnahmen - Tiefbau und Infrastruktur 1, Leistungsverzeichnis.X83
20;Bituminöse Befestigung, bestehend aus;110,0;m²;gaeb;vom_unternehmen_auszufuellende_dokumente/Ausschreibung 01, Vorgezogene Maßnahmen - Tiefbau und Infrastruktur 1, Leistungsverzeichnis.X83
30;Bituminöse Befestigung im Bereich des bestehenden Kompostlagers, bestehend aus Asphaltbeton und bit. Tragschicht, fräsen, laden,;1400,0;m²;gaeb;vom_unternehmen_auszufuellende_dokumente/Ausschreibung 01, Vorgezogene Maßnahmen - Tiefbau und Infrastruktur 1, Leistungsverzeichnis.X83
40;Verkehrsschild einschl. Pfosten aus Aluminium, Durchmesser 60 mm, Länge der Pfosten bis ca. 3,5 m, einschließlich Betonfundament ausbauen. Leistung einschl. aller Erdarbeiten zum Freilegen des Fundaments und Wiederverfüllung des Fundamentlochs mit aufbereitetem Material. Betonfundament von Rohrpfost;7,0;Stck;gaeb;vom_unternehmen_auszufuellende_dokumente/Ausschreibung 01, Vorgezogene Maßnahmen - Tiefbau und Infrastruktur 1, Leistungsverzeichnis.X83
50;Schild Kompostwerk aufnehmen und außerhalb des Baufelds versetzen einschl. beider Pfosten aus Aluminium, Durchmesser 60 mm, Länge der Pfosten bis ca. 1,25 m, einschließlich Betonfundament ausbauen. Leistung einschl. aller Erdarbeiten zum Freilegen des Fundaments und Wiederverfüllung des Fundamentloc;1,0;Stck;gaeb;vom_unternehmen_auszufuellende_dokumente/Ausschreibung 01, Vorgezogene Maßnahmen - Tiefbau und Infrastruktur 1, Leistungsverzeichnis.X83
60;Schächte aus Stahlbeton, bis DN 1200, Tiefe ca. 3,75 m,  bestehend aus Schachtdeckel, Schachtkonus und Schachtringe einschl. Einstieg bis zu einer Tiefe von geplanter GOK 1,50 m komplett abbrechen, aufnehmen,;2,0;Stck;gaeb;vom_unternehmen_auszufuellende_dokumente/Ausschreibung 01, Vorgezogene Maßnahmen - Tiefbau und Infrastruktur 1, Leistungsverzeichnis.X83
70;PEHD-Rohr da 355 vom bestehenden Sandfang bis zum Spül- und Kontrollschacht 2 über die;150,0;m;gaeb;vom_unternehmen_auszufuellende_dokumente/Ausschreibung 01, Vorgezogene Maßnahmen - Tiefbau und Infrastruktur 1, Leistungsverzeichnis.X83
80;Im Bereich des RHB 1 (Haltung RW 15 - RW 16) das vorhandene und teilabgebrochene Betonrohr DN 500 bis zum RW 16 verpressen.;45,0;m;gaeb;vom_unternehmen_auszufuellende_dokumente/Ausschreibung 01, Vorgezogene Maßnahmen - Tiefbau und Infrastruktur 1, Leistungsverzeichnis.X83
90;PEHD-Rohr da 355 vom bestehenden Sandfang bis zum Spül- und Kontrollschacht 2 über die;30,0;m;gaeb;vom_unternehmen_auszufuellende_dokumente/Ausschreibung 01, Vorgezogene Maßnahmen - Tiefbau und Infrastruktur 1, Leistungsverzeichnis.X83
100;PEHD-Rohr DN 80 im Schlammfang sowie am Schacht mittels aufgeschweißter Endkappe oder Spachtelmasse verschließen;2,0;Stck;gaeb;vom_unternehmen_auszufuellende_dokumente/Ausschreibung 01, Vorgezogene Maßnahmen - Tiefbau und Infrastruktur 1, Leistungsverzeichnis.X83
110;Rohre aus PVC bis DN 200 einschließlich aller Formstücke, bisherige Nutzung als Trinkwasserleitung, Entwässerungsleitung, Kabelleerrohr des Standortes;110,0;m;gaeb;vom_unternehmen_auszufuellende_dokumente/Ausschreibung 01, Vorgezogene Maßnahmen - Tiefbau und Infrastruktur 1, Leistungsverzeichnis.X83
120;Der Rückbau der DN 500 Betonrohre erfolgt im Zuge des Neubaus des Rohrleitungsnetzes.;100,0;m;gaeb;vom_unternehmen_auszufuellende_dokumente/Ausschreibung 01, Vorgezogene Maßnahmen - Tiefbau und Infrastruktur 1, Leistungsverzeichnis.X83
130;Rückbau Pumpe Schlammfang;1,0;pau;gaeb;vom_unternehmen_auszufuellende_dokumente/Ausschreibung 01, Vorgezogene Maßnahmen - Tiefbau und Infrastruktur 1, Leistungsverzeichnis.X83
140;Schacht OW 18/RW15 aus Stahlbeton, bis DN 1500, Tiefe ca. 3,45 m, bestehend aus Schachtunterteil, Schachtringen, Schachtabdeckung einschl. Einstieg und Steigbügeln gem. Lageplan Bestand, Zeichnungs-Nr.: P19-037-5-L-03.V komplett abbrechen,;1,0;Stck;gaeb;vom_unternehmen_auszufuellende_dokumente/Ausschreibung 01, Vorgezogene Maßnahmen - Tiefbau und Infrastruktur 1, Leistungsverzeichnis.X83
150;Vor dem Abbruch des unteririschen Bauwerks ist dieses zu reinigen.;1,0;pau;gaeb;vom_unternehmen_auszufuellende_dokumente/Ausschreibung 01, Vorgezogene Maßnahmen - Tiefbau und Infrastruktur 1, Leistungsverzeichnis.X83
160;Stahlbetonabbruch des bestehenden Sandfangs unterhalb des bestehenden Ast- und Strauchschnittlagers gem. Lageplan Bestand, Zeichnungs-Nr.: P19-037-5-L-03.V,;1,0;Stck;gaeb;vom_unternehmen_auszufuellende_dokumente/Ausschreibung 01, Vorgezogene Maßnahmen - Tiefbau und Infrastruktur 1, Leistungsverzeichnis.X83
170;Einbauteile des Sandfangs komplett rückbauen bzw. abbrechen. Alle Materialien gehen in Eigentum des AN über, sind abzutransportieren und ordnungsgemäß zu verwerten.;1,0;pau;gaeb;vom_unternehmen_auszufuellende_dokumente/Ausschreibung 01, Vorgezogene Maßnahmen - Tiefbau und Infrastruktur 1, Leistungsverzeichnis.X83
180;Schächte im Bereich des neu geplanten Kleinanliefererplatzes  und im Bereich der Zufahrt aus Stahlbeton,  DN 1000 bis DN 1500, Tiefe ca. 1,28 m bis 3,45 m, bestehend aus Schachtunterteil, Schachtringen, Schachtabdeckung einschl. Einstieg und Steigbügeln gem. Lageplan Bestand, Zeichnungs-Nr.: P19-037;5,0;Stck;gaeb;vom_unternehmen_auszufuellende_dokumente/Ausschreibung 01, Vorgezogene Maßnahmen - Tiefbau und Infrastruktur 1, Leistungsverzeichnis.X83
190;In Kabelleerrohre verlegte Elektro- und Datenleitungen freischalten und im Bereich des Bauabschnitts 1 ziehen bzw. rückbauen.;200,0;m;gaeb;vom_unternehmen_auszufuellende_dokumente/Ausschreibung 01, Vorgezogene Maßnahmen - Tiefbau und Infrastruktur 1, Leistungsverzeichnis.X83
200;Vorhandenen Straßenablauf einschließlich Aufsatz vollständig ausbauen. Anschlussleitungen, die bestehen bleiben, abdichten. Erdarbeiten, ausführen. Straßenablauf aus Betonfertigteilen, Ausbautiefe ab OK Aufsatz ca. 1,25 m. Straßenablauf liegt in Asphaltfläche. Aufbruch und Erdarbeiten ausführen. Säm;2,0;Stck;gaeb;vom_unternehmen_auszufuellende_dokumente/Ausschreibung 01, Vorgezogene Maßnahmen - Tiefbau und Infrastruktur 1, Leistungsverzeichnis.X83
210;Vorhandenen Kanalschacht an neue Asphalthöhe (Höhen-unterschied h= ca. 18 cm) anpassen;1,0;Stck;gaeb;vom_unternehmen_auszufuellende_dokumente/Ausschreibung 01, Vorgezogene Maßnahmen - Tiefbau und Infrastruktur 1, Leistungsverzeichnis.X83
220;Vorhandener Kanalschacht an neue Asphalthöhe (Höhen-unterschied h= ca. 2 cm) anpassen;1,0;Stck;gaeb;vom_unternehmen_auszufuellende_dokumente/Ausschreibung 01, Vorgezogene Maßnahmen - Tiefbau und Infrastruktur 1, Leistungsverzeichnis.X83
230;Vorhandener Kanalschacht RW 12.1 an neue Geländeoberkante  (Höhenunterschied h= ca. 1,78 m) anpassen;1,0;Stck;gaeb;vom_unternehmen_auszufuellende_dokumente/Ausschreibung 01, Vorgezogene Maßnahmen - Tiefbau und Infrastruktur 1, Leistungsverzeichnis.X83
240;Vorhandener Kanalschacht RW 9.1 an neue Asphalthöhe (Höhenunterschied h= ca. 58 cm) anpassen;1,0;Stck;gaeb;vom_unternehmen_auszufuellende_dokumente/Ausschreibung 01, Vorgezogene Maßnahmen - Tiefbau und Infrastruktur 1, Leistungsverzeichnis.X83
250;Vorhandene Kabelzugschächte an neue Asphalthöhe (Höhen-unterschied h= ca. 15 cm) anpassen;1,0;Stck;gaeb;vom_unternehmen_auszufuellende_dokumente/Ausschreibung 01, Vorgezogene Maßnahmen - Tiefbau und Infrastruktur 1, Leistungsverzeichnis.X83
260;Bordsteine aus Beton, Hochbordsteine H 150 x 300 mm, Rundbordsteine R 150 x 220 mm, Tiefborde T 100 x 300 mm und T 80 x 300 mm aus Beton inkl. Unterbau aus Beton in Teilstücken aufnehmen, laden,;45,0;m;gaeb;vom_unternehmen_auszufuellende_dokumente/Ausschreibung 01, Vorgezogene Maßnahmen - Tiefbau und Infrastruktur 1, Leistungsverzeichnis.X83
270;Rückbau Rinne (Kleinanliefererplatz);52,0;m;gaeb;vom_unternehmen_auszufuellende_dokumente/Ausschreibung 01, Vorgezogene Maßnahmen - Tiefbau und Infrastruktur 1, Leistungsverzeichnis.X83
280;Zweizeilige Läuferzeile aus Betonsteinen 16/16/14 bzw. 24/16/14 cm inkl. Unterbau aus Beton, Lage entlang von Borden in Teilstücken aufnehmen, laden,;45,0;m;gaeb;vom_unternehmen_auszufuellende_dokumente/Ausschreibung 01, Vorgezogene Maßnahmen - Tiefbau und Infrastruktur 1, Leistungsverzeichnis.X83
290;Betonpflaster in Teilstücken aufnehmen, laden und;12,0;m²;gaeb;vom_unternehmen_auszufuellende_dokumente/Ausschreibung 01, Vorgezogene Maßnahmen - Tiefbau und Infrastruktur 1, Leistungsverzeichnis.X83
300;Im Bereich des Einlaufs des RHB 1 ist das Einlaufbauwerk zurückzubauen.;1,0;pau;gaeb;vom_unternehmen_auszufuellende_dokumente/Ausschreibung 01, Vorgezogene Maßnahmen - Tiefbau und Infrastruktur 1, Leistungsverzeichnis.X83
10;Obere Bodenschicht, bestehend aus Auffüllung (S, G, U, H) und Vegetationsresten, gemäß DIN 18915 im Bereich des Baufeldes abschieben und lösen, laden, innerhalb des Geländes des AWZ transportieren und auf einer durch den AG benannten Fläche kostenfrei abladen und auf Miete setzen.;3000,0;m³;gaeb;vom_unternehmen_auszufuellende_dokumente/Ausschreibung 01, Vorgezogene Maßnahmen - Tiefbau und Infrastruktur 1, Leistungsverzeichnis.X83
20;Bodenaushub im Bereich der Verkehrs- und Lagerfläche des Kleinanliefererplatzes aufnehmen und auf den ausgewiesenen Aufbereitungsflächen auf Miete setzen;450,0;m³;gaeb;vom_unternehmen_auszufuellende_dokumente/Ausschreibung 01, Vorgezogene Maßnahmen - Tiefbau und Infrastruktur 1, Leistungsverzeichnis.X83
30;Das Erdbauplanum im Bereich der Verkehrs- und Lagerflächen des Kleinanlieferplatzes ist gemäß ZTV E-StB 17 und;4225,0;m²;gaeb;vom_unternehmen_auszufuellende_dokumente/Ausschreibung 01, Vorgezogene Maßnahmen - Tiefbau und Infrastruktur 1, Leistungsverzeichnis.X83
40;Bodenaushub im Bereich der Verkehrs- und Lagerfläche des Kleinanliefererplatzes für die Bodenverbesserungsmaßnahme aufnehmen und auf Miete setzen;720,0;m³;gaeb;vom_unternehmen_auszufuellende_dokumente/Ausschreibung 01, Vorgezogene Maßnahmen - Tiefbau und Infrastruktur 1, Leistungsverzeichnis.X83
50;Hydraulisches Bindemittel aus bspw. Feinkalk 80-iger Körnung  oder vergleichbar, gemäß DIN 459 liefern und zur Einarbeitung in den anstehenden Boden mittels Kalken vorbereiten.;65,0;t;gaeb;vom_unternehmen_auszufuellende_dokumente/Ausschreibung 01, Vorgezogene Maßnahmen - Tiefbau und Infrastruktur 1, Leistungsverzeichnis.X83
60;Das in der Vorposition gelieferte hydraulische Bindemittel ist im Bereich der Verkehrs- und Lagerflächen des Kleinanliefererplatzes gleichmäßig und im korrekten Verhältnis zu verteilen.;720,0;m³;gaeb;vom_unternehmen_auszufuellende_dokumente/Ausschreibung 01, Vorgezogene Maßnahmen - Tiefbau und Infrastruktur 1, Leistungsverzeichnis.X83
70;Aufbereitetes Bodenmaterial gemäß DIN 18300 für die Herstellung des Bodenaustausches im Bereich des Kleinanliefererplatzes, von der Miete mit aufbereitetem Material lösen, laden und im Baufeld transportieren, lagenweise, einbauen und gemäß ZTV E-StB 17  fachgerecht verdichten.;720,0;m³;gaeb;vom_unternehmen_auszufuellende_dokumente/Ausschreibung 01, Vorgezogene Maßnahmen - Tiefbau und Infrastruktur 1, Leistungsverzeichnis.X83
80;Aufbereitetes Bodenmaterial gemäß DIN 18300 für die Herstellung des Bodenauftrags im Bereich des Kleinanliefererplatzes, von der Miete mit aufbereitetem Material lösen, laden und im Baufeld transportieren, lagenweise, einbauen und gemäß ZTV E-StB 17  fachgerecht verdichten.;425,0;m³;gaeb;vom_unternehmen_auszufuellende_dokumente/Ausschreibung 01, Vorgezogene Maßnahmen - Tiefbau und Infrastruktur 1, Leistungsverzeichnis.X83
90;Bodenaushub;300,0;m³;gaeb;vom_unternehmen_auszufuellende_dokumente/Ausschreibung 01, Vorgezogene Maßnahmen - Tiefbau und Infrastruktur 1, Leistungsverzeichnis.X83
100;Bodenaushub im Bereich der Kompostlagerfläche aufnehmen und auf Miete setzen;400,0;m³;gaeb;vom_unternehmen_auszufuellende_dokumente/Ausschreibung 01, Vorgezogene Maßnahmen - Tiefbau und Infrastruktur 1, Leistungsverzeichnis.X83
110;Das Grobplanum im Bereich der;3675,0;m²;gaeb;vom_unternehmen_auszufuellende_dokumente/Ausschreibung 01, Vorgezogene Maßnahmen - Tiefbau und Infrastruktur 1, Leistungsverzeichnis.X83
120;Bodenaushub zur Bodenverbesserung im Bereich der Kompostlagerfläche aufnehmen und auf Miete setzen;925,0;m³;gaeb;vom_unternehmen_auszufuellende_dokumente/Ausschreibung 01, Vorgezogene Maßnahmen - Tiefbau und Infrastruktur 1, Leistungsverzeichnis.X83
130;Hydraulisches Bindemittel aus bspw. Feinkalk 80-iger Körnung  oder vergleichbar, gemäß DIN 459 liefern und zur Einarbeitung in den anstehenden Boden mittels Kalken vorbereiten.;82,0;t;gaeb;vom_unternehmen_auszufuellende_dokumente/Ausschreibung 01, Vorgezogene Maßnahmen - Tiefbau und Infrastruktur 1, Leistungsverzeichnis.X83
140;Das in der Vorposition gelieferte hydraulische Bindemittel ist im Bereich der Kompostlagerfläche gleichmäßig und im korrekten Verhältnis zu verteilen.;925,0;m³;gaeb;vom_unternehmen_auszufuellende_dokumente/Ausschreibung 01, Vorgezogene Maßnahmen - Tiefbau und Infrastruktur 1, Leistungsverzeichnis.X83
150;Aufbereitetes Bodenmaterial gemäß DIN 18300 zur Herstellung des Bodenaustausches und Profilierung im Bereich der Kompostlagerfläche, von der Miete mit aufbereitetem Material lösen, laden und im Baufeld transportieren, lageweise einbauen und gemäß ZTV E-StB 17  fachgerecht verdichten;925,0;m³;gaeb;vom_unternehmen_auszufuellende_dokumente/Ausschreibung 01, Vorgezogene Maßnahmen - Tiefbau und Infrastruktur 1, Leistungsverzeichnis.X83
160;Aufbereitetes Bodenmaterial gemäß DIN 18300 für die Herstellung des Bodenauftrags im Bereich der Kompostlagerfläche, von der Miete mit aufbereitetem Material lösen, laden und im Baufeld transportieren, lagenweise, einbauen und gemäß ZTV E-StB 17  fachgerecht verdichten;400,0;m³;gaeb;vom_unternehmen_auszufuellende_dokumente/Ausschreibung 01, Vorgezogene Maßnahmen - Tiefbau und Infrastruktur 1, Leistungsverzeichnis.X83
170;Bodenaushub im Bereich der Silagefläche aufnehmen und auf Miete setzen;200,0;m³;gaeb;vom_unternehmen_auszufuellende_dokumente/Ausschreibung 01, Vorgezogene Maßnahmen - Tiefbau und Infrastruktur 1, Leistungsverzeichnis.X83
180;Das Grobplanum im Bereich der Silage;1200,0;m²;gaeb;vom_unternehmen_auszufuellende_dokumente/Ausschreibung 01, Vorgezogene Maßnahmen - Tiefbau und Infrastruktur 1, Leistungsverzeichnis.X83
190;Bodenaushub zur Bodenverbesserung im Bereich der Silagefläche aufnehmen und auf Miete setzen;300,0;m³;gaeb;vom_unternehmen_auszufuellende_dokumente/Ausschreibung 01, Vorgezogene Maßnahmen - Tiefbau und Infrastruktur 1, Leistungsverzeichnis.X83
200;Hydraulisches Bindemittel aus bspw. Feinkalk 80-iger Körnung  oder vergleichbar, gemäß DIN 459 liefern und zur Einarbeitung in den anstehenden Boden mittels Kalken vorbereiten.;27,0;t;gaeb;vom_unternehmen_auszufuellende_dokumente/Ausschreibung 01, Vorgezogene Maßnahmen - Tiefbau und Infrastruktur 1, Leistungsverzeichnis.X83
210;Das in der Vorposition gelieferte hydraulische Bindemittel ist im Bereich der Kompostlagerfläche gleichmäßig und im korrekten Verhältnis zu verteilen.;300,0;m³;gaeb;vom_unternehmen_auszufuellende_dokumente/Ausschreibung 01, Vorgezogene Maßnahmen - Tiefbau und Infrastruktur 1, Leistungsverzeichnis.X83
220;Aufbereitetes Bodenmaterial gemäß DIN 18300 zur Herstellung des Bodenaustausches und Profilierung im Bereich der Kompostlagerfläche, von der Miete mit aufbereitetem Material lösen, laden und im Baufeld transportieren, lageweise einbauen und gemäß ZTV E-StB 17  fachgerecht verdichten;300,0;m³;gaeb;vom_unternehmen_auszufuellende_dokumente/Ausschreibung 01, Vorgezogene Maßnahmen - Tiefbau und Infrastruktur 1, Leistungsverzeichnis.X83
230;Aufbereitetes Bodenmaterial gemäß DIN 18300 für die Herstellung des Bodenauftrags im Bereich der Kompostlagerfläche, von der Miete mit aufbereitetem Material lösen, laden und im Baufeld transportieren, lagenweise, einbauen und gemäß ZTV E-StB 17  fachgerecht verdichten;200,0;m³;gaeb;vom_unternehmen_auszufuellende_dokumente/Ausschreibung 01, Vorgezogene Maßnahmen - Tiefbau und Infrastruktur 1, Leistungsverzeichnis.X83
240;Bodenaushub;1700,0;m³;gaeb;vom_unternehmen_auszufuellende_dokumente/Ausschreibung 01, Vorgezogene Maßnahmen - Tiefbau und Infrastruktur 1, Leistungsverzeichnis.X83
250;Aufbereiteter Bodenaushub gemäß DIN 18300 zur Herstellung des Bodenaustausches im Bereich der Anschüttwand von der Miete mit aufbereitetem Material lösen, laden und im Baufeld transportieren, lagenweise, einbauen und gemäß ZTV E-StB 17  fachgerecht verdichten.;180,0;m³;gaeb;vom_unternehmen_auszufuellende_dokumente/Ausschreibung 01, Vorgezogene Maßnahmen - Tiefbau und Infrastruktur 1, Leistungsverzeichnis.X83
260;Das Planum unter der Frostschutzschicht ist gemäß ZTVE-StB 09 und;360,0;m²;gaeb;vom_unternehmen_auszufuellende_dokumente/Ausschreibung 01, Vorgezogene Maßnahmen - Tiefbau und Infrastruktur 1, Leistungsverzeichnis.X83
270;Bodenaustaus;90,0;m³;gaeb;vom_unternehmen_auszufuellende_dokumente/Ausschreibung 01, Vorgezogene Maßnahmen - Tiefbau und Infrastruktur 1, Leistungsverzeichnis.X83
280;Aufbereiteter Boden aus Miete entnehmen, laden und abtransportieren, profilgerecht, lagenweise fachgerecht in die Baugrube des Schachtes RW15/OW18 einbauen und verdichten;1290,0;m³;gaeb;vom_unternehmen_auszufuellende_dokumente/Ausschreibung 01, Vorgezogene Maßnahmen - Tiefbau und Infrastruktur 1, Leistungsverzeichnis.X83
290;Bodenaushub;1025,0;m³;gaeb;vom_unternehmen_auszufuellende_dokumente/Ausschreibung 01, Vorgezogene Maßnahmen - Tiefbau und Infrastruktur 1, Leistungsverzeichnis.X83
300;Das Grobplanum im Bereich der Zufahrtstraße ist gemäß ZTV E-StB 17 und;1930,0;m²;gaeb;vom_unternehmen_auszufuellende_dokumente/Ausschreibung 01, Vorgezogene Maßnahmen - Tiefbau und Infrastruktur 1, Leistungsverzeichnis.X83
310;Bodenaushub im Bereich der Zufahrtstraße neben den Bestandsasphaltflächen aufnehmen und auf Miete setzen.;200,0;m³;gaeb;vom_unternehmen_auszufuellende_dokumente/Ausschreibung 01, Vorgezogene Maßnahmen - Tiefbau und Infrastruktur 1, Leistungsverzeichnis.X83
320;Hydraulisches Bindemittel aus bspw. Feinkalk 80-iger Körnung  oder vergleichbar, gemäß DIN 459 liefern und zur Einarbeitung in den anstehenden Boden mittels Kalken vorbereiten.;18,5;t;gaeb;vom_unternehmen_auszufuellende_dokumente/Ausschreibung 01, Vorgezogene Maßnahmen - Tiefbau und Infrastruktur 1, Leistungsverzeichnis.X83
330;Das in der Vorposition gelieferte hydraulische Bindemittel ist im Bereich der Zufahrtsstraße gleichmäßig und im korrekten Verhältnis zu verteilen.;200,0;m³;gaeb;vom_unternehmen_auszufuellende_dokumente/Ausschreibung 01, Vorgezogene Maßnahmen - Tiefbau und Infrastruktur 1, Leistungsverzeichnis.X83
340;Aufbereitetes Bodenmaterial gemäß DIN 18915 zur Herstellung des Bodenaustausches im Bereich der Zufahrtstraße, von der Miete mit aufbereitetem Material lösen, laden und im Baufeld transportieren, lagenweise einbauen und gemäß ZTV E-StB 17  fachgerecht verdichten;200,0;m³;gaeb;vom_unternehmen_auszufuellende_dokumente/Ausschreibung 01, Vorgezogene Maßnahmen - Tiefbau und Infrastruktur 1, Leistungsverzeichnis.X83
350;Bodenaushub im Bereich der Löschwasserentnahmestelle aufnehmen und auf Miete setzen;30,0;m³;gaeb;vom_unternehmen_auszufuellende_dokumente/Ausschreibung 01, Vorgezogene Maßnahmen - Tiefbau und Infrastruktur 1, Leistungsverzeichnis.X83
360;Das Grobplanum im Bereich der Löschwasserentnahmestelle ist gemäß ZTV E-StB 17 und;95,0;m²;gaeb;vom_unternehmen_auszufuellende_dokumente/Ausschreibung 01, Vorgezogene Maßnahmen - Tiefbau und Infrastruktur 1, Leistungsverzeichnis.X83
370;Bodenaushub zur Bodenverbesserung im Bereich der Löschwasserentnahmestelle aufnehmen und auf Miete setzen;25,0;m³;gaeb;vom_unternehmen_auszufuellende_dokumente/Ausschreibung 01, Vorgezogene Maßnahmen - Tiefbau und Infrastruktur 1, Leistungsverzeichnis.X83
380;Hydraulisches Bindemittel aus bspw. Feinkalk 80-iger Körnung  oder vergleichbar, gemäß DIN 459 liefern und zur Einarbeitung in den anstehenden Boden mittels Kalken vorbereiten.;2,5;t;gaeb;vom_unternehmen_auszufuellende_dokumente/Ausschreibung 01, Vorgezogene Maßnahmen - Tiefbau und Infrastruktur 1, Leistungsverzeichnis.X83
390;Das in der Vorposition gelieferte hydraulische Bindemittel ist im Bereich der Löschwasserentnahmestelle gleichmäßig und im korrekten Verhältnis zu verteilen.;25,0;m³;gaeb;vom_unternehmen_auszufuellende_dokumente/Ausschreibung 01, Vorgezogene Maßnahmen - Tiefbau und Infrastruktur 1, Leistungsverzeichnis.X83
400;Aufbereiteter Bodenaushub gemäß DIN 18300 zur Herstellung des Bodenaustausches im Bereich der Löschwasser-entnahmestelle von der Miete mit aufbereitetem Material lösen, laden und im Baufeld transportieren, lagenweise, einbauen und gemäß ZTV E-StB 17  fachgerecht verdichten;25,0;m³;gaeb;vom_unternehmen_auszufuellende_dokumente/Ausschreibung 01, Vorgezogene Maßnahmen - Tiefbau und Infrastruktur 1, Leistungsverzeichnis.X83
410;Aufbereiteter Bodenaushub gemäß DIN 18300 zur Profilierung der Fläche Retentionsbodenfilter Ost, von der Miete mit aufbereitetem Material lösen, laden und im Baufeld transportieren, lagenweise, einbauen und gemäß ZTV E-StB 17  fachgerecht verdichten;1750,0;m³;gaeb;vom_unternehmen_auszufuellende_dokumente/Ausschreibung 01, Vorgezogene Maßnahmen - Tiefbau und Infrastruktur 1, Leistungsverzeichnis.X83
420;Bauseits gestellter Oberboden gemäß DIN 18915 laden, transportieren und fachgerecht im Bereich der Fläche östlich der Wasseraufbereitungstechnik einbauen.;530,0;m³;gaeb;vom_unternehmen_auszufuellende_dokumente/Ausschreibung 01, Vorgezogene Maßnahmen - Tiefbau und Infrastruktur 1, Leistungsverzeichnis.X83
430;Das Grobplanum im Bereich der Freifläche Retentions-bodenfilter Ost ist gemäß ZTV E-StB 17 und;5300,0;m²;gaeb;vom_unternehmen_auszufuellende_dokumente/Ausschreibung 01, Vorgezogene Maßnahmen - Tiefbau und Infrastruktur 1, Leistungsverzeichnis.X83
440;Blumenwiesenansaat mit Startdüngung im Anspritzverfahren für profilierte Oberbodenfläche.;5300,0;m²;gaeb;vom_unternehmen_auszufuellende_dokumente/Ausschreibung 01, Vorgezogene Maßnahmen - Tiefbau und Infrastruktur 1, Leistungsverzeichnis.X83
450;Grabenaushub bis 1,25 m;55,0;m³;gaeb;vom_unternehmen_auszufuellende_dokumente/Ausschreibung 01, Vorgezogene Maßnahmen - Tiefbau und Infrastruktur 1, Leistungsverzeichnis.X83
460;Grabenaushub über 1,25 m bis 4,00 m auf Miete setzen;2040,0;m³;gaeb;vom_unternehmen_auszufuellende_dokumente/Ausschreibung 01, Vorgezogene Maßnahmen - Tiefbau und Infrastruktur 1, Leistungsverzeichnis.X83
470;Grabenaushub über 4,00 m auf Miete setzen;800,0;m³;gaeb;vom_unternehmen_auszufuellende_dokumente/Ausschreibung 01, Vorgezogene Maßnahmen - Tiefbau und Infrastruktur 1, Leistungsverzeichnis.X83
480;Gekalktes Aushubmaterial von Miete lösen, laden, im Baufeld transportieren, zur Bodenverbesserung (30 cm) und oberhalb der Rohrleitungszone (30 cm ü. Rohrscheitel) bis zur UK des Oberbaus in Gräben einbauen und lagenweise verdichten.;1900,0;m³;gaeb;vom_unternehmen_auszufuellende_dokumente/Ausschreibung 01, Vorgezogene Maßnahmen - Tiefbau und Infrastruktur 1, Leistungsverzeichnis.X83
490;RC-I-Sand 0/2 mm (steinfrei) für die Rohrauflagerung nach DIN EN 1610 liefern und als Sohlplanum in die Gräben in einer Dicke von 10 cm höhengerecht einbauen und verdichten.;965,0;m³;gaeb;vom_unternehmen_auszufuellende_dokumente/Ausschreibung 01, Vorgezogene Maßnahmen - Tiefbau und Infrastruktur 1, Leistungsverzeichnis.X83
500;Verbau über 1,25 m;3800,0;m²;gaeb;vom_unternehmen_auszufuellende_dokumente/Ausschreibung 01, Vorgezogene Maßnahmen - Tiefbau und Infrastruktur 1, Leistungsverzeichnis.X83
510;Erschwernisse beim Verbau aufgrund von querenden Leitungen entsprechend statischen und konstruktiven Erfordernissen einschließlich aller Nebenarbeiten sind einzurechnen.;3,0;Stck;gaeb;vom_unternehmen_auszufuellende_dokumente/Ausschreibung 01, Vorgezogene Maßnahmen - Tiefbau und Infrastruktur 1, Leistungsverzeichnis.X83
520;Grabenaushub für alle Rohrleitungen und Erdkabel entsprechend nach DIN EN 4124 herstellen.;350,0;m³;gaeb;vom_unternehmen_auszufuellende_dokumente/Ausschreibung 01, Vorgezogene Maßnahmen - Tiefbau und Infrastruktur 1, Leistungsverzeichnis.X83
530;Grabenaushub über 1,25 m bis 1,75 m aufnehmen, laden, transportieren und auf Miete setzen.;130,0;m³;gaeb;vom_unternehmen_auszufuellende_dokumente/Ausschreibung 01, Vorgezogene Maßnahmen - Tiefbau und Infrastruktur 1, Leistungsverzeichnis.X83
540;Aufbereitetes Bodenmaterial von Miete lösen, laden, im Baufeld transportieren zur Bodenverbesserung (30 cm) und oberhalb der Rohrleitungszone (ab 30 cm ü. Rohrscheitel) bis zur UK der Frostschutzschicht, des Schotterrasenaufbaus und der Geländeoberkante in Gräben einbauen und lagenweise verdichten.;250,0;m³;gaeb;vom_unternehmen_auszufuellende_dokumente/Ausschreibung 01, Vorgezogene Maßnahmen - Tiefbau und Infrastruktur 1, Leistungsverzeichnis.X83
550;Verbau über 1,25 m;125,0;m²;gaeb;vom_unternehmen_auszufuellende_dokumente/Ausschreibung 01, Vorgezogene Maßnahmen - Tiefbau und Infrastruktur 1, Leistungsverzeichnis.X83
560;RC-I-Sand 0/2 mm (steinfrei) für die Rohrauflagerung nach DIN EN 1610 liefern und als Sohlplanum in die Gräben in einer Dicke von 10 cm höhengerecht einbauen und verdichten.;250,0;m³;gaeb;vom_unternehmen_auszufuellende_dokumente/Ausschreibung 01, Vorgezogene Maßnahmen - Tiefbau und Infrastruktur 1, Leistungsverzeichnis.X83
570;Grabenaushub für das Erdungsband herstellen;100,0;m³;gaeb;vom_unternehmen_auszufuellende_dokumente/Ausschreibung 01, Vorgezogene Maßnahmen - Tiefbau und Infrastruktur 1, Leistungsverzeichnis.X83
580;Gekalktes Aushubmaterial von Miete lösen, laden, im Baufeld transportieren und bis zur UK des Oberbaus der Asphaltfläche sowie der Bodenplatten in die Erdungsgräben einbauen und lagenweise verdichten.;100,0;m³;gaeb;vom_unternehmen_auszufuellende_dokumente/Ausschreibung 01, Vorgezogene Maßnahmen - Tiefbau und Infrastruktur 1, Leistungsverzeichnis.X83
590;Rezepturerstellung mit auf Miete gesetztem oder zu lieferndem Bodenmaterial, Zuordnungsklasse BM-0 bis BM-0* bzw. BM-F0 bis BM-F0* gemäß Ersatzbaustoffverordnung.;1,0;Stck;gaeb;vom_unternehmen_auszufuellende_dokumente/Ausschreibung 01, Vorgezogene Maßnahmen - Tiefbau und Infrastruktur 1, Leistungsverzeichnis.X83
600;Erstellung eines Einbaukonzeptes zur Lenkung und Nachverfolgung des Umgangs mit ZFSV auf der Baustelle Das Einbaukonzept muss mindestens folgende technische Fragestellungen beantworten. Dabei sind einbauspezifische und/oder dimensions- oder materialabhängige Unterschiede zu berücksichtigen:;1,0;Stck;gaeb;vom_unternehmen_auszufuellende_dokumente/Ausschreibung 01, Vorgezogene Maßnahmen - Tiefbau und Infrastruktur 1, Leistungsverzeichnis.X83
610;Grabenaushub über 4,00 m auf Miete setzen;60,0;m³;gaeb;vom_unternehmen_auszufuellende_dokumente/Ausschreibung 01, Vorgezogene Maßnahmen - Tiefbau und Infrastruktur 1, Leistungsverzeichnis.X83
620;Verbau über 1,25 m;50,0;m²;gaeb;vom_unternehmen_auszufuellende_dokumente/Ausschreibung 01, Vorgezogene Maßnahmen - Tiefbau und Infrastruktur 1, Leistungsverzeichnis.X83
630;Lagesicherung, Hauptkanal Haltung RW 15/OW18 zu RW 17 da 710 PP;15,0;m;gaeb;vom_unternehmen_auszufuellende_dokumente/Ausschreibung 01, Vorgezogene Maßnahmen - Tiefbau und Infrastruktur 1, Leistungsverzeichnis.X83
640;Lagesicherung, kreuzende Gasleitungen bis DN 200;22,5;m;gaeb;vom_unternehmen_auszufuellende_dokumente/Ausschreibung 01, Vorgezogene Maßnahmen - Tiefbau und Infrastruktur 1, Leistungsverzeichnis.X83
650;Zur Ausflussverhinderung des ZFSV ist eine beidseitige Abschottung vor Kopf der Haltungen bzw. des Verfüllabschnittes durch vertikales Einstellen von Stahlplatten herzustellen. Einschließlich der erforderlichen Stützkonstruktionen, Befestigungen usw. liefern, montieren und nach Abschluss des Verfüll;2,0;Stck;gaeb;vom_unternehmen_auszufuellende_dokumente/Ausschreibung 01, Vorgezogene Maßnahmen - Tiefbau und Infrastruktur 1, Leistungsverzeichnis.X83
660;Bestimmung des Ausbreitmaßes gem. DIN EN 12350-5. Das Ausbreitmaß dient als Nachweis der erforderlichen Konsistenzklassen und der augenscheinlichen Überprüfung des gelieferten Materials, ob eine unerwünschte Entmischung stattfindet.;1,0;Stck;gaeb;vom_unternehmen_auszufuellende_dokumente/Ausschreibung 01, Vorgezogene Maßnahmen - Tiefbau und Infrastruktur 1, Leistungsverzeichnis.X83
670;Selbstverdichtendes Verfüllmaterial in flüssiger Konsistenz zum Verfüllen des Hauptkanal-Grabens liefern und nach Herstellerangaben einbauen. Herstellung Verwendung von zu aus dem Erdaushub gewonnem Boden oder wahlweise zu lieferndem Bodenmaterial der Zuordnungsklasse BM-0 bis BM-0* bzw. BM-F0 bis B;60,0;m³;gaeb;vom_unternehmen_auszufuellende_dokumente/Ausschreibung 01, Vorgezogene Maßnahmen - Tiefbau und Infrastruktur 1, Leistungsverzeichnis.X83
680;Schachtaushub über 1,25 m bis 4,00 m;175,0;m³;gaeb;vom_unternehmen_auszufuellende_dokumente/Ausschreibung 01, Vorgezogene Maßnahmen - Tiefbau und Infrastruktur 1, Leistungsverzeichnis.X83
690;Das Planum im Bereich der Baugrubensohle des Schachtes RW15/OW18 ist gemäß ZTVE-StB 09 und;9,0;m²;gaeb;vom_unternehmen_auszufuellende_dokumente/Ausschreibung 01, Vorgezogene Maßnahmen - Tiefbau und Infrastruktur 1, Leistungsverzeichnis.X83
700;Aufbereiteter Boden aus Miete entnehmen, laden und abtransportieren, profilgerecht, lagenweise fachgerecht in die Baugrube des Schachtes RW15/OW18 einbauen und verdichten;125,0;m³;gaeb;vom_unternehmen_auszufuellende_dokumente/Ausschreibung 01, Vorgezogene Maßnahmen - Tiefbau und Infrastruktur 1, Leistungsverzeichnis.X83
710;Boden im Bereich des Retentionsbodenfilters profilgerecht bis zur UK Bodenverbesserung lösen, laden, innerhalb des Geländes zur Lagerfläche für Mieten zur Bodenverbesserung;3475,0;m³;gaeb;vom_unternehmen_auszufuellende_dokumente/Ausschreibung 01, Vorgezogene Maßnahmen - Tiefbau und Infrastruktur 1, Leistungsverzeichnis.X83
720;Aufbereiteter Bodenaushub gemäß DIN 18300 zur Herstellung des Bodenaustausches im Bereich des Retentionsbodenfilters von der Miete mit aufbereitetem Material lösen, laden und im Baufeld transportieren, lagenweise, einbauen und gemäß ZTV E-StB 17  fachgerecht verdichten.;425,0;m³;gaeb;vom_unternehmen_auszufuellende_dokumente/Ausschreibung 01, Vorgezogene Maßnahmen - Tiefbau und Infrastruktur 1, Leistungsverzeichnis.X83
730;Grobplanum im Bereich der Grundfläche des Retentions-bodenfilters auf Basis- und Böschungsflächen, max. Neigung 5% gemäß Planungsprofilen gemäß ZTVE-StB 09 auf eine Sollgenauigkeit von +-3 cm herstellen und verdichten;360,0;m²;gaeb;vom_unternehmen_auszufuellende_dokumente/Ausschreibung 01, Vorgezogene Maßnahmen - Tiefbau und Infrastruktur 1, Leistungsverzeichnis.X83
740;Grobplanum im Böschungsbereic;1050,0;m²;gaeb;vom_unternehmen_auszufuellende_dokumente/Ausschreibung 01, Vorgezogene Maßnahmen - Tiefbau und Infrastruktur 1, Leistungsverzeichnis.X83
750;Natürliches;300,0;m³;gaeb;vom_unternehmen_auszufuellende_dokumente/Ausschreibung 01, Vorgezogene Maßnahmen - Tiefbau und Infrastruktur 1, Leistungsverzeichnis.X83
760;Feinplanum im Bereich;360,0;m²;gaeb;vom_unternehmen_auszufuellende_dokumente/Ausschreibung 01, Vorgezogene Maßnahmen - Tiefbau und Infrastruktur 1, Leistungsverzeichnis.X83
770;Feinplanum im Böschungsbereic;1050,0;m²;gaeb;vom_unternehmen_auszufuellende_dokumente/Ausschreibung 01, Vorgezogene Maßnahmen - Tiefbau und Infrastruktur 1, Leistungsverzeichnis.X83
780;Einbindegraben umlaufend um;140,0;lfm;gaeb;vom_unternehmen_auszufuellende_dokumente/Ausschreibung 01, Vorgezogene Maßnahmen - Tiefbau und Infrastruktur 1, Leistungsverzeichnis.X83
790;Aufbereiteter Bodenaushub gemäß DIN 18915 für die Herstellung des Erdbaus des Einbindegrabens von der Miete lösen, laden und im Baufeld transportieren, fachgerecht einbauen und gemäß ZTV E-StB 17  fachgerecht verdichten;140,0;lfm;gaeb;vom_unternehmen_auszufuellende_dokumente/Ausschreibung 01, Vorgezogene Maßnahmen - Tiefbau und Infrastruktur 1, Leistungsverzeichnis.X83
800;Drainkies 2/8mm;110,0;m³;gaeb;vom_unternehmen_auszufuellende_dokumente/Ausschreibung 01, Vorgezogene Maßnahmen - Tiefbau und Infrastruktur 1, Leistungsverzeichnis.X83
810;Filtersand der Körnung 0/2 mm herstellen, liefern und in einer Dicke von 55 cm auf dem Drainkies der Vorposition in das Retentionsbodenfilterbecken einbauen;195,0;m³;gaeb;vom_unternehmen_auszufuellende_dokumente/Ausschreibung 01, Vorgezogene Maßnahmen - Tiefbau und Infrastruktur 1, Leistungsverzeichnis.X83
820;Carbonatbrechstein 2/5 mm herstellen, liefern und in einer Dicke von  5 cm auf dem Filtersand der Vorposition in das Retentionsbodenfilterbecken einbauen;30,0;m³;gaeb;vom_unternehmen_auszufuellende_dokumente/Ausschreibung 01, Vorgezogene Maßnahmen - Tiefbau und Infrastruktur 1, Leistungsverzeichnis.X83
830;Gabionen, Wasserbausteine mit 1/3 LMB 10/60 & 2/3 CP 45/125;5,0;m³;gaeb;vom_unternehmen_auszufuellende_dokumente/Ausschreibung 01, Vorgezogene Maßnahmen - Tiefbau und Infrastruktur 1, Leistungsverzeichnis.X83
840;Wasserbausteine im Verhältnis;135,0;m²;gaeb;vom_unternehmen_auszufuellende_dokumente/Ausschreibung 01, Vorgezogene Maßnahmen - Tiefbau und Infrastruktur 1, Leistungsverzeichnis.X83
850;Verteilerrinne als Fertigteilbetonrinne nach DIN 4279 herstellen, liefern und einbauen;28,0;lfm;gaeb;vom_unternehmen_auszufuellende_dokumente/Ausschreibung 01, Vorgezogene Maßnahmen - Tiefbau und Infrastruktur 1, Leistungsverzeichnis.X83
860;Becken einstauen;1,0;pau;gaeb;vom_unternehmen_auszufuellende_dokumente/Ausschreibung 01, Vorgezogene Maßnahmen - Tiefbau und Infrastruktur 1, Leistungsverzeichnis.X83
870;Absenken des Wasserspiegels;1,0;pau;gaeb;vom_unternehmen_auszufuellende_dokumente/Ausschreibung 01, Vorgezogene Maßnahmen - Tiefbau und Infrastruktur 1, Leistungsverzeichnis.X83
880;"Schilfballen, Phragmitis communis, syn. und Phragmintes australis über eine Vegetationsperiode vorkultiviert gemäß Merkblatt DWA-M 178 ""Empfehlungen für Planung, Bau und Betrieb von Retentionsbodenfiltern zur weitergehenden Regenwasserbehandlung im Misch- und Trennsystem"" liefern und pflanzen";460,0;m²;gaeb;vom_unternehmen_auszufuellende_dokumente/Ausschreibung 01, Vorgezogene Maßnahmen - Tiefbau und Infrastruktur 1, Leistungsverzeichnis.X83
890;Innerhalb einer Frist von maximal 24 Stunden nach dem Pflanzen ist das Retentionsbodenfilterbecken wieder auf ca. 10 cm über Filteroberkante anzustauen.;1,0;pau;gaeb;vom_unternehmen_auszufuellende_dokumente/Ausschreibung 01, Vorgezogene Maßnahmen - Tiefbau und Infrastruktur 1, Leistungsverzeichnis.X83
900;Pflege Bepflanzung;1,0;pau;gaeb;vom_unternehmen_auszufuellende_dokumente/Ausschreibung 01, Vorgezogene Maßnahmen - Tiefbau und Infrastruktur 1, Leistungsverzeichnis.X83
910;Monitoring Bepflanzung;1,0;pau;gaeb;vom_unternehmen_auszufuellende_dokumente/Ausschreibung 01, Vorgezogene Maßnahmen - Tiefbau und Infrastruktur 1, Leistungsverzeichnis.X83
920;Anwuchskontrolle und Abnahme nach Etablierungsphase;1,0;pau;gaeb;vom_unternehmen_auszufuellende_dokumente/Ausschreibung 01, Vorgezogene Maßnahmen - Tiefbau und Infrastruktur 1, Leistungsverzeichnis.X83
930;Bauseits gestellten Oberboden gemäß DIN 18915 laden, transportieren und fachgerecht im Bereich der Böschung des Retentionsbodenfilters einbauen.;75,0;m³;gaeb;vom_unternehmen_auszufuellende_dokumente/Ausschreibung 01, Vorgezogene Maßnahmen - Tiefbau und Infrastruktur 1, Leistungsverzeichnis.X83
940;Blumenwiesenansaat mit Startdüngung im Anspritzverfahren für alle Böschungen mit Oberboden und Banketten, Neigung bi;1250,0;m²;gaeb;vom_unternehmen_auszufuellende_dokumente/Ausschreibung 01, Vorgezogene Maßnahmen - Tiefbau und Infrastruktur 1, Leistungsverzeichnis.X83
950;Boden im Bereich des Löschwasserteichs profilgerecht bis zur UK des Bodenaustausches lösen, laden, innerhalb des Geländes zur Lagerfläche für Mieten zur Bodenverbesserung;4950,0;m³;gaeb;vom_unternehmen_auszufuellende_dokumente/Ausschreibung 01, Vorgezogene Maßnahmen - Tiefbau und Infrastruktur 1, Leistungsverzeichnis.X83
960;Aufbereiteter Bodenaushub gemäß DIN 18300 zur Herstellung des Bodenaustausches im Bereich des Löschwasserteichs von der Miete mit aufbereitetem Material lösen, laden und im Baufeld transportieren, lagenweise, einbauen und gemäß ZTV E-StB 17  fachgerecht verdichten.;395,0;m³;gaeb;vom_unternehmen_auszufuellende_dokumente/Ausschreibung 01, Vorgezogene Maßnahmen - Tiefbau und Infrastruktur 1, Leistungsverzeichnis.X83
970;Grabenaushub für die Anschlussleitungen des Löschwasser-teichs zur Löschwasserentnahmestelle sowie zum Pumpen-schacht über 1,25 m bis 4,00 m auf Miete setzen;275,0;m³;gaeb;vom_unternehmen_auszufuellende_dokumente/Ausschreibung 01, Vorgezogene Maßnahmen - Tiefbau und Infrastruktur 1, Leistungsverzeichnis.X83
980;Aufbereiteter Bodenaushub von Miete lösen, laden, im Baufeld transportieren und oberhalb der Rohrleitungszone (30 cm ü. Rohrscheitel) bis unterhalb der Frostschutzschicht in Gräben einbauen und lagenweise verdichten;185,0;m³;gaeb;vom_unternehmen_auszufuellende_dokumente/Ausschreibung 01, Vorgezogene Maßnahmen - Tiefbau und Infrastruktur 1, Leistungsverzeichnis.X83
990;RC-I-Sand 0/2 mm (steinfrei) für die Rohrauflagerung nach DIN EN 1610 liefern und als Sohlplanum in die Gräben in einer Dicke von 10 cm höhengerecht einbauen und verdichten. Nach Einbau des Sohlplanums ist die Bauleitung zu verständigen, um die Gräben abzunehmen. Die Rohre nach Verlegen mit einer Sa;55,0;m³;gaeb;vom_unternehmen_auszufuellende_dokumente/Ausschreibung 01, Vorgezogene Maßnahmen - Tiefbau und Infrastruktur 1, Leistungsverzeichnis.X83
1000;Verbau über 1,25 m;445,0;m²;gaeb;vom_unternehmen_auszufuellende_dokumente/Ausschreibung 01, Vorgezogene Maßnahmen - Tiefbau und Infrastruktur 1, Leistungsverzeichnis.X83
1010;Grobplanum im Bereich der Grundfläche des Löschwasser-teiches auf Basisflächen, gemäß Planungsprofilen gemäß ZTVE-StB 09 auf eine Sollgenauigkeit von +-3 cm herstellen und verdichten;180,0;m²;gaeb;vom_unternehmen_auszufuellende_dokumente/Ausschreibung 01, Vorgezogene Maßnahmen - Tiefbau und Infrastruktur 1, Leistungsverzeichnis.X83
1020;Grobplanum im Böschungsbereich des Löschwasserteiches auf Böschungsflächen, max. Neigung 1:2 gemäß Planungsprofilen gemäß ZTVE-StB 09 auf eine Sollgenauigkeit von +-3 cm herstellen und verdichten;1100,0;m²;gaeb;vom_unternehmen_auszufuellende_dokumente/Ausschreibung 01, Vorgezogene Maßnahmen - Tiefbau und Infrastruktur 1, Leistungsverzeichnis.X83
1030;Natürliches;40,0;m³;gaeb;vom_unternehmen_auszufuellende_dokumente/Ausschreibung 01, Vorgezogene Maßnahmen - Tiefbau und Infrastruktur 1, Leistungsverzeichnis.X83
1040;Natürliches;460,0;m³;gaeb;vom_unternehmen_auszufuellende_dokumente/Ausschreibung 01, Vorgezogene Maßnahmen - Tiefbau und Infrastruktur 1, Leistungsverzeichnis.X83
1050;Feinplanum im Bereich;180,0;m²;gaeb;vom_unternehmen_auszufuellende_dokumente/Ausschreibung 01, Vorgezogene Maßnahmen - Tiefbau und Infrastruktur 1, Leistungsverzeichnis.X83
1060;Feinplanum im Böschungsbereic;1100,0;m²;gaeb;vom_unternehmen_auszufuellende_dokumente/Ausschreibung 01, Vorgezogene Maßnahmen - Tiefbau und Infrastruktur 1, Leistungsverzeichnis.X83
1070;Einbindegraben umlaufend um;130,0;lfm;gaeb;vom_unternehmen_auszufuellende_dokumente/Ausschreibung 01, Vorgezogene Maßnahmen - Tiefbau und Infrastruktur 1, Leistungsverzeichnis.X83
1080;Aufbereiteter Bodenaushub gemäß DIN 18915 für die Herstellung des Erdbaus des Einbindegrabens von der Miete lösen, laden und im Baufeld transportieren, fachgerecht einbauen und gemäß ZTV E-StB 17 fachgerecht verdichten;130,0;lfm;gaeb;vom_unternehmen_auszufuellende_dokumente/Ausschreibung 01, Vorgezogene Maßnahmen - Tiefbau und Infrastruktur 1, Leistungsverzeichnis.X83
1090;Bodenaushub;880,0;m³;gaeb;vom_unternehmen_auszufuellende_dokumente/Ausschreibung 01, Vorgezogene Maßnahmen - Tiefbau und Infrastruktur 1, Leistungsverzeichnis.X83
1100;Aufbereiteter Bodenaushub gemäß DIN 18300 zur Herstellung des Bodenaustausches im Bereich des Absetzbeckens von der Miete mit aufbereitetem Material lösen, laden und im Baufeld transportieren, lagenweise, einbauen und gemäß ZTV E-StB 17  fachgerecht verdichten.;20,0;m³;gaeb;vom_unternehmen_auszufuellende_dokumente/Ausschreibung 01, Vorgezogene Maßnahmen - Tiefbau und Infrastruktur 1, Leistungsverzeichnis.X83
1110;Das Planum im Bereich des Absetzbeckens unter der Bodenverbesserungsschicht ist gemäß ZTVE-StB 09 und;65,0;m²;gaeb;vom_unternehmen_auszufuellende_dokumente/Ausschreibung 01, Vorgezogene Maßnahmen - Tiefbau und Infrastruktur 1, Leistungsverzeichnis.X83
1120;Bodenaustaus;15,0;m³;gaeb;vom_unternehmen_auszufuellende_dokumente/Ausschreibung 01, Vorgezogene Maßnahmen - Tiefbau und Infrastruktur 1, Leistungsverzeichnis.X83
1130;Aufbereiteter Boden aus Miete entnehmen, laden und abtransportieren, profilgerecht, lagenweise, fachgerecht im Bereich des Absetzbeckens einbauen und verdichten;510,0;m³;gaeb;vom_unternehmen_auszufuellende_dokumente/Ausschreibung 01, Vorgezogene Maßnahmen - Tiefbau und Infrastruktur 1, Leistungsverzeichnis.X83
1140;Bodenaushub;110,0;m³;gaeb;vom_unternehmen_auszufuellende_dokumente/Ausschreibung 01, Vorgezogene Maßnahmen - Tiefbau und Infrastruktur 1, Leistungsverzeichnis.X83
1150;Aufbereiteter Bodenaushub gemäß DIN 18300 zur Herstellung des Bodenaustausches im Bereich des Trennbauwerks von der Miete mit aufbereitetem Material lösen, laden und im Baufeld transportieren, lagenweise, einbauen und gemäß ZTV E-StB 17  fachgerecht verdichten.;6,0;m³;gaeb;vom_unternehmen_auszufuellende_dokumente/Ausschreibung 01, Vorgezogene Maßnahmen - Tiefbau und Infrastruktur 1, Leistungsverzeichnis.X83
1160;Das Planum im Bereich des Trennbauwerks unter der Boden-verbesserungsschicht ist gemäß ZTVE-StB 09 und;17,0;m²;gaeb;vom_unternehmen_auszufuellende_dokumente/Ausschreibung 01, Vorgezogene Maßnahmen - Tiefbau und Infrastruktur 1, Leistungsverzeichnis.X83
1170;Bodenaustaus;5,0;m³;gaeb;vom_unternehmen_auszufuellende_dokumente/Ausschreibung 01, Vorgezogene Maßnahmen - Tiefbau und Infrastruktur 1, Leistungsverzeichnis.X83
1180;Aufbereiteter Boden aus Miete entnehmen, laden und abtransportieren, profilgerecht, lagenweise, fachgerecht im Bereich des Trennbauwerks einbauen und verdichten;65,0;m³;gaeb;vom_unternehmen_auszufuellende_dokumente/Ausschreibung 01, Vorgezogene Maßnahmen - Tiefbau und Infrastruktur 1, Leistungsverzeichnis.X83
1190;Grabenaushub für den Einbau beider Sedimentationsanlagen samt Rohrleitungen gemäß DIN EN 4124 Technischen Vorbemerkungen, Baubeschreibung im Bereich der Sedimentationsanlage (siehe Plan Sedimentationsanlage, Grundriss und Schnitt 1-1, Zeichnung-Nr: P19-037-5-GS-27.V) lösen, laden, innerhalb des Gelä;920,0;m³;gaeb;vom_unternehmen_auszufuellende_dokumente/Ausschreibung 01, Vorgezogene Maßnahmen - Tiefbau und Infrastruktur 1, Leistungsverzeichnis.X83
1200;Aufbereiteter Bodenaushub gemäß DIN 18300 zur Herstellung des Bodenaustausches im Bereich der Sedimentationsanlagen von der Miete mit aufbereitetem Material lösen, laden und im Baufeld transportieren, lagenweise, einbauen und gemäß ZTV E-StB 17  fachgerecht verdichten.;65,0;m³;gaeb;vom_unternehmen_auszufuellende_dokumente/Ausschreibung 01, Vorgezogene Maßnahmen - Tiefbau und Infrastruktur 1, Leistungsverzeichnis.X83
1210;Für die Arbeiten zur Verlegung der nebeneinander verlaufenden Sedimentationsanlagen ist ein Verbausystem zu liefern und zu verwenden.;335,0;m²;gaeb;vom_unternehmen_auszufuellende_dokumente/Ausschreibung 01, Vorgezogene Maßnahmen - Tiefbau und Infrastruktur 1, Leistungsverzeichnis.X83
1220;RC-I-Sand 0/2 mm (steinfrei) für die Rohrauflagerung nach DIN EN 1610 liefern und als Sohlplanum in die Gräben in einer Dicke von 10 cm höhengerecht einbauen und verdichten. Nach Einbau des Sohlplanums ist die Bauleitung zu verständigen, um die Gräben abzunehmen. Die Rohre nach Verlegen mit einer Sa;190,0;m³;gaeb;vom_unternehmen_auszufuellende_dokumente/Ausschreibung 01, Vorgezogene Maßnahmen - Tiefbau und Infrastruktur 1, Leistungsverzeichnis.X83
1230;Aufbereiteter Boden aus Miete entnehmen, laden und abtransportieren, profilgerecht, lagenweise, fachgerecht im Graben der Sedimentationsanlage einbauen und verdichten;500,0;m³;gaeb;vom_unternehmen_auszufuellende_dokumente/Ausschreibung 01, Vorgezogene Maßnahmen - Tiefbau und Infrastruktur 1, Leistungsverzeichnis.X83
1240;Bodenaushub;450,0;m³;gaeb;vom_unternehmen_auszufuellende_dokumente/Ausschreibung 01, Vorgezogene Maßnahmen - Tiefbau und Infrastruktur 1, Leistungsverzeichnis.X83
1250;Bodenaushub;100,0;m³;gaeb;vom_unternehmen_auszufuellende_dokumente/Ausschreibung 01, Vorgezogene Maßnahmen - Tiefbau und Infrastruktur 1, Leistungsverzeichnis.X83
1260;Bodenaushub;375,0;m³;gaeb;vom_unternehmen_auszufuellende_dokumente/Ausschreibung 01, Vorgezogene Maßnahmen - Tiefbau und Infrastruktur 1, Leistungsverzeichnis.X83
1270;Aufbereiteter Bodenaushub gemäß DIN 18300 zur Herstellung des Bodenaustausches im Bereich des teilüberdachten Lagers von der Miete mit aufbereitetem Material lösen, laden und im Baufeld transportieren, lagenweise, einbauen und gemäß ZTV E-StB 17  fachgerecht verdichten.;375,0;m³;gaeb;vom_unternehmen_auszufuellende_dokumente/Ausschreibung 01, Vorgezogene Maßnahmen - Tiefbau und Infrastruktur 1, Leistungsverzeichnis.X83
1280;Geogitter mit zur Stabilisierung und Bewehrung der Tragschicht im Bereich des teilüberdachten Lagers gem. TL Geok E-StB 19 liefern und auf dem Planum fachgerecht gemäß der Herstellerverlegeanleitung einbauen;750,0;m²;gaeb;vom_unternehmen_auszufuellende_dokumente/Ausschreibung 01, Vorgezogene Maßnahmen - Tiefbau und Infrastruktur 1, Leistungsverzeichnis.X83
1290;Das Planum unter der Frostschutzschicht ist gemäß ZTVE-StB 09 und;720,0;m²;gaeb;vom_unternehmen_auszufuellende_dokumente/Ausschreibung 01, Vorgezogene Maßnahmen - Tiefbau und Infrastruktur 1, Leistungsverzeichnis.X83
1300;Bodenaustaus;250,0;m³;gaeb;vom_unternehmen_auszufuellende_dokumente/Ausschreibung 01, Vorgezogene Maßnahmen - Tiefbau und Infrastruktur 1, Leistungsverzeichnis.X83
1310;Aufbereitetes Bodenmaterial aus Miete entnehmen, laden und abtransportieren, profilgerecht, lagenweise, fachgerecht im Bereich des teilüberdachten Lagers einbauen und verdichten;55,0;m³;gaeb;vom_unternehmen_auszufuellende_dokumente/Ausschreibung 01, Vorgezogene Maßnahmen - Tiefbau und Infrastruktur 1, Leistungsverzeichnis.X83
1320;Bodenaushub;105,0;m³;gaeb;vom_unternehmen_auszufuellende_dokumente/Ausschreibung 01, Vorgezogene Maßnahmen - Tiefbau und Infrastruktur 1, Leistungsverzeichnis.X83
1330;Aufbereiteter Bodenaushub gemäß DIN 18300 zur Herstellung des Bodenaustausches im Bereich der Anschüttwand aus Betonblocksteinen von der Miete mit aufbereitetem Material lösen, laden und im Baufeld transportieren, lagenweise, einbauen und gemäß ZTV E-StB 17  fachgerecht verdichten.;29,0;m³;gaeb;vom_unternehmen_auszufuellende_dokumente/Ausschreibung 01, Vorgezogene Maßnahmen - Tiefbau und Infrastruktur 1, Leistungsverzeichnis.X83
1340;Das Planum unter der Frostschutzschicht ist gemäß ZTVE-StB 09 und;40,0;m²;gaeb;vom_unternehmen_auszufuellende_dokumente/Ausschreibung 01, Vorgezogene Maßnahmen - Tiefbau und Infrastruktur 1, Leistungsverzeichnis.X83
1350;Bodenaustaus;90,0;m³;gaeb;vom_unternehmen_auszufuellende_dokumente/Ausschreibung 01, Vorgezogene Maßnahmen - Tiefbau und Infrastruktur 1, Leistungsverzeichnis.X83
1360;Bodenaushub;65,0;m³;gaeb;vom_unternehmen_auszufuellende_dokumente/Ausschreibung 01, Vorgezogene Maßnahmen - Tiefbau und Infrastruktur 1, Leistungsverzeichnis.X83
1370;Aufbereiteter Bodenaushub gemäß DIN 18300 zur Herstellung des Bodenaustausches im Bereich der Winkelstützwände Kleinanliefererplatz von der Miete mit aufbereitetem Material lösen, laden und im Baufeld transportieren, lagenweise, einbauen und gemäß ZTV E-StB 17  fachgerecht verdichten.;15,0;m³;gaeb;vom_unternehmen_auszufuellende_dokumente/Ausschreibung 01, Vorgezogene Maßnahmen - Tiefbau und Infrastruktur 1, Leistungsverzeichnis.X83
1380;Das Planum im Bereich der Winkelstützwände des Kleinanliefererplatzes unter der Bodenverbesserungsschicht ist gemäß ZTVE-StB 09 und;55,0;m²;gaeb;vom_unternehmen_auszufuellende_dokumente/Ausschreibung 01, Vorgezogene Maßnahmen - Tiefbau und Infrastruktur 1, Leistungsverzeichnis.X83
1390;Herstellung der Frostschutzschicht;17,0;m³;gaeb;vom_unternehmen_auszufuellende_dokumente/Ausschreibung 01, Vorgezogene Maßnahmen - Tiefbau und Infrastruktur 1, Leistungsverzeichnis.X83
1400;Hinterfüllung der Winkelstützwände;45,0;m³;gaeb;vom_unternehmen_auszufuellende_dokumente/Ausschreibung 01, Vorgezogene Maßnahmen - Tiefbau und Infrastruktur 1, Leistungsverzeichnis.X83
1410;Aufbereiteten Boden aus Miete entnehmen, laden und abtransportieren, profilgerecht, lagenweise, fachgerecht im Bereich der Winkelstützsteine einbauen und verdichten;5,0;m³;gaeb;vom_unternehmen_auszufuellende_dokumente/Ausschreibung 01, Vorgezogene Maßnahmen - Tiefbau und Infrastruktur 1, Leistungsverzeichnis.X83
1420;Bodenaushub;15,0;m³;gaeb;vom_unternehmen_auszufuellende_dokumente/Ausschreibung 01, Vorgezogene Maßnahmen - Tiefbau und Infrastruktur 1, Leistungsverzeichnis.X83
1430;Aufbereiteter Bodenaushub gemäß DIN 18300 zur Herstellung des Bodenaustausches im Bereich der Winkelstützwände Kleinanliefererplatz von der Miete mit aufbereitetem Material lösen, laden und im Baufeld transportieren, lagenweise, einbauen und gemäß ZTV E-StB 17  fachgerecht verdichten.;15,0;m³;gaeb;vom_unternehmen_auszufuellende_dokumente/Ausschreibung 01, Vorgezogene Maßnahmen - Tiefbau und Infrastruktur 1, Leistungsverzeichnis.X83
1440;Das Planum im Bereich der Winkelstützwände der Löschwasserentnahmestelle unter der Bodenverbesserungs-schicht ist gemäß ZTVE-StB 09 und;12,0;m²;gaeb;vom_unternehmen_auszufuellende_dokumente/Ausschreibung 01, Vorgezogene Maßnahmen - Tiefbau und Infrastruktur 1, Leistungsverzeichnis.X83
1450;Bodenaustaus;3,6;m³;gaeb;vom_unternehmen_auszufuellende_dokumente/Ausschreibung 01, Vorgezogene Maßnahmen - Tiefbau und Infrastruktur 1, Leistungsverzeichnis.X83
1460;Hinterfüllung der Winkelstützwände;3,0;m³;gaeb;vom_unternehmen_auszufuellende_dokumente/Ausschreibung 01, Vorgezogene Maßnahmen - Tiefbau und Infrastruktur 1, Leistungsverzeichnis.X83
1470;Aufbereiteten Boden aus Miete entnehmen, laden und abtransportieren, profilgerecht, lagenweise, fachgerecht im Bereich der Winkelstützsteine einbauen und verdichten;3,6;m³;gaeb;vom_unternehmen_auszufuellende_dokumente/Ausschreibung 01, Vorgezogene Maßnahmen - Tiefbau und Infrastruktur 1, Leistungsverzeichnis.X83
1480;Wasserbausteine liefern und in den Bereich des Einlaufs der Haltung vom neuen Schacht RW 16 in das RHB 1 einschließlich vorbereitetem Unterbau aus Beton C30/37, Dicke von 20 cm in Handeinbau einbauen und profilieren.;30,0;m²;gaeb;vom_unternehmen_auszufuellende_dokumente/Ausschreibung 01, Vorgezogene Maßnahmen - Tiefbau und Infrastruktur 1, Leistungsverzeichnis.X83
1490;Profilierung;50,0;m³;gaeb;vom_unternehmen_auszufuellende_dokumente/Ausschreibung 01, Vorgezogene Maßnahmen - Tiefbau und Infrastruktur 1, Leistungsverzeichnis.X83
1500;Aufbereitetes Bodenmaterial gemäß DIN 18300 für die Herstellung der Mulde im Bereich des Kleinanliefererplatzes, von der Miete mit aufbereitetem Material lösen, laden und im Baufeld transportieren, lagenweise einbauen und gemäß ZTV E-StB 17  fachgerecht verdichten;75,0;m³;gaeb;vom_unternehmen_auszufuellende_dokumente/Ausschreibung 01, Vorgezogene Maßnahmen - Tiefbau und Infrastruktur 1, Leistungsverzeichnis.X83
1510;Grobplanum für die Mulde in der Grundfläche und der  Böschungsflächen, max. Neigung 1:2 gemäß Planungsprofilen gemäß ZTVE-StB 09 auf eine Sollgenauigkeit von +-3 cm herstellen und verdichten;450,0;m²;gaeb;vom_unternehmen_auszufuellende_dokumente/Ausschreibung 01, Vorgezogene Maßnahmen - Tiefbau und Infrastruktur 1, Leistungsverzeichnis.X83
1520;Profilierung;24,0;m³;gaeb;vom_unternehmen_auszufuellende_dokumente/Ausschreibung 01, Vorgezogene Maßnahmen - Tiefbau und Infrastruktur 1, Leistungsverzeichnis.X83
1530;Wasserbausteine liefern und in den Bereichen der Einläufe in der Entwässerungsmulde einschließlich vorbereitetem Unterbau aus Beton C30/37, Dicke von 20 cm in Handeinbau einbauen und profilieren;24,0;m²;gaeb;vom_unternehmen_auszufuellende_dokumente/Ausschreibung 01, Vorgezogene Maßnahmen - Tiefbau und Infrastruktur 1, Leistungsverzeichnis.X83
1540;Zum Versetzen der bestehenden Kiesrigole im Bereich des bestehenden Betriebsgebäudes ist zunächst der Kies der bestehenden Kiesrigole mit den Abmessungen 1,50 x 1,50 x 2,00 m auszuheben und seitlich zu lagern.;1,0;pau;gaeb;vom_unternehmen_auszufuellende_dokumente/Ausschreibung 01, Vorgezogene Maßnahmen - Tiefbau und Infrastruktur 1, Leistungsverzeichnis.X83
1550;Die bestehende Trafostation mit den Abmessungen 3,0 x 3,0 m ist mit einem umlaufenden Graben, Länge 12,0 m mit einer Breite von 1,0 m samt aller Erdkabel vorsichtig freilegen. Die Erdkabel sind zu sichern.;1,0;pau;gaeb;vom_unternehmen_auszufuellende_dokumente/Ausschreibung 01, Vorgezogene Maßnahmen - Tiefbau und Infrastruktur 1, Leistungsverzeichnis.X83
1560;Aufbereiteten Boden aus Miete entnehmen, laden und abtransportieren, profilgerecht, lagenweise, fachgerecht im Bereich der Aufstandsfläche des Trafos einbauen und verdichten.;200,0;m³;gaeb;vom_unternehmen_auszufuellende_dokumente/Ausschreibung 01, Vorgezogene Maßnahmen - Tiefbau und Infrastruktur 1, Leistungsverzeichnis.X83
1570;Splitt 2/5 als Auflager der Trafoanlage liefern und auf dem Planum in einer Dicke von 10 cm höhengerecht;2,0;m³;gaeb;vom_unternehmen_auszufuellende_dokumente/Ausschreibung 01, Vorgezogene Maßnahmen - Tiefbau und Infrastruktur 1, Leistungsverzeichnis.X83
1580;Unterbeton in der Expositionsklasse X0, Festigkeitsklasse min. C 12/15 gemäß statischer Berechnung und Technischen Vorbemerkungen, Baubeschreibung herstellen, liefern und als Unterbetonstreifen mit einer;0,5;m³;gaeb;vom_unternehmen_auszufuellende_dokumente/Ausschreibung 01, Vorgezogene Maßnahmen - Tiefbau und Infrastruktur 1, Leistungsverzeichnis.X83
1590;Aufbereiteter Bodenaushub gemäß DIN 18915 im Bereich des Trafos von der Miete Bodenzwischenlager lösen, laden und im Baufeld transportieren, fachgerecht einbauen und gemäß ZTV E-StB 17 lagenweise verdichten.;50,0;m³;gaeb;vom_unternehmen_auszufuellende_dokumente/Ausschreibung 01, Vorgezogene Maßnahmen - Tiefbau und Infrastruktur 1, Leistungsverzeichnis.X83
10;Für die Kunststoffdichtungsbahn des Retentionsbodenfilters ist ein vorläufiger Verlegeplan zu erstellen und vom AN vorab mit den Beteiligten abzustimmen.;1,0;pau;gaeb;vom_unternehmen_auszufuellende_dokumente/Ausschreibung 01, Vorgezogene Maßnahmen - Tiefbau und Infrastruktur 1, Leistungsverzeichnis.X83
20;Dichtungsbahnen aus PEHD mit einer Mindestdicke von min.  2,0 mm, Oberfläche beidseitig strukturiert mit DIBt-Zulassung und gemäß den Technischen Vorbemerkungen liefern und fachgerecht auf das Geotextil als Dichtungsschicht in die Oberflächenabdichtung einbauen;1650,0;m²;gaeb;vom_unternehmen_auszufuellende_dokumente/Ausschreibung 01, Vorgezogene Maßnahmen - Tiefbau und Infrastruktur 1, Leistungsverzeichnis.X83
30;Dichtungsbahnen der Vorposition in den Einbindegraben umlaufend um den Retentionsbodenfilter gemäß Zeichnungs-Nr:;1,0;pau;gaeb;vom_unternehmen_auszufuellende_dokumente/Ausschreibung 01, Vorgezogene Maßnahmen - Tiefbau und Infrastruktur 1, Leistungsverzeichnis.X83
40;Aussparungen und Angleichen der Dichtungsbahn der Vor-Pos. an die Rohrdurchfüru;7,0;Stck;gaeb;vom_unternehmen_auszufuellende_dokumente/Ausschreibung 01, Vorgezogene Maßnahmen - Tiefbau und Infrastruktur 1, Leistungsverzeichnis.X83
50;Dichtungsbahn, Dicke >= 2,0 mm an das Rohrdurchführungsbauteil, da 225 aus PE 100, mittels Warmgasextrusionsschweißen von Hand werkstoff- und anforderungsgerecht anschließen, einschließlich aller Anpassungen;5,0;Stck;gaeb;vom_unternehmen_auszufuellende_dokumente/Ausschreibung 01, Vorgezogene Maßnahmen - Tiefbau und Infrastruktur 1, Leistungsverzeichnis.X83
60;Dichtungsbahn, Dicke >= 2,0 mm an das Rohrdurchführungsbauteil, da 315 aus PE 100, mittels Warmgasextrusionsschweißen von Hand werkstoff- und anforderungsgerecht anschließen, einschließlich aller Anpassungen;2,0;Stck;gaeb;vom_unternehmen_auszufuellende_dokumente/Ausschreibung 01, Vorgezogene Maßnahmen - Tiefbau und Infrastruktur 1, Leistungsverzeichnis.X83
70;Geotextil gemäß DIN EN 13257 für die Anwendungen Schützen  liefern und;1375,0;m²;gaeb;vom_unternehmen_auszufuellende_dokumente/Ausschreibung 01, Vorgezogene Maßnahmen - Tiefbau und Infrastruktur 1, Leistungsverzeichnis.X83
80;Geotextil der Vorposition in den Einbindegraben umlaufend um das Becken gemäß Zeichnungs-Nr:;1,0;pau;gaeb;vom_unternehmen_auszufuellende_dokumente/Ausschreibung 01, Vorgezogene Maßnahmen - Tiefbau und Infrastruktur 1, Leistungsverzeichnis.X83
90;Aussparungen und Angleichen des Geotextils der Vor-Pos. an die Rohrdurchfürungsbau;7,0;Stck;gaeb;vom_unternehmen_auszufuellende_dokumente/Ausschreibung 01, Vorgezogene Maßnahmen - Tiefbau und Infrastruktur 1, Leistungsverzeichnis.X83
100;Geotextil gemäß DIN EN 13257 für die Anwendungen Schützen  liefern und;1375,0;m²;gaeb;vom_unternehmen_auszufuellende_dokumente/Ausschreibung 01, Vorgezogene Maßnahmen - Tiefbau und Infrastruktur 1, Leistungsverzeichnis.X83
110;Geotextil der Vorposition in den Einbindegraben umlaufend um das Becken gemäß Zeichnungs-Nr:;1,0;pau;gaeb;vom_unternehmen_auszufuellende_dokumente/Ausschreibung 01, Vorgezogene Maßnahmen - Tiefbau und Infrastruktur 1, Leistungsverzeichnis.X83
120;Aussparungen und Angleichen des Geotextils der Vor-Pos. an die Rohrdurchfürungsbauteile;7,0;Stck;gaeb;vom_unternehmen_auszufuellende_dokumente/Ausschreibung 01, Vorgezogene Maßnahmen - Tiefbau und Infrastruktur 1, Leistungsverzeichnis.X83
130;Geotextil;5,0;Stck;gaeb;vom_unternehmen_auszufuellende_dokumente/Ausschreibung 01, Vorgezogene Maßnahmen - Tiefbau und Infrastruktur 1, Leistungsverzeichnis.X83
140;Geotextil;2,0;Stck;gaeb;vom_unternehmen_auszufuellende_dokumente/Ausschreibung 01, Vorgezogene Maßnahmen - Tiefbau und Infrastruktur 1, Leistungsverzeichnis.X83
150;Liefern und verlegen einer extrudierten und zweiaxial gestreckten Krallmatte aus drei miteinander vernähten Lagen Polypropylen-Geogitter mit folgenden Eigenschaften (Mittelwerte) auf der Böschung oberhalb der Filterschicht und des Zulaufbereichs des Retentionsbodenfilters mit einer Neigung von 1:3 e;1200,0;m²;gaeb;vom_unternehmen_auszufuellende_dokumente/Ausschreibung 01, Vorgezogene Maßnahmen - Tiefbau und Infrastruktur 1, Leistungsverzeichnis.X83
160;Krallmatte der Vorposition in den Einbindegraben umlaufend um das Becken gemäß Zeichnungs-Nr:;1,0;pau;gaeb;vom_unternehmen_auszufuellende_dokumente/Ausschreibung 01, Vorgezogene Maßnahmen - Tiefbau und Infrastruktur 1, Leistungsverzeichnis.X83
170;Erosionsschutzmatte aus Kokosgewebe gemäß den Technischen Vorbemerkungen, Baubeschreibung liefern und auf das Geotextil auf der Böschung oberhalb der Filterschicht und des Zulaufbereichs des Retentionsbodenfilters mit einer Neigung von 1:3 einbauen;1200,0;m²;gaeb;vom_unternehmen_auszufuellende_dokumente/Ausschreibung 01, Vorgezogene Maßnahmen - Tiefbau und Infrastruktur 1, Leistungsverzeichnis.X83
180;Kokosmatte der Vorposition in den Einbindegraben umlaufend um das Becken gemäß Zeichnungs-Nr:;1,0;PSCH;gaeb;vom_unternehmen_auszufuellende_dokumente/Ausschreibung 01, Vorgezogene Maßnahmen - Tiefbau und Infrastruktur 1, Leistungsverzeichnis.X83
190;Für die Kunststoffdichtungsbahn des Löschwasserteiches ist ein vorläufiger Verlegeplan zu erstellen und vom AN vorab mit den Beteiligten abzustimmen.;1,0;PSCH;gaeb;vom_unternehmen_auszufuellende_dokumente/Ausschreibung 01, Vorgezogene Maßnahmen - Tiefbau und Infrastruktur 1, Leistungsverzeichnis.X83
200;Dichtungsbahnen aus PEHD mit einer Mindestdicke von min.  2,0 mm, Oberfläche beidseitig strukturiert, mit DIBt-Zulassung und gemäß den Technischen Vorbemerkungen liefern und fachgerecht auf das Geotextil als Dichtungsschicht in die Oberflächenabdichtung einbauen;1350,0;m²;gaeb;vom_unternehmen_auszufuellende_dokumente/Ausschreibung 01, Vorgezogene Maßnahmen - Tiefbau und Infrastruktur 1, Leistungsverzeichnis.X83
210;Dichtungsbahnen der Vorposition in den Einbindegraben umlaufend um den Löschwasserteich  gemäß Zeichnungs-Nr:;1,0;PSCH;gaeb;vom_unternehmen_auszufuellende_dokumente/Ausschreibung 01, Vorgezogene Maßnahmen - Tiefbau und Infrastruktur 1, Leistungsverzeichnis.X83
220;Aussparungen und Angleichen;5,0;Stck;gaeb;vom_unternehmen_auszufuellende_dokumente/Ausschreibung 01, Vorgezogene Maßnahmen - Tiefbau und Infrastruktur 1, Leistungsverzeichnis.X83
230;Aussparungen und Angleichen der Dichtungsbahn der Vor-Pos. an den bestehenden Entwässerungsschacht (DN 1000);1,0;Stck;gaeb;vom_unternehmen_auszufuellende_dokumente/Ausschreibung 01, Vorgezogene Maßnahmen - Tiefbau und Infrastruktur 1, Leistungsverzeichnis.X83
240;Aussparungen und Angleichen der Dichtungsbahn der Vor-Pos. an den bestehenden Kabelzugschacht (90 x 90 cm);1,0;Stck;gaeb;vom_unternehmen_auszufuellende_dokumente/Ausschreibung 01, Vorgezogene Maßnahmen - Tiefbau und Infrastruktur 1, Leistungsverzeichnis.X83
250;Aussparungen und Angleichen der Dichtungsbahnen der Vor-Pos. an den neu zu errichtenden Pumpenschacht (DN 1200);1,0;Stck;gaeb;vom_unternehmen_auszufuellende_dokumente/Ausschreibung 01, Vorgezogene Maßnahmen - Tiefbau und Infrastruktur 1, Leistungsverzeichnis.X83
260;Dichtungsbahnen, Dicke >= 2,0 mm an die Rohrdurchführungs-bauteile, da 450  aus PE 100, mittels Warmgasextrusions-schweißen von Hand werkstoff- und anforderungsgerecht anschließen, einschließlich aller Anpassungen;3,0;Stck;gaeb;vom_unternehmen_auszufuellende_dokumente/Ausschreibung 01, Vorgezogene Maßnahmen - Tiefbau und Infrastruktur 1, Leistungsverzeichnis.X83
270;Dichtungsbahnen, Dicke >= 2,0 mm an das Rohrdurchführungsbauteil, da 630 aus PE 100, mittels Warmgasextrusionsschweißen von Hand werkstoff- und anforderungsgerecht anschließen, einschließlich aller Anpassungen;2,0;Stck;gaeb;vom_unternehmen_auszufuellende_dokumente/Ausschreibung 01, Vorgezogene Maßnahmen - Tiefbau und Infrastruktur 1, Leistungsverzeichnis.X83
280;Geotextil gemäß DIN EN 13257 für die Anwendungen Schützen  liefern und;1350,0;m²;gaeb;vom_unternehmen_auszufuellende_dokumente/Ausschreibung 01, Vorgezogene Maßnahmen - Tiefbau und Infrastruktur 1, Leistungsverzeichnis.X83
290;Geotextil der Vorposition in den Einbindegraben umlaufend um das Becken gemäß Zeichnungs-Nr:;1,0;PSCH;gaeb;vom_unternehmen_auszufuellende_dokumente/Ausschreibung 01, Vorgezogene Maßnahmen - Tiefbau und Infrastruktur 1, Leistungsverzeichnis.X83
300;Aussparungen, Löschwasserteich;5,0;Stck;gaeb;vom_unternehmen_auszufuellende_dokumente/Ausschreibung 01, Vorgezogene Maßnahmen - Tiefbau und Infrastruktur 1, Leistungsverzeichnis.X83
310;Aussparungen und Angleichen des Geotextils der Vor-Pos. an den bestehenden Kabelzugschacht (90 x 90 cm);1,0;Stck;gaeb;vom_unternehmen_auszufuellende_dokumente/Ausschreibung 01, Vorgezogene Maßnahmen - Tiefbau und Infrastruktur 1, Leistungsverzeichnis.X83
320;Aussparungen und Angleichen des Geotextils der Vor-Pos. an den neu zu errichtenden Pumpenschacht (DN 1200);1,0;Stck;gaeb;vom_unternehmen_auszufuellende_dokumente/Ausschreibung 01, Vorgezogene Maßnahmen - Tiefbau und Infrastruktur 1, Leistungsverzeichnis.X83
330;Aussparungen und Angleichen des Geotextils der Vor-Pos. an den bestehenden Entwässerungsschacht (DN 1000);1,0;Stck;gaeb;vom_unternehmen_auszufuellende_dokumente/Ausschreibung 01, Vorgezogene Maßnahmen - Tiefbau und Infrastruktur 1, Leistungsverzeichnis.X83
340;Geotextil;3,0;Stck;gaeb;vom_unternehmen_auszufuellende_dokumente/Ausschreibung 01, Vorgezogene Maßnahmen - Tiefbau und Infrastruktur 1, Leistungsverzeichnis.X83
350;Geotextil;2,0;Stck;gaeb;vom_unternehmen_auszufuellende_dokumente/Ausschreibung 01, Vorgezogene Maßnahmen - Tiefbau und Infrastruktur 1, Leistungsverzeichnis.X83
10;Hochlast-Vollwandrohre aus Polypropylen nach DIN EN 1852-1 mit werkseitig eingelegtem Dreifach-Dichtsystem aus SBR nach DIN EN 681-1 liefern und höhen- und fluchtgerecht nach DIN EN 1610 verbinden und in vorbereitete Gräben fachgerecht mit dem geforderten Gefälle verlegen;140,0;m;gaeb;vom_unternehmen_auszufuellende_dokumente/Ausschreibung 01, Vorgezogene Maßnahmen - Tiefbau und Infrastruktur 1, Leistungsverzeichnis.X83
20;Hochlast-Vollwandrohre aus Polypropylen nach DIN EN 1852-1 mit werkseitig eingelegtem Dreifach-Dichtsystem aus SBR nach DIN EN 681-1 liefern und höhen- und fluchtgerecht nach DIN EN 1610 verbinden und in vorbereitete Gräben fachgerecht mit dem geforderten Gefälle verlegen;36,0;m;gaeb;vom_unternehmen_auszufuellende_dokumente/Ausschreibung 01, Vorgezogene Maßnahmen - Tiefbau und Infrastruktur 1, Leistungsverzeichnis.X83
30;Hochlast-Vollwandrohre aus Polypropylen nach DIN EN 1852-1 mit werkseitig eingelegtem Dreifach-Dichtsystem aus SBR nach DIN EN 681-1 liefern und höhen- und fluchtgerecht nach DIN EN 1610 verbinden und in vorbereitete Gräben fachgerecht mit dem geforderten Gefälle verlegen;50,0;m;gaeb;vom_unternehmen_auszufuellende_dokumente/Ausschreibung 01, Vorgezogene Maßnahmen - Tiefbau und Infrastruktur 1, Leistungsverzeichnis.X83
40;Hochlast-Vollwandrohre aus Polypropylen nach DIN EN 1852-1 mit werkseitig eingelegtem Dreifach-Dichtsystem aus SBR nach DIN EN 681-1 liefern und höhen- und fluchtgerecht nach DIN EN 1610 verbinden und in vorbereitete Gräben fachgerecht mit dem geforderten Gefälle verlegen;42,0;m;gaeb;vom_unternehmen_auszufuellende_dokumente/Ausschreibung 01, Vorgezogene Maßnahmen - Tiefbau und Infrastruktur 1, Leistungsverzeichnis.X83
50;Hochlast-Vollwandrohre aus Polypropylen nach DIN EN 1852-1 mit werkseitig eingelegtem Dreifach-Dichtsystem aus SBR nach DIN EN 681-1 liefern und höhen- und fluchtgerecht nach DIN EN 1610 verbinden und in vorbereitete Gräben fachgerecht mit dem geforderten Gefälle verlegen;250,0;m;gaeb;vom_unternehmen_auszufuellende_dokumente/Ausschreibung 01, Vorgezogene Maßnahmen - Tiefbau und Infrastruktur 1, Leistungsverzeichnis.X83
60;Hochlast-Vollwandrohre aus Polypropylen nach DIN EN 1852-1 mit werkseitig eingelegtem Dreifach-Dichtsystem aus SBR nach DIN EN 681-1 liefern und höhen- und fluchtgerecht nach DIN EN 1610 verbinden und in vorbereitete Gräben fachgerecht mit dem geforderten Gefälle verlegen;90,0;m;gaeb;vom_unternehmen_auszufuellende_dokumente/Ausschreibung 01, Vorgezogene Maßnahmen - Tiefbau und Infrastruktur 1, Leistungsverzeichnis.X83
70;Hochlast-Vollwandrohre aus Polypropylen nach DIN EN 1852-1 mit werkseitig eingelegtem Dreifach-Dichtsystem aus SBR nach DIN EN 681-1 liefern und höhen- und fluchtgerecht nach DIN EN 1610 verbinden und in vorbereitete Gräben fachgerecht mit dem geforderten Gefälle verlegen;130,0;m;gaeb;vom_unternehmen_auszufuellende_dokumente/Ausschreibung 01, Vorgezogene Maßnahmen - Tiefbau und Infrastruktur 1, Leistungsverzeichnis.X83
80;Vollwandiges Kanalrohr da 710 aus PP;130,0;m;gaeb;vom_unternehmen_auszufuellende_dokumente/Ausschreibung 01, Vorgezogene Maßnahmen - Tiefbau und Infrastruktur 1, Leistungsverzeichnis.X83
90;Stahlbetonrohre SB-KF-GM DN 1000 x 3000 [mm] nach DIN EN 1916 und DIN V 1201 sowie den erhöhten Anforderungen der FBS-Qualitätsrichtlinie, Teil 1, einschließlich aller Verbindungs-muffen, Dichtungen liefern;30,0;m;gaeb;vom_unternehmen_auszufuellende_dokumente/Ausschreibung 01, Vorgezogene Maßnahmen - Tiefbau und Infrastruktur 1, Leistungsverzeichnis.X83
100;Böschungsstück aus Stahlbeton DN 1000 mit einer Sohllänge von 1 m nach DIN EN 1916 und DIN V 1201 sowie den erhöhten Anforderungen der FBS-Qualitätsrichtlinie, Teil 1, auf beiden Seiten mit Spitzende liefern;1,0;Stck;gaeb;vom_unternehmen_auszufuellende_dokumente/Ausschreibung 01, Vorgezogene Maßnahmen - Tiefbau und Infrastruktur 1, Leistungsverzeichnis.X83
110;Rohrende der vorhandenen Entwässerungsleitung reinigen, sichern, abdecken und für den Anschluss an den neuen Schacht RW 15, DN 2000 vorbereiten;1,0;Stck;gaeb;vom_unternehmen_auszufuellende_dokumente/Ausschreibung 01, Vorgezogene Maßnahmen - Tiefbau und Infrastruktur 1, Leistungsverzeichnis.X83
120;Rohrende der vorhandenen Entwässerungsleitung reinigen, sichern, abdecken und für den Anschluss an den neuen Schacht RW 15, DN 2000 vorbereiten;1,0;Stck;gaeb;vom_unternehmen_auszufuellende_dokumente/Ausschreibung 01, Vorgezogene Maßnahmen - Tiefbau und Infrastruktur 1, Leistungsverzeichnis.X83
130;Rohrende der vorhandenen Entwässerungsleitung reinigen, sichern, abdecken und für den Anschluss an den neuen Schacht RW 17, DN 2000 vorbereiten;1,0;Stck;gaeb;vom_unternehmen_auszufuellende_dokumente/Ausschreibung 01, Vorgezogene Maßnahmen - Tiefbau und Infrastruktur 1, Leistungsverzeichnis.X83
140;Rohrende der vorhandenen Entwässerungsleitung reinigen, sichern, abdecken und für den Anschluss an den neuen Schacht RW 12, DN 1000 vorbereiten;1,0;Stck;gaeb;vom_unternehmen_auszufuellende_dokumente/Ausschreibung 01, Vorgezogene Maßnahmen - Tiefbau und Infrastruktur 1, Leistungsverzeichnis.X83
150;Rohrende der vorhandenen Entwässerungsleitung reinigen, sichern, abdecken und für den Anschluss an den neuen Schacht RW 7, DN 1500 vorbereiten;1,0;Stck;gaeb;vom_unternehmen_auszufuellende_dokumente/Ausschreibung 01, Vorgezogene Maßnahmen - Tiefbau und Infrastruktur 1, Leistungsverzeichnis.X83
160;Rohrende der vorhandenen Entwässerungsleitung reinigen, sichern, abdecken und für den Anschluss an den neuen Schacht RW 6, DN 1200 vorbereiten;1,0;Stck;gaeb;vom_unternehmen_auszufuellende_dokumente/Ausschreibung 01, Vorgezogene Maßnahmen - Tiefbau und Infrastruktur 1, Leistungsverzeichnis.X83
170;Rohrende der vorhandenen Entwässerungsleitung reinigen, sichern, abdecken und für den Anschluss an den neuen Schacht RW 6, DN 1200 vorbereiten;1,0;Stck;gaeb;vom_unternehmen_auszufuellende_dokumente/Ausschreibung 01, Vorgezogene Maßnahmen - Tiefbau und Infrastruktur 1, Leistungsverzeichnis.X83
180;Rohrende der vorhandenen Dachflächenentwässerungsleitung reinigen, sichern, abdecken und für den Anschluss an den neuen Schacht RW 6, DN 1200 vorbereiten;1,0;Stck;gaeb;vom_unternehmen_auszufuellende_dokumente/Ausschreibung 01, Vorgezogene Maßnahmen - Tiefbau und Infrastruktur 1, Leistungsverzeichnis.X83
190;Rohrende der vorhandenen Entwässerungsleitung reinigen, sichern, abdecken und für den Anschluss an den neuen Schacht RW 9, DN 1500 vorbereiten;1,0;Stck;gaeb;vom_unternehmen_auszufuellende_dokumente/Ausschreibung 01, Vorgezogene Maßnahmen - Tiefbau und Infrastruktur 1, Leistungsverzeichnis.X83
200;Rohrende der vorhandenen Entwässerungsleitung reinigen, sichern, abdecken und für den Anschluss an den neuen Schacht RW 9, DN 1500 vorbereiten;1,0;Stck;gaeb;vom_unternehmen_auszufuellende_dokumente/Ausschreibung 01, Vorgezogene Maßnahmen - Tiefbau und Infrastruktur 1, Leistungsverzeichnis.X83
210;Anschluss Rohrleitung da 300 aus PP an den Bestandsschacht der neu geplanten Entwässerungsmulde;1,0;Stck;gaeb;vom_unternehmen_auszufuellende_dokumente/Ausschreibung 01, Vorgezogene Maßnahmen - Tiefbau und Infrastruktur 1, Leistungsverzeichnis.X83
220;Straßenablaufkombination aus PE einschl. aller erforderlichen Formteile liefern, einbauen und an das Kanalrohr aus PP, da 160 über nicht verschiebbare Dichtlippe anschließen;4,0;Stck;gaeb;vom_unternehmen_auszufuellende_dokumente/Ausschreibung 01, Vorgezogene Maßnahmen - Tiefbau und Infrastruktur 1, Leistungsverzeichnis.X83
230;Straßenablaufkombination aus PE einschl. aller erforderlichen Formteile liefern, einbauen und an das Kanalrohr aus PP, da 160 über nicht verschiebbare Dichtlippe anschließen;4,0;Stck;gaeb;vom_unternehmen_auszufuellende_dokumente/Ausschreibung 01, Vorgezogene Maßnahmen - Tiefbau und Infrastruktur 1, Leistungsverzeichnis.X83
240;Straßenablaufkombination aus PE einschl. aller erforderlichen Formteile liefern, einbauen und an das Kanalrohr aus PP, da 225 über nicht verschiebbare Dichtlippe anschließen;1,0;Stck;gaeb;vom_unternehmen_auszufuellende_dokumente/Ausschreibung 01, Vorgezogene Maßnahmen - Tiefbau und Infrastruktur 1, Leistungsverzeichnis.X83
250;Straßenablaufkombination aus PE einschl. aller erforderlichen Formteile liefern, einbauen und an das Kanalrohr aus PP, da 160 über nichtverschiebbare Dichtlippe anschließen;17,0;Stck;gaeb;vom_unternehmen_auszufuellende_dokumente/Ausschreibung 01, Vorgezogene Maßnahmen - Tiefbau und Infrastruktur 1, Leistungsverzeichnis.X83
260;Standrohr aus verzinktem Stahl, DN 125 einschließlich Reinigungsrohr mit Deckel und flacher Standrohrkappe zwischen Fallrohr DN 100 und Stahl-Rohr für die Gebäude liefern und im Übergang der Fallrohre in das Erdreich mit einer Länge von rd. 1,50 m einbauen. Das Stahl-Rohr ist bis 1,0 m über GOK einz;3,0;Stck;gaeb;vom_unternehmen_auszufuellende_dokumente/Ausschreibung 01, Vorgezogene Maßnahmen - Tiefbau und Infrastruktur 1, Leistungsverzeichnis.X83
270;Liefern und Verlegen von Bögen aus Polypropylen nach;5,0;Stck;gaeb;vom_unternehmen_auszufuellende_dokumente/Ausschreibung 01, Vorgezogene Maßnahmen - Tiefbau und Infrastruktur 1, Leistungsverzeichnis.X83
280;Liefern und Verlegen von Bögen aus Polypropylen nach;5,0;Stck;gaeb;vom_unternehmen_auszufuellende_dokumente/Ausschreibung 01, Vorgezogene Maßnahmen - Tiefbau und Infrastruktur 1, Leistungsverzeichnis.X83
290;Liefern und Verlegen von Bögen aus Polypropylen nach;43,0;Stck;gaeb;vom_unternehmen_auszufuellende_dokumente/Ausschreibung 01, Vorgezogene Maßnahmen - Tiefbau und Infrastruktur 1, Leistungsverzeichnis.X83
300;Liefern und Verlegen von Bögen aus Polypropylen nach;1,0;Stck;gaeb;vom_unternehmen_auszufuellende_dokumente/Ausschreibung 01, Vorgezogene Maßnahmen - Tiefbau und Infrastruktur 1, Leistungsverzeichnis.X83
310;Liefern und Verlegen von Bögen aus Polypropylen nach;1,0;Stck;gaeb;vom_unternehmen_auszufuellende_dokumente/Ausschreibung 01, Vorgezogene Maßnahmen - Tiefbau und Infrastruktur 1, Leistungsverzeichnis.X83
320;Liefern und Verlegen von Bögen aus Polypropylen nach;7,0;Stck;gaeb;vom_unternehmen_auszufuellende_dokumente/Ausschreibung 01, Vorgezogene Maßnahmen - Tiefbau und Infrastruktur 1, Leistungsverzeichnis.X83
330;Liefern und Verlegen von Bögen aus Polypropylen nach;3,0;Stck;gaeb;vom_unternehmen_auszufuellende_dokumente/Ausschreibung 01, Vorgezogene Maßnahmen - Tiefbau und Infrastruktur 1, Leistungsverzeichnis.X83
340;Liefern und Verlegen von Abzweigen aus Polypropylen nach;1,0;Stck;gaeb;vom_unternehmen_auszufuellende_dokumente/Ausschreibung 01, Vorgezogene Maßnahmen - Tiefbau und Infrastruktur 1, Leistungsverzeichnis.X83
350;Liefern und Verlegen von Abzweigen aus Polypropylen nach;1,0;Stck;gaeb;vom_unternehmen_auszufuellende_dokumente/Ausschreibung 01, Vorgezogene Maßnahmen - Tiefbau und Infrastruktur 1, Leistungsverzeichnis.X83
360;Übergangsstück PVC/PP, DN150/da160 mit formschlüssig fixierten Dichtungen aus EPDM nach DIN EN 681-1 im Bereich der neu geplanten Entwässerungsmulde zum Anschluss des Abzweigs da 160 aus PP nach DIN EN 1852-1 liefern und fachgerecht einbauen;2,0;Stck;gaeb;vom_unternehmen_auszufuellende_dokumente/Ausschreibung 01, Vorgezogene Maßnahmen - Tiefbau und Infrastruktur 1, Leistungsverzeichnis.X83
370;Sattelstück da 250/160 aus Polypropylen nach;5,0;Stck;gaeb;vom_unternehmen_auszufuellende_dokumente/Ausschreibung 01, Vorgezogene Maßnahmen - Tiefbau und Infrastruktur 1, Leistungsverzeichnis.X83
380;Sattelstück da 300/160 aus Polypropylen nach;1,0;Stck;gaeb;vom_unternehmen_auszufuellende_dokumente/Ausschreibung 01, Vorgezogene Maßnahmen - Tiefbau und Infrastruktur 1, Leistungsverzeichnis.X83
390;Sattelstück da 400/160 aus Polypropylen nach DIN EN 1852-1 mit formschlüssig fixierten Dichtungen aus EPDM nach DIN EN 681-1 liefern, Anschlusshaltung anbohren, fachgerecht und gemäß Herstellerangaben montieren;10,0;Stck;gaeb;vom_unternehmen_auszufuellende_dokumente/Ausschreibung 01, Vorgezogene Maßnahmen - Tiefbau und Infrastruktur 1, Leistungsverzeichnis.X83
400;Sattelstück da 500/160 aus Polypropylen nach;3,0;Stck;gaeb;vom_unternehmen_auszufuellende_dokumente/Ausschreibung 01, Vorgezogene Maßnahmen - Tiefbau und Infrastruktur 1, Leistungsverzeichnis.X83
410;Sattelstück DN 500/160 aus Polypropylen nach;5,0;Stck;gaeb;vom_unternehmen_auszufuellende_dokumente/Ausschreibung 01, Vorgezogene Maßnahmen - Tiefbau und Infrastruktur 1, Leistungsverzeichnis.X83
420;Sattelstück da 630/160 aus Polypropylen nach DIN EN 1852-1 mit formschlüssig fixierten Dichtungen aus EPDM nach DIN EN 681-1 liefern, Anschlusshaltung anbohren, fachgerecht und gemäß Herstellerangaben montieren;4,0;Stck;gaeb;vom_unternehmen_auszufuellende_dokumente/Ausschreibung 01, Vorgezogene Maßnahmen - Tiefbau und Infrastruktur 1, Leistungsverzeichnis.X83
430;Sattelstück da 630/300 aus Polypropylen nach DIN EN 1852-1 mit formschlüssig fixierten Dichtungen aus EPDM nach DIN EN 681-1 liefern, Anschlusshaltung anbohren, fachgerecht und gemäß Herstellerangaben montieren;1,0;Stck;gaeb;vom_unternehmen_auszufuellende_dokumente/Ausschreibung 01, Vorgezogene Maßnahmen - Tiefbau und Infrastruktur 1, Leistungsverzeichnis.X83
440;Liefern und Verlegen von Doppelsteckmuffen da 710 aus Polypropylen nach;20,0;Stck;gaeb;vom_unternehmen_auszufuellende_dokumente/Ausschreibung 01, Vorgezogene Maßnahmen - Tiefbau und Infrastruktur 1, Leistungsverzeichnis.X83
450;Liefern und Einbauen von Muffenstopfen da 160 aus Polypropylen nach;23,0;Stck;gaeb;vom_unternehmen_auszufuellende_dokumente/Ausschreibung 01, Vorgezogene Maßnahmen - Tiefbau und Infrastruktur 1, Leistungsverzeichnis.X83
460;Liefern und Einbauen von Muffenstopfen da 500 aus Polypropylen nach;1,0;Stck;gaeb;vom_unternehmen_auszufuellende_dokumente/Ausschreibung 01, Vorgezogene Maßnahmen - Tiefbau und Infrastruktur 1, Leistungsverzeichnis.X83
470;Fertigteilkanalschacht gem. DIN EN 1917 und DIN 4034-1,    DN 1200, Tiefe ca. 2,68 m, bestehend aus:;1,0;Stck;gaeb;vom_unternehmen_auszufuellende_dokumente/Ausschreibung 01, Vorgezogene Maßnahmen - Tiefbau und Infrastruktur 1, Leistungsverzeichnis.X83
480;Fertigteilkanalschacht gem. DIN EN 1917 und DIN 4034-1,    DN 1500, Tiefe ca. 2,88 m, bestehend aus:;1,0;Stck;gaeb;vom_unternehmen_auszufuellende_dokumente/Ausschreibung 01, Vorgezogene Maßnahmen - Tiefbau und Infrastruktur 1, Leistungsverzeichnis.X83
490;Fertigteilkanalschacht gem. DIN EN 1917 und DIN 4034-1,    DN 1200, Tiefe ca. 2,95 m, bestehend aus:;1,0;Stck;gaeb;vom_unternehmen_auszufuellende_dokumente/Ausschreibung 01, Vorgezogene Maßnahmen - Tiefbau und Infrastruktur 1, Leistungsverzeichnis.X83
500;Fertigteilkanalschacht gem. DIN EN 1917 und DIN 4034-1,    DN 1500, Tiefe ca. 2,82 m, bestehend aus:;1,0;Stck;gaeb;vom_unternehmen_auszufuellende_dokumente/Ausschreibung 01, Vorgezogene Maßnahmen - Tiefbau und Infrastruktur 1, Leistungsverzeichnis.X83
510;Fertigteilkanalschacht gem. DIN EN 1917 und DIN 4034-1,    DN 2000, Tiefe ca. 2,77 m, bestehend aus:;1,0;Stck;gaeb;vom_unternehmen_auszufuellende_dokumente/Ausschreibung 01, Vorgezogene Maßnahmen - Tiefbau und Infrastruktur 1, Leistungsverzeichnis.X83
520;Fertigteilkanalschacht gem. DIN EN 1917 und DIN 4034-1,    DN 2000, Tiefe ca. 2,32 m, bestehend aus:;1,0;Stck;gaeb;vom_unternehmen_auszufuellende_dokumente/Ausschreibung 01, Vorgezogene Maßnahmen - Tiefbau und Infrastruktur 1, Leistungsverzeichnis.X83
530;Fertigteilkanalschacht gem. DIN EN 1917 und DIN 4034-1,    DN 1200, Tiefe ca. 3,27 m, bestehend aus:;1,0;Stck;gaeb;vom_unternehmen_auszufuellende_dokumente/Ausschreibung 01, Vorgezogene Maßnahmen - Tiefbau und Infrastruktur 1, Leistungsverzeichnis.X83
540;Fertigteilkanalschacht gem. DIN EN 1917 und DIN 4034-1,;1,0;Stck;gaeb;vom_unternehmen_auszufuellende_dokumente/Ausschreibung 01, Vorgezogene Maßnahmen - Tiefbau und Infrastruktur 1, Leistungsverzeichnis.X83
550;Fertigteilkanalschacht gem. DIN EN 1917 und DIN 4034-1,;1,0;Stck;gaeb;vom_unternehmen_auszufuellende_dokumente/Ausschreibung 01, Vorgezogene Maßnahmen - Tiefbau und Infrastruktur 1, Leistungsverzeichnis.X83
560;Fertigteilkanalschacht gem. DIN EN 1917 und DIN 4034-1,    DN 1500, Tiefe ca. 3,04 m, bestehend aus:;1,0;Stck;gaeb;vom_unternehmen_auszufuellende_dokumente/Ausschreibung 01, Vorgezogene Maßnahmen - Tiefbau und Infrastruktur 1, Leistungsverzeichnis.X83
570;Fertigteilkanalschacht gem. DIN EN 1917 und DIN 4034-1,    DN 1500, Tiefe ca. 2,99 m, bestehend aus:;1,0;Stck;gaeb;vom_unternehmen_auszufuellende_dokumente/Ausschreibung 01, Vorgezogene Maßnahmen - Tiefbau und Infrastruktur 1, Leistungsverzeichnis.X83
580;Fertigteilkanalschacht gem. DIN EN 1917 und DIN 4034-1,    DN 2000, Tiefe ca. 3,45 m, bestehend aus:;1,0;Stck;gaeb;vom_unternehmen_auszufuellende_dokumente/Ausschreibung 01, Vorgezogene Maßnahmen - Tiefbau und Infrastruktur 1, Leistungsverzeichnis.X83
590;Fertigteilkanalschacht gem. DIN EN 1917 und DIN 4034-1,    DN 1500, Tiefe ca. 5,74 m, bestehend aus:;1,0;Stck;gaeb;vom_unternehmen_auszufuellende_dokumente/Ausschreibung 01, Vorgezogene Maßnahmen - Tiefbau und Infrastruktur 1, Leistungsverzeichnis.X83
600;Drosselschacht aus PEHD, DN 1500, wie im Folgenden beschrieben, einschl. der technischen Ausrüstung liefern und einschl. den Anschlüssen an an- und abgehende Rohrelemente einbauen. Schachtbauwerk mit Einbauten und Nebenarbeiten wie folgt:;1,0;Stck;gaeb;vom_unternehmen_auszufuellende_dokumente/Ausschreibung 01, Vorgezogene Maßnahmen - Tiefbau und Infrastruktur 1, Leistungsverzeichnis.X83
610;Fertigteilkanalschacht gem. DIN EN 1917 und DIN 4034-1,    DN 1200, Tiefe ca. 1,81 m, bestehend aus:;1,0;Stck;gaeb;vom_unternehmen_auszufuellende_dokumente/Ausschreibung 01, Vorgezogene Maßnahmen - Tiefbau und Infrastruktur 1, Leistungsverzeichnis.X83
620;Fertigteilkanalschacht gem. DIN EN 1917 und DIN 4034-1,    DN 1200, Tiefe ca. 1,66 m, bestehend aus:;1,0;Stck;gaeb;vom_unternehmen_auszufuellende_dokumente/Ausschreibung 01, Vorgezogene Maßnahmen - Tiefbau und Infrastruktur 1, Leistungsverzeichnis.X83
630;Fertigteilkanalschacht gem. DIN EN 1917 und DIN 4034-1,    DN 1200, Tiefe ca. 2,15 m, bestehend aus:;1,0;Stck;gaeb;vom_unternehmen_auszufuellende_dokumente/Ausschreibung 01, Vorgezogene Maßnahmen - Tiefbau und Infrastruktur 1, Leistungsverzeichnis.X83
640;Fertigteilkanalschacht gem. DIN EN 1917 und DIN 4034-1,    DN 1200, Tiefe ca. 1,88 m, bestehend aus:;1,0;Stck;gaeb;vom_unternehmen_auszufuellende_dokumente/Ausschreibung 01, Vorgezogene Maßnahmen - Tiefbau und Infrastruktur 1, Leistungsverzeichnis.X83
650;Fertigteilkanalschacht gem. DIN EN 1917 und DIN 4034-1,    DN 1500, Tiefe ca. 1,70  m, bestehend aus:;1,0;Stck;gaeb;vom_unternehmen_auszufuellende_dokumente/Ausschreibung 01, Vorgezogene Maßnahmen - Tiefbau und Infrastruktur 1, Leistungsverzeichnis.X83
660;Fertigteilkanalschacht gem. DIN EN 1917 und DIN 4034-1,    DN 1200, Tiefe ca. 1,42 m, bestehend aus:;1,0;Stck;gaeb;vom_unternehmen_auszufuellende_dokumente/Ausschreibung 01, Vorgezogene Maßnahmen - Tiefbau und Infrastruktur 1, Leistungsverzeichnis.X83
670;Hochdruckspülung der Rohrleitungen aus PP, da 225 bis da 710,;1,0;pau;gaeb;vom_unternehmen_auszufuellende_dokumente/Ausschreibung 01, Vorgezogene Maßnahmen - Tiefbau und Infrastruktur 1, Leistungsverzeichnis.X83
680;"Druckprüfung nach DIN EN 1610 nach Verfahren ""L"" oder ""W"" für";1,0;pau;gaeb;vom_unternehmen_auszufuellende_dokumente/Ausschreibung 01, Vorgezogene Maßnahmen - Tiefbau und Infrastruktur 1, Leistungsverzeichnis.X83
690;Kamerabefahrung der;1,0;pau;gaeb;vom_unternehmen_auszufuellende_dokumente/Ausschreibung 01, Vorgezogene Maßnahmen - Tiefbau und Infrastruktur 1, Leistungsverzeichnis.X83
700;Fertigteilkanalschacht gem. DIN EN 1917 und DIN 4034-1,    DN 1000, Tiefe ca. 3,78 m, bestehend aus:;1,0;Stck;gaeb;vom_unternehmen_auszufuellende_dokumente/Ausschreibung 01, Vorgezogene Maßnahmen - Tiefbau und Infrastruktur 1, Leistungsverzeichnis.X83
710;Fertigteilkanalschacht gem. DIN EN 1917 und DIN 4034-1,    DN 1000, Tiefe ca. 3,75 m, bestehend aus:;1,0;Stck;gaeb;vom_unternehmen_auszufuellende_dokumente/Ausschreibung 01, Vorgezogene Maßnahmen - Tiefbau und Infrastruktur 1, Leistungsverzeichnis.X83
720;Fertigteilkanalschacht gem. DIN EN 1917 und DIN 4034-1,    DN 1000, Tiefe ca. 3,74 m, bestehend aus:;1,0;Stck;gaeb;vom_unternehmen_auszufuellende_dokumente/Ausschreibung 01, Vorgezogene Maßnahmen - Tiefbau und Infrastruktur 1, Leistungsverzeichnis.X83
730;Fertigteilkanalschacht gem. DIN EN 1917 und DIN 4034-1,    DN 1000, Tiefe ca. 3,75 m, bestehend aus:;1,0;Stck;gaeb;vom_unternehmen_auszufuellende_dokumente/Ausschreibung 01, Vorgezogene Maßnahmen - Tiefbau und Infrastruktur 1, Leistungsverzeichnis.X83
740;Fertigteilkanalschacht gem. DIN EN 1917 und DIN 4034-1,    DN 1000, Tiefe ca. 3,74 m, bestehend aus:;1,0;Stck;gaeb;vom_unternehmen_auszufuellende_dokumente/Ausschreibung 01, Vorgezogene Maßnahmen - Tiefbau und Infrastruktur 1, Leistungsverzeichnis.X83
750;Fertigteilkanalschacht gem. DIN EN 1917 und DIN 4034-1,    DN 1000, Tiefe ca. 3,94 m, bestehend aus:;1,0;Stck;gaeb;vom_unternehmen_auszufuellende_dokumente/Ausschreibung 01, Vorgezogene Maßnahmen - Tiefbau und Infrastruktur 1, Leistungsverzeichnis.X83
760;Pumpenschacht (GOK Deckel 359,05 m ü. NN) im Bereich des Retentionsbodenfilters;1,0;Stck;gaeb;vom_unternehmen_auszufuellende_dokumente/Ausschreibung 01, Vorgezogene Maßnahmen - Tiefbau und Infrastruktur 1, Leistungsverzeichnis.X83
770;Rohrdurchführungsbauteil RBF, da 225 aus PE 100 liefern und höhen- und fluchtgerecht in die Dichtungsbahn des Retentionsbodenfilterbeckens RBF, Neigung 1:3 als Einlauf für die Entwässerungsleitung aus dem Regenklärbecken einbauen;5,0;Stck;gaeb;vom_unternehmen_auszufuellende_dokumente/Ausschreibung 01, Vorgezogene Maßnahmen - Tiefbau und Infrastruktur 1, Leistungsverzeichnis.X83
780;Rohrdurchführungsbauteil RBF, da 315 aus PE 100 liefern und höhen- und fluchtgerecht in die Dichtungsbahn des Retentionsbodenfilterbeckens RBF, Neigung 1:3 als Einlauf für die Entwässerungsleitung aus dem Regenklärbecken einbauen;2,0;Stck;gaeb;vom_unternehmen_auszufuellende_dokumente/Ausschreibung 01, Vorgezogene Maßnahmen - Tiefbau und Infrastruktur 1, Leistungsverzeichnis.X83
790;Drainrohr da 225 aus PE nach DIN 4262 Teil 1, Typ R2, als Teilsickerrohre mit Fließrinne und Schlitzung um ca. 220° des Rohrumfanges, Rohre in Verbundbauweise, innen glatt, außen gewellt, kreisrunder Querschnitt, Rohre einseitig mit Muffe, Wassereintrittsfläche > 50 cm2/m;65,0;m;gaeb;vom_unternehmen_auszufuellende_dokumente/Ausschreibung 01, Vorgezogene Maßnahmen - Tiefbau und Infrastruktur 1, Leistungsverzeichnis.X83
800;2 x Rohr;5,0;Stck;gaeb;vom_unternehmen_auszufuellende_dokumente/Ausschreibung 01, Vorgezogene Maßnahmen - Tiefbau und Infrastruktur 1, Leistungsverzeichnis.X83
810;Kanalrohr aus PE100, da 225, SDR 17 nach DIN 8074/8075 einschl. der Elektromuffen liefern und im Elektromuffen-schweißverfahren nach DVS 2207 verbinden und in vorbereitete Gräben fachgerecht verlegen;100,0;m;gaeb;vom_unternehmen_auszufuellende_dokumente/Ausschreibung 01, Vorgezogene Maßnahmen - Tiefbau und Infrastruktur 1, Leistungsverzeichnis.X83
820;Kanalrohr aus PE100, da 315, SDR 17 nach DIN 8074/8075 einschl. der Elektromuffen liefern und im Elektromuffen-schweißverfahren nach DVS 2207 verbinden und in vorbereitete Gräben fachgerecht verlegen;30,0;m;gaeb;vom_unternehmen_auszufuellende_dokumente/Ausschreibung 01, Vorgezogene Maßnahmen - Tiefbau und Infrastruktur 1, Leistungsverzeichnis.X83
830;Pumpleitung;20,0;m;gaeb;vom_unternehmen_auszufuellende_dokumente/Ausschreibung 01, Vorgezogene Maßnahmen - Tiefbau und Infrastruktur 1, Leistungsverzeichnis.X83
840;Rohrstück PE 100, SDR 26, da250, Länge= ca. 10 cm und Platte aus PE 100 Durchmesser von DN 225 und einer Plattenstärke von 10 mm liefern und fachgerecht mittels Extruderschweißverfahren gem. DVS 2207-4verbinden;5,0;Stck;gaeb;vom_unternehmen_auszufuellende_dokumente/Ausschreibung 01, Vorgezogene Maßnahmen - Tiefbau und Infrastruktur 1, Leistungsverzeichnis.X83
850;Bogenstücke aus PE 100, da 315, SDR 17 mit Winkel von 45° liefern;1,0;Stck;gaeb;vom_unternehmen_auszufuellende_dokumente/Ausschreibung 01, Vorgezogene Maßnahmen - Tiefbau und Infrastruktur 1, Leistungsverzeichnis.X83
860;Hochdruckspülung der Rohrleitung aus PE 100, da 225 bis da 315,;1,0;pau;gaeb;vom_unternehmen_auszufuellende_dokumente/Ausschreibung 01, Vorgezogene Maßnahmen - Tiefbau und Infrastruktur 1, Leistungsverzeichnis.X83
870;"Druckprüfung nach DIN EN 1610 nach Verfahren ""L"" oder ""W"" für Kanalrohre  aus PE 100, da 225 bis da 315, Gesamtlänge ca. 220 m,";1,0;pau;gaeb;vom_unternehmen_auszufuellende_dokumente/Ausschreibung 01, Vorgezogene Maßnahmen - Tiefbau und Infrastruktur 1, Leistungsverzeichnis.X83
880;Kamerabefahrung der Kanalrohre aus PE, da 225 bis da 315;1,0;pau;gaeb;vom_unternehmen_auszufuellende_dokumente/Ausschreibung 01, Vorgezogene Maßnahmen - Tiefbau und Infrastruktur 1, Leistungsverzeichnis.X83
890;Schachtfutter für ein Rohr aus PE, da 280 nach;1,0;Stck;gaeb;vom_unternehmen_auszufuellende_dokumente/Ausschreibung 01, Vorgezogene Maßnahmen - Tiefbau und Infrastruktur 1, Leistungsverzeichnis.X83
900;Schachtfutter für ein Rohr aus PP, da 400 nach;1,0;Stck;gaeb;vom_unternehmen_auszufuellende_dokumente/Ausschreibung 01, Vorgezogene Maßnahmen - Tiefbau und Infrastruktur 1, Leistungsverzeichnis.X83
910;Schachtfutter für ein Rohr aus PP, da 630 nach;1,0;Stck;gaeb;vom_unternehmen_auszufuellende_dokumente/Ausschreibung 01, Vorgezogene Maßnahmen - Tiefbau und Infrastruktur 1, Leistungsverzeichnis.X83
920;Hochlast-Vollwandrohre aus Polypropylen nach DIN EN 14758-1 oder DIN EN 1852-1 mit werkseitig eingelegtem Dreifach-Dichtsystem aus SBR nach DIN EN 681-1 liefern und höhen- und fluchtgerecht nach DIN EN 1610 verbinden und in vorbereitete Gräben fachgerecht mit dem geforderten Gefälle verlegen.;34,0;m;gaeb;vom_unternehmen_auszufuellende_dokumente/Ausschreibung 01, Vorgezogene Maßnahmen - Tiefbau und Infrastruktur 1, Leistungsverzeichnis.X83
930;H;2,0;m;gaeb;vom_unternehmen_auszufuellende_dokumente/Ausschreibung 01, Vorgezogene Maßnahmen - Tiefbau und Infrastruktur 1, Leistungsverzeichnis.X83
940;Abflussbegrenzer;1,0;Stck;gaeb;vom_unternehmen_auszufuellende_dokumente/Ausschreibung 01, Vorgezogene Maßnahmen - Tiefbau und Infrastruktur 1, Leistungsverzeichnis.X83
950;Liefern und Verlegen von Bögen aus Polypropylen nach;1,0;Stck;gaeb;vom_unternehmen_auszufuellende_dokumente/Ausschreibung 01, Vorgezogene Maßnahmen - Tiefbau und Infrastruktur 1, Leistungsverzeichnis.X83
960;Absperrschieber PN 16, da 280, SDR 17 mit beidseitigen PE-Stutzen da 280 liefern und in den Ablauf des Trennbauwerks fachgerecht einbauen.;1,0;Stck;gaeb;vom_unternehmen_auszufuellende_dokumente/Ausschreibung 01, Vorgezogene Maßnahmen - Tiefbau und Infrastruktur 1, Leistungsverzeichnis.X83
970;Hochdruckspülung der Rohrleitung aus PE 100, da 280,;1,0;pau;gaeb;vom_unternehmen_auszufuellende_dokumente/Ausschreibung 01, Vorgezogene Maßnahmen - Tiefbau und Infrastruktur 1, Leistungsverzeichnis.X83
980;"Druckprüfung nach DIN EN 1610 nach Verfahren ""L"" oder ""W"" für Kanalrohre da 280, Gesamtlänge ca. 3 m, in 1 Teilabschnitt durchführen. Die Druckprüfung darf nur von Unternehmen ausgeführt werden, die die RAL Gütesicherung GZ 961 erfüllen (Das Güteschutzsystem Kanalbau e.V. ist solch ein System.). Der";1,0;Stck;gaeb;vom_unternehmen_auszufuellende_dokumente/Ausschreibung 01, Vorgezogene Maßnahmen - Tiefbau und Infrastruktur 1, Leistungsverzeichnis.X83
990;Kamerabefahrung der Kanalrohre aus PE, da 280 Gesamtlänge ca. 3 m,;1,0;pau;gaeb;vom_unternehmen_auszufuellende_dokumente/Ausschreibung 01, Vorgezogene Maßnahmen - Tiefbau und Infrastruktur 1, Leistungsverzeichnis.X83
1000;Schachtfutter für ein Rohr aus PE, da 280 nach;1,0;Stck;gaeb;vom_unternehmen_auszufuellende_dokumente/Ausschreibung 01, Vorgezogene Maßnahmen - Tiefbau und Infrastruktur 1, Leistungsverzeichnis.X83
1010;Schachtfutter für ein Rohr aus PE, da 315 nach;2,0;Stck;gaeb;vom_unternehmen_auszufuellende_dokumente/Ausschreibung 01, Vorgezogene Maßnahmen - Tiefbau und Infrastruktur 1, Leistungsverzeichnis.X83
1020;Kanalrohr aus PE100, da 280, SDR 17 nach DIN 8074/8075 einschl. der Elektromuffen liefern und im Elektromuffen-schweißverfahren nach DVS 2207  verbinden und in vorbereitete Gräben fachgerecht verlegen;3,0;m;gaeb;vom_unternehmen_auszufuellende_dokumente/Ausschreibung 01, Vorgezogene Maßnahmen - Tiefbau und Infrastruktur 1, Leistungsverzeichnis.X83
1030;Regenwasser-Behandlungsanlage mit Schachtkonus als Komplettleistung zur Behandlung schwach belasteter Regenabflüsse von Bodenflächen herstellen:;1,0;pau;gaeb;vom_unternehmen_auszufuellende_dokumente/Ausschreibung 01, Vorgezogene Maßnahmen - Tiefbau und Infrastruktur 1, Leistungsverzeichnis.X83
1040;Hochdruckspülung der Sedimentationsstrecken aus PP, DN 600,;1,0;pau;gaeb;vom_unternehmen_auszufuellende_dokumente/Ausschreibung 01, Vorgezogene Maßnahmen - Tiefbau und Infrastruktur 1, Leistungsverzeichnis.X83
1050;"Druckprüfung nach DIN EN 1610 nach Verfahren ""L"" oder ""W"" für die Sedimenationsstrecken aus PP, DN 600, Gesamtlänge ca. 12 m,";1,0;pau;gaeb;vom_unternehmen_auszufuellende_dokumente/Ausschreibung 01, Vorgezogene Maßnahmen - Tiefbau und Infrastruktur 1, Leistungsverzeichnis.X83
1060;Kamerabefahrung der Kanalrohre aus PP, DN 600 Gesamtlänge ca. 12 m,;1,0;pau;gaeb;vom_unternehmen_auszufuellende_dokumente/Ausschreibung 01, Vorgezogene Maßnahmen - Tiefbau und Infrastruktur 1, Leistungsverzeichnis.X83
1070;Rohrdurchführungsbauteil LWT (Zulauf RW 11.1), da 630 aus PE 100 liefern und höhen- und fluchtgerecht in die Dichtungsbahn des Löschwasserteichs, Neigung 1:2 als Einlauf für die Entwässerungsleitung aus der Sedimentationsanlage einbauen;1,0;Stck;gaeb;vom_unternehmen_auszufuellende_dokumente/Ausschreibung 01, Vorgezogene Maßnahmen - Tiefbau und Infrastruktur 1, Leistungsverzeichnis.X83
1080;Rohrdurchführungsbauteil LWT (Ablauf Drosselschacht), da 630 aus PE 100 liefern und höhen- und fluchtgerecht in die Dichtungsbahn des Löschwasserteichs, Neigung 1:2 als Ablauf für die Entwässerungsleitung zum Drosselschacht einbauen;1,0;Stck;gaeb;vom_unternehmen_auszufuellende_dokumente/Ausschreibung 01, Vorgezogene Maßnahmen - Tiefbau und Infrastruktur 1, Leistungsverzeichnis.X83
1090;Kanalrohr aus PE100, da 630, SDR 17 nach DIN 8074/8075 einschl. der Elektromuffen liefern und im Elektromuffen-schweißverfahren nach DVS 2207  verbinden und in vorbereitete Gräben fachgerecht verlegen;25,0;m;gaeb;vom_unternehmen_auszufuellende_dokumente/Ausschreibung 01, Vorgezogene Maßnahmen - Tiefbau und Infrastruktur 1, Leistungsverzeichnis.X83
1100;Bogenstück aus PE 100, da 630, SDR 17, mit Winkel von 45° gemäß  DIN 16963 einschl. der Elektromuffen liefern und im Elektromuffenschweißverfahren nach DVS 2207 verbinden und in vorbereitete Gräben fachgerecht verlegen;1,0;Stck;gaeb;vom_unternehmen_auszufuellende_dokumente/Ausschreibung 01, Vorgezogene Maßnahmen - Tiefbau und Infrastruktur 1, Leistungsverzeichnis.X83
1110;Hochdruckspülung der Rohrleitung aus PE 100, da 630,;1,0;pau;gaeb;vom_unternehmen_auszufuellende_dokumente/Ausschreibung 01, Vorgezogene Maßnahmen - Tiefbau und Infrastruktur 1, Leistungsverzeichnis.X83
1120;"Druckprüfung nach DIN EN 1610 nach Verfahren ""L"" oder ""W"" für Kanalrohre aus PE 100, da 630, Gesamtlänge ca. 30 m,";1,0;pau;gaeb;vom_unternehmen_auszufuellende_dokumente/Ausschreibung 01, Vorgezogene Maßnahmen - Tiefbau und Infrastruktur 1, Leistungsverzeichnis.X83
1130;Kamerabefahrung der Kanalrohre aus PE 100, da 630 Gesamtlänge ca. 30 m,;1,0;pau;gaeb;vom_unternehmen_auszufuellende_dokumente/Ausschreibung 01, Vorgezogene Maßnahmen - Tiefbau und Infrastruktur 1, Leistungsverzeichnis.X83
1140;Rohrdurchführungsbauteil, da 450 aus PE 100 liefern und höhen- und fluchtgerecht in die Dichtungsbahn des Löschwasserteichs, Neigung 1:2 als Ablauf für die Brauchwasserentnahme einbauen;1,0;Stck;gaeb;vom_unternehmen_auszufuellende_dokumente/Ausschreibung 01, Vorgezogene Maßnahmen - Tiefbau und Infrastruktur 1, Leistungsverzeichnis.X83
1150;Pumpenschacht (GOK Deckel 359,50 m ü. NN) im Bereich des Löschwasserteiches;1,0;Stck;gaeb;vom_unternehmen_auszufuellende_dokumente/Ausschreibung 01, Vorgezogene Maßnahmen - Tiefbau und Infrastruktur 1, Leistungsverzeichnis.X83
1160;Saugkorb für Brauchwasserentnahme mit Flansch da450, mit Antiwirbelplatte, ohne Rückschlagventil, feuerverzinkt;1,0;Stck;gaeb;vom_unternehmen_auszufuellende_dokumente/Ausschreibung 01, Vorgezogene Maßnahmen - Tiefbau und Infrastruktur 1, Leistungsverzeichnis.X83
1170;Aufständerungen aus PEHD zur Befestigung der Entnahmeleitung aus PE 100, da450, SDR 17 auf den Dichtungsbahnen des Löschwasserteiches, Auflagerung auf den Dichtungsbahnen mittels abgetreppter Fußplatte aus PEHD, Plattengröße 50 * 50 cm mit je einer Rohrschelle, Dicke der Platte zwischen 8 und 50 mm,;1,0;Stck;gaeb;vom_unternehmen_auszufuellende_dokumente/Ausschreibung 01, Vorgezogene Maßnahmen - Tiefbau und Infrastruktur 1, Leistungsverzeichnis.X83
1180;Saugrohr aus PE100, da 450, SDR 17 nach DIN 8074/8075 einschl. der Elektromuffen liefern und im Elektromuffen-schweißverfahren nach DVS 2207 verbinden und in vorbereitete Gräben fachgerecht verlegen;15,0;m;gaeb;vom_unternehmen_auszufuellende_dokumente/Ausschreibung 01, Vorgezogene Maßnahmen - Tiefbau und Infrastruktur 1, Leistungsverzeichnis.X83
1190;Bogenstück aus PE 100, da 450, SDR 17, mit Winkel von 15° gemäß DIN 16963 einschl. der Elektromuffen liefern und im Elektromuffenschweißverfahren nach DVS 2207 verbinden und in vorbereitete Gräben fachgerecht verlegen;1,0;Stck;gaeb;vom_unternehmen_auszufuellende_dokumente/Ausschreibung 01, Vorgezogene Maßnahmen - Tiefbau und Infrastruktur 1, Leistungsverzeichnis.X83
1200;Bogenstück aus PE 100, da 450, SDR 17, mit Winkel von 30° gemäß DIN 16963 einschl. der Elektromuffen liefern und im Elektromuffenschweißverfahren nach DVS 2207 verbinden und in vorbereitete Gräben fachgerecht verlegen;1,0;Stck;gaeb;vom_unternehmen_auszufuellende_dokumente/Ausschreibung 01, Vorgezogene Maßnahmen - Tiefbau und Infrastruktur 1, Leistungsverzeichnis.X83
1210;Hochdruckspülung der Rohrleitung aus PE 100, da 450,;1,0;pau;gaeb;vom_unternehmen_auszufuellende_dokumente/Ausschreibung 01, Vorgezogene Maßnahmen - Tiefbau und Infrastruktur 1, Leistungsverzeichnis.X83
1220;"Druckprüfung nach DIN EN 1610 nach Verfahren ""L"" oder ""W"" für das Kanalrohr aus PE 100, da 450, Gesamtlänge ca. 15 m,";1,0;pau;gaeb;vom_unternehmen_auszufuellende_dokumente/Ausschreibung 01, Vorgezogene Maßnahmen - Tiefbau und Infrastruktur 1, Leistungsverzeichnis.X83
1230;Kamerabefahrung des Kanalrohrs aus PE 100, da 450, Gesamtlänge ca. 15 m,;1,0;pau;gaeb;vom_unternehmen_auszufuellende_dokumente/Ausschreibung 01, Vorgezogene Maßnahmen - Tiefbau und Infrastruktur 1, Leistungsverzeichnis.X83
1240;Saugkorb für Löschwasserentnahme mit Flansch da450, mit Antiwirbelplatte, ohne Rückschlagventil, feuerverzinkt;2,0;Stck;gaeb;vom_unternehmen_auszufuellende_dokumente/Ausschreibung 01, Vorgezogene Maßnahmen - Tiefbau und Infrastruktur 1, Leistungsverzeichnis.X83
1250;Aufständerungen aus PEHD zur Befestigung der Entnahmeleitung aus PE 100, da450, SDR 17 auf den Dichtungsbahnen des Löschwasserteiches, Auflagerung auf den Dichtungsbahnen mittels abgetreppter Fußplatte aus PEHD, Plattengröße 50 * 50 cm mit je einer Rohrschelle, Dicke der Platte zwischen 8 und 50 mm,;2,0;Stck;gaeb;vom_unternehmen_auszufuellende_dokumente/Ausschreibung 01, Vorgezogene Maßnahmen - Tiefbau und Infrastruktur 1, Leistungsverzeichnis.X83
1260;Rohrdurchführungsbauteil LWT, da 450 aus PE 100 liefern und höhen- und fluchtgerecht in die Dichtungsbahn des Löschwasserteichs, Neigung 1:2 als Ablauf für die Löschwasserentnahme aus dem Löschwasserteich einbauen;2,0;Stck;gaeb;vom_unternehmen_auszufuellende_dokumente/Ausschreibung 01, Vorgezogene Maßnahmen - Tiefbau und Infrastruktur 1, Leistungsverzeichnis.X83
1270;Sauglrohr aus PE100, da 450, SDR 17 nach DIN 8074/8075 einschl. der Elektromuffen liefern und im Elektromuffen-schweißverfahren nach DVS 2207 verbinden und in vorbereitete Gräben fachgerecht verlegen;60,0;m;gaeb;vom_unternehmen_auszufuellende_dokumente/Ausschreibung 01, Vorgezogene Maßnahmen - Tiefbau und Infrastruktur 1, Leistungsverzeichnis.X83
1280;Bogenstück aus PE 100, da 450, SDR 17, mit Winkel von 15° gemäß DIN 16963 einschl. der Elektromuffen liefern und im Elektromuffenschweißverfahren nach DVS 2207 verbinden und in vorbereitete Gräben fachgerecht verlegen;1,0;Stck;gaeb;vom_unternehmen_auszufuellende_dokumente/Ausschreibung 01, Vorgezogene Maßnahmen - Tiefbau und Infrastruktur 1, Leistungsverzeichnis.X83
1290;Bogenstück aus PE 100, da 450, SDR 17, mit Winkel von 30° gemäß DIN 16963 einschl. der Elektromuffen liefern und im Elektromuffenschweißverfahren nach DVS 2207 verbinden und in vorbereitete Gräben fachgerecht verlegen;1,0;Stck;gaeb;vom_unternehmen_auszufuellende_dokumente/Ausschreibung 01, Vorgezogene Maßnahmen - Tiefbau und Infrastruktur 1, Leistungsverzeichnis.X83
1300;Bogenstück aus PE 100, da 450, SDR 17, mit Winkel von 45° gemäß DIN 16963 einschl. der Elektromuffen liefern und im Elektromuffenschweißverfahren nach DVS 2207 verbinden und in vorbereitete Gräben fachgerecht verlegen;2,0;Stck;gaeb;vom_unternehmen_auszufuellende_dokumente/Ausschreibung 01, Vorgezogene Maßnahmen - Tiefbau und Infrastruktur 1, Leistungsverzeichnis.X83
1310;Entnahmeschacht Löschwasser (GOK Deckel 358,38 m ü. NN);1,0;Stck;gaeb;vom_unternehmen_auszufuellende_dokumente/Ausschreibung 01, Vorgezogene Maßnahmen - Tiefbau und Infrastruktur 1, Leistungsverzeichnis.X83
1320;Hochdruckspülung der Rohrleitungen aus PE 100, da 450,;1,0;pau;gaeb;vom_unternehmen_auszufuellende_dokumente/Ausschreibung 01, Vorgezogene Maßnahmen - Tiefbau und Infrastruktur 1, Leistungsverzeichnis.X83
1330;"Druckprüfung nach DIN EN 1610 nach Verfahren ""L"" oder ""W"" für Kanalrohre aus PE 100, da 450, Gesamtlänge ca. 32 m,";1,0;pau;gaeb;vom_unternehmen_auszufuellende_dokumente/Ausschreibung 01, Vorgezogene Maßnahmen - Tiefbau und Infrastruktur 1, Leistungsverzeichnis.X83
1340;Kamerabefahrung der Kanalrohre aus PE 100, da 450, Gesamtlänge ca. 32 m,;1,0;pau;gaeb;vom_unternehmen_auszufuellende_dokumente/Ausschreibung 01, Vorgezogene Maßnahmen - Tiefbau und Infrastruktur 1, Leistungsverzeichnis.X83
10;Geprüfte Statik für die Ausführung des Trennbauwerkes mit Bodenplatte, Wänden, Einbauten einschl. Schal- und Bewehrungsplänen, Stahllisten, Darstellung aller Aussparungen und Einbauten etc., gemäß DIN EN 206, DIN 1045 und den Technischen Vorbemerkungen, Baubeschreibung komplett erstellen;1,0;pau;gaeb;vom_unternehmen_auszufuellende_dokumente/Ausschreibung 01, Vorgezogene Maßnahmen - Tiefbau und Infrastruktur 1, Leistungsverzeichnis.X83
20;Überwachung des Betons des Trennbauwerks gemäß DIN EN 206, DIN 1045 und DIN EN 13670 durch eine anerkannte Überwachungsstelle.;1,0;pau;gaeb;vom_unternehmen_auszufuellende_dokumente/Ausschreibung 01, Vorgezogene Maßnahmen - Tiefbau und Infrastruktur 1, Leistungsverzeichnis.X83
30;Unterbeton in der Expositionsklasse X0, Festigkeitsklasse min. C 12/15 gemäß statischer Berechnung und Technischen Vorbemerkungen, Baubeschreibung herstellen, liefern und als Unterbeton in einer;15,0;m²;gaeb;vom_unternehmen_auszufuellende_dokumente/Ausschreibung 01, Vorgezogene Maßnahmen - Tiefbau und Infrastruktur 1, Leistungsverzeichnis.X83
40;Schalung als glatte Schalung für die Betonbodenplatten des Trennbauwerkes, Dicke der Bodenplatten 30 cm einschl. aller Nebenarbeiten, Hilfsstoffe, Geräte liefern, herstellen, vorhalten, einsetzen, rückbauen und wieder von der Baustelle entfernen;4,0;m²;gaeb;vom_unternehmen_auszufuellende_dokumente/Ausschreibung 01, Vorgezogene Maßnahmen - Tiefbau und Infrastruktur 1, Leistungsverzeichnis.X83
50;Schalung als glatte Schalung für die Wände des Trennbauwerkes, Dicke der Wände 25 cm, Höhe bis max. 2,15 m einschl. aller Nebenarbeiten, Hilfsstoffe, Geräte liefern, herstellen, vorhalten, einsetzen, rückbauen und wieder von der Baustelle entfernen;45,0;m²;gaeb;vom_unternehmen_auszufuellende_dokumente/Ausschreibung 01, Vorgezogene Maßnahmen - Tiefbau und Infrastruktur 1, Leistungsverzeichnis.X83
60;Schalung als glatte Schalung für alle Einbauten wie Überlaufschwelle und Ablaufrinne im Bereich des Trennbauwerkes herstellen einschl. aller Nebenarbeiten, Hilfsstoffe, Geräte liefern, herstellen, vorhalten, einsetzen, rückbauen und wieder von der Baustelle entfernen;1,0;pau;gaeb;vom_unternehmen_auszufuellende_dokumente/Ausschreibung 01, Vorgezogene Maßnahmen - Tiefbau und Infrastruktur 1, Leistungsverzeichnis.X83
70;Beton in der Expositionsklasse XC4, XF3, XA3, XD2 mit hohem Wassereindringwiderstand, Festigkeitsklasse min. C 35/45, Feuchtigkeitsklasse: WA gemäß statischer Berechnung und Technischer Vorbemerkungen, Baubeschreibung herstellen, liefern und in die bewehrte Bodenplatte des Trennbauwerkes einbauen un;3,0;m³;gaeb;vom_unternehmen_auszufuellende_dokumente/Ausschreibung 01, Vorgezogene Maßnahmen - Tiefbau und Infrastruktur 1, Leistungsverzeichnis.X83
80;Beton in der Expositionsklasse XC4, XF3, XA3, XD2 mit hohem Wassereindringwiderstand, Festigkeitsklasse min. C 35/45, Feuchtigkeitsklasse: WA gemäß statischer Berechnung und Technischer Vorbemerkungen, Baubeschreibung herstellen, liefern und in die bewehrten Wände des Trennbauwerkes einbauen und ver;6,0;m³;gaeb;vom_unternehmen_auszufuellende_dokumente/Ausschreibung 01, Vorgezogene Maßnahmen - Tiefbau und Infrastruktur 1, Leistungsverzeichnis.X83
90;Beton in der Expositionsklasse XC4, XF3, XA3, XD2 mit hohem Wassereindringwiderstand, Festigkeitsklasse min. C 35/45, Feuchtigkeitsklasse: WA gemäß statischer Berechnung und Technischer Vorbemerkungen, Baubeschreibung herstellen, liefern und in die bewehrten Einbauten des Trennbauwerkes einbauen und;0,5;m³;gaeb;vom_unternehmen_auszufuellende_dokumente/Ausschreibung 01, Vorgezogene Maßnahmen - Tiefbau und Infrastruktur 1, Leistungsverzeichnis.X83
100;Beton-Mattenstahl BST 500 M (IV M) und Beton-Stabstahl  BST 500 S liefern, schneiden, biegen und verlegen. Der Einbau erfolgt in die Bodenplatten, die Wände und die Einbauten des Trennbauwerks. Die Abrechnung erfolgt nach Bewehrungs-zeichnung und Biegeliste ohne Verschnitt und Walztoleranz nach kg.;1100,0;kg;gaeb;vom_unternehmen_auszufuellende_dokumente/Ausschreibung 01, Vorgezogene Maßnahmen - Tiefbau und Infrastruktur 1, Leistungsverzeichnis.X83
110;Geprüfte Statik für die Ausführung des;1,0;pau;gaeb;vom_unternehmen_auszufuellende_dokumente/Ausschreibung 01, Vorgezogene Maßnahmen - Tiefbau und Infrastruktur 1, Leistungsverzeichnis.X83
120;Überwachung des Betons des;1,0;pau;gaeb;vom_unternehmen_auszufuellende_dokumente/Ausschreibung 01, Vorgezogene Maßnahmen - Tiefbau und Infrastruktur 1, Leistungsverzeichnis.X83
130;Unterbeton in der Expositionsklasse X0, Festigkeitsklasse min. C 12/15 gemäß statischer Berechnung und Technischen Vorbemerkungen, Baubeschreibung herstellen, liefern und als Unterbeton in einer;50,0;m²;gaeb;vom_unternehmen_auszufuellende_dokumente/Ausschreibung 01, Vorgezogene Maßnahmen - Tiefbau und Infrastruktur 1, Leistungsverzeichnis.X83
140;Schalung als glatte Schalung für die Betonbodenplatten des Absetzbeckens, Dicke der Bodenplatten 40 cm einschl. aller Nebenarbeiten, Hilfsstoffe, Geräte liefern, herstellen, vorhalten, einsetzen, rückbauen und wieder von der Baustelle entfernen;15,0;m²;gaeb;vom_unternehmen_auszufuellende_dokumente/Ausschreibung 01, Vorgezogene Maßnahmen - Tiefbau und Infrastruktur 1, Leistungsverzeichnis.X83
150;Schalung als glatte Schalung für die Wände des Absetzbeckens, Dicke der Wände 30 cm, Höhe bis max. 4,20 m einschl. aller Nebenarbeiten, Hilfsstoffe, Geräte liefern, herstellen, vorhalten, einsetzen, rückbauen und wieder von der Baustelle entfernen;270,0;m²;gaeb;vom_unternehmen_auszufuellende_dokumente/Ausschreibung 01, Vorgezogene Maßnahmen - Tiefbau und Infrastruktur 1, Leistungsverzeichnis.X83
160;Schalung als glatte Schalung für alle Einbauten wie  Überlaufschwelle und Pumpensumpf im Bereich des Absetzbeckens herstellen einschl. aller Nebenarbeiten, Hilfsstoffe, Geräte liefern, herstellen, vorhalten, einsetzen, rückbauen und wieder von der Baustelle entfernen;1,0;pau;gaeb;vom_unternehmen_auszufuellende_dokumente/Ausschreibung 01, Vorgezogene Maßnahmen - Tiefbau und Infrastruktur 1, Leistungsverzeichnis.X83
170;Beton in der Expositionsklasse XC4, XF3, XA3, XD2 mit hohem Wassereindringwiderstand, Festigkeitsklasse min. C 35/45, Feuchtigkeitsklasse: WA gemäß statischer Berechnung und Technischer Vorbemerkungen, Baubeschreibung herstellen, liefern und in die bewehrte Bodenplatte des Absetzbeckens einbauen und;16,0;m³;gaeb;vom_unternehmen_auszufuellende_dokumente/Ausschreibung 01, Vorgezogene Maßnahmen - Tiefbau und Infrastruktur 1, Leistungsverzeichnis.X83
180;Beton in der Expositionsklasse XC4, XF3, XA3, XD2 mit hohem Wassereindringwiderstand, Festigkeitsklasse min. C 35/45, Feuchtigkeitsklasse: WA gemäß statischer Berechnung und Technischer Vorbemerkungen, Baubeschreibung herstellen, liefern und in die bewehrten Wände des Absetzbeckens einbauen und verd;35,0;m³;gaeb;vom_unternehmen_auszufuellende_dokumente/Ausschreibung 01, Vorgezogene Maßnahmen - Tiefbau und Infrastruktur 1, Leistungsverzeichnis.X83
190;Beton in der Expositionsklasse XC4, XF3, XA3, XD2 mit hohem Wassereindringwiderstand, Festigkeitsklasse min. C 35/45, Feuchtigkeitsklasse: WA gemäß statischer Berechnung und Technischer Vorbemerkungen, Baubeschreibung herstellen, liefern und in die bewehrten Einbauten des Absetzbeckens einbauen und ;0,5;m³;gaeb;vom_unternehmen_auszufuellende_dokumente/Ausschreibung 01, Vorgezogene Maßnahmen - Tiefbau und Infrastruktur 1, Leistungsverzeichnis.X83
200;Beton-Mattenstahl BST 500 M (IV M) und Beton-Stabstahl  BST 500 S liefern, schneiden, biegen und verlegen. Der Einbau erfolgt in die Bodenplatten, die Wände und die Einbauten des Absetzbeckens. Die Abrechnung erfolgt nach Bewehrungs-zeichnung und Biegeliste ohne Verschnitt und Walztoleranz nach kg.;6200,0;kg;gaeb;vom_unternehmen_auszufuellende_dokumente/Ausschreibung 01, Vorgezogene Maßnahmen - Tiefbau und Infrastruktur 1, Leistungsverzeichnis.X83
210;Geprüfte Statik für die Ausführung der Fundamente, der Stützwände und der Bodenplatte einschl. Schal- und Bewehrungsplänen, Stahllisten, Darstellung aller Aussparungen und Einbauten etc., gemäß DIN EN 206, DIN 1045 und den Technischen Vorbemerkungen, Baubeschreibung komplett erstellen;1,0;pau;gaeb;vom_unternehmen_auszufuellende_dokumente/Ausschreibung 01, Vorgezogene Maßnahmen - Tiefbau und Infrastruktur 1, Leistungsverzeichnis.X83
220;Überwachung des Betons des teilüberdachten Lagers gemäß DIN EN 206, DIN 1045 und DIN EN 13670 durch eine anerkannte Überwachungsstelle;1,0;pau;gaeb;vom_unternehmen_auszufuellende_dokumente/Ausschreibung 01, Vorgezogene Maßnahmen - Tiefbau und Infrastruktur 1, Leistungsverzeichnis.X83
230;Unterbeton in der Expositionsklasse X0, Festigkeitsklasse min. C 12/15 gemäß statischer Berechnung und Technischen Vorbemerkungen, Baubeschreibung herstellen, liefern und als Unterbeton in einer;750,0;m²;gaeb;vom_unternehmen_auszufuellende_dokumente/Ausschreibung 01, Vorgezogene Maßnahmen - Tiefbau und Infrastruktur 1, Leistungsverzeichnis.X83
240;Schalung als glatte Schalung für die Betonbodenplatten des teilüberdachten Lagers, Dicke der Bodenplatten gemäß Statik, einschl. aller Nebenarbeiten, Hilfsstoffe, Geräte liefern, herstellen, vorhalten, einsetzen, rückbauen und wieder von der Baustelle entfernen;30,0;m²;gaeb;vom_unternehmen_auszufuellende_dokumente/Ausschreibung 01, Vorgezogene Maßnahmen - Tiefbau und Infrastruktur 1, Leistungsverzeichnis.X83
250;Schalung als glatte Schalung für die Stützwand und Betonschürze des teilüberdachten Lagers, Dicke der Bodenplatten gemäß Statik, einschl. aller Nebenarbeiten, Hilfsstoffe, Geräte liefern, herstellen, vorhalten, einsetzen, rückbauen und wieder von der Baustelle entfernen;225,0;m²;gaeb;vom_unternehmen_auszufuellende_dokumente/Ausschreibung 01, Vorgezogene Maßnahmen - Tiefbau und Infrastruktur 1, Leistungsverzeichnis.X83
260;Beton in der Expositionsklasse XC4, XF3, XA3, XD2 mit hohem Wassereindringwiderstand, Festigkeitsklasse min. C 35/45, Feuchtigkeitsklasse: WS gemäß statischer Berechnung und Technischer Vorbemerkungen, Baubeschreibung herstellen, liefern und in die bewehrte Bodenplatte des teilüberdachten Lagers ein;225,0;m³;gaeb;vom_unternehmen_auszufuellende_dokumente/Ausschreibung 01, Vorgezogene Maßnahmen - Tiefbau und Infrastruktur 1, Leistungsverzeichnis.X83
270;Beton in der Expositionsklasse XC4, XF3, XA3, XD2 mit hohem Wassereindringwiderstand, Festigkeitsklasse min. C 35/45, Feuchtigkeitsklasse: WA gemäß statischer Berechnung und Technischer Vorbemerkungen, Baubeschreibung herstellen, liefern und in die bewehrte Stützwand des teilüberdachten Lagers  einb;50,0;m³;gaeb;vom_unternehmen_auszufuellende_dokumente/Ausschreibung 01, Vorgezogene Maßnahmen - Tiefbau und Infrastruktur 1, Leistungsverzeichnis.X83
280;Beton in der Expositionsklasse XC4, XF3, XA3, XD2 mit hohem Wassereindringwiderstand, Festigkeitsklasse min. C 35/45, Feuchtigkeitsklasse: WA gemäß statischer Berechnung und Technischer Vorbemerkungen, Baubeschreibung herstellen, liefern und die unbewehrte Frostschürze des teilüberdachten Lagers  ei;30,0;m³;gaeb;vom_unternehmen_auszufuellende_dokumente/Ausschreibung 01, Vorgezogene Maßnahmen - Tiefbau und Infrastruktur 1, Leistungsverzeichnis.X83
290;Beton-Mattenstahl BST 500 M (IV M) und Beton-Stabstahl  BST 500 S liefern, schneiden, biegen und verlegen. Der Einbau erfolgt in die Bodenplatten des teilüberdachten Lagers. Die Abrechnung erfolgt nach Bewehrungszeichnung und Biegeliste ohne Verschnitt und Walztoleranz nach kg.;34000,0;kg;gaeb;vom_unternehmen_auszufuellende_dokumente/Ausschreibung 01, Vorgezogene Maßnahmen - Tiefbau und Infrastruktur 1, Leistungsverzeichnis.X83
300;Geprüfte Statik für die Ausführung;1,0;pau;gaeb;vom_unternehmen_auszufuellende_dokumente/Ausschreibung 01, Vorgezogene Maßnahmen - Tiefbau und Infrastruktur 1, Leistungsverzeichnis.X83
310;Unterbeton in der Expositionsklasse X0, Festigkeitsklasse min. C 12/15 gemäß statischer Berechnung und Technischen Vorbemerkungen, Baubeschreibung herstellen, liefern und als Unterbeton in einer;39,0;m²;gaeb;vom_unternehmen_auszufuellende_dokumente/Ausschreibung 01, Vorgezogene Maßnahmen - Tiefbau und Infrastruktur 1, Leistungsverzeichnis.X83
320;Schalung als glatte Schalung für das Fundament der Anschüttwand im Bereich des Ast- und Strauchschnitts und Grünabfalls,;82,5;m²;gaeb;vom_unternehmen_auszufuellende_dokumente/Ausschreibung 01, Vorgezogene Maßnahmen - Tiefbau und Infrastruktur 1, Leistungsverzeichnis.X83
330;Beton in der Expositionsklasse XC4, XF3, XA3, XD2 mit hohem Wassereindringwiderstand, Festigkeitsklasse min. C 35/45, Feuchtigkeitsklasse: WS gemäß statischer Berechnung und Technischer Vorbemerkungen, Baubeschreibung herstellen, liefern und in das bewehrte Fundament der Anschüttwand einbauen und ve;32,0;m³;gaeb;vom_unternehmen_auszufuellende_dokumente/Ausschreibung 01, Vorgezogene Maßnahmen - Tiefbau und Infrastruktur 1, Leistungsverzeichnis.X83
340;Beton-Mattenstahl BST 500 M (IV M) und Beton-Stabstahl  BST 500 S liefern, schneiden, biegen und verlegen. Der Einbau erfolgt in das Fundament der Anschüttwand im Bereich des Ast- und Strauchschnitts und Grünabfalls. Die Abrechnung erfolgt nach Bewehrungszeichnung und Biegeliste ohne Verschnitt und ;4800,0;kg;gaeb;vom_unternehmen_auszufuellende_dokumente/Ausschreibung 01, Vorgezogene Maßnahmen - Tiefbau und Infrastruktur 1, Leistungsverzeichnis.X83
350;Geprüfte Statik für die Ausführung;1,0;pau;gaeb;vom_unternehmen_auszufuellende_dokumente/Ausschreibung 01, Vorgezogene Maßnahmen - Tiefbau und Infrastruktur 1, Leistungsverzeichnis.X83
360;Überwachung des Betons der Anschüttwand gemäß DIN EN 206, DIN 1045 und DIN EN 13670 durch eine anerkannte Überwachungsstelle.;1,0;pau;gaeb;vom_unternehmen_auszufuellende_dokumente/Ausschreibung 01, Vorgezogene Maßnahmen - Tiefbau und Infrastruktur 1, Leistungsverzeichnis.X83
370;Unterbeton in der Expositionsklasse X0, Festigkeitsklasse min. C 12/15 gemäß statischer Berechnung und Technischen Vorbemerkungen, Baubeschreibung herstellen, liefern und als Unterbeton in einer;300,0;m²;gaeb;vom_unternehmen_auszufuellende_dokumente/Ausschreibung 01, Vorgezogene Maßnahmen - Tiefbau und Infrastruktur 1, Leistungsverzeichnis.X83
380;Schalung als glatte Schalung für das Fundament der Anschüttwand im Bereich der Silagefläche,;61,0;m²;gaeb;vom_unternehmen_auszufuellende_dokumente/Ausschreibung 01, Vorgezogene Maßnahmen - Tiefbau und Infrastruktur 1, Leistungsverzeichnis.X83
390;Beton in der Expositionsklasse XC4, XF3, XA3, XD2 mit hohem Wassereindringwiderstand, Festigkeitsklasse min. C 35/45, Feuchtigkeitsklasse: WS gemäß statischer Berechnung und Technischer Vorbemerkungen, Baubeschreibung herstellen, liefern und in das bewehrte Fundament der Anschüttwand einbauen und ve;112,0;m³;gaeb;vom_unternehmen_auszufuellende_dokumente/Ausschreibung 01, Vorgezogene Maßnahmen - Tiefbau und Infrastruktur 1, Leistungsverzeichnis.X83
400;Beton-Mattenstahl BST 500 M (IV M) und Beton-Stabstahl  BST 500 S liefern, schneiden, biegen und verlegen. Der Einbau erfolgt in das Fundament der Anschüttwand im Bereich der Silagefläche. Die Abrechnung erfolgt nach Bewehrungszeichnung und Biegeliste ohne Verschnitt und Walztoleranz nach kg.;13500,0;kg;gaeb;vom_unternehmen_auszufuellende_dokumente/Ausschreibung 01, Vorgezogene Maßnahmen - Tiefbau und Infrastruktur 1, Leistungsverzeichnis.X83
410;Schalung als glatte Schalung für die Anschüttwand im Bereich der Silagefläche,;850,0;m²;gaeb;vom_unternehmen_auszufuellende_dokumente/Ausschreibung 01, Vorgezogene Maßnahmen - Tiefbau und Infrastruktur 1, Leistungsverzeichnis.X83
420;Beton in der Expositionsklasse XC4, XF3, XA3, XD2 mit hohem Wassereindringwiderstand, Festigkeitsklasse min. C 35/45, Feuchtigkeitsklasse: WS gemäß statischer Berechnung und Technischer Vorbemerkungen, Baubeschreibung herstellen, liefern und in die bewehrte Anschüttwand einbauen und verdichten. Die ;185,0;m³;gaeb;vom_unternehmen_auszufuellende_dokumente/Ausschreibung 01, Vorgezogene Maßnahmen - Tiefbau und Infrastruktur 1, Leistungsverzeichnis.X83
430;Beton-Mattenstahl BST 500 M (IV M) und Beton-Stabstahl  BST 500 S liefern, schneiden, biegen und verlegen. Der Einbau erfolgt in die Anschüttwand im Bereich der Silagefläche. Die Abrechnung erfolgt nach Bewehrungszeichnung und Biegeliste ohne Verschnitt und Walztoleranz nach kg.;37000,0;kg;gaeb;vom_unternehmen_auszufuellende_dokumente/Ausschreibung 01, Vorgezogene Maßnahmen - Tiefbau und Infrastruktur 1, Leistungsverzeichnis.X83
440;Fertigbeton-Winkelstützwände gemäß DIN EN 15258, Farbe grau,;15,0;Stck;gaeb;vom_unternehmen_auszufuellende_dokumente/Ausschreibung 01, Vorgezogene Maßnahmen - Tiefbau und Infrastruktur 1, Leistungsverzeichnis.X83
450;Fertigbeton-Winkelstützwände gemäß DIN EN 15258, Farbe grau;20,0;Stck;gaeb;vom_unternehmen_auszufuellende_dokumente/Ausschreibung 01, Vorgezogene Maßnahmen - Tiefbau und Infrastruktur 1, Leistungsverzeichnis.X83
460;Fertigbeton-Winkelstützwände gemäß DIN EN 15258, Farbe grau;7,0;Stck;gaeb;vom_unternehmen_auszufuellende_dokumente/Ausschreibung 01, Vorgezogene Maßnahmen - Tiefbau und Infrastruktur 1, Leistungsverzeichnis.X83
470;Fertigbeton-Winkelstützwände gemäß DIN EN 15258, Farbe grau;7,0;Stck;gaeb;vom_unternehmen_auszufuellende_dokumente/Ausschreibung 01, Vorgezogene Maßnahmen - Tiefbau und Infrastruktur 1, Leistungsverzeichnis.X83
480;Fertigbeton-Winkelstützwände gemäß DIN EN 15258, Farbe grau;2,0;Stck;gaeb;vom_unternehmen_auszufuellende_dokumente/Ausschreibung 01, Vorgezogene Maßnahmen - Tiefbau und Infrastruktur 1, Leistungsverzeichnis.X83
490;Fertigbeton-Winkelstützwände gemäß DIN EN 15258, Farbe grau;2,0;Stck;gaeb;vom_unternehmen_auszufuellende_dokumente/Ausschreibung 01, Vorgezogene Maßnahmen - Tiefbau und Infrastruktur 1, Leistungsverzeichnis.X83
500;Fertigbeton-Winkelstützwände gemäß DIN EN 15258, Farbe grau;1,0;Stck;gaeb;vom_unternehmen_auszufuellende_dokumente/Ausschreibung 01, Vorgezogene Maßnahmen - Tiefbau und Infrastruktur 1, Leistungsverzeichnis.X83
10;Doppel;1,0;Stck;gaeb;vom_unternehmen_auszufuellende_dokumente/Ausschreibung 01, Vorgezogene Maßnahmen - Tiefbau und Infrastruktur 1, Leistungsverzeichnis.X83
20;Drehflügeltor, lichte Breite b= 1,0 m;1,0;Stck;gaeb;vom_unternehmen_auszufuellende_dokumente/Ausschreibung 01, Vorgezogene Maßnahmen - Tiefbau und Infrastruktur 1, Leistungsverzeichnis.X83
30;Stabgitterzaun feuerverzinkt und pulverbeschichtet liefern und komplett montieren;190,0;m;gaeb;vom_unternehmen_auszufuellende_dokumente/Ausschreibung 01, Vorgezogene Maßnahmen - Tiefbau und Infrastruktur 1, Leistungsverzeichnis.X83
40;Stabgitterzaun feuerverzinkt und pulverbeschichtet liefern und komplett montieren;42,0;m;gaeb;vom_unternehmen_auszufuellende_dokumente/Ausschreibung 01, Vorgezogene Maßnahmen - Tiefbau und Infrastruktur 1, Leistungsverzeichnis.X83
50;Zulage für das Anpassen und Einfügen eines Passfeldes für den Zaun der Grundposition. Länge unterschiedlich nach örtlichem Aufmaß. Beschädigungen der Verzinkung sind durch Kaltverzinkung und Nachlackieren im passenden Farbton zu beheben.;8,0;Stck;gaeb;vom_unternehmen_auszufuellende_dokumente/Ausschreibung 01, Vorgezogene Maßnahmen - Tiefbau und Infrastruktur 1, Leistungsverzeichnis.X83
60;Zulage für das Anpassen und Einfügen eines Passfeldes für den Zaun der Grundposition. Länge unterschiedlich nach örtlichem Aufmaß. Beschädigungen der Verzinkung sind durch Kaltverzinkung und Nachlackieren im passenden Farbton zu beheben.;1,0;Stck;gaeb;vom_unternehmen_auszufuellende_dokumente/Ausschreibung 01, Vorgezogene Maßnahmen - Tiefbau und Infrastruktur 1, Leistungsverzeichnis.X83
70;Zulage für den;1,0;Stck;gaeb;vom_unternehmen_auszufuellende_dokumente/Ausschreibung 01, Vorgezogene Maßnahmen - Tiefbau und Infrastruktur 1, Leistungsverzeichnis.X83
80;Zulage für den;1,0;Stck;gaeb;vom_unternehmen_auszufuellende_dokumente/Ausschreibung 01, Vorgezogene Maßnahmen - Tiefbau und Infrastruktur 1, Leistungsverzeichnis.X83
90;Gitterrostabdeckung nach DIN 24537 aus Edelstahl 1.4571, rutschfest, in einer Gesamtgröße von rd. 1,90 m * 3,10 m liefern und in das Trennbauwerk einbauen (siehe auch Zeichnungs-Nr: P19-037-5-GS-31.V) in 3 Einzelgitterteilen herausnehmbar, einschließlich Rahmen, Auflagerträger und aller Befestigungs;1,0;pau;gaeb;vom_unternehmen_auszufuellende_dokumente/Ausschreibung 01, Vorgezogene Maßnahmen - Tiefbau und Infrastruktur 1, Leistungsverzeichnis.X83
100;Überlaufschwelle aus Edelstahl, Länge 3,10 m, Höhe min. 20 mm, Dicke 10 mm, einschl. der Befestigung an der Trennschwelle im Trennbauwerk mittels Dübel und Verschraubung aus Edelstahl, mit einem Überstand von 20 mm über den Beton waagerecht montieren, einschließlich aller Dübel, Schrauben etc. und N;1,0;Stck;gaeb;vom_unternehmen_auszufuellende_dokumente/Ausschreibung 01, Vorgezogene Maßnahmen - Tiefbau und Infrastruktur 1, Leistungsverzeichnis.X83
110;Geländer nach DIN 24533, h = 1,00 m aus Stahlrohr, bemessen für eine Horizontalbelastung von 300 N/m, Durchmesser mind. 48,3 mm, Wandstärke mind. 3 mm, bestehend aus: Handlauf, Knielauf, Kopfstücken, Pfosten, liefern und fachgerecht als gerade Einzelteile umlaufend auf den Wärden des Absetzbeckens m;33,0;m;gaeb;vom_unternehmen_auszufuellende_dokumente/Ausschreibung 01, Vorgezogene Maßnahmen - Tiefbau und Infrastruktur 1, Leistungsverzeichnis.X83
120;Tore aus Stahlrohr, 1-flügelig, lichte Breite 1,00 m,  bemessen für eine Horizontalbelastung von 300 N/m, in der Ausführungsart angepasst an die Geländer, Tore aus Stahlrohr, Durchmesser mind. 48,3 mm, Wandstärke mind. 3 mm, bestehend aus: Seitenpfosten, Handlauf, Knielauf, Fußlauf, Kopfstücken,  Pf;2,0;Stck;gaeb;vom_unternehmen_auszufuellende_dokumente/Ausschreibung 01, Vorgezogene Maßnahmen - Tiefbau und Infrastruktur 1, Leistungsverzeichnis.X83
130;Gitterrostabdeckung nach DIN 24537 aus Edelstahl 1.4571, rutschfest, in einer Gesamtgröße von rd. 0,90 m * 3,00 m liefern und in das Absetzbecken einbauen (siehe auch Zeichnungs-Nr: P19-037-5-GS-31.V) in einem Einzelgitterteil herausnehmbar, einschließlich Rahmen, Auflagerträger und aller Befestigun;1,0;pau;gaeb;vom_unternehmen_auszufuellende_dokumente/Ausschreibung 01, Vorgezogene Maßnahmen - Tiefbau und Infrastruktur 1, Leistungsverzeichnis.X83
140;Steigleiter herstellen, liefern und an die Wand des Absetzbeckens montieren;1,0;pau;gaeb;vom_unternehmen_auszufuellende_dokumente/Ausschreibung 01, Vorgezogene Maßnahmen - Tiefbau und Infrastruktur 1, Leistungsverzeichnis.X83
150;Steigleiter herstellen, liefern und an die Wand des Absetzbeckens montieren;1,0;pau;gaeb;vom_unternehmen_auszufuellende_dokumente/Ausschreibung 01, Vorgezogene Maßnahmen - Tiefbau und Infrastruktur 1, Leistungsverzeichnis.X83
160;Steigleiter herstellen, liefern und an die Wand des Absetzbeckens montieren;1,0;pau;gaeb;vom_unternehmen_auszufuellende_dokumente/Ausschreibung 01, Vorgezogene Maßnahmen - Tiefbau und Infrastruktur 1, Leistungsverzeichnis.X83
170;Überlaufschwelle als Ablaufrinne aus Edelstahl, Länge 3,00 m, als Kastenrinne mit den Abmessungen Breite 0,30 m und Tiefe 0,30 m, Dicke 10 mm, einschl. der Befestigung an der Wandung des Abesetzbeckens mittels Dübel und Verschraubung aus Edelstahl, waagerecht montieren einschließlich aller Dübel, Sc;1,0;Stck;gaeb;vom_unternehmen_auszufuellende_dokumente/Ausschreibung 01, Vorgezogene Maßnahmen - Tiefbau und Infrastruktur 1, Leistungsverzeichnis.X83
10;Flexibles Kabelleerrohr aus PE nach DIN EN 61386-24, DN 110 mm, Druckbeanspruchung Typ 450, Schlagfestigkeit N, Farbe außen: schwarz, in Verbundrohrbauweise gemäß DIN EN 13476 einschl. aller Doppelsteckmuffen mit Profildichtung für wasserdichten Verschluss bis 0,5 bar liefern und verlegen;962,0;m;gaeb;vom_unternehmen_auszufuellende_dokumente/Ausschreibung 01, Vorgezogene Maßnahmen - Tiefbau und Infrastruktur 1, Leistungsverzeichnis.X83
20;Flexibles Kabelleerrohr aus PE nach DIN EN 61386-24, DN 160 mm, Druckbeanspruchung Typ 450, Schlagfestigkeit N, Farbe außen: schwarz, in Verbundrohrbauweise gemäß DIN EN 13476 einschl. aller Doppelsteckmuffen mit Profildichtung für wasser-dichten Verschluss bis 0,5 bar liefern und verlegen;60,0;m;gaeb;vom_unternehmen_auszufuellende_dokumente/Ausschreibung 01, Vorgezogene Maßnahmen - Tiefbau und Infrastruktur 1, Leistungsverzeichnis.X83
30;Flexibles Kabelleerrohr aus PE nach DIN EN 61386-24, DN 220 mm, Druckbeanspruchung Typ 450, Schlagfestigkeit N, Farbe außen: schwarz, in Verbundrohrbauweise gemäß DIN EN 13476 einschl. aller Doppelsteckmuffen mit Profildichtung für wasserdichten Verschluss bis 0,5 bar liefern und verlegen;80,0;m;gaeb;vom_unternehmen_auszufuellende_dokumente/Ausschreibung 01, Vorgezogene Maßnahmen - Tiefbau und Infrastruktur 1, Leistungsverzeichnis.X83
40;Kabelzugschacht 1 aus Stahlbetonfertigteilen, C 35/45 nach DIN 1045, mit hohem Wassereindringwiderstand,;1,0;Stck;gaeb;vom_unternehmen_auszufuellende_dokumente/Ausschreibung 01, Vorgezogene Maßnahmen - Tiefbau und Infrastruktur 1, Leistungsverzeichnis.X83
50;Kabelzugschacht 1.1 aus Stahlbetonfertigteilen, C 35/45 nach DIN 1045, mit hohem Wassereindringwiderstand,;1,0;Stck;gaeb;vom_unternehmen_auszufuellende_dokumente/Ausschreibung 01, Vorgezogene Maßnahmen - Tiefbau und Infrastruktur 1, Leistungsverzeichnis.X83
60;Kabelzugschacht 1.2 aus Stahlbetonfertigteilen, C 35/45 nach DIN 1045, mit hohem Wassereindringwiderstand,;1,0;Stck;gaeb;vom_unternehmen_auszufuellende_dokumente/Ausschreibung 01, Vorgezogene Maßnahmen - Tiefbau und Infrastruktur 1, Leistungsverzeichnis.X83
70;K;1,0;Stck;gaeb;vom_unternehmen_auszufuellende_dokumente/Ausschreibung 01, Vorgezogene Maßnahmen - Tiefbau und Infrastruktur 1, Leistungsverzeichnis.X83
80;K;1,0;Stck;gaeb;vom_unternehmen_auszufuellende_dokumente/Ausschreibung 01, Vorgezogene Maßnahmen - Tiefbau und Infrastruktur 1, Leistungsverzeichnis.X83
90;K;1,0;Stck;gaeb;vom_unternehmen_auszufuellende_dokumente/Ausschreibung 01, Vorgezogene Maßnahmen - Tiefbau und Infrastruktur 1, Leistungsverzeichnis.X83
100;K;1,0;Stck;gaeb;vom_unternehmen_auszufuellende_dokumente/Ausschreibung 01, Vorgezogene Maßnahmen - Tiefbau und Infrastruktur 1, Leistungsverzeichnis.X83
110;Kabelzugschacht 1.7 aus Stahlbetonfertigteilen, C 35/45 nach DIN 1045, mit hohem Wassereindringwiderstand,;1,0;Stck;gaeb;vom_unternehmen_auszufuellende_dokumente/Ausschreibung 01, Vorgezogene Maßnahmen - Tiefbau und Infrastruktur 1, Leistungsverzeichnis.X83
120;Unterverteilung Löschwasserteich (UV-LWT);1,0;pau;gaeb;vom_unternehmen_auszufuellende_dokumente/Ausschreibung 01, Vorgezogene Maßnahmen - Tiefbau und Infrastruktur 1, Leistungsverzeichnis.X83
130;Unterverteilung teilüberdachtes Lager (UV-TÜL);1,0;pau;gaeb;vom_unternehmen_auszufuellende_dokumente/Ausschreibung 01, Vorgezogene Maßnahmen - Tiefbau und Infrastruktur 1, Leistungsverzeichnis.X83
140;Steckdosenkombination LWT;1,0;pau;gaeb;vom_unternehmen_auszufuellende_dokumente/Ausschreibung 01, Vorgezogene Maßnahmen - Tiefbau und Infrastruktur 1, Leistungsverzeichnis.X83
150;Steckdosenkombination TÜL;1,0;pau;gaeb;vom_unternehmen_auszufuellende_dokumente/Ausschreibung 01, Vorgezogene Maßnahmen - Tiefbau und Infrastruktur 1, Leistungsverzeichnis.X83
160;Energiesäule KFZ-Waage;1,0;pau;gaeb;vom_unternehmen_auszufuellende_dokumente/Ausschreibung 01, Vorgezogene Maßnahmen - Tiefbau und Infrastruktur 1, Leistungsverzeichnis.X83
170;Innenbeleuchtung TÜL;1,0;pau;gaeb;vom_unternehmen_auszufuellende_dokumente/Ausschreibung 01, Vorgezogene Maßnahmen - Tiefbau und Infrastruktur 1, Leistungsverzeichnis.X83
180;Außenbeleuchtung TÜL;1,0;pau;gaeb;vom_unternehmen_auszufuellende_dokumente/Ausschreibung 01, Vorgezogene Maßnahmen - Tiefbau und Infrastruktur 1, Leistungsverzeichnis.X83
190;Lichtmaste aus Stahl, ST 37 nach DIN EN 40, Form konisch rund, Werkstoff Stahl, Oberflächenschutz außen und innen feuerverzinkt;10,0;Stck;gaeb;vom_unternehmen_auszufuellende_dokumente/Ausschreibung 01, Vorgezogene Maßnahmen - Tiefbau und Infrastruktur 1, Leistungsverzeichnis.X83
200;Lichtmaste, H = 10,0 m;1,0;Stck;gaeb;vom_unternehmen_auszufuellende_dokumente/Ausschreibung 01, Vorgezogene Maßnahmen - Tiefbau und Infrastruktur 1, Leistungsverzeichnis.X83
210;Einfachausleger für Lichtmast (siehe Vorposition) liefern und montieren:;9,0;Stck;gaeb;vom_unternehmen_auszufuellende_dokumente/Ausschreibung 01, Vorgezogene Maßnahmen - Tiefbau und Infrastruktur 1, Leistungsverzeichnis.X83
220;Doppelausleger, 180°, für Lichtmast (siehe Vorposition) liefern und montieren:;2,0;Stck;gaeb;vom_unternehmen_auszufuellende_dokumente/Ausschreibung 01, Vorgezogene Maßnahmen - Tiefbau und Infrastruktur 1, Leistungsverzeichnis.X83
230;Doppelausleger, 90°, für Lichtmast (siehe Vorposition) liefern und montieren:;1,0;Stck;gaeb;vom_unternehmen_auszufuellende_dokumente/Ausschreibung 01, Vorgezogene Maßnahmen - Tiefbau und Infrastruktur 1, Leistungsverzeichnis.X83
240;LED-Mastaufsatzleuchte FL21 MIDI 208 W;11,0;Stck;gaeb;vom_unternehmen_auszufuellende_dokumente/Ausschreibung 01, Vorgezogene Maßnahmen - Tiefbau und Infrastruktur 1, Leistungsverzeichnis.X83
250;LED-Mastaufsatzleuchte FL21 MINI 87 W;1,0;Stck;gaeb;vom_unternehmen_auszufuellende_dokumente/Ausschreibung 01, Vorgezogene Maßnahmen - Tiefbau und Infrastruktur 1, Leistungsverzeichnis.X83
260;LED-Mastaufsatzleuchte FL21 MIDI 212 W;1,0;Stck;gaeb;vom_unternehmen_auszufuellende_dokumente/Ausschreibung 01, Vorgezogene Maßnahmen - Tiefbau und Infrastruktur 1, Leistungsverzeichnis.X83
270;Doppelpumpenanlage Retentionsbodenfilter RBF;1,0;pau;gaeb;vom_unternehmen_auszufuellende_dokumente/Ausschreibung 01, Vorgezogene Maßnahmen - Tiefbau und Infrastruktur 1, Leistungsverzeichnis.X83
280;Steuerschrank für Pumpe RFB;1,0;pau;gaeb;vom_unternehmen_auszufuellende_dokumente/Ausschreibung 01, Vorgezogene Maßnahmen - Tiefbau und Infrastruktur 1, Leistungsverzeichnis.X83
290;Kabelprüfung;1,0;pau;gaeb;vom_unternehmen_auszufuellende_dokumente/Ausschreibung 01, Vorgezogene Maßnahmen - Tiefbau und Infrastruktur 1, Leistungsverzeichnis.X83
300;Starkstromkabel, Typ NYCWY 4x25/16 SW liefern und in vorh. Kabelleerrohrsystem DN160 zwischen der Trafostation und der Unterverteilung UV-LWT verlegen;1,0;pau;gaeb;vom_unternehmen_auszufuellende_dokumente/Ausschreibung 01, Vorgezogene Maßnahmen - Tiefbau und Infrastruktur 1, Leistungsverzeichnis.X83
310;Starkstromkabel, Typ NYY-J 5x6mm² liefern und in vorh. Kabelleerrohrsystem DN160 zwischen der Unterverteilung UV-LWT und dem Steuerschrank UV-RBF verlegen;1,0;pau;gaeb;vom_unternehmen_auszufuellende_dokumente/Ausschreibung 01, Vorgezogene Maßnahmen - Tiefbau und Infrastruktur 1, Leistungsverzeichnis.X83
320;Starkstromkabel, Typ NYCWY 4x16/16 liefern und in vorh. Kabelleerrohrsystem DN160 zwischen der Unterverteilung UV-LWT und der Unterverteilung UV-TÜL verlegen;1,0;pau;gaeb;vom_unternehmen_auszufuellende_dokumente/Ausschreibung 01, Vorgezogene Maßnahmen - Tiefbau und Infrastruktur 1, Leistungsverzeichnis.X83
330;Starkstromkabel für Außenbeleuchtung, Typ NYCWY 4x10/10 SW liefern und in vorh. Graben verlegen, inkl. Einschleifen der Kabel in die Anschlusskästen an;1,0;pau;gaeb;vom_unternehmen_auszufuellende_dokumente/Ausschreibung 01, Vorgezogene Maßnahmen - Tiefbau und Infrastruktur 1, Leistungsverzeichnis.X83
340;Starkstromkabel Außenbeleuchtung Strang II (Süden), NYCWY 4x10/10 SW liefern und in vorh. Graben verlegen, inkl. Einschleifen der Kabel in die Anschlusskästen an;1,0;pau;gaeb;vom_unternehmen_auszufuellende_dokumente/Ausschreibung 01, Vorgezogene Maßnahmen - Tiefbau und Infrastruktur 1, Leistungsverzeichnis.X83
350;LWL-Kabel Umschlusspunkt bis Warte, A-DQ(ZN)B2Y 12G50/125 OM3 (Duplex, Multimode);1,0;pau;gaeb;vom_unternehmen_auszufuellende_dokumente/Ausschreibung 01, Vorgezogene Maßnahmen - Tiefbau und Infrastruktur 1, Leistungsverzeichnis.X83
360;LWL-Hutschienenspleißverteiler einseitig, 12 x LC Duplex OM;1,0;pau;gaeb;vom_unternehmen_auszufuellende_dokumente/Ausschreibung 01, Vorgezogene Maßnahmen - Tiefbau und Infrastruktur 1, Leistungsverzeichnis.X83
370;Erstellung einer LWL-Fusionsspleißung zwischen LWL-Kabel und Spleißbox in der Warte einschl. Lieferung des Spleißschutzes (1 x 24 Fasern).;24,0;Stck;gaeb;vom_unternehmen_auszufuellende_dokumente/Ausschreibung 01, Vorgezogene Maßnahmen - Tiefbau und Infrastruktur 1, Leistungsverzeichnis.X83
380;Durchführung einer OTDR-Messung zweiseitig bei einer Faser des LWL-Kabels einschl. Erstellung eines Messprotokolls (24 x 1 Faser);12,0;Stck;gaeb;vom_unternehmen_auszufuellende_dokumente/Ausschreibung 01, Vorgezogene Maßnahmen - Tiefbau und Infrastruktur 1, Leistungsverzeichnis.X83
390;LWL-Muffenverbindung;1,0;pau;gaeb;vom_unternehmen_auszufuellende_dokumente/Ausschreibung 01, Vorgezogene Maßnahmen - Tiefbau und Infrastruktur 1, Leistungsverzeichnis.X83
10;Bohrkerne für Kontrollprüfung nach Angabe des AG entnehmen, die Proben versandfertig verpacken und dem AG übergeben. Entnahme aus bit. Schichten, Kerndurchmesser 15 cm, Bohrtiefe ca. 20 cm. Bohrlöcher mit bit. Material verfüllen und verdichten;15,0;Stck;gaeb;vom_unternehmen_auszufuellende_dokumente/Ausschreibung 01, Vorgezogene Maßnahmen - Tiefbau und Infrastruktur 1, Leistungsverzeichnis.X83
20;Frostschutzmaterial RC-I-Material für Straßen der BK 1.0 nach ZTV SoB-StB 20, Fassung 2021 herstellen und im Bereich der Verkehrsflächen einbauen und verdichten;1475,0;m³;gaeb;vom_unternehmen_auszufuellende_dokumente/Ausschreibung 01, Vorgezogene Maßnahmen - Tiefbau und Infrastruktur 1, Leistungsverzeichnis.X83
30;Vorhandene bituminöse, befestigte Flächen zum Anschluss an neue Asphaltfläche am Kleinanliefererbereich an den Zufahrten  gem. ZTV Asphalt- StB 26 und ZTV A-StB 12 wie folgt schneiden:;200,0;m;gaeb;vom_unternehmen_auszufuellende_dokumente/Ausschreibung 01, Vorgezogene Maßnahmen - Tiefbau und Infrastruktur 1, Leistungsverzeichnis.X83
40;Asphalttragschicht aus Asphalttragschichtmischgut für Straßen der Bauklassen 1.0 gem. ZTV Asphalt-StB 26 herstellen;3100,0;m²;gaeb;vom_unternehmen_auszufuellende_dokumente/Ausschreibung 01, Vorgezogene Maßnahmen - Tiefbau und Infrastruktur 1, Leistungsverzeichnis.X83
50;Reinigen der Oberfläche von Tragschichten aus bituminösem Mischgut für das Aufsprühen von bituminösen Bindemitteln vor dem Einbau der Asphaltdeckschicht, Ausführung nach Wahl des AN;3100,0;m²;gaeb;vom_unternehmen_auszufuellende_dokumente/Ausschreibung 01, Vorgezogene Maßnahmen - Tiefbau und Infrastruktur 1, Leistungsverzeichnis.X83
60;Bitumenhaltiges Bindemittel ganzflächig auf Asphalttragschichten gemäß ZTV Asphalt-StB 26 aufsprühen;3100,0;m²;gaeb;vom_unternehmen_auszufuellende_dokumente/Ausschreibung 01, Vorgezogene Maßnahmen - Tiefbau und Infrastruktur 1, Leistungsverzeichnis.X83
70;Deckschicht aus Asphaltbetonmischgut für Straßen der Bauklassen 1.0 nach ZTV Asphalt-StB 26 herstellen;3100,0;m²;gaeb;vom_unternehmen_auszufuellende_dokumente/Ausschreibung 01, Vorgezogene Maßnahmen - Tiefbau und Infrastruktur 1, Leistungsverzeichnis.X83
80;Die Nähte der Asphaltdeckschicht sind gemäß ZTV Asphalt-StB 26 als Fuge auszubilden.;670,0;m;gaeb;vom_unternehmen_auszufuellende_dokumente/Ausschreibung 01, Vorgezogene Maßnahmen - Tiefbau und Infrastruktur 1, Leistungsverzeichnis.X83
90;Gussasphaltrinne im Bereich zwischen Kleinanliefererplatz und Ast- und Strauchschnittlager oberhalb der Sedimentationsanlage nach ZTV Asphalt-StB 26 herstellen.;46,0;m;gaeb;vom_unternehmen_auszufuellende_dokumente/Ausschreibung 01, Vorgezogene Maßnahmen - Tiefbau und Infrastruktur 1, Leistungsverzeichnis.X83
100;Abstumpfungsmaßnahmen zur Erhöhung der Anfangsgriffigkeit durch gleichmäßiges Aufbringen und Abwalzen von Abstreukörnung durchführen, nicht gebundene Abstreukörnung aufnehmen und entsorgen;3100,0;m²;gaeb;vom_unternehmen_auszufuellende_dokumente/Ausschreibung 01, Vorgezogene Maßnahmen - Tiefbau und Infrastruktur 1, Leistungsverzeichnis.X83
110;Anschluss als Fuge mit Fugenmasse herstellen. Fugenspalt in die Asphaltdeckschicht durch Schneiden aufweiten und säubern.;800,0;m;gaeb;vom_unternehmen_auszufuellende_dokumente/Ausschreibung 01, Vorgezogene Maßnahmen - Tiefbau und Infrastruktur 1, Leistungsverzeichnis.X83
120;Fugen zwischen Schleißblech und Beton als Fuge wie folgt herstellen:;40,0;m;gaeb;vom_unternehmen_auszufuellende_dokumente/Ausschreibung 01, Vorgezogene Maßnahmen - Tiefbau und Infrastruktur 1, Leistungsverzeichnis.X83
130;Frostschutzmaterial RC-I-Material für Straßen der BK 10 nach ZTV SoB-StB 20, Fassung 2021 herstellen und im Bereich der Verkehrsflächen einbauen und verdichten;685,0;m³;gaeb;vom_unternehmen_auszufuellende_dokumente/Ausschreibung 01, Vorgezogene Maßnahmen - Tiefbau und Infrastruktur 1, Leistungsverzeichnis.X83
140;Vorhandene bituminöse, befestigte Flächen zum Anschluss an neue Asphaltfläche im Bereich der Zufahrten gem. ZTV Asphalt- StB 26 und ZTV A-StB 12 wie folgt schneiden:;385,0;m;gaeb;vom_unternehmen_auszufuellende_dokumente/Ausschreibung 01, Vorgezogene Maßnahmen - Tiefbau und Infrastruktur 1, Leistungsverzeichnis.X83
150;Asphalttragschicht aus Asphalttragschichtmischgut für Straßen der Bauklassen 10 gem. ZTV Asphalt- StB 26 herstellen.;1930,0;m²;gaeb;vom_unternehmen_auszufuellende_dokumente/Ausschreibung 01, Vorgezogene Maßnahmen - Tiefbau und Infrastruktur 1, Leistungsverzeichnis.X83
160;Reinigen der Oberfläche von Tragschichten aus bituminösem Mischgut für das Aufsprühen von bituminösen Bindemitteln vor dem Einbau der Asphaltbinderschicht bzw. Asphaltdeckschicht Ausführung nach Wahl des AN;3860,0;m²;gaeb;vom_unternehmen_auszufuellende_dokumente/Ausschreibung 01, Vorgezogene Maßnahmen - Tiefbau und Infrastruktur 1, Leistungsverzeichnis.X83
170;Bitumenhaltiges Bindemittel ganzflächig auf Asphalttragschichten gemäß  ZTV Asphalt- StB 26 aufsprühen.;1930,0;m²;gaeb;vom_unternehmen_auszufuellende_dokumente/Ausschreibung 01, Vorgezogene Maßnahmen - Tiefbau und Infrastruktur 1, Leistungsverzeichnis.X83
180;Asphaltbinderschicht aus Asphaltbinderschichtmischgut für Straßen der Bauklassen 10 nach ZTV Asphalt- StB 26 herstellen;1930,0;m²;gaeb;vom_unternehmen_auszufuellende_dokumente/Ausschreibung 01, Vorgezogene Maßnahmen - Tiefbau und Infrastruktur 1, Leistungsverzeichnis.X83
190;Bitumenhaltiges Bindemittel ganzflächig auf Asphaltbinder- schichten gemäß ZTV Asphalt- StB 26 aufsprühen;1930,0;m²;gaeb;vom_unternehmen_auszufuellende_dokumente/Ausschreibung 01, Vorgezogene Maßnahmen - Tiefbau und Infrastruktur 1, Leistungsverzeichnis.X83
200;Deckschicht aus Asphaltbetonmischgut für Straßen der Bauklassen 10 nach ZTV Asphalt- StB 26 herstellen;1930,0;m²;gaeb;vom_unternehmen_auszufuellende_dokumente/Ausschreibung 01, Vorgezogene Maßnahmen - Tiefbau und Infrastruktur 1, Leistungsverzeichnis.X83
210;Die Nähte der Asphaltdeckschicht sind gemäß ZTV Asphalt-StB 26 als Fuge auszubilden.;390,0;m;gaeb;vom_unternehmen_auszufuellende_dokumente/Ausschreibung 01, Vorgezogene Maßnahmen - Tiefbau und Infrastruktur 1, Leistungsverzeichnis.X83
220;Abstumpfungsmaßnahmen zur Erhöhung der Anfangsgriffigkeit durch gleichmäßiges Aufbringen und Abwalzen von Abstreukörnung durchführen, nicht gebundene Abstreukörnung aufnehmen und entsorgen;1930,0;m²;gaeb;vom_unternehmen_auszufuellende_dokumente/Ausschreibung 01, Vorgezogene Maßnahmen - Tiefbau und Infrastruktur 1, Leistungsverzeichnis.X83
230;Anschluss als Fuge mit Fugenmasse herstellen, Fugenspalt in die Asphaltdeckschicht durch Schneiden aufweiten und säubern;450,0;m;gaeb;vom_unternehmen_auszufuellende_dokumente/Ausschreibung 01, Vorgezogene Maßnahmen - Tiefbau und Infrastruktur 1, Leistungsverzeichnis.X83
240;Frostschutzmaterial RC-I-Material für Straßen der BK 1.0 nach ZTV SoB-StB 20, Fassung 2021 herstellen und im Bereich der Verkehrsflächen einbauen und verdichten.;1715,0;m³;gaeb;vom_unternehmen_auszufuellende_dokumente/Ausschreibung 01, Vorgezogene Maßnahmen - Tiefbau und Infrastruktur 1, Leistungsverzeichnis.X83
250;Vorhandene bituminöse, befestigte Flächen zum Anschluss an neue Asphaltfläche im Bereich der Zufahrten gem. ZTV Asphalt- StB 26 und ZTV A-StB 12 wie folgt schneiden:;165,0;m;gaeb;vom_unternehmen_auszufuellende_dokumente/Ausschreibung 01, Vorgezogene Maßnahmen - Tiefbau und Infrastruktur 1, Leistungsverzeichnis.X83
260;Asphalttragschicht aus Asphalttragschichtmischgut für Straßen der Bauklassen 1.0 gem. ZTV Asphalt-StB 26 herstellen;3650,0;m²;gaeb;vom_unternehmen_auszufuellende_dokumente/Ausschreibung 01, Vorgezogene Maßnahmen - Tiefbau und Infrastruktur 1, Leistungsverzeichnis.X83
270;Reinigen der Oberfläche von Tragschichten aus bituminösem Mischgut für das Aufsprühen von bituminösen Bindemitteln vor dem Einbau der Asphaltdeckschicht, Ausführung nach Wahl des AN;3650,0;m²;gaeb;vom_unternehmen_auszufuellende_dokumente/Ausschreibung 01, Vorgezogene Maßnahmen - Tiefbau und Infrastruktur 1, Leistungsverzeichnis.X83
280;Bitumenhaltiges Bindemittel ganzflächig auf Asphalttragschichten gemäß ZTV Asphalt-StB 26 aufsprühen;3650,0;m²;gaeb;vom_unternehmen_auszufuellende_dokumente/Ausschreibung 01, Vorgezogene Maßnahmen - Tiefbau und Infrastruktur 1, Leistungsverzeichnis.X83
290;Deckschicht aus Asphaltbetonmischgut für Straßen der Bauklassen 1.0 nach ZTV Asphalt-StB 26 herstellen;3650,0;m²;gaeb;vom_unternehmen_auszufuellende_dokumente/Ausschreibung 01, Vorgezogene Maßnahmen - Tiefbau und Infrastruktur 1, Leistungsverzeichnis.X83
300;Die Nähte der Asphaltdeckschicht sind gemäß ZTV Asphalt-StB 26 als Fuge auszubilden.;860,0;m;gaeb;vom_unternehmen_auszufuellende_dokumente/Ausschreibung 01, Vorgezogene Maßnahmen - Tiefbau und Infrastruktur 1, Leistungsverzeichnis.X83
310;Abstumpfungsmaßnahmen zur Erhöhung der Anfangsgriffigkeit durch gleichmäßiges Aufbringen und Abwalzen von Abstreukörnung durchführen, nicht gebundene Abstreukörnung aufnehmen und entsorgen;3650,0;m²;gaeb;vom_unternehmen_auszufuellende_dokumente/Ausschreibung 01, Vorgezogene Maßnahmen - Tiefbau und Infrastruktur 1, Leistungsverzeichnis.X83
320;Anschluss als Fuge mit Fugenmasse herstellen, Fugenspalt in die Asphaltdeckschicht durch Schneiden aufweiten und säubern;900,0;m;gaeb;vom_unternehmen_auszufuellende_dokumente/Ausschreibung 01, Vorgezogene Maßnahmen - Tiefbau und Infrastruktur 1, Leistungsverzeichnis.X83
330;Frostschutzmaterial RC-I-Material für Straßen der BK 1.0 nach ZTV SoB-StB 20, Fassung 2021 herstellen und im Bereich der Silagefläche einbauen und verdichten.;564,0;m³;gaeb;vom_unternehmen_auszufuellende_dokumente/Ausschreibung 01, Vorgezogene Maßnahmen - Tiefbau und Infrastruktur 1, Leistungsverzeichnis.X83
340;Vorhandene bituminöse, befestigte Flächen zum Anschluss an neue Asphaltfläche im Bereich der Zufahrten gem. ZTV Asphalt- StB 26 und ZTV A-StB 12 wie folgt schneiden:;25,0;m;gaeb;vom_unternehmen_auszufuellende_dokumente/Ausschreibung 01, Vorgezogene Maßnahmen - Tiefbau und Infrastruktur 1, Leistungsverzeichnis.X83
350;Asphalttragschicht aus Asphalttragschichtmischgut für Straßen der Bauklassen 1.0 gem. ZTV Asphalt-StB 26 herstellen;1200,0;m²;gaeb;vom_unternehmen_auszufuellende_dokumente/Ausschreibung 01, Vorgezogene Maßnahmen - Tiefbau und Infrastruktur 1, Leistungsverzeichnis.X83
360;Reinigen der Oberfläche von Tragschichten aus bituminösem Mischgut für das Aufsprühen von bituminösen Bindemitteln vor dem Einbau der Asphaltdeckschicht, Ausführung nach Wahl des AN;1200,0;m²;gaeb;vom_unternehmen_auszufuellende_dokumente/Ausschreibung 01, Vorgezogene Maßnahmen - Tiefbau und Infrastruktur 1, Leistungsverzeichnis.X83
370;Bitumenhaltiges Bindemittel ganzflächig auf Asphalttragschichten gemäß ZTV Asphalt-StB 26 aufsprühen;1200,0;m²;gaeb;vom_unternehmen_auszufuellende_dokumente/Ausschreibung 01, Vorgezogene Maßnahmen - Tiefbau und Infrastruktur 1, Leistungsverzeichnis.X83
380;Deckschicht aus Asphaltbetonmischgut für Straßen der Bauklassen 1.0 nach ZTV Asphalt-StB 26 herstellen;1200,0;m²;gaeb;vom_unternehmen_auszufuellende_dokumente/Ausschreibung 01, Vorgezogene Maßnahmen - Tiefbau und Infrastruktur 1, Leistungsverzeichnis.X83
390;Die Nähte der Asphaltdeckschicht sind gemäß ZTV Asphalt-StB 26 als Fuge auszubilden.;323,0;m;gaeb;vom_unternehmen_auszufuellende_dokumente/Ausschreibung 01, Vorgezogene Maßnahmen - Tiefbau und Infrastruktur 1, Leistungsverzeichnis.X83
400;Abstumpfungsmaßnahmen zur Erhöhung der Anfangsgriffigkeit durch gleichmäßiges Aufbringen und Abwalzen von Abstreukörnung durchführen, nicht gebundene Abstreukörnung aufnehmen und entsorgen;1200,0;m²;gaeb;vom_unternehmen_auszufuellende_dokumente/Ausschreibung 01, Vorgezogene Maßnahmen - Tiefbau und Infrastruktur 1, Leistungsverzeichnis.X83
410;Anschluss als Fuge mit Fugenmasse herstellen. Fugenspalt in die Asphaltdeckschicht durch Schneiden aufweiten und säubern.;150,0;m;gaeb;vom_unternehmen_auszufuellende_dokumente/Ausschreibung 01, Vorgezogene Maßnahmen - Tiefbau und Infrastruktur 1, Leistungsverzeichnis.X83
420;Frostschutzmaterial RC-I-Material für Straßen der BK 1.0 nach ZTV SoB-StB 20, Fassung 2021 herstellen und im Bereich der Verkehrsflächen einbauen und verdichten;45,0;m³;gaeb;vom_unternehmen_auszufuellende_dokumente/Ausschreibung 01, Vorgezogene Maßnahmen - Tiefbau und Infrastruktur 1, Leistungsverzeichnis.X83
430;Vorhandene bituminöse, befestigte Flächen zum Anschluss an neue Asphaltfläche im Bereich der Zufahrten gem. ZTV Asphalt- StB 26 und ZTV A-StB 12 wie folgt schneiden:;30,0;m;gaeb;vom_unternehmen_auszufuellende_dokumente/Ausschreibung 01, Vorgezogene Maßnahmen - Tiefbau und Infrastruktur 1, Leistungsverzeichnis.X83
440;Asphalttragschicht aus Asphalttragschichtmischgut für Straßen der Bauklassen 1.0 gem. ZTV Asphalt-StB 26 herstellen;95,0;m²;gaeb;vom_unternehmen_auszufuellende_dokumente/Ausschreibung 01, Vorgezogene Maßnahmen - Tiefbau und Infrastruktur 1, Leistungsverzeichnis.X83
450;Reinigen der Oberfläche von Tragschichten aus bituminösem Mischgut für das Aufsprühen von bituminösen Bindemitteln vor dem Einbau der Asphaltdeckschicht, Ausführung nach Wahl des AN;95,0;m²;gaeb;vom_unternehmen_auszufuellende_dokumente/Ausschreibung 01, Vorgezogene Maßnahmen - Tiefbau und Infrastruktur 1, Leistungsverzeichnis.X83
460;Bitumenhaltiges Bindemittel ganzflächig auf Asphalttragschichten gemäß ZTV Asphalt-StB 26 aufsprühen;95,0;m²;gaeb;vom_unternehmen_auszufuellende_dokumente/Ausschreibung 01, Vorgezogene Maßnahmen - Tiefbau und Infrastruktur 1, Leistungsverzeichnis.X83
470;Deckschicht aus Asphaltbetonmischgut für Straßen der Bauklassen 1.0 nach ZTV Asphalt-StB 26 herstellen;95,0;m²;gaeb;vom_unternehmen_auszufuellende_dokumente/Ausschreibung 01, Vorgezogene Maßnahmen - Tiefbau und Infrastruktur 1, Leistungsverzeichnis.X83
480;Abstumpfungsmaßnahmen zur Erhöhung der Anfangsgriffigkeit durch gleichmäßiges Aufbringen und Abwalzen von Abstreukörnung durchführen, nicht gebundene Abstreukörnung aufnehmen und entsorgen;95,0;m²;gaeb;vom_unternehmen_auszufuellende_dokumente/Ausschreibung 01, Vorgezogene Maßnahmen - Tiefbau und Infrastruktur 1, Leistungsverzeichnis.X83
490;Anschluss als Fuge mit Fugenmasse herstellen, Fugenspalt in die Asphaltdeckschicht durch Schneiden aufweiten und säubern;30,0;m;gaeb;vom_unternehmen_auszufuellende_dokumente/Ausschreibung 01, Vorgezogene Maßnahmen - Tiefbau und Infrastruktur 1, Leistungsverzeichnis.X83
500;Das Planum unter der Pflasterfläche ist gemäß ZTVE-StB 09 und;15,0;m²;gaeb;vom_unternehmen_auszufuellende_dokumente/Ausschreibung 01, Vorgezogene Maßnahmen - Tiefbau und Infrastruktur 1, Leistungsverzeichnis.X83
510;Frostschutzmaterial für Pflasterdecken und Plattenbeläge nach        ZTV SoB-StB 04, Fassung 2007 herstellen und im Handeinbau im Bereich von Gehwegen einbauen und verdichten.;8,0;m³;gaeb;vom_unternehmen_auszufuellende_dokumente/Ausschreibung 01, Vorgezogene Maßnahmen - Tiefbau und Infrastruktur 1, Leistungsverzeichnis.X83
520;Maße 10 x 20 x 8 cm;15,0;m²;gaeb;vom_unternehmen_auszufuellende_dokumente/Ausschreibung 01, Vorgezogene Maßnahmen - Tiefbau und Infrastruktur 1, Leistungsverzeichnis.X83
530;Die Betonbordsteine sind aus Beton nach DIN 483 und DIN EN 1340 herzustellen, zu liefern und auf einem vorbereiteten Betonbett einschl. Rückenstütze flucht- und höhengerecht einzubauen.;200,0;m;gaeb;vom_unternehmen_auszufuellende_dokumente/Ausschreibung 01, Vorgezogene Maßnahmen - Tiefbau und Infrastruktur 1, Leistungsverzeichnis.X83
540;Die Betonbordsteine sind aus Beton nach DIN 483 und DIN EN 1340 herzustellen, zu liefern und auf einem vorbereiteten Betonbett einschl. Rückenstütze flucht- und höhengerecht einzubauen.;5,0;m;gaeb;vom_unternehmen_auszufuellende_dokumente/Ausschreibung 01, Vorgezogene Maßnahmen - Tiefbau und Infrastruktur 1, Leistungsverzeichnis.X83
550;Die Betontiefbordsteine sind aus Beton nach DIN 483 und DIN EN 1340 herzustellen, zu liefern und auf einem vorbereiteten Betonbett einschl. Rückenstütze flucht- und höhengerecht einzubauen.;4,0;m;gaeb;vom_unternehmen_auszufuellende_dokumente/Ausschreibung 01, Vorgezogene Maßnahmen - Tiefbau und Infrastruktur 1, Leistungsverzeichnis.X83
560;Läuferstein;230,0;m;gaeb;vom_unternehmen_auszufuellende_dokumente/Ausschreibung 01, Vorgezogene Maßnahmen - Tiefbau und Infrastruktur 1, Leistungsverzeichnis.X83
570;Entwässerungsrinne;168,0;m;gaeb;vom_unternehmen_auszufuellende_dokumente/Ausschreibung 01, Vorgezogene Maßnahmen - Tiefbau und Infrastruktur 1, Leistungsverzeichnis.X83
580;Entwässerungsrinne NW 100, Prüfkraft 400 kN,;37,0;Stck;gaeb;vom_unternehmen_auszufuellende_dokumente/Ausschreibung 01, Vorgezogene Maßnahmen - Tiefbau und Infrastruktur 1, Leistungsverzeichnis.X83
590;Entwässerungsrinne NW 100, Prüfkraft 400 kN,;2,0;Stck;gaeb;vom_unternehmen_auszufuellende_dokumente/Ausschreibung 01, Vorgezogene Maßnahmen - Tiefbau und Infrastruktur 1, Leistungsverzeichnis.X83
600;Einlaufkasten für Entwässerungsrinne NW 100, D400,;3,0;Stck;gaeb;vom_unternehmen_auszufuellende_dokumente/Ausschreibung 01, Vorgezogene Maßnahmen - Tiefbau und Infrastruktur 1, Leistungsverzeichnis.X83
610;"Stirnwand NW 100, Prüfkraft 400 kN entsprechend DIN EN 1433, für Typ ""Faserfix KS 100 Typ 01, verzinkt"" der Fa. Hauraton, oder gleichwertig komplett liefern und einbauen";4,0;Stck;gaeb;vom_unternehmen_auszufuellende_dokumente/Ausschreibung 01, Vorgezogene Maßnahmen - Tiefbau und Infrastruktur 1, Leistungsverzeichnis.X83
620;An der TV TüL und dem Bestandspumpenschacht ist ein Anfahrschutzpoller zu errichten.;6,0;Stck;gaeb;vom_unternehmen_auszufuellende_dokumente/Ausschreibung 01, Vorgezogene Maßnahmen - Tiefbau und Infrastruktur 1, Leistungsverzeichnis.X83
630;Durchgehende Linien aus weißer, thermoplastischer Masse in 4 mm Dicke reflektierend auf bituminöser Deckschicht herstellen;250,0;m;gaeb;vom_unternehmen_auszufuellende_dokumente/Ausschreibung 01, Vorgezogene Maßnahmen - Tiefbau und Infrastruktur 1, Leistungsverzeichnis.X83
640;Unterbrochene Linien S 1/1 aus weißer, thermoplastischer Masse in 4 mm Dicke reflektierend auf bituminöser Deckschicht  herstellen;100,0;m;gaeb;vom_unternehmen_auszufuellende_dokumente/Ausschreibung 01, Vorgezogene Maßnahmen - Tiefbau und Infrastruktur 1, Leistungsverzeichnis.X83
650;Durchgehende Linien B aus weißer, thermoplastischer Masse in 4 mm Dicke reflektierend auf bituminöser Deckschicht im Bereich von Kreuzungen herstellen;50,0;m;gaeb;vom_unternehmen_auszufuellende_dokumente/Ausschreibung 01, Vorgezogene Maßnahmen - Tiefbau und Infrastruktur 1, Leistungsverzeichnis.X83
660;Durchgehende Linien B aus weißer, thermoplastischer Masse in;50,0;m;gaeb;vom_unternehmen_auszufuellende_dokumente/Ausschreibung 01, Vorgezogene Maßnahmen - Tiefbau und Infrastruktur 1, Leistungsverzeichnis.X83
670;Pfeil, geradeaus, links ab oder rechts ab, aus weißer, thermoplastischer Masse in 4 mm Dicke reflektierend auf bituminöser Fläche herstellen;6,0;Stck;gaeb;vom_unternehmen_auszufuellende_dokumente/Ausschreibung 01, Vorgezogene Maßnahmen - Tiefbau und Infrastruktur 1, Leistungsverzeichnis.X83
680;Rohrpfosten aus Aluminium oder verzinktem Stahl mit einem Durchmesser von 60 mm und einer Länge von 3.500 mm für Verkehrsschilder oder Wegweiser von der BE aufnehmen und in Einzelfundament aus Beton C20/25, Größe 40 x 40 x 80 cm, einsetzen. Mit PVC-Deckel. Der verdrängte Boden ist seitlich einzuplan;7,0;Stck;gaeb;vom_unternehmen_auszufuellende_dokumente/Ausschreibung 01, Vorgezogene Maßnahmen - Tiefbau und Infrastruktur 1, Leistungsverzeichnis.X83
690;Doppelrohrpfosten, d = 60 mm, l= 1,25 m;1,0;Stck;gaeb;vom_unternehmen_auszufuellende_dokumente/Ausschreibung 01, Vorgezogene Maßnahmen - Tiefbau und Infrastruktur 1, Leistungsverzeichnis.X83
700;Verkehrszeichen, retroreflektierend, aus Aluminium, 2 mm stark, Verkehrszeichen nach StVO und VwV- StVO, liefern und einschließlich der erforderlichen Schellen an Maste montieren;2,0;Stck;gaeb;vom_unternehmen_auszufuellende_dokumente/Ausschreibung 01, Vorgezogene Maßnahmen - Tiefbau und Infrastruktur 1, Leistungsverzeichnis.X83
710;Verkehrszeichen, retroreflektierend, aus Aluminium, 2 mm stark, Verkehrszeichen nach StVO und VwV- StVO, von der BE aufnehmen und einschließlich der erforderlichen Schellen an Maste montieren;2,0;Stck;gaeb;vom_unternehmen_auszufuellende_dokumente/Ausschreibung 01, Vorgezogene Maßnahmen - Tiefbau und Infrastruktur 1, Leistungsverzeichnis.X83
720;Verkehrszeichen Verbot für Fahrzeuge aller Art;2,0;Stck;gaeb;vom_unternehmen_auszufuellende_dokumente/Ausschreibung 01, Vorgezogene Maßnahmen - Tiefbau und Infrastruktur 1, Leistungsverzeichnis.X83
730;Verkehrszeichen;2,0;Stck;gaeb;vom_unternehmen_auszufuellende_dokumente/Ausschreibung 01, Vorgezogene Maßnahmen - Tiefbau und Infrastruktur 1, Leistungsverzeichnis.X83
740;Rohrpfosten aus Aluminium oder verzinktem Stahl mit einem Durchmesser von 50 mm und einer Länge von 2.500 mm für Sonderschilder Entwässerung liefern und in Einzelfundament aus Beton C20/25, Größe 40 x 40 x 80 cm, einsetzen. Mit PVC-Deckel. Der verdrängte Boden ist seitlich einzuplanieren.;3,0;Stck;gaeb;vom_unternehmen_auszufuellende_dokumente/Ausschreibung 01, Vorgezogene Maßnahmen - Tiefbau und Infrastruktur 1, Leistungsverzeichnis.X83
750;"Sicherheitszeichen Sonderschild ""Im Havariefall Pumpe ausschalten"", retroreflektierend, aus Aluminium, 2 mm stark, einschließlich der erforderlichen Schellen an Mast liefern und montieren";1,0;Stck;gaeb;vom_unternehmen_auszufuellende_dokumente/Ausschreibung 01, Vorgezogene Maßnahmen - Tiefbau und Infrastruktur 1, Leistungsverzeichnis.X83
760;"Sicherheitszeichen Sonderschild ""Im Havariefall Schieber schließen"", retroreflektierend, aus Aluminium, 2 mm stark, einschließlich der erforderlichen Schellen an Mast liefern und montieren";1,0;Stck;gaeb;vom_unternehmen_auszufuellende_dokumente/Ausschreibung 01, Vorgezogene Maßnahmen - Tiefbau und Infrastruktur 1, Leistungsverzeichnis.X83
770;"Sicherheitszeichen Sonderschild ""Löschwasser Entnahme-stelle"", retroreflektierend, aus Aluminium, 2 mm stark, einschließlich der erforderlichen Schellen an Mast liefern und montieren";1,0;Stck;gaeb;vom_unternehmen_auszufuellende_dokumente/Ausschreibung 01, Vorgezogene Maßnahmen - Tiefbau und Infrastruktur 1, Leistungsverzeichnis.X83
780;Schotterrasen gemäß FLL für Regelbauweisen SR1 aus Schottermaterial 0/45 gemäß FLL Sieblinienbereich und Oberboden/Kompost (Michverhältnis 1:1) auf der Baustelle im Verhältnis 2:1 (Schotter zwei Teile : Oberbodenkompostgemisch ein Teil) liefern, herstellen und in den ausgewiesenen Bereichen in einer;475,0;m³;gaeb;vom_unternehmen_auszufuellende_dokumente/Ausschreibung 01, Vorgezogene Maßnahmen - Tiefbau und Infrastruktur 1, Leistungsverzeichnis.X83
790;Das Planum unter dem Schotterrasen ist gemäß ZTVE-StB 09 und;1500,0;m²;gaeb;vom_unternehmen_auszufuellende_dokumente/Ausschreibung 01, Vorgezogene Maßnahmen - Tiefbau und Infrastruktur 1, Leistungsverzeichnis.X83
800;Ansaat mit Regel-Saatgut-Mischung RSM 5.1 oder 5.2 auf dem Planum der Vorvorposition liefern, aufbringen und einarbeiten.;1500,0;m²;gaeb;vom_unternehmen_auszufuellende_dokumente/Ausschreibung 01, Vorgezogene Maßnahmen - Tiefbau und Infrastruktur 1, Leistungsverzeichnis.X83
10;Bandeisen 30*3,5 mm V4A als Ringerder;185,0;m;gaeb;vom_unternehmen_auszufuellende_dokumente/Ausschreibung 01, Vorgezogene Maßnahmen - Tiefbau und Infrastruktur 1, Leistungsverzeichnis.X83
20;Fundamenterder als Potentialausgleichsleiter;200,0;m;gaeb;vom_unternehmen_auszufuellende_dokumente/Ausschreibung 01, Vorgezogene Maßnahmen - Tiefbau und Infrastruktur 1, Leistungsverzeichnis.X83
30;Kreuzverbinder V4A;18,0;Stck;gaeb;vom_unternehmen_auszufuellende_dokumente/Ausschreibung 01, Vorgezogene Maßnahmen - Tiefbau und Infrastruktur 1, Leistungsverzeichnis.X83
40;Kreuzverbinder verzinkt;90,0;Stck;gaeb;vom_unternehmen_auszufuellende_dokumente/Ausschreibung 01, Vorgezogene Maßnahmen - Tiefbau und Infrastruktur 1, Leistungsverzeichnis.X83
50;Korrosionsschutz an Verbindungsstellen;18,0;Stck;gaeb;vom_unternehmen_auszufuellende_dokumente/Ausschreibung 01, Vorgezogene Maßnahmen - Tiefbau und Infrastruktur 1, Leistungsverzeichnis.X83
60;Anschlussfahne:;10,0;Stck;gaeb;vom_unternehmen_auszufuellende_dokumente/Ausschreibung 01, Vorgezogene Maßnahmen - Tiefbau und Infrastruktur 1, Leistungsverzeichnis.X83
70;Schutzkappen für Anschlussfahnen liefern und zum Schutz der Anschlussfahnen verwenden;10,0;Stck;gaeb;vom_unternehmen_auszufuellende_dokumente/Ausschreibung 01, Vorgezogene Maßnahmen - Tiefbau und Infrastruktur 1, Leistungsverzeichnis.X83
80;Erdungsfestpunkt;1,0;Stck;gaeb;vom_unternehmen_auszufuellende_dokumente/Ausschreibung 01, Vorgezogene Maßnahmen - Tiefbau und Infrastruktur 1, Leistungsverzeichnis.X83
90;Äußerer Blitzschutz;1,0;pau;gaeb;vom_unternehmen_auszufuellende_dokumente/Ausschreibung 01, Vorgezogene Maßnahmen - Tiefbau und Infrastruktur 1, Leistungsverzeichnis.X83
100;Fotodokumentation der Erdungs- bzw. Blitzschutzanlage;1,0;pau;gaeb;vom_unternehmen_auszufuellende_dokumente/Ausschreibung 01, Vorgezogene Maßnahmen - Tiefbau und Infrastruktur 1, Leistungsverzeichnis.X83
110;Prüfung der Erdungs- bzw. Blitzschutzanlage;1,0;pau;gaeb;vom_unternehmen_auszufuellende_dokumente/Ausschreibung 01, Vorgezogene Maßnahmen - Tiefbau und Infrastruktur 1, Leistungsverzeichnis.X83
120;Blitzschutzprüfbuch der Erdungs- bzw. Blitzschutzanlage;1,0;pau;gaeb;vom_unternehmen_auszufuellende_dokumente/Ausschreibung 01, Vorgezogene Maßnahmen - Tiefbau und Infrastruktur 1, Leistungsverzeichnis.X83
130;Bandeisen 30*3,5 mm V4A als Ringerder;60,0;m;gaeb;vom_unternehmen_auszufuellende_dokumente/Ausschreibung 01, Vorgezogene Maßnahmen - Tiefbau und Infrastruktur 1, Leistungsverzeichnis.X83
140;Fundamenterder als Potentialausgleichsleiter;130,0;m;gaeb;vom_unternehmen_auszufuellende_dokumente/Ausschreibung 01, Vorgezogene Maßnahmen - Tiefbau und Infrastruktur 1, Leistungsverzeichnis.X83
150;Kreuzverbinder V4A;8,0;Stck;gaeb;vom_unternehmen_auszufuellende_dokumente/Ausschreibung 01, Vorgezogene Maßnahmen - Tiefbau und Infrastruktur 1, Leistungsverzeichnis.X83
160;Kreuzverbinder verzinkt;45,0;Stck;gaeb;vom_unternehmen_auszufuellende_dokumente/Ausschreibung 01, Vorgezogene Maßnahmen - Tiefbau und Infrastruktur 1, Leistungsverzeichnis.X83
170;Korrosionsschutz an Verbindungsstellen;8,0;Stck;gaeb;vom_unternehmen_auszufuellende_dokumente/Ausschreibung 01, Vorgezogene Maßnahmen - Tiefbau und Infrastruktur 1, Leistungsverzeichnis.X83
180;Anschlussfahne:;12,0;Stck;gaeb;vom_unternehmen_auszufuellende_dokumente/Ausschreibung 01, Vorgezogene Maßnahmen - Tiefbau und Infrastruktur 1, Leistungsverzeichnis.X83
190;Schutzkappen für Anschlussfahnen liefern und zum Schutz der Anschlussfahnen verwenden;12,0;Stck;gaeb;vom_unternehmen_auszufuellende_dokumente/Ausschreibung 01, Vorgezogene Maßnahmen - Tiefbau und Infrastruktur 1, Leistungsverzeichnis.X83
200;Erdungsfestpunkt;3,0;Stck;gaeb;vom_unternehmen_auszufuellende_dokumente/Ausschreibung 01, Vorgezogene Maßnahmen - Tiefbau und Infrastruktur 1, Leistungsverzeichnis.X83
210;Potentialausgleichsschiene nach DIN EN 62561-1, für den Blitzschutz-Potentialausgleich nach DIN EN 62305-3 (VDE 0185-305-3) liefern und fachgerecht an die Innenwand des Trennbauwerks und Absetzbeckens montieren und mit Stahlbauteilen und Erdungsfestpunkt zur Ableitung verbinden.;3,0;Stck;gaeb;vom_unternehmen_auszufuellende_dokumente/Ausschreibung 01, Vorgezogene Maßnahmen - Tiefbau und Infrastruktur 1, Leistungsverzeichnis.X83
220;Fotodokumentation;1,0;pau;gaeb;vom_unternehmen_auszufuellende_dokumente/Ausschreibung 01, Vorgezogene Maßnahmen - Tiefbau und Infrastruktur 1, Leistungsverzeichnis.X83
230;Prüfung;1,0;pau;gaeb;vom_unternehmen_auszufuellende_dokumente/Ausschreibung 01, Vorgezogene Maßnahmen - Tiefbau und Infrastruktur 1, Leistungsverzeichnis.X83
240;Blitzschutzprüfbuch;1,0;pau;gaeb;vom_unternehmen_auszufuellende_dokumente/Ausschreibung 01, Vorgezogene Maßnahmen - Tiefbau und Infrastruktur 1, Leistungsverzeichnis.X83
250;Anschlussfahne:;10,0;Stck;gaeb;vom_unternehmen_auszufuellende_dokumente/Ausschreibung 01, Vorgezogene Maßnahmen - Tiefbau und Infrastruktur 1, Leistungsverzeichnis.X83
260;Kreuzverbinder V4A;10,0;Stck;gaeb;vom_unternehmen_auszufuellende_dokumente/Ausschreibung 01, Vorgezogene Maßnahmen - Tiefbau und Infrastruktur 1, Leistungsverzeichnis.X83
270;Korrosionsschutz an Verbindungsstellen;10,0;Stck;gaeb;vom_unternehmen_auszufuellende_dokumente/Ausschreibung 01, Vorgezogene Maßnahmen - Tiefbau und Infrastruktur 1, Leistungsverzeichnis.X83
280;Bandeisen 30*3,5 mm V4A als Ringerder Werkstoffqualität mind. 1.4571, 1.4401 oder 1.4404 liefern und zur Vermaschung der Leuchten und Bauwerke in Gräben verlegen, einschließlich Isolierung der unterirdischen Verbindungsschellen mit Schutzbinde, ohne Tiefbauarbeiten;250,0;m;gaeb;vom_unternehmen_auszufuellende_dokumente/Ausschreibung 01, Vorgezogene Maßnahmen - Tiefbau und Infrastruktur 1, Leistungsverzeichnis.X83
290;Tiefenerder aus V4A-Stahl 1.4401, 1.4404 oder 1.4571, Ø  20mm, Länge9,0m, mit Schlagspitze, NIRO- Tiefenerder-klemme, Klein- und Zubehörteilen, liefern, nach örtlicher Freigabe eintreiben und anschließen, inkl. Isolierung der unterirdischen Anschlussstelle mit Schutzbinde, ohne Tiefbauarbeiten;2,0;Stck;gaeb;vom_unternehmen_auszufuellende_dokumente/Ausschreibung 01, Vorgezogene Maßnahmen - Tiefbau und Infrastruktur 1, Leistungsverzeichnis.X83
300;Bandeisen 30*3,5 mm als Ringerder Werkstoffqualität mind. 1.4571, 1.4401 oder 1.4404 liefern und zur Vermaschung der Leuchten und Bauwerke in Gräben verlegen, einschließlich Isolierung der unterirdischen Verbindungsschellen mit Schutzbinde, ohne Tiefbauarbeiten;20,0;m;gaeb;vom_unternehmen_auszufuellende_dokumente/Ausschreibung 01, Vorgezogene Maßnahmen - Tiefbau und Infrastruktur 1, Leistungsverzeichnis.X83
310;Anschluss Ring- und Tiefenerder an Erdungsfestpunkt der Trafostation mit;2,0;Stck;gaeb;vom_unternehmen_auszufuellende_dokumente/Ausschreibung 01, Vorgezogene Maßnahmen - Tiefbau und Infrastruktur 1, Leistungsverzeichnis.X83
320;Fotodokumentation;1,0;pau;gaeb;vom_unternehmen_auszufuellende_dokumente/Ausschreibung 01, Vorgezogene Maßnahmen - Tiefbau und Infrastruktur 1, Leistungsverzeichnis.X83
330;Prüfung;1,0;pau;gaeb;vom_unternehmen_auszufuellende_dokumente/Ausschreibung 01, Vorgezogene Maßnahmen - Tiefbau und Infrastruktur 1, Leistungsverzeichnis.X83
340;Blitzschutzprüfbuch;1,0;pau;gaeb;vom_unternehmen_auszufuellende_dokumente/Ausschreibung 01, Vorgezogene Maßnahmen - Tiefbau und Infrastruktur 1, Leistungsverzeichnis.X83
10;Feststellung und Ortung von vorhandenen Elektrokabeln und Leitungen durch Ortungsgerät, z. B. DIGICAT 200 der Firma Leica Geosystem, bis in eine Tiefe von min. 4 m im gesamten Trassenverlauf geplanter Rohrleitungen und Elektrokabel etc. in einer Breite von min. 2,0 m beiderseits der Trassen;1,0;pau;gaeb;vom_unternehmen_auszufuellende_dokumente/Ausschreibung 01, Vorgezogene Maßnahmen - Tiefbau und Infrastruktur 1, Leistungsverzeichnis.X83
20;Schurf mit Beginn der Baumaßnahme als Suchgraben zur Feststellung der Lage von Leitungen, Elektrokabeln etc. in Abstim- mung mit dem AG herstellen;3,0;Stck;gaeb;vom_unternehmen_auszufuellende_dokumente/Ausschreibung 01, Vorgezogene Maßnahmen - Tiefbau und Infrastruktur 1, Leistungsverzeichnis.X83
30;Schurf mit Beginn der Baumaßnahme als Suchgraben zur Feststellung der Lage von Leitungen, Elektrokabeln etc. in Abstim- mung mit dem AG herstellen;3,0;Stck;gaeb;vom_unternehmen_auszufuellende_dokumente/Ausschreibung 01, Vorgezogene Maßnahmen - Tiefbau und Infrastruktur 1, Leistungsverzeichnis.X83
40;Vor dem Sichern der Leitungen erfolgt das Freilegen der zu sichernden Bestandsleitungen, Kabel und Rohre. Das Freilegen erfolgt bis zu einer Tiefe von ca. 3,00 m. Nach erfolgreicher Ortung sind die zuvor genannten Bestandsleitungen, -kabel und -rohre bis 20 cm über dem Scheitel maschinell auszuheben;3,0;Stck;gaeb;vom_unternehmen_auszufuellende_dokumente/Ausschreibung 01, Vorgezogene Maßnahmen - Tiefbau und Infrastruktur 1, Leistungsverzeichnis.X83
50;Auf dem Baugelände vorhandene Rohrleitungen (DN 33 - da280), Energiekabel u.ä. während der Erdarbeiten entweder quer zum Graben/Baugrube oder entlang des Grabens/Baugrube auf der Gesamtlänge der jeweiligen zu schützenden Leitung in gleichmäßigen Abständen von je 3 m schützen und sichern.;15,0;Stck;gaeb;vom_unternehmen_auszufuellende_dokumente/Ausschreibung 01, Vorgezogene Maßnahmen - Tiefbau und Infrastruktur 1, Leistungsverzeichnis.X83
60;Niederschlags- und Schichtenwasser ist im Bereich der Verkehrsfläche und in den Gräben von Ver- und Entsorgungsleitungen in den Tiefpunkten zu fassen, in einem gut ausgefilterten Pumpensumpf zu sammeln und mit Hilfe einer Schmutzwassertauchpumpe über eine Länge von ca. 1;1,0;pau;gaeb;vom_unternehmen_auszufuellende_dokumente/Ausschreibung 01, Vorgezogene Maßnahmen - Tiefbau und Infrastruktur 1, Leistungsverzeichnis.X83
70;Wasserhaltung für Niederschlags- und Schichtenwasser im Bereich der Umfahrung betreiben;10,0;Wo;gaeb;vom_unternehmen_auszufuellende_dokumente/Ausschreibung 01, Vorgezogene Maßnahmen - Tiefbau und Infrastruktur 1, Leistungsverzeichnis.X83
80;Entsprechend des Bestandsplans sind im Bereich der Baustraße am Böschungsfuß kreuzende Leitungen mit Bautenschutzmatten zu schützen.;250,0;m²;gaeb;vom_unternehmen_auszufuellende_dokumente/Ausschreibung 01, Vorgezogene Maßnahmen - Tiefbau und Infrastruktur 1, Leistungsverzeichnis.X83
90;Die am Baufeld angrenzenden Gehölze in der Böschung sind zu schützen.;10,0;Stck;gaeb;vom_unternehmen_auszufuellende_dokumente/Ausschreibung 01, Vorgezogene Maßnahmen - Tiefbau und Infrastruktur 1, Leistungsverzeichnis.X83
10;Demontage des Stabgitterzauns im Bereich des Stapelteichs und zu einer vom AG bestimmten Stelle transportieren und auf Paletten lagern;150,0;m;gaeb;vom_unternehmen_auszufuellende_dokumente/Ausschreibung 01, Vorgezogene Maßnahmen - Tiefbau und Infrastruktur 1, Leistungsverzeichnis.X83
20;Zaunpfosten einschl. Fundamente aus Beton demontieren, Fundamente sind  von den Pfosten zu lösen.;50,0;Stck;gaeb;vom_unternehmen_auszufuellende_dokumente/Ausschreibung 01, Vorgezogene Maßnahmen - Tiefbau und Infrastruktur 1, Leistungsverzeichnis.X83
30;Bestandsleitungen orten und ggf. abfangen;1,0;Stck;gaeb;vom_unternehmen_auszufuellende_dokumente/Ausschreibung 01, Vorgezogene Maßnahmen - Tiefbau und Infrastruktur 1, Leistungsverzeichnis.X83
40;Zuläufe des rückzubauenden Stapelteichs in den Bereichen der Zu- und Ablaufbauwerke verschließen oder verpressen;4,0;Stck;gaeb;vom_unternehmen_auszufuellende_dokumente/Ausschreibung 01, Vorgezogene Maßnahmen - Tiefbau und Infrastruktur 1, Leistungsverzeichnis.X83
50;Rückbau Einlaufbauwerk verfüllen & mit KDB verschließen, Stapelteich;1,0;Stck;gaeb;vom_unternehmen_auszufuellende_dokumente/Ausschreibung 01, Vorgezogene Maßnahmen - Tiefbau und Infrastruktur 1, Leistungsverzeichnis.X83
60;Kunststoffdichtungsbahn, d;100,0;lfm;gaeb;vom_unternehmen_auszufuellende_dokumente/Ausschreibung 01, Vorgezogene Maßnahmen - Tiefbau und Infrastruktur 1, Leistungsverzeichnis.X83
70;Kunststoffdichtungsbahn, d;800,0;m²;gaeb;vom_unternehmen_auszufuellende_dokumente/Ausschreibung 01, Vorgezogene Maßnahmen - Tiefbau und Infrastruktur 1, Leistungsverzeichnis.X83
80;Geotextilien, Flächenmasse 600 g/m2 bei einer Neigung von 1:3 im Bereich des Fußes des Trenndamms sc;90,0;lfm;gaeb;vom_unternehmen_auszufuellende_dokumente/Ausschreibung 01, Vorgezogene Maßnahmen - Tiefbau und Infrastruktur 1, Leistungsverzeichnis.X83
90;Geotextilien, Flächenmasse;800,0;m2;gaeb;vom_unternehmen_auszufuellende_dokumente/Ausschreibung 01, Vorgezogene Maßnahmen - Tiefbau und Infrastruktur 1, Leistungsverzeichnis.X83
100;Brechkorn;400,0;m³;gaeb;vom_unternehmen_auszufuellende_dokumente/Ausschreibung 01, Vorgezogene Maßnahmen - Tiefbau und Infrastruktur 1, Leistungsverzeichnis.X83
110;Geotextilien, Flächenmasse 600 g/m2 bei einer Neigung von 1:3 im Bereich des Fußes des Trenndamms schneiden;100,0;lfm;gaeb;vom_unternehmen_auszufuellende_dokumente/Ausschreibung 01, Vorgezogene Maßnahmen - Tiefbau und Infrastruktur 1, Leistungsverzeichnis.X83
120;Geotextilien, Flächenmasse;800,0;m2;gaeb;vom_unternehmen_auszufuellende_dokumente/Ausschreibung 01, Vorgezogene Maßnahmen - Tiefbau und Infrastruktur 1, Leistungsverzeichnis.X83
130;Kunststoffdichtungsbahn, d;100,0;lfm;gaeb;vom_unternehmen_auszufuellende_dokumente/Ausschreibung 01, Vorgezogene Maßnahmen - Tiefbau und Infrastruktur 1, Leistungsverzeichnis.X83
140;Kunststoffdichtungsbahn, d;800,0;m²;gaeb;vom_unternehmen_auszufuellende_dokumente/Ausschreibung 01, Vorgezogene Maßnahmen - Tiefbau und Infrastruktur 1, Leistungsverzeichnis.X83
150;Mineralische Dichtung nach Rückbau des mittleren Geotextils und der Dichtungsbahn;500,0;m³;gaeb;vom_unternehmen_auszufuellende_dokumente/Ausschreibung 01, Vorgezogene Maßnahmen - Tiefbau und Infrastruktur 1, Leistungsverzeichnis.X83
160;Kies aufnehmen und auf Miete setzen, Stapelteich;40,0;m³;gaeb;vom_unternehmen_auszufuellende_dokumente/Ausschreibung 01, Vorgezogene Maßnahmen - Tiefbau und Infrastruktur 1, Leistungsverzeichnis.X83
170;Platten- und Pflasterbeläge an verschiedenen Stellen;20,0;m²;gaeb;vom_unternehmen_auszufuellende_dokumente/Ausschreibung 01, Vorgezogene Maßnahmen - Tiefbau und Infrastruktur 1, Leistungsverzeichnis.X83
180;Bordsteine aus Beton, Hochbordsteine H 150 x 300 mm, Rundbordsteine R 150 x 220 mm, Tiefborde T 100 x 300 mm und T 80 x 300 mm aus Beton inkl. Unterbau aus Beton in Teilstücken aufnehmen, laden,;100,0;m;gaeb;vom_unternehmen_auszufuellende_dokumente/Ausschreibung 01, Vorgezogene Maßnahmen - Tiefbau und Infrastruktur 1, Leistungsverzeichnis.X83
190;Einzeilige Läuferzeile aus Betonsteinen 16/16/14 bzw. 24/16/14 cm inkl. Unterbau aus Beton, Lage entlang von Borden in Teilstücken aufnehmen, laden,;100,0;m;gaeb;vom_unternehmen_auszufuellende_dokumente/Ausschreibung 01, Vorgezogene Maßnahmen - Tiefbau und Infrastruktur 1, Leistungsverzeichnis.X83
200;Absenkstein aus Beton inkl. Unterbau aus Beton in Teilstücken aufnehmen, laden,;1,0;Stck;gaeb;vom_unternehmen_auszufuellende_dokumente/Ausschreibung 01, Vorgezogene Maßnahmen - Tiefbau und Infrastruktur 1, Leistungsverzeichnis.X83
210;Schacht aus Stahlbeton mit den Abmessungen ca. 1,0 x 1,0 m, ca. 2,00 m tief und mit einer Rahmenbreite von ca. 5 cm teilweise abbrechen (t= 1,00 m), mit verdichtungsfähigem Material verfüllen, Abbruch aufnehmen, laden,;1,0;Stck;gaeb;vom_unternehmen_auszufuellende_dokumente/Ausschreibung 01, Vorgezogene Maßnahmen - Tiefbau und Infrastruktur 1, Leistungsverzeichnis.X83
220;Bituminös befestigte Flächen wie folgt schneiden:;10,0;m;gaeb;vom_unternehmen_auszufuellende_dokumente/Ausschreibung 01, Vorgezogene Maßnahmen - Tiefbau und Infrastruktur 1, Leistungsverzeichnis.X83
230;Rohre aus PE, da225 einschließlich aller Formstücke, bisherige Nutzung als Gasleitung des Stan;160,0;m;gaeb;vom_unternehmen_auszufuellende_dokumente/Ausschreibung 01, Vorgezogene Maßnahmen - Tiefbau und Infrastruktur 1, Leistungsverzeichnis.X83
240;Rohre aus PE, da280 einschließlich aller Formstücke, bisherige Nutzung als Gasleitung des Stan;160,0;m;gaeb;vom_unternehmen_auszufuellende_dokumente/Ausschreibung 01, Vorgezogene Maßnahmen - Tiefbau und Infrastruktur 1, Leistungsverzeichnis.X83
250;Rohre aus PVC, DN 100 einschließlich aller Formstücke, bisherige Nutzung als Sickerwasserleitung des Stan;160,0;m;gaeb;vom_unternehmen_auszufuellende_dokumente/Ausschreibung 01, Vorgezogene Maßnahmen - Tiefbau und Infrastruktur 1, Leistungsverzeichnis.X83
260;Rohre aus PE, DN 100 einschließlich aller Formstücke, bisherige Nutzung als Kabelleerrohr des Stan;160,0;m;gaeb;vom_unternehmen_auszufuellende_dokumente/Ausschreibung 01, Vorgezogene Maßnahmen - Tiefbau und Infrastruktur 1, Leistungsverzeichnis.X83
270;Wurzelstock roden, Stammdurchmesser bis 30 cm, gemessen 0,50 m über dem Boden auf  Böschungsflächen mit einer Neigung von 1:2 (30°). Räumgut ist zu lösen, zu laden,;60,0;Stck;gaeb;vom_unternehmen_auszufuellende_dokumente/Ausschreibung 01, Vorgezogene Maßnahmen - Tiefbau und Infrastruktur 1, Leistungsverzeichnis.X83
280;Verkehrsschild einschl. Pfosten aus Aluminium, Durchmesser 60 mm, Länge der Pfosten ca. 3,5 m, einschließlich Betonfundament ausbauen. Leistung einschl. aller Erdarbeiten zum Freilegen des Fundaments und Wiederverfüllung des Fundamentlochs mit aufbereitetem Material. Betonfundament von Rohrpfosten l;3,0;Stck;gaeb;vom_unternehmen_auszufuellende_dokumente/Ausschreibung 01, Vorgezogene Maßnahmen - Tiefbau und Infrastruktur 1, Leistungsverzeichnis.X83
290;In Kabelkanäle und Kabelleerrohre verlegte Mittelspannungsleitungen freischalten und im Bereich des Bauabschnitts 2 ziehen bzw. rückbauen.;1000,0;m;gaeb;vom_unternehmen_auszufuellende_dokumente/Ausschreibung 01, Vorgezogene Maßnahmen - Tiefbau und Infrastruktur 1, Leistungsverzeichnis.X83
300;Bituminös befestigte Flächen wie folgt schneiden:;180,0;m;gaeb;vom_unternehmen_auszufuellende_dokumente/Ausschreibung 01, Vorgezogene Maßnahmen - Tiefbau und Infrastruktur 1, Leistungsverzeichnis.X83
310;Bituminöse Befestigung, bestehend aus;380,0;m²;gaeb;vom_unternehmen_auszufuellende_dokumente/Ausschreibung 01, Vorgezogene Maßnahmen - Tiefbau und Infrastruktur 1, Leistungsverzeichnis.X83
320;Bituminös befestigte Flächen wie folgt schneiden:;40,0;m;gaeb;vom_unternehmen_auszufuellende_dokumente/Ausschreibung 01, Vorgezogene Maßnahmen - Tiefbau und Infrastruktur 1, Leistungsverzeichnis.X83
330;Bituminöse Befestigung im Bereich des bestehenden Kompostlagers, bestehend aus Asphaltbeton und bit. Tragschicht fräsen, laden,;1200,0;m²;gaeb;vom_unternehmen_auszufuellende_dokumente/Ausschreibung 01, Vorgezogene Maßnahmen - Tiefbau und Infrastruktur 1, Leistungsverzeichnis.X83
340;Winkelstützwände im Bereich des rückzubauenden Stapelteiches aus Stahlbeton inkl. Unterbau aus Beton in Teilstücken aufnehmen, laden,;60,0;m;gaeb;vom_unternehmen_auszufuellende_dokumente/Ausschreibung 01, Vorgezogene Maßnahmen - Tiefbau und Infrastruktur 1, Leistungsverzeichnis.X83
10;Obere Schicht aus Oberboden einschl. Vegetationsreste im Bereich des Baufelds abschieben und lösen, laden,;500,0;m³;gaeb;vom_unternehmen_auszufuellende_dokumente/Ausschreibung 01, Vorgezogene Maßnahmen - Tiefbau und Infrastruktur 1, Leistungsverzeichnis.X83
20;Obere Schicht aus Oberboden einschl. Vegetationsreste im Bereich des Baufelds abschieben und lösen, laden,;500,0;m³;gaeb;vom_unternehmen_auszufuellende_dokumente/Ausschreibung 01, Vorgezogene Maßnahmen - Tiefbau und Infrastruktur 1, Leistungsverzeichnis.X83
30;Grobplanum;1750,0;m²;gaeb;vom_unternehmen_auszufuellende_dokumente/Ausschreibung 01, Vorgezogene Maßnahmen - Tiefbau und Infrastruktur 1, Leistungsverzeichnis.X83
40;Geotextil gemäß DIN EN 13257 für die Anwendungen Schützen  liefern und auf dem zuvor erstellten Planum am Böschungsfuß des Böschungssicherungsbauwerks abschnittsweise einbauen.;900,0;m²;gaeb;vom_unternehmen_auszufuellende_dokumente/Ausschreibung 01, Vorgezogene Maßnahmen - Tiefbau und Infrastruktur 1, Leistungsverzeichnis.X83
50;Frostschutzmaterial für die Baustraße am Böschungsfuß des Böschungssicherungsbauwerks ZTV SoB-StB 20 herstellen und im Bereich der Böschungssicherung einbauen und verdichten.;450,0;m³;gaeb;vom_unternehmen_auszufuellende_dokumente/Ausschreibung 01, Vorgezogene Maßnahmen - Tiefbau und Infrastruktur 1, Leistungsverzeichnis.X83
60;Bodenaushub im Bereich der Umfahrung aufnehmen und auf den ausgewiesenen Aufbereitungsflächen auf Miete setzen;500,0;m³;gaeb;vom_unternehmen_auszufuellende_dokumente/Ausschreibung 01, Vorgezogene Maßnahmen - Tiefbau und Infrastruktur 1, Leistungsverzeichnis.X83
70;Grobplanum;500,0;m²;gaeb;vom_unternehmen_auszufuellende_dokumente/Ausschreibung 01, Vorgezogene Maßnahmen - Tiefbau und Infrastruktur 1, Leistungsverzeichnis.X83
80;Bodenaustaus;500,0;m³;gaeb;vom_unternehmen_auszufuellende_dokumente/Ausschreibung 01, Vorgezogene Maßnahmen - Tiefbau und Infrastruktur 1, Leistungsverzeichnis.X83
90;Rückschreitender, stufenweiser Bodenabtrag im Bereich der Böschungssicherung als Auflager für die bewehrte Böschungssicherungssystem aufnehmen und auf den ausgewiesenen Aufbereitungsflächen auf Miete setzen.;500,0;m³;gaeb;vom_unternehmen_auszufuellende_dokumente/Ausschreibung 01, Vorgezogene Maßnahmen - Tiefbau und Infrastruktur 1, Leistungsverzeichnis.X83
100;Aufbereitetes Bodenmaterial gemäß DIN 18915 für die Herstellung des Erdbaus des Böschungssicherungssystemssowie der Umfahrung von der Miete mit aufbereitetem Boden lösen, laden und im Baufeld transportieren, lagenweise einbauen und gemäß Statik fachgerecht verdichten;2950,0;m³;gaeb;vom_unternehmen_auszufuellende_dokumente/Ausschreibung 01, Vorgezogene Maßnahmen - Tiefbau und Infrastruktur 1, Leistungsverzeichnis.X83
110;Im Bereich der Böschung;300,0;m³;gaeb;vom_unternehmen_auszufuellende_dokumente/Ausschreibung 01, Vorgezogene Maßnahmen - Tiefbau und Infrastruktur 1, Leistungsverzeichnis.X83
120;Blumenwiesenansaat mit Startdüngung im Anspritzverfahren für das Böschungssicherungsbauwerk und die Umfahrung mit Oberboden und Banketten, Neigung bis;1500,0;m²;gaeb;vom_unternehmen_auszufuellende_dokumente/Ausschreibung 01, Vorgezogene Maßnahmen - Tiefbau und Infrastruktur 1, Leistungsverzeichnis.X83
130;Aufbereitetes Bodenmaterial gemäß DIN 18300 für die Herstellung des Bodenauftrags im Bereich der Umfahrung, von der Miete mit aufbereitetem Material lösen, laden und im Baufeld transportieren, lagenweise, einbauen und gemäß ZTV E-StB 17  fachgerecht verdichten;300,0;m³;gaeb;vom_unternehmen_auszufuellende_dokumente/Ausschreibung 01, Vorgezogene Maßnahmen - Tiefbau und Infrastruktur 1, Leistungsverzeichnis.X83
140;Grabenaushub für alle Rohrleitungen entsprechend nach DIN EN 4124 herstellen;75,0;m³;gaeb;vom_unternehmen_auszufuellende_dokumente/Ausschreibung 01, Vorgezogene Maßnahmen - Tiefbau und Infrastruktur 1, Leistungsverzeichnis.X83
150;Grabenaushub für alle Rohrleitungen entsprechend nach DIN EN 4124 herstellen;775,0;m³;gaeb;vom_unternehmen_auszufuellende_dokumente/Ausschreibung 01, Vorgezogene Maßnahmen - Tiefbau und Infrastruktur 1, Leistungsverzeichnis.X83
160;Verbau für alle Rohrleitungen entsprechend statischen und konstruktiven Erfordernissen liefern, herstellen, vorhalten, einsetzen und von der Baustelle entfernen;1425,0;m²;gaeb;vom_unternehmen_auszufuellende_dokumente/Ausschreibung 01, Vorgezogene Maßnahmen - Tiefbau und Infrastruktur 1, Leistungsverzeichnis.X83
170;Aufbereitetes Bodenmaterial von Miete lösen, laden, im Baufeld transportieren zur Bodenverbesserung (30 cm) und oberhalb der Rohrleitungszone (30 cm ü. Rohrscheitel) bis zur UK der Frostschutzschicht, des Schotterrasenaufbaus und der Geländeoberkante in Gräben einbauen und lagenweise verdichten;500,0;m³;gaeb;vom_unternehmen_auszufuellende_dokumente/Ausschreibung 01, Vorgezogene Maßnahmen - Tiefbau und Infrastruktur 1, Leistungsverzeichnis.X83
180;RC-I-Sand 0/2 mm (steinfrei) für die Rohrauflagerung nach DIN EN 1610 liefern und als Sohlplanum in die Gräben in einer Dicke von 10 cm höhengerecht einbauen und verdichten. Nach Einbau des Sohlplanums ist die Bauleitung zu verständigen, um die Gräben abzunehmen. Die Rohre nach Verlegen mit einer Sa;300,0;m³;gaeb;vom_unternehmen_auszufuellende_dokumente/Ausschreibung 01, Vorgezogene Maßnahmen - Tiefbau und Infrastruktur 1, Leistungsverzeichnis.X83
190;Grabenaushub für alle Rohrleitungen entsprechend nach DIN EN 4124 herstellen.;75,0;m³;gaeb;vom_unternehmen_auszufuellende_dokumente/Ausschreibung 01, Vorgezogene Maßnahmen - Tiefbau und Infrastruktur 1, Leistungsverzeichnis.X83
200;Aufbereiteten Bodenaushub von Miete lösen, laden, im Baufeld transportieren und im Bereich der Bodenverbesserung unterhalb der Sandbettung der Rohrleitung (t= 30 cm) sowie oberhalb der Rohrleitungszone (30 cm ü. Rohrscheitel) bis unterhalb der Frostschutzschicht in Gräben einbauen und lagenweise ver;20,0;m³;gaeb;vom_unternehmen_auszufuellende_dokumente/Ausschreibung 01, Vorgezogene Maßnahmen - Tiefbau und Infrastruktur 1, Leistungsverzeichnis.X83
210;RC-I-Sand 0/2 mm (steinfrei) für die Rohrauflagerung nach DIN EN 1610 liefern und als Sohlplanum in die Gräben in einer Dicke von 10 cm höhengerecht einbauen und verdichten. Nach Einbau des Sohlplanums ist die Bauleitung zu verständigen, um die Gräben abzunehmen. Die Rohre nach Verlegen mit einer Sa;45,0;m³;gaeb;vom_unternehmen_auszufuellende_dokumente/Ausschreibung 01, Vorgezogene Maßnahmen - Tiefbau und Infrastruktur 1, Leistungsverzeichnis.X83
220;Grabenaushub für alle Rohrleitungen und Erdkabel entsprechend nach DIN EN 4124 herstellen;400,0;m³;gaeb;vom_unternehmen_auszufuellende_dokumente/Ausschreibung 01, Vorgezogene Maßnahmen - Tiefbau und Infrastruktur 1, Leistungsverzeichnis.X83
230;Aufbereitetes Bodenmaterial von Miete lösen, laden, im Baufeld transportieren und oberhalb der Rohrleitungszone (30 cm ü. Rohrscheitel) bis zur UK der Frostschutzschicht, des Schotter-rasenaufbaus und der Geländeoberkante in Gräben einbauen und lagenweise verdichten;245,0;m³;gaeb;vom_unternehmen_auszufuellende_dokumente/Ausschreibung 01, Vorgezogene Maßnahmen - Tiefbau und Infrastruktur 1, Leistungsverzeichnis.X83
240;RC-I-Sand 0/2 mm (steinfrei) für die Rohrauflagerung nach DIN EN 1610 liefern und als Sohlplanum in die Gräben in einer Dicke von 10 cm höhengerecht einbauen und verdichten. Nach Einbau des Sohlplanums ist die Bauleitung zu verständigen, um die Gräben abzunehmen. Die Rohre nach Verlegen mit einer Sa;160,0;m³;gaeb;vom_unternehmen_auszufuellende_dokumente/Ausschreibung 01, Vorgezogene Maßnahmen - Tiefbau und Infrastruktur 1, Leistungsverzeichnis.X83
250;Baugrube für das geplante RRB Ostseite;600,0;m³;gaeb;vom_unternehmen_auszufuellende_dokumente/Ausschreibung 01, Vorgezogene Maßnahmen - Tiefbau und Infrastruktur 1, Leistungsverzeichnis.X83
260;Das Feinplanum unter der Sauberkeitsschicht ist gemäß ZTVE-StB 09 und;180,0;m²;gaeb;vom_unternehmen_auszufuellende_dokumente/Ausschreibung 01, Vorgezogene Maßnahmen - Tiefbau und Infrastruktur 1, Leistungsverzeichnis.X83
270;Aufbereiteter Bodenaushub gemäß DIN 18300 zur Herstellung des Bodenaustausches im Bereich des Regenrückhaltebeckens Ostseite von der Miete mit aufbereitetem Material lösen, laden und im Baufeld transportieren, lagenweise, einbauen und gemäß ZTV E-StB 17  fachgerecht verdichten.;60,0;m³;gaeb;vom_unternehmen_auszufuellende_dokumente/Ausschreibung 01, Vorgezogene Maßnahmen - Tiefbau und Infrastruktur 1, Leistungsverzeichnis.X83
280;Bodenaustaus;36,0;m³;gaeb;vom_unternehmen_auszufuellende_dokumente/Ausschreibung 01, Vorgezogene Maßnahmen - Tiefbau und Infrastruktur 1, Leistungsverzeichnis.X83
290;RC-I-Sand 0/2 mm (steinfrei) für die Auflagerung des Regenrückhaltebeckens nach;235,0;m³;gaeb;vom_unternehmen_auszufuellende_dokumente/Ausschreibung 01, Vorgezogene Maßnahmen - Tiefbau und Infrastruktur 1, Leistungsverzeichnis.X83
300;Bodenaustaus;160,0;m³;gaeb;vom_unternehmen_auszufuellende_dokumente/Ausschreibung 01, Vorgezogene Maßnahmen - Tiefbau und Infrastruktur 1, Leistungsverzeichnis.X83
310;Bodenaushub im Bereich des Stapelteichs aufnehmen und auf den ausgewiesenen Aufbereitungsflächen auf Miete setzen;250,0;m³;gaeb;vom_unternehmen_auszufuellende_dokumente/Ausschreibung 01, Vorgezogene Maßnahmen - Tiefbau und Infrastruktur 1, Leistungsverzeichnis.X83
320;Aufbereitetes Bodenmaterial gemäß DIN 18300 für die Verfüllung des Stapelteichs, von der Miete mit aufbereitetem Material lösen, laden und im Baufeld transportieren, lagenweise einbauen und gemäß ZTV E-StB 17  fachgerecht verdichten;1850,0;m³;gaeb;vom_unternehmen_auszufuellende_dokumente/Ausschreibung 01, Vorgezogene Maßnahmen - Tiefbau und Infrastruktur 1, Leistungsverzeichnis.X83
330;Filterk;45,0;m³;gaeb;vom_unternehmen_auszufuellende_dokumente/Ausschreibung 01, Vorgezogene Maßnahmen - Tiefbau und Infrastruktur 1, Leistungsverzeichnis.X83
340;Das Erdbauplanum im Abtragsbereich der Auffüllung Kompostierungsanlage ist gemäß ZTV E-StB 17 und;5200,0;m²;gaeb;vom_unternehmen_auszufuellende_dokumente/Ausschreibung 01, Vorgezogene Maßnahmen - Tiefbau und Infrastruktur 1, Leistungsverzeichnis.X83
350;Aufbereiteter Bodenaushub gemäß DIN 18915 für die Herstellung des Auftrags im Bereich der Kompostierungs- und Vergärungsanlage von der Miete Bodenzwischenlager lösen, laden und im Baufeld transportieren, fachgerecht einbauen und gemäß ZTV E-StB 17 lagenweise verdichten;3400,0;m³;gaeb;vom_unternehmen_auszufuellende_dokumente/Ausschreibung 01, Vorgezogene Maßnahmen - Tiefbau und Infrastruktur 1, Leistungsverzeichnis.X83
360;Bodenaushub im Bereich der Verkehrs- und Lagerfläche des Kleinanliefererplatzes aufnehmen und auf den ausgewiesenen Aufbereitungsflächen auf Miete setzen;3800,0;m³;gaeb;vom_unternehmen_auszufuellende_dokumente/Ausschreibung 01, Vorgezogene Maßnahmen - Tiefbau und Infrastruktur 1, Leistungsverzeichnis.X83
370;RC-I-Sand 0/2 mm (steinfrei) für die Verfüllung der Betonkanäle am Erdwall liefern und in die Kanäle mit einer Dicke von 20 cm höhengerecht einbauen.;12,5;m³;gaeb;vom_unternehmen_auszufuellende_dokumente/Ausschreibung 01, Vorgezogene Maßnahmen - Tiefbau und Infrastruktur 1, Leistungsverzeichnis.X83
10;Für die Kunststoffdichtungsbahn zur Erhaltung des Kontrollraums im Bereich des ehemaligen Stapelteiches  ist ein vorläufiger Verlegeplan zu erstellen und vom AN vorab mit den Beteiligten abzustimmen.;1,0;pau;gaeb;vom_unternehmen_auszufuellende_dokumente/Ausschreibung 01, Vorgezogene Maßnahmen - Tiefbau und Infrastruktur 1, Leistungsverzeichnis.X83
20;Geotextil gemäß DIN EN 13257 für die Anwendungen Schützen  liefern und;180,0;m²;gaeb;vom_unternehmen_auszufuellende_dokumente/Ausschreibung 01, Vorgezogene Maßnahmen - Tiefbau und Infrastruktur 1, Leistungsverzeichnis.X83
30;Dichtungsbahnen aus PEHD mit BAM-Zulassung und mit einer Mindestdicke von min.  2,5 mm, Oberfläche beidseitig strukturiert mit DIBt-Zulassung und gemäß den Technischen Vorbemerkungen liefern und fachgerecht auf das Geotextil als Dichtungsschicht zur Erhaltung des Kontrollraums im Bereich des ehemali;180,0;m²;gaeb;vom_unternehmen_auszufuellende_dokumente/Ausschreibung 01, Vorgezogene Maßnahmen - Tiefbau und Infrastruktur 1, Leistungsverzeichnis.X83
40;Drainmatte, dreischichtig, als Flächendrainage aus einer dreidimensionalen Drainschicht aus extrudierten Monofilamenten mit beidseitiger Vliesstoffkaschierung entsprechend den Technischen Vorbemerkungen, Baubeschreibung mit BAM-Zulassung liefern und auf den Dichtungsbahnen;600,0;m²;gaeb;vom_unternehmen_auszufuellende_dokumente/Ausschreibung 01, Vorgezogene Maßnahmen - Tiefbau und Infrastruktur 1, Leistungsverzeichnis.X83
50;"Geotextil gemäß DIN EN 13257 für die Anwendungen ""Filtern und Trennen"" gemäß den Technischen Vorbemerkungen, Baubeschreibung liefern und fachgerecht um die Entwässerungsschicht der zu verlegenden Drainageleitung DN 100 als Filtervlies einbauen";190,0;m²;gaeb;vom_unternehmen_auszufuellende_dokumente/Ausschreibung 01, Vorgezogene Maßnahmen - Tiefbau und Infrastruktur 1, Leistungsverzeichnis.X83
10;H;40,0;m;gaeb;vom_unternehmen_auszufuellende_dokumente/Ausschreibung 01, Vorgezogene Maßnahmen - Tiefbau und Infrastruktur 1, Leistungsverzeichnis.X83
20;Hochlast-Vollwandrohre aus Polypropylen nach DIN EN 1852-1 mit werkseitig eingelegtem Dreifach-Dichtsystem aus SBR nach DIN EN 681-1 liefern und höhen- und fluchtgerecht nach DIN EN 1610 verbinden und in vorbereitete Gräben fachgerecht mit dem geforderten Gefälle verlegen;160,0;m;gaeb;vom_unternehmen_auszufuellende_dokumente/Ausschreibung 01, Vorgezogene Maßnahmen - Tiefbau und Infrastruktur 1, Leistungsverzeichnis.X83
30;H;70,0;m;gaeb;vom_unternehmen_auszufuellende_dokumente/Ausschreibung 01, Vorgezogene Maßnahmen - Tiefbau und Infrastruktur 1, Leistungsverzeichnis.X83
40;H;60,0;m;gaeb;vom_unternehmen_auszufuellende_dokumente/Ausschreibung 01, Vorgezogene Maßnahmen - Tiefbau und Infrastruktur 1, Leistungsverzeichnis.X83
50;Kanalrohr aus PE100, da 200, SDR 17 nach DIN 8074/8075 einschl. der Elektromuffen liefern und im Elektromuffen-schweißverfahren nach DVS 2207 verbinden und in vorbereitete Gräben fachgerecht verlegen;2,5;m;gaeb;vom_unternehmen_auszufuellende_dokumente/Ausschreibung 01, Vorgezogene Maßnahmen - Tiefbau und Infrastruktur 1, Leistungsverzeichnis.X83
60;Kanalrohr aus PE100, da 200, SDR 17 nach DIN 8074/8075 einschl. der Elektromuffen liefern und im Elektromuffen-schweißverfahren nach DVS 2207 verbinden und in vorbereitete Gräben fachgerecht verlegen;3,0;m;gaeb;vom_unternehmen_auszufuellende_dokumente/Ausschreibung 01, Vorgezogene Maßnahmen - Tiefbau und Infrastruktur 1, Leistungsverzeichnis.X83
70;Straßenablaufkombination aus PE einschl. aller erforderlichen Formteile liefern, einbauen und an das Kanalrohr aus PP, da 160 über nicht verschiebbare Dichtlippe anschließen;2,0;Stck;gaeb;vom_unternehmen_auszufuellende_dokumente/Ausschreibung 01, Vorgezogene Maßnahmen - Tiefbau und Infrastruktur 1, Leistungsverzeichnis.X83
80;Liefern und Verlegen von Bögen aus Polypropylen nach;60,0;Stck;gaeb;vom_unternehmen_auszufuellende_dokumente/Ausschreibung 01, Vorgezogene Maßnahmen - Tiefbau und Infrastruktur 1, Leistungsverzeichnis.X83
90;Liefern und Verlegen von Abzweigen aus Polypropylen nach;13,0;Stck;gaeb;vom_unternehmen_auszufuellende_dokumente/Ausschreibung 01, Vorgezogene Maßnahmen - Tiefbau und Infrastruktur 1, Leistungsverzeichnis.X83
100;Sattelstück da 250/160 aus Polypropylen nach;3,0;Stck;gaeb;vom_unternehmen_auszufuellende_dokumente/Ausschreibung 01, Vorgezogene Maßnahmen - Tiefbau und Infrastruktur 1, Leistungsverzeichnis.X83
110;Sattelstück da 300/160 aus Polypropylen nach;3,0;Stck;gaeb;vom_unternehmen_auszufuellende_dokumente/Ausschreibung 01, Vorgezogene Maßnahmen - Tiefbau und Infrastruktur 1, Leistungsverzeichnis.X83
120;Sattelstück da 400/160 aus Polypropylen nach;3,0;Stck;gaeb;vom_unternehmen_auszufuellende_dokumente/Ausschreibung 01, Vorgezogene Maßnahmen - Tiefbau und Infrastruktur 1, Leistungsverzeichnis.X83
130;Liefern und Einbauen von Muffenstopfen da 160 aus Polypropylen nach;22,0;Stck;gaeb;vom_unternehmen_auszufuellende_dokumente/Ausschreibung 01, Vorgezogene Maßnahmen - Tiefbau und Infrastruktur 1, Leistungsverzeichnis.X83
140;Liefern und Einbauen von Muffenstopfen da 200 aus Polypropylen nach;1,0;Stck;gaeb;vom_unternehmen_auszufuellende_dokumente/Ausschreibung 01, Vorgezogene Maßnahmen - Tiefbau und Infrastruktur 1, Leistungsverzeichnis.X83
150;Liefern und Einbauen von Muffenstopfen da 250 aus Polypropylen nach;2,0;Stck;gaeb;vom_unternehmen_auszufuellende_dokumente/Ausschreibung 01, Vorgezogene Maßnahmen - Tiefbau und Infrastruktur 1, Leistungsverzeichnis.X83
160;Drosselschacht aus PEHD, DN 1500, wie im Folgenden beschrieben, einschl. der technischen Ausrüstung liefern und einschl. der Anschlüsse an an- und abgehende Rohrelemente einbauen.  Schachtbauwerk mit Einbauten und Nebenarbeiten wie folgt:;1,0;Stck;gaeb;vom_unternehmen_auszufuellende_dokumente/Ausschreibung 01, Vorgezogene Maßnahmen - Tiefbau und Infrastruktur 1, Leistungsverzeichnis.X83
170;Fertigteilkanalschacht gem. DIN EN 1917 und DIN 4034-1,    DN 1000, Tiefe ca. 3,19 m, bestehend aus:;1,0;Stck;gaeb;vom_unternehmen_auszufuellende_dokumente/Ausschreibung 01, Vorgezogene Maßnahmen - Tiefbau und Infrastruktur 1, Leistungsverzeichnis.X83
180;Fertigteilkanalschacht gem. DIN EN 1917 und DIN 4034-1,    DN 1000, Tiefe ca. 1,63 m, bestehend aus:;1,0;Stck;gaeb;vom_unternehmen_auszufuellende_dokumente/Ausschreibung 01, Vorgezogene Maßnahmen - Tiefbau und Infrastruktur 1, Leistungsverzeichnis.X83
190;Fertigteilkanalschacht gem. DIN EN 1917 und DIN 4034-1,    DN 1000, Tiefe ca. 1,53 m, bestehend aus:;1,0;Stck;gaeb;vom_unternehmen_auszufuellende_dokumente/Ausschreibung 01, Vorgezogene Maßnahmen - Tiefbau und Infrastruktur 1, Leistungsverzeichnis.X83
200;Fertigteilkanalschacht gem. DIN EN 1917 und DIN 4034-1,    DN 1000, Tiefe ca. 1,19 m, bestehend aus:;1,0;Stck;gaeb;vom_unternehmen_auszufuellende_dokumente/Ausschreibung 01, Vorgezogene Maßnahmen - Tiefbau und Infrastruktur 1, Leistungsverzeichnis.X83
210;Fertigteilkanalschacht gem. DIN EN 1917 und DIN 4034-1,    DN 1200, Tiefe ca. 2,04 m, bestehend aus:;1,0;Stck;gaeb;vom_unternehmen_auszufuellende_dokumente/Ausschreibung 01, Vorgezogene Maßnahmen - Tiefbau und Infrastruktur 1, Leistungsverzeichnis.X83
220;Fertigteilkanalschacht gem. DIN EN 1917 und DIN 4034-1,    DN 1200, Tiefe ca. 1,42 m, bestehend aus:;1,0;Stck;gaeb;vom_unternehmen_auszufuellende_dokumente/Ausschreibung 01, Vorgezogene Maßnahmen - Tiefbau und Infrastruktur 1, Leistungsverzeichnis.X83
230;Fertigteilkanalschacht gem. DIN EN 1917 und DIN 4034-1,    DN 1200, Tiefe ca. 1,94 m, bestehend aus:;1,0;Stck;gaeb;vom_unternehmen_auszufuellende_dokumente/Ausschreibung 01, Vorgezogene Maßnahmen - Tiefbau und Infrastruktur 1, Leistungsverzeichnis.X83
240;Fertigteilkanalschacht gem. DIN EN 1917 und DIN 4034-1,    DN 1200, Tiefe ca. 1,69 m, bestehend aus:;1,0;Stck;gaeb;vom_unternehmen_auszufuellende_dokumente/Ausschreibung 01, Vorgezogene Maßnahmen - Tiefbau und Infrastruktur 1, Leistungsverzeichnis.X83
250;Fertigteilkanalschacht gem. DIN EN 1917 und DIN 4034-1,    DN 1200, Tiefe ca. 1,54 m, bestehend aus:;1,0;Stck;gaeb;vom_unternehmen_auszufuellende_dokumente/Ausschreibung 01, Vorgezogene Maßnahmen - Tiefbau und Infrastruktur 1, Leistungsverzeichnis.X83
260;Fertigteilkanalschacht gem. DIN EN 1917 und DIN 4034-1,    DN 1200, Tiefe ca. 1,36 m, bestehend aus:;1,0;Stck;gaeb;vom_unternehmen_auszufuellende_dokumente/Ausschreibung 01, Vorgezogene Maßnahmen - Tiefbau und Infrastruktur 1, Leistungsverzeichnis.X83
270;Hochdruckspülung der Rohrleitungen aus PP, da 200 bis da 315,Gesamtlänge ca. 285 m, in 9 Teilabschnitten;1,0;pau;gaeb;vom_unternehmen_auszufuellende_dokumente/Ausschreibung 01, Vorgezogene Maßnahmen - Tiefbau und Infrastruktur 1, Leistungsverzeichnis.X83
280;"Druckprüfung nach DIN EN 1610 nach Verfahren ""L"" oder ""W"" für";1,0;pau;gaeb;vom_unternehmen_auszufuellende_dokumente/Ausschreibung 01, Vorgezogene Maßnahmen - Tiefbau und Infrastruktur 1, Leistungsverzeichnis.X83
290;Kamerabefahrung der;1,0;pau;gaeb;vom_unternehmen_auszufuellende_dokumente/Ausschreibung 01, Vorgezogene Maßnahmen - Tiefbau und Infrastruktur 1, Leistungsverzeichnis.X83
300;Regenrückhaltebecken unterirdisch aus;1,0;pau;gaeb;vom_unternehmen_auszufuellende_dokumente/Ausschreibung 01, Vorgezogene Maßnahmen - Tiefbau und Infrastruktur 1, Leistungsverzeichnis.X83
310;Exzentrische;1,0;Stck;gaeb;vom_unternehmen_auszufuellende_dokumente/Ausschreibung 01, Vorgezogene Maßnahmen - Tiefbau und Infrastruktur 1, Leistungsverzeichnis.X83
320;Hochdruckspülung der Rohrleitungen aus PE 100, da 200 bis da 400, Gesamtlänge ca. 8 m, in 3 Teilabschnitten;1,0;pau;gaeb;vom_unternehmen_auszufuellende_dokumente/Ausschreibung 01, Vorgezogene Maßnahmen - Tiefbau und Infrastruktur 1, Leistungsverzeichnis.X83
330;"Druckprüfung nach DIN EN 1610 nach Verfahren ""L"" oder ""W"" für";1,0;pau;gaeb;vom_unternehmen_auszufuellende_dokumente/Ausschreibung 01, Vorgezogene Maßnahmen - Tiefbau und Infrastruktur 1, Leistungsverzeichnis.X83
340;Kamerabefahrung der;1,0;pau;gaeb;vom_unternehmen_auszufuellende_dokumente/Ausschreibung 01, Vorgezogene Maßnahmen - Tiefbau und Infrastruktur 1, Leistungsverzeichnis.X83
350;Vor dem Anschluss der neuen Trinkwasserleitung ist die Rohrleitung in Abstimmung mit dem AG abzuschiebern und zu entleeren. Die Abstimmung hat durch den AN eigen- verantwortlich mindestens 5 Tage vor den Rückbauarbeiten zu erfolgen. Das Wasser der Rohrleitung ist in die nahegelegene Böschung zu pump;1,0;pau;gaeb;vom_unternehmen_auszufuellende_dokumente/Ausschreibung 01, Vorgezogene Maßnahmen - Tiefbau und Infrastruktur 1, Leistungsverzeichnis.X83
360;Anschluss der Trinkwasserleitung permeationsdicht PE 100, da 125, SDR 11, mit Elektroschweißmuffen an die vorhandene Trinkwasserleitung permeationsdicht PE 100 DN 100 SDR 11, ist im Folgenden beschrieben und als Komplettleistung anzubieten:;3,0;Stck;gaeb;vom_unternehmen_auszufuellende_dokumente/Ausschreibung 01, Vorgezogene Maßnahmen - Tiefbau und Infrastruktur 1, Leistungsverzeichnis.X83
370;Trinkwasserleitung mit DVGW-Zulassung aus PE100, da 125, SDR 11 nach DIN 8074/8075 einschl. der nötigen Elektromuffen liefern und im Elektromuffen- oder Heizelement-stumpfschweißverfahren nach DVS 2207 verbinden und in vorbereitete Gräben fachgerecht verlegen.;240,0;m;gaeb;vom_unternehmen_auszufuellende_dokumente/Ausschreibung 01, Vorgezogene Maßnahmen - Tiefbau und Infrastruktur 1, Leistungsverzeichnis.X83
380;Bogenstücke aus PE 100, da 125, SDR 11 mit Winkel von 15° liefern;2,0;Stck;gaeb;vom_unternehmen_auszufuellende_dokumente/Ausschreibung 01, Vorgezogene Maßnahmen - Tiefbau und Infrastruktur 1, Leistungsverzeichnis.X83
390;Bogenstücke aus PE 100, da 125, SDR 11 mit Winkel von 30° liefern;3,0;Stck;gaeb;vom_unternehmen_auszufuellende_dokumente/Ausschreibung 01, Vorgezogene Maßnahmen - Tiefbau und Infrastruktur 1, Leistungsverzeichnis.X83
400;Bogenstücke aus PE 100, da 125, SDR 11 mit Winkel von 45° liefern;5,0;Stck;gaeb;vom_unternehmen_auszufuellende_dokumente/Ausschreibung 01, Vorgezogene Maßnahmen - Tiefbau und Infrastruktur 1, Leistungsverzeichnis.X83
410;T-S;1,0;Stck;gaeb;vom_unternehmen_auszufuellende_dokumente/Ausschreibung 01, Vorgezogene Maßnahmen - Tiefbau und Infrastruktur 1, Leistungsverzeichnis.X83
420;T-S;1,0;Stck;gaeb;vom_unternehmen_auszufuellende_dokumente/Ausschreibung 01, Vorgezogene Maßnahmen - Tiefbau und Infrastruktur 1, Leistungsverzeichnis.X83
430;Absperrschieber PN 16, da 125 mit DVGW-Zulassung für Trinkwasser mit beidseitigen PE-Stutzen;2,0;Stck;gaeb;vom_unternehmen_auszufuellende_dokumente/Ausschreibung 01, Vorgezogene Maßnahmen - Tiefbau und Infrastruktur 1, Leistungsverzeichnis.X83
440;Endkappe aus PE100,;1,0;Stck;gaeb;vom_unternehmen_auszufuellende_dokumente/Ausschreibung 01, Vorgezogene Maßnahmen - Tiefbau und Infrastruktur 1, Leistungsverzeichnis.X83
450;Druckprobe des erdverlegten Wasserleitungssystems gemäß DVGW W400-2, einschl. aller erforderlichen Nebenarbeiten und Erstellung eines Prüfprotokolls.;1,0;pau;gaeb;vom_unternehmen_auszufuellende_dokumente/Ausschreibung 01, Vorgezogene Maßnahmen - Tiefbau und Infrastruktur 1, Leistungsverzeichnis.X83
460;Desinfektion der Trinkwasserleitung, Gesamtlänge ca. 240 m in 3 Teilabschnitten, mit Chlordioxid gemäß DVGW-Arbeitsblatt W291 und DIN EN 805 und der zugehörigen Neutralisation einschließlich der Messung der Rest-Chlordioxid-Konzentration und dem erforderlichen Spülen der Trinkwasserleitung als Kompl;1,0;pau;gaeb;vom_unternehmen_auszufuellende_dokumente/Ausschreibung 01, Vorgezogene Maßnahmen - Tiefbau und Infrastruktur 1, Leistungsverzeichnis.X83
470;Teilsickerrohr aus PEHD, da 110 als Verbundrohr (innen glatt und außen gewellt) nach DIN 4262-1 einschließlich aller Verbindungsmuffen, Dichtungen liefern;65,0;m;gaeb;vom_unternehmen_auszufuellende_dokumente/Ausschreibung 01, Vorgezogene Maßnahmen - Tiefbau und Infrastruktur 1, Leistungsverzeichnis.X83
480;Bogen aus PEHD, da 110, Winkel 45° passend zum Drainagerohr da 110,;3,0;Stck;gaeb;vom_unternehmen_auszufuellende_dokumente/Ausschreibung 01, Vorgezogene Maßnahmen - Tiefbau und Infrastruktur 1, Leistungsverzeichnis.X83
490;Absperrblase DN 200 - DN 500 in den Ablauf zwischen  Sickerwasserkontroll- und verteilerschacht und Pumpenschacht im Bereich des Stapelteichs zum Anschluss der Drainageleitung da 110 an die Bestandsleitung,  liefern, setzen und betreiben;1,0;Stck;gaeb;vom_unternehmen_auszufuellende_dokumente/Ausschreibung 01, Vorgezogene Maßnahmen - Tiefbau und Infrastruktur 1, Leistungsverzeichnis.X83
500;Anschluss der Rohrleitung aus PE 100, da 110 an bestehende Rohrleitung aus PEHD/PP, da 300 he;1,0;pau;gaeb;vom_unternehmen_auszufuellende_dokumente/Ausschreibung 01, Vorgezogene Maßnahmen - Tiefbau und Infrastruktur 1, Leistungsverzeichnis.X83
510;Abzweig aus PEHD, da 300/da 110,  zum Anschluss des Drainagerohrs aus PEHD, da 110,;1,0;Stck;gaeb;vom_unternehmen_auszufuellende_dokumente/Ausschreibung 01, Vorgezogene Maßnahmen - Tiefbau und Infrastruktur 1, Leistungsverzeichnis.X83
10;Flexibles Kabelleerrohr aus PE nach DIN EN 61386-24, DN 110 mm, Druckbeanspruchung Typ 450, Schlagfestigkeit N, Farbe außen: schwarz, in Verbundrohrbauweise gemäß DIN EN 13476 einschl. aller Doppelsteckmuffen mit Profildichtung für wasser-dichten Verschluss bis 0,5 bar liefern und verlegen;1450,0;m;gaeb;vom_unternehmen_auszufuellende_dokumente/Ausschreibung 01, Vorgezogene Maßnahmen - Tiefbau und Infrastruktur 1, Leistungsverzeichnis.X83
20;Flexibles Kabelleerrohr aus PE nach DIN EN 61386-24, DN 160 mm, Druckbeanspruchung Typ 450, Schlagfestigkeit N, Farbe außen: schwarz, in Verbundrohrbauweise gemäß DIN EN 13476 einschl. aller Doppelsteckmuffen mit Profildichtung für wasser-dichten Verschluss bis 0,5 bar liefern und verlegen;75,0;m;gaeb;vom_unternehmen_auszufuellende_dokumente/Ausschreibung 01, Vorgezogene Maßnahmen - Tiefbau und Infrastruktur 1, Leistungsverzeichnis.X83
30;Vom Kabelzugschacht 7.2 zum Betonkanal sind die in der Haltung verlaufenden Kabelleerrohre an den Bestands-betonkanal anzuschließen.;4,0;Stck;gaeb;vom_unternehmen_auszufuellende_dokumente/Ausschreibung 01, Vorgezogene Maßnahmen - Tiefbau und Infrastruktur 1, Leistungsverzeichnis.X83
40;Kabelzugschacht 7.1 aus Stahlbetonfertigteilen, C 35/45 nach DIN 1045, mit hohem Wassereindringwiderstand,;1,0;Stck;gaeb;vom_unternehmen_auszufuellende_dokumente/Ausschreibung 01, Vorgezogene Maßnahmen - Tiefbau und Infrastruktur 1, Leistungsverzeichnis.X83
50;Kabelzugschacht 7.2 aus Stahlbetonfertigteilen, C 35/45 nach DIN 1045, mit hohem Wassereindringwiderstand,;1,0;Stck;gaeb;vom_unternehmen_auszufuellende_dokumente/Ausschreibung 01, Vorgezogene Maßnahmen - Tiefbau und Infrastruktur 1, Leistungsverzeichnis.X83
60;Kabelzugschacht 9 aus Stahlbetonfertigteilen, C 35/45 nach DIN 1045, mit hohem Wassereindringwiderstand,;1,0;Stck;gaeb;vom_unternehmen_auszufuellende_dokumente/Ausschreibung 01, Vorgezogene Maßnahmen - Tiefbau und Infrastruktur 1, Leistungsverzeichnis.X83
70;Kabelzugschacht 9.1 aus Stahlbetonfertigteilen, C 35/45 nach DIN 1045, mit hohem Wassereindringwiderstand,;1,0;Stck;gaeb;vom_unternehmen_auszufuellende_dokumente/Ausschreibung 01, Vorgezogene Maßnahmen - Tiefbau und Infrastruktur 1, Leistungsverzeichnis.X83
80;Kabelzugschacht 10 aus Stahlbetonfertigteilen, C 35/45 nach DIN 1045, mit hohem Wassereindringwiderstand,;1,0;Stck;gaeb;vom_unternehmen_auszufuellende_dokumente/Ausschreibung 01, Vorgezogene Maßnahmen - Tiefbau und Infrastruktur 1, Leistungsverzeichnis.X83
90;Kabelzugschacht 11 aus Stahlbetonfertigteilen, C 35/45 nach DIN 1045, mit hohem Wassereindringwiderstand,;1,0;Stck;gaeb;vom_unternehmen_auszufuellende_dokumente/Ausschreibung 01, Vorgezogene Maßnahmen - Tiefbau und Infrastruktur 1, Leistungsverzeichnis.X83
100;Kabelprüfung;1,0;pau;gaeb;vom_unternehmen_auszufuellende_dokumente/Ausschreibung 01, Vorgezogene Maßnahmen - Tiefbau und Infrastruktur 1, Leistungsverzeichnis.X83
110;Starkstromkabel Trafostation bis Sozialgebäude, NYY-J 3x50/25 SW liefern und in vorh. Graben zwischen der Trafostation und dem Hausanschluss im Keller des Sozialcontainers verlegen;1,0;pau;gaeb;vom_unternehmen_auszufuellende_dokumente/Ausschreibung 01, Vorgezogene Maßnahmen - Tiefbau und Infrastruktur 1, Leistungsverzeichnis.X83
120;Starkstromkabel Trafostation bis Anschlusspunkt Muffen zu NSHV, NYY-J 4x (3x150/70 SM) liefern und gem. technischen Vorbemerkungen zum Anschlusspunkt der Muffen verlegen.;1,0;pau;gaeb;vom_unternehmen_auszufuellende_dokumente/Ausschreibung 01, Vorgezogene Maßnahmen - Tiefbau und Infrastruktur 1, Leistungsverzeichnis.X83
130;Muffenverbindung Trafostation zu NSHV;4,0;Stck;gaeb;vom_unternehmen_auszufuellende_dokumente/Ausschreibung 01, Vorgezogene Maßnahmen - Tiefbau und Infrastruktur 1, Leistungsverzeichnis.X83
140;Mittelspannungskabel;1050,0;m;gaeb;vom_unternehmen_auszufuellende_dokumente/Ausschreibung 01, Vorgezogene Maßnahmen - Tiefbau und Infrastruktur 1, Leistungsverzeichnis.X83
10;Frostschutzmaterial für Straßen der  Bauklassen 1.0 nach        ZTV SoB-StB 20 herstellen und im Verkehrsbereich einbauen und verdichten;400,0;m³;gaeb;vom_unternehmen_auszufuellende_dokumente/Ausschreibung 01, Vorgezogene Maßnahmen - Tiefbau und Infrastruktur 1, Leistungsverzeichnis.X83
20;Vorhandene bituminöse, befestigte Flächen zum Anschluss an neue Asphaltfläche im Bereich der Umfahrung und der Leitungsgräben gem. ZTV Asphalt-StB 26 und ZTV A-StB 12 wie folgt schneiden:;30,0;m;gaeb;vom_unternehmen_auszufuellende_dokumente/Ausschreibung 01, Vorgezogene Maßnahmen - Tiefbau und Infrastruktur 1, Leistungsverzeichnis.X83
30;Asphalttragschicht aus Asphalttragschichtmischgut für Straßen der Bauklassen 1.0 gem. ZTV Asphalt-StB 26 herstellen;830,0;m²;gaeb;vom_unternehmen_auszufuellende_dokumente/Ausschreibung 01, Vorgezogene Maßnahmen - Tiefbau und Infrastruktur 1, Leistungsverzeichnis.X83
40;Reinigen der Oberfläche von Tragschichten aus bituminösem Mischgut für das Aufsprühen von bituminösen Bindemitteln vor dem Einbau der Asphaltdeckschicht, Ausführung nach Wahl des AN;830,0;m²;gaeb;vom_unternehmen_auszufuellende_dokumente/Ausschreibung 01, Vorgezogene Maßnahmen - Tiefbau und Infrastruktur 1, Leistungsverzeichnis.X83
50;Anschluss als Fuge mit Fugenmasse herstellen;30,0;m;gaeb;vom_unternehmen_auszufuellende_dokumente/Ausschreibung 01, Vorgezogene Maßnahmen - Tiefbau und Infrastruktur 1, Leistungsverzeichnis.X83
60;Frostschutzmaterial für Straßen der  Bauklassen 1.8 nach        ZTV SoB-StB 20 herstellen und im Verkehrsbereich einbauen und verdichten;290,0;m³;gaeb;vom_unternehmen_auszufuellende_dokumente/Ausschreibung 01, Vorgezogene Maßnahmen - Tiefbau und Infrastruktur 1, Leistungsverzeichnis.X83
70;Vorhandene bituminöse, befestigte Flächen zum Anschluss an neue Asphaltfläche im Bereich der Umfahrung und der Leitungsgräben gem. ZTV Asphalt-StB 26 und ZTV A-StB 12 wie folgt schneiden:;150,0;m;gaeb;vom_unternehmen_auszufuellende_dokumente/Ausschreibung 01, Vorgezogene Maßnahmen - Tiefbau und Infrastruktur 1, Leistungsverzeichnis.X83
80;Asphalttragschicht aus Asphalttragschichtmischgut für Straßen der Bauklassen 1.8 gem. ZTV Asphalt-StB, Ausgabe 07/Fassung 2013 herstellen;640,0;m²;gaeb;vom_unternehmen_auszufuellende_dokumente/Ausschreibung 01, Vorgezogene Maßnahmen - Tiefbau und Infrastruktur 1, Leistungsverzeichnis.X83
90;Reinigen der Oberfläche von Tragschichten aus bituminösem Mischgut für das Aufsprühen von bituminösen Bindemitteln vor dem Einbau der Asphaltdeckschicht, Ausführung nach Wahl des AN;640,0;m²;gaeb;vom_unternehmen_auszufuellende_dokumente/Ausschreibung 01, Vorgezogene Maßnahmen - Tiefbau und Infrastruktur 1, Leistungsverzeichnis.X83
100;Bitumenhaltiges Bindemittel ganzflächig auf Asphalttragschichten gemäß ZTV Asphalt-StB, Ausgabe 07/Fassung 2013 aufsprühen;640,0;m²;gaeb;vom_unternehmen_auszufuellende_dokumente/Ausschreibung 01, Vorgezogene Maßnahmen - Tiefbau und Infrastruktur 1, Leistungsverzeichnis.X83
110;Deckschicht aus Asphaltbetonmischgut für Straßen der Bauklassen 1.8 nach ZTV Asphalt-StB, Ausgabe 07/Fassung 2013 herstellen;640,0;m²;gaeb;vom_unternehmen_auszufuellende_dokumente/Ausschreibung 01, Vorgezogene Maßnahmen - Tiefbau und Infrastruktur 1, Leistungsverzeichnis.X83
120;Abstumpfungsmaßnahmen zur Erhöhung der Anfangsgriffigkeit durch gleichmäßiges Aufbringen und Abwalzen von Abstreukörnung durchführen, nicht gebundene Abstreukörnung aufnehmen und entsorgen;640,0;m²;gaeb;vom_unternehmen_auszufuellende_dokumente/Ausschreibung 01, Vorgezogene Maßnahmen - Tiefbau und Infrastruktur 1, Leistungsverzeichnis.X83
130;Anschluss als Fuge mit Fugenmasse herstellen;150,0;m;gaeb;vom_unternehmen_auszufuellende_dokumente/Ausschreibung 01, Vorgezogene Maßnahmen - Tiefbau und Infrastruktur 1, Leistungsverzeichnis.X83
140;Durchgehende Linien aus weißer, thermoplastischer Masse in 4 mm Dicke reflektierend auf bituminöser Deckschicht herstellen;300,0;m;gaeb;vom_unternehmen_auszufuellende_dokumente/Ausschreibung 01, Vorgezogene Maßnahmen - Tiefbau und Infrastruktur 1, Leistungsverzeichnis.X83
150;Unterbrochene Linien S 1/1 aus weißer, thermoplastischer Masse in 4 mm Dicke reflektierend auf bituminöser Deckschicht  herstellen;50,0;m;gaeb;vom_unternehmen_auszufuellende_dokumente/Ausschreibung 01, Vorgezogene Maßnahmen - Tiefbau und Infrastruktur 1, Leistungsverzeichnis.X83
160;Durchgehende Linien B aus weißer, thermoplastischer Masse in 4 mm Dicke reflektierend auf bituminöser Deckschicht im Bereich von Kreuzungen herstellen;50,0;m;gaeb;vom_unternehmen_auszufuellende_dokumente/Ausschreibung 01, Vorgezogene Maßnahmen - Tiefbau und Infrastruktur 1, Leistungsverzeichnis.X83
170;Durchgehende Linien B aus weißer, thermoplastischer Masse in;50,0;m;gaeb;vom_unternehmen_auszufuellende_dokumente/Ausschreibung 01, Vorgezogene Maßnahmen - Tiefbau und Infrastruktur 1, Leistungsverzeichnis.X83
180;Pfeil, geradeaus, links ab oder rechts ab, aus weißer, thermoplastischer Masse in 4 mm Dicke reflektierend auf bituminöser Fläche herstellen;2,0;Stck;gaeb;vom_unternehmen_auszufuellende_dokumente/Ausschreibung 01, Vorgezogene Maßnahmen - Tiefbau und Infrastruktur 1, Leistungsverzeichnis.X83
190;Demontierte und gelagerte Zaunanlage bestehend aus  Stabgitterzaunfeldern aufnehmen und erneut mit neu zu liefernden Zaunpfosten errichten.;75,0;m;gaeb;vom_unternehmen_auszufuellende_dokumente/Ausschreibung 01, Vorgezogene Maßnahmen - Tiefbau und Infrastruktur 1, Leistungsverzeichnis.X83
200;Die Anschlüsse der Zaunfelder an die beiden bestehenden Doppelflügeltore sind samt aller zu liefernden und verwendenden Befestigungsmaterialien fachgerecht herzustellen.;2,0;Stck;gaeb;vom_unternehmen_auszufuellende_dokumente/Ausschreibung 01, Vorgezogene Maßnahmen - Tiefbau und Infrastruktur 1, Leistungsverzeichnis.X83
210;Zulage für das Anpassen und Einfügen eines Passfeldes für den Zaun der Grundposition. Länge unterschiedlich nach örtlichem Aufmaß. Beschädigungen der Verzinkung sind durch Kaltverzinkung und Nachlackieren im passenden Farbton zu beheben.;5,0;Stck;gaeb;vom_unternehmen_auszufuellende_dokumente/Ausschreibung 01, Vorgezogene Maßnahmen - Tiefbau und Infrastruktur 1, Leistungsverzeichnis.X83
220;Rohrpfosten aus Aluminium oder verzinktem Stahl mit einem Durchmesser von 60 mm und einer Länge von 3.500 mm für Verkehrsschilder oder Wegweiser von der BE aufnehmen und in Einzelfundament aus Beton C20/25, Größe 40 x 40 x 80 cm, einsetzen. Mit PVC-Deckel. Der verdrängte Boden ist seitlich einzuplan;1,0;Stck;gaeb;vom_unternehmen_auszufuellende_dokumente/Ausschreibung 01, Vorgezogene Maßnahmen - Tiefbau und Infrastruktur 1, Leistungsverzeichnis.X83
230;Verkehrszeichen, retroreflektierend, aus Aluminium, 2 mm stark, Verkehrszeichen nach StVO und VwV- StVO, liefern und einschließlich der erforderlichen Schellen an Maste montieren;1,0;Stck;gaeb;vom_unternehmen_auszufuellende_dokumente/Ausschreibung 01, Vorgezogene Maßnahmen - Tiefbau und Infrastruktur 1, Leistungsverzeichnis.X83
10;Erstellung einer Ausführungsplanung für die Böschungssicherung in Form eines bewehrten Erdwalls.;1,0;pau;gaeb;vom_unternehmen_auszufuellende_dokumente/Ausschreibung 01, Vorgezogene Maßnahmen - Tiefbau und Infrastruktur 1, Leistungsverzeichnis.X83
20;Geprüfte Statik für die Ausführung der Böschungssicherung für einen bewehrten begrünten Erdwall. Das Böschungssicherungssystem besteht aus modularen Stahldrahtgittergeflechten mit integrierter Erosionsschutzmatten mit verschiedenen Einbindelängen.;1,0;pau;gaeb;vom_unternehmen_auszufuellende_dokumente/Ausschreibung 01, Vorgezogene Maßnahmen - Tiefbau und Infrastruktur 1, Leistungsverzeichnis.X83
30;Bewehrte Erde. Frontneigung 70° Einbindelänge 3,0 m Breite 3,0 m.;175,0;Stck;gaeb;vom_unternehmen_auszufuellende_dokumente/Ausschreibung 01, Vorgezogene Maßnahmen - Tiefbau und Infrastruktur 1, Leistungsverzeichnis.X83
40;Bewehrte Erde. Frontneigung 70° Einbindelänge 4,0 m Breite 3,0 m.;160,0;Stck;gaeb;vom_unternehmen_auszufuellende_dokumente/Ausschreibung 01, Vorgezogene Maßnahmen - Tiefbau und Infrastruktur 1, Leistungsverzeichnis.X83
50;Bewehrte Erde. Frontneigung 70° Einbindelänge 6,0 m Breite 3,0 m.;30,0;Stck;gaeb;vom_unternehmen_auszufuellende_dokumente/Ausschreibung 01, Vorgezogene Maßnahmen - Tiefbau und Infrastruktur 1, Leistungsverzeichnis.X83
60;Liefern und Verlegen eines Geogitters 150/5 3,90 X 50 m  aus Polyester mit polymerer Ummantelung;3900,0;m²;gaeb;vom_unternehmen_auszufuellende_dokumente/Ausschreibung 01, Vorgezogene Maßnahmen - Tiefbau und Infrastruktur 1, Leistungsverzeichnis.X83
70;Lieferung und Montage von galvanverzinkten C-Ringen im zur Fixierung und Verbindung der Drathgeflechte mit einer Hand- oder Hydraulikzange.;6,0;Stck;gaeb;vom_unternehmen_auszufuellende_dokumente/Ausschreibung 01, Vorgezogene Maßnahmen - Tiefbau und Infrastruktur 1, Leistungsverzeichnis.X83
80;"Pneumatische Ringzange mit Magazin für C-Ringe zur Verlegung und Anschluss der Elemente der Vorpositionen. Für die pneumatische Zange ist ein Baukompressor benötigt. Für die Verbindung empfiehlt sich ein Gewindestecknippel 1/4"" Außengewinde.";1,0;Stck;gaeb;vom_unternehmen_auszufuellende_dokumente/Ausschreibung 01, Vorgezogene Maßnahmen - Tiefbau und Infrastruktur 1, Leistungsverzeichnis.X83
10;Allgemein:;1,0;pau;gaeb;vom_unternehmen_auszufuellende_dokumente/Ausschreibung 01, Vorgezogene Maßnahmen - Tiefbau und Infrastruktur 1, Leistungsverzeichnis.X83
20;Grabenaushub für die Fernwärmeleitung entsprechend nach DIN 18300, DIN EN 805, DIN EN 1610 und DIN EN 4124 herstellen.;460,0;m³;gaeb;vom_unternehmen_auszufuellende_dokumente/Ausschreibung 01, Vorgezogene Maßnahmen - Tiefbau und Infrastruktur 1, Leistungsverzeichnis.X83
30;Grabenaushub für alle Rohrleitungen entsprechend nach DIN EN 4124 herstellen;50,0;m³;gaeb;vom_unternehmen_auszufuellende_dokumente/Ausschreibung 01, Vorgezogene Maßnahmen - Tiefbau und Infrastruktur 1, Leistungsverzeichnis.X83
40;Aufbereitetes Bodenmaterial von Miete lösen, laden, im Baufeld transportieren und oberhalb der Rohrleitungszone (mind. 10 cm ü. Rohrscheitel) bis zur UK der Frostschutzschicht des Asphaltaufbaus und bis zur UK Oberboden in Gräben einbauen und lagenweise verdichten.;210,0;m³;gaeb;vom_unternehmen_auszufuellende_dokumente/Ausschreibung 01, Vorgezogene Maßnahmen - Tiefbau und Infrastruktur 1, Leistungsverzeichnis.X83
50;RC-I-Sand 0/2 mm (steinfrei) für die Rohrauflagerung nach DIN EN 1610 liefern und als Sohlplanum in die Gräben in einer Dicke von 10 cm höhengerecht einbauen und verdichten. Nach Einbau des Sohlplanums ist die Bauleitung zu verständigen, um die Gräben abzunehmen. Die Rohrleitungszone ist nach Verleg;250,0;m³;gaeb;vom_unternehmen_auszufuellende_dokumente/Ausschreibung 01, Vorgezogene Maßnahmen - Tiefbau und Infrastruktur 1, Leistungsverzeichnis.X83
60;Vorhandenes Ferwärmenetz absperren, und entleeren;1,0;pau;gaeb;vom_unternehmen_auszufuellende_dokumente/Ausschreibung 01, Vorgezogene Maßnahmen - Tiefbau und Infrastruktur 1, Leistungsverzeichnis.X83
70;Vorhandenes Verbundrohr DN 100 (114,3 / da200) von Isolierung befreien auf eine Teilstrecke von 500 mm;2,0;Stck;gaeb;vom_unternehmen_auszufuellende_dokumente/Ausschreibung 01, Vorgezogene Maßnahmen - Tiefbau und Infrastruktur 1, Leistungsverzeichnis.X83
80;Anschluss an Erdleitung KMR herstellen;4,0;Stck;gaeb;vom_unternehmen_auszufuellende_dokumente/Ausschreibung 01, Vorgezogene Maßnahmen - Tiefbau und Infrastruktur 1, Leistungsverzeichnis.X83
90;Kunststoffmantelrohr DN 100 (114,3x3,6/200) á 12m inkl. Brandes, Mediumrohr P235 GH;150,0;m;gaeb;vom_unternehmen_auszufuellende_dokumente/Ausschreibung 01, Vorgezogene Maßnahmen - Tiefbau und Infrastruktur 1, Leistungsverzeichnis.X83
100;Kunststoffmantelrohr DN 65 (76,1x3,2/140) á 12m inkl. Brandes, Mediumrohr P235 GH;710,0;m;gaeb;vom_unternehmen_auszufuellende_dokumente/Ausschreibung 01, Vorgezogene Maßnahmen - Tiefbau und Infrastruktur 1, Leistungsverzeichnis.X83
110;Im Leitungsverlauf wird das elastische Verziehen der Rohrlängen bis 15° erforderlich.;6,0;Stck;gaeb;vom_unternehmen_auszufuellende_dokumente/Ausschreibung 01, Vorgezogene Maßnahmen - Tiefbau und Infrastruktur 1, Leistungsverzeichnis.X83
120;Im Leitungsverlauf wird das elastische Verziehen der Rohrlängen bis 9° erforderlich.;1,0;Stck;gaeb;vom_unternehmen_auszufuellende_dokumente/Ausschreibung 01, Vorgezogene Maßnahmen - Tiefbau und Infrastruktur 1, Leistungsverzeichnis.X83
130;Im Leitungsverlauf wird das elastische Verziehen der Rohrlängen bis 8° erforderlich.;1,0;Stck;gaeb;vom_unternehmen_auszufuellende_dokumente/Ausschreibung 01, Vorgezogene Maßnahmen - Tiefbau und Infrastruktur 1, Leistungsverzeichnis.X83
140;Fertigbogen 90° DN 100 (114,3/200) 1,0x1,0m, gebogen;12,0;Stck;gaeb;vom_unternehmen_auszufuellende_dokumente/Ausschreibung 01, Vorgezogene Maßnahmen - Tiefbau und Infrastruktur 1, Leistungsverzeichnis.X83
150;Fertigbogen 90° DN 65 (76,1/140) 1,0x1,0m, gebogen;36,0;Stck;gaeb;vom_unternehmen_auszufuellende_dokumente/Ausschreibung 01, Vorgezogene Maßnahmen - Tiefbau und Infrastruktur 1, Leistungsverzeichnis.X83
160;Fertigbogen 45° DN 100 (114,3/200) 1,0x1,5m, gebogen;2,0;Stck;gaeb;vom_unternehmen_auszufuellende_dokumente/Ausschreibung 01, Vorgezogene Maßnahmen - Tiefbau und Infrastruktur 1, Leistungsverzeichnis.X83
170;Fertigbogen 45° DN 65 (76,1/140) 1,0x1,5m, gebogen;2,0;Stck;gaeb;vom_unternehmen_auszufuellende_dokumente/Ausschreibung 01, Vorgezogene Maßnahmen - Tiefbau und Infrastruktur 1, Leistungsverzeichnis.X83
180;Fertigbogen 28° DN 100 (114,3/200), 1,0x1,0m;2,0;Stck;gaeb;vom_unternehmen_auszufuellende_dokumente/Ausschreibung 01, Vorgezogene Maßnahmen - Tiefbau und Infrastruktur 1, Leistungsverzeichnis.X83
190;Fertigbogen 28° DN 65 (76,1/140), 1,0x1,0m;2,0;Stck;gaeb;vom_unternehmen_auszufuellende_dokumente/Ausschreibung 01, Vorgezogene Maßnahmen - Tiefbau und Infrastruktur 1, Leistungsverzeichnis.X83
200;Fertigabzweig, parallel DN 100/100 (114,3/200-114,3/200);1,0;Stck;gaeb;vom_unternehmen_auszufuellende_dokumente/Ausschreibung 01, Vorgezogene Maßnahmen - Tiefbau und Infrastruktur 1, Leistungsverzeichnis.X83
210;Fertigabzweig, 45°-etagiert DN 100/100 (114,3/200-114,3/200);2,0;Stck;gaeb;vom_unternehmen_auszufuellende_dokumente/Ausschreibung 01, Vorgezogene Maßnahmen - Tiefbau und Infrastruktur 1, Leistungsverzeichnis.X83
220;Absperrarmatur Vexve DN 100 (114,3/200);6,0;Stck;gaeb;vom_unternehmen_auszufuellende_dokumente/Ausschreibung 01, Vorgezogene Maßnahmen - Tiefbau und Infrastruktur 1, Leistungsverzeichnis.X83
230;Spindelverlängerung Typ Vexve;6,0;Stck;gaeb;vom_unternehmen_auszufuellende_dokumente/Ausschreibung 01, Vorgezogene Maßnahmen - Tiefbau und Infrastruktur 1, Leistungsverzeichnis.X83
240;Schutzrohr Typ 2 DA 225/180 für Absperrarmatur DN 80 - DN 150;6,0;Stck;gaeb;vom_unternehmen_auszufuellende_dokumente/Ausschreibung 01, Vorgezogene Maßnahmen - Tiefbau und Infrastruktur 1, Leistungsverzeichnis.X83
250;"Strassenkappe Gusseisen DIN 3581/90 DVGW ""FERNWÄRME""";6,0;Stck;gaeb;vom_unternehmen_auszufuellende_dokumente/Ausschreibung 01, Vorgezogene Maßnahmen - Tiefbau und Infrastruktur 1, Leistungsverzeichnis.X83
260;Reduzierstück DN 100/65 (114,3/200-76,1/140);2,0;Stck;gaeb;vom_unternehmen_auszufuellende_dokumente/Ausschreibung 01, Vorgezogene Maßnahmen - Tiefbau und Infrastruktur 1, Leistungsverzeichnis.X83
270;Abschrumpfmuffe, da = 200 mm, inkl. Zubehör;52,0;Stck;gaeb;vom_unternehmen_auszufuellende_dokumente/Ausschreibung 01, Vorgezogene Maßnahmen - Tiefbau und Infrastruktur 1, Leistungsverzeichnis.X83
280;Abschrumpfmuffe, da = 140 mm, inkl. Zubehör;145,0;Stck;gaeb;vom_unternehmen_auszufuellende_dokumente/Ausschreibung 01, Vorgezogene Maßnahmen - Tiefbau und Infrastruktur 1, Leistungsverzeichnis.X83
290;Abschrumpf-Endmuffe, da = 140 mm, inkl. Zubehör;2,0;Stck;gaeb;vom_unternehmen_auszufuellende_dokumente/Ausschreibung 01, Vorgezogene Maßnahmen - Tiefbau und Infrastruktur 1, Leistungsverzeichnis.X83
300;wärmeschrumpfende Endkappe;2,0;Stck;gaeb;vom_unternehmen_auszufuellende_dokumente/Ausschreibung 01, Vorgezogene Maßnahmen - Tiefbau und Infrastruktur 1, Leistungsverzeichnis.X83
310;Dehnungspolster-Teilumhüllung;56,0;m;gaeb;vom_unternehmen_auszufuellende_dokumente/Ausschreibung 01, Vorgezogene Maßnahmen - Tiefbau und Infrastruktur 1, Leistungsverzeichnis.X83
320;Dehnungspolster-Teilumhüllung;128,0;m;gaeb;vom_unternehmen_auszufuellende_dokumente/Ausschreibung 01, Vorgezogene Maßnahmen - Tiefbau und Infrastruktur 1, Leistungsverzeichnis.X83
330;Trassenwarnband á 250 m, für VL + RL;3,0;Stck;gaeb;vom_unternehmen_auszufuellende_dokumente/Ausschreibung 01, Vorgezogene Maßnahmen - Tiefbau und Infrastruktur 1, Leistungsverzeichnis.X83
340;Rohrunterlage PS 30 1000 x 150 x 100 mm bis Da=315 mm, kürzbar;150,0;Stck;gaeb;vom_unternehmen_auszufuellende_dokumente/Ausschreibung 01, Vorgezogene Maßnahmen - Tiefbau und Infrastruktur 1, Leistungsverzeichnis.X83
350;Kabelausführung aus PE-Verbindungsmuffen Typ KAF;1,0;Stck;gaeb;vom_unternehmen_auszufuellende_dokumente/Ausschreibung 01, Vorgezogene Maßnahmen - Tiefbau und Infrastruktur 1, Leistungsverzeichnis.X83
360;Aderanschlußdose;1,0;Stck;gaeb;vom_unternehmen_auszufuellende_dokumente/Ausschreibung 01, Vorgezogene Maßnahmen - Tiefbau und Infrastruktur 1, Leistungsverzeichnis.X83
370;Statik- bzw. Polsterplan erstellen;1,0;Stck;gaeb;vom_unternehmen_auszufuellende_dokumente/Ausschreibung 01, Vorgezogene Maßnahmen - Tiefbau und Infrastruktur 1, Leistungsverzeichnis.X83
380;Verdrahtungsplan/-schema erstellen;1,0;Stck;gaeb;vom_unternehmen_auszufuellende_dokumente/Ausschreibung 01, Vorgezogene Maßnahmen - Tiefbau und Infrastruktur 1, Leistungsverzeichnis.X83
390;Messprotokoll je Messschleife (VL + RL);1,0;Stck;gaeb;vom_unternehmen_auszufuellende_dokumente/Ausschreibung 01, Vorgezogene Maßnahmen - Tiefbau und Infrastruktur 1, Leistungsverzeichnis.X83
400;Herstellen, unter Hinzulieferung von Sicherungen und Anschlussmaterialien, Anschluss 3-polig 230V/16 A;1,0;Stck;gaeb;vom_unternehmen_auszufuellende_dokumente/Ausschreibung 01, Vorgezogene Maßnahmen - Tiefbau und Infrastruktur 1, Leistungsverzeichnis.X83
410;Kunststoff-Mantelleitung NYM-J 3 x 2, 5 mm², auf vorhandene Kabelleiter oder -rinnen oder in offene Kanäle verlegen oder in vorhandene Rohre einziehen;20,0;m;gaeb;vom_unternehmen_auszufuellende_dokumente/Ausschreibung 01, Vorgezogene Maßnahmen - Tiefbau und Infrastruktur 1, Leistungsverzeichnis.X83
420;Anschlusskasten (4 x M20/25);1,0;Stck;gaeb;vom_unternehmen_auszufuellende_dokumente/Ausschreibung 01, Vorgezogene Maßnahmen - Tiefbau und Infrastruktur 1, Leistungsverzeichnis.X83
430;Anschlussgarnitur in Kaltanschlusstechnik mit M25-Gewinde Atex;1,0;Stck;gaeb;vom_unternehmen_auszufuellende_dokumente/Ausschreibung 01, Vorgezogene Maßnahmen - Tiefbau und Infrastruktur 1, Leistungsverzeichnis.X83
440;Glasseide-Klebeband (geeignet für Edelstahlrohre), 16m / Rolle 12,7 mm breit;1,0;Stck;gaeb;vom_unternehmen_auszufuellende_dokumente/Ausschreibung 01, Vorgezogene Maßnahmen - Tiefbau und Infrastruktur 1, Leistungsverzeichnis.X83
450;"Kennzeichnungsaufkleber ""Netzspannung230V""";1,0;Stck;gaeb;vom_unternehmen_auszufuellende_dokumente/Ausschreibung 01, Vorgezogene Maßnahmen - Tiefbau und Infrastruktur 1, Leistungsverzeichnis.X83
460;Elektronisches Steuergerät IP 65 Wand- /Hutschienmontage für Temperaturerfassung (PASC);1,0;Stck;gaeb;vom_unternehmen_auszufuellende_dokumente/Ausschreibung 01, Vorgezogene Maßnahmen - Tiefbau und Infrastruktur 1, Leistungsverzeichnis.X83
470;Sensormodule für Austausch Regler -control;1,0;Stck;gaeb;vom_unternehmen_auszufuellende_dokumente/Ausschreibung 01, Vorgezogene Maßnahmen - Tiefbau und Infrastruktur 1, Leistungsverzeichnis.X83
480;Selbstregelndes Frostschutzband, 10 W/m bei 5°C,max.  Umgebungstemperatur:  90°C,max. Heizkreislänge pro  Heizkreis 150m bei C 16A Absicherung;20,0;m;gaeb;vom_unternehmen_auszufuellende_dokumente/Ausschreibung 01, Vorgezogene Maßnahmen - Tiefbau und Infrastruktur 1, Leistungsverzeichnis.X83
490;Temperaturfester Anschluss- und Verbindungskasten, Abmessungen: 94 x 94x 57 mm (Aufputz) für T-oder X- Abzweig, Anschlussklemmen 6 x4 mm² , 4 xM20/25 , IP  66 bis 32 A Absicherung;1,0;Stck;gaeb;vom_unternehmen_auszufuellende_dokumente/Ausschreibung 01, Vorgezogene Maßnahmen - Tiefbau und Infrastruktur 1, Leistungsverzeichnis.X83
500;Anschluss- und Endabschlussgarnitur für Einsatz  für v.g. Rohrbegleitheizung (Schrumpftechnik) in Kombination mit einem Anschlusskasten;2,0;Stck;gaeb;vom_unternehmen_auszufuellende_dokumente/Ausschreibung 01, Vorgezogene Maßnahmen - Tiefbau und Infrastruktur 1, Leistungsverzeichnis.X83
510;"Kennzeichnungsaufkleber ""Netzspannung 230 V"" ,";2,0;Stck;gaeb;vom_unternehmen_auszufuellende_dokumente/Ausschreibung 01, Vorgezogene Maßnahmen - Tiefbau und Infrastruktur 1, Leistungsverzeichnis.X83
520;Schweißnahtprüfung in zerstörungsfreiem Prüfverfahren unter Beistellung aller Geräte und Materialien, einschließlich aller Abnahmen mit den Protokollen und Auswertungen sowie aller Nebenkosten. Die fachgerechte Mängelbeseitigung einschließlich aller Nebenarbeiten und die erneute Prüfung geht zu Last;1,0;pau;gaeb;vom_unternehmen_auszufuellende_dokumente/Ausschreibung 01, Vorgezogene Maßnahmen - Tiefbau und Infrastruktur 1, Leistungsverzeichnis.X83
530;Die gesamte Rohrtrasse des jeweiligen Bauabschnittes muss mit Wasser einer Druckprobe unterzogen werden. Der Prüfdruck ist mindestens acht Stunden aufrechtzuerhalten. Diese Prüfung ist mit einem Überdruck in Höhe des 1,3-fachen Betriebsdruckes, maximal 10 bar, jedoch mindestens mit dem Nenndruck der;1,0;pau;gaeb;vom_unternehmen_auszufuellende_dokumente/Ausschreibung 01, Vorgezogene Maßnahmen - Tiefbau und Infrastruktur 1, Leistungsverzeichnis.X83
540;Anschluss an Erdleitung KMR herstellen;2,0;Stck;gaeb;vom_unternehmen_auszufuellende_dokumente/Ausschreibung 01, Vorgezogene Maßnahmen - Tiefbau und Infrastruktur 1, Leistungsverzeichnis.X83
550;Vorschweißflansch zu Leitung;2,0;Stck;gaeb;vom_unternehmen_auszufuellende_dokumente/Ausschreibung 01, Vorgezogene Maßnahmen - Tiefbau und Infrastruktur 1, Leistungsverzeichnis.X83
560;Blindflansch DN 65; PN 6 einschl. Schrauben und Dichtungen;2,0;Stck;gaeb;vom_unternehmen_auszufuellende_dokumente/Ausschreibung 01, Vorgezogene Maßnahmen - Tiefbau und Infrastruktur 1, Leistungsverzeichnis.X83
570;Wartungsfreies weichdichtendes Absperrventil in Durchgangsform mit Flanschen in Kurzbauform gem. EN 558, FTF-14, Gehäuse aus Gusseisen EN-JL1040 (Kurzbezeichnung: EN-GJL-250, eh. GG-25) mit Grundanstrich,;2,0;Stck;gaeb;vom_unternehmen_auszufuellende_dokumente/Ausschreibung 01, Vorgezogene Maßnahmen - Tiefbau und Infrastruktur 1, Leistungsverzeichnis.X83
580;desgleichen wie vor beschrieben, jedoch Dimension: DN 65;2,0;m;gaeb;vom_unternehmen_auszufuellende_dokumente/Ausschreibung 01, Vorgezogene Maßnahmen - Tiefbau und Infrastruktur 1, Leistungsverzeichnis.X83
590;Rohrschelle DN 65;4,0;Stck;gaeb;vom_unternehmen_auszufuellende_dokumente/Ausschreibung 01, Vorgezogene Maßnahmen - Tiefbau und Infrastruktur 1, Leistungsverzeichnis.X83
600;desgleichen wie vor beschrieben, jedoch Dimension: DN 65;2,0;m;gaeb;vom_unternehmen_auszufuellende_dokumente/Ausschreibung 01, Vorgezogene Maßnahmen - Tiefbau und Infrastruktur 1, Leistungsverzeichnis.X83
610;Armaturenisolierung DN 65;2,0;Stck;gaeb;vom_unternehmen_auszufuellende_dokumente/Ausschreibung 01, Vorgezogene Maßnahmen - Tiefbau und Infrastruktur 1, Leistungsverzeichnis.X83
620;Befüllen der gesamten Heizungsanlage mit zugelassenem Wasser nach VDI 2035.;1,0;pau;gaeb;vom_unternehmen_auszufuellende_dokumente/Ausschreibung 01, Vorgezogene Maßnahmen - Tiefbau und Infrastruktur 1, Leistungsverzeichnis.X83
630;Mit der Anmeldung zur Abnahme hat der AN Bestandsunterlagen zu übergeben. Die Unterlagen sind in beschriftete Ordner einzuheften und entsprechend den Sachgebieten mit Trennblättern zu gliedern.;1,0;pau;gaeb;vom_unternehmen_auszufuellende_dokumente/Ausschreibung 01, Vorgezogene Maßnahmen - Tiefbau und Infrastruktur 1, Leistungsverzeichnis.X83
640;Pauschale für die Inbetriebnahme und Einregulierung der gesamten vorbeschriebenen Anlage, einschl. Unterweisung des Bedienungspersonals. Bezüglich der Einregulierung und der Abgleicharbeiten sind entsprechende Protokolle zu erstellen, und bei der Abnahme gem. den Vorbemerkungen vorzulegen. Die Durch;1,0;pau;gaeb;vom_unternehmen_auszufuellende_dokumente/Ausschreibung 01, Vorgezogene Maßnahmen - Tiefbau und Infrastruktur 1, Leistungsverzeichnis.X83
650;Arbeitsstunde für nicht im Leistungsverzeichnis enthaltene Arbeiten. Die Arbeiten sind vor Durchführung in Art und Umfang beim AG anzuzeigen.;20,0;h;gaeb;vom_unternehmen_auszufuellende_dokumente/Ausschreibung 01, Vorgezogene Maßnahmen - Tiefbau und Infrastruktur 1, Leistungsverzeichnis.X83
660;Arbeitsstunde für nicht im Leistungsverzeichnisenthaltene Arbeiten. Die Arbeiten sind vor Durchführung in Art und Umfang beim AG anzuzeigen.;20,0;h;gaeb;vom_unternehmen_auszufuellende_dokumente/Ausschreibung 01, Vorgezogene Maßnahmen - Tiefbau und Infrastruktur 1, Leistungsverzeichnis.X83
10;Stunden z.N. eines Bauleiters;8,0;Std;gaeb;vom_unternehmen_auszufuellende_dokumente/Ausschreibung 01, Vorgezogene Maßnahmen - Tiefbau und Infrastruktur 1, Leistungsverzeichnis.X83
20;Stunden z.N. eines Poliers;8,0;Std;gaeb;vom_unternehmen_auszufuellende_dokumente/Ausschreibung 01, Vorgezogene Maßnahmen - Tiefbau und Infrastruktur 1, Leistungsverzeichnis.X83
30;Stunden z.N. eines Bauvorarbeiters;8,0;Std;gaeb;vom_unternehmen_auszufuellende_dokumente/Ausschreibung 01, Vorgezogene Maßnahmen - Tiefbau und Infrastruktur 1, Leistungsverzeichnis.X83
40;Stunden z.N. eines Baufacharbeiters;8,0;Std;gaeb;vom_unternehmen_auszufuellende_dokumente/Ausschreibung 01, Vorgezogene Maßnahmen - Tiefbau und Infrastruktur 1, Leistungsverzeichnis.X83
50;Stunden z.N. eines Bauhelfers;8,0;Std;gaeb;vom_unternehmen_auszufuellende_dokumente/Ausschreibung 01, Vorgezogene Maßnahmen - Tiefbau und Infrastruktur 1, Leistungsverzeichnis.X83
60;Stunden zum Nachweis eines LKW mit 16 t Nutzlast mit Allrad- antrieb;8,0;Std;gaeb;vom_unternehmen_auszufuellende_dokumente/Ausschreibung 01, Vorgezogene Maßnahmen - Tiefbau und Infrastruktur 1, Leistungsverzeichnis.X83
70;Stunden zum Nachweis eines LKW mit 24 t Nutzlast mit Allrad- antrieb;8,0;Std;gaeb;vom_unternehmen_auszufuellende_dokumente/Ausschreibung 01, Vorgezogene Maßnahmen - Tiefbau und Infrastruktur 1, Leistungsverzeichnis.X83
80;Stunden z.N. eines Tieflöffelbaggers, Löffelinhalt 2,5 m³;8,0;Std;gaeb;vom_unternehmen_auszufuellende_dokumente/Ausschreibung 01, Vorgezogene Maßnahmen - Tiefbau und Infrastruktur 1, Leistungsverzeichnis.X83
90;Stunden z.N. eines Baggers (Kette oder Mobil) bis 8 t Fahrwerk;8,0;Std;gaeb;vom_unternehmen_auszufuellende_dokumente/Ausschreibung 01, Vorgezogene Maßnahmen - Tiefbau und Infrastruktur 1, Leistungsverzeichnis.X83
100;Stunden z.N. eines Radladers, 120 kW Leistung;8,0;Std;gaeb;vom_unternehmen_auszufuellende_dokumente/Ausschreibung 01, Vorgezogene Maßnahmen - Tiefbau und Infrastruktur 1, Leistungsverzeichnis.X83
110;Stunden z.N. einer Planierraupe, 120 kW Leistung;8,0;Std;gaeb;vom_unternehmen_auszufuellende_dokumente/Ausschreibung 01, Vorgezogene Maßnahmen - Tiefbau und Infrastruktur 1, Leistungsverzeichnis.X83
120;Stunden z.N. einer Vibrationswalze, Gewicht ca. 10 t;8,0;Std;gaeb;vom_unternehmen_auszufuellende_dokumente/Ausschreibung 01, Vorgezogene Maßnahmen - Tiefbau und Infrastruktur 1, Leistungsverzeichnis.X83
130;Stunden z.N. einer Grabenwalze, Gewicht 1,5 t mit Hand- und Fernbedienung über Kabel oder Infrarotfernsteuerung, z. B. RW 1504 der Fa. Rammax Maschinenbau GmbH,;8,0;Std;gaeb;vom_unternehmen_auszufuellende_dokumente/Ausschreibung 01, Vorgezogene Maßnahmen - Tiefbau und Infrastruktur 1, Leistungsverzeichnis.X83
140;Stunden zum Nachweis eines Rohrschweißgerätes für PEHD-Rohre bis DN 450 zum Schweißen gemäß DVS 2207 einschl. Schweißfachpersonal, Stromversorgung und Hilfsstoffe;8,0;Std;gaeb;vom_unternehmen_auszufuellende_dokumente/Ausschreibung 01, Vorgezogene Maßnahmen - Tiefbau und Infrastruktur 1, Leistungsverzeichnis.X83
