Pos.;Leistung;Menge;Einheit;Quelle;Datei
1;Übernahme und Prüfung der Projekt- und Bestandsdokumentation;1,0;psch;gaeb;sonstiges/2 Jahre.X83
2;Vorbereitung des Regelbetriebes / Start-up;1,0;psch;gaeb;sonstiges/2 Jahre.X83
1;Objektleitung;1,0;psch;gaeb;sonstiges/2 Jahre.X83
1;Meldezentrale und Störungsmanagement;1,0;psch;gaeb;sonstiges/2 Jahre.X83
1;Bedienung der Bau- und Anlagentechnik Platz- und Straßenbeleuchtung (Oberer Ehrenberg);1,0;psch;gaeb;sonstiges/2 Jahre.X83
1;Bedienung der Bau- und Anlagentechnik Platz- und Straßenbeleuchtung (Unterer Ehrenberg Süd);1,0;psch;gaeb;sonstiges/2 Jahre.X83
1;Bedienung der Bau- und Anlagentechnik Platz- und Straßenbeleuchtung (Unterer Ehrenberg Nord);1,0;psch;gaeb;sonstiges/2 Jahre.X83
1;Bedienung der Bau- und Anlagentechnik Helmholtzbau;1,0;psch;gaeb;sonstiges/2 Jahre.X83
1;Bedienung der Bau- und Anlagentechnik Hörstudio am Helmholtzbau;1,0;psch;gaeb;sonstiges/2 Jahre.X83
1;Bedienung der Bau- und Anlagentechnik Antennenmesslabor;1,0;psch;gaeb;sonstiges/2 Jahre.X83
1;Bedienung der Bau- und Anlagentechnik Newtonbau;1,0;psch;gaeb;sonstiges/2 Jahre.X83
1;Bedienung der Bau- und Anlagentechnik Projekthalle;1,0;psch;gaeb;sonstiges/2 Jahre.X83
1;Bedienung der Bau- und Anlagentechnik Lagergaragen am Medienstudio;1,0;psch;gaeb;sonstiges/2 Jahre.X83
1;Bedienung der Bau- und Anlagentechnik Zusebau;1,0;psch;gaeb;sonstiges/2 Jahre.X83
1;Bedienung der Bau- und Anlagentechnik Grace-Hopper-Bau;1,0;psch;gaeb;sonstiges/2 Jahre.X83
1;Bedienung der Bau- und Anlagentechnik Oeconomicum;1,0;psch;gaeb;sonstiges/2 Jahre.X83
1;Bedienung der Bau- und Anlagentechnik Bionik;1,0;psch;gaeb;sonstiges/2 Jahre.X83
1;Bedienung der Bau- und Anlagentechnik Staudingerbau;1,0;psch;gaeb;sonstiges/2 Jahre.X83
1;Bedienung der Bau- und Anlagentechnik Arrheniusbau;1,0;psch;gaeb;sonstiges/2 Jahre.X83
1;Bedienung der Bau- und Anlagentechnik Kirchhoffbau;1,0;psch;gaeb;sonstiges/2 Jahre.X83
1;Bedienung der Bau- und Anlagentechnik Maschinenhalle;1,0;psch;gaeb;sonstiges/2 Jahre.X83
1;Bedienung der Bau- und Anlagentechnik Maschinenhalle / Kopfbau;1,0;psch;gaeb;sonstiges/2 Jahre.X83
1;Bedienung der Bau- und Anlagentechnik Feynmanbau;1,0;psch;gaeb;sonstiges/2 Jahre.X83
1;Bedienung der Bau- und Anlagentechnik Humboldtbau;1,0;psch;gaeb;sonstiges/2 Jahre.X83
1;Bedienung der Bau- und Anlagentechnik Leonardo da Vinci Bau;1,0;psch;gaeb;sonstiges/2 Jahre.X83
1;Bedienung der Bau- und Anlagentechnik Leonardo da Vinci Bau;1,0;psch;gaeb;sonstiges/2 Jahre.X83
1;Bedienung der Bau- und Anlagentechnik Werner Bischoff Bau;1,0;psch;gaeb;sonstiges/2 Jahre.X83
1;Bedienung der Bau- und Anlagentechnik Haus G;1,0;psch;gaeb;sonstiges/2 Jahre.X83
1;Bedienung der Bau- und Anlagentechnik Haus M;1,0;psch;gaeb;sonstiges/2 Jahre.X83
1;Bedienung der Bau- und Anlagentechnik Lagergebäude;1,0;psch;gaeb;sonstiges/2 Jahre.X83
1;Bedienung der Bau- und Anlagentechnik Trinkwasserübergabestation;1,0;psch;gaeb;sonstiges/2 Jahre.X83
1;Bedienung der Bau- und Anlagentechnik Gasreglerstation;1,0;psch;gaeb;sonstiges/2 Jahre.X83
1;Bedienung der Bau- und Anlagentechnik Mensa Teilbereich ASC;1,0;psch;gaeb;sonstiges/2 Jahre.X83
1;Bedienung der Bau- und Anlagentechnik UB Magazin;1,0;psch;gaeb;sonstiges/2 Jahre.X83
1;Bedienung der Bau- und Anlagentechnik Werkstattgebäude DGT;1,0;psch;gaeb;sonstiges/2 Jahre.X83
1;Bedienung der Bau- und Anlagentechnik Mehrzweckgebäude;1,0;psch;gaeb;sonstiges/2 Jahre.X83
1;Bedienung der Bau- und Anlagentechnik Lagergarage;1,0;psch;gaeb;sonstiges/2 Jahre.X83
1;Bedienung der Bau- und Anlagentechnik Umformerstation 1;1,0;psch;gaeb;sonstiges/2 Jahre.X83
1;Bedienung der Bau- und Anlagentechnik Lagergarage;1,0;psch;gaeb;sonstiges/2 Jahre.X83
1;Bedienung der Bau- und Anlagentechnik IBZ;1,0;psch;gaeb;sonstiges/2 Jahre.X83
1;Bedienung der Bau- und Anlagentechnik Schützenhaus;1,0;psch;gaeb;sonstiges/2 Jahre.X83
1;Bedienung der Bau- und Anlagentechnik Bertha-Benz-Bau (ThIMo 1);1,0;psch;gaeb;sonstiges/2 Jahre.X83
1;Bedienung der Bau- und Anlagentechnik Leibnitzbau;1,0;psch;gaeb;sonstiges/2 Jahre.X83
1;Bedienung der Bau- und Anlagentechnik Medienstudio;1,0;psch;gaeb;sonstiges/2 Jahre.X83
1;Bedienung der Bau- und Anlagentechnik Ernst-Abbe-Zentrum;1,0;psch;gaeb;sonstiges/2 Jahre.X83
1;Bedienung der Bau- und Anlagentechnik Meitnerbau;1,0;psch;gaeb;sonstiges/2 Jahre.X83
1;Bedienung der Bau- und Anlagentechnik ThiMo II;1,0;psch;gaeb;sonstiges/2 Jahre.X83
1;Bedienung der Bau- und Anlagentechnik Platz- und Straßenbeleuchtung (Georg-Schmidt-Technikum);1,0;psch;gaeb;sonstiges/2 Jahre.X83
1;Bedienung der Bau- und Anlagentechnik Heliosbau - Gebäude;1,0;psch;gaeb;sonstiges/2 Jahre.X83
1;Bedienung der Bau- und Anlagentechnik Heliosbau - Anbauu;1,0;psch;gaeb;sonstiges/2 Jahre.X83
1;Bedienung der Bau- und Anlagentechnik Faradaybau;1,0;psch;gaeb;sonstiges/2 Jahre.X83
1;Bedienung der Bau- und Anlagentechnik Faraday - Hörsaal;1,0;psch;gaeb;sonstiges/2 Jahre.X83
1;Bedienung der Bau- und Anlagentechnik Curiebau;1,0;psch;gaeb;sonstiges/2 Jahre.X83
1;Bedienung der Bau- und Anlagentechnik Röntgenbau;1,0;psch;gaeb;sonstiges/2 Jahre.X83
1;Bedienung der Bau- und Anlagentechnik Heisenbergbau;1,0;psch;gaeb;sonstiges/2 Jahre.X83
1;Bedienung der Bau- und Anlagentechnik Ilmenauer Fass;1,0;psch;gaeb;sonstiges/2 Jahre.X83
1;Unterverteilungen / Steuerschränke (KVS): 8;1,0;psch;gaeb;sonstiges/2 Jahre.X83
2;Unterverteilungen / Steuerschränke (KVS): 8;1,0;psch;gaeb;sonstiges/2 Jahre.X83
1;Technische Anlagen in Außenanlagen - Trinkwasserverteilnetz;1,0;psch;gaeb;sonstiges/2 Jahre.X83
2;Technische Anlagen in Außenanlagen - Erdgasverteilnetz;1,0;psch;gaeb;sonstiges/2 Jahre.X83
3;Technische Anlagen in Außenanlagen - Abwassersammelnetz;1,0;psch;gaeb;sonstiges/2 Jahre.X83
4;Technische Anlagen in Außenanlagen - Straßeneinläufe;1,0;psch;gaeb;sonstiges/2 Jahre.X83
5;Technische Anlagen in Außenanlagen - Außenbecken;1,0;psch;gaeb;sonstiges/2 Jahre.X83
1;Unterverteilungen / Steuerschränke (KVS): 2;1,0;psch;gaeb;sonstiges/2 Jahre.X83
2;Unterverteilungen / Steuerschränke (KVS): 2;1,0;psch;gaeb;sonstiges/2 Jahre.X83
1;Technische Anlagen in Außenanlagen - Trinkwasserverteilnetz;1,0;psch;gaeb;sonstiges/2 Jahre.X83
2;Technische Anlagen in Außenanlagen - Erdgasverteilnetz;1,0;psch;gaeb;sonstiges/2 Jahre.X83
3;Technische Anlagen in Außenanlagen - Abwassersammelnetz;1,0;psch;gaeb;sonstiges/2 Jahre.X83
4;Technische Anlagen in Außenanlagen - Straßeneinläufe;1,0;psch;gaeb;sonstiges/2 Jahre.X83
5;Technische Anlagen in Außenanlagen - Außenbecken;1,0;psch;gaeb;sonstiges/2 Jahre.X83
1;Unterverteilungen / Steuerschränke (KVS): 1;1,0;psch;gaeb;sonstiges/2 Jahre.X83
2;Unterverteilungen / Steuerschränke (KVS): 1;1,0;psch;gaeb;sonstiges/2 Jahre.X83
1;Technische Anlagen in Außenanlagen - Trinkwasserverteilnetz;1,0;psch;gaeb;sonstiges/2 Jahre.X83
2;Technische Anlagen in Außenanlagen - Abwassersammelnetz;1,0;psch;gaeb;sonstiges/2 Jahre.X83
3;Technische Anlagen in Außenanlagen - Straßeneinläufe;1,0;psch;gaeb;sonstiges/2 Jahre.X83
4;Technische Anlagen in Außenanlagen - Regenrückhaltebauwerke;1,0;psch;gaeb;sonstiges/2 Jahre.X83
1;Außentüren;1,0;psch;gaeb;sonstiges/2 Jahre.X83
1;Brand- und Rauchschutztüren;1,0;psch;gaeb;sonstiges/2 Jahre.X83
1;Brandschutzhaube EG;1,0;psch;gaeb;sonstiges/2 Jahre.X83
2;Brandschutzhaube 1.OG;1,0;psch;gaeb;sonstiges/2 Jahre.X83
3;Tafelanlagen;1,0;psch;gaeb;sonstiges/2 Jahre.X83
1;AKS: 1111_WA41201_Wasserverwendung;1,0;psch;gaeb;sonstiges/2 Jahre.X83
2;AKS: 1111_AB41101_Abwasserführung;1,0;psch;gaeb;sonstiges/2 Jahre.X83
1;AKS: 1111_WK42201_Wärmeverteilnetz mit Raumheizflächen;1,0;psch;gaeb;sonstiges/2 Jahre.X83
1;AKS: 1111_AL43101_Regiekabine_R3581;1,0;psch;gaeb;sonstiges/2 Jahre.X83
2;AKS: 1111_AL43102 Abluft WC R1546;1,0;psch;gaeb;sonstiges/2 Jahre.X83
3;AKS: 1111_AL43103 Abluft Teeküche R1549;1,0;psch;gaeb;sonstiges/2 Jahre.X83
4;AKS: 1111_AL43104_Abluft_Beamer_R3582;1,0;psch;gaeb;sonstiges/2 Jahre.X83
5;AKS: 1111_AL43106_Abluft_WC_R1506;1,0;psch;gaeb;sonstiges/2 Jahre.X83
6;AKS: 1111_AL43107_Abluft_WC_R1506;1,0;psch;gaeb;sonstiges/2 Jahre.X83
7;AKS: 1111_AL43108_Abluft_WC_R1506;1,0;psch;gaeb;sonstiges/2 Jahre.X83
8;AKS: 1111_AL43109_Abluft_WC_R1506;1,0;psch;gaeb;sonstiges/2 Jahre.X83
9;AKS: 1111_AL43110_Abluft_WC_R1511;1,0;psch;gaeb;sonstiges/2 Jahre.X83
10;AKS: 1111_AL43111_Abluft_WC_R1511;1,0;psch;gaeb;sonstiges/2 Jahre.X83
11;AKS: 1111_AL43112_Abluft_WC_R1511;1,0;psch;gaeb;sonstiges/2 Jahre.X83
12;AKS: 1111_AL43113_Abluft_WC_R1511;1,0;psch;gaeb;sonstiges/2 Jahre.X83
13;AKS: 1111_AL43114_Abluft_WC_R2571;1,0;psch;gaeb;sonstiges/2 Jahre.X83
14;AKS: 1111_AL43115_Abluft_WC_R3524a;1,0;psch;gaeb;sonstiges/2 Jahre.X83
15;AKS: 1111_AL43116_Abluft_WC_R1545;1,0;psch;gaeb;sonstiges/2 Jahre.X83
16;AKS: 1111_AL43117_Elt-Zentrale, Notstrom  R0370.;1,0;psch;gaeb;sonstiges/2 Jahre.X83
17;AKS: 1111_LU43201_Großer Hörsaal;1,0;psch;gaeb;sonstiges/2 Jahre.X83
18;Anlagen ohne Dampfbefeuchter (alle 3 Jahre);1,0;psch;gaeb;sonstiges/2 Jahre.X83
19;Reinigung (innen) , RLT - Gerät incl. der Komponeten, nach VDI 6022 bzw. Herstellerangabe u. dgl., im manuellen Wisch- und Absaug -/ Dampfreinigerverfahren, alle Bauteile / - elemente komplett, incl. anschliesender Wisch -/ Sprühdesinfektion, einschl. notwendiges Material bzw. Hilfsstoffe.;1,0;psch;gaeb;sonstiges/2 Jahre.X83
20;"Reinigung (außen), komplettes RLT - Gerät incl. der Komponeten, im manuellen Wisch - und Absaugverfahren, alle zugänglichen Bauteile /- Elemente ; einschl . Reinigungsmittel und Verbrauchsmaterial.";1,0;psch;gaeb;sonstiges/2 Jahre.X83
21;AKS: 1111_LU43301_Praktikum;1,0;psch;gaeb;sonstiges/2 Jahre.X83
22;Anlagen ohne Dampfbefeuchter (alle 3 Jahre);1,0;psch;gaeb;sonstiges/2 Jahre.X83
23;Reinigung (innen) , RLT - Gerät incl. der Komponeten, nach VDI 6022 bzw. Herstellerangabe u. dgl., im manuellen Wisch- und Absaug -/ Dampfreinigerverfahren, alle Bauteile / - elemente komplett, incl. anschliesender Wisch -/ Sprühdesinfektion, einschl. notwendiges Material bzw. Hilfsstoffe.;1,0;psch;gaeb;sonstiges/2 Jahre.X83
24;"Reinigung (außen), komplettes RLT - Gerät incl. der Komponeten, im manuellen Wisch - und Absaugverfahren, alle zugänglichen Bauteile /- Elemente ; einschl . Reinigungsmittel und Verbrauchsmaterial.";1,0;psch;gaeb;sonstiges/2 Jahre.X83
25;AKS: 1134_LU43199_Brandschutzklappen;15,0;Stck;gaeb;sonstiges/2 Jahre.X83
26;AKS: 1111_LU43113_RLT ForLab;1,0;psch;gaeb;sonstiges/2 Jahre.X83
27;Anlagen ohne Dampfbefeuchter (alle 3 Jahre);1,0;psch;gaeb;sonstiges/2 Jahre.X83
28;Reinigung (innen) , RLT - Gerät incl. der Komponeten, nach VDI 6022 bzw. Herstellerangabe u. dgl., im manuellen Wisch- und Absaug -/ Dampfreinigerverfahren, alle Bauteile / - elemente komplett, incl. anschliesender Wisch -/ Sprühdesinfektion, einschl. notwendiges Material bzw. Hilfsstoffe.;1,0;psch;gaeb;sonstiges/2 Jahre.X83
29;"Reinigung (außen), komplettes RLT - Gerät incl. der Komponeten, im manuellen Wisch - und Absaugverfahren, alle zugänglichen Bauteile /- Elemente ; einschl . Reinigungsmittel und Verbrauchsmaterial.";1,0;psch;gaeb;sonstiges/2 Jahre.X83
30;AKS: 1111_AL43..._Prozessabluft 24h;1,0;psch;gaeb;sonstiges/2 Jahre.X83
31;AKS: 1111_AL43..._Prozessabluft variabel;1,0;psch;gaeb;sonstiges/2 Jahre.X83
32;AKS: 1134_LU43199_Brandschutzklappen;20,0;Stck;gaeb;sonstiges/2 Jahre.X83
33;AKS: 1111_LU43..._ULK FK_R0410;1,0;psch;gaeb;sonstiges/2 Jahre.X83
34;AKS: 1111_LU43..._ULK FK_R0610;1,0;psch;gaeb;sonstiges/2 Jahre.X83
35;AKS: 1111_LU43..._ULK FK_R0680;1,0;psch;gaeb;sonstiges/2 Jahre.X83
36;AKS: 1111_LU43..._ULK FK_R2570 links;1,0;psch;gaeb;sonstiges/2 Jahre.X83
37;AKS: 1111_LU43..._ULK FK_R2570 rechts;1,0;psch;gaeb;sonstiges/2 Jahre.X83
38;AKS: 1111_LU43101_Splitklimagerät_R2570;1,0;psch;gaeb;sonstiges/2 Jahre.X83
39;AKS: 1111_LU43109_Splitklimagerät_R1533;1,0;psch;gaeb;sonstiges/2 Jahre.X83
40;AKS: 1111_LU43109_Splitklimagerät_R1533;1,0;psch;gaeb;sonstiges/2 Jahre.X83
41;AKS: 1111_LU43110_Splitklimagerät_R1535;1,0;psch;gaeb;sonstiges/2 Jahre.X83
42;AKS: 1111_LU43111_Splitklimagerät_R0160;1,0;psch;gaeb;sonstiges/2 Jahre.X83
43;AKS: 1111_LU43112_Fenstereinbaugerät_R1534;1,0;psch;gaeb;sonstiges/2 Jahre.X83
44;AKS: 1111_LU43114_Splitklimagerät_R2538;1,0;psch;gaeb;sonstiges/2 Jahre.X83
45;AKS: 1111_LU54503_Splitklimagerät;1,0;psch;gaeb;sonstiges/2 Jahre.X83
46;AKS: 1111_LU43105_Splitklimagerät_R0220;1,0;psch;gaeb;sonstiges/2 Jahre.X83
47;AKS: 1111_LU43106_Splitklimagerät_R0230;1,0;psch;gaeb;sonstiges/2 Jahre.X83
48;AKS: 1111_LU43107_Splitklimagerät_R0250;1,0;psch;gaeb;sonstiges/2 Jahre.X83
49;AKS: 1111_LU43107_Verbindungsmodul_R0230;1,0;psch;gaeb;sonstiges/2 Jahre.X83
50;AKS: 1111_RW43101_RA TrH Nordflügel;1,0;psch;gaeb;sonstiges/2 Jahre.X83
51;AKS: 1111_RW43102_RA Hörsaal;2,0;Stck;gaeb;sonstiges/2 Jahre.X83
52;AKS: 1111_RW43103_RWA ForLab;1,0;psch;gaeb;sonstiges/2 Jahre.X83
1;AKS: 1111_WK43501_Kühlwasserverteilnetz;1,0;psch;gaeb;sonstiges/2 Jahre.X83
1;Niederspannungshauptverteilung 1;1,0;psch;gaeb;sonstiges/2 Jahre.X83
2;Niederspannungshauptverteilung 2;1,0;psch;gaeb;sonstiges/2 Jahre.X83
3;Niederspannungshauptverteilung 3;1,0;psch;gaeb;sonstiges/2 Jahre.X83
4;Niederspannungshauptverteilungen;1,0;psch;gaeb;sonstiges/2 Jahre.X83
5;Niederspannungsinstallationsanlage;1,0;psch;gaeb;sonstiges/2 Jahre.X83
6;Niederspannungsinstallationsanlage;1,0;psch;gaeb;sonstiges/2 Jahre.X83
7;Allgemeinbeleuchtung;1,0;psch;gaeb;sonstiges/2 Jahre.X83
8;Sicherheitsbeleuchtung;1,0;psch;gaeb;sonstiges/2 Jahre.X83
9;Unterbrechungsfreie Stromversorgung;1,0;psch;gaeb;sonstiges/2 Jahre.X83
10;Unterbrechungsfreie Stromversorgung;1,0;psch;gaeb;sonstiges/2 Jahre.X83
11;Unterbrechungsfreie Stromversorgung;1,0;psch;gaeb;sonstiges/2 Jahre.X83
12;Blitzschutz und Erdungsanlagen;1,0;psch;gaeb;sonstiges/2 Jahre.X83
13;Blitzschutz und Erdungsanlagen;1,0;psch;gaeb;sonstiges/2 Jahre.X83
1;Brandmeldeanlage (BMA);1,0;psch;gaeb;sonstiges/2 Jahre.X83
2;Austausch und Inbetriebnahme eines Brandmelders vom Typ O2T;1,0;Stck;gaeb;sonstiges/2 Jahre.X83
3;Austausch und Inbetriebnahme eines Brandmelders vom Typ O2T mit Sounder;1,0;Stck;gaeb;sonstiges/2 Jahre.X83
4;AKS: 1111_SU45201_Such- und Signalanlage;1,0;psch;gaeb;sonstiges/2 Jahre.X83
1;Personenaufzug Süd;1,0;psch;gaeb;sonstiges/2 Jahre.X83
2;Personenaufzug Nord;1,0;psch;gaeb;sonstiges/2 Jahre.X83
1;AKS: 1111_GG47302_Zentrales Vakuum;1,0;psch;gaeb;sonstiges/2 Jahre.X83
2;AKS: 1111_GG47302_Vakuum Verteilsystem;1,0;psch;gaeb;sonstiges/2 Jahre.X83
3;AKS: 1111_GG47302_Vakuum Verteilsystem ForLab;1,0;psch;gaeb;sonstiges/2 Jahre.X83
4;AKS: 1111_PG47302_Stickstoffversorgung ForLab;1,0;psch;gaeb;sonstiges/2 Jahre.X83
5;AKS: 1111_GG47303_Drucklufterzeugung ForLab;1,0;psch;gaeb;sonstiges/2 Jahre.X83
6;AKS: 1111_GG47303_Druckluft- Verteilsystem;1,0;psch;gaeb;sonstiges/2 Jahre.X83
7;AKS: 1111_LA47301_Sicherheits._Gefahrstoffe_UG R650_1;1,0;Stck;gaeb;sonstiges/2 Jahre.X83
8;AKS: 1111_LA47302_Sicherheits._Gefahrstoffe_UG R650_2;1,0;Stck;gaeb;sonstiges/2 Jahre.X83
9;AKS: 1111_LA47503_Digestorium_UG_R670;1,0;Stck;gaeb;sonstiges/2 Jahre.X83
10;AKS: 1111_GG473023_Heliumverflüssigung ForLab;1,0;psch;gaeb;sonstiges/2 Jahre.X83
11;AKS: 1111_PG47301_Helium Verteilsystem ForLab;1,0;psch;gaeb;sonstiges/2 Jahre.X83
12;AKS: 1111_FE...._Handfeuerlöscher CO 2 2kg;27,0;Stck;gaeb;sonstiges/2 Jahre.X83
13;AKS: 1111_FE...._Handfeuerlöscher CO2 5kg;32,0;Stck;gaeb;sonstiges/2 Jahre.X83
14;AKS: 1111_FE...._Handfeuerlöscher Schaum 6kg;15,0;Stck;gaeb;sonstiges/2 Jahre.X83
15;AKS: 1111_FE...._Handfeuerlöscher Schaum 6kg;8,0;Stck;gaeb;sonstiges/2 Jahre.X83
16;AKS: 1111_FE...._Handfeuerlöscher Schaum 9kg;3,0;Stck;gaeb;sonstiges/2 Jahre.X83
17;AKS: 1111_FE...._Handfeuerlöscher Schaum 6kg - frostsicher;18,0;Stck;gaeb;sonstiges/2 Jahre.X83
18;AKS: 1111_FE...._Handfeuerlöscher Schaum 9kg - frostsicher;2,0;Stck;gaeb;sonstiges/2 Jahre.X83
19;AKS: 1111_FE...._Handfeuerlöscher Pulver 6kg;5,0;Stck;gaeb;sonstiges/2 Jahre.X83
20;AKS: 1111_FE...._Handfeuerlöscher Wasser 6l;6,0;Stck;gaeb;sonstiges/2 Jahre.X83
21;AKS: 1111_;1,0;psch;gaeb;sonstiges/2 Jahre.X83
22;AKS: 1111_;1,0;psch;gaeb;sonstiges/2 Jahre.X83
23;AKS: 1111_;1,0;psch;gaeb;sonstiges/2 Jahre.X83
1;Gebäudeautomation;1,0;psch;gaeb;sonstiges/2 Jahre.X83
1;Außentüren;1,0;psch;gaeb;sonstiges/2 Jahre.X83
1;Brand- und Rauchschutztüren;1,0;psch;gaeb;sonstiges/2 Jahre.X83
1;AKS: 1112_WK42201_Wärmeverteilnetz mit Raumheizflächen;1,0;psch;gaeb;sonstiges/2 Jahre.X83
1;RLT - Gerät  Antennenmess- u. Hörlabor;1,0;psch;gaeb;sonstiges/2 Jahre.X83
2;Kälteanlage - Lüftungsanlage;1,0;psch;gaeb;sonstiges/2 Jahre.X83
3;Anlagen ohne Dampfbefeuchter (alle 3 Jahre);1,0;psch;gaeb;sonstiges/2 Jahre.X83
4;Reinigung (innen) , RLT - Gerät incl. der Komponeten, nach VDI 6022 bzw. Herstellerangabe u. dgl., im manuellen Wisch- und Absaug -/ Dampfreinigerverfahren, alle Bauteile / - elemente komplett, incl. anschliesender Wisch -/ Sprühdesinfektion, einschl. notwendiges Material bzw. Hilfsstoffe.;1,0;psch;gaeb;sonstiges/2 Jahre.X83
5;"Reinigung (außen), komplettes RLT - Gerät incl. der Komponeten, im manuellen Wisch - und Absaugverfahren, alle zugänglichen Bauteile /- Elemente ; einschl . Reinigungsmittel und Verbrauchsmaterial.";1,0;psch;gaeb;sonstiges/2 Jahre.X83
1;Niederspannungshauptverteilung;1,0;psch;gaeb;sonstiges/2 Jahre.X83
2;Niederspannungshauptverteilung;1,0;psch;gaeb;sonstiges/2 Jahre.X83
3;Niederspannungsinstallationsanlage;1,0;psch;gaeb;sonstiges/2 Jahre.X83
4;Niederspannungsinstallationsanlage;1,0;psch;gaeb;sonstiges/2 Jahre.X83
5;Allgemeinbeleuchtung;1,0;psch;gaeb;sonstiges/2 Jahre.X83
6;Sicherheitsbeleuchtung;1,0;psch;gaeb;sonstiges/2 Jahre.X83
7;Blitzschutz und Erdungsanlagen;1,0;psch;gaeb;sonstiges/2 Jahre.X83
8;Blitzschutz und Erdungsanlagen;1,0;psch;gaeb;sonstiges/2 Jahre.X83
1;Gebäudeautomation;1,0;psch;gaeb;sonstiges/2 Jahre.X83
1;Außentüren;1,0;psch;gaeb;sonstiges/2 Jahre.X83
1;Brand- und Rauchschutztüren;1,0;psch;gaeb;sonstiges/2 Jahre.X83
1;Abwasser- Wasser- und Gasanlagen - Wasserverwendung;1,0;psch;gaeb;sonstiges/2 Jahre.X83
2;AKS: 1114_AB41101_Abwasserführung;1,0;psch;gaeb;sonstiges/2 Jahre.X83
1;AKS: 1114_WK42201_Wärmeverteilnetz mit Raumheizflächen;1,0;psch;gaeb;sonstiges/2 Jahre.X83
1;AKS: 1141_LU54542_Splitklimagerät;1,0;psch;gaeb;sonstiges/2 Jahre.X83
2;AKS: 9031_LU43501_Splitklimagerät_ULK3_R202;1,0;psch;gaeb;sonstiges/2 Jahre.X83
3;AKS: 9031_LU43502_Splitklimagerät_ULK4_R202;1,0;psch;gaeb;sonstiges/2 Jahre.X83
1;Niederspannungshauptverteilung;1,0;psch;gaeb;sonstiges/2 Jahre.X83
2;Niederspannungshauptverteilung;1,0;psch;gaeb;sonstiges/2 Jahre.X83
3;Niederspannungsinstallationsanlage;1,0;psch;gaeb;sonstiges/2 Jahre.X83
4;Niederspannungsinstallationsanlage;1,0;psch;gaeb;sonstiges/2 Jahre.X83
5;Allgemeinbeleuchtung;1,0;psch;gaeb;sonstiges/2 Jahre.X83
6;Sicherheitsbeleuchtung;1,0;psch;gaeb;sonstiges/2 Jahre.X83
7;Blitzschutz und Erdungsanlagen;1,0;psch;gaeb;sonstiges/2 Jahre.X83
8;Blitzschutz und Erdungsanlagen;1,0;psch;gaeb;sonstiges/2 Jahre.X83
1;Außentüren;1,0;psch;gaeb;sonstiges/2 Jahre.X83
2;Anlagentyp: mechanisch -über Handgestänge- öffenbare Fenster;1,0;psch;gaeb;sonstiges/2 Jahre.X83
3;Außenliegender Sonnenschutz;1,0;psch;gaeb;sonstiges/2 Jahre.X83
4;Außenliegender Sonnenschutz;1,0;psch;gaeb;sonstiges/2 Jahre.X83
1;Brand- und Rauchschutztüren;1,0;psch;gaeb;sonstiges/2 Jahre.X83
2;AKS: 1115_IT34403;1,0;psch;gaeb;sonstiges/2 Jahre.X83
3;AKS: 1115_IT34404;1,0;psch;gaeb;sonstiges/2 Jahre.X83
4;Verdunklungsrollos;1,0;psch;gaeb;sonstiges/2 Jahre.X83
5;Senkrechtlamellenvorhänge;1,0;psch;gaeb;sonstiges/2 Jahre.X83
6;Senkrechtlamellenvorhänge;1,0;psch;gaeb;sonstiges/2 Jahre.X83
7;Mobile Raumtrennwand;1,0;psch;gaeb;sonstiges/2 Jahre.X83
1;AKS: 1115_WA41201_Wasserverwendung;1,0;psch;gaeb;sonstiges/2 Jahre.X83
2;AKS: 1115_AB41101_Abwasserführung;1,0;psch;gaeb;sonstiges/2 Jahre.X83
3;AKS: 1115_AB54102_Abwasseranlage Abläufe;1,0;psch;gaeb;sonstiges/2 Jahre.X83
1;AKS: 1115_WK42201_Wärmeverteilnetz mit Raumheizflächen;1,0;psch;gaeb;sonstiges/2 Jahre.X83
1;AKS: 1115_LU43201_Menergazentralgerät;1,0;psch;gaeb;sonstiges/2 Jahre.X83
2;Anlagen ohne Dampfbefeuchter (alle 3 Jahre);1,0;psch;gaeb;sonstiges/2 Jahre.X83
3;Reinigung (innen) , RLT - Gerät incl. der Komponeten, nach VDI 6022 bzw. Herstellerangabe u. dgl., im manuellen Wisch- und Absaug -/ Dampfreinigerverfahren, alle Bauteile / - elemente komplett, incl. anschliesender Wisch -/ Sprühdesinfektion, einschl. notwendiges Material bzw. Hilfsstoffe.;1,0;psch;gaeb;sonstiges/2 Jahre.X83
4;"Reinigung (außen), komplettes RLT - Gerät incl. der Komponeten, im manuellen Wisch - und Absaugverfahren, alle zugänglichen Bauteile /- Elemente ; einschl . Reinigungsmittel und Verbrauchsmaterial.";1,0;psch;gaeb;sonstiges/2 Jahre.X83
5;AKS: 1115_AL43101_L2 Kfz Abluft;1,0;psch;gaeb;sonstiges/2 Jahre.X83
6;AKS: 1115_AL43104_Abluft Flaschengasschränke;1,0;psch;gaeb;sonstiges/2 Jahre.X83
7;AKS: 1115_LU43203_Zu-/Abluftanlage Prüfmaschine R1050;1,0;psch;gaeb;sonstiges/2 Jahre.X83
8;AKS: 1115_LU43199_Brandschutzklappen;87,0;Stck;gaeb;sonstiges/2 Jahre.X83
9;AKS: 1115_LU43205_Kassettendeckenklimagerät_2.190m³/h;1,0;Stck;gaeb;sonstiges/2 Jahre.X83
10;AKS: 1115_LU43204_Kassettendeckenklimagerät_1.100m³/h;4,0;Stck;gaeb;sonstiges/2 Jahre.X83
11;AKS: 1115_LU43203_Kassettendeckenklimagerät_1.670m³/h;9,0;Stck;gaeb;sonstiges/2 Jahre.X83
12;AKS: 1115_WK43504_Präzisionsklimaschrank_2800m³;3,0;Stck;gaeb;sonstiges/2 Jahre.X83
13;AKS: 1115_WK43503_Präzisionsklimaschrank_4640m³;1,0;Stck;gaeb;sonstiges/2 Jahre.X83
14;AKS: 1115_RW43101_Entrauchungsfenster Dach;1,0;psch;gaeb;sonstiges/2 Jahre.X83
1;AKS: 1115_WK43501_Kühlwasserverteilung primär;1,0;psch;gaeb;sonstiges/2 Jahre.X83
2;AKS: 1115_WK43502_Dosieranlage für Kühlturm;1,0;psch;gaeb;sonstiges/2 Jahre.X83
3;AKS: 1115_WK43503_Kühlwasserverteilung Sekundärkreise;1,0;psch;gaeb;sonstiges/2 Jahre.X83
1;Niederspannungshauptverteilung;1,0;psch;gaeb;sonstiges/2 Jahre.X83
2;Niederspannungshauptverteilung;1,0;psch;gaeb;sonstiges/2 Jahre.X83
3;Niederspannungsinstallationsanlage;1,0;psch;gaeb;sonstiges/2 Jahre.X83
4;Niederspannungsinstallationsanlage;1,0;psch;gaeb;sonstiges/2 Jahre.X83
5;Allgemeinbeleuchtung;1,0;psch;gaeb;sonstiges/2 Jahre.X83
6;Sicherheitsbeleuchtung;1,0;psch;gaeb;sonstiges/2 Jahre.X83
7;Blindstromkompensation;1,0;psch;gaeb;sonstiges/2 Jahre.X83
8;Blindstromkompensation;1,0;psch;gaeb;sonstiges/2 Jahre.X83
9;AKS: 1115_DA36301_Elektrisch beheizbare Wasserlaufflächen;1,0;psch;gaeb;sonstiges/2 Jahre.X83
10;Unterbrechungsfreie Stromversorgung;1,0;psch;gaeb;sonstiges/2 Jahre.X83
11;Blitzschutz und Erdungsanlagen;1,0;psch;gaeb;sonstiges/2 Jahre.X83
12;Blitzschutz und Erdungsanlagen;1,0;psch;gaeb;sonstiges/2 Jahre.X83
1;Brandmeldeanlage (BMA);1,0;psch;gaeb;sonstiges/2 Jahre.X83
2;Austausch und Inbetriebnahme eines Brandmelders vom Typ OT;1,0;Stck;gaeb;sonstiges/2 Jahre.X83
3;Einbruchmeldeanlage (EMA);1,0;psch;gaeb;sonstiges/2 Jahre.X83
4;AKS: 1115_SU45201_Such- und Signalanlage;1,0;psch;gaeb;sonstiges/2 Jahre.X83
1;Personenaufzug;1,0;psch;gaeb;sonstiges/2 Jahre.X83
1;AKS: 1115_FE47401_Handfeuerlöscher CO 2 2kg;3,0;Stck;gaeb;sonstiges/2 Jahre.X83
2;AKS: 1115_FE47401_Handfeuerlöscher CO2 30kg;1,0;Stck;gaeb;sonstiges/2 Jahre.X83
3;AKS: 1115_FE47401_Handfeuerlöscher CO2 5kg;21,0;Stck;gaeb;sonstiges/2 Jahre.X83
4;AKS: 1115_FE47401_Handfeuerlöscher Schaum 6kg;40,0;Stck;gaeb;sonstiges/2 Jahre.X83
5;AKS:1115_GG47301_Drucklufterzeugung;1,0;psch;gaeb;sonstiges/2 Jahre.X83
6;AKS: 1115_GG47301_Druckgefäß MB38535411;1,0;psch;gaeb;sonstiges/2 Jahre.X83
7;AKS: 1135_GG47301_Druckluft-Verteilsystem;1,0;psch;gaeb;sonstiges/2 Jahre.X83
8;AKS: 1115_LA47501_Labortische mit Elektro-Versorgung;22,0;Stck;gaeb;sonstiges/2 Jahre.X83
9;AKS: 1115_LA47702_Sicherheitsschrank_Druckgasflaschen;3,0;Stck;gaeb;sonstiges/2 Jahre.X83
10;AKS: 1115_ME47301_Medienschränke_Räume: 1901 bis 1911;13,0;Stck;gaeb;sonstiges/2 Jahre.X83
11;AKS: 1115_PG47301_Stickstoffvers._Flaschenschrank 50l;2,0;Stck;gaeb;sonstiges/2 Jahre.X83
12;AKS: 1115_PG47302_Sauerstoffversorgungsanlage_Flaschen;2,0;Stck;gaeb;sonstiges/2 Jahre.X83
13;AKS: 1115_PG47303_Argonversorgungsanlage;2,0;Stck;gaeb;sonstiges/2 Jahre.X83
14;AKS: 1115_PG47304_Heliumversorgungsanlage;2,0;Stck;gaeb;sonstiges/2 Jahre.X83
15;1115_PG47305_Gasversorgung_Prozessgase;2,0;Stck;gaeb;sonstiges/2 Jahre.X83
1;Gebäudeautomation;1,0;psch;gaeb;sonstiges/2 Jahre.X83
1;Außentüren;1,0;psch;gaeb;sonstiges/2 Jahre.X83
2;Rolltore/Sektionaltore;1,0;psch;gaeb;sonstiges/2 Jahre.X83
1;Brand- und Rauchschutztüren;1,0;psch;gaeb;sonstiges/2 Jahre.X83
1;AKS: 1117_WA41201_Wasserverwendung;1,0;psch;gaeb;sonstiges/2 Jahre.X83
2;AKS:1117_AB41101_Abwasserführung;1,0;psch;gaeb;sonstiges/2 Jahre.X83
1;AKS: 1117_WK42201_Wärmeverteilnetz mit Raumheizflächen;1,0;psch;gaeb;sonstiges/2 Jahre.X83
1;Abluft Technikräume -  Rohrventilator;1,0;psch;gaeb;sonstiges/2 Jahre.X83
2;Abluft WC - Rohrventilator;1,0;psch;gaeb;sonstiges/2 Jahre.X83
3;AKS: 1117_LU43199_Brandschutzklappen;5,0;Stck;gaeb;sonstiges/2 Jahre.X83
1;Niederspannungshauptverteilung;1,0;psch;gaeb;sonstiges/2 Jahre.X83
2;Niederspannungshauptverteilung;1,0;psch;gaeb;sonstiges/2 Jahre.X83
3;Niederspannungshauptverteilung 2 Kunststoff:;1,0;psch;gaeb;sonstiges/2 Jahre.X83
4;Niederspannungshauptverteilung 2 Kunststoff:;1,0;psch;gaeb;sonstiges/2 Jahre.X83
5;Niederspannungsinstallationsanlage;1,0;psch;gaeb;sonstiges/2 Jahre.X83
6;Unterverteilung - Allgemein 1.1;1,0;psch;gaeb;sonstiges/2 Jahre.X83
7;Unterverteilung 1;1,0;psch;gaeb;sonstiges/2 Jahre.X83
8;Unterverteilung 2;1,0;psch;gaeb;sonstiges/2 Jahre.X83
9;Unterverteilung 3;1,0;psch;gaeb;sonstiges/2 Jahre.X83
10;Unterverteilung 4;1,0;psch;gaeb;sonstiges/2 Jahre.X83
11;Unterverteilung 5;1,0;psch;gaeb;sonstiges/2 Jahre.X83
12;Unterverteilung 6;1,0;psch;gaeb;sonstiges/2 Jahre.X83
13;Niederspannungsinstallationsanlage und Unterverteiler 1-6;1,0;psch;gaeb;sonstiges/2 Jahre.X83
14;Allgemeinbeleuchtung;1,0;psch;gaeb;sonstiges/2 Jahre.X83
15;Sicherheitsbeleuchtung;1,0;psch;gaeb;sonstiges/2 Jahre.X83
16;Blitzschutz und Erdungsanlagen;1,0;psch;gaeb;sonstiges/2 Jahre.X83
17;Blitzschutz und Erdungsanlagen;1,0;psch;gaeb;sonstiges/2 Jahre.X83
1;Brandmeldeanlage (BMA);1,0;psch;gaeb;sonstiges/2 Jahre.X83
2;Austausch und Inbetriebnahme eines Brandmelders vom Typ O2T;1,0;Stck;gaeb;sonstiges/2 Jahre.X83
3;Austausch und Inbetriebnahme eines Brandmelders vom Typ O;1,0;Stck;gaeb;sonstiges/2 Jahre.X83
1;AKS: 1117_GG47301_Drucklufterzeugung;1,0;psch;gaeb;sonstiges/2 Jahre.X83
2;AKS: 1117_GG47301_Druckluft-Verteilsystem;1,0;psch;gaeb;sonstiges/2 Jahre.X83
3;AKS: 1117_FE...._Handfeuerlöscher CO 2 2kg;2,0;Stck;gaeb;sonstiges/2 Jahre.X83
4;AKS: 1117_FE...._Handfeuerlöscher CO2 5kg;5,0;Stck;gaeb;sonstiges/2 Jahre.X83
5;AKS: 1117_FE...._Handfeuerlöscher Schaum 9kg - frostsicher;4,0;Stck;gaeb;sonstiges/2 Jahre.X83
1;Gebäudeautomation;1,0;psch;gaeb;sonstiges/2 Jahre.X83
1;Niederspannungsinstallationsanlage;1,0;psch;gaeb;sonstiges/2 Jahre.X83
2;Niederspannungsinstallationsanlage;1,0;psch;gaeb;sonstiges/2 Jahre.X83
1;Außentüren;1,0;psch;gaeb;sonstiges/2 Jahre.X83
2;Krafbetätigte GebäudezugangstürSüd;1,0;psch;gaeb;sonstiges/2 Jahre.X83
3;Krafbetätigte Sektionaltore;1,0;psch;gaeb;sonstiges/2 Jahre.X83
4;Fenster elektrisch öffenbar;1,0;psch;gaeb;sonstiges/2 Jahre.X83
1;Brand- und Rauchschutztüren;1,0;psch;gaeb;sonstiges/2 Jahre.X83
2;Krafbetätigte GebäudezugangstürSüd;1,0;psch;gaeb;sonstiges/2 Jahre.X83
3;Verdunklungsrollos;1,0;psch;gaeb;sonstiges/2 Jahre.X83
4;Mobile Trennwand;1,0;psch;gaeb;sonstiges/2 Jahre.X83
1;Rauchschutzvorhänge in den Magistralen;1,0;psch;gaeb;sonstiges/2 Jahre.X83
2;Tafelanlagen;1,0;psch;gaeb;sonstiges/2 Jahre.X83
1;AKS: 1122_WA41201_Wasserverwendung;1,0;psch;gaeb;sonstiges/2 Jahre.X83
2;AKS: 1122_AB41101_Hebeanlage für Bodeneinläufe;1,0;psch;gaeb;sonstiges/2 Jahre.X83
3;AKS: 1122_AB41101_Abwasserführung;1,0;psch;gaeb;sonstiges/2 Jahre.X83
4;AKS: 1122_AB54101_Gebäudeentwässerung Abläufe;1,0;psch;gaeb;sonstiges/2 Jahre.X83
1;AKS: 1122_WK42001_Wärmeverteilnetz mit Raumheizflächen;1,0;psch;gaeb;sonstiges/2 Jahre.X83
1;AKS: 1122_AL43101_Abluft Labor BT A;1,0;psch;gaeb;sonstiges/2 Jahre.X83
2;AKS: 1122_AL43102_Abluft WC BT A;1,0;psch;gaeb;sonstiges/2 Jahre.X83
3;AKS: 1122_AL43103_Abluft WC BT C+F;1,0;psch;gaeb;sonstiges/2 Jahre.X83
4;AKS: 1122_AL43104_Abluft WC BT D;1,0;psch;gaeb;sonstiges/2 Jahre.X83
5;AKS: 1122_AL43105_Abluft WC BT G;1,0;psch;gaeb;sonstiges/2 Jahre.X83
6;AKS: 1122_AL43107_Abluft Teeküche BT A;1,0;psch;gaeb;sonstiges/2 Jahre.X83
7;"AKS: 1122_LU43203_Teilklimaanlage_BT B;C und D";3,0;Stck;gaeb;sonstiges/2 Jahre.X83
8;Anlagen ohne Dampfbefeuchter (alle 3 Jahre);1,0;psch;gaeb;sonstiges/2 Jahre.X83
9;Reinigung (innen) , RLT - Gerät incl. der Komponeten, nach VDI 6022 bzw. Herstellerangabe u. dgl., im manuellen Wisch- und Absaug -/ Dampfreinigerverfahren, alle Bauteile / - elemente komplett, incl. anschliesender Wisch -/ Sprühdesinfektion, einschl. notwendiges Material bzw. Hilfsstoffe.;1,0;psch;gaeb;sonstiges/2 Jahre.X83
10;"Reinigung (außen), komplettes RLT - Gerät incl. der Komponeten, im manuellen Wisch - und Absaugverfahren, alle zugänglichen Bauteile /- Elemente ; einschl . Reinigungsmittel und Verbrauchsmaterial.";1,0;psch;gaeb;sonstiges/2 Jahre.X83
11;AKS: 1122_LU43199_Brandschutzklappen;131,0;Stck;gaeb;sonstiges/2 Jahre.X83
12;AKS: 1122_LU43201_ULKs;34,0;Stck;gaeb;sonstiges/2 Jahre.X83
13;AKS: 1122_LU43202_Klimaschränke;10,0;Stck;gaeb;sonstiges/2 Jahre.X83
14;AKS: 1122_RW43101_RWA TrH SW;1,0;psch;gaeb;sonstiges/2 Jahre.X83
15;AKS: 1122_RW43102_RWA Mittelzonen BT D-E;1,0;psch;gaeb;sonstiges/2 Jahre.X83
16;AKS: 11122_RW43103_RWA Mittelzonen BT B-G;1,0;psch;gaeb;sonstiges/2 Jahre.X83
1;AKS: 1122_WK43401_Kälteanlage m. Verteilernetz_780KW;1,0;psch;gaeb;sonstiges/2 Jahre.X83
2;AKS: 1122_WK43402_Kälteanlage m. Verteilernetz_250KW;1,0;psch;gaeb;sonstiges/2 Jahre.X83
1;Niederspannungshauptverteilung (T8.1) für Zusebau;1,0;psch;gaeb;sonstiges/2 Jahre.X83
2;Niederspannungshauptverteilung (T8.2) für Grace-Hopper-Bau , Einspeisung NSHV 2;1,0;psch;gaeb;sonstiges/2 Jahre.X83
3;Niederspannungshauptverteilungen NSHV1 und NSHV2;1,0;psch;gaeb;sonstiges/2 Jahre.X83
4;Niederspannungsinstallationsanlage;1,0;psch;gaeb;sonstiges/2 Jahre.X83
5;Niederspannungsinstallationsanlage;1,0;psch;gaeb;sonstiges/2 Jahre.X83
6;Allgemeinbeleuchtung;1,0;psch;gaeb;sonstiges/2 Jahre.X83
7;Sicherheitsbeleuchtung;1,0;psch;gaeb;sonstiges/2 Jahre.X83
8;Blindstromkompensation;1,0;psch;gaeb;sonstiges/2 Jahre.X83
9;Blindstromkompensation;1,0;psch;gaeb;sonstiges/2 Jahre.X83
10;Unterbrechungsfreie Stromversorgung;1,0;psch;gaeb;sonstiges/2 Jahre.X83
11;Anlagentyp:Elektrisches Begleitsystem (Heizbänder) in den Fallrohren der Dachentwässerung.;1,0;psch;gaeb;sonstiges/2 Jahre.X83
12;Blitzschutz und Erdungsanlagen;1,0;psch;gaeb;sonstiges/2 Jahre.X83
13;Blitzschutz und Erdungsanlagen;1,0;psch;gaeb;sonstiges/2 Jahre.X83
1;Brandmeldeanlage (BMA);1,0;psch;gaeb;sonstiges/2 Jahre.X83
2;Austausch und Inbetriebnahme eines Brandmelders vom Typ O2T;1,0;Stck;gaeb;sonstiges/2 Jahre.X83
3;Austausch und Inbetriebnahme eines Brandmelders vom Typ O2T mit Sounder;1,0;Stck;gaeb;sonstiges/2 Jahre.X83
4;AKS: 1122_SU45201_Such- und Signalanlage;1,0;psch;gaeb;sonstiges/2 Jahre.X83
1;Personenaufzug;1,0;psch;gaeb;sonstiges/2 Jahre.X83
2;Personenaufzug;1,0;psch;gaeb;sonstiges/2 Jahre.X83
1;AKS: 1122_GG47301_Druckluft;1,0;psch;gaeb;sonstiges/2 Jahre.X83
2;AKS: 1122_GG47301_Druckluft_Verteilersystem;1,0;psch;gaeb;sonstiges/2 Jahre.X83
3;AKS: 1122_FE47401_Handfeuerlöscher CO2_ 2kg;3,0;Stck;gaeb;sonstiges/2 Jahre.X83
4;AKS: 1122_FE47401_Handfeuerlöscher CO2_ 5kg;23,0;Stck;gaeb;sonstiges/2 Jahre.X83
5;AKS: 1122_FE47401;1,0;Stck;gaeb;sonstiges/2 Jahre.X83
6;AKS: 1122_FE47401_Handfeuerlöscher Pulver 12kg;4,0;Stck;gaeb;sonstiges/2 Jahre.X83
7;AKS: 1122_FE47401_Handfeuerlöscher Schaum 6l;14,0;Stck;gaeb;sonstiges/2 Jahre.X83
8;AKS: 1122_FE47401_Handfeuerlöscher Schaum 9l;5,0;Stck;gaeb;sonstiges/2 Jahre.X83
9;AKS: 1122_FE47401;55,0;Stck;gaeb;sonstiges/2 Jahre.X83
10;AKS: 1122_FE47402_Löschdecke;2,0;Stck;gaeb;sonstiges/2 Jahre.X83
11;AKS: 1122_;1,0;psch;gaeb;sonstiges/2 Jahre.X83
1;Gebäudeautomation;1,0;psch;gaeb;sonstiges/2 Jahre.X83
1;Außentüren;1,0;psch;gaeb;sonstiges/2 Jahre.X83
2;Krafbetätigte Gebäudezugangstür barrierefrei;1,0;psch;gaeb;sonstiges/2 Jahre.X83
3;Außenliegender Sonnenschutz;1,0;psch;gaeb;sonstiges/2 Jahre.X83
1;Brand- und Rauchschutztüren;1,0;psch;gaeb;sonstiges/2 Jahre.X83
2;Innenliegender Sonnenschutz;1,0;psch;gaeb;sonstiges/2 Jahre.X83
3;Anlagentyp: Vorhänge, händisch betriebene Verdunklung;1,0;psch;gaeb;sonstiges/2 Jahre.X83
4;Mobile Trennwand;1,0;psch;gaeb;sonstiges/2 Jahre.X83
5;Vereinzelungsanlage/Personenschleuse;1,0;psch;gaeb;sonstiges/2 Jahre.X83
6;Kraftbetätigte Tore/Rollgitter;1,0;psch;gaeb;sonstiges/2 Jahre.X83
1;AKS: 1123_WA41201_Wasserverwendung;1,0;psch;gaeb;sonstiges/2 Jahre.X83
2;AKS: 1123_AB41101_Abwasserführung;1,0;psch;gaeb;sonstiges/2 Jahre.X83
3;AKS: 1123_AB41101_Hebeanlage Schmutzwasser R0027;1,0;psch;gaeb;sonstiges/2 Jahre.X83
4;AKS: 1123_AB41102_Hebeanlage Havariewasser R0105;1,0;psch;gaeb;sonstiges/2 Jahre.X83
5;AKS: 1123_AB54101_Gebäudeentwässerung Abläufe;1,0;psch;gaeb;sonstiges/2 Jahre.X83
1;AKS: 1123_WK42001_Wärmeverteilnetz mit Raumheizflächen;1,0;psch;gaeb;sonstiges/2 Jahre.X83
1;AKS: 1123_LU;1,0;psch;gaeb;sonstiges/2 Jahre.X83
2;Anlagen ohne Dampfbefeuchter (alle 3 Jahre);1,0;psch;gaeb;sonstiges/2 Jahre.X83
3;Reinigung (innen) , RLT - Gerät incl. der Komponeten, nach VDI 6022 bzw. Herstellerangabe u. dgl., im manuellen Wisch- und Absaug -/ Dampfreinigerverfahren, alle Bauteile / - elemente komplett, incl. anschliesender Wisch -/ Sprühdesinfektion, einschl. notwendiges Material bzw. Hilfsstoffe.;1,0;psch;gaeb;sonstiges/2 Jahre.X83
4;"Reinigung (außen), komplettes RLT - Gerät incl. der Komponeten, im manuellen Wisch - und Absaugverfahren, alle zugänglichen Bauteile /- Elemente ; einschl . Reinigungsmittel und Verbrauchsmaterial.";1,0;psch;gaeb;sonstiges/2 Jahre.X83
5;AKS: 1123_LU43..._Brandschutzklappen;78,0;Stck;gaeb;sonstiges/2 Jahre.X83
6;AKS: 1123_LU;1,0;psch;gaeb;sonstiges/2 Jahre.X83
7;Anlagen ohne Dampfbefeuchter (alle 3 Jahre);1,0;psch;gaeb;sonstiges/2 Jahre.X83
8;Reinigung (innen) , RLT - Gerät incl. der Komponeten, nach VDI 6022 bzw. Herstellerangabe u. dgl., im manuellen Wisch- und Absaug -/ Dampfreinigerverfahren, alle Bauteile / - elemente komplett, incl. anschliesender Wisch -/ Sprühdesinfektion, einschl. notwendiges Material bzw. Hilfsstoffe.;1,0;psch;gaeb;sonstiges/2 Jahre.X83
9;"Reinigung (außen), komplettes RLT - Gerät incl. der Komponeten, im manuellen Wisch - und Absaugverfahren, alle zugänglichen Bauteile /- Elemente ; einschl . Reinigungsmittel und Verbrauchsmaterial.";1,0;psch;gaeb;sonstiges/2 Jahre.X83
10;AKS: 1123_LU43..._Brandschutzklappen;30,0;Stck;gaeb;sonstiges/2 Jahre.X83
11;AKS: 1123_LU;1,0;psch;gaeb;sonstiges/2 Jahre.X83
12;AKS: 1123_LU43..._Brandschutzklappen;10,0;Stck;gaeb;sonstiges/2 Jahre.X83
13;AKS: 1123_LU;1,0;psch;gaeb;sonstiges/2 Jahre.X83
14;Anlagen ohne Dampfbefeuchter (alle 3 Jahre);1,0;psch;gaeb;sonstiges/2 Jahre.X83
15;Reinigung (innen) , RLT - Gerät incl. der Komponeten, nach VDI 6022 bzw. Herstellerangabe u. dgl., im manuellen Wisch- und Absaug -/ Dampfreinigerverfahren, alle Bauteile / - elemente komplett, incl. anschliesender Wisch -/ Sprühdesinfektion, einschl. notwendiges Material bzw. Hilfsstoffe.;1,0;psch;gaeb;sonstiges/2 Jahre.X83
16;"Reinigung (außen), komplettes RLT - Gerät incl. der Komponeten, im manuellen Wisch - und Absaugverfahren, alle zugänglichen Bauteile /- Elemente ; einschl . Reinigungsmittel und Verbrauchsmaterial.";1,0;psch;gaeb;sonstiges/2 Jahre.X83
17;AKS: 1123_LU43..._Brandschutzklappen;2,0;Stck;gaeb;sonstiges/2 Jahre.X83
18;AKS: 1123_LU;1,0;psch;gaeb;sonstiges/2 Jahre.X83
19;AKS: 1123_LU43..._Entrauchungsklappen;3,0;Stck;gaeb;sonstiges/2 Jahre.X83
20;AKS: 1123_LU;1,0;psch;gaeb;sonstiges/2 Jahre.X83
21;AKS: 1123_AL... für R0015;1,0;psch;gaeb;sonstiges/2 Jahre.X83
22;AKS: 1123_AL... für R0016;1,0;psch;gaeb;sonstiges/2 Jahre.X83
23;AKS: 1123_AL... für R0017;1,0;psch;gaeb;sonstiges/2 Jahre.X83
24;AKS: 1123_AL... für R0017;1,0;psch;gaeb;sonstiges/2 Jahre.X83
25;AKS: 1123_;1,0;psch;gaeb;sonstiges/2 Jahre.X83
26;AKS: 1123_LU43..._Entrauchungsklappen;7,0;Stck;gaeb;sonstiges/2 Jahre.X83
27;AKS: 1123...;1,0;Stck;gaeb;sonstiges/2 Jahre.X83
28;AKS: 1123...;1,0;Stck;gaeb;sonstiges/2 Jahre.X83
29;AKS: 1123...;3,0;Stck;gaeb;sonstiges/2 Jahre.X83
30;AKS: 1123...;3,0;Stck;gaeb;sonstiges/2 Jahre.X83
31;AKS: 1123...;3,0;Stck;gaeb;sonstiges/2 Jahre.X83
32;AKS: 1123...;3,0;Stck;gaeb;sonstiges/2 Jahre.X83
33;AKS: 1123...;1,0;Stck;gaeb;sonstiges/2 Jahre.X83
34;AKS: 1123...;1,0;Stck;gaeb;sonstiges/2 Jahre.X83
35;AKS: 1123...;1,0;Stck;gaeb;sonstiges/2 Jahre.X83
36;AKS: 1123...;1,0;Stck;gaeb;sonstiges/2 Jahre.X83
37;AKS: 1123...;2,0;Stck;gaeb;sonstiges/2 Jahre.X83
38;AKS: 1123...;1,0;Stck;gaeb;sonstiges/2 Jahre.X83
39;AKS: 1123...;1,0;Stck;gaeb;sonstiges/2 Jahre.X83
40;AKS: 1123...;1,0;Stck;gaeb;sonstiges/2 Jahre.X83
41;AKS: 1123...;2,0;Stck;gaeb;sonstiges/2 Jahre.X83
42;AKS: 1123...;2,0;Stck;gaeb;sonstiges/2 Jahre.X83
43;AKS: 1123...;1,0;Stck;gaeb;sonstiges/2 Jahre.X83
44;AKS: 1123...;1,0;Stck;gaeb;sonstiges/2 Jahre.X83
45;AKS: 1123...;1,0;Stck;gaeb;sonstiges/2 Jahre.X83
46;AKS: 1123...;1,0;Stck;gaeb;sonstiges/2 Jahre.X83
47;AKS: 1123...;1,0;Stck;gaeb;sonstiges/2 Jahre.X83
48;AKS: 1123...;1,0;Stck;gaeb;sonstiges/2 Jahre.X83
49;AKS: 1123...;1,0;Stck;gaeb;sonstiges/2 Jahre.X83
50;AKS: 1123...;1,0;Stck;gaeb;sonstiges/2 Jahre.X83
51;AKS: 1123...;18,0;Stck;gaeb;sonstiges/2 Jahre.X83
52;AKS: 1123...;9,0;Stck;gaeb;sonstiges/2 Jahre.X83
53;AKS: 1123...;2,0;Stck;gaeb;sonstiges/2 Jahre.X83
54;AKS: 1123...;1,0;psch;gaeb;sonstiges/2 Jahre.X83
55;AKS: 1123...;1,0;psch;gaeb;sonstiges/2 Jahre.X83
56;AKS: 1123...;1,0;psch;gaeb;sonstiges/2 Jahre.X83
1;AKS: 1123...;1,0;psch;gaeb;sonstiges/2 Jahre.X83
2;AKS: 1123..;1,0;psch;gaeb;sonstiges/2 Jahre.X83
3;AKS: 1123..;1,0;psch;gaeb;sonstiges/2 Jahre.X83
4;AKS: 1123..;1,0;psch;gaeb;sonstiges/2 Jahre.X83
5;Beginn hinter den Anschlussflaschen / Kompensatoren der jeweiliger Kälteschine. Weiter über Rohleitungnetz vom Dach bis ins Kellergeschoss zu Wärmeübertrager 3, dient zur Trennung vom glykolzugesetzten Außenkreis (35% Glycolanteil) )zu Kühlwasser im Gebäude.mit gewerkespezifischen Komponenten wie Ab;1,0;psch;gaeb;sonstiges/2 Jahre.X83
6;AKS: 1123...;1,0;psch;gaeb;sonstiges/2 Jahre.X83
1;Niederspannungshauptverteilung;1,0;psch;gaeb;sonstiges/2 Jahre.X83
2;Niederspannungshauptverteilung;1,0;psch;gaeb;sonstiges/2 Jahre.X83
3;Niederspannungshauptverteilungen;1,0;psch;gaeb;sonstiges/2 Jahre.X83
4;Niederspannungsinstallationsanlage;1,0;psch;gaeb;sonstiges/2 Jahre.X83
5;Niederspannungsinstallationsanlage;1,0;psch;gaeb;sonstiges/2 Jahre.X83
6;Frostschutz Flachdacheinlauf;1,0;psch;gaeb;sonstiges/2 Jahre.X83
7;Allgemeinbeleuchtung;1,0;psch;gaeb;sonstiges/2 Jahre.X83
8;Sicherheitsbeleuchtung;1,0;psch;gaeb;sonstiges/2 Jahre.X83
9;Netzersatzanlage;1,0;psch;gaeb;sonstiges/2 Jahre.X83
10;Netzersatzanlage;1,0;psch;gaeb;sonstiges/2 Jahre.X83
11;Unterbrechungsfreie Stromversorgung;1,0;psch;gaeb;sonstiges/2 Jahre.X83
12;Unterbrechungsfreie Stromversorgung;1,0;psch;gaeb;sonstiges/2 Jahre.X83
13;Blitzschutz und Erdungsanlagen;1,0;psch;gaeb;sonstiges/2 Jahre.X83
14;Blitzschutz und Erdungsanlagen;1,0;psch;gaeb;sonstiges/2 Jahre.X83
1;Brandmeldeanlage (BMA);1,0;psch;gaeb;sonstiges/2 Jahre.X83
2;Austausch und Inbetriebnahme eines Brandmelders vom Typ O2T;1,0;Stck;gaeb;sonstiges/2 Jahre.X83
3;Austausch und Inbetriebnahme eines Brandmelders vom Typ O2T mit Sounder;1,0;Stck;gaeb;sonstiges/2 Jahre.X83
4;Gebäudefunkanlage (BOS);1,0;psch;gaeb;sonstiges/2 Jahre.X83
5;AKS: 1123....;1,0;psch;gaeb;sonstiges/2 Jahre.X83
1;Personenaufzug;1,0;psch;gaeb;sonstiges/2 Jahre.X83
1;AKS: 1123_FE...._Handfeuerlöscher CO 2 2kg;4,0;Stck;gaeb;sonstiges/2 Jahre.X83
2;AKS: 1123_FE...._Handfeuerlöscher CO2 5kg;9,0;Stck;gaeb;sonstiges/2 Jahre.X83
3;AKS: 1123_FE...._Handfeuerlöscher Schaum 6kg;4,0;Stck;gaeb;sonstiges/2 Jahre.X83
4;AKS: 1123_FE...._Handfeuerlöscher Schaum 6kg - frostsicher;18,0;Stck;gaeb;sonstiges/2 Jahre.X83
5;Tanklager Diesel 10.000 Liter;1,0;psch;gaeb;sonstiges/2 Jahre.X83
6;AKS: 1123_;1,0;psch;gaeb;sonstiges/2 Jahre.X83
7;AKS: 1123_FE47401_Feuerlöschanlage N2;1,0;psch;gaeb;sonstiges/2 Jahre.X83
1;Gebäudeautomation;1,0;psch;gaeb;sonstiges/2 Jahre.X83
1;AKS: 1123_AB41103_Hebeanlage Regenwasser;1,0;psch;gaeb;sonstiges/2 Jahre.X83
1;Außentüren;1,0;psch;gaeb;sonstiges/2 Jahre.X83
1;Brand- und Rauchschutztüren;1,0;psch;gaeb;sonstiges/2 Jahre.X83
1;Tafelanlagen;1,0;psch;gaeb;sonstiges/2 Jahre.X83
1;AKS: 1132_WA41201_Wasserverwendung;1,0;psch;gaeb;sonstiges/2 Jahre.X83
2;AKS: 1132_AB41101_Abwasserführung;1,0;psch;gaeb;sonstiges/2 Jahre.X83
1;AKS: 1132_WK42201_Wärmeverteilnetz mit Raumheizflächen;1,0;psch;gaeb;sonstiges/2 Jahre.X83
1;RLT - Gerät  Seminar und Besprechungsräume;1,0;psch;gaeb;sonstiges/2 Jahre.X83
2;Anlagen ohne Dampfbefeuchter (alle 3 Jahre);1,0;psch;gaeb;sonstiges/2 Jahre.X83
3;Reinigung (innen) , RLT - Gerät incl. der Komponeten, nach VDI 6022 bzw. Herstellerangabe u. dgl., im manuellen Wisch- und Absaug -/ Dampfreinigerverfahren, alle Bauteile / - elemente komplett, incl. anschliesender Wisch -/ Sprühdesinfektion, einschl. notwendiges Material bzw. Hilfsstoffe.;1,0;psch;gaeb;sonstiges/2 Jahre.X83
4;"Reinigung (außen), komplettes RLT - Gerät incl. der Komponeten, im manuellen Wisch - und Absaugverfahren, alle zugänglichen Bauteile /- Elemente ; einschl . Reinigungsmittel und Verbrauchsmaterial.";1,0;psch;gaeb;sonstiges/2 Jahre.X83
5;AKS: 1132_LU43116_Kleinraumventilator_WC_H_R1002;1,0;psch;gaeb;sonstiges/2 Jahre.X83
6;AKS: 1132_LU43117_Kleinraumventilator_WC_B_R1003;1,0;psch;gaeb;sonstiges/2 Jahre.X83
7;AKS: 1132_LU43118_Kleinraumventilator_Lager_R1004;1,0;psch;gaeb;sonstiges/2 Jahre.X83
8;AKS: 1132_LU43119_Kleinraumventilator_HAR_FW_R1006;1,0;psch;gaeb;sonstiges/2 Jahre.X83
9;AKS: 1132_LU43120_Kleinraumventilator_WC_D_R1030;1,0;psch;gaeb;sonstiges/2 Jahre.X83
10;AKS: 1132_LU43121_Kleinraumventilator_Lager_R1032;1,0;psch;gaeb;sonstiges/2 Jahre.X83
11;AKS: 1132_LU43122_Kleinraumventilator_WC_H_R2002;1,0;psch;gaeb;sonstiges/2 Jahre.X83
12;AKS: 1132_LU43123_Kleinraumventilator_Kopie1_R2003;1,0;psch;gaeb;sonstiges/2 Jahre.X83
13;AKS: 1132_LU43124_Kleinraumventilator_WC_D_R2030;1,0;psch;gaeb;sonstiges/2 Jahre.X83
14;AKS: 1132_LU43125_Kleinraumventilator_WC_H_R2032;1,0;psch;gaeb;sonstiges/2 Jahre.X83
15;AKS: 1132_LU43126_Kleinraumventilator_WC_H_R3002;1,0;psch;gaeb;sonstiges/2 Jahre.X83
16;AKS: 1132_LU43127_Kleinraumventilator_Kopie2_R3003;1,0;psch;gaeb;sonstiges/2 Jahre.X83
17;AKS: 1132_LU43128_Kleinraumventilator_WC_D_R3030;1,0;psch;gaeb;sonstiges/2 Jahre.X83
18;AKS: 1132_LU43129_Kleinraumventilator_Abstellraum_R3032;1,0;psch;gaeb;sonstiges/2 Jahre.X83
19;AKS: 1132_LU43130_Kleinraumventilator_WC_H_R4002;1,0;psch;gaeb;sonstiges/2 Jahre.X83
20;AKS: 1132_LU43131_Kleinraumventilator_Kopie3_R4003;1,0;psch;gaeb;sonstiges/2 Jahre.X83
21;AKS: 1132_LU43132_Kleinraumventilator_WC_D_R4030;1,0;psch;gaeb;sonstiges/2 Jahre.X83
22;AKS: 1132_LU43133_Kleinraumventilator_Abstellraum_R4032;1,0;psch;gaeb;sonstiges/2 Jahre.X83
23;AKS: 1132_LU43134_Kleinraumventilator_WC_H_R5002;1,0;psch;gaeb;sonstiges/2 Jahre.X83
24;AKS: 1132_LU43135_Kleinraumventilator_WC_B_R5003;1,0;psch;gaeb;sonstiges/2 Jahre.X83
25;AKS: 1132_LU43136_Kleinraumventilator_WC_D_R5030;1,0;psch;gaeb;sonstiges/2 Jahre.X83
26;AKS: 1132_LU43137_Kleinraumventilator_Abstellraum_R5032;1,0;psch;gaeb;sonstiges/2 Jahre.X83
27;AKS: 1132_LU43138_Kleinraumventilator_Teeküche_R5211;1,0;psch;gaeb;sonstiges/2 Jahre.X83
28;AKS: 1134_LU43199_Brandschutzklappen;26,0;Stck;gaeb;sonstiges/2 Jahre.X83
29;AKS: 1132_LU43101_ULK FK_R1009;1,0;psch;gaeb;sonstiges/2 Jahre.X83
30;AKS: 1132_LU43102_ULK FK_R1009;1,0;psch;gaeb;sonstiges/2 Jahre.X83
31;AKS: 1132_LU43103_ULK FK_R1010;1,0;psch;gaeb;sonstiges/2 Jahre.X83
32;AKS: 1132_LU43104_ULK FK_R1010;1,0;psch;gaeb;sonstiges/2 Jahre.X83
33;AKS: 1132_LU43105_ULK FK_R1011;1,0;psch;gaeb;sonstiges/2 Jahre.X83
34;AKS: 1132_LU43106_ULK FK_R1011;1,0;psch;gaeb;sonstiges/2 Jahre.X83
35;AKS: 1132_LU43107_ULK FK_R1020;1,0;psch;gaeb;sonstiges/2 Jahre.X83
36;AKS: 1132_LU43114_Klimaschrank _R1013;1,0;psch;gaeb;sonstiges/2 Jahre.X83
37;AKS: 1132_LU43115_Klimaschrank _R1013;1,0;psch;gaeb;sonstiges/2 Jahre.X83
38;AKS: 1132_LU43108_ULK FK_R5007;1,0;psch;gaeb;sonstiges/2 Jahre.X83
39;AKS: 1132_LU43109_ULK FK_R5007;1,0;psch;gaeb;sonstiges/2 Jahre.X83
40;AKS: 1132_LU43113_ULK FK_R5010;1,0;psch;gaeb;sonstiges/2 Jahre.X83
41;AKS: 1132_LU43110_ULK FK_R5004;1,0;psch;gaeb;sonstiges/2 Jahre.X83
42;AKS: 1132_LU43111_ULK FK_R5016;1,0;psch;gaeb;sonstiges/2 Jahre.X83
43;AKS: 1132_LU43112_ULK FK_R5017;1,0;psch;gaeb;sonstiges/2 Jahre.X83
44;AKS: 1132_RW43101_RWA TRH;1,0;psch;gaeb;sonstiges/2 Jahre.X83
1;AKS: 1132_WK54501_KWS;1,0;psch;gaeb;sonstiges/2 Jahre.X83
2;AKS: 1132_WK43202_Kühlwasserverteilung Kühlwasser;1,0;psch;gaeb;sonstiges/2 Jahre.X83
3;AKS:;3,0;Stck;gaeb;sonstiges/2 Jahre.X83
1;Niederspannungshauptverteilung;1,0;psch;gaeb;sonstiges/2 Jahre.X83
2;Niederspannungshauptverteilung;1,0;psch;gaeb;sonstiges/2 Jahre.X83
3;Niederspannungsinstallationsanlage;1,0;psch;gaeb;sonstiges/2 Jahre.X83
4;Niederspannungsinstallationsanlage;1,0;psch;gaeb;sonstiges/2 Jahre.X83
5;Allgemeinbeleuchtung;1,0;psch;gaeb;sonstiges/2 Jahre.X83
6;Sicherheitsbeleuchtung;1,0;psch;gaeb;sonstiges/2 Jahre.X83
7;Unterbrechungsfreie Stromversorgung;1,0;psch;gaeb;sonstiges/2 Jahre.X83
8;Blitzschutz und Erdungsanlagen;1,0;psch;gaeb;sonstiges/2 Jahre.X83
9;Blitzschutz und Erdungsanlagen;1,0;psch;gaeb;sonstiges/2 Jahre.X83
1;Brandmeldeanlage (BMA);1,0;psch;gaeb;sonstiges/2 Jahre.X83
2;Austausch und Inbetriebnahme eines Brandmelders vom Typ O2T mit Sounder;1,0;Stck;gaeb;sonstiges/2 Jahre.X83
3;Austausch und Inbetriebnahme eines Brandmelders vom Typ OT;1,0;Stck;gaeb;sonstiges/2 Jahre.X83
4;AKS: 1132....;1,0;psch;gaeb;sonstiges/2 Jahre.X83
1;Personenaufzug;1,0;psch;gaeb;sonstiges/2 Jahre.X83
1;AKS: 1132_FE...._Handfeuerlöscher CO 2 2kg;5,0;Stck;gaeb;sonstiges/2 Jahre.X83
2;AKS: 1132_FE...._Handfeuerlöscher CO2 5kg;1,0;Stck;gaeb;sonstiges/2 Jahre.X83
3;AKS: 1132_FE...._Handfeuerlöscher Schaum 6kg;3,0;Stck;gaeb;sonstiges/2 Jahre.X83
4;AKS: 1132_FE...._Handfeuerlöscher Schaum 6kg;4,0;Stck;gaeb;sonstiges/2 Jahre.X83
5;AKS: 1132_FE...._Handfeuerlöscher Schaum 6kg - frostsicher;11,0;Stck;gaeb;sonstiges/2 Jahre.X83
1;Gebäudeautomation;1,0;psch;gaeb;sonstiges/2 Jahre.X83
1;Außentüren;1,0;psch;gaeb;sonstiges/2 Jahre.X83
2;AKS: 1133_AT33404_Nebeneingang Aufzug;1,0;psch;gaeb;sonstiges/2 Jahre.X83
3;AKS: 1133_SO34801;1,0;psch;gaeb;sonstiges/2 Jahre.X83
1;Brand- und Rauchschutztüren;1,0;psch;gaeb;sonstiges/2 Jahre.X83
2;Krafbetätigte Türen;1,0;psch;gaeb;sonstiges/2 Jahre.X83
3;Anschlageinrichtung auf der Dachfläche;1,0;psch;gaeb;sonstiges/2 Jahre.X83
1;Tafelanlagen;1,0;psch;gaeb;sonstiges/2 Jahre.X83
1;AKS: AKS: 1133_WA41201_Wasserverwendung;1,0;psch;gaeb;sonstiges/2 Jahre.X83
2;AKS: 1133_AB41101_Abwasserführung;1,0;psch;gaeb;sonstiges/2 Jahre.X83
3;AKS: 1133_ER41301_Erdgasverwendung;1,0;psch;gaeb;sonstiges/2 Jahre.X83
4;AKS: 1133_ER41301_Gebrauchsfähigkeitsprüfung Erdgas;1,0;psch;gaeb;sonstiges/2 Jahre.X83
1;AKS: 1133_WK42201_Wärmeverteilnetz mit Raumheizflächen;1,0;psch;gaeb;sonstiges/2 Jahre.X83
1;AKS: 1133_ZL43..._Zuluftanlage für R1140;1,0;psch;gaeb;sonstiges/2 Jahre.X83
2;AKS: 1133_AL43...;1,0;psch;gaeb;sonstiges/2 Jahre.X83
3;Anlagen ohne Dampfbefeuchter (alle 3 Jahre);1,0;psch;gaeb;sonstiges/2 Jahre.X83
4;Reinigung (innen) , RLT - Gerät incl. der Komponeten, nach VDI 6022 bzw. Herstellerangabe u. dgl., im manuellen Wisch- und Absaug -/ Dampfreinigerverfahren, alle Bauteile / - elemente komplett, incl. anschliesender Wisch -/ Sprühdesinfektion, einschl. notwendiges Material bzw. Hilfsstoffe.;1,0;psch;gaeb;sonstiges/2 Jahre.X83
5;"Reinigung (außen), komplettes RLT - Gerät incl. der Komponeten, im manuellen Wisch - und Absaugverfahren, alle zugänglichen Bauteile /- Elemente ; einschl . Reinigungsmittel und Verbrauchsmaterial.";1,0;psch;gaeb;sonstiges/2 Jahre.X83
6;variabler Volumenstromregler in Abluft;1,0;psch;gaeb;sonstiges/2 Jahre.X83
7;konstant Volumenstromregler in Abluft;1,0;psch;gaeb;sonstiges/2 Jahre.X83
8;AKS: 1133_LU43199_Brandschutzklappen;3,0;Stck;gaeb;sonstiges/2 Jahre.X83
9;AKS: 1133_LU43103_Splitklimagerät_R2120 Serverraum;1,0;psch;gaeb;sonstiges/2 Jahre.X83
10;AKS: 1133_LU43104_Splitklimagerät_R2120 Serverraum;1,0;psch;gaeb;sonstiges/2 Jahre.X83
11;AKS: 1133_LU43106_Splitklimagerät_R1140 Labor 14;1,0;psch;gaeb;sonstiges/2 Jahre.X83
1;Niederspannungshauptverteilung;1,0;psch;gaeb;sonstiges/2 Jahre.X83
2;Niederspannungshauptverteilung;1,0;psch;gaeb;sonstiges/2 Jahre.X83
3;Niederspannungsinstallationsanlage;1,0;psch;gaeb;sonstiges/2 Jahre.X83
4;Niederspannungsinstallationsanlage;1,0;psch;gaeb;sonstiges/2 Jahre.X83
5;Allgemeinbeleuchtung;1,0;psch;gaeb;sonstiges/2 Jahre.X83
6;Sicherheitsbeleuchtung;1,0;psch;gaeb;sonstiges/2 Jahre.X83
7;Blitzschutz- und Erdungsanlagen;1,0;psch;gaeb;sonstiges/2 Jahre.X83
8;Blitzschutz- und Erdungsanlagen;1,0;psch;gaeb;sonstiges/2 Jahre.X83
9;IT-Netzform;1,0;psch;gaeb;sonstiges/2 Jahre.X83
10;IT-Netzform;1,0;psch;gaeb;sonstiges/2 Jahre.X83
1;Brandmeldeanlage (BMA);1,0;psch;gaeb;sonstiges/2 Jahre.X83
2;Austausch und Inbetriebnahme eines Brandmelders vom Typ O2T;1,0;Stck;gaeb;sonstiges/2 Jahre.X83
3;Austausch und Inbetriebnahme eines Brandmelders vom Typ O2T mit Sounder;1,0;Stck;gaeb;sonstiges/2 Jahre.X83
4;Austausch und Inbetriebnahme eines Brandmelders vom Typ O mit Sounder;1,0;Stck;gaeb;sonstiges/2 Jahre.X83
5;AKS: 1133...;1,0;psch;gaeb;sonstiges/2 Jahre.X83
6;Einbruchmeldeanlage (EMA);1,0;psch;gaeb;sonstiges/2 Jahre.X83
1;Personenaufzug;1,0;psch;gaeb;sonstiges/2 Jahre.X83
1;AKS: 1133_LA47301_Sicherheitsschr._Gefahrstoffe_R1140_1;1,0;psch;gaeb;sonstiges/2 Jahre.X83
2;AKS: 1133_LA47303_Chemikalienschrank_R1140_2;1,0;psch;gaeb;sonstiges/2 Jahre.X83
3;AKS: 1133_LA47303_Chemikalienschrank_R1140_3;1,0;psch;gaeb;sonstiges/2 Jahre.X83
4;AKS: 1133_LA47501_Digestorium_EG_R1140;1,0;Stck;gaeb;sonstiges/2 Jahre.X83
5;AKS: 1133_PG47..._Stickstoffvers._Flaschenschrank 50l;1,0;Stck;gaeb;sonstiges/2 Jahre.X83
6;AKS: 1133_PG473..._Sauerstoffversorgungsanlage_Flaschen;1,0;Stck;gaeb;sonstiges/2 Jahre.X83
7;AKS: 1133_PG47..._Druckluftversorgungsanlage_Flaschen;1,0;Stck;gaeb;sonstiges/2 Jahre.X83
8;AKS: 1133_FE...._Handfeuerlöscher CO 2 2kg;3,0;Stck;gaeb;sonstiges/2 Jahre.X83
9;AKS: 1133_FE...._Handfeuerlöscher CO2 5kg;3,0;Stck;gaeb;sonstiges/2 Jahre.X83
10;AKS: 1133_FE...._Handfeuerlöscher Schaum 6kg;3,0;Stck;gaeb;sonstiges/2 Jahre.X83
11;AKS: 1133_FE...._Handfeuerlöscher Schaum 6kg - frostsicher;4,0;Stck;gaeb;sonstiges/2 Jahre.X83
1;Gebäudeautomation;1,0;psch;gaeb;sonstiges/2 Jahre.X83
1;Außentüren;1,0;psch;gaeb;sonstiges/2 Jahre.X83
1;Brand- und Rauchschutztüren;1,0;psch;gaeb;sonstiges/2 Jahre.X83
1;AKS: 1134_WA41201_Wasserverwendung;1,0;psch;gaeb;sonstiges/2 Jahre.X83
2;AKS: 1134_AB41101_Abwasserführung;1,0;psch;gaeb;sonstiges/2 Jahre.X83
1;AKS: 1134_WK42201_Wärmeverteilnetz mit Raumheizflächen;1,0;psch;gaeb;sonstiges/2 Jahre.X83
1;AKS: 1134_LU43201_RLT Helios R 1010;1,0;psch;gaeb;sonstiges/2 Jahre.X83
2;Anlagen ohne Dampfbefeuchter (alle 3 Jahre);1,0;psch;gaeb;sonstiges/2 Jahre.X83
3;Reinigung (innen) , RLT - Gerät incl. der Komponeten, nach VDI 6022 bzw. Herstellerangabe u. dgl., im manuellen Wisch- und Absaug -/ Dampfreinigerverfahren, alle Bauteile / - elemente komplett, incl. anschliesender Wisch -/ Sprühdesinfektion, einschl. notwendiges Material bzw. Hilfsstoffe.;1,0;psch;gaeb;sonstiges/2 Jahre.X83
4;"Reinigung (außen), komplettes RLT - Gerät incl. der Komponeten, im manuellen Wisch - und Absaugverfahren, alle zugänglichen Bauteile /- Elemente ; einschl . Reinigungsmittel und Verbrauchsmaterial.";1,0;psch;gaeb;sonstiges/2 Jahre.X83
5;AKS: 1134_LU43199_Brandschutzklappen;5,0;Stck;gaeb;sonstiges/2 Jahre.X83
6;AKS: 1134_ZL43101_Zuluft R 1011;1,0;psch;gaeb;sonstiges/2 Jahre.X83
7;Anlagen ohne Dampfbefeuchter (alle 3 Jahre);1,0;psch;gaeb;sonstiges/2 Jahre.X83
8;Reinigung (innen) , RLT - Gerät incl. der Komponeten, nach VDI 6022 bzw. Herstellerangabe u. dgl., im manuellen Wisch- und Absaug -/ Dampfreinigerverfahren, alle Bauteile / - elemente komplett, incl. anschliesender Wisch -/ Sprühdesinfektion, einschl. notwendiges Material bzw. Hilfsstoffe.;1,0;psch;gaeb;sonstiges/2 Jahre.X83
9;"Reinigung (außen), komplettes RLT - Gerät incl. der Komponeten, im manuellen Wisch - und Absaugverfahren, alle zugänglichen Bauteile /- Elemente ; einschl . Reinigungsmittel und Verbrauchsmaterial.";1,0;psch;gaeb;sonstiges/2 Jahre.X83
10;AKS: 1134_ZL43101_Zuluft R 1001;1,0;psch;gaeb;sonstiges/2 Jahre.X83
11;Anlagen ohne Dampfbefeuchter (alle 3 Jahre);1,0;psch;gaeb;sonstiges/2 Jahre.X83
12;Reinigung (innen) , RLT - Gerät incl. der Komponeten, nach VDI 6022 bzw. Herstellerangabe u. dgl., im manuellen Wisch- und Absaug -/ Dampfreinigerverfahren, alle Bauteile / - elemente komplett, incl. anschliesender Wisch -/ Sprühdesinfektion, einschl. notwendiges Material bzw. Hilfsstoffe.;1,0;psch;gaeb;sonstiges/2 Jahre.X83
13;"Reinigung (außen), komplettes RLT - Gerät incl. der Komponeten, im manuellen Wisch - und Absaugverfahren, alle zugänglichen Bauteile /- Elemente ; einschl . Reinigungsmittel und Verbrauchsmaterial.";1,0;psch;gaeb;sonstiges/2 Jahre.X83
14;AKS: 1134_AL43401_Abluft R 1001;1,0;psch;gaeb;sonstiges/2 Jahre.X83
15;AKS: 1134_AL43402_Abluft R 1001;1,0;psch;gaeb;sonstiges/2 Jahre.X83
16;AKS: 1134_AL43101_Abluft R 1013;1,0;psch;gaeb;sonstiges/2 Jahre.X83
17;AKS: 1134_AL43401_Abluft R 1011;1,0;psch;gaeb;sonstiges/2 Jahre.X83
18;AKS: 1134_AL43402_Abluft R 1011;1,0;psch;gaeb;sonstiges/2 Jahre.X83
19;AKS: 1134_AL43403_Abluft R 1011;1,0;psch;gaeb;sonstiges/2 Jahre.X83
20;AKS: 1134_LU54501_Splitklimagerät_Fassade Ost aus 1.BA;1,0;psch;gaeb;sonstiges/2 Jahre.X83
21;AKS: 1134_LU43101_Splitklimagerät_R1015;1,0;psch;gaeb;sonstiges/2 Jahre.X83
22;AKS: 1134_LU43102_Splitklimagerät_R1010;1,0;psch;gaeb;sonstiges/2 Jahre.X83
23;AKS: 1134_LU54502_Fassade Ost aus 2.BA;1,0;psch;gaeb;sonstiges/2 Jahre.X83
24;AKS: 1134_LU43103_Splitklimagerät_R1001;1,0;psch;gaeb;sonstiges/2 Jahre.X83
25;AKS: 1134_LU43104_Splitklimagerät_R1002;1,0;psch;gaeb;sonstiges/2 Jahre.X83
26;AKS: 1134_LU43105_Splitklimagerät_R1003;1,0;psch;gaeb;sonstiges/2 Jahre.X83
27;AKS: 1134_LU43106_Splitklimagerät_R1011;1,0;psch;gaeb;sonstiges/2 Jahre.X83
28;AKS: 1134_LU43107_Splitklimagerät_R1012;1,0;psch;gaeb;sonstiges/2 Jahre.X83
1;Niederspannungshauptverteilung;1,0;psch;gaeb;sonstiges/2 Jahre.X83
2;Niederspannungshauptverteilung;1,0;psch;gaeb;sonstiges/2 Jahre.X83
3;Niederspannungsinstallationsanlage;1,0;psch;gaeb;sonstiges/2 Jahre.X83
4;Niederspannungsinstallationsanlage;1,0;psch;gaeb;sonstiges/2 Jahre.X83
5;Allgemeinbeleuchtung;1,0;psch;gaeb;sonstiges/2 Jahre.X83
6;Sicherheitsbeleuchtung;1,0;psch;gaeb;sonstiges/2 Jahre.X83
7;Blitzschutz und Erdungsanlagen;1,0;psch;gaeb;sonstiges/2 Jahre.X83
8;Blitzschutz und Erdungsanlagen;1,0;psch;gaeb;sonstiges/2 Jahre.X83
1;Brandmeldeanlage (BMA);1,0;psch;gaeb;sonstiges/2 Jahre.X83
2;Austausch und Inbetriebnahme eines Brandmelders vom Typ O2T;1,0;Stck;gaeb;sonstiges/2 Jahre.X83
3;AKS: 1134...;1,0;psch;gaeb;sonstiges/2 Jahre.X83
1;AKS: 1143_GG47301_Verdichter und Trockner;1,0;psch;gaeb;sonstiges/2 Jahre.X83
2;AKS: 1134_GG47301_Druckluft- Verteilsystem;1,0;psch;gaeb;sonstiges/2 Jahre.X83
3;AKS: 1134_LA47301_Sicherheits._Gefahrstoffe_EG R1001_1;1,0;psch;gaeb;sonstiges/2 Jahre.X83
4;AKS: 1134_LA47302_Sicherheits._Gefahrstoffe_EG R1011_1;1,0;psch;gaeb;sonstiges/2 Jahre.X83
5;AKS: 1134_LA47501_Digestorium_EG_R1001;1,0;Stck;gaeb;sonstiges/2 Jahre.X83
6;AKS: 1134_PG47301_Druckluft als Flaschengas;1,0;psch;gaeb;sonstiges/2 Jahre.X83
7;AKS: 1134_PG47302_Sauerstoff als Flaschengas;1,0;psch;gaeb;sonstiges/2 Jahre.X83
8;AKS: 1134_PG47303_Stickstoff als Flaschengas;1,0;psch;gaeb;sonstiges/2 Jahre.X83
9;AKS: 1134_FE...._Handfeuerlöscher CO 2 2kg;2,0;Stck;gaeb;sonstiges/2 Jahre.X83
10;AKS: 1134_FE...._Handfeuerlöscher CO2 5kg;3,0;Stck;gaeb;sonstiges/2 Jahre.X83
11;AKS: 1134_FE...._Handfeuerlöscher Schaum 6kg - frostsicher;1,0;Stck;gaeb;sonstiges/2 Jahre.X83
12;AKS: 1134_FE...._Handfeuerlöscher Schaum 9kg - frostsicher;1,0;Stck;gaeb;sonstiges/2 Jahre.X83
13;AKS: 1134_FE...._Handfeuerlöscher Pulver 6kg;1,0;Stck;gaeb;sonstiges/2 Jahre.X83
1;Gebäudeautomation;1,0;psch;gaeb;sonstiges/2 Jahre.X83
1;Außentüren;1,0;psch;gaeb;sonstiges/2 Jahre.X83
2;Anschlageinrichtung auf der Dachfläche;1,0;psch;gaeb;sonstiges/2 Jahre.X83
1;Brand- und Rauchschutztüren;1,0;psch;gaeb;sonstiges/2 Jahre.X83
2;Mobile Trennwand;1,0;psch;gaeb;sonstiges/2 Jahre.X83
3;Verdunklungsanlagen;1,0;psch;gaeb;sonstiges/2 Jahre.X83
1;AKS: 1135_WA41201_Wasserverwendung;1,0;psch;gaeb;sonstiges/2 Jahre.X83
2;AKS: 1135_WA41201_Reinstwasser;1,0;psch;gaeb;sonstiges/2 Jahre.X83
3;AKS: 1135_ER41301_Erdgasversorgung;1,0;psch;gaeb;sonstiges/2 Jahre.X83
4;AKS: 1135_ER41301_Gas-Notabsperreinrichtungen;1,0;psch;gaeb;sonstiges/2 Jahre.X83
5;AKS: 1135_ER41301_Gebrauchsfähigkeitsprüfung;1,0;psch;gaeb;sonstiges/2 Jahre.X83
6;AKS: 1135_AB41101_Abwasserführung;1,0;psch;gaeb;sonstiges/2 Jahre.X83
7;AKS: 1135_AB41101_Abwasserbehandlungsanlage;1,0;psch;gaeb;sonstiges/2 Jahre.X83
8;AKS: 1135_AB54101_Gebäudeentwässerung;1,0;psch;gaeb;sonstiges/2 Jahre.X83
1;AKS: 1135_WK42201_Wärmeverteilnetz mit Raumheizflächen;1,0;psch;gaeb;sonstiges/2 Jahre.X83
1;AKS: 1135_LU43101_Zentrale Zuluft LTA 1.1;1,0;psch;gaeb;sonstiges/2 Jahre.X83
2;AKS: 1135_LU43102_Zentrale Raumabluft LTA 1.2;1,0;psch;gaeb;sonstiges/2 Jahre.X83
3;Anlagen ohne Dampfbefeuchter (alle 3 Jahre);1,0;psch;gaeb;sonstiges/2 Jahre.X83
4;Reinigung (innen) , RLT - Gerät incl. der Komponeten, nach VDI 6022 bzw. Herstellerangabe u. dgl., im manuellen Wisch- und Absaug -/ Dampfreinigerverfahren, alle Bauteile / - elemente komplett, incl. anschliesender Wisch -/ Sprühdesinfektion, einschl. notwendiges Material bzw. Hilfsstoffe.;1,0;psch;gaeb;sonstiges/2 Jahre.X83
5;"Reinigung (außen), komplettes RLT - Gerät incl. der Komponeten, im manuellen Wisch - und Absaugverfahren, alle zugänglichen Bauteile /- Elemente ; einschl . Reinigungsmittel und Verbrauchsmaterial.";1,0;psch;gaeb;sonstiges/2 Jahre.X83
6;AKS: 1135_LU43199_Volumenstromregler LTA 1.1+1.2;1,0;psch;gaeb;sonstiges/2 Jahre.X83
7;AKS: 1135_LU43199_WRG LTA 1.1+1.2;1,0;psch;gaeb;sonstiges/2 Jahre.X83
8;AKS: 1135_AL43101_LTA 2.1;1,0;psch;gaeb;sonstiges/2 Jahre.X83
9;AKS: 1135_AL43102_LTA 2.2;1,0;psch;gaeb;sonstiges/2 Jahre.X83
10;AKS: 1135_AL43103_LTA 2.3;1,0;psch;gaeb;sonstiges/2 Jahre.X83
11;AKS: 1135_AL43104_LTA 2.4;1,0;psch;gaeb;sonstiges/2 Jahre.X83
12;AKS: 1135_AL43105_LTA 2.5;1,0;psch;gaeb;sonstiges/2 Jahre.X83
13;AKS: 1135_AL43106_LTA 2.6;1,0;psch;gaeb;sonstiges/2 Jahre.X83
14;AKS: 1135_AL43107_LTA 3.1;1,0;psch;gaeb;sonstiges/2 Jahre.X83
15;AKS: 1135_AL43108_LTA 4.1;1,0;psch;gaeb;sonstiges/2 Jahre.X83
16;AKS: 1135_AL43109_LTA 4.2;1,0;psch;gaeb;sonstiges/2 Jahre.X83
17;AKS: 1135_AL43110_LTA 4.3;1,0;psch;gaeb;sonstiges/2 Jahre.X83
18;AKS: 1135_AL43111_LTA 4.4;1,0;psch;gaeb;sonstiges/2 Jahre.X83
19;AKS: 1135_AL43112_LTA 4.5;1,0;psch;gaeb;sonstiges/2 Jahre.X83
20;AKS: 1135_AL43113_LTA 4.6;1,0;psch;gaeb;sonstiges/2 Jahre.X83
21;AKS: 1135_AL54501_LTA 5.1  SULT;1,0;psch;gaeb;sonstiges/2 Jahre.X83
22;AKS: 1135_AL43114_LTA 5.2 Radialrohrlüfter;1,0;psch;gaeb;sonstiges/2 Jahre.X83
23;AKS: 1135_AL43115_LTA 5.3 Radialrohrlüfter;1,0;psch;gaeb;sonstiges/2 Jahre.X83
24;AKS: 1135_AL43116_LTA 5.4 Ofenabsaugung;1,0;psch;gaeb;sonstiges/2 Jahre.X83
25;AKS: 1135_ZL43101_LTA 5.5 Ofenraum;1,0;psch;gaeb;sonstiges/2 Jahre.X83
26;AKS: 1135_LU43201_ULK Deckenumluft;17,0;Stck;gaeb;sonstiges/2 Jahre.X83
27;AKS: 1135_LU43199_Brandschutzklappen;21,0;Stck;gaeb;sonstiges/2 Jahre.X83
28;AKS: 1135_RW43101_RWA TrH groß;1,0;psch;gaeb;sonstiges/2 Jahre.X83
29;1135_RW43102_RWA TrH klein;1,0;psch;gaeb;sonstiges/2 Jahre.X83
1;1135_WK43501_Kaltwassersatz primär;1,0;psch;gaeb;sonstiges/2 Jahre.X83
2;AKS: 1135_WK43501_Kaltwasser  primär;1,0;psch;gaeb;sonstiges/2 Jahre.X83
3;AKS: 1135_WK43501_Kaltwassersatz sekundär;1,0;psch;gaeb;sonstiges/2 Jahre.X83
1;Niederspannungshauptverteilung;1,0;psch;gaeb;sonstiges/2 Jahre.X83
2;Niederspannungshauptverteilung;1,0;psch;gaeb;sonstiges/2 Jahre.X83
3;Niederspannungsinstallationsanlage;1,0;psch;gaeb;sonstiges/2 Jahre.X83
4;Niederspannungsinstallationsanlage;1,0;psch;gaeb;sonstiges/2 Jahre.X83
5;Allgemeinbeleuchtung;1,0;psch;gaeb;sonstiges/2 Jahre.X83
6;Sicherheitsbeleuchtung;1,0;psch;gaeb;sonstiges/2 Jahre.X83
7;Unterbrechungsfreie Stromversorgung;1,0;psch;gaeb;sonstiges/2 Jahre.X83
8;Blitzschutz und Erdungsanlagen;1,0;psch;gaeb;sonstiges/2 Jahre.X83
9;Blitzschutz und Erdungsanlagen;1,0;psch;gaeb;sonstiges/2 Jahre.X83
1;Brandmeldeanlage (BMA);1,0;psch;gaeb;sonstiges/2 Jahre.X83
2;Austausch und Inbetriebnahme eines Brandmelders vom Typ O;1,0;Stck;gaeb;sonstiges/2 Jahre.X83
3;Austausch und Inbetriebnahme eines Brandmelders vom Typ O2T;1,0;Stck;gaeb;sonstiges/2 Jahre.X83
4;AKS: 1135_SU45201_Such- und Signalanlage;1,0;psch;gaeb;sonstiges/2 Jahre.X83
1;Personenaufzug;1,0;psch;gaeb;sonstiges/2 Jahre.X83
2;Kleinlastenaufzug;1,0;psch;gaeb;sonstiges/2 Jahre.X83
1;AKS: 1135_FE47401_Handfeuerlöscher Schaum 6l;13,0;Stck;gaeb;sonstiges/2 Jahre.X83
2;AKS: 1135_FE47401_Handfeuerlöscher CO2 _5kg;8,0;Stck;gaeb;sonstiges/2 Jahre.X83
3;AKS: 1135_FE47401_Handfeuerlöscher CO2_ 2kg;6,0;Stck;gaeb;sonstiges/2 Jahre.X83
4;AKS: 1135_GG47301_Verdichter;1,0;psch;gaeb;sonstiges/2 Jahre.X83
5;AKS: 1135_GG47301_Druckluft-Verteilsystem;1,0;psch;gaeb;sonstiges/2 Jahre.X83
6;AKS: 1135_GG47301_Druckgefäß 434383;1,0;psch;gaeb;sonstiges/2 Jahre.X83
7;AKS: 1135_LA47301_Labortisch mit Energiezelle;11,0;Stck;gaeb;sonstiges/2 Jahre.X83
8;AKS: 1135_LA47302_Doppel-Labortisch mit Energiezelle;10,0;Stck;gaeb;sonstiges/2 Jahre.X83
9;AKS: 1135_LA47303_Sicherheitsschrank_Säuren und Laugen;10,0;Stck;gaeb;sonstiges/2 Jahre.X83
10;AKS: 1135_LA47304_Sicherheitsschrank_Gefahrstoffe;1,0;Stck;gaeb;sonstiges/2 Jahre.X83
11;AKS: 1135_LA47305_Laminar_Flowbox_1;2,0;Stck;gaeb;sonstiges/2 Jahre.X83
12;AKS: 1135_LA47306_Laminar_Flowbox_2;2,0;Stck;gaeb;sonstiges/2 Jahre.X83
13;AKS: 1135_LA47307_Laminar_Flowbox_3;1,0;Stck;gaeb;sonstiges/2 Jahre.X83
14;1135_LA47308_Flusssäureabzug_Tischabzug_manuell;1,0;Stck;gaeb;sonstiges/2 Jahre.X83
15;1135_LA47309_Laborabsorptionsanlage;1,0;Stck;gaeb;sonstiges/2 Jahre.X83
16;1135_LA47501_Unterschränke von Laborabzug;18,0;Stck;gaeb;sonstiges/2 Jahre.X83
17;1135_LA47502_Laborspüle;17,0;Stck;gaeb;sonstiges/2 Jahre.X83
18;AKS: 1135_LA47503_Digestorium R104;1,0;Stck;gaeb;sonstiges/2 Jahre.X83
19;AKS: 1135_LA47504_Digestorium R126;1,0;Stck;gaeb;sonstiges/2 Jahre.X83
20;AKS: 1135_LA47505_Digestorium R204;2,0;Stck;gaeb;sonstiges/2 Jahre.X83
21;AKS: 1135_LA47506_Digestorium R206;2,0;Stck;gaeb;sonstiges/2 Jahre.X83
22;AKS: 1135_LA47507_Digestorium R221;1,0;Stck;gaeb;sonstiges/2 Jahre.X83
23;AKS: 1135_LA47508_Digestorium R223;2,0;Stck;gaeb;sonstiges/2 Jahre.X83
24;AKS: 1135_LA47509_Digestorium R224;1,0;Stck;gaeb;sonstiges/2 Jahre.X83
25;AKS: 1135_LA47510_Digestorium R228;2,0;Stck;gaeb;sonstiges/2 Jahre.X83
26;AKS: 1135_LA47702_Sicherheitsschrank_Druckgasflaschen;1,0;Stck;gaeb;sonstiges/2 Jahre.X83
27;AKS: 1135_ME47301_Medienwand;2,0;Stck;gaeb;sonstiges/2 Jahre.X83
28;AKS: 1135_PG47302_Gasversorgung_Prozessgase;5,0;Stck;gaeb;sonstiges/2 Jahre.X83
29;AKS: 1135_PG47302_Gasversorgung_Prozessgase;1,0;psch;gaeb;sonstiges/2 Jahre.X83
30;AKS:1135_PG47302_Gasversorgung_Prozessgase;1,0;psch;gaeb;sonstiges/2 Jahre.X83
31;AKS: 1135_GA48101_Automatisierung Flaschenüberwachung;1,0;psch;gaeb;sonstiges/2 Jahre.X83
1;Gebäudeautomation;1,0;psch;gaeb;sonstiges/2 Jahre.X83
1;Außenbeleuchtung;1,0;psch;gaeb;sonstiges/2 Jahre.X83
1;Außentüren;1,0;psch;gaeb;sonstiges/2 Jahre.X83
2;Krafbetätigte Gebäudezugangstüren;1,0;psch;gaeb;sonstiges/2 Jahre.X83
1;Brand- und Rauchschutztüren;1,0;psch;gaeb;sonstiges/2 Jahre.X83
1;Brandschutzhaube EG;1,0;psch;gaeb;sonstiges/2 Jahre.X83
2;Tafelanlagen;1,0;psch;gaeb;sonstiges/2 Jahre.X83
1;AKS: 1141_WA41201_Wasserverwendung;1,0;psch;gaeb;sonstiges/2 Jahre.X83
2;AKS: 1141_AB41101_Abwasserführung;1,0;psch;gaeb;sonstiges/2 Jahre.X83
3;AKS: 1141_AB41103_Hebeanlage Pumpensumpf;1,0;psch;gaeb;sonstiges/2 Jahre.X83
4;AKS: 1141_AB41104_Kleinhebeanlage;1,0;psch;gaeb;sonstiges/2 Jahre.X83
5;AKS: 1141_AB41105_Kleinhebeanlage;1,0;psch;gaeb;sonstiges/2 Jahre.X83
6;AKS: 1141_AB41106_Kleinhebeanlage;1,0;psch;gaeb;sonstiges/2 Jahre.X83
7;AKS: 1141_AB4110.._Kleinhebeanlage;1,0;psch;gaeb;sonstiges/2 Jahre.X83
8;AKS: 1141_AB4110.._Kleinhebeanlage;1,0;psch;gaeb;sonstiges/2 Jahre.X83
9;AKS: 1141_AB4110.._Kleinhebeanlage;1,0;psch;gaeb;sonstiges/2 Jahre.X83
10;AKS: 1141_AB4110.._Hebeanlage Pumpensumpf;1,0;psch;gaeb;sonstiges/2 Jahre.X83
11;AKS: 1141_AB41102_Abwasserbehandlungsanlage;1,0;psch;gaeb;sonstiges/2 Jahre.X83
12;AKS: 1141_ER41301_Erdgasverwendung;1,0;psch;gaeb;sonstiges/2 Jahre.X83
13;AKS: 1141_ER41301_Gebrauchsfähigkeitsprüfung Erdgas;1,0;psch;gaeb;sonstiges/2 Jahre.X83
1;AKS: 1141_WK42201_Wärmeverteilnetz mit Raumheizfläche;1,0;psch;gaeb;sonstiges/2 Jahre.X83
1;AKS: 1141_AL43106_Abluft WC;1,0;psch;gaeb;sonstiges/2 Jahre.X83
2;AKS: 1141_AL43107_Abluft WC;1,0;psch;gaeb;sonstiges/2 Jahre.X83
3;AKS: 1141_AL43108_Abluft WC;1,0;psch;gaeb;sonstiges/2 Jahre.X83
4;AKS: 1141_AL43109_Abluft WC;1,0;psch;gaeb;sonstiges/2 Jahre.X83
5;AKS: 1141_AL43110_Abluft_Teeküche;1,0;psch;gaeb;sonstiges/2 Jahre.X83
6;AKS: 1141_AL43111_Abluft_Archiv;1,0;psch;gaeb;sonstiges/2 Jahre.X83
7;AKS: 1141_AL43112_Abluft_Teeküche;1,0;psch;gaeb;sonstiges/2 Jahre.X83
8;AKS: 1141_AL43113_Abluft_WC;1,0;psch;gaeb;sonstiges/2 Jahre.X83
9;AKS: 1141_AL43114_Abluft_Kopierraum;1,0;psch;gaeb;sonstiges/2 Jahre.X83
10;AKS: 1141_AL43115_Abluft_WC;1,0;psch;gaeb;sonstiges/2 Jahre.X83
11;AKS: 1141_AL43116_Abluft_Teeküche;1,0;psch;gaeb;sonstiges/2 Jahre.X83
12;AKS: 1141_AL43117_Abluft_Teeküche;1,0;psch;gaeb;sonstiges/2 Jahre.X83
13;AKS: 1141_AL43118_Abluft_Teeküche;1,0;psch;gaeb;sonstiges/2 Jahre.X83
14;AKS: 1141_AL43119_Abluft_Teeküche;1,0;psch;gaeb;sonstiges/2 Jahre.X83
15;AKS: 1141_ZL43101_Technologie / Praktikum;1,0;psch;gaeb;sonstiges/2 Jahre.X83
16;Anlagen ohne Dampfbefeuchter (alle 3 Jahre);1,0;psch;gaeb;sonstiges/2 Jahre.X83
17;Reinigung (innen) , RLT - Gerät incl. der Komponeten, nach VDI 6022 bzw. Herstellerangabe u. dgl., im manuellen Wisch- und Absaug -/ Dampfreinigerverfahren, alle Bauteile / - elemente komplett, incl. anschliesender Wisch -/ Sprühdesinfektion, einschl. notwendiges Material bzw. Hilfsstoffe.;1,0;psch;gaeb;sonstiges/2 Jahre.X83
18;"Reinigung (außen), komplettes RLT - Gerät incl. der Komponeten, im manuellen Wisch - und Absaugverfahren, alle zugänglichen Bauteile /- Elemente ; einschl . Reinigungsmittel und Verbrauchsmaterial.";1,0;psch;gaeb;sonstiges/2 Jahre.X83
19;1141_AL43401_Abluftventilator Lösemittel R0084;1,0;psch;gaeb;sonstiges/2 Jahre.X83
20;1141_AL43402_Abluftventilator Gefahrstoffschränke R0084;1,0;psch;gaeb;sonstiges/2 Jahre.X83
21;1141_AL43403_Abluftventilator Vakuumpumpen R0084;1,0;psch;gaeb;sonstiges/2 Jahre.X83
22;1141_AL43431_Abluftventilator Labor R0026;1,0;psch;gaeb;sonstiges/2 Jahre.X83
23;1141_AL43431_Abluftventilator Technikraum U209;1,0;psch;gaeb;sonstiges/2 Jahre.X83
24;AKS: 1141_ZL4104_Chemielabore;1,0;psch;gaeb;sonstiges/2 Jahre.X83
25;Anlagen ohne Dampfbefeuchter (alle 3 Jahre);1,0;psch;gaeb;sonstiges/2 Jahre.X83
26;Reinigung (innen) , RLT - Gerät incl. der Komponeten, nach VDI 6022 bzw. Herstellerangabe u. dgl., im manuellen Wisch- und Absaug -/ Dampfreinigerverfahren, alle Bauteile / - elemente komplett, incl. anschliesender Wisch -/ Sprühdesinfektion, einschl. notwendiges Material bzw. Hilfsstoffe.;1,0;psch;gaeb;sonstiges/2 Jahre.X83
27;"Reinigung (außen), komplettes RLT - Gerät incl. der Komponeten, im manuellen Wisch - und Absaugverfahren, alle zugänglichen Bauteile /- Elemente ; einschl . Reinigungsmittel und Verbrauchsmaterial.";1,0;psch;gaeb;sonstiges/2 Jahre.X83
28;1141_AL43431_Abluftventilator Labor R0026;1,0;psch;gaeb;sonstiges/2 Jahre.X83
29;AKS: 1141_AL43121_Plasmalabor;1,0;psch;gaeb;sonstiges/2 Jahre.X83
30;Anlagen ohne Dampfbefeuchter (alle 3 Jahre);1,0;psch;gaeb;sonstiges/2 Jahre.X83
31;Reinigung (innen) , RLT - Gerät incl. der Komponeten, nach VDI 6022 bzw. Herstellerangabe u. dgl., im manuellen Wisch- und Absaug -/ Dampfreinigerverfahren, alle Bauteile / - elemente komplett, incl. anschliesender Wisch -/ Sprühdesinfektion, einschl. notwendiges Material bzw. Hilfsstoffe.;1,0;psch;gaeb;sonstiges/2 Jahre.X83
32;"Reinigung (außen), komplettes RLT - Gerät incl. der Komponeten, im manuellen Wisch - und Absaugverfahren, alle zugänglichen Bauteile /- Elemente ; einschl . Reinigungsmittel und Verbrauchsmaterial.";1,0;psch;gaeb;sonstiges/2 Jahre.X83
33;1141_AL43431_Abluftventilator Plasmalabor;1,0;psch;gaeb;sonstiges/2 Jahre.X83
34;AKS: 1141_ZL4111_Chemielabore;1,0;psch;gaeb;sonstiges/2 Jahre.X83
35;Anlagen ohne Dampfbefeuchter (alle 3 Jahre);1,0;psch;gaeb;sonstiges/2 Jahre.X83
36;Reinigung (innen) , RLT - Gerät incl. der Komponeten, nach VDI 6022 bzw. Herstellerangabe u. dgl., im manuellen Wisch- und Absaug -/ Dampfreinigerverfahren, alle Bauteile / - elemente komplett, incl. anschliesender Wisch -/ Sprühdesinfektion, einschl. notwendiges Material bzw. Hilfsstoffe.;1,0;psch;gaeb;sonstiges/2 Jahre.X83
37;"Reinigung (außen), komplettes RLT - Gerät incl. der Komponeten, im manuellen Wisch - und Absaugverfahren, alle zugänglichen Bauteile /- Elemente ; einschl . Reinigungsmittel und Verbrauchsmaterial.";1,0;psch;gaeb;sonstiges/2 Jahre.X83
38;1141_AL43431_Abluftventilator Chemikalienschränke R0083;1,0;psch;gaeb;sonstiges/2 Jahre.X83
39;1141_AL43431_Abluftventilator Labor / Digistorien;1,0;psch;gaeb;sonstiges/2 Jahre.X83
40;1141_AL43431_Abluftventilator AAS;1,0;psch;gaeb;sonstiges/2 Jahre.X83
41;AKS: 1141_LU43122_Lüftungsanlage_R0005 Hochspannung;1,0;psch;gaeb;sonstiges/2 Jahre.X83
42;Anlagen ohne Dampfbefeuchter (alle 3 Jahre);1,0;psch;gaeb;sonstiges/2 Jahre.X83
43;Reinigung (innen) , RLT - Gerät incl. der Komponeten, nach VDI 6022 bzw. Herstellerangabe u. dgl., im manuellen Wisch- und Absaug -/ Dampfreinigerverfahren, alle Bauteile / - elemente komplett, incl. anschliesender Wisch -/ Sprühdesinfektion, einschl. notwendiges Material bzw. Hilfsstoffe.;1,0;psch;gaeb;sonstiges/2 Jahre.X83
44;"Reinigung (außen), komplettes RLT - Gerät incl. der Komponeten, im manuellen Wisch - und Absaugverfahren, alle zugänglichen Bauteile /- Elemente ; einschl . Reinigungsmittel und Verbrauchsmaterial.";1,0;psch;gaeb;sonstiges/2 Jahre.X83
45;AKS: 1141_LU43123_ULK_R0005;1,0;psch;gaeb;sonstiges/2 Jahre.X83
46;1141_AL43101_Abluft Hochstromlabor R0003;1,0;psch;gaeb;sonstiges/2 Jahre.X83
47;AKS: 1141_AL43201_Hörsaal;1,0;psch;gaeb;sonstiges/2 Jahre.X83
48;Anlagen ohne Dampfbefeuchter (alle 3 Jahre);1,0;psch;gaeb;sonstiges/2 Jahre.X83
49;Reinigung (innen) , RLT - Gerät incl. der Komponeten, nach VDI 6022 bzw. Herstellerangabe u. dgl., im manuellen Wisch- und Absaug -/ Dampfreinigerverfahren, alle Bauteile / - elemente komplett, incl. anschliesender Wisch -/ Sprühdesinfektion, einschl. notwendiges Material bzw. Hilfsstoffe.;1,0;psch;gaeb;sonstiges/2 Jahre.X83
50;"Reinigung (außen), komplettes RLT - Gerät incl. der Komponeten, im manuellen Wisch - und Absaugverfahren, alle zugänglichen Bauteile /- Elemente ; einschl . Reinigungsmittel und Verbrauchsmaterial.";1,0;psch;gaeb;sonstiges/2 Jahre.X83
51;AKS: 1141_LU43201_Kälteanlage;1,0;psch;gaeb;sonstiges/2 Jahre.X83
52;AKS: 1141_AL43241_Labore;1,0;psch;gaeb;sonstiges/2 Jahre.X83
53;Anlagen ohne Dampfbefeuchter (alle 3 Jahre);1,0;psch;gaeb;sonstiges/2 Jahre.X83
54;Reinigung (innen) , RLT - Gerät incl. der Komponeten, nach VDI 6022 bzw. Herstellerangabe u. dgl., im manuellen Wisch- und Absaug -/ Dampfreinigerverfahren, alle Bauteile / - elemente komplett, incl. anschliesender Wisch -/ Sprühdesinfektion, einschl. notwendiges Material bzw. Hilfsstoffe.;1,0;psch;gaeb;sonstiges/2 Jahre.X83
55;"Reinigung (außen), komplettes RLT - Gerät incl. der Komponeten, im manuellen Wisch - und Absaugverfahren, alle zugänglichen Bauteile /- Elemente ; einschl . Reinigungsmittel und Verbrauchsmaterial.";1,0;psch;gaeb;sonstiges/2 Jahre.X83
56;1141_AL43441_Abluftventilator Labor R1056;1,0;psch;gaeb;sonstiges/2 Jahre.X83
57;AKS: 1141_LU43199_Brandschutzklappen;30,0;Stck;gaeb;sonstiges/2 Jahre.X83
58;AKS: 1141_LU43101_ULK FK_R0042;1,0;psch;gaeb;sonstiges/2 Jahre.X83
59;AKS: 1141_LU43102_ULK FK _R1002;1,0;psch;gaeb;sonstiges/2 Jahre.X83
60;AKS: 1141_LU43103_ULK FK _R1003;1,0;psch;gaeb;sonstiges/2 Jahre.X83
61;AKS: 1141_LU43104_ULK FK _R1004;1,0;psch;gaeb;sonstiges/2 Jahre.X83
62;AKS: 1141_LU43105_ULK1 FK _R1014;1,0;psch;gaeb;sonstiges/2 Jahre.X83
63;AKS: 1141_LU43106_ULK2 FK _R1014;1,0;psch;gaeb;sonstiges/2 Jahre.X83
64;AKS: 1141_LU43107_ULK1 FK _R1047;1,0;psch;gaeb;sonstiges/2 Jahre.X83
65;AKS: 1141_LU43108_ULK2 FK _R1047;1,0;psch;gaeb;sonstiges/2 Jahre.X83
66;AKS: 1141_LU43109_ULK1 FK _R1093;1,0;psch;gaeb;sonstiges/2 Jahre.X83
67;AKS: 1141_LU43110_ULK2 FK _R1093;1,0;psch;gaeb;sonstiges/2 Jahre.X83
68;AKS: 1141_LU43111_ULK FK _R2017;1,0;psch;gaeb;sonstiges/2 Jahre.X83
69;AKS: 1141_LU43112_ULK1 FK _R2019;1,0;psch;gaeb;sonstiges/2 Jahre.X83
70;AKS: 1141_LU43113_ULK2 FK _R2019;1,0;psch;gaeb;sonstiges/2 Jahre.X83
71;AKS: 1141_LU43114_ULK1 FK _R2047;1,0;psch;gaeb;sonstiges/2 Jahre.X83
72;AKS: 1141_LU43115_ULK2 FK _R2047;1,0;psch;gaeb;sonstiges/2 Jahre.X83
73;AKS: 1141_LU43116_ULK1 FK _R2078;1,0;psch;gaeb;sonstiges/2 Jahre.X83
74;AKS: 1141_LU43117_ULK2 FK _R2078;1,0;psch;gaeb;sonstiges/2 Jahre.X83
75;AKS: 1141_LU43118_ULK1 FK _R2084;1,0;psch;gaeb;sonstiges/2 Jahre.X83
76;AKS: 1141_LU43119_ULK2 FK _R2084;1,0;psch;gaeb;sonstiges/2 Jahre.X83
77;AKS: 1141_LU43120_ULK FK _R2021;1,0;psch;gaeb;sonstiges/2 Jahre.X83
78;AKS: 1141_LU43130_ULK FK _R3029;1,0;psch;gaeb;sonstiges/2 Jahre.X83
79;AKS: 1141_LU43131_ULK1 FK _R3030;1,0;psch;gaeb;sonstiges/2 Jahre.X83
80;AKS: 1141_LU43132_ULK2 FK _R3030;1,0;psch;gaeb;sonstiges/2 Jahre.X83
81;AKS: 1141_LU43133_ULK1 FK _R3031;1,0;psch;gaeb;sonstiges/2 Jahre.X83
82;AKS: 1141_LU43134_ULK2 FK _R3031;1,0;psch;gaeb;sonstiges/2 Jahre.X83
83;AKS: 1141_LU43141_Splitklimagerät_R0073;1,0;psch;gaeb;sonstiges/2 Jahre.X83
84;AKS: 1141_LU54542_Splitklimagerät;1,0;psch;gaeb;sonstiges/2 Jahre.X83
85;AKS: 1141_LU43142_Splitklimagerät_R1047;1,0;psch;gaeb;sonstiges/2 Jahre.X83
86;AKS: 1141_LU43143_Splitklimagerät_R2047;1,0;psch;gaeb;sonstiges/2 Jahre.X83
87;AKS: 1141_RW43101_RA Nordflügel;1,0;psch;gaeb;sonstiges/2 Jahre.X83
88;AKS: 1141_RW43102_RA Südflügel;1,0;psch;gaeb;sonstiges/2 Jahre.X83
89;AKS: 1141_RW43103_RA Westflügel;1,0;psch;gaeb;sonstiges/2 Jahre.X83
90;AKS: 1141_RW43104_RA Ostflügel;1,0;psch;gaeb;sonstiges/2 Jahre.X83
91;AKS: 1141_RW43105_RA NW-Flügel;1,0;psch;gaeb;sonstiges/2 Jahre.X83
1;AKS: 1141_WK43502_Fernkälte;1,0;psch;gaeb;sonstiges/2 Jahre.X83
2;Kühlwasserverteilung - Kühlwerk;1,0;psch;gaeb;sonstiges/2 Jahre.X83
3;AKS: 1141_WK43505_Kühlkreis Plasmalabor;1,0;psch;gaeb;sonstiges/2 Jahre.X83
1;Niederspannungshauptverteilung R0054;1,0;psch;gaeb;sonstiges/2 Jahre.X83
2;Niederspannungshauptverteilung R0054 / BV/3-SO;1,0;psch;gaeb;sonstiges/2 Jahre.X83
3;Niederspannungshauptverteilung R0027 / BV/IVa-SO;1,0;psch;gaeb;sonstiges/2 Jahre.X83
4;Niederspannungshauptverteilung R 0027;1,0;psch;gaeb;sonstiges/2 Jahre.X83
5;Niederspannungshauptverteilung R U210 / BV/1-KO;1,0;psch;gaeb;sonstiges/2 Jahre.X83
6;Niederspannungshauptverteilungen;1,0;psch;gaeb;sonstiges/2 Jahre.X83
7;Niederspannungsinstallationsanlage;1,0;psch;gaeb;sonstiges/2 Jahre.X83
8;Niederspannungsinstallationsanlage;1,0;psch;gaeb;sonstiges/2 Jahre.X83
9;Allgemeinbeleuchtung;1,0;psch;gaeb;sonstiges/2 Jahre.X83
10;Sicherheitsbeleuchtung;1,0;psch;gaeb;sonstiges/2 Jahre.X83
11;Unterbrechungsfreie Stromversorgung R U210;1,0;psch;gaeb;sonstiges/2 Jahre.X83
12;Unterbrechungsfreie Stromversorgung R1047;1,0;psch;gaeb;sonstiges/2 Jahre.X83
13;Unterbrechungsfreie Stromversorgung R 2084;1,0;psch;gaeb;sonstiges/2 Jahre.X83
14;Unterbrechungsfreie Stromversorgung R1014;1,0;psch;gaeb;sonstiges/2 Jahre.X83
15;Batterie-Anlage Sicherheitsbeleuchtung R U212;1,0;psch;gaeb;sonstiges/2 Jahre.X83
16;Blitzschutz und Erdungsanlagen;1,0;psch;gaeb;sonstiges/2 Jahre.X83
17;Blitzschutz und Erdungsanlagen;1,0;psch;gaeb;sonstiges/2 Jahre.X83
1;Brandmeldeanlage (BMA);1,0;psch;gaeb;sonstiges/2 Jahre.X83
2;Austausch und Inbetriebnahme eines Brandmelders vom Typ O2T;1,0;Stck;gaeb;sonstiges/2 Jahre.X83
3;Austausch und Inbetriebnahme eines Brandmelders vom Typ OT;1,0;Stck;gaeb;sonstiges/2 Jahre.X83
4;AKS: 1141...;1,0;psch;gaeb;sonstiges/2 Jahre.X83
5;AKS: 1141_PG47301_Gasdetektion;1,0;psch;gaeb;sonstiges/2 Jahre.X83
1;Personenaufzug Süd;1,0;psch;gaeb;sonstiges/2 Jahre.X83
2;Personenaufzug Nord;1,0;psch;gaeb;sonstiges/2 Jahre.X83
1;AKS: 1141_GG47301_Drucklufterzeugung;1,0;psch;gaeb;sonstiges/2 Jahre.X83
2;AKS: 1141_GG47301_Drucklufterzeugung;1,0;psch;gaeb;sonstiges/2 Jahre.X83
3;AKS: 1141_GG47301_Druckluft- Verteilsystem;1,0;psch;gaeb;sonstiges/2 Jahre.X83
4;AKS: 1141_GG47302_Zentrales Vakuum;1,0;psch;gaeb;sonstiges/2 Jahre.X83
5;AKS: 1141_PG47..._Stickstoffvers._Flaschenschrank 50l;1,0;Stck;gaeb;sonstiges/2 Jahre.X83
6;AKS: 1141_PG47..._Distickstoffmonoxidvers._Flaschenschrank 50l;1,0;Stck;gaeb;sonstiges/2 Jahre.X83
7;AKS: 1141_PG47..._Acetylenvers._Flaschenschrank 50l;1,0;Stck;gaeb;sonstiges/2 Jahre.X83
8;AKS: 1141_PG47..._Stickstoffvers._Flaschenschrank 50l;1,0;Stck;gaeb;sonstiges/2 Jahre.X83
9;AKS: 1141_PG47..._Stickstoffvers._Flaschenschrank 50l;1,0;Stck;gaeb;sonstiges/2 Jahre.X83
10;AKS: 1141_PG47..._Argonversorgungsanlage;1,0;Stck;gaeb;sonstiges/2 Jahre.X83
11;AKS: 1141_PG473..._Sauerstoffversorgungsanlage_Flaschen;1,0;Stck;gaeb;sonstiges/2 Jahre.X83
12;AKS: 1141_PG47..._Stickstoffvers._Flaschenschrank 50l;1,0;Stck;gaeb;sonstiges/2 Jahre.X83
13;AKS: 1141_PG47..._Schwefelhexafluoridversorgungsanlage;1,0;Stck;gaeb;sonstiges/2 Jahre.X83
14;AKS: 1141_PG47..._Argonversorgungsanlage;1,0;Stck;gaeb;sonstiges/2 Jahre.X83
15;AKS: 1141_PG473..._Sauerstoffversorgungsanlage_Flaschen;1,0;Stck;gaeb;sonstiges/2 Jahre.X83
16;AKS: 1141_PG473..._Wasserstoffversorgungsanlage_Flaschen;1,0;Stck;gaeb;sonstiges/2 Jahre.X83
17;AKS: 1141_LA47301_Sicherheits._Gefahrstoffe_UG R26_1;1,0;psch;gaeb;sonstiges/2 Jahre.X83
18;AKS: 1141_LA47302_Sicherheits._Gefahrstoffe_UG R26_2;1,0;psch;gaeb;sonstiges/2 Jahre.X83
19;AKS: 1141_LA47303_Sicherheits._Gefahrstoffe_UG R26_3;1,0;psch;gaeb;sonstiges/2 Jahre.X83
20;AKS: 1141_LA47304_Sicherheits._Gefahrstoffe_UG R76_4;1,0;psch;gaeb;sonstiges/2 Jahre.X83
21;AKS: 1141_LA47305_Sicherheits._Gefahrstoffe_UG R84_5;1,0;psch;gaeb;sonstiges/2 Jahre.X83
22;AKS: 1141_LA47306_Chemikalienschrank_UG R76_1;1,0;psch;gaeb;sonstiges/2 Jahre.X83
23;AKS: 1141_LA47307_Chemikalienschrank_UG R76_2;1,0;psch;gaeb;sonstiges/2 Jahre.X83
24;AKS: 1141_LA47308_Chemikalienschrank_UG R76_3;1,0;psch;gaeb;sonstiges/2 Jahre.X83
25;AKS: 1141_LA47309_Chemikalienschrank_UG R84_1;1,0;psch;gaeb;sonstiges/2 Jahre.X83
26;AKS: 1141_LA47310_Chemikalienschrank_UG R84_2;1,0;psch;gaeb;sonstiges/2 Jahre.X83
27;AKS: 1141_LA47311_Chemikalienschrank_UG R84_3;1,0;psch;gaeb;sonstiges/2 Jahre.X83
28;AKS: 1141_LA47312_Chemikalienschrank_UG R84_4;1,0;psch;gaeb;sonstiges/2 Jahre.X83
29;AKS: 1141_LA47313_Chemikalienschrank_UG R83A_1;1,0;psch;gaeb;sonstiges/2 Jahre.X83
30;AKS: 1141_LA47314_Chemikalienschrank_UG R83A_2;1,0;psch;gaeb;sonstiges/2 Jahre.X83
31;AKS: 1141_LA47315_Chemikalienschrank_UG R83B_1;1,0;psch;gaeb;sonstiges/2 Jahre.X83
32;AKS: 1141_LA47316_Chemikalienschrank_UG R83B_2;1,0;psch;gaeb;sonstiges/2 Jahre.X83
33;AKS: 1141_LA47317_Chemikalienschrank_UG R83B_3;1,0;psch;gaeb;sonstiges/2 Jahre.X83
34;AKS: 1141_LA47318_Chemikalienschrank_UG R83C_1;1,0;psch;gaeb;sonstiges/2 Jahre.X83
35;AKS: 1141_LA47319_Chemikalienschrank_UG R83C_2;1,0;psch;gaeb;sonstiges/2 Jahre.X83
36;AKS: 1141_LA47320_Chemikalienschrank_UG R83C_3;1,0;psch;gaeb;sonstiges/2 Jahre.X83
37;AKS: 1141_LA47501_Digestorium_UG_R26_1;1,0;Stck;gaeb;sonstiges/2 Jahre.X83
38;AKS: 1141_LA47502_Digestorium_UG_R26_2;1,0;Stck;gaeb;sonstiges/2 Jahre.X83
39;AKS: 1141_LA47503_Digestorium_UG_R76_1;1,0;Stck;gaeb;sonstiges/2 Jahre.X83
40;AKS: 1141_LA47504_Digestorium_UG_R76_2;1,0;Stck;gaeb;sonstiges/2 Jahre.X83
41;AKS: 1141_LA47505_Digestorium_UG_R83A;1,0;Stck;gaeb;sonstiges/2 Jahre.X83
42;AKS: 1141_LA47506_Digestorium_UG_R83B_1;1,0;Stck;gaeb;sonstiges/2 Jahre.X83
43;AKS: 1141_LA47507_Digestorium_UG_R83B_2;1,0;Stck;gaeb;sonstiges/2 Jahre.X83
44;AKS: 1141_LA47508_Digestorium_UG_R83C_1;1,0;Stck;gaeb;sonstiges/2 Jahre.X83
45;AKS: 1141_LA47509_Digestorium_UG_R83C_2;1,0;Stck;gaeb;sonstiges/2 Jahre.X83
46;AKS: 1141_LA47510_Digestorium_UG_R84;1,0;Stck;gaeb;sonstiges/2 Jahre.X83
47;AKS: 1141_FE...._Handfeuerlöscher CO 2 2kg;15,0;Stck;gaeb;sonstiges/2 Jahre.X83
48;AKS: 1141_FE...._Handfeuerlöscher CO2 5kg;80,0;Stck;gaeb;sonstiges/2 Jahre.X83
49;AKS: 1141_FE...._Handfeuerlöscher Schaum 6kg;9,0;Stck;gaeb;sonstiges/2 Jahre.X83
50;AKS: 1141_FE...._Handfeuerlöscher Schaum 6kg - frostsicher;19,0;Stck;gaeb;sonstiges/2 Jahre.X83
51;AKS: 1141_FE...._Handfeuerlöscher Pulver 6kg;6,0;Stck;gaeb;sonstiges/2 Jahre.X83
52;AKS: 1141_FE...._Handfeuerlöscher Pulver 6kg;3,0;Stck;gaeb;sonstiges/2 Jahre.X83
53;AKS: 1141_FE...._Handfeuerlöscher Wasser 6l;25,0;Stck;gaeb;sonstiges/2 Jahre.X83
54;AKS: 1141_FE47402_Löschdecke;3,0;Stck;gaeb;sonstiges/2 Jahre.X83
55;AKS: 1141_;1,0;psch;gaeb;sonstiges/2 Jahre.X83
1;Gebäudeautomation;1,0;psch;gaeb;sonstiges/2 Jahre.X83
1;Außentüren;1,0;psch;gaeb;sonstiges/2 Jahre.X83
2;Rolltore/Sektionaltore;1,0;psch;gaeb;sonstiges/2 Jahre.X83
1;Brand- und Rauchschutztüren;1,0;psch;gaeb;sonstiges/2 Jahre.X83
1;AKS: 1144_WA41201_Wasserverwendung;1,0;psch;gaeb;sonstiges/2 Jahre.X83
2;AKS: 1144_AB41101_Abwasserführung;1,0;psch;gaeb;sonstiges/2 Jahre.X83
1;AKS: 1144_WK42201_Wärmeverteilnetz mit Raumheizflächen;1,0;psch;gaeb;sonstiges/2 Jahre.X83
1;AKS: 1144_AL43101_Dachventilatoren Halle;1,0;psch;gaeb;sonstiges/2 Jahre.X83
2;AKS: 1144_AL43102_Abluft Labor 128;1,0;psch;gaeb;sonstiges/2 Jahre.X83
3;AKS: 1144_AL43103_Abluft WC;1,0;psch;gaeb;sonstiges/2 Jahre.X83
4;AKS: 1144_AL43104_Abluft R122;1,0;psch;gaeb;sonstiges/2 Jahre.X83
5;AKS: 1144_AL43105_Abluft R123;1,0;psch;gaeb;sonstiges/2 Jahre.X83
6;AKS: 1144_AL43106_Abluft R025;1,0;psch;gaeb;sonstiges/2 Jahre.X83
7;AKS: 1144_LU43201_Lüftungsanlage_Nord;1,0;psch;gaeb;sonstiges/2 Jahre.X83
8;Anlagen ohne Dampfbefeuchter (alle 3 Jahre);1,0;psch;gaeb;sonstiges/2 Jahre.X83
9;Reinigung (innen) , RLT - Gerät incl. der Komponeten, nach VDI 6022 bzw. Herstellerangabe u. dgl., im manuellen Wisch- und Absaug -/ Dampfreinigerverfahren, alle Bauteile / - elemente komplett, incl. anschliesender Wisch -/ Sprühdesinfektion, einschl. notwendiges Material bzw. Hilfsstoffe.;1,0;psch;gaeb;sonstiges/2 Jahre.X83
10;"Reinigung (außen), komplettes RLT - Gerät incl. der Komponeten, im manuellen Wisch - und Absaugverfahren, alle zugänglichen Bauteile /- Elemente ; einschl . Reinigungsmittel und Verbrauchsmaterial.";1,0;psch;gaeb;sonstiges/2 Jahre.X83
11;AKS: 1144_LU43202_Lüftungsanlage_Süd;1,0;psch;gaeb;sonstiges/2 Jahre.X83
12;Anlagen ohne Dampfbefeuchter (alle 3 Jahre);1,0;psch;gaeb;sonstiges/2 Jahre.X83
13;Reinigung (innen) , RLT - Gerät incl. der Komponeten, nach VDI 6022 bzw. Herstellerangabe u. dgl., im manuellen Wisch- und Absaug -/ Dampfreinigerverfahren, alle Bauteile / - elemente komplett, incl. anschliesender Wisch -/ Sprühdesinfektion, einschl. notwendiges Material bzw. Hilfsstoffe.;1,0;psch;gaeb;sonstiges/2 Jahre.X83
14;"Reinigung (außen), komplettes RLT - Gerät incl. der Komponeten, im manuellen Wisch - und Absaugverfahren, alle zugänglichen Bauteile /- Elemente ; einschl . Reinigungsmittel und Verbrauchsmaterial.";1,0;psch;gaeb;sonstiges/2 Jahre.X83
15;AKS: 1144_LU43199_Brandschutzklappen;18,0;Stck;gaeb;sonstiges/2 Jahre.X83
1;AKS: 1144_WK43501_Kälterversorgung RLT;1,0;psch;gaeb;sonstiges/2 Jahre.X83
2;AKS: 1144_WK43502_Kälteversorgung Laborprozesse;1,0;psch;gaeb;sonstiges/2 Jahre.X83
1;Niederspannungshauptverteilung, Schaltschrank UV-Algemein;1,0;psch;gaeb;sonstiges/2 Jahre.X83
2;Niederspannungshauptverteilung Schaltschrank UV-Experimentierversorgung EG;1,0;psch;gaeb;sonstiges/2 Jahre.X83
3;Niederspannungshauptverteilung Schaltschrank UV-Experimentierversorgung OG;1,0;psch;gaeb;sonstiges/2 Jahre.X83
4;Niederspannungshauptverteilung Schaltfeld Einspeisung Maschinensätze;1,0;psch;gaeb;sonstiges/2 Jahre.X83
5;Niederspannungshauptverteilungen;1,0;psch;gaeb;sonstiges/2 Jahre.X83
6;Niederspannungsinstallationsanlage;1,0;psch;gaeb;sonstiges/2 Jahre.X83
7;Niederspannungsinstallationsanlage;1,0;psch;gaeb;sonstiges/2 Jahre.X83
8;Allgemeinbeleuchtung;1,0;psch;gaeb;sonstiges/2 Jahre.X83
9;Sicherheitsbeleuchtung;1,0;psch;gaeb;sonstiges/2 Jahre.X83
10;Blitzschutz und Erdungsanlagen;1,0;psch;gaeb;sonstiges/2 Jahre.X83
11;Blitzschutz und Erdungsanlagen;1,0;psch;gaeb;sonstiges/2 Jahre.X83
1;Brandmeldeanlage (BMA);1,0;psch;gaeb;sonstiges/2 Jahre.X83
2;Austausch und Inbetriebnahme eines Brandmelders vom Typ OT;1,0;Stck;gaeb;sonstiges/2 Jahre.X83
3;Austausch und Inbetriebnahme eines Brandmelders vom Typ O Hersteller/Typ: ESSER 8000C IQ8Quad;1,0;Stck;gaeb;sonstiges/2 Jahre.X83
4;Austausch und Inbetriebnahme eines Brandmelders vom Typ O Ex Hersteller/Typ: ESSER 8000C IQ8Quad;1,0;Stck;gaeb;sonstiges/2 Jahre.X83
1;AKS: 1144_LA47301_Sicherheitsschrank._Gefahrstoffe_1;1,0;psch;gaeb;sonstiges/2 Jahre.X83
2;AKS: 1144_LA47302_Sicherheitsschrank._Gefahrstoffe_2;1,0;psch;gaeb;sonstiges/2 Jahre.X83
3;AKS: 1144_FE...._Handfeuerlöscher CO 2 2kg;1,0;Stck;gaeb;sonstiges/2 Jahre.X83
4;AKS: 1144_FE...._Handfeuerlöscher CO2 5kg;10,0;Stck;gaeb;sonstiges/2 Jahre.X83
5;AKS: 1144_FE...._Handfeuerlöscher Schaum 6kg;3,0;Stck;gaeb;sonstiges/2 Jahre.X83
6;AKS: 1144_FE...._Handfeuerlöscher Schaum 9kg - frostsicher;1,0;Stck;gaeb;sonstiges/2 Jahre.X83
7;AKS: 1144_FE...._Handfeuerlöscher Pulver 6kg;1,0;Stck;gaeb;sonstiges/2 Jahre.X83
8;AKS: 1144_FE...._Handfeuerlöscher Pulver 6kg;2,0;Stck;gaeb;sonstiges/2 Jahre.X83
9;AKS: 1144_FE47402_Löschdecke;1,0;Stck;gaeb;sonstiges/2 Jahre.X83
10;AKS: 1144_PG47...._Stickstoffvers._Flaschenschrank 50l;2,0;Stck;gaeb;sonstiges/2 Jahre.X83
11;AKS: 1144_PG47..._Sauerstoffversorgungsanlage_Flaschen;2,0;Stck;gaeb;sonstiges/2 Jahre.X83
12;AKS: 1144_PG47..._Argonversorgungsanlage;3,0;Stck;gaeb;sonstiges/2 Jahre.X83
1;Gebäudeautomation;1,0;psch;gaeb;sonstiges/2 Jahre.X83
1;Außentüren;1,0;psch;gaeb;sonstiges/2 Jahre.X83
1;Brand- und Rauchschutztüren;1,0;psch;gaeb;sonstiges/2 Jahre.X83
1;Feuerschutzvorhänge, Rauchschutzabschluss;1,0;psch;gaeb;sonstiges/2 Jahre.X83
1;AKS: 1145_WA41201_Wasserverwendung;1,0;psch;gaeb;sonstiges/2 Jahre.X83
2;AKS: 1145_AB41101_Abwasserführung;1,0;psch;gaeb;sonstiges/2 Jahre.X83
3;AKS: 1145_AB4110_Kleinhebeanlage;1,0;psch;gaeb;sonstiges/2 Jahre.X83
4;AKS: 1145_AB4110_Kleinhebeanlage;1,0;psch;gaeb;sonstiges/2 Jahre.X83
1;AKS: 1145_WK42201_Wärmeverteilnetz mit Raumheizflächen;1,0;psch;gaeb;sonstiges/2 Jahre.X83
2;Enthärtungs- und  Entsalzungsarmatur;3,0;Stck;gaeb;sonstiges/2 Jahre.X83
1;AKS: 1145_LU43201_Zentralgerät für R2050;1,0;psch;gaeb;sonstiges/2 Jahre.X83
2;Anlagen ohne Dampfbefeuchter (alle 3 Jahre);1,0;psch;gaeb;sonstiges/2 Jahre.X83
3;Reinigung (innen) , RLT - Gerät incl. der Komponeten, nach VDI 6022 bzw. Herstellerangabe u. dgl., im manuellen Wisch- und Absaug -/ Dampfreinigerverfahren, alle Bauteile / - elemente komplett, incl. anschliesender Wisch -/ Sprühdesinfektion, einschl. notwendiges Material bzw. Hilfsstoffe.;1,0;psch;gaeb;sonstiges/2 Jahre.X83
4;"Reinigung (außen), komplettes RLT - Gerät incl. der Komponeten, im manuellen Wisch - und Absaugverfahren, alle zugänglichen Bauteile /- Elemente ; einschl . Reinigungsmittel und Verbrauchsmaterial.";1,0;psch;gaeb;sonstiges/2 Jahre.X83
5;AKS: 1145_LU43202_ RLT - Anlage Versuchslabor R0070;1,0;psch;gaeb;sonstiges/2 Jahre.X83
6;Anlagen ohne Dampfbefeuchter (alle 3 Jahre);1,0;psch;gaeb;sonstiges/2 Jahre.X83
7;Reinigung (innen) , RLT - Gerät incl. der Komponeten, nach VDI 6022 bzw. Herstellerangabe u. dgl., im manuellen Wisch- und Absaug -/ Dampfreinigerverfahren, alle Bauteile / - elemente komplett, incl. anschliesender Wisch -/ Sprühdesinfektion, einschl. notwendiges Material bzw. Hilfsstoffe.;1,0;psch;gaeb;sonstiges/2 Jahre.X83
8;"Reinigung (außen), komplettes RLT - Gerät incl. der Komponeten, im manuellen Wisch - und Absaugverfahren, alle zugänglichen Bauteile /- Elemente ; einschl . Reinigungsmittel und Verbrauchsmaterial.";1,0;psch;gaeb;sonstiges/2 Jahre.X83
9;AKS: 1145_AL43101_UML Ozon R2050;1,0;psch;gaeb;sonstiges/2 Jahre.X83
10;AKS: 1145_AL43102_AL WC R2202;1,0;psch;gaeb;sonstiges/2 Jahre.X83
11;AKS: 1145_LU43199_Brandschutzklappen;9,0;Stck;gaeb;sonstiges/2 Jahre.X83
12;AKS_1145_LU43103_ULK_R1060;1,0;psch;gaeb;sonstiges/2 Jahre.X83
13;1145_LU43101_Splitklimagerät_R2040;1,0;psch;gaeb;sonstiges/2 Jahre.X83
14;1145_LU43102_Splitklimagerät_R2041;1,0;psch;gaeb;sonstiges/2 Jahre.X83
1;1145_WK43501_Kälteversorgung ULK1060 und RLT3020;1,0;psch;gaeb;sonstiges/2 Jahre.X83
2;1145_WK43502_Kälteversorgung Laborproz 1150 und 2070;1,0;psch;gaeb;sonstiges/2 Jahre.X83
1;Niederspannungshauptverteilung;1,0;psch;gaeb;sonstiges/2 Jahre.X83
2;Niederspannungshauptverteilung;1,0;psch;gaeb;sonstiges/2 Jahre.X83
3;Niederspannungsinstallationsanlage;1,0;psch;gaeb;sonstiges/2 Jahre.X83
4;Niederspannungsinstallationsanlage;1,0;psch;gaeb;sonstiges/2 Jahre.X83
5;Allgemeinbeleuchtung;1,0;psch;gaeb;sonstiges/2 Jahre.X83
6;Sicherheitsbeleuchtung;1,0;psch;gaeb;sonstiges/2 Jahre.X83
7;Blitzschutz und Erdungsanlagen;1,0;psch;gaeb;sonstiges/2 Jahre.X83
8;Blitzschutz und Erdungsanlagen;1,0;psch;gaeb;sonstiges/2 Jahre.X83
1;Lastenaufzug;1,0;psch;gaeb;sonstiges/2 Jahre.X83
1;AKS: 1145_GG47301_Druckluft-Verteilsystem;1,0;psch;gaeb;sonstiges/2 Jahre.X83
2;AKS: 1145_FE...._Handfeuerlöscher CO2 5kg;5,0;Stck;gaeb;sonstiges/2 Jahre.X83
3;AKS: 1145_FE...._Handfeuerlöscher Pulver 6kg;1,0;Stck;gaeb;sonstiges/2 Jahre.X83
4;AKS: 1145_FE...._Handfeuerlöscher Wasser 6l;1,0;Stck;gaeb;sonstiges/2 Jahre.X83
1;Gebäudeautomation;1,0;psch;gaeb;sonstiges/2 Jahre.X83
1;Außentüren;1,0;psch;gaeb;sonstiges/2 Jahre.X83
2;Außenliegender Sonnenschutz  (Raffstorelamellen);1,0;psch;gaeb;sonstiges/2 Jahre.X83
3;Fenster elektrisch angetrieben;1,0;psch;gaeb;sonstiges/2 Jahre.X83
1;Brand- und Rauchschutztüren;1,0;psch;gaeb;sonstiges/2 Jahre.X83
2;AKS: 1146_IT34405;1,0;psch;gaeb;sonstiges/2 Jahre.X83
3;Innenliegender Sonnenschutz;1,0;psch;gaeb;sonstiges/2 Jahre.X83
4;Innenliegender Sonnenschutz;1,0;psch;gaeb;sonstiges/2 Jahre.X83
5;Innenliegender Sonnenschutz;1,0;psch;gaeb;sonstiges/2 Jahre.X83
6;AKS: 1146_IT34404;1,0;psch;gaeb;sonstiges/2 Jahre.X83
7;AKS: 1146_IW34601;1,0;psch;gaeb;sonstiges/2 Jahre.X83
1;AKS:;1,0;psch;gaeb;sonstiges/2 Jahre.X83
2;AKS: 1146_WA41201_Reinstwasser;1,0;psch;gaeb;sonstiges/2 Jahre.X83
3;AKS: 1146_WK43502_Dosieranlage;1,0;psch;gaeb;sonstiges/2 Jahre.X83
4;AKS: 1146_LU43211_Dosierstation;2,0;Stck;gaeb;sonstiges/2 Jahre.X83
5;AKS: 1146_AB41101_Abwasserführung;1,0;psch;gaeb;sonstiges/2 Jahre.X83
6;AKS: 1146_AB41101_Abwasserbehandlungsanlage;1,0;Stck;gaeb;sonstiges/2 Jahre.X83
7;AKS: 1146_ER41301_Erdgasverwendung;1,0;psch;gaeb;sonstiges/2 Jahre.X83
8;AKS: 1146_ER41301_Erdgasverwendung;1,0;psch;gaeb;sonstiges/2 Jahre.X83
9;AKS: 1146_AB54102_Abwasseranlage Abläufe;1,0;psch;gaeb;sonstiges/2 Jahre.X83
1;AKS: 1146_WK42201_Wärmeverteilnetz mit Raumheizflächen;1,0;psch;gaeb;sonstiges/2 Jahre.X83
1;AKS: 1146_AL43411_Prozessabluft Lösemittel;1,0;Stck;gaeb;sonstiges/2 Jahre.X83
2;AKS: 1146_AL43412_Prozessabluft_korrosiv;1,0;Stck;gaeb;sonstiges/2 Jahre.X83
3;AKS: 1146_AL43413_Abluftanlage_Vakuum_1.500m³/h;1,0;Stck;gaeb;sonstiges/2 Jahre.X83
4;AKS: 1146_AL43414_Abluftanlage WC-Gruppen/Besprechung;1,0;Stck;gaeb;sonstiges/2 Jahre.X83
5;AKS: 1146_AL43415_Abluftanlage brennbare Gase_1.000m³/h;1,0;Stck;gaeb;sonstiges/2 Jahre.X83
6;AKS: 1146_LU43101_Splitklimagerät_R107;1,0;Stck;gaeb;sonstiges/2 Jahre.X83
7;AKS: 1146_LU43211_Primärzuluft Technik;1,0;Stck;gaeb;sonstiges/2 Jahre.X83
8;Anlagen ohne Dampfbefeuchter (alle 3 Jahre);1,0;psch;gaeb;sonstiges/2 Jahre.X83
9;Reinigung (innen) , RLT - Gerät incl. der Komponeten, nach VDI 6022 bzw. Herstellerangabe u. dgl., im manuellen Wisch- und Absaug -/ Dampfreinigerverfahren, alle Bauteile / - elemente komplett, incl. anschliesender Wisch -/ Sprühdesinfektion, einschl. notwendiges Material bzw. Hilfsstoffe.;1,0;psch;gaeb;sonstiges/2 Jahre.X83
10;"Reinigung (außen), komplettes RLT - Gerät incl. der Komponeten, im manuellen Wisch - und Absaugverfahren, alle zugänglichen Bauteile /- Elemente ; einschl . Reinigungsmittel und Verbrauchsmaterial.";1,0;psch;gaeb;sonstiges/2 Jahre.X83
11;Anlagentyp:;1,0;psch;gaeb;sonstiges/2 Jahre.X83
12;AKS: 1146_LU43311_PZL1;1,0;psch;gaeb;sonstiges/2 Jahre.X83
13;Anlagen ohne Dampfbefeuchter (alle 3 Jahre);1,0;psch;gaeb;sonstiges/2 Jahre.X83
14;Reinigung (innen) , RLT - Gerät incl. der Komponeten, nach VDI 6022 bzw. Herstellerangabe u. dgl., im manuellen Wisch- und Absaug -/ Dampfreinigerverfahren, alle Bauteile / - elemente komplett, incl. anschliesender Wisch -/ Sprühdesinfektion, einschl. notwendiges Material bzw. Hilfsstoffe.;1,0;psch;gaeb;sonstiges/2 Jahre.X83
15;"Reinigung (außen), komplettes RLT - Gerät incl. der Komponeten, im manuellen Wisch - und Absaugverfahren, alle zugänglichen Bauteile /- Elemente ; einschl . Reinigungsmittel und Verbrauchsmaterial.";1,0;psch;gaeb;sonstiges/2 Jahre.X83
16;AKS: 1146_LU43312_PZL2;1,0;psch;gaeb;sonstiges/2 Jahre.X83
17;Anlagen ohne Dampfbefeuchter (alle 3 Jahre);1,0;psch;gaeb;sonstiges/2 Jahre.X83
18;Reinigung (innen) , RLT - Gerät incl. der Komponeten, nach VDI 6022 bzw. Herstellerangabe u. dgl., im manuellen Wisch- und Absaug -/ Dampfreinigerverfahren, alle Bauteile / - elemente komplett, incl. anschliesender Wisch -/ Sprühdesinfektion, einschl. notwendiges Material bzw. Hilfsstoffe.;1,0;psch;gaeb;sonstiges/2 Jahre.X83
19;"Reinigung (außen), komplettes RLT - Gerät incl. der Komponeten, im manuellen Wisch - und Absaugverfahren, alle zugänglichen Bauteile /- Elemente ; einschl . Reinigungsmittel und Verbrauchsmaterial.";1,0;psch;gaeb;sonstiges/2 Jahre.X83
20;AKS: 1146_LU43313_PZL3;1,0;psch;gaeb;sonstiges/2 Jahre.X83
21;Anlagen ohne Dampfbefeuchter (alle 3 Jahre);1,0;psch;gaeb;sonstiges/2 Jahre.X83
22;Reinigung (innen) , RLT - Gerät incl. der Komponeten, nach VDI 6022 bzw. Herstellerangabe u. dgl., im manuellen Wisch- und Absaug -/ Dampfreinigerverfahren, alle Bauteile / - elemente komplett, incl. anschliesender Wisch -/ Sprühdesinfektion, einschl. notwendiges Material bzw. Hilfsstoffe.;1,0;psch;gaeb;sonstiges/2 Jahre.X83
23;"Reinigung (außen), komplettes RLT - Gerät incl. der Komponeten, im manuellen Wisch - und Absaugverfahren, alle zugänglichen Bauteile /- Elemente ; einschl . Reinigungsmittel und Verbrauchsmaterial.";1,0;psch;gaeb;sonstiges/2 Jahre.X83
24;Luftfilterelemente:;36,0;Stck;gaeb;sonstiges/2 Jahre.X83
25;AKS: 1146_RW43101_Rauch- und Wärmeabzüge;1,0;psch;gaeb;sonstiges/2 Jahre.X83
26;AKS: 1146_UM43201_Umluft RR FFU;185,0;Stck;gaeb;sonstiges/2 Jahre.X83
27;AKS: 1146_UM43202_Umluftkühlgerät 4.300m³/h;4,0;Stck;gaeb;sonstiges/2 Jahre.X83
28;AKS:;4,0;Stck;gaeb;sonstiges/2 Jahre.X83
29;AKS: 1146_LU43199_Brandschutzklappen;50,0;Stck;gaeb;sonstiges/2 Jahre.X83
30;AKS: 1146_LU43901_Lüftungsfenster_Entlüftung;9,0;Stck;gaeb;sonstiges/2 Jahre.X83
31;AKS: 1146_RW43101_Rauch- und Wärmeabzüge;1,0;psch;gaeb;sonstiges/2 Jahre.X83
1;AKS: 1146_WK43523_Kälteanlage mit Vert._Nahkälte;1,0;psch;gaeb;sonstiges/2 Jahre.X83
2;1146_WK43522_Kälteanlage mit Vert._Umluftkühlung;1,0;psch;gaeb;sonstiges/2 Jahre.X83
3;AKS: 1146_WK43521_Kälteanlage mit Vert._Prozesskühlung;1,0;psch;gaeb;sonstiges/2 Jahre.X83
1;Niederspannungshauptverteilung;1,0;psch;gaeb;sonstiges/2 Jahre.X83
2;Niederspannungshauptverteilung;1,0;psch;gaeb;sonstiges/2 Jahre.X83
3;Niederspannungsinstallationsanlage;1,0;psch;gaeb;sonstiges/2 Jahre.X83
4;Niederspannungsinstallationsanlage;1,0;psch;gaeb;sonstiges/2 Jahre.X83
5;Allgemeinbeleuchtung;1,0;psch;gaeb;sonstiges/2 Jahre.X83
6;Sicherheitsbeleuchtung;1,0;psch;gaeb;sonstiges/2 Jahre.X83
7;Unterbrechungsfreie Stromversorgung;1,0;psch;gaeb;sonstiges/2 Jahre.X83
8;Netzersatzanlage;1,0;psch;gaeb;sonstiges/2 Jahre.X83
9;Blitzschutz und Erdungsanlagen;1,0;psch;gaeb;sonstiges/2 Jahre.X83
10;Blitzschutz und Erdungsanlagen;1,0;psch;gaeb;sonstiges/2 Jahre.X83
1;Brandmeldeanlage (BMA);1,0;psch;gaeb;sonstiges/2 Jahre.X83
2;Austausch und Inbetriebnahme eines Brandmelders vom Typ O2T;1,0;Stck;gaeb;sonstiges/2 Jahre.X83
3;Austausch und Inbetriebnahme eines Brandmelders vom Typ O Hersteller/Typ: ESSER 8000C IQ8Quad;1,0;Stck;gaeb;sonstiges/2 Jahre.X83
4;Austausch und Inbetriebnahme eines Brandmelders vom Typ O Ex Hersteller/Typ: ESSER 8000C IQ8Quad;1,0;Stck;gaeb;sonstiges/2 Jahre.X83
5;Einbruchmeldeanlage (EMA);1,0;psch;gaeb;sonstiges/2 Jahre.X83
6;AKS: 1146_PG47301_Gasdetektion_Gasalarmanlage;1,0;psch;gaeb;sonstiges/2 Jahre.X83
7;AKS:1146_SU45201_Such- und Signalanlage;1,0;psch;gaeb;sonstiges/2 Jahre.X83
1;Personenaufzug;1,0;psch;gaeb;sonstiges/2 Jahre.X83
1;AKS: 1146_FE47401_Feuerlöschanlage CO2;1,0;psch;gaeb;sonstiges/2 Jahre.X83
2;AKS:1146_FE47402_Handfeuerlöscher;22,0;Stck;gaeb;sonstiges/2 Jahre.X83
3;AKS:1146_FE47402_Handfeuerlöscher;30,0;Stck;gaeb;sonstiges/2 Jahre.X83
4;AKS: 1146_FE47402_Handfeuerlöscher;48,0;Stck;gaeb;sonstiges/2 Jahre.X83
5;AKS: 1146_FE47402_Handfeuerlöscher;2,0;Stck;gaeb;sonstiges/2 Jahre.X83
6;AKS: 1146_GG47302_Drucklufterzeugung;1,0;psch;gaeb;sonstiges/2 Jahre.X83
7;AKS: 1146_GG47301_Druckluftbehandlung (Trocken);1,0;psch;gaeb;sonstiges/2 Jahre.X83
8;AKS: 1146_GG47302_Druckluft-Verteilsystem;1,0;psch;gaeb;sonstiges/2 Jahre.X83
9;AKS: 1146_GG47303_Stickstoff gasförmig;1,0;psch;gaeb;sonstiges/2 Jahre.X83
10;AKS: 1146_GG47304_Stickstoff flüssig;1,0;psch;gaeb;sonstiges/2 Jahre.X83
11;AKS: 9091_GG47304_Zentrales Vakuum;1,0;psch;gaeb;sonstiges/2 Jahre.X83
12;AKS: 9091_GG47304_Vakuumverteilsysten;1,0;psch;gaeb;sonstiges/2 Jahre.X83
13;AKS: 1146_LA47301_Autoklav VB-40 SN 5574;1,0;Stck;gaeb;sonstiges/2 Jahre.X83
14;AKS: 1146_LA47302_Tischkühlzentrifuge 5810R_R024;1,0;Stck;gaeb;sonstiges/2 Jahre.X83
15;AKS: 1146_LA47303_Tischkühlzentrifuge 4K15_R024;1,0;Stck;gaeb;sonstiges/2 Jahre.X83
16;AKS: 1146_LA47305_Tischkühlzentrifuge 1-15 K_R024;1,0;Stck;gaeb;sonstiges/2 Jahre.X83
17;AKS: 0111_GG54301_Tankanlage N2;1,0;psch;gaeb;sonstiges/2 Jahre.X83
18;AKS: 1146_LA47308_Labortische mit Elektro-Unterverteil.;32,0;Stck;gaeb;sonstiges/2 Jahre.X83
19;AKS: 1146_LA47501_RRGarderobenschrank weiß;7,0;Stck;gaeb;sonstiges/2 Jahre.X83
20;AKS: 1146_LA47502_RRGarderobenschrank grau;3,0;Stck;gaeb;sonstiges/2 Jahre.X83
21;AKS: 1146_LA47509_Waschbox_Laborabzug_ R236;1,0;Stck;gaeb;sonstiges/2 Jahre.X83
22;AKS: 1146_LA47513_Laborabzug_konventionelle Labors;3,0;Stck;gaeb;sonstiges/2 Jahre.X83
23;AKS: 1146_LA47514_Tischabzug mit Unterschrank;1,0;Stck;gaeb;sonstiges/2 Jahre.X83
24;AKS: 1146_LA47515_Waschbox_Laborabzug_ R259;1,0;Stck;gaeb;sonstiges/2 Jahre.X83
25;AKS: 1146_LA47703_Sicherheitsschr._Säuren und Basen;16,0;Stck;gaeb;sonstiges/2 Jahre.X83
26;AKS: 1146_LA47704_Sicherheitsschr._Druckgasflaschen_1;4,0;Stck;gaeb;sonstiges/2 Jahre.X83
27;AKS: 1146_LA47705_Sicherheitsschr._Druckgasflaschen_2;2,0;Stck;gaeb;sonstiges/2 Jahre.X83
28;AKS: 1146_LA47706_Sicherheitsschr._brennbare Stoffe;3,0;Stck;gaeb;sonstiges/2 Jahre.X83
29;AKS: 1146_LU47707_Druckgasflaschen_Prozessgasbereitst.;21,0;Stck;gaeb;sonstiges/2 Jahre.X83
30;AKS: 1146_ME47301_Medienwand;2,0;Stck;gaeb;sonstiges/2 Jahre.X83
31;AKS: 1146_ME47811_Abgasreinigung 1;1,0;psch;gaeb;sonstiges/2 Jahre.X83
32;AKS: 1146_ME47812_Abgasreinigung 2;1,0;psch;gaeb;sonstiges/2 Jahre.X83
33;AKS: 1146_PG47306_Sauerstoffversorgung Bündel;1,0;psch;gaeb;sonstiges/2 Jahre.X83
34;AKS: 1146_PG47307_Sauerstoffversorgung Einzelflasche;1,0;psch;gaeb;sonstiges/2 Jahre.X83
35;AKS: 1146_PG47308_Wasserstoffversorgungsanlage;1,0;psch;gaeb;sonstiges/2 Jahre.X83
36;AKS: 1146_PG47309_Argonversorgungsanlage;1,0;psch;gaeb;sonstiges/2 Jahre.X83
37;AKS: 1146_PG47310_Heliumversorgungsanlage;1,0;psch;gaeb;sonstiges/2 Jahre.X83
38;AKS: 1146_PG47311_Chlorwasserstoffanlage;1,0;psch;gaeb;sonstiges/2 Jahre.X83
39;AKS: 1146_PG47312_DiStickstoffoxid-Anlage;1,0;psch;gaeb;sonstiges/2 Jahre.X83
40;AKS: 1146_PG47313_DiChlor Silan- Anlage;1,0;psch;gaeb;sonstiges/2 Jahre.X83
41;AKS: 1146_PG47314_Trifluormethan- Anlage;1,0;psch;gaeb;sonstiges/2 Jahre.X83
42;AKS: 1146_PG47315_Silan- Anlage;1,0;psch;gaeb;sonstiges/2 Jahre.X83
43;AKS: 1146_PG47316_Phosphin- Anlage;1,0;psch;gaeb;sonstiges/2 Jahre.X83
44;AKS: 1146_PG47317_Ammoniak- Anlage;1,0;psch;gaeb;sonstiges/2 Jahre.X83
45;AKS: 1146_PG47318_Silan in Wasserstoff Anlage;1,0;psch;gaeb;sonstiges/2 Jahre.X83
46;AKS: 1146_PG47319_Chlorgas- Anlage;1,0;psch;gaeb;sonstiges/2 Jahre.X83
47;AKS: 1146_PG47320_Ethen- Anlage;1,0;psch;gaeb;sonstiges/2 Jahre.X83
48;AKS: 1146_PG47321_Kohlenstoffdioxid-Anlage;2,0;Stck;gaeb;sonstiges/2 Jahre.X83
49;AKS: 1146_PG47322_Bortrichlorid- Anlage;1,0;psch;gaeb;sonstiges/2 Jahre.X83
50;AKS: 1146_PG47323_Mischgas- Anlage_SiH4/H2;1,0;psch;gaeb;sonstiges/2 Jahre.X83
51;AKS: 1146_PG47324_Mischgas_ Hauptbestandteil Xenon;1,0;psch;gaeb;sonstiges/2 Jahre.X83
52;AKS: 1146_PG47335_Schwefelhexafluorid- Anlage;1,0;psch;gaeb;sonstiges/2 Jahre.X83
53;AKS: 1146_PG47325_Tetrafluormethan-Anlage;1,0;psch;gaeb;sonstiges/2 Jahre.X83
54;AKS: 1146_47325_Schleppgas als Messgas;1,0;psch;gaeb;sonstiges/2 Jahre.X83
55;AKS: 1146_47326_He_Ar_Spülanlage;5,0;Stck;gaeb;sonstiges/2 Jahre.X83
56;Elektrische Rohrbegleitheizung;2,0;Stck;gaeb;sonstiges/2 Jahre.X83
57;AKS:;18,0;Stck;gaeb;sonstiges/2 Jahre.X83
58;AKS:;3,0;Stck;gaeb;sonstiges/2 Jahre.X83
59;AKS:;3,0;Stck;gaeb;sonstiges/2 Jahre.X83
1;Gebäudeautomation;1,0;psch;gaeb;sonstiges/2 Jahre.X83
1;Anlagenbezeichnung:Abläufe für Niederschlagswasser Gebäudeentwässerung;1,0;psch;gaeb;sonstiges/2 Jahre.X83
2;Außenbeleuchtung;1,0;psch;gaeb;sonstiges/2 Jahre.X83
3;Wasserbecken mit Pumpanlagen;1,0;psch;gaeb;sonstiges/2 Jahre.X83
1;Außentüren;1,0;psch;gaeb;sonstiges/2 Jahre.X83
2;Kraftbetätigte Türen;1,0;psch;gaeb;sonstiges/2 Jahre.X83
3;Kraftbetätigte Türen;1,0;psch;gaeb;sonstiges/2 Jahre.X83
4;Außenliegender Sonnenschutz;1,0;psch;gaeb;sonstiges/2 Jahre.X83
1;Brand- und Rauchschutztüren;1,0;psch;gaeb;sonstiges/2 Jahre.X83
2;Kraftbetätigte Türen;1,0;psch;gaeb;sonstiges/2 Jahre.X83
3;Kraftbetätigte Türen;1,0;psch;gaeb;sonstiges/2 Jahre.X83
4;Kraftbetätigte Türen;1,0;psch;gaeb;sonstiges/2 Jahre.X83
5;Schiebetoranlage Audimax;1,0;psch;gaeb;sonstiges/2 Jahre.X83
6;AKS: 1151_BR34401;1,0;psch;gaeb;sonstiges/2 Jahre.X83
7;Türen selbstschließend;1,0;psch;gaeb;sonstiges/2 Jahre.X83
8;Rollgitter Cafeteria;1,0;psch;gaeb;sonstiges/2 Jahre.X83
9;Lüftungsklappen Foyer mit Wetterstation;1,0;psch;gaeb;sonstiges/2 Jahre.X83
10;Innenliegender Sonnenschutz Audimax Seitenfenster 1;1,0;psch;gaeb;sonstiges/2 Jahre.X83
11;Innenliegender Sonnenschutz Audimax Seitenfenster 2;1,0;psch;gaeb;sonstiges/2 Jahre.X83
12;Innenliegender Sonnenschutz Seminarräume;1,0;psch;gaeb;sonstiges/2 Jahre.X83
13;Verdunklungsanlage Textilvorhang;1,0;psch;gaeb;sonstiges/2 Jahre.X83
14;Verdunklungsanlage Türvorhang;1,0;psch;gaeb;sonstiges/2 Jahre.X83
15;Mobile Trennwand;1,0;psch;gaeb;sonstiges/2 Jahre.X83
16;Projektionswand;1,0;psch;gaeb;sonstiges/2 Jahre.X83
17;Vorhangwand Audimax;1,0;psch;gaeb;sonstiges/2 Jahre.X83
18;Tafelanlage Audimax;1,0;psch;gaeb;sonstiges/2 Jahre.X83
19;Tafelanlage Humbolt-Hörsaal;1,0;psch;gaeb;sonstiges/2 Jahre.X83
20;Tafelanlage Audimax;1,0;psch;gaeb;sonstiges/2 Jahre.X83
1;1151_WA41201_Wasserverwendung;1,0;psch;gaeb;sonstiges/2 Jahre.X83
2;AKS: 1151_AB41101_Abwasserführung;1,0;psch;gaeb;sonstiges/2 Jahre.X83
3;AKS: 1151_AB54101_Gebäudeentwässerung Abläufe;1,0;psch;gaeb;sonstiges/2 Jahre.X83
1;AKS: 1151_WK42201_Wärmeverteilnetz mit Raumheizflächen;1,0;psch;gaeb;sonstiges/2 Jahre.X83
2;1151_WK42202_Fußbodenheizung;1,0;psch;gaeb;sonstiges/2 Jahre.X83
1;AKS: 1151_LU43201_L1.1 Menerga Audimax;1,0;psch;gaeb;sonstiges/2 Jahre.X83
2;Anlagen ohne Dampfbefeuchter (alle 3 Jahre);1,0;psch;gaeb;sonstiges/2 Jahre.X83
3;Reinigung (innen) , RLT - Gerät incl. der Komponeten, nach VDI 6022 bzw. Herstellerangabe u. dgl., im manuellen Wisch- und Absaug -/ Dampfreinigerverfahren, alle Bauteile / - elemente komplett, incl. anschliesender Wisch -/ Sprühdesinfektion, einschl. notwendiges Material bzw. Hilfsstoffe.;1,0;psch;gaeb;sonstiges/2 Jahre.X83
4;"Reinigung (außen), komplettes RLT - Gerät incl. der Komponeten, im manuellen Wisch - und Absaugverfahren, alle zugänglichen Bauteile /- Elemente ; einschl . Reinigungsmittel und Verbrauchsmaterial.";1,0;psch;gaeb;sonstiges/2 Jahre.X83
5;AKS: 1151_LU43202_L1.2 Menerga Audimax;1,0;psch;gaeb;sonstiges/2 Jahre.X83
6;Anlagen ohne Dampfbefeuchter (alle 3 Jahre);1,0;psch;gaeb;sonstiges/2 Jahre.X83
7;Reinigung (innen) , RLT - Gerät incl. der Komponeten, nach VDI 6022 bzw. Herstellerangabe u. dgl., im manuellen Wisch- und Absaug -/ Dampfreinigerverfahren, alle Bauteile / - elemente komplett, incl. anschliesender Wisch -/ Sprühdesinfektion, einschl. notwendiges Material bzw. Hilfsstoffe.;1,0;psch;gaeb;sonstiges/2 Jahre.X83
8;"Reinigung (außen), komplettes RLT - Gerät incl. der Komponeten, im manuellen Wisch - und Absaugverfahren, alle zugänglichen Bauteile /- Elemente ; einschl . Reinigungsmittel und Verbrauchsmaterial.";1,0;psch;gaeb;sonstiges/2 Jahre.X83
9;AKS: 1151_LU43203_L2 Menerga HU Hrs;1,0;psch;gaeb;sonstiges/2 Jahre.X83
10;Anlagen ohne Dampfbefeuchter (alle 3 Jahre);1,0;psch;gaeb;sonstiges/2 Jahre.X83
11;Reinigung (innen) , RLT - Gerät incl. der Komponeten, nach VDI 6022 bzw. Herstellerangabe u. dgl., im manuellen Wisch- und Absaug -/ Dampfreinigerverfahren, alle Bauteile / - elemente komplett, incl. anschliesender Wisch -/ Sprühdesinfektion, einschl. notwendiges Material bzw. Hilfsstoffe.;1,0;psch;gaeb;sonstiges/2 Jahre.X83
12;"Reinigung (außen), komplettes RLT - Gerät incl. der Komponeten, im manuellen Wisch - und Absaugverfahren, alle zugänglichen Bauteile /- Elemente ; einschl . Reinigungsmittel und Verbrauchsmaterial.";1,0;psch;gaeb;sonstiges/2 Jahre.X83
13;AKS: 1151_LU43204_Zu-/Abluft-Zentralgerät Cafeteria;1,0;psch;gaeb;sonstiges/2 Jahre.X83
14;Anlagen ohne Dampfbefeuchter (alle 3 Jahre);1,0;psch;gaeb;sonstiges/2 Jahre.X83
15;Reinigung (innen) , RLT - Gerät incl. der Komponeten, nach VDI 6022 bzw. Herstellerangabe u. dgl., im manuellen Wisch- und Absaug -/ Dampfreinigerverfahren, alle Bauteile / - elemente komplett, incl. anschliesender Wisch -/ Sprühdesinfektion, einschl. notwendiges Material bzw. Hilfsstoffe.;1,0;psch;gaeb;sonstiges/2 Jahre.X83
16;"Reinigung (außen), komplettes RLT - Gerät incl. der Komponeten, im manuellen Wisch - und Absaugverfahren, alle zugänglichen Bauteile /- Elemente ; einschl . Reinigungsmittel und Verbrauchsmaterial.";1,0;psch;gaeb;sonstiges/2 Jahre.X83
17;AKS: 1151_AL43103_Abluftan. Toiletten EG+OG 2.200m³_h;1,0;psch;gaeb;sonstiges/2 Jahre.X83
18;AKS: 11151_LU4320......_;1,0;psch;gaeb;sonstiges/2 Jahre.X83
19;Anlagen ohne Dampfbefeuchter (alle 3 Jahre);1,0;psch;gaeb;sonstiges/2 Jahre.X83
20;Reinigung (innen) , RLT - Gerät incl. der Komponeten, nach VDI 6022 bzw. Herstellerangabe u. dgl., im manuellen Wisch- und Absaug -/ Dampfreinigerverfahren, alle Bauteile / - elemente komplett, incl. anschliesender Wisch -/ Sprühdesinfektion, einschl. notwendiges Material bzw. Hilfsstoffe.;1,0;psch;gaeb;sonstiges/2 Jahre.X83
21;"Reinigung (außen), komplettes RLT - Gerät incl. der Komponeten, im manuellen Wisch - und Absaugverfahren, alle zugänglichen Bauteile /- Elemente ; einschl . Reinigungsmittel und Verbrauchsmaterial.";1,0;psch;gaeb;sonstiges/2 Jahre.X83
22;AKS: 1151_AL43105_Abluftan. Müllraum 1.400 m³_h;1,0;psch;gaeb;sonstiges/2 Jahre.X83
23;AKS: 1151_AL43104_Abluftan. Toiletten SG 700m³_h;1,0;psch;gaeb;sonstiges/2 Jahre.X83
24;1151_AL43102_Abluftan. Cafeteria_Toiletten_350m³_h;1,0;psch;gaeb;sonstiges/2 Jahre.X83
25;AKS: 1151_AL43101_Abluftan. Batterieraum_100m³_h;1,0;psch;gaeb;sonstiges/2 Jahre.X83
26;AKS: 1151_LU43199_Brandschutzklappen;43,0;Stck;gaeb;sonstiges/2 Jahre.X83
27;AKS: 1151_LU43205_Umluftkühlgerät 100m³_h;1,0;psch;gaeb;sonstiges/2 Jahre.X83
28;AKS: 1151_LU43205_Umluftkühlgerät 100m³_h;1,0;psch;gaeb;sonstiges/2 Jahre.X83
29;AKS: 1151_LU43205_Umluftkühlgerät 100m³_h;1,0;psch;gaeb;sonstiges/2 Jahre.X83
30;AKS: 1151_LU43101_L13 Regiekabine Audimax;1,0;psch;gaeb;sonstiges/2 Jahre.X83
31;AKS: 1151_RW43101_Foyer;1,0;psch;gaeb;sonstiges/2 Jahre.X83
32;AKS: 1151_RW43102_Audimax Dach;1,0;psch;gaeb;sonstiges/2 Jahre.X83
1;AKS: 1151_WK43401_Kälteanlage mit Verteilernetz;1,0;psch;gaeb;sonstiges/2 Jahre.X83
1;Niederspannungshauptverteilung;1,0;psch;gaeb;sonstiges/2 Jahre.X83
2;Niederspannungshauptverteilung;1,0;psch;gaeb;sonstiges/2 Jahre.X83
3;Niederspannungsinstallationsanlage;1,0;psch;gaeb;sonstiges/2 Jahre.X83
4;Niederspannungsinstallationsanlage;1,0;psch;gaeb;sonstiges/2 Jahre.X83
5;Allgemeinbeleuchtung;1,0;psch;gaeb;sonstiges/2 Jahre.X83
6;Sicherheitsbeleuchtung;1,0;psch;gaeb;sonstiges/2 Jahre.X83
7;Unterbrechungsfreie Stromversorgung;1,0;psch;gaeb;sonstiges/2 Jahre.X83
8;Blitzschutz und Erdungsanlagen;1,0;psch;gaeb;sonstiges/2 Jahre.X83
9;Blitzschutz und Erdungsanlagen;1,0;psch;gaeb;sonstiges/2 Jahre.X83
1;Brandmeldeanlage (BMA);1,0;psch;gaeb;sonstiges/2 Jahre.X83
2;Austausch und Inbetriebnahme eines Brandmelders vom Typ O2T mit Sounder;1,0;Stck;gaeb;sonstiges/2 Jahre.X83
3;Austausch und Inbetriebnahme eines Brandmelders vom Typ OT Hersteller/Typ: ESSER 8000C IQ8Quad;1,0;Stck;gaeb;sonstiges/2 Jahre.X83
4;AKS: 1151_SU45201_Such- und Signalanlage;1,0;psch;gaeb;sonstiges/2 Jahre.X83
1;Personenaufzug;1,0;psch;gaeb;sonstiges/2 Jahre.X83
1;AKS: 1151_FE47401_Handfeuerlöscher;4,0;Stck;gaeb;sonstiges/2 Jahre.X83
2;AKS: 1151_FE47401_Handfeuerlöscher;6,0;Stck;gaeb;sonstiges/2 Jahre.X83
3;AKS: 1151_FE47401_Handfeuerlöscher;10,0;Stck;gaeb;sonstiges/2 Jahre.X83
4;AKS: 1151_FE47401_Handfeuerlöscher;3,0;Stck;gaeb;sonstiges/2 Jahre.X83
5;AKS: 1151_FE47401_Handfeuerlöscher;2,0;Stck;gaeb;sonstiges/2 Jahre.X83
6;AKS: 1151_FE47401_Handfeuerlöscher;2,0;Stck;gaeb;sonstiges/2 Jahre.X83
7;AKS: 1151_FE47401_Handfeuerlöscher;11,0;Stck;gaeb;sonstiges/2 Jahre.X83
1;Gebäudeautomation;1,0;psch;gaeb;sonstiges/2 Jahre.X83
1;Anlagenbezeichnung:Abläufe für Niederschlagswasser Gebäudeentwässerung;1,0;psch;gaeb;sonstiges/2 Jahre.X83
1;Niederspannungshauptverteilung;1,0;psch;gaeb;sonstiges/2 Jahre.X83
2;Niederspannungsinstalationsanlage;1,0;psch;gaeb;sonstiges/2 Jahre.X83
3;Niederspannungsinstalationsanlage;1,0;psch;gaeb;sonstiges/2 Jahre.X83
4;Blitzschutz und Erdungsanlagen;1,0;psch;gaeb;sonstiges/2 Jahre.X83
5;Blitzschutz und Erdungsanlagen;1,0;psch;gaeb;sonstiges/2 Jahre.X83
1;AKS: 1155_FE47401_Feuerlöschanlage CO2;1,0;psch;gaeb;sonstiges/2 Jahre.X83
1;Außentüren;1,0;psch;gaeb;sonstiges/2 Jahre.X83
1;Brand- und Rauchschutztüren;1,0;psch;gaeb;sonstiges/2 Jahre.X83
1;Tafelanlagen;1,0;psch;gaeb;sonstiges/2 Jahre.X83
1;Abwasser- Wassanlagen - Wasserverwendung;1,0;psch;gaeb;sonstiges/2 Jahre.X83
2;Abwasser- Wasser- und Gasanlagen - Abwasserführung;1,0;psch;gaeb;sonstiges/2 Jahre.X83
1;AKS: 1161_WK42201_Wärmeverteilnetz mit Raumheizflächen;1,0;psch;gaeb;sonstiges/2 Jahre.X83
1;RLT - Gerät Lüftung HS 1;1,0;psch;gaeb;sonstiges/2 Jahre.X83
2;Kälteanlage - Lüftungsanlage;1,0;psch;gaeb;sonstiges/2 Jahre.X83
3;Anlagen ohne Dampfbefeuchter (alle 3 Jahre);1,0;psch;gaeb;sonstiges/2 Jahre.X83
4;Reinigung (innen) , RLT - Gerät incl. der Komponeten, nach VDI 6022 bzw. Herstellerangabe u. dgl., im manuellen Wisch- und Absaug -/ Dampfreinigerverfahren, alle Bauteile / - elemente komplett, incl. anschliesender Wisch -/ Sprühdesinfektion, einschl. notwendiges Material bzw. Hilfsstoffe.;1,0;psch;gaeb;sonstiges/2 Jahre.X83
5;"Reinigung (außen), komplettes RLT - Gerät incl. der Komponeten, im manuellen Wisch - und Absaugverfahren, alle zugänglichen Bauteile /- Elemente ; einschl . Reinigungsmittel und Verbrauchsmaterial.";1,0;psch;gaeb;sonstiges/2 Jahre.X83
6;RLT - Gerät Lüftung HS 2;1,0;psch;gaeb;sonstiges/2 Jahre.X83
7;Kälteanlage - Lüftungsanlage;1,0;psch;gaeb;sonstiges/2 Jahre.X83
8;Anlagen ohne Dampfbefeuchter (alle 3 Jahre);1,0;psch;gaeb;sonstiges/2 Jahre.X83
9;Reinigung (innen) , RLT - Gerät incl. der Komponeten, nach VDI 6022 bzw. Herstellerangabe u. dgl., im manuellen Wisch- und Absaug -/ Dampfreinigerverfahren, alle Bauteile / - elemente komplett, incl. anschliesender Wisch -/ Sprühdesinfektion, einschl. notwendiges Material bzw. Hilfsstoffe.;1,0;psch;gaeb;sonstiges/2 Jahre.X83
10;"Reinigung (außen), komplettes RLT - Gerät incl. der Komponeten, im manuellen Wisch - und Absaugverfahren, alle zugänglichen Bauteile /- Elemente ; einschl . Reinigungsmittel und Verbrauchsmaterial.";1,0;psch;gaeb;sonstiges/2 Jahre.X83
11;AKS: 1161_LU43199_Brandschutzklappen;4,0;Stck;gaeb;sonstiges/2 Jahre.X83
12;Prüfung - Kanalrauchmelder;4,0;Stck;gaeb;sonstiges/2 Jahre.X83
13;Lüftungsanlagen - Klimasplitgerät_R1014 Serverraum;1,0;psch;gaeb;sonstiges/2 Jahre.X83
14;AKS: 1141_LU54542_Splitklimagerät;1,0;psch;gaeb;sonstiges/2 Jahre.X83
15;AKS: 9031_LU43501_Splitklimagerät_ULK3_R202;1,0;psch;gaeb;sonstiges/2 Jahre.X83
16;AKS: 9031_LU43502_Splitklimagerät_ULK4_R202;1,0;psch;gaeb;sonstiges/2 Jahre.X83
1;Niederspannungshauptverteilung;1,0;psch;gaeb;sonstiges/2 Jahre.X83
2;Niederspannungshauptverteilung;1,0;psch;gaeb;sonstiges/2 Jahre.X83
3;Niederspannungsinstallationsanlage;1,0;psch;gaeb;sonstiges/2 Jahre.X83
4;Niederspannungsinstallationsanlage;1,0;psch;gaeb;sonstiges/2 Jahre.X83
5;Allgemeinbeleuchtung;1,0;psch;gaeb;sonstiges/2 Jahre.X83
6;Sicherheitsbeleuchtung;1,0;psch;gaeb;sonstiges/2 Jahre.X83
7;Unterbrechungsfreie Stromversorgung;1,0;psch;gaeb;sonstiges/2 Jahre.X83
8;Blitzschutz und Erdungsanlagen;1,0;psch;gaeb;sonstiges/2 Jahre.X83
9;Blitzschutz und Erdungsanlagen;1,0;psch;gaeb;sonstiges/2 Jahre.X83
1;Brandmeldeanlage (BMA);1,0;psch;gaeb;sonstiges/2 Jahre.X83
2;Austausch und Inbetriebnahme eines Brandmelders vom Typ O2T;1,0;Stck;gaeb;sonstiges/2 Jahre.X83
3;Austausch und Inbetriebnahme eines Brandmelders vom Typ O Hersteller/Typ: ESSER 8000C IQ8Quad;1,0;Stck;gaeb;sonstiges/2 Jahre.X83
4;AKS: 1161....;1,0;psch;gaeb;sonstiges/2 Jahre.X83
1;AKS: 1161_FE...._Handfeuerlöscher CO 2 2kg;3,0;Stck;gaeb;sonstiges/2 Jahre.X83
2;AKS: 1161_FE...._Handfeuerlöscher CO2 5kg;2,0;Stck;gaeb;sonstiges/2 Jahre.X83
3;AKS: 1161_FE...._Handfeuerlöscher Wasser 6l;6,0;Stck;gaeb;sonstiges/2 Jahre.X83
1;Gebäudeautomation;1,0;psch;gaeb;sonstiges/2 Jahre.X83
1;Außentüren;1,0;psch;gaeb;sonstiges/2 Jahre.X83
1;Brand- und Rauchschutztüren;1,0;psch;gaeb;sonstiges/2 Jahre.X83
1;Brandschutzhaube EG;1,0;psch;gaeb;sonstiges/2 Jahre.X83
1;AKS: 1421_WA41201_Wasserverwendung;1,0;psch;gaeb;sonstiges/2 Jahre.X83
2;AKS: 1421_AB41101_Abwasserführung;1,0;psch;gaeb;sonstiges/2 Jahre.X83
1;AKS: 1421_WK42201_Wärmeverteilnetz mit Raumheizflächen;1,0;psch;gaeb;sonstiges/2 Jahre.X83
1;AKS: 1421_AL43102_Anlage 5 WC und Teeküchen;1,0;psch;gaeb;sonstiges/2 Jahre.X83
2;AKS: 1421_ZL43101_Anlage 1 für R0150;1,0;psch;gaeb;sonstiges/2 Jahre.X83
3;Elektroheizregister mit Temperaturregelsystem;1,0;psch;gaeb;sonstiges/2 Jahre.X83
4;Anlagen ohne Dampfbefeuchter (alle 3 Jahre);1,0;psch;gaeb;sonstiges/2 Jahre.X83
5;Reinigung (innen) , RLT - Gerät incl. der Komponeten, nach VDI 6022 bzw. Herstellerangabe u. dgl., im manuellen Wisch- und Absaug -/ Dampfreinigerverfahren, alle Bauteile / - elemente komplett, incl. anschliesender Wisch -/ Sprühdesinfektion, einschl. notwendiges Material bzw. Hilfsstoffe.;1,0;psch;gaeb;sonstiges/2 Jahre.X83
6;"Reinigung (außen), komplettes RLT - Gerät incl. der Komponeten, im manuellen Wisch - und Absaugverfahren, alle zugänglichen Bauteile /- Elemente ; einschl . Reinigungsmittel und Verbrauchsmaterial.";1,0;psch;gaeb;sonstiges/2 Jahre.X83
7;AKS: 1421_AL43101_Anlage 1 für R0150;1,0;psch;gaeb;sonstiges/2 Jahre.X83
8;AKS: 1421_AL43103_Anlage 2 Behinderten WC KG;1,0;psch;gaeb;sonstiges/2 Jahre.X83
9;AKS: 1421_LU43199_Brandschutzklappen;6,0;Stck;gaeb;sonstiges/2 Jahre.X83
10;AKS: 1421_LU54501_Splitklimagerät_R0150;1,0;psch;gaeb;sonstiges/2 Jahre.X83
11;AKS: 1421_LU43101_Splitklimagerät_R0150;2,0;Stck;gaeb;sonstiges/2 Jahre.X83
12;AKS: 1421_LU43103_Splitklimagerät_R0140;1,0;Stck;gaeb;sonstiges/2 Jahre.X83
13;AKS: 1421_LU43104_Splitklimagerät_R0140;1,0;psch;gaeb;sonstiges/2 Jahre.X83
14;AKS: 1421_LU43105_Splitklimagerät_R0190;1,0;psch;gaeb;sonstiges/2 Jahre.X83
15;AKS: 1421_LU43106_Splitklimagerät_R0190;1,0;psch;gaeb;sonstiges/2 Jahre.X83
16;AKS: 1421_LU54505_Splitklimagerät;1,0;psch;gaeb;sonstiges/2 Jahre.X83
17;AKS: 1421_LU43107_Splitklimagerät_R0230;1,0;psch;gaeb;sonstiges/2 Jahre.X83
18;AKS: 1421_LU43108_Splitklimagerät_R0240;1,0;psch;gaeb;sonstiges/2 Jahre.X83
19;AKS: 1421_LU43109_Splitklimagerät_R0260;1,0;psch;gaeb;sonstiges/2 Jahre.X83
20;AKS: 1421_LU43110_Splitklimagerät_R0310;1,0;psch;gaeb;sonstiges/2 Jahre.X83
21;AKS: 1421_LU43111_Splitklimagerät_R0340;1,0;psch;gaeb;sonstiges/2 Jahre.X83
22;AKS: 1421_LU43112_Splitklimagerät_R3170;1,0;psch;gaeb;sonstiges/2 Jahre.X83
23;AKS: 1421_LU43113_Splitklimagerät_R3170;1,0;psch;gaeb;sonstiges/2 Jahre.X83
24;AKS: 1421_RW43101_RA;1,0;psch;gaeb;sonstiges/2 Jahre.X83
1;Niederspannungshauptverteilung;1,0;psch;gaeb;sonstiges/2 Jahre.X83
2;Niederspannungshauptverteilung;1,0;psch;gaeb;sonstiges/2 Jahre.X83
3;Niederspannungsinstallationsanlage;1,0;psch;gaeb;sonstiges/2 Jahre.X83
4;Niederspannungsinstallationsanlage;1,0;psch;gaeb;sonstiges/2 Jahre.X83
5;Allgemeinbeleuchtung;1,0;psch;gaeb;sonstiges/2 Jahre.X83
6;Sicherheitsbeleuchtung;1,0;psch;gaeb;sonstiges/2 Jahre.X83
7;Unterbrechungsfreie Stromversorgung;1,0;psch;gaeb;sonstiges/2 Jahre.X83
8;Blitzschutz und Erdungsanlagen;1,0;psch;gaeb;sonstiges/2 Jahre.X83
9;Blitzschutz und Erdungsanlagen;1,0;psch;gaeb;sonstiges/2 Jahre.X83
1;Brandmeldeanlage (BMA);1,0;psch;gaeb;sonstiges/2 Jahre.X83
2;Austausch und Inbetriebnahme eines Brandmelders vom Typ O2T;1,0;Stck;gaeb;sonstiges/2 Jahre.X83
3;Austausch und Inbetriebnahme eines Brandmelders vom Typ O2T mit Sounder Hersteller/Typ: ESSER 8000C IQ8Quad;1,0;Stck;gaeb;sonstiges/2 Jahre.X83
4;AKS: 1422...;1,0;psch;gaeb;sonstiges/2 Jahre.X83
1;Personenaufzug;1,0;psch;gaeb;sonstiges/2 Jahre.X83
1;AKS: 1421_FE...._Handfeuerlöscher CO 2 2kg;4,0;Stck;gaeb;sonstiges/2 Jahre.X83
2;AKS: 1421_FE...._Handfeuerlöscher CO2 5kg;3,0;Stck;gaeb;sonstiges/2 Jahre.X83
3;AKS: 1421_FE...._Handfeuerlöscher Schaum 6kg;7,0;Stck;gaeb;sonstiges/2 Jahre.X83
4;AKS: 1421_FE...._Handfeuerlöscher Schaum 6kg;5,0;Stck;gaeb;sonstiges/2 Jahre.X83
5;AKS: 1421_FE...._Handfeuerlöscher Schaum 6kg - frostsicher;6,0;Stck;gaeb;sonstiges/2 Jahre.X83
6;AKS: 1421_FE...._Handfeuerlöscher Pulver 6kg;3,0;Stck;gaeb;sonstiges/2 Jahre.X83
7;AKS: 11421_;1,0;psch;gaeb;sonstiges/2 Jahre.X83
1;Gebäudeautomation;1,0;psch;gaeb;sonstiges/2 Jahre.X83
1;Außentüren;1,0;psch;gaeb;sonstiges/2 Jahre.X83
1;Brand- und Rauchschutztüren;1,0;psch;gaeb;sonstiges/2 Jahre.X83
1;AKS: 1422_WA41201_Wasserverwendung;1,0;psch;gaeb;sonstiges/2 Jahre.X83
2;AKS: 1422_AB41101_Abwasserführung;1,0;psch;gaeb;sonstiges/2 Jahre.X83
1;AKS: 1422_WK42201_Wärmeverteilnetz mit Raumheizflächen;1,0;psch;gaeb;sonstiges/2 Jahre.X83
1;AKS: 1422_AL43101_Abluft WC und Nebenräume;1,0;psch;gaeb;sonstiges/2 Jahre.X83
2;AKS: 1422_LU43199_Brandschutzklappen;9,0;Stck;gaeb;sonstiges/2 Jahre.X83
3;AKS: 1422_LU43501_Splitklimagerät_R0150;1,0;psch;gaeb;sonstiges/2 Jahre.X83
4;AKS: 1422_LU43502_Splitklimagerät_R2170;1,0;psch;gaeb;sonstiges/2 Jahre.X83
5;AKS: 1422_LU43503_Splitklimagerät_R0140;1,0;psch;gaeb;sonstiges/2 Jahre.X83
6;AKS: 1422_RW43101_RA;1,0;psch;gaeb;sonstiges/2 Jahre.X83
1;Niederspannungshauptverteilung;1,0;psch;gaeb;sonstiges/2 Jahre.X83
2;Niederspannungshauptverteilung;1,0;psch;gaeb;sonstiges/2 Jahre.X83
3;Niederspannungsinstallationsanlage;1,0;psch;gaeb;sonstiges/2 Jahre.X83
4;Niederspannungsinstallationsanlage;1,0;psch;gaeb;sonstiges/2 Jahre.X83
5;Allgemeinbeleuchtung;1,0;psch;gaeb;sonstiges/2 Jahre.X83
6;Sicherheitsbeleuchtung;1,0;psch;gaeb;sonstiges/2 Jahre.X83
7;Unterbrechungsfreie Stromversorgung;1,0;psch;gaeb;sonstiges/2 Jahre.X83
8;Blitzschutz und Erdungsanlagen;1,0;psch;gaeb;sonstiges/2 Jahre.X83
9;Blitzschutz und Erdungsanlagen;1,0;psch;gaeb;sonstiges/2 Jahre.X83
1;Brandmeldeanlage (BMA);1,0;psch;gaeb;sonstiges/2 Jahre.X83
2;Austausch und Inbetriebnahme eines Brandmelders vom Typ O2T;1,0;Stck;gaeb;sonstiges/2 Jahre.X83
3;Austausch und Inbetriebnahme eines Brandmelders vom Typ O2T mit Sounder;1,0;Stck;gaeb;sonstiges/2 Jahre.X83
4;Einbruchmeldeanlage (EMA);1,0;psch;gaeb;sonstiges/2 Jahre.X83
5;Einbruchmeldeanlage (EMA);1,0;psch;gaeb;sonstiges/2 Jahre.X83
6;AKS: 1422...;1,0;psch;gaeb;sonstiges/2 Jahre.X83
1;Personenaufzug;1,0;psch;gaeb;sonstiges/2 Jahre.X83
1;AKS: 1422_FE...._Handfeuerlöscher CO 2 2kg;3,0;Stck;gaeb;sonstiges/2 Jahre.X83
2;AKS: 1422_FE...._Handfeuerlöscher CO2 5kg;2,0;Stck;gaeb;sonstiges/2 Jahre.X83
3;AKS: 1422_FE...._Handfeuerlöscher Schaum 6kg;9,0;Stck;gaeb;sonstiges/2 Jahre.X83
4;AKS: 1422_FE...._Handfeuerlöscher Schaum 6kg - frostsicher;6,0;Stck;gaeb;sonstiges/2 Jahre.X83
5;AKS: 1422_FE...._Handfeuerlöscher Pulver 6kg;6,0;Stck;gaeb;sonstiges/2 Jahre.X83
6;AKS: 1422_FE...._Handfeuerlöscher Wasser 6l;11,0;Stck;gaeb;sonstiges/2 Jahre.X83
1;Gebäudeautomation;1,0;psch;gaeb;sonstiges/2 Jahre.X83
1;Außentüren;1,0;psch;gaeb;sonstiges/2 Jahre.X83
1;Brand- und Rauchschutztüren;1,0;psch;gaeb;sonstiges/2 Jahre.X83
1;AKS: 1431_WA41201_Wasserverwendung;1,0;psch;gaeb;sonstiges/2 Jahre.X83
2;AKS: 1431_AB41101_Abwasserführung;1,0;psch;gaeb;sonstiges/2 Jahre.X83
1;AKS: 1431_WK42201_Wärmeverteilnetz mit Raumheizflächen;1,0;psch;gaeb;sonstiges/2 Jahre.X83
1;AKS: 1431_LU43106_AUL als ZUL R 005;1,0;psch;gaeb;sonstiges/2 Jahre.X83
2;Anlagen ohne Dampfbefeuchter (alle 3 Jahre);1,0;psch;gaeb;sonstiges/2 Jahre.X83
3;Reinigung (innen) , RLT - Gerät incl. der Komponeten, nach VDI 6022 bzw. Herstellerangabe u. dgl., im manuellen Wisch- und Absaug -/ Dampfreinigerverfahren, alle Bauteile / - elemente komplett, incl. anschliesender Wisch -/ Sprühdesinfektion, einschl. notwendiges Material bzw. Hilfsstoffe.;1,0;psch;gaeb;sonstiges/2 Jahre.X83
4;"Reinigung (außen), komplettes RLT - Gerät incl. der Komponeten, im manuellen Wisch - und Absaugverfahren, alle zugänglichen Bauteile /- Elemente ; einschl . Reinigungsmittel und Verbrauchsmaterial.";1,0;psch;gaeb;sonstiges/2 Jahre.X83
5;AKS: 1431_LU43107_Abluft R 005;1,0;psch;gaeb;sonstiges/2 Jahre.X83
6;AKS: 1431_LU43108_AUL als ZUL R 001;1,0;psch;gaeb;sonstiges/2 Jahre.X83
7;Anlagen ohne Dampfbefeuchter (alle 3 Jahre);1,0;psch;gaeb;sonstiges/2 Jahre.X83
8;Reinigung (innen) , RLT - Gerät incl. der Komponeten, nach VDI 6022 bzw. Herstellerangabe u. dgl., im manuellen Wisch- und Absaug -/ Dampfreinigerverfahren, alle Bauteile / - elemente komplett, incl. anschliesender Wisch -/ Sprühdesinfektion, einschl. notwendiges Material bzw. Hilfsstoffe.;1,0;psch;gaeb;sonstiges/2 Jahre.X83
9;"Reinigung (außen), komplettes RLT - Gerät incl. der Komponeten, im manuellen Wisch - und Absaugverfahren, alle zugänglichen Bauteile /- Elemente ; einschl . Reinigungsmittel und Verbrauchsmaterial.";1,0;psch;gaeb;sonstiges/2 Jahre.X83
10;AKS: 1431_LU43109_Abluft R 001;1,0;psch;gaeb;sonstiges/2 Jahre.X83
11;AKS: 1431_ZL43..._Anlage  für R 609b;1,0;psch;gaeb;sonstiges/2 Jahre.X83
12;Anlagen ohne Dampfbefeuchter (alle 3 Jahre);1,0;psch;gaeb;sonstiges/2 Jahre.X83
13;Reinigung (innen) , RLT - Gerät incl. der Komponeten, nach VDI 6022 bzw. Herstellerangabe u. dgl., im manuellen Wisch- und Absaug -/ Dampfreinigerverfahren, alle Bauteile / - elemente komplett, incl. anschliesender Wisch -/ Sprühdesinfektion, einschl. notwendiges Material bzw. Hilfsstoffe.;1,0;psch;gaeb;sonstiges/2 Jahre.X83
14;"Reinigung (außen), komplettes RLT - Gerät incl. der Komponeten, im manuellen Wisch - und Absaugverfahren, alle zugänglichen Bauteile /- Elemente ; einschl . Reinigungsmittel und Verbrauchsmaterial.";1,0;psch;gaeb;sonstiges/2 Jahre.X83
15;AKS: 1111_AL43..._Laborabzug / Sicherheitsschrank R 609b;1,0;psch;gaeb;sonstiges/2 Jahre.X83
16;AKS: 1431_LU43199_Brandschutzklappen;5,0;Stck;gaeb;sonstiges/2 Jahre.X83
17;AKS: 1431_LU54501_Splitklimagerät_im Drempel;1,0;psch;gaeb;sonstiges/2 Jahre.X83
18;AKS: 1431_LU43101_Splitklimagerät_R101;1,0;psch;gaeb;sonstiges/2 Jahre.X83
19;AKS: 1431_LU43102_Splitklimagerät_R301;1,0;psch;gaeb;sonstiges/2 Jahre.X83
20;AKS: 1431_LU43103_Splitklimagerät_R501;1,0;psch;gaeb;sonstiges/2 Jahre.X83
21;AKS: 1431_LU43104_Splitklimagerät_R601;1,0;psch;gaeb;sonstiges/2 Jahre.X83
22;AKS: 1431_LU43105_Splitklimagerät_R002;1,0;psch;gaeb;sonstiges/2 Jahre.X83
23;AKS: 1431_RW43101_RWA_TH;1,0;psch;gaeb;sonstiges/2 Jahre.X83
1;AKS: 1431_WK43501_Kälteversorgung R001;1,0;psch;gaeb;sonstiges/2 Jahre.X83
2;AKS: 1431_WK43502_Kälteversorgung R002;1,0;psch;gaeb;sonstiges/2 Jahre.X83
3;AKS: 1431_WK43503_Kälteversorgung R004;1,0;psch;gaeb;sonstiges/2 Jahre.X83
4;AKS: 1431_WK43504_Kälteversorgung R005;1,0;psch;gaeb;sonstiges/2 Jahre.X83
1;Niederspannungshauptverteilung;1,0;psch;gaeb;sonstiges/2 Jahre.X83
2;Niederspannungshauptverteilung;1,0;psch;gaeb;sonstiges/2 Jahre.X83
3;Niederspannungsinstallationsanlage;1,0;psch;gaeb;sonstiges/2 Jahre.X83
4;Niederspannungsinstallationsanlage;1,0;psch;gaeb;sonstiges/2 Jahre.X83
5;Allgemeinbeleuchtung;1,0;psch;gaeb;sonstiges/2 Jahre.X83
6;Sicherheitsbeleuchtung;1,0;psch;gaeb;sonstiges/2 Jahre.X83
7;Blitzschutz und Erdungsanlagen;1,0;psch;gaeb;sonstiges/2 Jahre.X83
8;Blitzschutz und Erdungsanlagen;1,0;psch;gaeb;sonstiges/2 Jahre.X83
1;Brandmeldeanlage (BMA);1,0;psch;gaeb;sonstiges/2 Jahre.X83
2;Austausch und Inbetriebnahme eines Brandmelders vom Typ O2T;1,0;Stck;gaeb;sonstiges/2 Jahre.X83
3;AKS: 1431...;1,0;psch;gaeb;sonstiges/2 Jahre.X83
1;Personenaufzug;1,0;psch;gaeb;sonstiges/2 Jahre.X83
1;AKS: 1431_GG47301_Drucklufterzeugung;1,0;psch;gaeb;sonstiges/2 Jahre.X83
2;AKS: 1431_GG47301_Druckluft- Verteilsystem;1,0;psch;gaeb;sonstiges/2 Jahre.X83
3;AKS: 1431_LA47301_Sicherheitsschr._Gefahrstoffe_R609;1,0;psch;gaeb;sonstiges/2 Jahre.X83
4;AKS: 1431_LA47501_Digestorium_Etage 6_R609;1,0;psch;gaeb;sonstiges/2 Jahre.X83
5;AKS: 1431_FE...._Handfeuerlöscher CO2 5kg;5,0;Stck;gaeb;sonstiges/2 Jahre.X83
6;AKS: 1431_FE...._Handfeuerlöscher Schaum 6kg;9,0;Stck;gaeb;sonstiges/2 Jahre.X83
7;AKS: 1431_FE...._Handfeuerlöscher Schaum 6kg;5,0;Stck;gaeb;sonstiges/2 Jahre.X83
8;AKS: 1431_FE...._Handfeuerlöscher Schaum 6kg - frostsicher;3,0;Stck;gaeb;sonstiges/2 Jahre.X83
9;AKS: 1431_FE...._Handfeuerlöscher Pulver 6kg;3,0;Stck;gaeb;sonstiges/2 Jahre.X83
1;Gebäudeautomation;1,0;psch;gaeb;sonstiges/2 Jahre.X83
1;Außentüren;1,0;psch;gaeb;sonstiges/2 Jahre.X83
1;Brand- und Rauchschutztüren;1,0;psch;gaeb;sonstiges/2 Jahre.X83
1;AKS: 1432_WK42201_Wärmeverteilnetz mit Raumheizflächen;1,0;psch;gaeb;sonstiges/2 Jahre.X83
1;Niederspannungshauptverteilung;1,0;psch;gaeb;sonstiges/2 Jahre.X83
2;Niederspannungshauptverteilung;1,0;psch;gaeb;sonstiges/2 Jahre.X83
3;Niederspannungsinstallationsanlage;1,0;psch;gaeb;sonstiges/2 Jahre.X83
4;Niederspannungsinstallationsanlage;1,0;psch;gaeb;sonstiges/2 Jahre.X83
5;Allgemeinbeleuchtung;1,0;psch;gaeb;sonstiges/2 Jahre.X83
6;Blitzschutz und Erdungsanlagen;1,0;psch;gaeb;sonstiges/2 Jahre.X83
7;Blitzschutz und Erdungsanlagen;1,0;psch;gaeb;sonstiges/2 Jahre.X83
1;AKS: 1432_FE...._Handfeuerlöscher Pulver 6kg;1,0;Stck;gaeb;sonstiges/2 Jahre.X83
1;Außentüren;1,0;psch;gaeb;sonstiges/2 Jahre.X83
1;Brand- und Rauchschutztüren;1,0;psch;gaeb;sonstiges/2 Jahre.X83
1;AKS: 1461_WA41201_Wasserverwendung;1,0;psch;gaeb;sonstiges/2 Jahre.X83
2;AKS: 1461_AB41101_Hebeanlage Pumpensumpf;1,0;psch;gaeb;sonstiges/2 Jahre.X83
1;Niederspannungshauptverteilung;1,0;psch;gaeb;sonstiges/2 Jahre.X83
2;Niederspannungshauptverteilung;1,0;psch;gaeb;sonstiges/2 Jahre.X83
3;Niederspannungsinstallationsanlage;1,0;psch;gaeb;sonstiges/2 Jahre.X83
4;Niederspannungsinstallationsanlage;1,0;psch;gaeb;sonstiges/2 Jahre.X83
5;Allgemeinbeleuchtung;1,0;psch;gaeb;sonstiges/2 Jahre.X83
6;Blitzschutz und Erdungsanlagen;1,0;psch;gaeb;sonstiges/2 Jahre.X83
7;Blitzschutz und Erdungsanlagen;1,0;psch;gaeb;sonstiges/2 Jahre.X83
1;Außentüren;1,0;psch;gaeb;sonstiges/2 Jahre.X83
1;Brand- und Rauchschutztüren;1,0;psch;gaeb;sonstiges/2 Jahre.X83
1;AKS: 1462_WA41201_Wasserverwendung;1,0;psch;gaeb;sonstiges/2 Jahre.X83
2;AKS: 1462_ER41302_Druckregelanlage der TU;1,0;psch;gaeb;sonstiges/2 Jahre.X83
3;AKS: 1462_ER41301_Gebrauchsfähigkeitsprüfung Erdgas;1,0;psch;gaeb;sonstiges/2 Jahre.X83
1;AKS: 1462_WK42101_Wärmeerzeuger;1,0;psch;gaeb;sonstiges/2 Jahre.X83
2;AKS: 1462_WK42201_Wärmeverteilnetz mit Raumheizflächen;1,0;psch;gaeb;sonstiges/2 Jahre.X83
1;Niederspannungshauptverteilung;1,0;psch;gaeb;sonstiges/2 Jahre.X83
2;Niederspannungsinstallationsanlage;1,0;psch;gaeb;sonstiges/2 Jahre.X83
3;Blitzschutz und Erdungsanlagen;1,0;psch;gaeb;sonstiges/2 Jahre.X83
1;AKS: 1432_FE...._Handfeuerlöscher CO2 5kg;1,0;Stck;gaeb;sonstiges/2 Jahre.X83
2;AKS: 1462_FE...._Handfeuerlöscher Pulver 6kg;1,0;Stck;gaeb;sonstiges/2 Jahre.X83
1;Außentüren;1,0;psch;gaeb;sonstiges/2 Jahre.X83
1;Brand- und Rauchschutztüren;1,0;psch;gaeb;sonstiges/2 Jahre.X83
1;AKS: 1481_WA41201_Wasserverwendung;1,0;psch;gaeb;sonstiges/2 Jahre.X83
2;AKS: 1481_AB41101_Abwasserführung;1,0;psch;gaeb;sonstiges/2 Jahre.X83
1;AKS: 1481_WK42201_Wärmeverteilnetz mit Raumheizflächen;1,0;psch;gaeb;sonstiges/2 Jahre.X83
1;AKS: 1481_LU43201_Zuluft ASC;1,0;psch;gaeb;sonstiges/2 Jahre.X83
2;Anlagen ohne Dampfbefeuchter (alle 3 Jahre);1,0;psch;gaeb;sonstiges/2 Jahre.X83
3;Reinigung (innen) , RLT - Gerät incl. der Komponeten, nach VDI 6022 bzw. Herstellerangabe u. dgl., im manuellen Wisch- und Absaug -/ Dampfreinigerverfahren, alle Bauteile / - elemente komplett, incl. anschliesender Wisch -/ Sprühdesinfektion, einschl. notwendiges Material bzw. Hilfsstoffe.;1,0;psch;gaeb;sonstiges/2 Jahre.X83
4;"Reinigung (außen), komplettes RLT - Gerät incl. der Komponeten, im manuellen Wisch - und Absaugverfahren, alle zugänglichen Bauteile /- Elemente ; einschl . Reinigungsmittel und Verbrauchsmaterial.";1,0;psch;gaeb;sonstiges/2 Jahre.X83
5;AKS: 1481_WK43501_Kälteanlage als direktes  Bestandteil;1,0;psch;gaeb;sonstiges/2 Jahre.X83
6;AKS: 1481_AL43103_Abluft ASC;1,0;psch;gaeb;sonstiges/2 Jahre.X83
7;AKS: 1481_AL43101_Abluft_WC_R1008;1,0;psch;gaeb;sonstiges/2 Jahre.X83
8;AKS: 1481_AL43102_Abluft_WC_R1006;1,0;psch;gaeb;sonstiges/2 Jahre.X83
9;AKS: 1481_LU43199_Brandschutzklappen;2,0;Stck;gaeb;sonstiges/2 Jahre.X83
1;Niederspannungshauptverteilung;1,0;psch;gaeb;sonstiges/2 Jahre.X83
2;Niederspannungsinstallationsanlage;1,0;psch;gaeb;sonstiges/2 Jahre.X83
3;Niederspannungsinstallationsanlage- und Hauptverteilung;1,0;psch;gaeb;sonstiges/2 Jahre.X83
4;Allgemeinbeleuchtung;1,0;psch;gaeb;sonstiges/2 Jahre.X83
5;Sicherheitsbeleuchtung;1,0;psch;gaeb;sonstiges/2 Jahre.X83
1;Personenaufzug;1,0;psch;gaeb;sonstiges/2 Jahre.X83
1;AKS: 1481_FE...._Handfeuerlöscher CO2 5kg;1,0;Stck;gaeb;sonstiges/2 Jahre.X83
2;AKS: 1481_FE...._Handfeuerlöscher Wasser 6l;3,0;Stck;gaeb;sonstiges/2 Jahre.X83
1;Gebäudeautomation;1,0;psch;gaeb;sonstiges/2 Jahre.X83
1;Außentüren;1,0;psch;gaeb;sonstiges/2 Jahre.X83
1;Brand- und Rauchschutztüren;1,0;psch;gaeb;sonstiges/2 Jahre.X83
1;Abwasser- und Wasseranlagen - Wasserverwendung;1,0;psch;gaeb;sonstiges/2 Jahre.X83
2;AKS: 1482_AB41101_Abwasserführung;1,0;psch;gaeb;sonstiges/2 Jahre.X83
3;Hebeanlage Pumpensumpf;1,0;psch;gaeb;sonstiges/2 Jahre.X83
1;1482_WK42201_Wärmeverteilnetz mit Raumheitsflächen;1,0;psch;gaeb;sonstiges/2 Jahre.X83
1;Zuluftventilator - Anlage 1 UB Magazin;1,0;psch;gaeb;sonstiges/2 Jahre.X83
2;Anlagen ohne Dampfbefeuchter (alle 3 Jahre);1,0;psch;gaeb;sonstiges/2 Jahre.X83
3;Reinigung (innen) , RLT - Gerät incl. der Komponeten, nach VDI 6022 bzw. Herstellerangabe u. dgl., im manuellen Wisch- und Absaug -/ Dampfreinigerverfahren, alle Bauteile / - elemente komplett, incl. anschliesender Wisch -/ Sprühdesinfektion, einschl. notwendiges Material bzw. Hilfsstoffe.;1,0;psch;gaeb;sonstiges/2 Jahre.X83
4;"Reinigung (außen), komplettes RLT - Gerät incl. der Komponeten, im manuellen Wisch - und Absaugverfahren, alle zugänglichen Bauteile /- Elemente ; einschl . Reinigungsmittel und Verbrauchsmaterial.";1,0;psch;gaeb;sonstiges/2 Jahre.X83
5;Abluftventilator - Anlage 1 UB Magazin;1,0;psch;gaeb;sonstiges/2 Jahre.X83
6;Abluft_Kleinraumventilator WC R101;1,0;psch;gaeb;sonstiges/2 Jahre.X83
7;Abluft - Fortluft R004;1,0;psch;gaeb;sonstiges/2 Jahre.X83
1;Niederspannungsinstallationsanlage;1,0;psch;gaeb;sonstiges/2 Jahre.X83
2;Niederspannungsinstallationsanlage;1,0;psch;gaeb;sonstiges/2 Jahre.X83
3;Allgemeinbeleuchtung;1,0;psch;gaeb;sonstiges/2 Jahre.X83
4;Sicherheitsbeleuchtung;1,0;psch;gaeb;sonstiges/2 Jahre.X83
5;Blitzschutz- und Erdungsanlagen;1,0;psch;gaeb;sonstiges/2 Jahre.X83
6;Blitzschutz- und Erdungsanlagen;1,0;psch;gaeb;sonstiges/2 Jahre.X83
1;Lastenaufzug;1,0;psch;gaeb;sonstiges/2 Jahre.X83
1;AKS: 1482_FE...._Handfeuerlöscher Schaum 6kg;2,0;Stck;gaeb;sonstiges/2 Jahre.X83
2;AKS: 1482_FE...._Handfeuerlöscher Wasser 6l;3,0;Stck;gaeb;sonstiges/2 Jahre.X83
1;Gebäudeautomation;1,0;psch;gaeb;sonstiges/2 Jahre.X83
1;Außentüren;1,0;psch;gaeb;sonstiges/2 Jahre.X83
1;Brand- und Rauchschutztüren;1,0;psch;gaeb;sonstiges/2 Jahre.X83
1;AKS: 1612_WA41201_Wasserverwendung;1,0;psch;gaeb;sonstiges/2 Jahre.X83
2;AKS: 1612_AB41101_Abwasserführung;1,0;psch;gaeb;sonstiges/2 Jahre.X83
1;AKS: 1612_WK42201_Wärmeverteilnetz mit Raumheizflächen;1,0;psch;gaeb;sonstiges/2 Jahre.X83
1;AKS: 1612_LU43101_Späneabsaugung mit Rückluft;1,0;psch;gaeb;sonstiges/2 Jahre.X83
2;AKS: 1612_LU43199_Brandschutzklappen;1,0;Stck;gaeb;sonstiges/2 Jahre.X83
1;Niederspannungshauptverteilung;1,0;psch;gaeb;sonstiges/2 Jahre.X83
2;Niederspannungsinstallationsanlage;1,0;psch;gaeb;sonstiges/2 Jahre.X83
3;Niederspannungsinstallationsanlage- und Hauptverteilung;1,0;psch;gaeb;sonstiges/2 Jahre.X83
4;Allgemeinbeleuchtung;1,0;psch;gaeb;sonstiges/2 Jahre.X83
5;Blitzschutz und Erdungsanlagen;1,0;psch;gaeb;sonstiges/2 Jahre.X83
6;Blitzschutz und Erdungsanlagen;1,0;psch;gaeb;sonstiges/2 Jahre.X83
1;AKS: 1612_FE...._Handfeuerlöscher CO 2 2kg;2,0;Stck;gaeb;sonstiges/2 Jahre.X83
2;AKS: 1612_FE...._Handfeuerlöscher Pulver 6kg;2,0;Stck;gaeb;sonstiges/2 Jahre.X83
1;Außentüren;1,0;psch;gaeb;sonstiges/2 Jahre.X83
1;Brand- und Rauchschutztüren;1,0;psch;gaeb;sonstiges/2 Jahre.X83
1;Tafelanlagen;1,0;psch;gaeb;sonstiges/2 Jahre.X83
1;AKS: 1621_WA41201_Wasserverwendung;1,0;psch;gaeb;sonstiges/2 Jahre.X83
2;AKS: 1621_AB41101_Abwasserführung;1,0;psch;gaeb;sonstiges/2 Jahre.X83
1;AKS: 1621_WK42201_Wärmeverteilnetz mit Raumheizfläche;1,0;psch;gaeb;sonstiges/2 Jahre.X83
1;AKS: 1621_AL43101_WC Fortluft R021;1,0;psch;gaeb;sonstiges/2 Jahre.X83
2;AKS: 1621_AL43102_WC Fortluft R112;1,0;psch;gaeb;sonstiges/2 Jahre.X83
3;AKS: 1621_AL43103_WC Fortluft R113;1,0;psch;gaeb;sonstiges/2 Jahre.X83
4;AKS: 1621_AL43104_Abluft Glasbläser R031;1,0;psch;gaeb;sonstiges/2 Jahre.X83
5;AKS: 1621_AL43105_Abluft Lagerschr. Chemie Glasbl. R028;1,0;psch;gaeb;sonstiges/2 Jahre.X83
6;AKS: 1621_AL43109_Abluft_Beh. WC R013;1,0;psch;gaeb;sonstiges/2 Jahre.X83
7;AKS: 1621_LU43101_Zuluft über Klimatruhen Glasbläser;1,0;psch;gaeb;sonstiges/2 Jahre.X83
8;Anlagen ohne Dampfbefeuchter (alle 3 Jahre);1,0;psch;gaeb;sonstiges/2 Jahre.X83
9;Reinigung (innen) , RLT - Gerät incl. der Komponeten, nach VDI 6022 bzw. Herstellerangabe u. dgl., im manuellen Wisch- und Absaug -/ Dampfreinigerverfahren, alle Bauteile / - elemente komplett, incl. anschliesender Wisch -/ Sprühdesinfektion, einschl. notwendiges Material bzw. Hilfsstoffe.;1,0;psch;gaeb;sonstiges/2 Jahre.X83
10;"Reinigung (außen), komplettes RLT - Gerät incl. der Komponeten, im manuellen Wisch - und Absaugverfahren, alle zugänglichen Bauteile /- Elemente ; einschl . Reinigungsmittel und Verbrauchsmaterial.";1,0;psch;gaeb;sonstiges/2 Jahre.X83
11;AKS: 1621_AL43110_Technikraum_Kälteanlage;1,0;psch;gaeb;sonstiges/2 Jahre.X83
12;AKS: 1621_LU43101_Hörsaal;1,0;psch;gaeb;sonstiges/2 Jahre.X83
13;Anlagen ohne Dampfbefeuchter (alle 3 Jahre);1,0;psch;gaeb;sonstiges/2 Jahre.X83
14;Reinigung (innen) , RLT - Gerät incl. der Komponeten, nach VDI 6022 bzw. Herstellerangabe u. dgl., im manuellen Wisch- und Absaug -/ Dampfreinigerverfahren, alle Bauteile / - elemente komplett, incl. anschliesender Wisch -/ Sprühdesinfektion, einschl. notwendiges Material bzw. Hilfsstoffe.;1,0;psch;gaeb;sonstiges/2 Jahre.X83
15;"Reinigung (außen), komplettes RLT - Gerät incl. der Komponeten, im manuellen Wisch - und Absaugverfahren, alle zugänglichen Bauteile /- Elemente ; einschl . Reinigungsmittel und Verbrauchsmaterial.";1,0;psch;gaeb;sonstiges/2 Jahre.X83
16;AKS: 1621_LU43102_Waschmaschinenraum;1,0;psch;gaeb;sonstiges/2 Jahre.X83
17;Anlagen ohne Dampfbefeuchter (alle 3 Jahre);1,0;psch;gaeb;sonstiges/2 Jahre.X83
18;Reinigung (innen) , RLT - Gerät incl. der Komponeten, nach VDI 6022 bzw. Herstellerangabe u. dgl., im manuellen Wisch- und Absaug -/ Dampfreinigerverfahren, alle Bauteile / - elemente komplett, incl. anschliesender Wisch -/ Sprühdesinfektion, einschl. notwendiges Material bzw. Hilfsstoffe.;1,0;psch;gaeb;sonstiges/2 Jahre.X83
19;"Reinigung (außen), komplettes RLT - Gerät incl. der Komponeten, im manuellen Wisch - und Absaugverfahren, alle zugänglichen Bauteile /- Elemente ; einschl . Reinigungsmittel und Verbrauchsmaterial.";1,0;psch;gaeb;sonstiges/2 Jahre.X83
20;AKS: 1121_LU43199_Brandschutzklappen;2,0;Stck;gaeb;sonstiges/2 Jahre.X83
21;AKS: 1621_RW43101_RA;1,0;psch;gaeb;sonstiges/2 Jahre.X83
1;Niederspannungshauptverteilung;1,0;psch;gaeb;sonstiges/2 Jahre.X83
2;Niederspannungshauptverteilung;1,0;psch;gaeb;sonstiges/2 Jahre.X83
3;Niederspannungsinstallationsanlage;1,0;psch;gaeb;sonstiges/2 Jahre.X83
4;Niederspannungsinstallationsanlage;1,0;psch;gaeb;sonstiges/2 Jahre.X83
5;Allgemeinbeleuchtung;1,0;psch;gaeb;sonstiges/2 Jahre.X83
6;Sicherheitsbeleuchtung;1,0;psch;gaeb;sonstiges/2 Jahre.X83
7;Blitzschutz und Erdungsanlagen;1,0;psch;gaeb;sonstiges/2 Jahre.X83
8;Blitzschutz und Erdungsanlagen;1,0;psch;gaeb;sonstiges/2 Jahre.X83
1;Brandmeldeanlage (BMA);1,0;psch;gaeb;sonstiges/2 Jahre.X83
2;Austausch und Inbetriebnahme eines Brandmelders vom Typ O2T;1,0;Stck;gaeb;sonstiges/2 Jahre.X83
3;Austausch und Inbetriebnahme eines Brandmelders vom Typ O2T;1,0;Stck;gaeb;sonstiges/2 Jahre.X83
4;AKS: 1621...;1,0;psch;gaeb;sonstiges/2 Jahre.X83
1;Lastenaufzug;1,0;psch;gaeb;sonstiges/2 Jahre.X83
1;AKS: 1621_FE...._Handfeuerlöscher CO 2 2kg;7,0;Stck;gaeb;sonstiges/2 Jahre.X83
2;AKS: 1621_FE...._Handfeuerlöscher CO2 5kg;7,0;Stck;gaeb;sonstiges/2 Jahre.X83
3;AKS: 1621_FE...._Handfeuerlöscher Schaum 6kg;2,0;Stck;gaeb;sonstiges/2 Jahre.X83
4;AKS: 1621_FE...._Handfeuerlöscher Schaum 9kg;1,0;Stck;gaeb;sonstiges/2 Jahre.X83
5;AKS: 1621_FE...._Handfeuerlöscher Schaum 6kg - frostsicher;4,0;Stck;gaeb;sonstiges/2 Jahre.X83
6;AKS: 1621_FE...._Kompaktfeuerlöscher Pulver 2kg;6,0;Stck;gaeb;sonstiges/2 Jahre.X83
7;AKS: 1621_FE...._Handfeuerlöscher Wasser 6l;2,0;Stck;gaeb;sonstiges/2 Jahre.X83
8;AKS: 1621_ER47301_Erdgas Glasbläser;1,0;Stck;gaeb;sonstiges/2 Jahre.X83
1;Gebäudeautomation;1,0;psch;gaeb;sonstiges/2 Jahre.X83
1;Fertigteilgarage;1,0;psch;gaeb;sonstiges/2 Jahre.X83
2;Fertigteilgarage;1,0;psch;gaeb;sonstiges/2 Jahre.X83
1;AKS: 1422_FE...._Handfeuerlöscher CO 2 2kg;5,0;Stck;gaeb;sonstiges/2 Jahre.X83
2;AKS: 1622_FE...._Kompaktfeuerlöscher Pulver 2kg;7,0;Stck;gaeb;sonstiges/2 Jahre.X83
3;AKS: 1622_FE...._Handfeuerlöscher CO 2 2kg;2,0;Stck;gaeb;sonstiges/2 Jahre.X83
4;AKS: 1622_FE...._Handfeuerlöscher CO2 5kg;3,0;Stck;gaeb;sonstiges/2 Jahre.X83
5;AKS: 1622_FE...._Handfeuerlöscher Pulver 6kg;2,0;Stck;gaeb;sonstiges/2 Jahre.X83
1;Außentüren;1,0;psch;gaeb;sonstiges/2 Jahre.X83
1;Brand- und Rauchschutztüren;1,0;psch;gaeb;sonstiges/2 Jahre.X83
1;Abwasser- Wassanlagen - Wasserverwendung;1,0;psch;gaeb;sonstiges/2 Jahre.X83
2;Abwasser- Wasseranlagen - Abwasserführung;1,0;psch;gaeb;sonstiges/2 Jahre.X83
1;AKS: 1623_WK42201_Wärmeverteilnetz mit Raumheizflächen;1,0;psch;gaeb;sonstiges/2 Jahre.X83
1;Niederspannungshauptverteilung;1,0;psch;gaeb;sonstiges/2 Jahre.X83
2;Niederspannungsinstallationsanlage;1,0;psch;gaeb;sonstiges/2 Jahre.X83
3;Niederspannungsinstallationsanlage- und Hauptverteilung;1,0;psch;gaeb;sonstiges/2 Jahre.X83
4;Allgemeinbeleuchtung;1,0;psch;gaeb;sonstiges/2 Jahre.X83
5;Blitzschutz und Erdungsanlagen;1,0;psch;gaeb;sonstiges/2 Jahre.X83
6;Blitzschutz und Erdungsanlagen;1,0;psch;gaeb;sonstiges/2 Jahre.X83
1;Gebäudeautomation;1,0;psch;gaeb;sonstiges/2 Jahre.X83
1;Fertigteilgarage;1,0;psch;gaeb;sonstiges/2 Jahre.X83
2;Fertigteilgarage;1,0;psch;gaeb;sonstiges/2 Jahre.X83
1;Außentüren;1,0;psch;gaeb;sonstiges/2 Jahre.X83
1;Brand- und Rauchschutztüren;1,0;psch;gaeb;sonstiges/2 Jahre.X83
1;AKS: 1642_WA41201_Wasserverwendung;1,0;psch;gaeb;sonstiges/2 Jahre.X83
2;AKS: 1642_AB41101_Abwasserführung;1,0;psch;gaeb;sonstiges/2 Jahre.X83
3;AKS: 1642_AB41101_ Hebeanlage Pumpensumpf;1,0;psch;gaeb;sonstiges/2 Jahre.X83
1;AKS: 1642_WK42201_Wärmeverteilnetz mit Raumheizflächen;1,0;psch;gaeb;sonstiges/2 Jahre.X83
1;AKS: 1642_AL43101_Abluft_WC_R116;1,0;psch;gaeb;sonstiges/2 Jahre.X83
2;AKS: 1642_AL43102_Abluft_WC_R117;1,0;psch;gaeb;sonstiges/2 Jahre.X83
3;Abluft_Kleinraumventilator - R118;1,0;psch;gaeb;sonstiges/2 Jahre.X83
4;AKS: 1642_AL43104_Abluft_WC_R101;1,0;psch;gaeb;sonstiges/2 Jahre.X83
5;AKS: 1642_RW43101_RA;1,0;psch;gaeb;sonstiges/2 Jahre.X83
1;Niederspannungshauptverteilung;1,0;psch;gaeb;sonstiges/2 Jahre.X83
2;Niederspannungshauptverteilung;1,0;psch;gaeb;sonstiges/2 Jahre.X83
3;Niederspannungsinstallationsanlage;1,0;psch;gaeb;sonstiges/2 Jahre.X83
4;Niederspannungsinstallationsanlage;1,0;psch;gaeb;sonstiges/2 Jahre.X83
5;Allgemeinbeleuchtung;1,0;psch;gaeb;sonstiges/2 Jahre.X83
6;Sicherheitsbeleuchtung;1,0;psch;gaeb;sonstiges/2 Jahre.X83
7;Blitzschutz und Erdungsanlagen;1,0;psch;gaeb;sonstiges/2 Jahre.X83
8;Blitzschutz und Erdungsanlagen;1,0;psch;gaeb;sonstiges/2 Jahre.X83
1;AKS: 1642...;1,0;psch;gaeb;sonstiges/2 Jahre.X83
1;AKS: 1642_FE...._Handfeuerlöscher Schaum 9kg;8,0;Stck;gaeb;sonstiges/2 Jahre.X83
1;Außentüren;1,0;psch;gaeb;sonstiges/2 Jahre.X83
1;Brand- und Rauchschutztüren;1,0;psch;gaeb;sonstiges/2 Jahre.X83
1;AKS: 1651_WA41201_Wasserverwendung;1,0;psch;gaeb;sonstiges/2 Jahre.X83
2;AKS: 1651_AB41101_Abwasserführung;1,0;psch;gaeb;sonstiges/2 Jahre.X83
3;AKS: 1651_ER41301_Erdgasverwendung;1,0;psch;gaeb;sonstiges/2 Jahre.X83
4;AKS: 1651_ER41301_Gebrauchsfähigkeitsprüfung Erdgas;1,0;psch;gaeb;sonstiges/2 Jahre.X83
1;AKS: 1651_WK42201_Wärmeverteilnetz mit Raumheizflächen;1,0;psch;gaeb;sonstiges/2 Jahre.X83
1;AKS: 1651_AL43101_Abluft Nebenräume;1,0;psch;gaeb;sonstiges/2 Jahre.X83
1;Niederspannungshauptverteilung;1,0;psch;gaeb;sonstiges/2 Jahre.X83
2;Niederspannungsinstallationsanlage;1,0;psch;gaeb;sonstiges/2 Jahre.X83
3;Allgemeinbeleuchtung;1,0;psch;gaeb;sonstiges/2 Jahre.X83
4;Blindstromkompensation;1,0;psch;gaeb;sonstiges/2 Jahre.X83
5;Blitzschutz und Erdungsanlagen;1,0;psch;gaeb;sonstiges/2 Jahre.X83
6;Blitzschutz und Erdungsanlagen;1,0;psch;gaeb;sonstiges/2 Jahre.X83
1;AKS: 1651...;1,0;psch;gaeb;sonstiges/2 Jahre.X83
1;AKS: 1651_GG47301_Druckluft- Verteilsystem;1,0;psch;gaeb;sonstiges/2 Jahre.X83
2;AKS: 1651_FE...._Handfeuerlöscher CO2 5kg;3,0;Stck;gaeb;sonstiges/2 Jahre.X83
3;AKS: 1651_FE...._Handfeuerlöscher Schaum 6kg;1,0;Stck;gaeb;sonstiges/2 Jahre.X83
4;AKS: 1651_FE...._Handfeuerlöscher Schaum 6kg - frostsicher;2,0;Stck;gaeb;sonstiges/2 Jahre.X83
5;AKS: 1651_FE...._Handfeuerlöscher Pulver 6kg;1,0;Stck;gaeb;sonstiges/2 Jahre.X83
1;Außentüren;1,0;psch;gaeb;sonstiges/2 Jahre.X83
2;Rolltore/Sektionaltore;1,0;psch;gaeb;sonstiges/2 Jahre.X83
1;Brand- und Rauchschutztüren;1,0;psch;gaeb;sonstiges/2 Jahre.X83
1;AKS: 1661_WA41201_Wasserverwendung;1,0;psch;gaeb;sonstiges/2 Jahre.X83
2;AKS: 1661_AB41101_Abwasserführung;1,0;psch;gaeb;sonstiges/2 Jahre.X83
1;AKS: 1661_WK42201_Wärmeverteilnetz mit Raumheizflächen;1,0;psch;gaeb;sonstiges/2 Jahre.X83
1;AKS: 1661_AL43101_Dachventilator;1,0;psch;gaeb;sonstiges/2 Jahre.X83
2;AKS: 1661_AL43102_Dachventilator;1,0;psch;gaeb;sonstiges/2 Jahre.X83
3;AKS: 1661_AL43103_Dachventilator;1,0;psch;gaeb;sonstiges/2 Jahre.X83
4;AKS: 1661_AL43104_Abluft_WC_R2180;1,0;psch;gaeb;sonstiges/2 Jahre.X83
5;AKS: 1661_AL43105_Labor;1,0;psch;gaeb;sonstiges/2 Jahre.X83
6;AKS: 1661_AL43106_Batterieraum und Serverraum;1,0;psch;gaeb;sonstiges/2 Jahre.X83
7;AKS: 1661_AL43107_Abgase KFZ;1,0;psch;gaeb;sonstiges/2 Jahre.X83
8;AKS: 1661_AL43108_Abgase KFZ;1,0;psch;gaeb;sonstiges/2 Jahre.X83
9;AKS: 1661_LU43101_Lüftungsanlage LA2 für Schirmhalle;1,0;psch;gaeb;sonstiges/2 Jahre.X83
10;AKS: 1661_LU43102_ULKs;11,0;Stck;gaeb;sonstiges/2 Jahre.X83
11;AKS: 1661_LU43199_Kanalrauchmelder;7,0;Stck;gaeb;sonstiges/2 Jahre.X83
12;AKS: 1661_LU43199_ Volumenstromregler;27,0;Stck;gaeb;sonstiges/2 Jahre.X83
13;AKS: 1661_LU43201_Lüftungsanlage LA1 ZL/AL Labore/NR;1,0;psch;gaeb;sonstiges/2 Jahre.X83
14;Anlagen ohne Dampfbefeuchter (alle 3 Jahre);1,0;psch;gaeb;sonstiges/2 Jahre.X83
15;Reinigung (innen) , RLT - Gerät incl. der Komponeten, nach VDI 6022 bzw. Herstellerangabe u. dgl., im manuellen Wisch- und Absaug -/ Dampfreinigerverfahren, alle Bauteile / - elemente komplett, incl. anschliesender Wisch -/ Sprühdesinfektion, einschl. notwendiges Material bzw. Hilfsstoffe.;1,0;psch;gaeb;sonstiges/2 Jahre.X83
16;"Reinigung (außen), komplettes RLT - Gerät incl. der Komponeten, im manuellen Wisch - und Absaugverfahren, alle zugänglichen Bauteile /- Elemente ; einschl . Reinigungsmittel und Verbrauchsmaterial.";1,0;psch;gaeb;sonstiges/2 Jahre.X83
17;AKS: 1661_LU43202_Zuluftanlage LA3 für Schirmhalle;1,0;psch;gaeb;sonstiges/2 Jahre.X83
18;Anlagen ohne Dampfbefeuchter (alle 3 Jahre);1,0;psch;gaeb;sonstiges/2 Jahre.X83
19;Reinigung (innen) , RLT - Gerät incl. der Komponeten, nach VDI 6022 bzw. Herstellerangabe u. dgl., im manuellen Wisch- und Absaug -/ Dampfreinigerverfahren, alle Bauteile / - elemente komplett, incl. anschliesender Wisch -/ Sprühdesinfektion, einschl. notwendiges Material bzw. Hilfsstoffe.;1,0;psch;gaeb;sonstiges/2 Jahre.X83
20;"Reinigung (außen), komplettes RLT - Gerät incl. der Komponeten, im manuellen Wisch - und Absaugverfahren, alle zugänglichen Bauteile /- Elemente ; einschl . Reinigungsmittel und Verbrauchsmaterial.";1,0;psch;gaeb;sonstiges/2 Jahre.X83
21;AKS: 1661_LU43199_Brandschutzklappen;27,0;Stck;gaeb;sonstiges/2 Jahre.X83
1;AKS: 1661_WK43502_Kühlwasserverteilung;1,0;psch;gaeb;sonstiges/2 Jahre.X83
2;AKS: 1661_WK53502_Glykolkreis;1,0;psch;gaeb;sonstiges/2 Jahre.X83
3;AKS: 1661_WK43501_Kältemaschine;1,0;psch;gaeb;sonstiges/2 Jahre.X83
1;Niederspannungshauptverteilung 1 Raum 1091;1,0;psch;gaeb;sonstiges/2 Jahre.X83
2;Niederspannungshauptverteilung Raum 1091;1,0;psch;gaeb;sonstiges/2 Jahre.X83
3;Niederspannungshauptverteilungen;1,0;psch;gaeb;sonstiges/2 Jahre.X83
4;Niederspannungsinstallationsanlage;1,0;psch;gaeb;sonstiges/2 Jahre.X83
5;Niederspannungsinstallationsanlage;1,0;psch;gaeb;sonstiges/2 Jahre.X83
6;Frostschutz Dachrinnen;1,0;psch;gaeb;sonstiges/2 Jahre.X83
7;Allgemeinbeleuchtung;1,0;psch;gaeb;sonstiges/2 Jahre.X83
8;Sicherheitsbeleuchtung;1,0;psch;gaeb;sonstiges/2 Jahre.X83
9;Unterbrechungsfreie Stromversorgung;1,0;psch;gaeb;sonstiges/2 Jahre.X83
10;Blitzschutz und Erdungsanlagen;1,0;psch;gaeb;sonstiges/2 Jahre.X83
11;Blitzschutz und Erdungsanlagen;1,0;psch;gaeb;sonstiges/2 Jahre.X83
1;Brandmeldeanlage (BMA);1,0;psch;gaeb;sonstiges/2 Jahre.X83
2;Austausch und Inbetriebnahme eines Brandmelders vom Typ O2T;1,0;Stck;gaeb;sonstiges/2 Jahre.X83
3;Austausch und Inbetriebnahme eines Brandmelders vom Typ O2T mit Sounder;1,0;Stck;gaeb;sonstiges/2 Jahre.X83
4;AKS: 1661...;1,0;psch;gaeb;sonstiges/2 Jahre.X83
1;Personenaufzug;1,0;psch;gaeb;sonstiges/2 Jahre.X83
1;AKS: 1661_GG47301_Drucklufterzeugung;1,0;psch;gaeb;sonstiges/2 Jahre.X83
2;AKS: 1661_GG47301_Druckluft- Verteilsystem;1,0;psch;gaeb;sonstiges/2 Jahre.X83
3;AKS: 1661_FE...._Handfeuerlöscher CO2 5kg;9,0;Stck;gaeb;sonstiges/2 Jahre.X83
4;AKS: 1661_FE...._Handfeuerlöscher Schaum 6kg;6,0;Stck;gaeb;sonstiges/2 Jahre.X83
5;AKS: 1661_FE...._Handfeuerlöscher Schaum 9kg;5,0;Stck;gaeb;sonstiges/2 Jahre.X83
1;Gebäudeautomation;1,0;psch;gaeb;sonstiges/2 Jahre.X83
1;Außentüren;1,0;psch;gaeb;sonstiges/2 Jahre.X83
1;Brand- und Rauchschutztüren;1,0;psch;gaeb;sonstiges/2 Jahre.X83
1;Tafelanlagen;1,0;psch;gaeb;sonstiges/2 Jahre.X83
1;AKS: 9011_WA41201_Wasserverwendung;1,0;psch;gaeb;sonstiges/2 Jahre.X83
2;AKS: 9011_AB41101_Abwasserführung;1,0;psch;gaeb;sonstiges/2 Jahre.X83
3;AKS: 9011_AB41101_Fäkalienhebeanlage;1,0;psch;gaeb;sonstiges/2 Jahre.X83
4;AKS: 9011_AB41102_Oberflächenwasserhebeanlage;1,0;psch;gaeb;sonstiges/2 Jahre.X83
5;Hebeanlage Pumpensumpf;1,0;psch;gaeb;sonstiges/2 Jahre.X83
6;AKS: 9011_AB41103_Hebeanlage Pumpensumpf;1,0;psch;gaeb;sonstiges/2 Jahre.X83
7;AKS: 9011_AB41105_Kleinhebeanlage für WC und Handwaschbecken - SANIPRO XR;1,0;psch;gaeb;sonstiges/2 Jahre.X83
1;AKS: 9011_WK42201_Wärmeverteilnetz mit Raumheizflächen;1,0;psch;gaeb;sonstiges/2 Jahre.X83
1;AKS: 9011_AL43104_Abluft WC und NR Wand und Deckeneinbau;6,0;Stck;gaeb;sonstiges/2 Jahre.X83
2;AKS: 9011_LU43199_Brandschutzklappen;16,0;Stck;gaeb;sonstiges/2 Jahre.X83
3;AKS: 9011_AL43101_WC;1,0;psch;gaeb;sonstiges/2 Jahre.X83
4;AKS: 9011_AL43402_Batterieraum und Serverraum;1,0;psch;gaeb;sonstiges/2 Jahre.X83
5;AKS: 9011_AL43403_Elektroraum;1,0;psch;gaeb;sonstiges/2 Jahre.X83
6;AKS: 9011_ZL43101_Anlage Zuluft WCs;1,0;psch;gaeb;sonstiges/2 Jahre.X83
7;AKS: 9011_LU43301_Lüftungsanlage Uni- Bibliothek;1,0;psch;gaeb;sonstiges/2 Jahre.X83
8;Anlagen ohne Dampfbefeuchter (alle 3 Jahre);1,0;psch;gaeb;sonstiges/2 Jahre.X83
9;Reinigung (innen) , RLT - Gerät incl. der Komponeten, nach VDI 6022 bzw. Herstellerangabe u. dgl., im manuellen Wisch- und Absaug -/ Dampfreinigerverfahren, alle Bauteile / - elemente komplett, incl. anschliesender Wisch -/ Sprühdesinfektion, einschl. notwendiges Material bzw. Hilfsstoffe.;1,0;psch;gaeb;sonstiges/2 Jahre.X83
10;"Reinigung (außen), komplettes RLT - Gerät incl. der Komponeten, im manuellen Wisch - und Absaugverfahren, alle zugänglichen Bauteile /- Elemente ; einschl . Reinigungsmittel und Verbrauchsmaterial.";1,0;psch;gaeb;sonstiges/2 Jahre.X83
11;AKS: 9011_LU43110_Druck und Kopierraum;1,0;psch;gaeb;sonstiges/2 Jahre.X83
12;AKS: 9011_LU43111_Druck und Kopierraum;1,0;psch;gaeb;sonstiges/2 Jahre.X83
13;AKS: 9011_LU43112_Druck und Kopierraum;1,0;psch;gaeb;sonstiges/2 Jahre.X83
14;AKS: 9011_LU43105_Splitklimagerät_R4171;1,0;psch;gaeb;sonstiges/2 Jahre.X83
15;AKS: 9011_LU43106_Splitklimagerät_R4171;1,0;psch;gaeb;sonstiges/2 Jahre.X83
16;AKS: 9011_LU43.._Splitklimagerät_R1070;1,0;psch;gaeb;sonstiges/2 Jahre.X83
17;AKS: 9011_LU43.._Splitklimagerät_R2210;1,0;psch;gaeb;sonstiges/2 Jahre.X83
18;AKS: 9011_LU43103_ULK R1070;1,0;psch;gaeb;sonstiges/2 Jahre.X83
19;AKS: 9011_LU43102_ULK R2210;1,0;psch;gaeb;sonstiges/2 Jahre.X83
20;AKS: 9011_RW43101_RA Flure und Treppenhäuser;3,0;Stck;gaeb;sonstiges/2 Jahre.X83
21;AKS: 9011_RW43102_RA Bibliothek;6,0;Stck;gaeb;sonstiges/2 Jahre.X83
1;AKS: 9011_WK_43502_Kühlwasserverteilung zentral;1,0;psch;gaeb;sonstiges/2 Jahre.X83
2;AKS: 9011_WK_54501_Kälteerzeugung_Ostseite;1,0;psch;gaeb;sonstiges/2 Jahre.X83
1;Niederspannungshauptverteilung;1,0;psch;gaeb;sonstiges/2 Jahre.X83
2;Niederspannungshauptverteilung;1,0;psch;gaeb;sonstiges/2 Jahre.X83
3;Niederspannungsinstallationsanlage;1,0;psch;gaeb;sonstiges/2 Jahre.X83
4;Niederspannungsinstallationsanlage;1,0;psch;gaeb;sonstiges/2 Jahre.X83
5;Allgemeinbeleuchtung;1,0;psch;gaeb;sonstiges/2 Jahre.X83
6;Sicherheitsbeleuchtung;1,0;psch;gaeb;sonstiges/2 Jahre.X83
7;Unterbrechungsfreie Stromversorgung;1,0;psch;gaeb;sonstiges/2 Jahre.X83
8;Blitzschutz und Erdungsanlagen;1,0;psch;gaeb;sonstiges/2 Jahre.X83
9;Blitzschutz und Erdungsanlagen;1,0;psch;gaeb;sonstiges/2 Jahre.X83
1;Brandmeldeanlage (BMA);1,0;psch;gaeb;sonstiges/2 Jahre.X83
2;Austausch und Inbetriebnahme eines Brandmelders vom Typ O2T;1,0;psch;gaeb;sonstiges/2 Jahre.X83
3;Austausch und Inbetriebnahme eines Brandmelders vom Typ O2T mit Sounder;1,0;psch;gaeb;sonstiges/2 Jahre.X83
4;Sprachanlage (ELA);1,0;psch;gaeb;sonstiges/2 Jahre.X83
5;Einbruchmeldeanlage (EMA);1,0;psch;gaeb;sonstiges/2 Jahre.X83
6;AKS: 9011...;1,0;psch;gaeb;sonstiges/2 Jahre.X83
1;Personenaufzug Treppenhaus;1,0;psch;gaeb;sonstiges/2 Jahre.X83
2;Personenaufzug Bibliothek-Theke;1,0;psch;gaeb;sonstiges/2 Jahre.X83
1;AKS: 9011_FE...._Handfeuerlöscher CO 2 2kg;5,0;Stck;gaeb;sonstiges/2 Jahre.X83
2;AKS: 9011_FE...._Handfeuerlöscher CO2 5kg;9,0;Stck;gaeb;sonstiges/2 Jahre.X83
3;AKS: 9011_FE...._Handfeuerlöscher Schaum 6kg;54,0;Stck;gaeb;sonstiges/2 Jahre.X83
4;AKS: 9011_FE...._Handfeuerlöscher Wasser 6l;2,0;Stck;gaeb;sonstiges/2 Jahre.X83
5;AKS: 9011_;1,0;psch;gaeb;sonstiges/2 Jahre.X83
1;Gebäudeautomation;1,0;psch;gaeb;sonstiges/2 Jahre.X83
1;Außentüren;1,0;psch;gaeb;sonstiges/2 Jahre.X83
2;Rolltore/Sektionaltore;1,0;psch;gaeb;sonstiges/2 Jahre.X83
1;Brand- und Rauchschutztüren;1,0;psch;gaeb;sonstiges/2 Jahre.X83
1;Abwasser- Wassanlagen - Wasserverwendung;1,0;psch;gaeb;sonstiges/2 Jahre.X83
2;Abwasser- Wasseranlagen - Abwasserführung;1,0;psch;gaeb;sonstiges/2 Jahre.X83
1;AKS: 9031_WK42201_Wärmeverteilnetz mit Raumheizflächen;1,0;psch;gaeb;sonstiges/2 Jahre.X83
1;AKS: 9031_LU43301_Lüftung Gerät Medienstudio;1,0;psch;gaeb;sonstiges/2 Jahre.X83
2;Anlagen ohne Dampfbefeuchter (alle 3 Jahre);1,0;psch;gaeb;sonstiges/2 Jahre.X83
3;Reinigung (innen) , RLT - Gerät incl. der Komponeten, nach VDI 6022 bzw. Herstellerangabe u. dgl., im manuellen Wisch- und Absaug -/ Dampfreinigerverfahren, alle Bauteile / - elemente komplett, incl. anschliesender Wisch -/ Sprühdesinfektion, einschl. notwendiges Material bzw. Hilfsstoffe.;1,0;psch;gaeb;sonstiges/2 Jahre.X83
4;"Reinigung (außen), komplettes RLT - Gerät incl. der Komponeten, im manuellen Wisch - und Absaugverfahren, alle zugänglichen Bauteile /- Elemente ; einschl . Reinigungsmittel und Verbrauchsmaterial.";1,0;psch;gaeb;sonstiges/2 Jahre.X83
5;Abluftventilator und Zuluftöffnung;1,0;psch;gaeb;sonstiges/2 Jahre.X83
6;Wartung - Kälteanlage - Lüftungsanlage;1,0;psch;gaeb;sonstiges/2 Jahre.X83
7;AKS: 19031_LU43199__Brandschutzklappen;4,0;Stck;gaeb;sonstiges/2 Jahre.X83
8;AKS:;1,0;psch;gaeb;sonstiges/2 Jahre.X83
9;AKS:;1,0;psch;gaeb;sonstiges/2 Jahre.X83
10;AKS: 1141_LU54542_Splitklimagerät;1,0;psch;gaeb;sonstiges/2 Jahre.X83
11;AKS: 9031_LU43501_Splitklimagerät_ULK3_R202;1,0;psch;gaeb;sonstiges/2 Jahre.X83
12;AKS: 9031_LU43502_Splitklimagerät_ULK4_R202;1,0;psch;gaeb;sonstiges/2 Jahre.X83
1;Niederspannungshauptverteilung HV1;1,0;psch;gaeb;sonstiges/2 Jahre.X83
2;Niederspannungshauptverteilung HV2;1,0;psch;gaeb;sonstiges/2 Jahre.X83
3;Niederspannungshauptverteilungen;1,0;psch;gaeb;sonstiges/2 Jahre.X83
4;Niederspannungsinstallationsanlage;1,0;psch;gaeb;sonstiges/2 Jahre.X83
5;Niederspannungsinstallationsanlage;1,0;psch;gaeb;sonstiges/2 Jahre.X83
6;Allgemeinbeleuchtung;1,0;psch;gaeb;sonstiges/2 Jahre.X83
7;Sicherheitsbeleuchtung;1,0;psch;gaeb;sonstiges/2 Jahre.X83
8;Unterbrechungsfreie Stromversorgung;1,0;psch;gaeb;sonstiges/2 Jahre.X83
9;Blitzschutz und Erdungsanlagen;1,0;psch;gaeb;sonstiges/2 Jahre.X83
10;Blitzschutz und Erdungsanlagen;1,0;psch;gaeb;sonstiges/2 Jahre.X83
1;AKS: 9031_FE...._Handfeuerlöscher CO 2 2kg;2,0;Stck;gaeb;sonstiges/2 Jahre.X83
2;AKS: 9031_FE...._Handfeuerlöscher CO2 5kg;2,0;Stck;gaeb;sonstiges/2 Jahre.X83
3;AKS: 9031_FE...._Handfeuerlöscher Schaum 9kg;2,0;Stck;gaeb;sonstiges/2 Jahre.X83
1;Gebäudeautomation;1,0;psch;gaeb;sonstiges/2 Jahre.X83
1;Tafelanlagen;1,0;psch;gaeb;sonstiges/2 Jahre.X83
1;AKS: 9042_LU54501_Splitklimagerät_Dach;1,0;psch;gaeb;sonstiges/2 Jahre.X83
2;AKS: 9042_AL43101_Kopierraum R2340;1,0;Stck;gaeb;sonstiges/2 Jahre.X83
3;AKS: 9042_LU43102_Splitklimageät_Cave;2,0;Stck;gaeb;sonstiges/2 Jahre.X83
1;AKS: 1651...;1,0;psch;gaeb;sonstiges/2 Jahre.X83
1;Außentüren;1,0;psch;gaeb;sonstiges/2 Jahre.X83
2;Krafbetätigte Gebäudezugangstür;1,0;psch;gaeb;sonstiges/2 Jahre.X83
3;Außenliegender Sonnenschutz;1,0;psch;gaeb;sonstiges/2 Jahre.X83
1;Brand- und Rauchschutztüren;1,0;psch;gaeb;sonstiges/2 Jahre.X83
2;Innenliegender Sonnenschutz;1,0;psch;gaeb;sonstiges/2 Jahre.X83
3;Innenliegender Sonnenschutz;1,0;psch;gaeb;sonstiges/2 Jahre.X83
4;Verdunklungsanlagen;1,0;psch;gaeb;sonstiges/2 Jahre.X83
5;Oberlichter Bürotüren;1,0;psch;gaeb;sonstiges/2 Jahre.X83
6;Mobile Trennwand;1,0;psch;gaeb;sonstiges/2 Jahre.X83
7;Flüssigkeitssperre als mechanisch aufgelegte Barriere;1,0;psch;gaeb;sonstiges/2 Jahre.X83
1;AKS: 9091_WA41201_Wasserverwendung;1,0;psch;gaeb;sonstiges/2 Jahre.X83
2;AKS: 9091_WA41201_Reinstwasseranlage;1,0;psch;gaeb;sonstiges/2 Jahre.X83
3;AKS: 9091_AB41101_Abwasserführung;1,0;psch;gaeb;sonstiges/2 Jahre.X83
4;AKS: 9091_AB41101_Abwasserbehandlungsanlage;1,0;psch;gaeb;sonstiges/2 Jahre.X83
5;AKS: 9091_AB41102_Hebeanlagen;3,0;Stck;gaeb;sonstiges/2 Jahre.X83
6;AKS: 9091_AB41102_Hebeanlagen;7,0;Stck;gaeb;sonstiges/2 Jahre.X83
7;AKS: 9091_ER41301_Erdgasverwendung;1,0;psch;gaeb;sonstiges/2 Jahre.X83
8;AKS: 9091_ER41302_Gebrauchsfähigkeitsprüfung Erdgas;1,0;psch;gaeb;sonstiges/2 Jahre.X83
9;AKS: 9091_AB54101_Gebäudeentwässerung Abläufe;1,0;psch;gaeb;sonstiges/2 Jahre.X83
1;AKS: 9091_WK42201_Wärmeverteilnetz mit Raumheizflächen;1,0;psch;gaeb;sonstiges/2 Jahre.X83
1;AKS: 9091_AL43101_Prozessfortluft RR Anl.Nr.03;1,0;psch;gaeb;sonstiges/2 Jahre.X83
2;AKS: 9091_AL43102_Fortluft Gasräume Anl.Nr.04;1,0;psch;gaeb;sonstiges/2 Jahre.X83
3;AKS: 9091_AL43103_Abluftanlage Abluft Küche 2.000 m³_h;1,0;psch;gaeb;sonstiges/2 Jahre.X83
4;AKS: 9091_AL43104_Abluftanlage WC und Labore 1.300m³_h;1,0;psch;gaeb;sonstiges/2 Jahre.X83
5;AKS: 9091_AL43106_Abluft. Prozessabluft Labore5.000m³_h;1,0;psch;gaeb;sonstiges/2 Jahre.X83
6;WC-Abluft Büro 2.030m³/h;1,0;psch;gaeb;sonstiges/2 Jahre.X83
7;AKS: 9091_AL43108_Abluft.Prozessabluft Labore 1.750m³/h;1,0;psch;gaeb;sonstiges/2 Jahre.X83
8;AKS: 9091_LU43201_Umluft RR FFU_2.330m³h;225,0;Stck;gaeb;sonstiges/2 Jahre.X83
9;9091_LU43202_Teilklimaanlage_Besprechungsräume;1,0;psch;gaeb;sonstiges/2 Jahre.X83
10;Anlagen ohne Dampfbefeuchter (alle 3 Jahre);1,0;psch;gaeb;sonstiges/2 Jahre.X83
11;Reinigung (innen) , RLT - Gerät incl. der Komponeten, nach VDI 6022 bzw. Herstellerangabe u. dgl., im manuellen Wisch- und Absaug -/ Dampfreinigerverfahren, alle Bauteile / - elemente komplett, incl. anschliesender Wisch -/ Sprühdesinfektion, einschl. notwendiges Material bzw. Hilfsstoffe.;1,0;psch;gaeb;sonstiges/2 Jahre.X83
12;"Reinigung (außen), komplettes RLT - Gerät incl. der Komponeten, im manuellen Wisch - und Absaugverfahren, alle zugänglichen Bauteile /- Elemente ; einschl . Reinigungsmittel und Verbrauchsmaterial.";1,0;psch;gaeb;sonstiges/2 Jahre.X83
13;Wärmerückgewinnung in RLT Labor, Kreislaufverbundsystem;1,0;psch;gaeb;sonstiges/2 Jahre.X83
14;9091_LU43203_Teilklimaanlage_Technik 13.000 m³/h;1,0;psch;gaeb;sonstiges/2 Jahre.X83
15;Anlagen ohne Dampfbefeuchter (alle 3 Jahre);1,0;psch;gaeb;sonstiges/2 Jahre.X83
16;Reinigung (innen) , RLT - Gerät incl. der Komponeten, nach VDI 6022 bzw. Herstellerangabe u. dgl., im manuellen Wisch- und Absaug -/ Dampfreinigerverfahren, alle Bauteile / - elemente komplett, incl. anschliesender Wisch -/ Sprühdesinfektion, einschl. notwendiges Material bzw. Hilfsstoffe.;1,0;psch;gaeb;sonstiges/2 Jahre.X83
17;"Reinigung (außen), komplettes RLT - Gerät incl. der Komponeten, im manuellen Wisch - und Absaugverfahren, alle zugänglichen Bauteile /- Elemente ; einschl . Reinigungsmittel und Verbrauchsmaterial.";1,0;psch;gaeb;sonstiges/2 Jahre.X83
18;Wärmewrückgewinnung RLT Nebenräume, Kreislaufverbundsystem;1,0;psch;gaeb;sonstiges/2 Jahre.X83
19;Umluft Schleuse 2.300m³/h;6,0;Stck;gaeb;sonstiges/2 Jahre.X83
20;AKS: 9091_LU43205_Umluft Technikzentrale RR;2,0;Stck;gaeb;sonstiges/2 Jahre.X83
21;AKS: 9091_ZU43101_Zuluft1 Reinraum;1,0;psch;gaeb;sonstiges/2 Jahre.X83
22;Anlagen ohne Dampfbefeuchter (alle 3 Jahre);1,0;psch;gaeb;sonstiges/2 Jahre.X83
23;Reinigung (innen) , RLT - Gerät incl. der Komponeten, nach VDI 6022 bzw. Herstellerangabe u. dgl., im manuellen Wisch- und Absaug -/ Dampfreinigerverfahren, alle Bauteile / - elemente komplett, incl. anschliesender Wisch -/ Sprühdesinfektion, einschl. notwendiges Material bzw. Hilfsstoffe.;1,0;psch;gaeb;sonstiges/2 Jahre.X83
24;"Reinigung (außen), komplettes RLT - Gerät incl. der Komponeten, im manuellen Wisch - und Absaugverfahren, alle zugänglichen Bauteile /- Elemente ; einschl . Reinigungsmittel und Verbrauchsmaterial.";1,0;psch;gaeb;sonstiges/2 Jahre.X83
25;AKS: 9091_ZU43102_Zuluft2 Reinraum;1,0;psch;gaeb;sonstiges/2 Jahre.X83
26;Anlagen ohne Dampfbefeuchter (alle 3 Jahre);1,0;psch;gaeb;sonstiges/2 Jahre.X83
27;Reinigung (innen) , RLT - Gerät incl. der Komponeten, nach VDI 6022 bzw. Herstellerangabe u. dgl., im manuellen Wisch- und Absaug -/ Dampfreinigerverfahren, alle Bauteile / - elemente komplett, incl. anschliesender Wisch -/ Sprühdesinfektion, einschl. notwendiges Material bzw. Hilfsstoffe.;1,0;psch;gaeb;sonstiges/2 Jahre.X83
28;"Reinigung (außen), komplettes RLT - Gerät incl. der Komponeten, im manuellen Wisch - und Absaugverfahren, alle zugänglichen Bauteile /- Elemente ; einschl . Reinigungsmittel und Verbrauchsmaterial.";1,0;psch;gaeb;sonstiges/2 Jahre.X83
29;Wärmerückgewinnung in Zuluft Reinraum, Kreislaufverbundsystem;1,0;psch;gaeb;sonstiges/2 Jahre.X83
30;AKS: 9091_ZU43104_Zuluft Gasräume 2.200m³/h;1,0;psch;gaeb;sonstiges/2 Jahre.X83
31;Anlagen ohne Dampfbefeuchter (alle 3 Jahre);1,0;psch;gaeb;sonstiges/2 Jahre.X83
32;Reinigung (innen) , RLT - Gerät incl. der Komponeten, nach VDI 6022 bzw. Herstellerangabe u. dgl., im manuellen Wisch- und Absaug -/ Dampfreinigerverfahren, alle Bauteile / - elemente komplett, incl. anschliesender Wisch -/ Sprühdesinfektion, einschl. notwendiges Material bzw. Hilfsstoffe.;1,0;psch;gaeb;sonstiges/2 Jahre.X83
33;"Reinigung (außen), komplettes RLT - Gerät incl. der Komponeten, im manuellen Wisch - und Absaugverfahren, alle zugänglichen Bauteile /- Elemente ; einschl . Reinigungsmittel und Verbrauchsmaterial.";1,0;psch;gaeb;sonstiges/2 Jahre.X83
34;AKS: 9091_LU43199_Brandschutzklappen aller Anlagen;126,0;Stck;gaeb;sonstiges/2 Jahre.X83
35;AKS: 9091_RW43108_maschineller Rauchabzug;1,0;psch;gaeb;sonstiges/2 Jahre.X83
36;AKS: 9091_RW43107_Rauch- und Wärmeabzug 1;1,0;psch;gaeb;sonstiges/2 Jahre.X83
37;AKS: 9091_RW43106_Rauch- und Wärmeabzug 2;1,0;psch;gaeb;sonstiges/2 Jahre.X83
38;AKS: 9091_RW43105_Rauch- und Wärmeabzug 3;1,0;psch;gaeb;sonstiges/2 Jahre.X83
39;AKS: 9091_RW43104_TH SW;1,0;psch;gaeb;sonstiges/2 Jahre.X83
1;AKS: 9091_WK43501_Kaltwasser 6/12;1,0;psch;gaeb;sonstiges/2 Jahre.X83
2;AKS: 9091_WK43502_Prozesskaltwasser;1,0;psch;gaeb;sonstiges/2 Jahre.X83
3;AKS: 9091_WK43503_Kühldecke;1,0;psch;gaeb;sonstiges/2 Jahre.X83
4;AKS: 9091_WK43504_Dosierstation;1,0;psch;gaeb;sonstiges/2 Jahre.X83
1;Niederspannungshauptverteilung;1,0;psch;gaeb;sonstiges/2 Jahre.X83
2;Niederspannungshauptverteilung;1,0;psch;gaeb;sonstiges/2 Jahre.X83
3;Niederspannungsinstallationsanlage;1,0;psch;gaeb;sonstiges/2 Jahre.X83
4;Niederspannungsinstallationsanlage;1,0;psch;gaeb;sonstiges/2 Jahre.X83
5;Allgemeinbeleuchtung;1,0;psch;gaeb;sonstiges/2 Jahre.X83
6;Sicherheitsbeleuchtung;1,0;psch;gaeb;sonstiges/2 Jahre.X83
7;Blindstromkompensation;1,0;psch;gaeb;sonstiges/2 Jahre.X83
8;Blindstromkompensation;1,0;psch;gaeb;sonstiges/2 Jahre.X83
9;Unterbrechungsfreie Stromversorgung;1,0;psch;gaeb;sonstiges/2 Jahre.X83
10;Netzersatzanlage;1,0;psch;gaeb;sonstiges/2 Jahre.X83
11;Blitzschutz und Erdungsanlagen;1,0;psch;gaeb;sonstiges/2 Jahre.X83
12;Blitzschutz und Erdungsanlagen;1,0;psch;gaeb;sonstiges/2 Jahre.X83
1;Brandmeldeanlage (BMA);1,0;psch;gaeb;sonstiges/2 Jahre.X83
2;Austausch und Inbetriebnahme eines Brandmelders vom Typ O;1,0;Stck;gaeb;sonstiges/2 Jahre.X83
3;Austausch und Inbetriebnahme eines Brandmelders vom Typ O Ex;1,0;Stck;gaeb;sonstiges/2 Jahre.X83
4;AKS: 9091_PG47302_Gasdetektion;1,0;psch;gaeb;sonstiges/2 Jahre.X83
5;AKS: 9091_PG47303_Gasdetektion_Sauerstoffmangel;1,0;psch;gaeb;sonstiges/2 Jahre.X83
6;AKS:;1,0;psch;gaeb;sonstiges/2 Jahre.X83
1;Personenaufzug;1,0;psch;gaeb;sonstiges/2 Jahre.X83
2;Kleinlastenaufzug;1,0;psch;gaeb;sonstiges/2 Jahre.X83
1;AKS: 9091_FE47401_Handfeuerlöscher CO2 5kg;28,0;Stck;gaeb;sonstiges/2 Jahre.X83
2;AKS: 9091_FE47401_Handfeuerlöscher Schaum 9kg;19,0;Stck;gaeb;sonstiges/2 Jahre.X83
3;AKS: 9091_FE47401_Handfeuerlöscher Schaum 9kg;2,0;Stck;gaeb;sonstiges/2 Jahre.X83
4;AKS: 9091_FE47401_Löschdecke;2,0;Stck;gaeb;sonstiges/2 Jahre.X83
5;AKS: 9091_GG47303_Drucklufterzeugung_Lento 30;1,0;psch;gaeb;sonstiges/2 Jahre.X83
6;AKS: 9091_GG47303_Trockner;1,0;psch;gaeb;sonstiges/2 Jahre.X83
7;AKS: 9091_GG47303_Druckluft-Verteilsystem;1,0;psch;gaeb;sonstiges/2 Jahre.X83
8;AKS: 9091_GG47304_Zentrales Vakuum;1,0;psch;gaeb;sonstiges/2 Jahre.X83
9;AKS: 9091_GG47304_Vakuumverteilsysten;1,0;psch;gaeb;sonstiges/2 Jahre.X83
10;AKS: 1146_GG47303_Stickstoff gasförmig;1,0;psch;gaeb;sonstiges/2 Jahre.X83
11;AKS: 1146_GG47304_Stickstoff flüssig;1,0;psch;gaeb;sonstiges/2 Jahre.X83
12;AKS:;1,0;psch;gaeb;sonstiges/2 Jahre.X83
13;AKS:;1,0;psch;gaeb;sonstiges/2 Jahre.X83
14;AKS:;1,0;psch;gaeb;sonstiges/2 Jahre.X83
15;AKS:;1,0;psch;gaeb;sonstiges/2 Jahre.X83
16;AKS:;1,0;psch;gaeb;sonstiges/2 Jahre.X83
17;AKS:;1,0;psch;gaeb;sonstiges/2 Jahre.X83
18;AKS:;1,0;psch;gaeb;sonstiges/2 Jahre.X83
19;AKS:;1,0;psch;gaeb;sonstiges/2 Jahre.X83
20;AKS:;1,0;psch;gaeb;sonstiges/2 Jahre.X83
21;AKS:;1,0;psch;gaeb;sonstiges/2 Jahre.X83
22;AKS:;1,0;psch;gaeb;sonstiges/2 Jahre.X83
23;AKS:;1,0;psch;gaeb;sonstiges/2 Jahre.X83
24;AKS: 9091_PG47303_Mischgasanlage N2H2;1,0;psch;gaeb;sonstiges/2 Jahre.X83
25;AKS:;1,0;psch;gaeb;sonstiges/2 Jahre.X83
26;AKS: 9091_LA47506_Gasflaschenschränke;8,0;Stck;gaeb;sonstiges/2 Jahre.X83
27;AKS: 9091_LA47704_Sicherheitsschrank_Druckgasflaschen;4,0;Stck;gaeb;sonstiges/2 Jahre.X83
28;AKS:;2,0;Stck;gaeb;sonstiges/2 Jahre.X83
29;AKS:;1,0;Stck;gaeb;sonstiges/2 Jahre.X83
30;AKS:;10,0;Stck;gaeb;sonstiges/2 Jahre.X83
31;Unterschränke von Laborabzug (konventionelle Labors);1,0;Stck;gaeb;sonstiges/2 Jahre.X83
32;Anlagenbezeichnung:;1,0;Stck;gaeb;sonstiges/2 Jahre.X83
33;Anlagenbezeichnung:;1,0;Stck;gaeb;sonstiges/2 Jahre.X83
34;AKS;32,0;Stck;gaeb;sonstiges/2 Jahre.X83
35;AKS: 9091_ME47803_Anlage_MOCVD links;1,0;psch;gaeb;sonstiges/2 Jahre.X83
36;AKS: 9091_ME47801_Anlage_MOCVD rechts;1,0;psch;gaeb;sonstiges/2 Jahre.X83
37;AKS: 9091_ME47802_Anlage_Trockenätzer;1,0;psch;gaeb;sonstiges/2 Jahre.X83
38;AKS:;7,0;Stck;gaeb;sonstiges/2 Jahre.X83
1;Gebäudeautomation;1,0;psch;gaeb;sonstiges/2 Jahre.X83
2;Gebäudeautomation Gase;1,0;psch;gaeb;sonstiges/2 Jahre.X83
1;AKS: 9091_AB54101_Gebäudeentwässerung Abläufe;1,0;psch;gaeb;sonstiges/2 Jahre.X83
2;Elektrisch beheizbare Wasser-Lauf-Flächen vor Einläufen;1,0;psch;gaeb;sonstiges/2 Jahre.X83
3;Anlagenart:;1,0;psch;gaeb;sonstiges/2 Jahre.X83
1;Außentüren;1,0;psch;gaeb;sonstiges/2 Jahre.X83
2;Krafbetätigte Sektionaltore;1,0;psch;gaeb;sonstiges/2 Jahre.X83
3;Außenliegender Sonnenschutz;1,0;psch;gaeb;sonstiges/2 Jahre.X83
1;Brand- und Rauchschutztüren;1,0;psch;gaeb;sonstiges/2 Jahre.X83
2;Krafbetätigte Türen;1,0;psch;gaeb;sonstiges/2 Jahre.X83
3;Anlagentyp: Lamilux-CISystem, manuelle und automatische Auslösung möglich mit Lüftungsfunktion;1,0;psch;gaeb;sonstiges/2 Jahre.X83
4;Anlagentyp:;1,0;psch;gaeb;sonstiges/2 Jahre.X83
1;Anlagentyp:;1,0;psch;gaeb;sonstiges/2 Jahre.X83
1;AKS: 9092_WA41201_Wasserverwendung;1,0;psch;gaeb;sonstiges/2 Jahre.X83
2;AKS: 9092_WA41201_Wasseraufbereitung für mobile RLT;1,0;psch;gaeb;sonstiges/2 Jahre.X83
3;AKS: 9092_AB41101_Abwasserführung;1,0;psch;gaeb;sonstiges/2 Jahre.X83
4;AKS: 9092_AB54101_Leichtflüssigkeitsabscheider;1,0;psch;gaeb;sonstiges/2 Jahre.X83
5;AKS: 9092_ER41302_Erdgasverwendung;1,0;psch;gaeb;sonstiges/2 Jahre.X83
6;AKS: 9092_ER41302_Gebrauchsfähigkeitsprüfung Erdgas;1,0;psch;gaeb;sonstiges/2 Jahre.X83
7;AKS: 9092_AB54101_Gebäudeentwässerung Abläufe;1,0;psch;gaeb;sonstiges/2 Jahre.X83
1;AKS: 9092_WK42101_Wärmeerzeugung;1,0;psch;gaeb;sonstiges/2 Jahre.X83
2;AKS: 9092_WK42102_Abgasleitung des Gas- Heizkessels;1,0;psch;gaeb;sonstiges/2 Jahre.X83
3;AKS: 9092_WK42201_Wärmeverteilnetz mit Raumheizflächen;1,0;psch;gaeb;sonstiges/2 Jahre.X83
1;AKS: 9092_LU43202_Kastenklimagerät_Prüfstand_3.000m³/h;4,0;Stck;gaeb;sonstiges/2 Jahre.X83
2;Anlagen ohne Dampfbefeuchter (alle 3 Jahre);1,0;psch;gaeb;sonstiges/2 Jahre.X83
3;Reinigung (innen) , RLT - Gerät incl. der Komponeten, nach VDI 6022 bzw. Herstellerangabe u. dgl., im manuellen Wisch- und Absaug -/ Dampfreinigerverfahren, alle Bauteile / - elemente komplett, incl. anschliesender Wisch -/ Sprühdesinfektion, einschl. notwendiges Material bzw. Hilfsstoffe.;1,0;psch;gaeb;sonstiges/2 Jahre.X83
4;"Reinigung (außen), komplettes RLT - Gerät incl. der Komponeten, im manuellen Wisch - und Absaugverfahren, alle zugänglichen Bauteile /- Elemente ; einschl . Reinigungsmittel und Verbrauchsmaterial.";1,0;psch;gaeb;sonstiges/2 Jahre.X83
5;AKS: 9092_LU43203_Kastenklimagerät_Prüfstand_7.500m³/h;1,0;psch;gaeb;sonstiges/2 Jahre.X83
6;Anlagen ohne Dampfbefeuchter (alle 3 Jahre);1,0;psch;gaeb;sonstiges/2 Jahre.X83
7;Reinigung (innen) , RLT - Gerät incl. der Komponeten, nach VDI 6022 bzw. Herstellerangabe u. dgl., im manuellen Wisch- und Absaug -/ Dampfreinigerverfahren, alle Bauteile / - elemente komplett, incl. anschliesender Wisch -/ Sprühdesinfektion, einschl. notwendiges Material bzw. Hilfsstoffe.;1,0;psch;gaeb;sonstiges/2 Jahre.X83
8;"Reinigung (außen), komplettes RLT - Gerät incl. der Komponeten, im manuellen Wisch - und Absaugverfahren, alle zugänglichen Bauteile /- Elemente ; einschl . Reinigungsmittel und Verbrauchsmaterial.";1,0;psch;gaeb;sonstiges/2 Jahre.X83
9;AKS: 9092_LU43204_Kastenklimage._Prüfstand2_15.000m³/h;1,0;psch;gaeb;sonstiges/2 Jahre.X83
10;Anlagen ohne Dampfbefeuchter (alle 3 Jahre);1,0;psch;gaeb;sonstiges/2 Jahre.X83
11;Reinigung (innen) , RLT - Gerät incl. der Komponeten, nach VDI 6022 bzw. Herstellerangabe u. dgl., im manuellen Wisch- und Absaug -/ Dampfreinigerverfahren, alle Bauteile / - elemente komplett, incl. anschliesender Wisch -/ Sprühdesinfektion, einschl. notwendiges Material bzw. Hilfsstoffe.;1,0;psch;gaeb;sonstiges/2 Jahre.X83
12;"Reinigung (außen), komplettes RLT - Gerät incl. der Komponeten, im manuellen Wisch - und Absaugverfahren, alle zugänglichen Bauteile /- Elemente ; einschl . Reinigungsmittel und Verbrauchsmaterial.";1,0;psch;gaeb;sonstiges/2 Jahre.X83
13;AKS: 9092_LU43205_Kastenklimage._Prüfstand1_35.000m³/h;1,0;psch;gaeb;sonstiges/2 Jahre.X83
14;Anlagen ohne Dampfbefeuchter (alle 3 Jahre);1,0;psch;gaeb;sonstiges/2 Jahre.X83
15;Reinigung (innen) , RLT - Gerät incl. der Komponeten, nach VDI 6022 bzw. Herstellerangabe u. dgl., im manuellen Wisch- und Absaug -/ Dampfreinigerverfahren, alle Bauteile / - elemente komplett, incl. anschliesender Wisch -/ Sprühdesinfektion, einschl. notwendiges Material bzw. Hilfsstoffe.;1,0;psch;gaeb;sonstiges/2 Jahre.X83
16;"Reinigung (außen), komplettes RLT - Gerät incl. der Komponeten, im manuellen Wisch - und Absaugverfahren, alle zugänglichen Bauteile /- Elemente ; einschl . Reinigungsmittel und Verbrauchsmaterial.";1,0;psch;gaeb;sonstiges/2 Jahre.X83
17;AKS: 9092_LU43102_Radialventilatoren als Ablüfter;4,0;Stck;gaeb;sonstiges/2 Jahre.X83
18;AKS: 9092_LU43901_Fassadennachströmung in Betriebsraum;4,0;Stck;gaeb;sonstiges/2 Jahre.X83
19;AKS: 9092_LU43199_Brandschutzklappen;5,0;Stck;gaeb;sonstiges/2 Jahre.X83
20;AKS: 9092_RW43101_RWA;1,0;psch;gaeb;sonstiges/2 Jahre.X83
1;AKS: 9092_WK43501_Kälteerzeugung;1,0;psch;gaeb;sonstiges/2 Jahre.X83
2;AKS: 9092_WK54501_Freie Kühlung;1,0;psch;gaeb;sonstiges/2 Jahre.X83
3;AKS: 9092_WK43501_Verteilsystem;1,0;psch;gaeb;sonstiges/2 Jahre.X83
1;Niederspannungshauptverteilung 1 und 2;1,0;psch;gaeb;sonstiges/2 Jahre.X83
2;Niederspannungskompaktstation 1 und 2;1,0;psch;gaeb;sonstiges/2 Jahre.X83
3;Niederspannungshauptverteilungen;1,0;psch;gaeb;sonstiges/2 Jahre.X83
4;Niederspannungsinstallationsanlage;1,0;psch;gaeb;sonstiges/2 Jahre.X83
5;Niederspannungsinstallationsanlage;1,0;psch;gaeb;sonstiges/2 Jahre.X83
6;Allgemeinbeleuchtung;1,0;psch;gaeb;sonstiges/2 Jahre.X83
7;Sicherheitsbeleuchtung;1,0;psch;gaeb;sonstiges/2 Jahre.X83
8;Blindstromkompensation;1,0;psch;gaeb;sonstiges/2 Jahre.X83
9;Blindstromkompensation;1,0;psch;gaeb;sonstiges/2 Jahre.X83
10;Unterbrechungsfreie Stromversorgung;1,0;psch;gaeb;sonstiges/2 Jahre.X83
11;Anlagentyp: Elektrisches Begleitsystem (Heizbänder) in den Fallrohren der Dachentwässerung.;1,0;psch;gaeb;sonstiges/2 Jahre.X83
12;Blitzschutz und Erdungsanlagen;1,0;psch;gaeb;sonstiges/2 Jahre.X83
13;Blitzschutz und Erdungsanlagen;1,0;psch;gaeb;sonstiges/2 Jahre.X83
1;Brandmeldeanlage (BMA);1,0;psch;gaeb;sonstiges/2 Jahre.X83
2;Austausch und Inbetriebnahme eines Brandmelders vom Typ O2T;1,0;Stck;gaeb;sonstiges/2 Jahre.X83
3;Austausch und Inbetriebnahme eines Brandmelders vom Typ O2T mit Sounder;1,0;Stck;gaeb;sonstiges/2 Jahre.X83
4;AKS: 9092_SU45201_Such- und Signalanlage;1,0;psch;gaeb;sonstiges/2 Jahre.X83
5;AKS: 9092_PG47302_Gasdetektion_Gaswarnanlage;1,0;psch;gaeb;sonstiges/2 Jahre.X83
1;Personenaufzug;1,0;psch;gaeb;sonstiges/2 Jahre.X83
1;AKS: 6092_SR47901_Übergangsfugen an den Schornsteinen;1,0;psch;gaeb;sonstiges/2 Jahre.X83
2;AKS: 9092_FE47402_Handfeuerlöscher CO2 5kg;1,0;Stck;gaeb;sonstiges/2 Jahre.X83
3;AKS: 9092_FE47402_Handfeuerlöscher Pulver 6kg;2,0;Stck;gaeb;sonstiges/2 Jahre.X83
4;AKS: 9092_FE47402_Handfeuerlöscher Schaum;10,0;Stck;gaeb;sonstiges/2 Jahre.X83
5;AKS: 9092_FE47401_Feuerlöschanlage CO2;1,0;psch;gaeb;sonstiges/2 Jahre.X83
6;AKS: 9092_GG47301_Drucklufterzeugung allgemein;1,0;psch;gaeb;sonstiges/2 Jahre.X83
7;AKS: 9092_GG47301_Druckluft-Verteilsystem;1,0;psch;gaeb;sonstiges/2 Jahre.X83
8;AKS: 9092_GG47302_Drucklufterzeugung Prüfstände;1,0;psch;gaeb;sonstiges/2 Jahre.X83
9;AKS: 9092_GG47302_Druckluft-Verteilsystem;1,0;psch;gaeb;sonstiges/2 Jahre.X83
10;AKS: 9092_KR47901_Kraftstoffversorgung;1,0;psch;gaeb;sonstiges/2 Jahre.X83
1;Gebäudeautomation;1,0;psch;gaeb;sonstiges/2 Jahre.X83
1;AKS: 9092_ER54801_Verdichterstation Erdgasbooster;1,0;psch;gaeb;sonstiges/2 Jahre.X83
2;Krafbetätigtes Schiebetor;1,0;psch;gaeb;sonstiges/2 Jahre.X83
1;AKS: 1...._FE...._Handfeuerlöscher CO2 5kg;24,0;Stck;gaeb;sonstiges/2 Jahre.X83
1;Unterverteilungen / Steuerschränke (KVS): 2;1,0;psch;gaeb;sonstiges/2 Jahre.X83
2;Unterverteilungen / Steuerschränke (KVS): 2;1,0;psch;gaeb;sonstiges/2 Jahre.X83
1;Technische Anlagen in Außenanlagen - Abwassersammelnetz;1,0;psch;gaeb;sonstiges/2 Jahre.X83
2;Technische Anlagen in Außenanlagen - Straßeneinläufe;1,0;psch;gaeb;sonstiges/2 Jahre.X83
1;Außentüren;1,0;psch;gaeb;sonstiges/2 Jahre.X83
1;Brand- und Rauchschutztüren;1,0;psch;gaeb;sonstiges/2 Jahre.X83
1;AKS: 2211_WA41201_Wasserverwendung;1,0;psch;gaeb;sonstiges/2 Jahre.X83
2;AKS: 2211_AB41101_Abwasserführung;1,0;psch;gaeb;sonstiges/2 Jahre.X83
1;AKS: 2211_WK42201_Wärmeverteilnetz mit Raumheizflächen;1,0;psch;gaeb;sonstiges/2 Jahre.X83
1;AKS: 2211_LU43199_Brandschutzklappen;2,0;Stck;gaeb;sonstiges/2 Jahre.X83
2;AKS: 2212_LU43202_Lüftungsanlage R 2016;1,0;psch;gaeb;sonstiges/2 Jahre.X83
3;AKS: 2211_LU43191_Splitklimagerät_R2107;1,0;psch;gaeb;sonstiges/2 Jahre.X83
4;AKS: 2211_LU43192_Splitklimagerät_R2112;1,0;psch;gaeb;sonstiges/2 Jahre.X83
1;Niederspannungshauptverteilung Einspeisung von Trafostation F.-Ebert-Straße;1,0;psch;gaeb;sonstiges/2 Jahre.X83
2;Niederspannungshauptverteilung Einspeisung von den Stadtwerken für die Wohnungen 1-10;1,0;psch;gaeb;sonstiges/2 Jahre.X83
3;Niederspannungshauptverteilungen;1,0;psch;gaeb;sonstiges/2 Jahre.X83
4;Niederspannungsinstallationsanlage;1,0;psch;gaeb;sonstiges/2 Jahre.X83
5;Niederspannungsinstallationsanlage;1,0;psch;gaeb;sonstiges/2 Jahre.X83
6;Allgemeinbeleuchtung;1,0;psch;gaeb;sonstiges/2 Jahre.X83
7;Blindstromkompensation;1,0;psch;gaeb;sonstiges/2 Jahre.X83
8;Blindstromkompensation;1,0;psch;gaeb;sonstiges/2 Jahre.X83
9;Blitzschutz und Erdungsanlagen;1,0;psch;gaeb;sonstiges/2 Jahre.X83
10;Blitzschutz und Erdungsanlagen;1,0;psch;gaeb;sonstiges/2 Jahre.X83
1;Brandmeldeanlage (BMA);1,0;psch;gaeb;sonstiges/2 Jahre.X83
2;Austausch und Inbetriebnahme eines Brandmelders vom Typ O2T;1,0;Stck;gaeb;sonstiges/2 Jahre.X83
3;Austausch und Inbetriebnahme eines Brandmelders vom Typ OT;1,0;Stck;gaeb;sonstiges/2 Jahre.X83
1;AKS: 2211_FE...._Handfeuerlöscher CO 2 2kg;3,0;Stck;gaeb;sonstiges/2 Jahre.X83
2;AKS: 2212_FE...._Handfeuerlöscher CO2 5kg;4,0;Stck;gaeb;sonstiges/2 Jahre.X83
3;AKS: 2211_FE..._Handfeuerlöscher Schaum;2,0;Stck;gaeb;sonstiges/2 Jahre.X83
4;AKS: 2211_FE...._Handfeuerlöscher Schaum 9kg;1,0;Stck;gaeb;sonstiges/2 Jahre.X83
5;AKS: 2211_FE...._Handfeuerlöscher Pulver 6kg;4,0;Stck;gaeb;sonstiges/2 Jahre.X83
1;Anlagenbezeichnung:Abläufe für Niederschlagswasser Gebäudeentwässerung;1,0;psch;gaeb;sonstiges/2 Jahre.X83
2;Anlagentyp:Schrankenanlage;1,0;psch;gaeb;sonstiges/2 Jahre.X83
1;Anlagentyp:Rolltor, kraftbetätigtes Tor;1,0;psch;gaeb;sonstiges/2 Jahre.X83
2;Sonnenschutz;1,0;psch;gaeb;sonstiges/2 Jahre.X83
1;Feuerschutzvorhang;1,0;psch;gaeb;sonstiges/2 Jahre.X83
2;Feuerschutzvorhang;1,0;psch;gaeb;sonstiges/2 Jahre.X83
1;AKS: 2212_WA41201_Wasserverwendung;1,0;psch;gaeb;sonstiges/2 Jahre.X83
2;AKS: 2212_WA41201_Reinstwasseranlage Keller;1,0;psch;gaeb;sonstiges/2 Jahre.X83
3;AKS: 2212_WA41205_Wasseraufbereitungsanlage;1,0;psch;gaeb;sonstiges/2 Jahre.X83
4;AKS: 2212_AB41101_Abwasserführung;1,0;psch;gaeb;sonstiges/2 Jahre.X83
5;AKS: 2212_AB..._Hebeanlagen;1,0;psch;gaeb;sonstiges/2 Jahre.X83
1;AKS: 2212_WK42201_Wärmeverteilnetz mit Raumheizflächen;1,0;psch;gaeb;sonstiges/2 Jahre.X83
1;AKS: 2212_LU43199_Brandschutzklappen;6,0;Stck;gaeb;sonstiges/2 Jahre.X83
2;AKS: 2212_LU43201_Lüftungsanlage Labore;1,0;psch;gaeb;sonstiges/2 Jahre.X83
3;Anlagen ohne Dampfbefeuchter (alle 3 Jahre);1,0;psch;gaeb;sonstiges/2 Jahre.X83
4;Reinigung (innen) , RLT - Gerät incl. der Komponeten, nach VDI 6022 bzw. Herstellerangabe u. dgl., im manuellen Wisch- und Absaug -/ Dampfreinigerverfahren, alle Bauteile / - elemente komplett, incl. anschliesender Wisch -/ Sprühdesinfektion, einschl. notwendiges Material bzw. Hilfsstoffe.;1,0;psch;gaeb;sonstiges/2 Jahre.X83
5;AKS: 2212_LU43191_Splitklimagerät_R2212;1,0;psch;gaeb;sonstiges/2 Jahre.X83
6;AKS: 2212...;1,0;psch;gaeb;sonstiges/2 Jahre.X83
7;AKS: 2212..;1,0;psch;gaeb;sonstiges/2 Jahre.X83
8;Luftfilterelemente für Zuluft Filterbox;1,0;psch;gaeb;sonstiges/2 Jahre.X83
9;AKS: 2212_LU43...;10,0;Stck;gaeb;sonstiges/2 Jahre.X83
1;AKS: 0122_WK43502_Kaltwassersatz Helios Anbau;2,0;Stck;gaeb;sonstiges/2 Jahre.X83
2;AKS: 2212_WK43501_Kühlwasserverteilung;1,0;psch;gaeb;sonstiges/2 Jahre.X83
1;Niederspannungsinstallationsanlage mit UHV (BV 44301);1,0;psch;gaeb;sonstiges/2 Jahre.X83
2;Niederspannungsinstallationsanlage;1,0;psch;gaeb;sonstiges/2 Jahre.X83
3;Allgemeinbeleuchtung;1,0;psch;gaeb;sonstiges/2 Jahre.X83
4;Sicherheitsbeleuchtung;1,0;psch;gaeb;sonstiges/2 Jahre.X83
5;Unterbrechungsfreie Stromversorgung;1,0;psch;gaeb;sonstiges/2 Jahre.X83
1;AKS: 2212_SU45201_Such- und Signalanlage;1,0;psch;gaeb;sonstiges/2 Jahre.X83
2;AKS: 2212_PG47301_Gasdetektion;1,0;psch;gaeb;sonstiges/2 Jahre.X83
1;Treppenlift;1,0;psch;gaeb;sonstiges/2 Jahre.X83
1;AKS: 2212_GG47301_;1,0;psch;gaeb;sonstiges/2 Jahre.X83
2;AKS: 2212_GG47302_;1,0;psch;gaeb;sonstiges/2 Jahre.X83
3;AKS:  2212_GG47303_Vakuumanlagen;7,0;Stck;gaeb;sonstiges/2 Jahre.X83
4;AKS: 2212_LA47201_Reinraumzelt_R1212;1,0;psch;gaeb;sonstiges/2 Jahre.X83
5;AKS:  2212_LA47301_Tischkühlzentrifuge 5427R_R0210;1,0;psch;gaeb;sonstiges/2 Jahre.X83
6;AKS:  2212_LA47302_Tischkühlzentrifuge 5810R_R0210;1,0;psch;gaeb;sonstiges/2 Jahre.X83
7;AKS:  2212_LA47303_Tischkühlzentrifuge 5427R_R1213;1,0;psch;gaeb;sonstiges/2 Jahre.X83
8;AKS:  2212_LA47304_Tischkühlzentrifuge 5810R_R1213;1,0;psch;gaeb;sonstiges/2 Jahre.X83
9;AKS: 2212_LA47305_Gefahrenstoff-Sicherheitsschrank;2,0;Stck;gaeb;sonstiges/2 Jahre.X83
10;AKS: 2212_LA47306_Säure-Laugenschrank;4,0;Stck;gaeb;sonstiges/2 Jahre.X83
11;AKS: 2212_LA47307_;5,0;Stck;gaeb;sonstiges/2 Jahre.X83
12;AKS: 2212_LA47501_Laborspüle;9,0;Stck;gaeb;sonstiges/2 Jahre.X83
13;AKS: 2212_LA47502_Abzugsunterbauten mit Absaugung;8,0;Stck;gaeb;sonstiges/2 Jahre.X83
14;AKS:2212_ME47301_Medienversorgungsanlage_Flaschenlager;1,0;psch;gaeb;sonstiges/2 Jahre.X83
15;AKS: 1135_ME47301_Medienwand;1,0;psch;gaeb;sonstiges/2 Jahre.X83
16;AKS: 2212_PG47302_Stickstoffversorgungsanlage;1,0;psch;gaeb;sonstiges/2 Jahre.X83
17;AKS: 2212;8,0;Stck;gaeb;sonstiges/2 Jahre.X83
18;AKS:2211_LA47301_Autoklav DB-23 C2929;1,0;psch;gaeb;sonstiges/2 Jahre.X83
19;AKS: 2211_LA47302_Autoklav DB-23 C2930;1,0;psch;gaeb;sonstiges/2 Jahre.X83
20;AKS: 2211_LA47303_Autoklav DX-23 C2919;1,0;psch;gaeb;sonstiges/2 Jahre.X83
21;AKS: 2211_LA47304_Autoklav DX-23 C2918;1,0;psch;gaeb;sonstiges/2 Jahre.X83
22;AKS: 2211_LA47305_Autoklav VB-40 SN 6485;1,0;psch;gaeb;sonstiges/2 Jahre.X83
23;AKS: 2212_FE...._Handfeuerlöscher CO 2 2kg;1,0;Stck;gaeb;sonstiges/2 Jahre.X83
24;AKS: 2212_FE...._Handfeuerlöscher CO2 5kg;3,0;Stck;gaeb;sonstiges/2 Jahre.X83
25;AKS: 2212_FE..._Handfeuerlöscher Schaum;7,0;Stck;gaeb;sonstiges/2 Jahre.X83
26;AKS: 2212_FE...._Handfeuerlöscher Schaum 9kg;2,0;Stck;gaeb;sonstiges/2 Jahre.X83
1;Gebäudeautomation;1,0;psch;gaeb;sonstiges/2 Jahre.X83
1;Außentüren;1,0;psch;gaeb;sonstiges/2 Jahre.X83
1;Brand- und Rauchschutztüren;1,0;psch;gaeb;sonstiges/2 Jahre.X83
2;Innenliegender Sonnenschutz;1,0;psch;gaeb;sonstiges/2 Jahre.X83
1;Tafelanlagen;1,0;psch;gaeb;sonstiges/2 Jahre.X83
2;Tafelanlagen;1,0;psch;gaeb;sonstiges/2 Jahre.X83
1;AKS: 2231_WA41201_Wasserverwendung;1,0;psch;gaeb;sonstiges/2 Jahre.X83
2;AKS: 2231_AB41101_Abwasserbehandlungsanlage R1004;1,0;psch;gaeb;sonstiges/2 Jahre.X83
3;AKS: 2231_AB41101_Abwasserführung;1,0;psch;gaeb;sonstiges/2 Jahre.X83
1;AKS: 2231_WK42001_Wärmeverteilnetz mit Raumheizflächen;1,0;psch;gaeb;sonstiges/2 Jahre.X83
2;AKS: 2231_WK42001_Wärmeverteilerstation1;1,0;psch;gaeb;sonstiges/2 Jahre.X83
3;AKS: 2231_WK42001_Wärmeverteilerstation3;1,0;psch;gaeb;sonstiges/2 Jahre.X83
4;AKS: 2231_WK42002_Heizung_Nachspeisestation;1,0;psch;gaeb;sonstiges/2 Jahre.X83
1;AKS: 2231_LU43199_Brandschutzklappen;69,0;Stck;gaeb;sonstiges/2 Jahre.X83
2;AKS: 2231_LU43105_Lüftung WC-Räume_R0032 AL04;1,0;psch;gaeb;sonstiges/2 Jahre.X83
3;AKS: 2231_LU43106_Lüftung WC-Räume_R0027 AL05;1,0;psch;gaeb;sonstiges/2 Jahre.X83
4;AKS: 2231_LU43104_Lüftung_Löten/Schweißen AL06;1,0;psch;gaeb;sonstiges/2 Jahre.X83
5;AKS: 2231_AL43110_Schweißrauchabsaugung_R0022_AL06;4,0;Stck;gaeb;sonstiges/2 Jahre.X83
6;AKS: 2231_AL43102_Abluft Gasflaschenraum AL07;1,0;psch;gaeb;sonstiges/2 Jahre.X83
7;AKS: 2231_LU43202_Lüftung Praktikum AL08;1,0;psch;gaeb;sonstiges/2 Jahre.X83
8;AKS: 2231_LU43201_Lüftung S1-Labor AL09;1,0;psch;gaeb;sonstiges/2 Jahre.X83
9;AKS: 2231_AL43101_Abluft Druckluftanlage AL10;1,0;psch;gaeb;sonstiges/2 Jahre.X83
10;AKS: 2231_AL43104_Chemieabluft AL11;1,0;psch;gaeb;sonstiges/2 Jahre.X83
11;AKS: 2231_AL43103_Chemieabluft_S1-Labor AL12;1,0;psch;gaeb;sonstiges/2 Jahre.X83
12;AKS: 2231_AL43105_Chemieabluft_R2008 AL13;1,0;psch;gaeb;sonstiges/2 Jahre.X83
13;AKS: 2231_AL43106_Chemieabluft_R1018 AL14;1,0;psch;gaeb;sonstiges/2 Jahre.X83
14;AKS: 2231_AL43107_Chemieabluft_R2020 AL15;1,0;psch;gaeb;sonstiges/2 Jahre.X83
15;AKS: 2231_AL43109_Chemieabluft_R3018 AL16;1,0;psch;gaeb;sonstiges/2 Jahre.X83
16;AKS: 2231_AL43108_Chemieabluft Physiklabor AL17;1,0;psch;gaeb;sonstiges/2 Jahre.X83
17;AKS: 2231_LU43203_Lüftung WC-Räume AL18;1,0;psch;gaeb;sonstiges/2 Jahre.X83
18;AKS: 2231_LU43301_Lüftung Physiklabore AL19;1,0;psch;gaeb;sonstiges/2 Jahre.X83
19;AKS: 2231_LU43303_Lüftung_Optiklabore AL20;1,0;psch;gaeb;sonstiges/2 Jahre.X83
20;AKS: 2231_LU43302_Lüftung_Präparationslabore AL21;1,0;psch;gaeb;sonstiges/2 Jahre.X83
21;AKS: 2231_AL43112_Abluftanlage Kleinlüfter_R2001 AL22;1,0;psch;gaeb;sonstiges/2 Jahre.X83
22;AKS: 2231_AL43113_Abluftanlage Kleinlüfter_R0028 AL23;1,0;psch;gaeb;sonstiges/2 Jahre.X83
23;AKS: 2231_AL43114_Abluftanlage Kleinlüfter_R0030 AL24;1,0;psch;gaeb;sonstiges/2 Jahre.X83
24;AKS: 2231_AL43111_Abluftanlage Kleinlüfter_R0029;1,0;psch;gaeb;sonstiges/2 Jahre.X83
25;AKS: 2231_LU43211_Lüftung Primäranlage Reinraum;1,0;psch;gaeb;sonstiges/2 Jahre.X83
26;AKS: 2231_LU43212_Lüftung Sekundäranlage Reinraum;1,0;psch;gaeb;sonstiges/2 Jahre.X83
27;AKS: 2231_LU43212_Lüftung Sekundäranlage Reinraum;12,0;Stck;gaeb;sonstiges/2 Jahre.X83
28;AKS:  2231_LU....;5,0;Stck;gaeb;sonstiges/2 Jahre.X83
29;AKS:  2231_LU....;2,0;Stck;gaeb;sonstiges/2 Jahre.X83
30;AKS:  2231_LU....;3,0;Stck;gaeb;sonstiges/2 Jahre.X83
31;AKS:  2231_LU....;13,0;Stck;gaeb;sonstiges/2 Jahre.X83
32;AKS:  2231_LU....;11,0;Stck;gaeb;sonstiges/2 Jahre.X83
33;AKS: 2231_RW43101_TH Altbau;1,0;psch;gaeb;sonstiges/2 Jahre.X83
1;AKS: 2231_LU....;1,0;psch;gaeb;sonstiges/2 Jahre.X83
2;AKS: 2231_WK43500_Kühlwasserverteilung;1,0;psch;gaeb;sonstiges/2 Jahre.X83
3;AKS: 2231_WK42001_Wärmeverteilerstation3;1,0;psch;gaeb;sonstiges/2 Jahre.X83
4;AKS: 2231_WK43509_Nachspeisestation_Enthärtungspatrone;1,0;psch;gaeb;sonstiges/2 Jahre.X83
1;Niederspannungshauptverteilung;1,0;psch;gaeb;sonstiges/2 Jahre.X83
2;Niederspannungshauptverteilung;1,0;psch;gaeb;sonstiges/2 Jahre.X83
3;Niederspannungsinstallationsanlage;1,0;psch;gaeb;sonstiges/2 Jahre.X83
4;Niederspannungsinstallationsanlage;1,0;psch;gaeb;sonstiges/2 Jahre.X83
5;Allgemeinbeleuchtung;1,0;psch;gaeb;sonstiges/2 Jahre.X83
6;Sicherheitsbeleuchtung;1,0;psch;gaeb;sonstiges/2 Jahre.X83
7;Unterbrechungsfreie Stromversorgung;1,0;psch;gaeb;sonstiges/2 Jahre.X83
8;Blitzschutz und Erdungsanlagen;1,0;psch;gaeb;sonstiges/2 Jahre.X83
9;Blitzschutz und Erdungsanlagen;1,0;psch;gaeb;sonstiges/2 Jahre.X83
1;Brandmeldeanlage (BMA);1,0;psch;gaeb;sonstiges/2 Jahre.X83
2;Austausch und Inbetriebnahme eines Brandmelders vom Typ O2T;1,0;Stck;gaeb;sonstiges/2 Jahre.X83
3;Austausch und Inbetriebnahme eines Brandmelders vom Typ O2T;1,0;Stck;gaeb;sonstiges/2 Jahre.X83
4;Austausch und Inbetriebnahme eines Brandmelders vom Typ O2T-Lüftungskanal;1,0;Stck;gaeb;sonstiges/2 Jahre.X83
5;Austausch und Inbetriebnahme eines Brandmelders vom Typ O2T mit Sounder;1,0;Stck;gaeb;sonstiges/2 Jahre.X83
6;AKS: 2231;1,0;psch;gaeb;sonstiges/2 Jahre.X83
7;AKS: 2231_PG47301_Gasdetektion;1,0;psch;gaeb;sonstiges/2 Jahre.X83
1;Personenaufzug;1,0;psch;gaeb;sonstiges/2 Jahre.X83
2;Behindertenaufzug;1,0;psch;gaeb;sonstiges/2 Jahre.X83
1;AKS: 2231_GG47301_Drucklufterzeugung Altbau;1,0;psch;gaeb;sonstiges/2 Jahre.X83
2;AKS: 2231_GG47301_Druckgefäß 00984;1,0;psch;gaeb;sonstiges/2 Jahre.X83
3;AKS: 2231_GG47301_Druckluft-Verteilsystem;1,0;psch;gaeb;sonstiges/2 Jahre.X83
4;AKS: 2231_GG47302_Vakuum Laborschrank;2,0;Stck;gaeb;sonstiges/2 Jahre.X83
5;AKS: 2231_GG47303_Druckluftfilter Servicegang RR;1,0;psch;gaeb;sonstiges/2 Jahre.X83
6;AKS: 2231_GG47304_Stickstoffversorgungsanlage;1,0;psch;gaeb;sonstiges/2 Jahre.X83
7;AKS: 2231_LA47301_Autoklav VX-55 SN 7262;1,0;Stck;gaeb;sonstiges/2 Jahre.X83
8;AKS: 2231_LA47302_Abrauchabzug Digestorium;2,0;Stck;gaeb;sonstiges/2 Jahre.X83
9;AKS: 2231_LA47303_Abzugshaube (Punktabsaugung);3,0;Stck;gaeb;sonstiges/2 Jahre.X83
10;AKS: 2231_LA47304_Tischabzug (Digestorium);5,0;Stck;gaeb;sonstiges/2 Jahre.X83
11;AKS: 2231_LA47305_Entsorgung. m. Absaugung Lösemittel;5,0;Stck;gaeb;sonstiges/2 Jahre.X83
12;AKS: 2231_LA47306_Entsorgung. m. Absaugung Säure_Laugen;6,0;Stck;gaeb;sonstiges/2 Jahre.X83
13;AKS: 2231_LA47307_Flaschengasschrank nur Lagerung;1,0;Stck;gaeb;sonstiges/2 Jahre.X83
14;AKS: 2231_LA47308_Sicherheitsschr._Gefahrstoffe_R2008;2,0;Stck;gaeb;sonstiges/2 Jahre.X83
15;AKS: 2231_LA47309_Sicherheitsschr._Gefahrstoffe_R2022;1,0;Stck;gaeb;sonstiges/2 Jahre.X83
16;AKS: 2231_LA47311_Chemikalienschrank_R3018;1,0;Stck;gaeb;sonstiges/2 Jahre.X83
17;AKS: 2231_LA47310_Chemikalienschrank_R0004;2,0;Stck;gaeb;sonstiges/2 Jahre.X83
18;AKS: 2231_LA47312_Chemikalienschrank_ R3018;2,0;Stck;gaeb;sonstiges/2 Jahre.X83
19;AKS: 2231_LA47313 Sicherheitswerkbank_1;1,0;psch;gaeb;sonstiges/2 Jahre.X83
20;AKS: 2231_LA47314 Sicherheitswerkbank_2;1,0;psch;gaeb;sonstiges/2 Jahre.X83
21;AKS: 2231_LA47315 Sicherheitswerkbank_3;1,0;psch;gaeb;sonstiges/2 Jahre.X83
22;AKS: 2231_LA47316_Wäscherabzug;2,0;Stck;gaeb;sonstiges/2 Jahre.X83
23;AKS: 2231_LA47501_Laborspülen und Spülmodul;7,0;Stck;gaeb;sonstiges/2 Jahre.X83
24;Anlagenbezeichnung: Medienwandkanal (technische Gase, Wasser und Elektroverteilung);10,0;Stck;gaeb;sonstiges/2 Jahre.X83
25;AKS: 2231_PG47301_Verteilung Prozessgase;1,0;psch;gaeb;sonstiges/2 Jahre.X83
26;AKS: 2231_PG47302_Gasflaschenschränke;3,0;Stck;gaeb;sonstiges/2 Jahre.X83
27;AKS: 2231_PG47303_Argonversorgungsanlage 1;1,0;psch;gaeb;sonstiges/2 Jahre.X83
28;AKS: 2231_PG47305_Heliumversorgungsanlage;1,0;psch;gaeb;sonstiges/2 Jahre.X83
29;2231_PG47304_Argonversorgungsanlage 2;1,0;psch;gaeb;sonstiges/2 Jahre.X83
30;Anlagentyp:;1,0;psch;gaeb;sonstiges/2 Jahre.X83
31;AKS: 2231_FE...._Handfeuerlöscher CO 2 2kg;24,0;Stck;gaeb;sonstiges/2 Jahre.X83
32;AKS: 2231_FE...._Handfeuerlöscher CO2 5kg;15,0;Stck;gaeb;sonstiges/2 Jahre.X83
33;AKS: 231_FE...._Handfeuerlöscher Schaum 6kg;1,0;Stck;gaeb;sonstiges/2 Jahre.X83
34;AKS: 2231_FE...._Handfeuerlöscher Schaum 6kg - frostsicher;4,0;Stck;gaeb;sonstiges/2 Jahre.X83
35;AKS: 2231_FE...._Handfeuerlöscher Wasser 6l;16,0;Stck;gaeb;sonstiges/2 Jahre.X83
36;AKS: 2231_;1,0;psch;gaeb;sonstiges/2 Jahre.X83
1;Gebäudeautomation;1,0;psch;gaeb;sonstiges/2 Jahre.X83
1;Anlagenbezeichnung:Abläufe für Niederschlagswasser Gebäudeentwässerung;1,0;psch;gaeb;sonstiges/2 Jahre.X83
2;Anlagentyp: Schrankenanlage mit Steuerung und Bedienelemente;1,0;psch;gaeb;sonstiges/2 Jahre.X83
3;AKS: 2231_AB54101_Entwässerung und Schächte;1,0;psch;gaeb;sonstiges/2 Jahre.X83
1;Außenliegender Sonnenschutz;1,0;psch;gaeb;sonstiges/2 Jahre.X83
1;Anlagentyp:elektrisch betriebene Jalousien mit Steuerung;1,0;psch;gaeb;sonstiges/2 Jahre.X83
1;Tafelanlagen;1,0;psch;gaeb;sonstiges/2 Jahre.X83
1;AKS: 2231_WA41201_Wasserverwendung;1,0;psch;gaeb;sonstiges/2 Jahre.X83
2;AKS: 2232_AB41101_Abwasserführung;1,0;psch;gaeb;sonstiges/2 Jahre.X83
1;AKS: 2232_WK42001_Wärmeverteilnetz mit Raumheizflächen;1,0;psch;gaeb;sonstiges/2 Jahre.X83
2;AKS: 2231_WK42001_Wärmeverteilerstation2;1,0;psch;gaeb;sonstiges/2 Jahre.X83
3;AKS: 2232_WK43501_Heiz- und Kühldecken;1,0;psch;gaeb;sonstiges/2 Jahre.X83
1;AKS: 2232_LU43251_Lüftung WC Hörsaal AL01;1,0;psch;gaeb;sonstiges/2 Jahre.X83
2;AKS:;1,0;psch;gaeb;sonstiges/2 Jahre.X83
3;AKS: 2232_AL43151_Abluft Technikzentrale AL03;1,0;psch;gaeb;sonstiges/2 Jahre.X83
4;AKS: 2232_LU43199_Brandschutzklappen;12,0;Stck;gaeb;sonstiges/2 Jahre.X83
5;AKS:  2231_LU....;1,0;Stck;gaeb;sonstiges/2 Jahre.X83
6;AKS: 2232_RW43102_TH Verbinder Neubau;1,0;psch;gaeb;sonstiges/2 Jahre.X83
7;AKS: 2232_RW43103_Foyer Hörsaal;1,0;psch;gaeb;sonstiges/2 Jahre.X83
8;AKS: 2232_RW43104_Hörsaal;1,0;psch;gaeb;sonstiges/2 Jahre.X83
1;AKS: 2231_WK43500_Kühlwasserverteilung;1,0;psch;gaeb;sonstiges/2 Jahre.X83
1;Niederspannungsinstallationsanlage;1,0;psch;gaeb;sonstiges/2 Jahre.X83
2;Niederspannungsinstallationsanlage;1,0;psch;gaeb;sonstiges/2 Jahre.X83
3;Allgemeinbeleuchtung;1,0;psch;gaeb;sonstiges/2 Jahre.X83
4;Photovoltaikanlage;1,0;psch;gaeb;sonstiges/2 Jahre.X83
1;AKS: 2232;1,0;psch;gaeb;sonstiges/2 Jahre.X83
1;AKS: 2232_GG47301_Drucklufterzeugung Neubau;1,0;psch;gaeb;sonstiges/2 Jahre.X83
2;AKS: 2232_GG47301_Druckgefäß 02187;1,0;psch;gaeb;sonstiges/2 Jahre.X83
3;AKS: 2232_GG47301_Druckluft-Verteilsystem;1,0;psch;gaeb;sonstiges/2 Jahre.X83
4;AKS: 2232_FE...._Handfeuerlöscher CO 2 2kg;1,0;Stck;gaeb;sonstiges/2 Jahre.X83
5;AKS: 2232_FE...._Handfeuerlöscher CO2 5kg;5,0;Stck;gaeb;sonstiges/2 Jahre.X83
6;AKS: 2232_FE...._Handfeuerlöscher Schaum 6kg - frostsicher;2,0;Stck;gaeb;sonstiges/2 Jahre.X83
7;AKS: 2232_FE...._Handfeuerlöscher Pulver 6kg;1,0;Stck;gaeb;sonstiges/2 Jahre.X83
8;AKS: 2232_FE...._Handfeuerlöscher Wasser 6l;2,0;Stck;gaeb;sonstiges/2 Jahre.X83
9;AKS: 2232_FE41401_Feuerlöschanlagen;1,0;psch;gaeb;sonstiges/2 Jahre.X83
1;Außentüren;1,0;psch;gaeb;sonstiges/2 Jahre.X83
1;Brand- und Rauchschutztüren;1,0;psch;gaeb;sonstiges/2 Jahre.X83
1;Brandschutzhaube EG;1,0;psch;gaeb;sonstiges/2 Jahre.X83
2;Brandschutzhaube 1.OG;1,0;psch;gaeb;sonstiges/2 Jahre.X83
3;Brandschutzhaube 2.OG;1,0;psch;gaeb;sonstiges/2 Jahre.X83
4;Tafelanlagen;1,0;psch;gaeb;sonstiges/2 Jahre.X83
1;AKS: 2241_WA41201_Wasserverwendung;1,0;psch;gaeb;sonstiges/2 Jahre.X83
2;AKS: 2241_AB41101_Abwasserführung;1,0;psch;gaeb;sonstiges/2 Jahre.X83
3;Abwasserbehandlungsanlage;1,0;psch;gaeb;sonstiges/2 Jahre.X83
4;Hebeanlage Fäkalien;1,0;psch;gaeb;sonstiges/2 Jahre.X83
5;Hebeanlage Pumpensumpf;1,0;psch;gaeb;sonstiges/2 Jahre.X83
6;AKS: 2241_DA36301_Dachentwässerung;1,0;psch;gaeb;sonstiges/2 Jahre.X83
7;AKS: 2241_ER41301_Erdgasverwendung;1,0;psch;gaeb;sonstiges/2 Jahre.X83
8;AKS: 2241_ER41301_Gebrauchsfähigkeitsprüfung Erdgas;1,0;psch;gaeb;sonstiges/2 Jahre.X83
1;AKS: 2241_WK42201_Wärmeverteilnetz;1,0;psch;gaeb;sonstiges/2 Jahre.X83
1;AKS: 2241_AL43101 WC`s Westflügel;1,0;psch;gaeb;sonstiges/2 Jahre.X83
2;2241_AL43102_Abluftventilator Digestorium 1;1,0;psch;gaeb;sonstiges/2 Jahre.X83
3;2241_AL43103_Abluftventilator Digestorium 2;1,0;psch;gaeb;sonstiges/2 Jahre.X83
4;AKS: 2241_AL43104 WC`s Südflügel;1,0;psch;gaeb;sonstiges/2 Jahre.X83
5;AKS: 2241_AL43105 Kompressorraum R 009;1,0;psch;gaeb;sonstiges/2 Jahre.X83
6;AKS: 2241_AL43106 Chemikalienschränke KG;1,0;psch;gaeb;sonstiges/2 Jahre.X83
7;AKS: 2241_AL43107 Punktabsaugung R106;1,0;psch;gaeb;sonstiges/2 Jahre.X83
8;AKS: 2241_AL43108 Punktabsaugung R105;1,0;psch;gaeb;sonstiges/2 Jahre.X83
9;AKS: 2241_AL43109 Säuren und Laugenschränke;1,0;psch;gaeb;sonstiges/2 Jahre.X83
10;AKS: 2241_AL43110 Chemikalienschränke EG;1,0;psch;gaeb;sonstiges/2 Jahre.X83
11;AKS: 2241_AL43111 Lösungsmittelschränke;1,0;psch;gaeb;sonstiges/2 Jahre.X83
12;AKS: 2241_AL43112 Abluft USV Raum;1,0;psch;gaeb;sonstiges/2 Jahre.X83
13;AKS: 2241_AL43113 Gasflaschenschränke R007;1,0;psch;gaeb;sonstiges/2 Jahre.X83
14;AKS: 2241_AL43114 Punktabsaugung R007;1,0;psch;gaeb;sonstiges/2 Jahre.X83
15;AKS: 2241_AL43115 Punktabsaugung R008;1,0;psch;gaeb;sonstiges/2 Jahre.X83
16;AKS: 2241_LU43201_Chemiepraktika R107;1,0;psch;gaeb;sonstiges/2 Jahre.X83
17;Anlagen ohne Dampfbefeuchter (alle 3 Jahre);1,0;psch;gaeb;sonstiges/2 Jahre.X83
18;Reinigung (innen) , RLT - Gerät incl. der Komponeten, nach VDI 6022 bzw. Herstellerangabe u. dgl., im manuellen Wisch- und Absaug -/ Dampfreinigerverfahren, alle Bauteile / - elemente komplett, incl. anschliesender Wisch -/ Sprühdesinfektion, einschl. notwendiges Material bzw. Hilfsstoffe.;1,0;psch;gaeb;sonstiges/2 Jahre.X83
19;"Reinigung (außen), komplettes RLT - Gerät incl. der Komponeten, im manuellen Wisch - und Absaugverfahren, alle zugänglichen Bauteile /- Elemente ; einschl . Reinigungsmittel und Verbrauchsmaterial.";1,0;psch;gaeb;sonstiges/2 Jahre.X83
20;AKS: 2241_LU43202_Chemiepraktika R106;1,0;psch;gaeb;sonstiges/2 Jahre.X83
21;Anlagen ohne Dampfbefeuchter (alle 3 Jahre);1,0;psch;gaeb;sonstiges/2 Jahre.X83
22;Reinigung (innen) , RLT - Gerät incl. der Komponeten, nach VDI 6022 bzw. Herstellerangabe u. dgl., im manuellen Wisch- und Absaug -/ Dampfreinigerverfahren, alle Bauteile / - elemente komplett, incl. anschliesender Wisch -/ Sprühdesinfektion, einschl. notwendiges Material bzw. Hilfsstoffe.;1,0;psch;gaeb;sonstiges/2 Jahre.X83
23;"Reinigung (außen), komplettes RLT - Gerät incl. der Komponeten, im manuellen Wisch - und Absaugverfahren, alle zugänglichen Bauteile /- Elemente ; einschl . Reinigungsmittel und Verbrauchsmaterial.";1,0;psch;gaeb;sonstiges/2 Jahre.X83
24;AKS: 2241_LU43203_Chemiepraktika R105;1,0;psch;gaeb;sonstiges/2 Jahre.X83
25;Anlagen ohne Dampfbefeuchter (alle 3 Jahre);1,0;psch;gaeb;sonstiges/2 Jahre.X83
26;Reinigung (innen) , RLT - Gerät incl. der Komponeten, nach VDI 6022 bzw. Herstellerangabe u. dgl., im manuellen Wisch- und Absaug -/ Dampfreinigerverfahren, alle Bauteile / - elemente komplett, incl. anschliesender Wisch -/ Sprühdesinfektion, einschl. notwendiges Material bzw. Hilfsstoffe.;1,0;psch;gaeb;sonstiges/2 Jahre.X83
27;"Reinigung (außen), komplettes RLT - Gerät incl. der Komponeten, im manuellen Wisch - und Absaugverfahren, alle zugänglichen Bauteile /- Elemente ; einschl . Reinigungsmittel und Verbrauchsmaterial.";1,0;psch;gaeb;sonstiges/2 Jahre.X83
28;AKS: 2241_LU43204_Hörsaal R117;1,0;psch;gaeb;sonstiges/2 Jahre.X83
29;Anlagen ohne Dampfbefeuchter (alle 3 Jahre);1,0;psch;gaeb;sonstiges/2 Jahre.X83
30;Reinigung (innen) , RLT - Gerät incl. der Komponeten, nach VDI 6022 bzw. Herstellerangabe u. dgl., im manuellen Wisch- und Absaug -/ Dampfreinigerverfahren, alle Bauteile / - elemente komplett, incl. anschliesender Wisch -/ Sprühdesinfektion, einschl. notwendiges Material bzw. Hilfsstoffe.;1,0;psch;gaeb;sonstiges/2 Jahre.X83
31;"Reinigung (außen), komplettes RLT - Gerät incl. der Komponeten, im manuellen Wisch - und Absaugverfahren, alle zugänglichen Bauteile /- Elemente ; einschl . Reinigungsmittel und Verbrauchsmaterial.";1,0;psch;gaeb;sonstiges/2 Jahre.X83
32;AKS: 1134_LU43199_Brandschutzklappen;15,0;Stck;gaeb;sonstiges/2 Jahre.X83
33;AKS: 2241_LU43101_Splitklimagerät_R009;1,0;psch;gaeb;sonstiges/2 Jahre.X83
34;AKS: 2241_LU43105_Klimaschrank R223;1,0;psch;gaeb;sonstiges/2 Jahre.X83
35;AKS: 2241_RW43101_RWA Hof mit TrH Ost;1,0;psch;gaeb;sonstiges/2 Jahre.X83
36;AKS: 2241_RW43102_RWA Hof mit TrH West;1,0;psch;gaeb;sonstiges/2 Jahre.X83
37;AKS: 2241_RW43103_RWA Hof mit TrH Süd;1,0;psch;gaeb;sonstiges/2 Jahre.X83
1;Niederspannungshauptverteilung;1,0;psch;gaeb;sonstiges/2 Jahre.X83
2;Niederspannungshauptverteilung;1,0;psch;gaeb;sonstiges/2 Jahre.X83
3;Niederspannungsinstallationsanlage;1,0;psch;gaeb;sonstiges/2 Jahre.X83
4;Niederspannungsinstallationsanlage;1,0;psch;gaeb;sonstiges/2 Jahre.X83
5;Frostschutz Dachrinnen Innenhof;1,0;psch;gaeb;sonstiges/2 Jahre.X83
6;Blindstromkompensation;1,0;psch;gaeb;sonstiges/2 Jahre.X83
7;Blindstromkompensation;1,0;psch;gaeb;sonstiges/2 Jahre.X83
8;Allgemeinbeleuchtung;1,0;psch;gaeb;sonstiges/2 Jahre.X83
9;Sicherheitsbeleuchtung;1,0;psch;gaeb;sonstiges/2 Jahre.X83
10;Unterbrechungsfreie Stromversorgung;1,0;psch;gaeb;sonstiges/2 Jahre.X83
11;Blitzschutz und Erdungsanlagen;1,0;psch;gaeb;sonstiges/2 Jahre.X83
12;Blitzschutz und Erdungsanlagen;1,0;psch;gaeb;sonstiges/2 Jahre.X83
1;Brandmeldeanlage (BMA);1,0;psch;gaeb;sonstiges/2 Jahre.X83
2;Austausch und Inbetriebnahme eines Brandmelders vom Typ O2T;1,0;Stck;gaeb;sonstiges/2 Jahre.X83
3;AKS: 2241...;1,0;psch;gaeb;sonstiges/2 Jahre.X83
1;Personenaufzug;1,0;psch;gaeb;sonstiges/2 Jahre.X83
2;Kleinlastenaufzug;1,0;psch;gaeb;sonstiges/2 Jahre.X83
1;AKS: 2241_GG47301_Drucklufterzeugung;1,0;psch;gaeb;sonstiges/2 Jahre.X83
2;Druckluft- Verteilsystem;1,0;psch;gaeb;sonstiges/2 Jahre.X83
3;AKS: 2241_PG47..._Sauerstoffvers._Flaschenschrank 50l;1,0;psch;gaeb;sonstiges/2 Jahre.X83
4;AKS: 2241_PG47..._Argonvers._Flaschenschrank 50l;1,0;psch;gaeb;sonstiges/2 Jahre.X83
5;AKS: 2241_PG47..._Heliumvers._Flaschenschrank 50l;1,0;psch;gaeb;sonstiges/2 Jahre.X83
6;AKS: 2241_PG47..._Wasserstoffvers._Flaschenschrank 50l;1,0;psch;gaeb;sonstiges/2 Jahre.X83
7;AKS: 2241_PG47..._Wasserstoffvers._Flaschenschrank 50l;1,0;psch;gaeb;sonstiges/2 Jahre.X83
8;AKS: 2241_PG47..._Stickstoffvers._Flaschenschrank 50l;1,0;psch;gaeb;sonstiges/2 Jahre.X83
9;AKS: 2241_PG47..._Argonvers._Flaschenschrank 50l;1,0;psch;gaeb;sonstiges/2 Jahre.X83
10;AKS: 2241_PG47..._CO- vers._Flaschenschrank 50l;1,0;psch;gaeb;sonstiges/2 Jahre.X83
11;AKS: 2241_LA47301_Sicherheitsschr._Gefahrstoffe_EG R107;1,0;psch;gaeb;sonstiges/2 Jahre.X83
12;AKS: 2241_LA47302_Sicherheitsschr._Gefahrstoffe_EG R106;1,0;psch;gaeb;sonstiges/2 Jahre.X83
13;AKS: 2241_LA47303_Sicherheitsschr._Gefahrstoffe_UG R7_1;1,0;psch;gaeb;sonstiges/2 Jahre.X83
14;AKS: 2241_LA47304_Sicherheitsschr._Gefahrstoffe_UG R7_2;1,0;psch;gaeb;sonstiges/2 Jahre.X83
15;AKS: 2241_LA47305_Sicherheitsschr._Gefahrstoffe_UG R7_3;1,0;psch;gaeb;sonstiges/2 Jahre.X83
16;AKS: 2241_LA47306_Sicherheitsschr._Gefahrstoffe_UG R7_4;1,0;psch;gaeb;sonstiges/2 Jahre.X83
17;AKS: 2241_LA47307_Sicherheitsschr._Gefahrstoffe_UG R7_5;1,0;psch;gaeb;sonstiges/2 Jahre.X83
18;AKS: 2241_LA47308_Sicherheitsschr._Gefahrstoffe_UG R7_6;1,0;psch;gaeb;sonstiges/2 Jahre.X83
19;AKS: 2241_LA47309_Chemikalienschrank_EG R105_1;1,0;psch;gaeb;sonstiges/2 Jahre.X83
20;AKS: 2241_LA47310_Chemikalienschrank_EG R105_2;1,0;psch;gaeb;sonstiges/2 Jahre.X83
21;AKS: 2241_LA47311_Chemikalienschrank_EG R106_1;1,0;psch;gaeb;sonstiges/2 Jahre.X83
22;AKS: 2241_LA47312_Chemikalienschrank_EG R106_2;1,0;psch;gaeb;sonstiges/2 Jahre.X83
23;AKS: 2241_LA47313_Chemikalienschrank_EG R106_3;1,0;psch;gaeb;sonstiges/2 Jahre.X83
24;AKS: 2241_LA47314_Chemikalienschrank_EG R106_4;1,0;psch;gaeb;sonstiges/2 Jahre.X83
25;AKS: 2241_LA47315_Chemikalienschrank_EG R106_6;1,0;psch;gaeb;sonstiges/2 Jahre.X83
26;AKS: 2241_LA47316_Chemikalienschrank_EG R107_1;1,0;psch;gaeb;sonstiges/2 Jahre.X83
27;AKS: 2241_LA47317_Chemikalienschrank_EG R107_2;1,0;psch;gaeb;sonstiges/2 Jahre.X83
28;AKS: 2241_LA47318_Chemikalienschrank_EG R107_3;1,0;psch;gaeb;sonstiges/2 Jahre.X83
29;AKS: 2241_LA47319_Chemikalienschrank_UG R007_1;1,0;psch;gaeb;sonstiges/2 Jahre.X83
30;AKS: 2241_LA47320_Chemikalienschrank_UG R007_2;1,0;psch;gaeb;sonstiges/2 Jahre.X83
31;AKS: 2241_LA47321_Chemikalienschrank_UG R007_3;1,0;psch;gaeb;sonstiges/2 Jahre.X83
32;AKS: 2241_LA47322_Chemikalienschrank_UG R007_4;1,0;psch;gaeb;sonstiges/2 Jahre.X83
33;AKS: 2241_LA47323_Chemikalienschrank_UG R007_5;1,0;psch;gaeb;sonstiges/2 Jahre.X83
34;AKS: 2241_LA47324_Chemikalienschrank_UG R007_6;1,0;psch;gaeb;sonstiges/2 Jahre.X83
35;AKS: 2241_LA47325_Chemikalienschrank_UG R007_7;1,0;psch;gaeb;sonstiges/2 Jahre.X83
36;AKS: 2241_LA47501_Digestorium_EG_R106;1,0;psch;gaeb;sonstiges/2 Jahre.X83
37;AKS: 2241_LA47502_Digestorium_EG_R107_1;1,0;psch;gaeb;sonstiges/2 Jahre.X83
38;AKS: 2241_LA47503_Digestorium_EG_R107_2;1,0;psch;gaeb;sonstiges/2 Jahre.X83
39;AKS: 2241_AL43401_Punktabsaugung R105_1;1,0;psch;gaeb;sonstiges/2 Jahre.X83
40;AKS: 2241_AL43402_Punktabsaugung R105_2;1,0;psch;gaeb;sonstiges/2 Jahre.X83
41;AKS: 2241_AL43403_Punktabsaugung R106_1;1,0;psch;gaeb;sonstiges/2 Jahre.X83
42;AKS: 2241_AL43404_Punktabsaugung R106_2;1,0;psch;gaeb;sonstiges/2 Jahre.X83
43;AKS: 2241_AL43405_Punktabsaugung R007;1,0;psch;gaeb;sonstiges/2 Jahre.X83
44;AKS: 2241_FE...._Handfeuerlöscher CO 2 2kg;3,0;Stck;gaeb;sonstiges/2 Jahre.X83
45;AKS: 2241_FE...._Handfeuerlöscher CO2 5kg;21,0;Stck;gaeb;sonstiges/2 Jahre.X83
46;AKS: 2241_FE...._Handfeuerlöscher Schaum 6kg;3,0;Stck;gaeb;sonstiges/2 Jahre.X83
47;AKS: 2241_FE...._Handfeuerlöscher Schaum 6kg - frostsicher;18,0;Stck;gaeb;sonstiges/2 Jahre.X83
48;AKS: 2241_FE...._Handfeuerlöscher Schaum 9kg - frostsicher;5,0;Stck;gaeb;sonstiges/2 Jahre.X83
49;AKS: 2241_FE...._Handfeuerlöscher Pulver 6kg;5,0;Stck;gaeb;sonstiges/2 Jahre.X83
50;AKS: 2241_FE47402_Löschdecke;3,0;Stck;gaeb;sonstiges/2 Jahre.X83
1;Gebäudeautomation;1,0;psch;gaeb;sonstiges/2 Jahre.X83
1;Außentüren;1,0;psch;gaeb;sonstiges/2 Jahre.X83
1;Brand- und Rauchschutztüren;1,0;psch;gaeb;sonstiges/2 Jahre.X83
1;Tafelanlagen;1,0;psch;gaeb;sonstiges/2 Jahre.X83
1;AKS: 2242_WA41201_Wasserverwendung;1,0;psch;gaeb;sonstiges/2 Jahre.X83
2;AKS: 2242_AB41101_Abwasserführung;1,0;psch;gaeb;sonstiges/2 Jahre.X83
3;AKS: 2242_AB41101_Fäkalienhebeanlage öffentlich;1,0;psch;gaeb;sonstiges/2 Jahre.X83
4;AKS: 2242_AB41102_Fäkalienhebeanlage Personal;1,0;psch;gaeb;sonstiges/2 Jahre.X83
5;AKS: 2242_AB41103_Hebeanlage Pumpensumpf;1,0;psch;gaeb;sonstiges/2 Jahre.X83
6;AKS: 2242_ER41301_Erdgasverwendung;1,0;psch;gaeb;sonstiges/2 Jahre.X83
7;AKS: 2242_ER41301_Gebrauchsfähigkeitsprüfung Erdgas;1,0;psch;gaeb;sonstiges/2 Jahre.X83
1;AKS: 2242_WK42201_Wärmeverteilnetz mit Raumheizflächen;1,0;psch;gaeb;sonstiges/2 Jahre.X83
1;AKS: 2242_LU43211_Lüftung Hörsaal;1,0;psch;gaeb;sonstiges/2 Jahre.X83
2;Anlagen ohne Dampfbefeuchter (alle 3 Jahre);1,0;psch;gaeb;sonstiges/2 Jahre.X83
3;Reinigung (innen) , RLT - Gerät incl. der Komponeten, nach VDI 6022 bzw. Herstellerangabe u. dgl., im manuellen Wisch- und Absaug -/ Dampfreinigerverfahren, alle Bauteile / - elemente komplett, incl. anschliesender Wisch -/ Sprühdesinfektion, einschl. notwendiges Material bzw. Hilfsstoffe.;1,0;psch;gaeb;sonstiges/2 Jahre.X83
4;"Reinigung (außen), komplettes RLT - Gerät incl. der Komponeten, im manuellen Wisch - und Absaugverfahren, alle zugänglichen Bauteile /- Elemente ; einschl . Reinigungsmittel und Verbrauchsmaterial.";1,0;psch;gaeb;sonstiges/2 Jahre.X83
5;AKS: 2242_LU43212_Lüftung Cafeteria;1,0;psch;gaeb;sonstiges/2 Jahre.X83
6;Anlagen ohne Dampfbefeuchter (alle 3 Jahre);1,0;psch;gaeb;sonstiges/2 Jahre.X83
7;Reinigung (innen) , RLT - Gerät incl. der Komponeten, nach VDI 6022 bzw. Herstellerangabe u. dgl., im manuellen Wisch- und Absaug -/ Dampfreinigerverfahren, alle Bauteile / - elemente komplett, incl. anschliesender Wisch -/ Sprühdesinfektion, einschl. notwendiges Material bzw. Hilfsstoffe.;1,0;psch;gaeb;sonstiges/2 Jahre.X83
8;"Reinigung (außen), komplettes RLT - Gerät incl. der Komponeten, im manuellen Wisch - und Absaugverfahren, alle zugänglichen Bauteile /- Elemente ; einschl . Reinigungsmittel und Verbrauchsmaterial.";1,0;psch;gaeb;sonstiges/2 Jahre.X83
9;AKS: 2242_LU43111_Lüftung Küche (Zuluftgerät);1,0;psch;gaeb;sonstiges/2 Jahre.X83
10;Anlagen ohne Dampfbefeuchter (alle 3 Jahre);1,0;psch;gaeb;sonstiges/2 Jahre.X83
11;Reinigung (innen) , RLT - Gerät incl. der Komponeten, nach VDI 6022 bzw. Herstellerangabe u. dgl., im manuellen Wisch- und Absaug -/ Dampfreinigerverfahren, alle Bauteile / - elemente komplett, incl. anschliesender Wisch -/ Sprühdesinfektion, einschl. notwendiges Material bzw. Hilfsstoffe.;1,0;psch;gaeb;sonstiges/2 Jahre.X83
12;"Reinigung (außen), komplettes RLT - Gerät incl. der Komponeten, im manuellen Wisch - und Absaugverfahren, alle zugänglichen Bauteile /- Elemente ; einschl . Reinigungsmittel und Verbrauchsmaterial.";1,0;psch;gaeb;sonstiges/2 Jahre.X83
13;AKS: 2242_LU43114;1,0;psch;gaeb;sonstiges/2 Jahre.X83
14;AKS: 2242_LU43113;1,0;psch;gaeb;sonstiges/2 Jahre.X83
15;AKS: 2242_LU43111;1,0;psch;gaeb;sonstiges/2 Jahre.X83
16;AKS: 2242_LU43111;1,0;psch;gaeb;sonstiges/2 Jahre.X83
17;AKS: 2242_LU43112;1,0;psch;gaeb;sonstiges/2 Jahre.X83
18;AKS: 2242_AL43411;1,0;psch;gaeb;sonstiges/2 Jahre.X83
19;AKS: 2242_LU43912_Splitklimagerät ELT- Raum RLT 8.1;1,0;psch;gaeb;sonstiges/2 Jahre.X83
20;AKS: 2242_ZU43116;1,0;psch;gaeb;sonstiges/2 Jahre.X83
21;Anlagen ohne Dampfbefeuchter (alle 3 Jahre);1,0;psch;gaeb;sonstiges/2 Jahre.X83
22;Reinigung (innen) , RLT - Gerät incl. der Komponeten, nach VDI 6022 bzw. Herstellerangabe u. dgl., im manuellen Wisch- und Absaug -/ Dampfreinigerverfahren, alle Bauteile / - elemente komplett, incl. anschliesender Wisch -/ Sprühdesinfektion, einschl. notwendiges Material bzw. Hilfsstoffe.;1,0;psch;gaeb;sonstiges/2 Jahre.X83
23;"Reinigung (außen), komplettes RLT - Gerät incl. der Komponeten, im manuellen Wisch - und Absaugverfahren, alle zugänglichen Bauteile /- Elemente ; einschl . Reinigungsmittel und Verbrauchsmaterial.";1,0;psch;gaeb;sonstiges/2 Jahre.X83
24;AKS: 2242_AL43414;1,0;psch;gaeb;sonstiges/2 Jahre.X83
25;AKS: 2242_AL43413;1,0;psch;gaeb;sonstiges/2 Jahre.X83
26;AKS: 2242_AL43115;1,0;psch;gaeb;sonstiges/2 Jahre.X83
27;AKS: 2242_LU43101_Splitklimagerät Sammlung RLT 12.1;1,0;psch;gaeb;sonstiges/2 Jahre.X83
28;AKS: 1161_LU43199_Brandschutzklappen;12,0;Stck;gaeb;sonstiges/2 Jahre.X83
29;AKS: 2242_RW43101_RA;1,0;psch;gaeb;sonstiges/2 Jahre.X83
1;AKS: 2242_WK54503_KWS;1,0;psch;gaeb;sonstiges/2 Jahre.X83
1;Niederspannungshauptverteilung;1,0;psch;gaeb;sonstiges/2 Jahre.X83
2;Niederspannungshauptverteilung;1,0;psch;gaeb;sonstiges/2 Jahre.X83
3;Niederspannungsinstallationsanlage;1,0;psch;gaeb;sonstiges/2 Jahre.X83
4;Niederspannungsinstallationsanlage;1,0;psch;gaeb;sonstiges/2 Jahre.X83
5;Allgemeinbeleuchtung;1,0;psch;gaeb;sonstiges/2 Jahre.X83
6;Sicherheitsbeleuchtung als Zentralsystem:;1,0;psch;gaeb;sonstiges/2 Jahre.X83
7;Netzersatzanlage;1,0;psch;gaeb;sonstiges/2 Jahre.X83
8;Blitzschutz und Erdungsanlagen;1,0;psch;gaeb;sonstiges/2 Jahre.X83
9;Blitzschutz und Erdungsanlagen;1,0;psch;gaeb;sonstiges/2 Jahre.X83
1;Brandmeldeanlage (BMA);1,0;psch;gaeb;sonstiges/2 Jahre.X83
2;Austausch und Inbetriebnahme eines Brandmelders vom Typ O;1,0;Stck;gaeb;sonstiges/2 Jahre.X83
3;Austausch und Inbetriebnahme eines Brandmelders vom Typ O2T;1,0;Stck;gaeb;sonstiges/2 Jahre.X83
4;AKS: 2242...;1,0;psch;gaeb;sonstiges/2 Jahre.X83
1;Personenaufzug;1,0;psch;gaeb;sonstiges/2 Jahre.X83
2;Behindertenaufzug;1,0;psch;gaeb;sonstiges/2 Jahre.X83
1;AKS:2242_GG47301_Drucklufterzeugung;1,0;psch;gaeb;sonstiges/2 Jahre.X83
2;AKS: 2242_GG47301_Druckluft- Verteilsystem;1,0;psch;gaeb;sonstiges/2 Jahre.X83
3;AKS: 2242_LA47301_Sicherheits._Gefahrstoffe_EG R104;1,0;psch;gaeb;sonstiges/2 Jahre.X83
4;AKS: 2242_LA47305_Chemikalienschrank_EG R104_1;1,0;psch;gaeb;sonstiges/2 Jahre.X83
5;AKS: 2242_LA47305_Chemikalienschrank_EG R104_2;1,0;psch;gaeb;sonstiges/2 Jahre.X83
6;AKS: 2242_LA47305_Chemikalienschrank_EG R104_3;1,0;psch;gaeb;sonstiges/2 Jahre.X83
7;AKS: 2242_LA47501_Digestorium_EG_R104_1;1,0;psch;gaeb;sonstiges/2 Jahre.X83
8;AKS: 2242_LA47502_Digestorium_EG_R104_2;1,0;psch;gaeb;sonstiges/2 Jahre.X83
9;AKS: 2242_LA47503_Digestorium_EG_R104_3;1,0;psch;gaeb;sonstiges/2 Jahre.X83
10;AKS: 2242_LA47504_Digestorium_Saal_R101_4;1,0;psch;gaeb;sonstiges/2 Jahre.X83
11;AKS: 2242_FE...._Handfeuerlöscher CO 2 2kg;1,0;Stck;gaeb;sonstiges/2 Jahre.X83
12;AKS: 2242_FE...._Handfeuerlöscher CO2 5kg;11,0;Stck;gaeb;sonstiges/2 Jahre.X83
13;AKS: 2242_FE...._Handfeuerlöscher Schaum 6kg - frostsicher;2,0;Stck;gaeb;sonstiges/2 Jahre.X83
14;AKS: 2242_FE...._Handfeuerlöscher Pulver 6kg;6,0;Stck;gaeb;sonstiges/2 Jahre.X83
15;AKS: 2242_FE...._Handfeuerlöscher Wasser 6l;4,0;Stck;gaeb;sonstiges/2 Jahre.X83
16;AKS: 2242_FE...._Handfeuerlöscher Fettbrand 6l;1,0;Stck;gaeb;sonstiges/2 Jahre.X83
1;Gebäudeautomation;1,0;psch;gaeb;sonstiges/2 Jahre.X83
1;Außentüren;1,0;psch;gaeb;sonstiges/2 Jahre.X83
1;Brand- und Rauchschutztüren;1,0;psch;gaeb;sonstiges/2 Jahre.X83
1;AKS: 2311_WA41201_Wasserverwendung;1,0;psch;gaeb;sonstiges/2 Jahre.X83
2;AKS: 2311_AB41101_Abwasserführung;1,0;psch;gaeb;sonstiges/2 Jahre.X83
3;Hebeanlage Pumpensumpf R0002;1,0;psch;gaeb;sonstiges/2 Jahre.X83
4;Hebeanlage Pumpensumpf R0003;1,0;psch;gaeb;sonstiges/2 Jahre.X83
1;AKS: 2311_WK42201_Wärmeverteilnetz mit Raumheizflächen;1,0;psch;gaeb;sonstiges/2 Jahre.X83
1;AKS: 2311_AL43103_Abluftventilator R111;1,0;psch;gaeb;sonstiges/2 Jahre.X83
2;AKS: 2311_ZL43101_Zuluft R111;1,0;psch;gaeb;sonstiges/2 Jahre.X83
3;Anlagen ohne Dampfbefeuchter (alle 3 Jahre);1,0;psch;gaeb;sonstiges/2 Jahre.X83
4;Reinigung (innen) , RLT - Gerät incl. der Komponeten, nach VDI 6022 bzw. Herstellerangabe u. dgl., im manuellen Wisch- und Absaug -/ Dampfreinigerverfahren, alle Bauteile / - elemente komplett, incl. anschliesender Wisch -/ Sprühdesinfektion, einschl. notwendiges Material bzw. Hilfsstoffe.;1,0;psch;gaeb;sonstiges/2 Jahre.X83
5;"Reinigung (außen), komplettes RLT - Gerät incl. der Komponeten, im manuellen Wisch - und Absaugverfahren, alle zugänglichen Bauteile /- Elemente ; einschl . Reinigungsmittel und Verbrauchsmaterial.";1,0;psch;gaeb;sonstiges/2 Jahre.X83
6;AKS: 2311_AL43102_Abluftventilator_R103;1,0;psch;gaeb;sonstiges/2 Jahre.X83
7;AKS: 2211_AL43101_Nebenräume;1,0;psch;gaeb;sonstiges/2 Jahre.X83
8;AKS: 2311_AL43401_Punktabsaugung R1111;1,0;psch;gaeb;sonstiges/2 Jahre.X83
9;AKS: 2311_LU43101_ULK R102;1,0;psch;gaeb;sonstiges/2 Jahre.X83
10;AKS: 2311_LU43101_ULK R102;1,0;psch;gaeb;sonstiges/2 Jahre.X83
11;AKS: 2311_LU43102_ULK R103;1,0;psch;gaeb;sonstiges/2 Jahre.X83
12;AKS: 2311_LU43103_ULK R103;1,0;psch;gaeb;sonstiges/2 Jahre.X83
13;AKS: 2311_LU43104_ULK R203;1,0;psch;gaeb;sonstiges/2 Jahre.X83
14;AKS: 2311_LU43105_ULK R210;1,0;psch;gaeb;sonstiges/2 Jahre.X83
15;AKS: 2311_LU43106_ULK R204;1,0;psch;gaeb;sonstiges/2 Jahre.X83
16;AKS: 2311_LU43199_Brandschutzklappen;6,0;Stck;gaeb;sonstiges/2 Jahre.X83
17;AKS: 2311_LU43199_Volumenstromregler;2,0;Stck;gaeb;sonstiges/2 Jahre.X83
18;AKS: 2311_LU43301_RLT Labore R108 + R210;1,0;psch;gaeb;sonstiges/2 Jahre.X83
19;Anlagen ohne Dampfbefeuchter (alle 3 Jahre);1,0;psch;gaeb;sonstiges/2 Jahre.X83
20;Reinigung (innen) , RLT - Gerät incl. der Komponeten, nach VDI 6022 bzw. Herstellerangabe u. dgl., im manuellen Wisch- und Absaug -/ Dampfreinigerverfahren, alle Bauteile / - elemente komplett, incl. anschliesender Wisch -/ Sprühdesinfektion, einschl. notwendiges Material bzw. Hilfsstoffe.;1,0;psch;gaeb;sonstiges/2 Jahre.X83
21;"Reinigung (außen), komplettes RLT - Gerät incl. der Komponeten, im manuellen Wisch - und Absaugverfahren, alle zugänglichen Bauteile /- Elemente ; einschl . Reinigungsmittel und Verbrauchsmaterial.";1,0;psch;gaeb;sonstiges/2 Jahre.X83
22;AKS: 2311_LU43101_Splitklimagerät_R105;1,0;psch;gaeb;sonstiges/2 Jahre.X83
1;Kälteerzeugung - Kaltwassersatz;1,0;psch;gaeb;sonstiges/2 Jahre.X83
2;Kühlwasserverteilung;1,0;psch;gaeb;sonstiges/2 Jahre.X83
3;Kälteanlage - Kältemaschine - Kaltwassersatz;1,0;psch;gaeb;sonstiges/2 Jahre.X83
4;Kühlwasserverteilung ProfiCool;1,0;psch;gaeb;sonstiges/2 Jahre.X83
1;Niederspannungshauptverteilung;1,0;psch;gaeb;sonstiges/2 Jahre.X83
2;Niederspannungshauptverteilung;1,0;psch;gaeb;sonstiges/2 Jahre.X83
3;Niederspannungsinstallationsanlage;1,0;psch;gaeb;sonstiges/2 Jahre.X83
4;Niederspannungsinstallationsanlage;1,0;psch;gaeb;sonstiges/2 Jahre.X83
5;Allgemeinbeleuchtung;1,0;psch;gaeb;sonstiges/2 Jahre.X83
6;Sicherheitsbeleuchtung;1,0;psch;gaeb;sonstiges/2 Jahre.X83
7;Blitzschutz und Erdungsanlagen;1,0;psch;gaeb;sonstiges/2 Jahre.X83
8;Blitzschutz und Erdungsanlagen;1,0;psch;gaeb;sonstiges/2 Jahre.X83
1;Brandmeldeanlage (BMA);1,0;psch;gaeb;sonstiges/2 Jahre.X83
2;Austausch und Inbetriebnahme eines Brandmelders vom Typ O2T;1,0;Stck;gaeb;sonstiges/2 Jahre.X83
3;Austausch und Inbetriebnahme eines Brandmelders vom Typ O mit Sounder;1,0;Stck;gaeb;sonstiges/2 Jahre.X83
4;Austausch und Inbetriebnahme eines Brandmelders vom Typ O2T mit Sounder;1,0;Stck;gaeb;sonstiges/2 Jahre.X83
5;Austausch und Inbetriebnahme eines Brandmelders vom Typ O;1,0;Stck;gaeb;sonstiges/2 Jahre.X83
1;AKS: 2311_GG47301_Drucklufterzeugung - Keller allgemein;1,0;psch;gaeb;sonstiges/2 Jahre.X83
2;AKS: 2311_GG47302_Drucklufterzeugung Elektromagnet;1,0;psch;gaeb;sonstiges/2 Jahre.X83
3;AKS: 2311_GG47301_Druckluft- Verteilsystem;1,0;psch;gaeb;sonstiges/2 Jahre.X83
4;AKS: 2311_GG47302_Druckluft- Verteilsystem;1,0;psch;gaeb;sonstiges/2 Jahre.X83
5;AKS: 2311_LA47301_Sicherheits._Gefahrstoffe_EG R103_1;1,0;psch;gaeb;sonstiges/2 Jahre.X83
6;AKS: 2311_LA47302_Sicherheits._Gefahrstoffe_EG R103_2;1,0;psch;gaeb;sonstiges/2 Jahre.X83
7;AKS: 2311_LA47303_Sicherheits._Gefahrstoffe_EG R111;1,0;psch;gaeb;sonstiges/2 Jahre.X83
8;AKS: 2311_LA47304_Chemikalienschrank_EG R111_1;1,0;psch;gaeb;sonstiges/2 Jahre.X83
9;AKS: 2311_LA47305_Chemikalienschrank_EG R111_2;1,0;psch;gaeb;sonstiges/2 Jahre.X83
10;AKS: 2311_LA47501_Digestorium_EG_R1103;1,0;psch;gaeb;sonstiges/2 Jahre.X83
11;AKS: 2311_LA47501_Digestorium_EG_R1103;1,0;psch;gaeb;sonstiges/2 Jahre.X83
12;AKS: 2311_LA47501_Digestorium_EG_R1103;1,0;psch;gaeb;sonstiges/2 Jahre.X83
13;AKS: 2311_PG47..._Stickstoffvers._Flaschenschrank 50l;1,0;Stck;gaeb;sonstiges/2 Jahre.X83
14;AKS: 2311_PG47302_Sauerstoffversorgungsanlage_Flaschen;1,0;Stck;gaeb;sonstiges/2 Jahre.X83
15;AKS: 2311_PG47303_Argonversorgungsanlage;2,0;Stck;gaeb;sonstiges/2 Jahre.X83
16;AKS: 2311_PG47304_Heliumversorgungsanlage;1,0;Stck;gaeb;sonstiges/2 Jahre.X83
17;AKS: 2311_FE...._Handfeuerlöscher CO 2 2kg;4,0;Stck;gaeb;sonstiges/2 Jahre.X83
18;AKS: 2311_FE...._Handfeuerlöscher CO2 5kg;3,0;Stck;gaeb;sonstiges/2 Jahre.X83
19;AKS: 2311_FE...._Handfeuerlöscher Schaum 6kg - frostsicher;1,0;Stck;gaeb;sonstiges/2 Jahre.X83
20;AKS: 2311_FE...._Handfeuerlöscher Pulver 6kg;5,0;Stck;gaeb;sonstiges/2 Jahre.X83
1;Gebäudeautomation;1,0;psch;gaeb;sonstiges/2 Jahre.X83
1;Niederspannungshauptverteilung;1,0;psch;gaeb;sonstiges/2 Jahre.X83
2;Niederspannungsinstallationsanlage;1,0;psch;gaeb;sonstiges/2 Jahre.X83
3;Niederspannungsinstallationsanlage;1,0;psch;gaeb;sonstiges/2 Jahre.X83
4;Allgemeinbeleuchtung;1,0;psch;gaeb;sonstiges/2 Jahre.X83
5;Blitzschutz und Erdungsanlagen;1,0;psch;gaeb;sonstiges/2 Jahre.X83
6;Blitzschutz und Erdungsanlagen;1,0;psch;gaeb;sonstiges/2 Jahre.X83
1;Einbruchmeldeanlage (EMA);1,0;psch;gaeb;sonstiges/2 Jahre.X83
1;Stundensatz - Objektleiter;100,0;h;gaeb;sonstiges/2 Jahre.X83
2;Stundensatz - Assistenz;100,0;h;gaeb;sonstiges/2 Jahre.X83
1;Stundensatz - Fachingenieur (HLSK);50,0;h;gaeb;sonstiges/2 Jahre.X83
2;Stundensatz - Fachingenieur (Elektro);50,0;h;gaeb;sonstiges/2 Jahre.X83
3;Stundensatz - Facharbeiter Gebäudeautomation;100,0;h;gaeb;sonstiges/2 Jahre.X83
4;Stundensatz - Facharbeiter HLSK;100,0;h;gaeb;sonstiges/2 Jahre.X83
5;Stundensatz - Facharbeiter Elektro;100,0;h;gaeb;sonstiges/2 Jahre.X83
6;Stundensatz - Hausmeister;100,0;h;gaeb;sonstiges/2 Jahre.X83
7;Stundensatz - Hilfskraft;100,0;h;gaeb;sonstiges/2 Jahre.X83
1;Prüfung ortsveränderliche Geräte;20000,0;Stck;gaeb;sonstiges/2 Jahre.X83
1;Notdienst;10,0;Stck;gaeb;sonstiges/2 Jahre.X83
1;Hubwagen bzw. Steiger bis 10 m;1,0;d;gaeb;sonstiges/2 Jahre.X83
2;Hubwagen bzw. Steiger bis 15 m;1,0;d;gaeb;sonstiges/2 Jahre.X83
3;Hubwagen bzw. Steiger bis 20 m;1,0;d;gaeb;sonstiges/2 Jahre.X83
4;Hubwagen bzw. Steiger bis 30 m;1,0;d;gaeb;sonstiges/2 Jahre.X83
5;Stand- oder Rollgerüst bis 5 Meter Arbeitshöhe;1,0;d;gaeb;sonstiges/2 Jahre.X83
