Pos.;Leistung;Menge;Einheit;Quelle;Datei
1;Gashauseinführung DN50;1,0;St;gaeb;Zwingend erforderliche Angebotsdateien/Pfungstadt_LV_HZ+SAN_Blankett_260602.x83
2;Balgengaszähler DN 50, temperaturkompensiert, geeicht, Impulsausgang, Erdgas;1,0;St;gaeb;Zwingend erforderliche Angebotsdateien/Pfungstadt_LV_HZ+SAN_Blankett_260602.x83
3;Gaszähler DN 32;2,0;St;gaeb;Zwingend erforderliche Angebotsdateien/Pfungstadt_LV_HZ+SAN_Blankett_260602.x83
4;Gasdruckregelgerät DN 50 für den Einsatz in Niederdruckanlagen, konform nach DVGW-Arbeitsblättern G 260, G 459-1 und G 491, für Erdgas gemäß den Anforderungen der öffentlichen Gasversorgung.;1,0;St;gaeb;Zwingend erforderliche Angebotsdateien/Pfungstadt_LV_HZ+SAN_Blankett_260602.x83
5;Gasströmungswächter nach DVGW-VP 305-1 (Typ M1/MK1, M2/MK2, M3/MK3), für den Einbau in die Gasinstallation nach den Vorgaben der DVGW-TRGI und DVGW-Arbeitsblatt G 600. Bauteil muss DVGW-geprüft und mit DVGW-Prüfzeichen versehen sein. Die Flussrichtung ist deutlich zu kennzeichnen. Dimensionierung na;1,0;St;gaeb;Zwingend erforderliche Angebotsdateien/Pfungstadt_LV_HZ+SAN_Blankett_260602.x83
6;Armaturensatz Gas-Absperrhähne;1,0;St;gaeb;Zwingend erforderliche Angebotsdateien/Pfungstadt_LV_HZ+SAN_Blankett_260602.x83
7;Kupferrohr DN50 nach DIN EN 1057, liefern und fachgerecht verlegen, einschließlich aller erforderlichen Form- und Verbindungsstücke sowie Befestigungsmaterial.;40,0;m;gaeb;Zwingend erforderliche Angebotsdateien/Pfungstadt_LV_HZ+SAN_Blankett_260602.x83
8;Gasleitung Kupfer DN32;25,0;m;gaeb;Zwingend erforderliche Angebotsdateien/Pfungstadt_LV_HZ+SAN_Blankett_260602.x83
9;Lieferung und Einbau von Kupferbögen DN 50 nach DIN EN 1254-1, Bogenradius R = 1,5 x DN,;25,0;St;gaeb;Zwingend erforderliche Angebotsdateien/Pfungstadt_LV_HZ+SAN_Blankett_260602.x83
10;Formteile Kupfer DN 32;10,0;St;gaeb;Zwingend erforderliche Angebotsdateien/Pfungstadt_LV_HZ+SAN_Blankett_260602.x83
11;"die Installation unterliegt einer 12-jährigen Gebrauchsfähigkeitsprüfung durch zugelassenes Unternehmen; vor Inbetriebnahme Prüfung auf Dichtheit und Abstimmung Abgas mit BSM. Messgeräte müssen PTB-Anforderungen erfüllen, mit Berücksichtigung Gasart, Druck und Durchfluss.";2,0;St;gaeb;Zwingend erforderliche Angebotsdateien/Pfungstadt_LV_HZ+SAN_Blankett_260602.x83
12;Die Gasleitungen / Gasanschlüsse für Brennwertkessel (2x75 kW) + BHKW (2x37kW) nach Herstellervorgabe, DVGW G 600 / TRGI dimensionieren.;1,0;St;gaeb;Zwingend erforderliche Angebotsdateien/Pfungstadt_LV_HZ+SAN_Blankett_260602.x83
13;Befestigungsmaterial;80,0;kg;gaeb;Zwingend erforderliche Angebotsdateien/Pfungstadt_LV_HZ+SAN_Blankett_260602.x83
1;Liefern, montieren und betriebsbereit anschließen eines bodenstehenden Gas-Brennwertkessels mit modulierendem Gas-Vormischbrenner für Überdruckfeuerung. Der Kessel ist für den Betrieb mit Erdgas E und LL geeignet und für eine Wasserstoffbeimischung bis 20 Vol.-% ausgelegt. Werkseitig ist das Gerät a;2,0;St;gaeb;Zwingend erforderliche Angebotsdateien/Pfungstadt_LV_HZ+SAN_Blankett_260602.x83
2;Kaskadensteuerung für 2 Bodenkessel via EMS;1,0;St;gaeb;Zwingend erforderliche Angebotsdateien/Pfungstadt_LV_HZ+SAN_Blankett_260602.x83
3;Federbelasteter Gas-Druckregler mit Gasfilter für Erdgasinstallationen ist DVGW-zertifiziert nach TRGI, vollständig zu liefern, montieren, anzuschließen und funktionsgeprüft abzunehmen.​;1,0;St;gaeb;Zwingend erforderliche Angebotsdateien/Pfungstadt_LV_HZ+SAN_Blankett_260602.x83
4;Gas-Kugelhähne mit integrierter thermischer Absperreinrichtung (TAS) und Sicherheitsset sind nach DVGW-VP und TRGI;2,0;St;gaeb;Zwingend erforderliche Angebotsdateien/Pfungstadt_LV_HZ+SAN_Blankett_260602.x83
5;Neutralisationseinrichtung NE 1.1 zur pH-Wert-Anhebung (6,5–10,0) von Kondenswasser aus Gas-Brennwertkesseln ist gemäß ATV-Arbeitsblatt A 115, A 251 und DIN 4702-6 vollständig zu liefern, montieren, anzuschließen und funktionsgeprüft abzunehmen.;2,0;St;gaeb;Zwingend erforderliche Angebotsdateien/Pfungstadt_LV_HZ+SAN_Blankett_260602.x83
6;Membran-Druckausdehnungsgefäß für geschlossene Heizungsanlagen;2,0;St;gaeb;Zwingend erforderliche Angebotsdateien/Pfungstadt_LV_HZ+SAN_Blankett_260602.x83
7;Stahlkompensator DN25 mit DVGW-Zulassung;2,0;St;gaeb;Zwingend erforderliche Angebotsdateien/Pfungstadt_LV_HZ+SAN_Blankett_260602.x83
8;Hocheffiziente Heizungsumwälzpumpe, elektronisch geregelt, Nassläufer- Umwälzpumpe mit niedrigsten Betriebskosten, Schutzart IP 44, Energieeffizienzklasse A, inklusive integrierter Bus-Kopplung (z. B. LON, Modbus, BACnet) zur direkten Anbindung und Steuerung über die Heizungsregelung oder Gebäudelei;2,0;St;gaeb;Zwingend erforderliche Angebotsdateien/Pfungstadt_LV_HZ+SAN_Blankett_260602.x83
9;Mikroluftblasenabscheider zur kontinuierlichen Entfernung von Luft und Mikroluftblasen aus Heizkreisläufen, geeignet für das Medium Wasser und Wasser/Glykol (50/50%). Gehäuse in Stahlausführung St 37.2,;1,0;St;gaeb;Zwingend erforderliche Angebotsdateien/Pfungstadt_LV_HZ+SAN_Blankett_260602.x83
10;Schlammabscheider mit magnetischer Abscheidung für Heiz- und Kühlkreisläufe (Wasser/Glykol 50/50 %), Flanschausführung, mit Fertigisolierung. Vollständig liefern, montieren, anschließen und funktionsgeprüft abnehmen gemäß DIN EN 12828.;1,0;St;gaeb;Zwingend erforderliche Angebotsdateien/Pfungstadt_LV_HZ+SAN_Blankett_260602.x83
11;"Kesselanschlussstück; Rohrstück Anschluß 3/4 DN100 gerade";2,0;St;gaeb;Zwingend erforderliche Angebotsdateien/Pfungstadt_LV_HZ+SAN_Blankett_260602.x83
12;DN100, 1000 mm,;6,0;m;gaeb;Zwingend erforderliche Angebotsdateien/Pfungstadt_LV_HZ+SAN_Blankett_260602.x83
13;DN 100 mit Reinigungsöffnung;4,0;St;gaeb;Zwingend erforderliche Angebotsdateien/Pfungstadt_LV_HZ+SAN_Blankett_260602.x83
14;Konzentrisch PE/PP 0,5 m, DN 150/210,;2,0;St;gaeb;Zwingend erforderliche Angebotsdateien/Pfungstadt_LV_HZ+SAN_Blankett_260602.x83
15;Doppelwandiges Edelstahlrohr DN 150/210;4,0;St;gaeb;Zwingend erforderliche Angebotsdateien/Pfungstadt_LV_HZ+SAN_Blankett_260602.x83
16;500 mm, DN 150/210;4,0;St;gaeb;Zwingend erforderliche Angebotsdateien/Pfungstadt_LV_HZ+SAN_Blankett_260602.x83
17;Edelstahl/PP, mit Klemmband, DN 150/210;2,0;St;gaeb;Zwingend erforderliche Angebotsdateien/Pfungstadt_LV_HZ+SAN_Blankett_260602.x83
18;Flachdachkragens aus Aluminium zur fachgerechten Dachabdichtung eines doppelwandigen Edelstahl-Abgasrohres.;2,0;St;gaeb;Zwingend erforderliche Angebotsdateien/Pfungstadt_LV_HZ+SAN_Blankett_260602.x83
19;Reinigungsrohr DN 150 für aus Polypropylen (PP) für Abgasanlagen von Brennwertkesseln.;1,0;St;gaeb;Zwingend erforderliche Angebotsdateien/Pfungstadt_LV_HZ+SAN_Blankett_260602.x83
20;Systemkonforme Abstützung Abgasanlagen DN 150, mit Stützrohr 1 m.;1,0;St;gaeb;Zwingend erforderliche Angebotsdateien/Pfungstadt_LV_HZ+SAN_Blankett_260602.x83
21;Strategieregler Hybrid mit BHKW;1,0;St;gaeb;Zwingend erforderliche Angebotsdateien/Pfungstadt_LV_HZ+SAN_Blankett_260602.x83
22;Bei der Inbetriebnahme von zwei Gas-Brennwertkesseln sind die  technische Vorgaben aus Herstelleranleitungen, VDI-Richtlinien zu berücksichtigen.;1,0;St;gaeb;Zwingend erforderliche Angebotsdateien/Pfungstadt_LV_HZ+SAN_Blankett_260602.x83
1;Blockheizkraftwerk (BHKW) 15/37 kW, im Wesentlichen bestehend aus:;2,0;St;gaeb;Zwingend erforderliche Angebotsdateien/Pfungstadt_LV_HZ+SAN_Blankett_260602.x83
2;Transport und Einbringung des Blockheizkraftwerks (BHKW);1,0;St;gaeb;Zwingend erforderliche Angebotsdateien/Pfungstadt_LV_HZ+SAN_Blankett_260602.x83
3;Brennwertwärmetauschers zur Abgaswärmerückgewinnung für vorbeschriebenes Blockheizkraftwerk, zur Effizienzsteigerung des BHKW durch Nutzung der im Abgas enthaltenen latenten Wärme mittels Kondensation.;2,0;St;gaeb;Zwingend erforderliche Angebotsdateien/Pfungstadt_LV_HZ+SAN_Blankett_260602.x83
4;Zur Neutralisation von Kondensaten aus erdgasbetriebenen BHKW.;2,0;St;gaeb;Zwingend erforderliche Angebotsdateien/Pfungstadt_LV_HZ+SAN_Blankett_260602.x83
5;Blindstromkompensator;1,0;St;gaeb;Zwingend erforderliche Angebotsdateien/Pfungstadt_LV_HZ+SAN_Blankett_260602.x83
6;Die Komponenten umfassen verschiedene Komponenten zur Optimierung und Erweiterung der BHKW-Anlage. Diese beinhalten unter anderem Module zur Fernüberwachung, Anpassungen für den stromgeführten Betrieb sowie Geräte zur Leistungs- und Verbrauchsmessung. Alle Zubehörteile werden in enger Abstimmung mit;1,0;St;gaeb;Zwingend erforderliche Angebotsdateien/Pfungstadt_LV_HZ+SAN_Blankett_260602.x83
7;Regelung BHKW;1,0;St;gaeb;Zwingend erforderliche Angebotsdateien/Pfungstadt_LV_HZ+SAN_Blankett_260602.x83
8;Lieferung und Montage der vollständigen Abgasanlage für zwei BHKW in Kaskadenschaltung, vom BHKW-Modul bis zum Schornsteinaustritt über Dach, gemäß DIN EN 1856-1 und DVGW-TRGI.;1,0;St;gaeb;Zwingend erforderliche Angebotsdateien/Pfungstadt_LV_HZ+SAN_Blankett_260602.x83
9;Inbetriebnahme durch Werkskundendienst;1,0;St;gaeb;Zwingend erforderliche Angebotsdateien/Pfungstadt_LV_HZ+SAN_Blankett_260602.x83
1;Sole-Wärmepumpe, modulierend 15–70 kW (Sole/Wasser);2,0;St;gaeb;Zwingend erforderliche Angebotsdateien/Pfungstadt_LV_HZ+SAN_Blankett_260602.x83
2;Universalregler als Master für eine heterogene Wärmepumpenkaskade bestehend aus 2x Luft/Wasser-WP und 2x Luft/Luft-WP (Leistungsbereich 15-70 kW). Lieferung, Parametrierung und Inbetriebnahme.;1,0;St;gaeb;Zwingend erforderliche Angebotsdateien/Pfungstadt_LV_HZ+SAN_Blankett_260602.x83
3;Plattenwärmetauscher zur hydraulischen Trennung Solekreis / Heizkreis;1,0;St;gaeb;Zwingend erforderliche Angebotsdateien/Pfungstadt_LV_HZ+SAN_Blankett_260602.x83
4;Luft/Wasser-WP Splitgerät;2,0;St;gaeb;Zwingend erforderliche Angebotsdateien/Pfungstadt_LV_HZ+SAN_Blankett_260602.x83
5;Zum Schutz der Lüfter der Ausseneinheit gegen Umwelteinflüsse wie Regen, Schnee, Laub, etc, passend zur gewählten Außeneinheit.;2,0;St;gaeb;Zwingend erforderliche Angebotsdateien/Pfungstadt_LV_HZ+SAN_Blankett_260602.x83
6;Vorgefertigte Rückkühleinheiten für PV-T-Anlage (Photovoltaik-Thermie);1,0;St;gaeb;Zwingend erforderliche Angebotsdateien/Pfungstadt_LV_HZ+SAN_Blankett_260602.x83
7;Transport und Einbringung / Inbetriebnahme Wärmepumpen;1,0;St;gaeb;Zwingend erforderliche Angebotsdateien/Pfungstadt_LV_HZ+SAN_Blankett_260602.x83
8;Regelung Pufferspeicher Quellenseite (kalt) / Wärmepumpe;1,0;St;gaeb;Zwingend erforderliche Angebotsdateien/Pfungstadt_LV_HZ+SAN_Blankett_260602.x83
9;Inbetriebnahme Wärmepumpen;1,0;St;gaeb;Zwingend erforderliche Angebotsdateien/Pfungstadt_LV_HZ+SAN_Blankett_260602.x83
1;Einspeisemodul zur Einspeisung eines primären Wärmeerzeugers in das Heizungssystem, ungemischt. Vollständig hydraulisch und elektrisch vormontiert, betriebsfertig, inkl. Isolierung und Zubehör.;1,0;St;gaeb;Zwingend erforderliche Angebotsdateien/Pfungstadt_LV_HZ+SAN_Blankett_260602.x83
2;Einspeisemodul zur Einspeisung eines primären Wärmeerzeugers in das Heizungssystem, ungemischt. Vollständig hydraulisch und elektrisch vormontiert, betriebsfertig, inkl. Isolierung und Zubehör.;1,0;St;gaeb;Zwingend erforderliche Angebotsdateien/Pfungstadt_LV_HZ+SAN_Blankett_260602.x83
3;Geregelter Heizkreisverteiler DN65 bestehend aus allen erforderlichen Armaturen, Regel- und Messkomponenten.;1,0;St;gaeb;Zwingend erforderliche Angebotsdateien/Pfungstadt_LV_HZ+SAN_Blankett_260602.x83
4;Vormontierter, geregelter Heizkreisverteiler auf Stahlrahmen, bestehend aus allen erforderlichen Armaturen, Regel- und Messkomponenten. Vollständig hydraulisch und elektrisch vormontiert, vorbereitet zum Anschluss an Schaltschrank LSS-TC. Anschluss an LSS-TC/TCD bauseits.;2,0;St;gaeb;Zwingend erforderliche Angebotsdateien/Pfungstadt_LV_HZ+SAN_Blankett_260602.x83
5;Vormontierter, geregelter Heizkreisverteiler auf Stahlrahmen, bestehend aus allen erforderlichen Armaturen, Regel- und Messkomponenten. Vollständig hydraulisch und elektrisch vormontiert, vorbereitet zum Anschluss an Schaltschrank LSS-TC. Anschluss an LSS-TC/TCD bauseits.;2,0;St;gaeb;Zwingend erforderliche Angebotsdateien/Pfungstadt_LV_HZ+SAN_Blankett_260602.x83
6;Durchführung der vollständigen Inbetriebnahme einschließlich Leistungskontrolle, Parametrierung, Webserver-Kopplung und Protokollierung.;1,0;St;gaeb;Zwingend erforderliche Angebotsdateien/Pfungstadt_LV_HZ+SAN_Blankett_260602.x83
1;Pufferspeicher 2 000 l mit Regelbaustein, mit PU-Hartschaumisolierung;1,0;St;gaeb;Zwingend erforderliche Angebotsdateien/Pfungstadt_LV_HZ+SAN_Blankett_260602.x83
2;bestehend aus einem Speicher mit PU-Hartschaumisolierung;1,0;St;gaeb;Zwingend erforderliche Angebotsdateien/Pfungstadt_LV_HZ+SAN_Blankett_260602.x83
3;als Quellenspeicher für:;1,0;St;gaeb;Zwingend erforderliche Angebotsdateien/Pfungstadt_LV_HZ+SAN_Blankett_260602.x83
4;bestehend aus einem Speicher mit PU-Hartschaumisolierung in;1,0;St;gaeb;Zwingend erforderliche Angebotsdateien/Pfungstadt_LV_HZ+SAN_Blankett_260602.x83
5;Liefern, betriebsfertig montieren und anbinden von Rohranlegefühlern PT1000 (Klasse A, DIN EN 60751) für Temperaturerfassung an Vor-/Rücklauf-Leitungen der Frischwasserkaskade (2× Gas-Brennwertkessel), Pufferspeicher und Wärmepumpe. Geeignet für den übergeordneten Strategieregler EMS 2.0-Bus (Adress;20,0;St;gaeb;Zwingend erforderliche Angebotsdateien/Pfungstadt_LV_HZ+SAN_Blankett_260602.x83
6;Speicherfühler PT1000;40,0;St;gaeb;Zwingend erforderliche Angebotsdateien/Pfungstadt_LV_HZ+SAN_Blankett_260602.x83
7;"Zeigerthermometer mit Tauchhülse 1/2"" (0–80 °C, Kl. 1)";60,0;St;gaeb;Zwingend erforderliche Angebotsdateien/Pfungstadt_LV_HZ+SAN_Blankett_260602.x83
8;Thermostatische Beladeumschaltung Speicher;2,0;St;gaeb;Zwingend erforderliche Angebotsdateien/Pfungstadt_LV_HZ+SAN_Blankett_260602.x83
9;Druckhalteeinrichtung bestehend aus Steuereinheit und Membranausdehnungsgefäß (MAG), vollständig verrohrt und anschlussfertig, betriebsfertig montiert.;1,0;St;gaeb;Zwingend erforderliche Angebotsdateien/Pfungstadt_LV_HZ+SAN_Blankett_260602.x83
10;Steuereinheit für Druckhaltung (automatische Nachfüllanlage);1,0;St;gaeb;Zwingend erforderliche Angebotsdateien/Pfungstadt_LV_HZ+SAN_Blankett_260602.x83
11;Kombinationsarmatur mit Systemtrenner (Heizkreis-/Trinkwasser);1,0;St;gaeb;Zwingend erforderliche Angebotsdateien/Pfungstadt_LV_HZ+SAN_Blankett_260602.x83
12;Schmutz- und Schlammabscheider für Heizwassersysteme;1,0;St;gaeb;Zwingend erforderliche Angebotsdateien/Pfungstadt_LV_HZ+SAN_Blankett_260602.x83
13;Magnetabscheider für Heizwassersysteme DN 80;2,0;St;gaeb;Zwingend erforderliche Angebotsdateien/Pfungstadt_LV_HZ+SAN_Blankett_260602.x83
14;Membranausdehnungsgefäß 100 l mit Druckhaltungssystem;2,0;St;gaeb;Zwingend erforderliche Angebotsdateien/Pfungstadt_LV_HZ+SAN_Blankett_260602.x83
15;Prüfen Pufferspeicher und Inbetriebnahme mit Leistungsnachweis;1,0;St;gaeb;Zwingend erforderliche Angebotsdateien/Pfungstadt_LV_HZ+SAN_Blankett_260602.x83
1;Schaltschrank-Regelung Heizung –  Unterstützung Planung/Anpassung;1,0;St;gaeb;Zwingend erforderliche Angebotsdateien/Pfungstadt_LV_HZ+SAN_Blankett_260602.x83
2;Aufschaltung externer M-Bus-Zähler (Gewerk Heizung);24,0;St;gaeb;Zwingend erforderliche Angebotsdateien/Pfungstadt_LV_HZ+SAN_Blankett_260602.x83
3;liefern und montieren von Sicherheitstemperaturbegrenzern (STB);5,0;St;gaeb;Zwingend erforderliche Angebotsdateien/Pfungstadt_LV_HZ+SAN_Blankett_260602.x83
4;Sicherheitdruckbegrenzer/-wächter, mit Aufschaltung;2,0;St;gaeb;Zwingend erforderliche Angebotsdateien/Pfungstadt_LV_HZ+SAN_Blankett_260602.x83
5;Beschriftung Feldgeräte (groß, mit BMZ);60,0;St;gaeb;Zwingend erforderliche Angebotsdateien/Pfungstadt_LV_HZ+SAN_Blankett_260602.x83
6;"Anschließen und abstimmen der heizungsseitigen Regelung an Lüftungsgeräte (Wärmetauscher) im Gewerk Heizung; Lüftungsgeräte werden vom Gewerk Lüftung komplett montiert und in Betrieb genommen.";5,0;St;gaeb;Zwingend erforderliche Angebotsdateien/Pfungstadt_LV_HZ+SAN_Blankett_260602.x83
7;Unterstützen des Gewerkes Mess-, Steuer- und Regeltechnik (MSR) bei der Erstellung grafischer Darstellungen, Visualisierungen und dynamischer Bilder für die Heizungsanlage in WEBPROJECT oder vergleichbarer Software.;1,0;St;gaeb;Zwingend erforderliche Angebotsdateien/Pfungstadt_LV_HZ+SAN_Blankett_260602.x83
8;Unterstützung Inbetriebnahme Schaltschränke Heizzentrale + Technikräume;1,0;St;gaeb;Zwingend erforderliche Angebotsdateien/Pfungstadt_LV_HZ+SAN_Blankett_260602.x83
9;Dokumentation Schaltschränke Heizzentrale + Wärmepumpentechnik;1,0;St;gaeb;Zwingend erforderliche Angebotsdateien/Pfungstadt_LV_HZ+SAN_Blankett_260602.x83
1;Außeneinheit für Multi-Split-Klimagerät;1,0;St;gaeb;Zwingend erforderliche Angebotsdateien/Pfungstadt_LV_HZ+SAN_Blankett_260602.x83
2;Wandhängende Split-Klimagerät-Inneneinheit zur Kombination mit Multisplit-Außeneinheit der Vorposition.;2,0;St;gaeb;Zwingend erforderliche Angebotsdateien/Pfungstadt_LV_HZ+SAN_Blankett_260602.x83
3;Wandhängende Split-Klimagerät-Inneneinheit 2,0 kW.;2,0;St;gaeb;Zwingend erforderliche Angebotsdateien/Pfungstadt_LV_HZ+SAN_Blankett_260602.x83
4;Kondensatpumpe zum Einbau in vorbeschriebene Inneneinheit Klimagerät.;4,0;St;gaeb;Zwingend erforderliche Angebotsdateien/Pfungstadt_LV_HZ+SAN_Blankett_260602.x83
5;Kondensatschlauch mit Gewebeeinlage für Kondensatpumpen;32,0;m;gaeb;Zwingend erforderliche Angebotsdateien/Pfungstadt_LV_HZ+SAN_Blankett_260602.x83
6;IP-Gateways zur Integration der Inneneinheit Split-Klimagerät in das Netzwerk MSR + GLT.;4,0;St;gaeb;Zwingend erforderliche Angebotsdateien/Pfungstadt_LV_HZ+SAN_Blankett_260602.x83
7;"Kupfer-Doppelrohr mit 1/4"" und 3/8"" mit Isolierung nach EN 13501-1.";90,0;m;gaeb;Zwingend erforderliche Angebotsdateien/Pfungstadt_LV_HZ+SAN_Blankett_260602.x83
8;Zum bördelfreien Anschluss von Kältemittelleitungen an Innen- bzw. Außeneinheit.;8,0;St;gaeb;Zwingend erforderliche Angebotsdateien/Pfungstadt_LV_HZ+SAN_Blankett_260602.x83
9;Zum bördelfreien Anschluss von Kältemittelleitungen an Innen- bzw. Außeneinheit.;8,0;St;gaeb;Zwingend erforderliche Angebotsdateien/Pfungstadt_LV_HZ+SAN_Blankett_260602.x83
1;Flachheizkörper (Plattenheizkörper) aus Stahl, montiert und angeschlossen, mit Bauhöhe über 550 bis 600 mm,;2,0;St;gaeb;Zwingend erforderliche Angebotsdateien/Pfungstadt_LV_HZ+SAN_Blankett_260602.x83
2;Flachheizkörper + Zubehör höhe 55 bis 60cm, länge  80 bis 100cm, Typ 10,;2,0;St;gaeb;Zwingend erforderliche Angebotsdateien/Pfungstadt_LV_HZ+SAN_Blankett_260602.x83
3;Flachheizkörper Typ 10 mit Höhe 2m und Breite 0,8m;2,0;St;gaeb;Zwingend erforderliche Angebotsdateien/Pfungstadt_LV_HZ+SAN_Blankett_260602.x83
4;"Rücklaufverschraubung DN 10, 1/2"", mit Entleerung";6,0;St;gaeb;Zwingend erforderliche Angebotsdateien/Pfungstadt_LV_HZ+SAN_Blankett_260602.x83
5;Voreinstellbares Heizkörperventil aus vernickeltem Messing für Thermostatkopfanschluss M30 x 1,5.;6,0;St;gaeb;Zwingend erforderliche Angebotsdateien/Pfungstadt_LV_HZ+SAN_Blankett_260602.x83
6;Anschlussarmatur Multiblock T;6,0;St;gaeb;Zwingend erforderliche Angebotsdateien/Pfungstadt_LV_HZ+SAN_Blankett_260602.x83
7;Thermostatkopf zur Raumtemperaturregelung an Flachheizkörpern.;6,0;St;gaeb;Zwingend erforderliche Angebotsdateien/Pfungstadt_LV_HZ+SAN_Blankett_260602.x83
1;Liefern und montieren;98,0;m;gaeb;Zwingend erforderliche Angebotsdateien/Pfungstadt_LV_HZ+SAN_Blankett_260602.x83
2;Liefern und montieren;30,0;m;gaeb;Zwingend erforderliche Angebotsdateien/Pfungstadt_LV_HZ+SAN_Blankett_260602.x83
3;Liefern und montieren;80,0;m;gaeb;Zwingend erforderliche Angebotsdateien/Pfungstadt_LV_HZ+SAN_Blankett_260602.x83
4;Liefern und montieren;290,0;m;gaeb;Zwingend erforderliche Angebotsdateien/Pfungstadt_LV_HZ+SAN_Blankett_260602.x83
5;Liefern und montieren;140,0;m;gaeb;Zwingend erforderliche Angebotsdateien/Pfungstadt_LV_HZ+SAN_Blankett_260602.x83
6;Liefern und montieren;80,0;m;gaeb;Zwingend erforderliche Angebotsdateien/Pfungstadt_LV_HZ+SAN_Blankett_260602.x83
7;Liefern und montieren;120,0;m;gaeb;Zwingend erforderliche Angebotsdateien/Pfungstadt_LV_HZ+SAN_Blankett_260602.x83
8;Liefern und montieren;60,0;m;gaeb;Zwingend erforderliche Angebotsdateien/Pfungstadt_LV_HZ+SAN_Blankett_260602.x83
9;Liefern und montieren;60,0;m;gaeb;Zwingend erforderliche Angebotsdateien/Pfungstadt_LV_HZ+SAN_Blankett_260602.x83
10;Liefern und montieren;40,0;m;gaeb;Zwingend erforderliche Angebotsdateien/Pfungstadt_LV_HZ+SAN_Blankett_260602.x83
11;Anschlusswinkel D=15mm Rp1/2;12,0;St;gaeb;Zwingend erforderliche Angebotsdateien/Pfungstadt_LV_HZ+SAN_Blankett_260602.x83
12;Liefern und montieren;14,0;St;gaeb;Zwingend erforderliche Angebotsdateien/Pfungstadt_LV_HZ+SAN_Blankett_260602.x83
13;Liefern und montieren;30,0;St;gaeb;Zwingend erforderliche Angebotsdateien/Pfungstadt_LV_HZ+SAN_Blankett_260602.x83
14;Liefern und montieren;30,0;St;gaeb;Zwingend erforderliche Angebotsdateien/Pfungstadt_LV_HZ+SAN_Blankett_260602.x83
15;Liefern und montieren;40,0;St;gaeb;Zwingend erforderliche Angebotsdateien/Pfungstadt_LV_HZ+SAN_Blankett_260602.x83
16;Liefern und montieren;28,0;St;gaeb;Zwingend erforderliche Angebotsdateien/Pfungstadt_LV_HZ+SAN_Blankett_260602.x83
17;Liefern und montieren;45,0;St;gaeb;Zwingend erforderliche Angebotsdateien/Pfungstadt_LV_HZ+SAN_Blankett_260602.x83
18;Liefern und montieren;40,0;St;gaeb;Zwingend erforderliche Angebotsdateien/Pfungstadt_LV_HZ+SAN_Blankett_260602.x83
19;Liefern und montieren;55,0;St;gaeb;Zwingend erforderliche Angebotsdateien/Pfungstadt_LV_HZ+SAN_Blankett_260602.x83
20;Liefern und montieren;60,0;St;gaeb;Zwingend erforderliche Angebotsdateien/Pfungstadt_LV_HZ+SAN_Blankett_260602.x83
21;Liefern und montieren;70,0;St;gaeb;Zwingend erforderliche Angebotsdateien/Pfungstadt_LV_HZ+SAN_Blankett_260602.x83
22;Liefern und montieren;10,0;St;gaeb;Zwingend erforderliche Angebotsdateien/Pfungstadt_LV_HZ+SAN_Blankett_260602.x83
23;Liefern und montieren;8,0;St;gaeb;Zwingend erforderliche Angebotsdateien/Pfungstadt_LV_HZ+SAN_Blankett_260602.x83
24;Liefern und montieren;10,0;St;gaeb;Zwingend erforderliche Angebotsdateien/Pfungstadt_LV_HZ+SAN_Blankett_260602.x83
25;Liefern und montieren;20,0;St;gaeb;Zwingend erforderliche Angebotsdateien/Pfungstadt_LV_HZ+SAN_Blankett_260602.x83
26;Liefern und montieren;15,0;St;gaeb;Zwingend erforderliche Angebotsdateien/Pfungstadt_LV_HZ+SAN_Blankett_260602.x83
27;Liefern und montieren;25,0;St;gaeb;Zwingend erforderliche Angebotsdateien/Pfungstadt_LV_HZ+SAN_Blankett_260602.x83
28;Liefern und montieren;30,0;St;gaeb;Zwingend erforderliche Angebotsdateien/Pfungstadt_LV_HZ+SAN_Blankett_260602.x83
29;Liefern und montieren;25,0;St;gaeb;Zwingend erforderliche Angebotsdateien/Pfungstadt_LV_HZ+SAN_Blankett_260602.x83
30;Liefern und montieren;26,0;St;gaeb;Zwingend erforderliche Angebotsdateien/Pfungstadt_LV_HZ+SAN_Blankett_260602.x83
31;Liefern und montieren;30,0;St;gaeb;Zwingend erforderliche Angebotsdateien/Pfungstadt_LV_HZ+SAN_Blankett_260602.x83
32;T-Stück C-Stahl wie vor beschrieben.;6,0;St;gaeb;Zwingend erforderliche Angebotsdateien/Pfungstadt_LV_HZ+SAN_Blankett_260602.x83
33;T-Stück C-Stahl wie vor beschrieben.;10,0;St;gaeb;Zwingend erforderliche Angebotsdateien/Pfungstadt_LV_HZ+SAN_Blankett_260602.x83
34;T-Stück C-Stahl wie vor beschrieben.;10,0;St;gaeb;Zwingend erforderliche Angebotsdateien/Pfungstadt_LV_HZ+SAN_Blankett_260602.x83
35;T-Stück C-Stahl wie vor beschrieben.;12,0;St;gaeb;Zwingend erforderliche Angebotsdateien/Pfungstadt_LV_HZ+SAN_Blankett_260602.x83
36;T-Stück C-Stahl wie vor beschrieben.;10,0;St;gaeb;Zwingend erforderliche Angebotsdateien/Pfungstadt_LV_HZ+SAN_Blankett_260602.x83
37;T-Stück C-Stahl wie vor beschrieben.;8,0;St;gaeb;Zwingend erforderliche Angebotsdateien/Pfungstadt_LV_HZ+SAN_Blankett_260602.x83
38;T-Stück C-Stahl wie vor beschrieben.;12,0;St;gaeb;Zwingend erforderliche Angebotsdateien/Pfungstadt_LV_HZ+SAN_Blankett_260602.x83
39;T-Stück C-Stahl wie vor beschrieben.;12,0;St;gaeb;Zwingend erforderliche Angebotsdateien/Pfungstadt_LV_HZ+SAN_Blankett_260602.x83
40;T-Stück C-Stahl wie vor beschrieben.;10,0;St;gaeb;Zwingend erforderliche Angebotsdateien/Pfungstadt_LV_HZ+SAN_Blankett_260602.x83
41;T-Stück C-Stahl wie vor beschrieben.;6,0;St;gaeb;Zwingend erforderliche Angebotsdateien/Pfungstadt_LV_HZ+SAN_Blankett_260602.x83
42;T-Stück C-Stahl wie vor beschrieben.;4,0;St;gaeb;Zwingend erforderliche Angebotsdateien/Pfungstadt_LV_HZ+SAN_Blankett_260602.x83
43;T-Stück C-Stahl wie vor beschrieben.;6,0;St;gaeb;Zwingend erforderliche Angebotsdateien/Pfungstadt_LV_HZ+SAN_Blankett_260602.x83
44;T-Stück C-Stahl wie vor beschrieben.;6,0;St;gaeb;Zwingend erforderliche Angebotsdateien/Pfungstadt_LV_HZ+SAN_Blankett_260602.x83
45;T-Stück C-Stahl wie vor beschrieben.;2,0;St;gaeb;Zwingend erforderliche Angebotsdateien/Pfungstadt_LV_HZ+SAN_Blankett_260602.x83
46;T-Stück C-Stahl wie vor beschrieben.;6,0;St;gaeb;Zwingend erforderliche Angebotsdateien/Pfungstadt_LV_HZ+SAN_Blankett_260602.x83
47;T-Stück C-Stahl wie vor beschrieben.;16,0;St;gaeb;Zwingend erforderliche Angebotsdateien/Pfungstadt_LV_HZ+SAN_Blankett_260602.x83
48;T-Stück C-Stahl wie vor beschrieben.;12,0;St;gaeb;Zwingend erforderliche Angebotsdateien/Pfungstadt_LV_HZ+SAN_Blankett_260602.x83
49;T-Stück C-Stahl wie vor beschrieben.;10,0;St;gaeb;Zwingend erforderliche Angebotsdateien/Pfungstadt_LV_HZ+SAN_Blankett_260602.x83
50;T-Stück C-Stahl wie vor beschrieben.;4,0;St;gaeb;Zwingend erforderliche Angebotsdateien/Pfungstadt_LV_HZ+SAN_Blankett_260602.x83
51;T-Stück C-Stahl wie vor beschrieben.;6,0;St;gaeb;Zwingend erforderliche Angebotsdateien/Pfungstadt_LV_HZ+SAN_Blankett_260602.x83
52;T-Stück C-Stahl wie vor beschrieben.;4,0;St;gaeb;Zwingend erforderliche Angebotsdateien/Pfungstadt_LV_HZ+SAN_Blankett_260602.x83
53;T-Stück C-Stahl wie vor beschrieben.;4,0;St;gaeb;Zwingend erforderliche Angebotsdateien/Pfungstadt_LV_HZ+SAN_Blankett_260602.x83
54;T-Stück C-Stahl wie vor beschrieben.;20,0;St;gaeb;Zwingend erforderliche Angebotsdateien/Pfungstadt_LV_HZ+SAN_Blankett_260602.x83
55;T-Stück C-Stahl wie vor beschrieben.;4,0;St;gaeb;Zwingend erforderliche Angebotsdateien/Pfungstadt_LV_HZ+SAN_Blankett_260602.x83
56;T-Stück C-Stahl wie vor beschrieben.;8,0;St;gaeb;Zwingend erforderliche Angebotsdateien/Pfungstadt_LV_HZ+SAN_Blankett_260602.x83
57;T-Stück C-Stahl wie vor beschrieben.;10,0;St;gaeb;Zwingend erforderliche Angebotsdateien/Pfungstadt_LV_HZ+SAN_Blankett_260602.x83
58;T-Stück C-Stahl wie vor beschrieben.;12,0;St;gaeb;Zwingend erforderliche Angebotsdateien/Pfungstadt_LV_HZ+SAN_Blankett_260602.x83
59;T-Stück C-Stahl wie vor beschrieben.;8,0;St;gaeb;Zwingend erforderliche Angebotsdateien/Pfungstadt_LV_HZ+SAN_Blankett_260602.x83
60;T-Stück C-Stahl wie vor beschrieben.;4,0;St;gaeb;Zwingend erforderliche Angebotsdateien/Pfungstadt_LV_HZ+SAN_Blankett_260602.x83
61;T-Stück C-Stahl wie vor beschrieben.;8,0;St;gaeb;Zwingend erforderliche Angebotsdateien/Pfungstadt_LV_HZ+SAN_Blankett_260602.x83
62;T-Stück C-Stahl wie vor beschrieben.;8,0;St;gaeb;Zwingend erforderliche Angebotsdateien/Pfungstadt_LV_HZ+SAN_Blankett_260602.x83
63;T-Stück C-Stahl wie vor beschrieben.;8,0;St;gaeb;Zwingend erforderliche Angebotsdateien/Pfungstadt_LV_HZ+SAN_Blankett_260602.x83
64;T-Stück C-Stahl wie vor beschrieben.;4,0;St;gaeb;Zwingend erforderliche Angebotsdateien/Pfungstadt_LV_HZ+SAN_Blankett_260602.x83
65;T-Stück C-Stahl wie vor beschrieben.;4,0;St;gaeb;Zwingend erforderliche Angebotsdateien/Pfungstadt_LV_HZ+SAN_Blankett_260602.x83
66;T-Stück C-Stahl wie vor beschrieben.;4,0;St;gaeb;Zwingend erforderliche Angebotsdateien/Pfungstadt_LV_HZ+SAN_Blankett_260602.x83
67;T-Stück C-Stahl wie vor beschrieben.;10,0;St;gaeb;Zwingend erforderliche Angebotsdateien/Pfungstadt_LV_HZ+SAN_Blankett_260602.x83
68;T-Stück C-Stahl wie vor beschrieben.;4,0;St;gaeb;Zwingend erforderliche Angebotsdateien/Pfungstadt_LV_HZ+SAN_Blankett_260602.x83
69;T-Stück C-Stahl wie vor beschrieben.;4,0;St;gaeb;Zwingend erforderliche Angebotsdateien/Pfungstadt_LV_HZ+SAN_Blankett_260602.x83
70;T-Stück C-Stahl wie vor beschrieben.;8,0;St;gaeb;Zwingend erforderliche Angebotsdateien/Pfungstadt_LV_HZ+SAN_Blankett_260602.x83
71;T-Stück C-Stahl wie vor beschrieben.;2,0;St;gaeb;Zwingend erforderliche Angebotsdateien/Pfungstadt_LV_HZ+SAN_Blankett_260602.x83
72;T-Stück C-Stahl wie vor beschrieben.;2,0;St;gaeb;Zwingend erforderliche Angebotsdateien/Pfungstadt_LV_HZ+SAN_Blankett_260602.x83
73;T-Stück C-Stahl wie vor beschrieben.;2,0;St;gaeb;Zwingend erforderliche Angebotsdateien/Pfungstadt_LV_HZ+SAN_Blankett_260602.x83
74;T-Stück C-Stahl wie vor beschrieben.;2,0;St;gaeb;Zwingend erforderliche Angebotsdateien/Pfungstadt_LV_HZ+SAN_Blankett_260602.x83
75;T-Stück C-Stahl wie vor beschrieben.;4,0;St;gaeb;Zwingend erforderliche Angebotsdateien/Pfungstadt_LV_HZ+SAN_Blankett_260602.x83
76;T-Stück C-Stahl wie vor beschrieben.;2,0;St;gaeb;Zwingend erforderliche Angebotsdateien/Pfungstadt_LV_HZ+SAN_Blankett_260602.x83
77;T-Stück C-Stahl wie vor beschrieben.;2,0;St;gaeb;Zwingend erforderliche Angebotsdateien/Pfungstadt_LV_HZ+SAN_Blankett_260602.x83
78;T-Stück C-Stahl wie vor beschrieben.;2,0;St;gaeb;Zwingend erforderliche Angebotsdateien/Pfungstadt_LV_HZ+SAN_Blankett_260602.x83
79;T-Stück C-Stahl wie vor beschrieben.;2,0;St;gaeb;Zwingend erforderliche Angebotsdateien/Pfungstadt_LV_HZ+SAN_Blankett_260602.x83
80;T-Stück C-Stahl wie vor beschrieben.;2,0;St;gaeb;Zwingend erforderliche Angebotsdateien/Pfungstadt_LV_HZ+SAN_Blankett_260602.x83
81;T-Stück C-Stahl wie vor beschrieben.;2,0;St;gaeb;Zwingend erforderliche Angebotsdateien/Pfungstadt_LV_HZ+SAN_Blankett_260602.x83
82;T-Stück C-Stahl wie vor beschrieben.;2,0;St;gaeb;Zwingend erforderliche Angebotsdateien/Pfungstadt_LV_HZ+SAN_Blankett_260602.x83
83;T-Stück C-Stahl wie vor beschrieben.;2,0;St;gaeb;Zwingend erforderliche Angebotsdateien/Pfungstadt_LV_HZ+SAN_Blankett_260602.x83
84;T-Stück C-Stahl wie vor beschrieben.;2,0;St;gaeb;Zwingend erforderliche Angebotsdateien/Pfungstadt_LV_HZ+SAN_Blankett_260602.x83
85;T-Stück C-Stahl wie vor beschrieben.;2,0;St;gaeb;Zwingend erforderliche Angebotsdateien/Pfungstadt_LV_HZ+SAN_Blankett_260602.x83
86;T-Stück C-Stahl wie vor beschrieben.;2,0;St;gaeb;Zwingend erforderliche Angebotsdateien/Pfungstadt_LV_HZ+SAN_Blankett_260602.x83
87;T-Stück C-Stahl wie vor beschrieben.;2,0;St;gaeb;Zwingend erforderliche Angebotsdateien/Pfungstadt_LV_HZ+SAN_Blankett_260602.x83
88;T-Stück C-Stahl wie vor beschrieben.;2,0;St;gaeb;Zwingend erforderliche Angebotsdateien/Pfungstadt_LV_HZ+SAN_Blankett_260602.x83
89;T-Stück C-Stahl wie vor beschrieben.;4,0;St;gaeb;Zwingend erforderliche Angebotsdateien/Pfungstadt_LV_HZ+SAN_Blankett_260602.x83
90;T-Stück C-Stahl wie vor beschrieben.;6,0;St;gaeb;Zwingend erforderliche Angebotsdateien/Pfungstadt_LV_HZ+SAN_Blankett_260602.x83
91;T-Stück C-Stahl wie vor beschrieben.;6,0;St;gaeb;Zwingend erforderliche Angebotsdateien/Pfungstadt_LV_HZ+SAN_Blankett_260602.x83
92;T-Stück C-Stahl wie vor beschrieben.;2,0;St;gaeb;Zwingend erforderliche Angebotsdateien/Pfungstadt_LV_HZ+SAN_Blankett_260602.x83
93;Reduktion C-Stahl wie vor beschrieben.;4,0;St;gaeb;Zwingend erforderliche Angebotsdateien/Pfungstadt_LV_HZ+SAN_Blankett_260602.x83
94;Reduktion C-Stahl wie vor beschrieben.;4,0;St;gaeb;Zwingend erforderliche Angebotsdateien/Pfungstadt_LV_HZ+SAN_Blankett_260602.x83
95;Reduktion C-Stahl wie vor beschrieben.;6,0;St;gaeb;Zwingend erforderliche Angebotsdateien/Pfungstadt_LV_HZ+SAN_Blankett_260602.x83
96;Reduktion C-Stahl wie vor beschrieben.;6,0;St;gaeb;Zwingend erforderliche Angebotsdateien/Pfungstadt_LV_HZ+SAN_Blankett_260602.x83
97;Reduktion C-Stahl wie vor beschrieben.;4,0;St;gaeb;Zwingend erforderliche Angebotsdateien/Pfungstadt_LV_HZ+SAN_Blankett_260602.x83
98;Reduktion C-Stahl wie vor beschrieben.;2,0;St;gaeb;Zwingend erforderliche Angebotsdateien/Pfungstadt_LV_HZ+SAN_Blankett_260602.x83
99;Reduktion C-Stahl wie vor beschrieben.;4,0;St;gaeb;Zwingend erforderliche Angebotsdateien/Pfungstadt_LV_HZ+SAN_Blankett_260602.x83
100;Reduktion C-Stahl wie vor beschrieben.;4,0;St;gaeb;Zwingend erforderliche Angebotsdateien/Pfungstadt_LV_HZ+SAN_Blankett_260602.x83
101;Reduktion C-Stahl wie vor beschrieben.;4,0;St;gaeb;Zwingend erforderliche Angebotsdateien/Pfungstadt_LV_HZ+SAN_Blankett_260602.x83
102;Reduktion C-Stahl wie vor beschrieben.;6,0;St;gaeb;Zwingend erforderliche Angebotsdateien/Pfungstadt_LV_HZ+SAN_Blankett_260602.x83
103;Reduktion C-Stahl wie vor beschrieben.;4,0;St;gaeb;Zwingend erforderliche Angebotsdateien/Pfungstadt_LV_HZ+SAN_Blankett_260602.x83
104;Reduktion C-Stahl wie vor beschrieben.;6,0;St;gaeb;Zwingend erforderliche Angebotsdateien/Pfungstadt_LV_HZ+SAN_Blankett_260602.x83
105;Reduktion C-Stahl wie vor beschrieben.;6,0;St;gaeb;Zwingend erforderliche Angebotsdateien/Pfungstadt_LV_HZ+SAN_Blankett_260602.x83
106;Reduktion C-Stahl wie vor beschrieben.;4,0;St;gaeb;Zwingend erforderliche Angebotsdateien/Pfungstadt_LV_HZ+SAN_Blankett_260602.x83
107;Reduktion C-Stahl wie vor beschrieben.;4,0;St;gaeb;Zwingend erforderliche Angebotsdateien/Pfungstadt_LV_HZ+SAN_Blankett_260602.x83
108;Reduktion C-Stahl wie vor beschrieben.;6,0;St;gaeb;Zwingend erforderliche Angebotsdateien/Pfungstadt_LV_HZ+SAN_Blankett_260602.x83
109;Reduktion C-Stahl wie vor beschrieben.;8,0;St;gaeb;Zwingend erforderliche Angebotsdateien/Pfungstadt_LV_HZ+SAN_Blankett_260602.x83
110;Reduktion C-Stahl wie vor beschrieben.;8,0;St;gaeb;Zwingend erforderliche Angebotsdateien/Pfungstadt_LV_HZ+SAN_Blankett_260602.x83
111;Reduktion C-Stahl wie vor beschrieben.;4,0;St;gaeb;Zwingend erforderliche Angebotsdateien/Pfungstadt_LV_HZ+SAN_Blankett_260602.x83
112;Reduktion C-Stahl wie vor beschrieben.;4,0;St;gaeb;Zwingend erforderliche Angebotsdateien/Pfungstadt_LV_HZ+SAN_Blankett_260602.x83
113;Reduktion C-Stahl wie vor beschrieben.;2,0;St;gaeb;Zwingend erforderliche Angebotsdateien/Pfungstadt_LV_HZ+SAN_Blankett_260602.x83
114;Reduktion C-Stahl wie vor beschrieben.;4,0;St;gaeb;Zwingend erforderliche Angebotsdateien/Pfungstadt_LV_HZ+SAN_Blankett_260602.x83
115;Reduktion C-Stahl wie vor beschrieben.;6,0;St;gaeb;Zwingend erforderliche Angebotsdateien/Pfungstadt_LV_HZ+SAN_Blankett_260602.x83
116;Reduktion C-Stahl wie vor beschrieben.;5,0;St;gaeb;Zwingend erforderliche Angebotsdateien/Pfungstadt_LV_HZ+SAN_Blankett_260602.x83
117;Reduktion C-Stahl wie vor beschrieben.;5,0;St;gaeb;Zwingend erforderliche Angebotsdateien/Pfungstadt_LV_HZ+SAN_Blankett_260602.x83
118;Reduktion C-Stahl wie vor beschrieben.;4,0;St;gaeb;Zwingend erforderliche Angebotsdateien/Pfungstadt_LV_HZ+SAN_Blankett_260602.x83
119;Reduktion C-Stahl wie vor beschrieben.;4,0;St;gaeb;Zwingend erforderliche Angebotsdateien/Pfungstadt_LV_HZ+SAN_Blankett_260602.x83
120;Reduktion C-Stahl wie vor beschrieben.;2,0;St;gaeb;Zwingend erforderliche Angebotsdateien/Pfungstadt_LV_HZ+SAN_Blankett_260602.x83
121;Reduktion C-Stahl wie vor beschrieben.;2,0;St;gaeb;Zwingend erforderliche Angebotsdateien/Pfungstadt_LV_HZ+SAN_Blankett_260602.x83
122;Reduktion C-Stahl wie vor beschrieben.;2,0;St;gaeb;Zwingend erforderliche Angebotsdateien/Pfungstadt_LV_HZ+SAN_Blankett_260602.x83
123;wie vor beschrieben,;2,0;St;gaeb;Zwingend erforderliche Angebotsdateien/Pfungstadt_LV_HZ+SAN_Blankett_260602.x83
124;wie vor beschrieben,;4,0;St;gaeb;Zwingend erforderliche Angebotsdateien/Pfungstadt_LV_HZ+SAN_Blankett_260602.x83
125;wie vor beschrieben,;4,0;St;gaeb;Zwingend erforderliche Angebotsdateien/Pfungstadt_LV_HZ+SAN_Blankett_260602.x83
126;wie vor beschrieben,;2,0;St;gaeb;Zwingend erforderliche Angebotsdateien/Pfungstadt_LV_HZ+SAN_Blankett_260602.x83
127;Entlüftertopf zur Abscheidung und Entlüftung von Luft und Gasen in Heizungsrohrleitungen, senkrecht eingebaut.;2,0;St;gaeb;Zwingend erforderliche Angebotsdateien/Pfungstadt_LV_HZ+SAN_Blankett_260602.x83
128;wie vor, jedoch DN 50.;2,0;St;gaeb;Zwingend erforderliche Angebotsdateien/Pfungstadt_LV_HZ+SAN_Blankett_260602.x83
129;Handentlüftung an Hochpunkten von Heizungsleitungen, bestehend aus senkrecht hochgeführter Steigleitung mit U-Bogen und Kugelhahn zur manuellen Entlüftung, eingebaut in das Pressfitting-System der Heizungsanlage.;12,0;St;gaeb;Zwingend erforderliche Angebotsdateien/Pfungstadt_LV_HZ+SAN_Blankett_260602.x83
130;Pressfitting-Flansch C-Stahl wie vor beschrieben.;4,0;St;gaeb;Zwingend erforderliche Angebotsdateien/Pfungstadt_LV_HZ+SAN_Blankett_260602.x83
131;Pressfitting-Flansch C-Stahl wie vor beschrieben.;4,0;St;gaeb;Zwingend erforderliche Angebotsdateien/Pfungstadt_LV_HZ+SAN_Blankett_260602.x83
132;Pressfitting-Flansch C-Stahl wie vor beschrieben.;6,0;St;gaeb;Zwingend erforderliche Angebotsdateien/Pfungstadt_LV_HZ+SAN_Blankett_260602.x83
133;Pressfitting-Flansch C-Stahl wie vor beschrieben.;12,0;St;gaeb;Zwingend erforderliche Angebotsdateien/Pfungstadt_LV_HZ+SAN_Blankett_260602.x83
134;Pressfitting-Flansch C-Stahl wie vor beschrieben.;10,0;St;gaeb;Zwingend erforderliche Angebotsdateien/Pfungstadt_LV_HZ+SAN_Blankett_260602.x83
135;Pressfitting-Flansch C-Stahl wie vor beschrieben.;10,0;St;gaeb;Zwingend erforderliche Angebotsdateien/Pfungstadt_LV_HZ+SAN_Blankett_260602.x83
136;Pressfitting-Flansch C-Stahl wie vor beschrieben.;8,0;St;gaeb;Zwingend erforderliche Angebotsdateien/Pfungstadt_LV_HZ+SAN_Blankett_260602.x83
137;Pressfitting-Flansch C-Stahl wie vor beschrieben.;2,0;St;gaeb;Zwingend erforderliche Angebotsdateien/Pfungstadt_LV_HZ+SAN_Blankett_260602.x83
138;Verschraubung DN 65;2,0;St;gaeb;Zwingend erforderliche Angebotsdateien/Pfungstadt_LV_HZ+SAN_Blankett_260602.x83
139;Verschraubung DN 50;6,0;St;gaeb;Zwingend erforderliche Angebotsdateien/Pfungstadt_LV_HZ+SAN_Blankett_260602.x83
140;Verschraubung DN 40;6,0;St;gaeb;Zwingend erforderliche Angebotsdateien/Pfungstadt_LV_HZ+SAN_Blankett_260602.x83
141;Verschraubung DN 32;8,0;St;gaeb;Zwingend erforderliche Angebotsdateien/Pfungstadt_LV_HZ+SAN_Blankett_260602.x83
142;Verschraubung DN 25;8,0;St;gaeb;Zwingend erforderliche Angebotsdateien/Pfungstadt_LV_HZ+SAN_Blankett_260602.x83
143;Verschraubung DN 20;2,0;St;gaeb;Zwingend erforderliche Angebotsdateien/Pfungstadt_LV_HZ+SAN_Blankett_260602.x83
144;Verschraubung DN 15;2,0;St;gaeb;Zwingend erforderliche Angebotsdateien/Pfungstadt_LV_HZ+SAN_Blankett_260602.x83
145;Übergangsverschraubung C-Stahl wie vor beschrieben.;2,0;St;gaeb;Zwingend erforderliche Angebotsdateien/Pfungstadt_LV_HZ+SAN_Blankett_260602.x83
146;Übergangsverschraubung C-Stahl wie vor beschrieben.;4,0;St;gaeb;Zwingend erforderliche Angebotsdateien/Pfungstadt_LV_HZ+SAN_Blankett_260602.x83
147;Übergangsverschraubung C-Stahl wie vor beschrieben.;4,0;St;gaeb;Zwingend erforderliche Angebotsdateien/Pfungstadt_LV_HZ+SAN_Blankett_260602.x83
148;Übergangsverschraubung C-Stahl wie vor beschrieben.;6,0;St;gaeb;Zwingend erforderliche Angebotsdateien/Pfungstadt_LV_HZ+SAN_Blankett_260602.x83
149;Übergangsverschraubung C-Stahl wie vor beschrieben.;2,0;St;gaeb;Zwingend erforderliche Angebotsdateien/Pfungstadt_LV_HZ+SAN_Blankett_260602.x83
150;Übergangsverschraubung C-Stahl wie vor beschrieben.;2,0;St;gaeb;Zwingend erforderliche Angebotsdateien/Pfungstadt_LV_HZ+SAN_Blankett_260602.x83
151;Übergangsverschraubung C-Stahl wie vor beschrieben.;2,0;St;gaeb;Zwingend erforderliche Angebotsdateien/Pfungstadt_LV_HZ+SAN_Blankett_260602.x83
152;Übergangsverschraubung C-Stahl wie vor beschrieben.;4,0;St;gaeb;Zwingend erforderliche Angebotsdateien/Pfungstadt_LV_HZ+SAN_Blankett_260602.x83
153;Übergangsverschraubung C-Stahl wie vor beschrieben.;4,0;St;gaeb;Zwingend erforderliche Angebotsdateien/Pfungstadt_LV_HZ+SAN_Blankett_260602.x83
154;Übergangsverschraubung C-Stahl wie vor beschrieben.;2,0;St;gaeb;Zwingend erforderliche Angebotsdateien/Pfungstadt_LV_HZ+SAN_Blankett_260602.x83
155;Übergangsverschraubung C-Stahl wie vor beschrieben.;2,0;St;gaeb;Zwingend erforderliche Angebotsdateien/Pfungstadt_LV_HZ+SAN_Blankett_260602.x83
156;Übergangsverschraubung C-Stahl wie vor beschrieben.;2,0;St;gaeb;Zwingend erforderliche Angebotsdateien/Pfungstadt_LV_HZ+SAN_Blankett_260602.x83
157;Übergangsverschraubung C-Stahl wie vor beschrieben.;2,0;St;gaeb;Zwingend erforderliche Angebotsdateien/Pfungstadt_LV_HZ+SAN_Blankett_260602.x83
158;Übergangsverschraubung C-Stahl wie vor beschrieben.;3,0;St;gaeb;Zwingend erforderliche Angebotsdateien/Pfungstadt_LV_HZ+SAN_Blankett_260602.x83
159;Übergangsverschraubung C-Stahl wie vor beschrieben.;4,0;St;gaeb;Zwingend erforderliche Angebotsdateien/Pfungstadt_LV_HZ+SAN_Blankett_260602.x83
160;Übergangsverschraubung C-Stahl wie vor beschrieben.;4,0;St;gaeb;Zwingend erforderliche Angebotsdateien/Pfungstadt_LV_HZ+SAN_Blankett_260602.x83
1;Anschluß herstellen und betriebsfertig montieren;4,0;St;gaeb;Zwingend erforderliche Angebotsdateien/Pfungstadt_LV_HZ+SAN_Blankett_260602.x83
2;Anschluß herstellen und betriebsfertig montieren;6,0;St;gaeb;Zwingend erforderliche Angebotsdateien/Pfungstadt_LV_HZ+SAN_Blankett_260602.x83
3;Anschluß herstellen und betriebsfertig montieren;8,0;St;gaeb;Zwingend erforderliche Angebotsdateien/Pfungstadt_LV_HZ+SAN_Blankett_260602.x83
4;Anschluß herstellen und betriebsfertig montieren;8,0;St;gaeb;Zwingend erforderliche Angebotsdateien/Pfungstadt_LV_HZ+SAN_Blankett_260602.x83
5;Anschluß herstellen und betriebsfertig montieren;4,0;St;gaeb;Zwingend erforderliche Angebotsdateien/Pfungstadt_LV_HZ+SAN_Blankett_260602.x83
6;R90-Brandwand- bzw. Deckendurchführung DN 100;4,0;St;gaeb;Zwingend erforderliche Angebotsdateien/Pfungstadt_LV_HZ+SAN_Blankett_260602.x83
7;R90-Brandwand- bzw. Deckendurchführung DN 80;2,0;St;gaeb;Zwingend erforderliche Angebotsdateien/Pfungstadt_LV_HZ+SAN_Blankett_260602.x83
8;Dämm-Schalenstärke:   37 mm;4,0;St;gaeb;Zwingend erforderliche Angebotsdateien/Pfungstadt_LV_HZ+SAN_Blankett_260602.x83
9;wie vor, jedoch;4,0;St;gaeb;Zwingend erforderliche Angebotsdateien/Pfungstadt_LV_HZ+SAN_Blankett_260602.x83
10;wie vor, jedoch;2,0;St;gaeb;Zwingend erforderliche Angebotsdateien/Pfungstadt_LV_HZ+SAN_Blankett_260602.x83
11;wie vor, jedoch;8,0;St;gaeb;Zwingend erforderliche Angebotsdateien/Pfungstadt_LV_HZ+SAN_Blankett_260602.x83
12;wie vor, jedoch;4,0;St;gaeb;Zwingend erforderliche Angebotsdateien/Pfungstadt_LV_HZ+SAN_Blankett_260602.x83
13;wie vor, jedoch;4,0;St;gaeb;Zwingend erforderliche Angebotsdateien/Pfungstadt_LV_HZ+SAN_Blankett_260602.x83
1;Heizungsumwälzpumpe als Hocheffizienz-Nassläuferpumpe,;3,0;St;gaeb;Zwingend erforderliche Angebotsdateien/Pfungstadt_LV_HZ+SAN_Blankett_260602.x83
2;Heizungsumwälzpumpe als Hocheffizienz- Nassläufer, elektronisch geregelt.;6,0;St;gaeb;Zwingend erforderliche Angebotsdateien/Pfungstadt_LV_HZ+SAN_Blankett_260602.x83
3;Heizungsumwälzpumpe als Hocheffizienz-Nassläufer, elektronisch geregelt.;5,0;St;gaeb;Zwingend erforderliche Angebotsdateien/Pfungstadt_LV_HZ+SAN_Blankett_260602.x83
4;Heizungsumwälzpumpe als Hocheffizienz-Nassläufer, elektronisch geregelt.;3,0;St;gaeb;Zwingend erforderliche Angebotsdateien/Pfungstadt_LV_HZ+SAN_Blankett_260602.x83
5;Heizungsumwälzpumpe als Hocheffizienz-Nassläufer, elektronisch geregelt.;2,0;St;gaeb;Zwingend erforderliche Angebotsdateien/Pfungstadt_LV_HZ+SAN_Blankett_260602.x83
1;Ausstattung und Zubehör wie vor beschrieben.;6,0;St;gaeb;Zwingend erforderliche Angebotsdateien/Pfungstadt_LV_HZ+SAN_Blankett_260602.x83
2;Ausstattung und Zubehör wie vor beschrieben.;4,0;St;gaeb;Zwingend erforderliche Angebotsdateien/Pfungstadt_LV_HZ+SAN_Blankett_260602.x83
3;Ausstattung und Zubehör wie vor beschrieben.;6,0;St;gaeb;Zwingend erforderliche Angebotsdateien/Pfungstadt_LV_HZ+SAN_Blankett_260602.x83
4;Ausstattung und Zubehör wie vor beschrieben.;6,0;St;gaeb;Zwingend erforderliche Angebotsdateien/Pfungstadt_LV_HZ+SAN_Blankett_260602.x83
5;Ausstattung und Zubehör wie vor beschrieben.;6,0;St;gaeb;Zwingend erforderliche Angebotsdateien/Pfungstadt_LV_HZ+SAN_Blankett_260602.x83
6;Ausstattung und Zubehör wie vor beschrieben.;8,0;St;gaeb;Zwingend erforderliche Angebotsdateien/Pfungstadt_LV_HZ+SAN_Blankett_260602.x83
7;Ausstattung und Zubehör wie vor beschrieben.;8,0;St;gaeb;Zwingend erforderliche Angebotsdateien/Pfungstadt_LV_HZ+SAN_Blankett_260602.x83
1;Ausstattung und Zubehör wie vor beschrieben.;1,0;St;gaeb;Zwingend erforderliche Angebotsdateien/Pfungstadt_LV_HZ+SAN_Blankett_260602.x83
2;Ausstattung und Zubehör wie vor beschrieben.;2,0;St;gaeb;Zwingend erforderliche Angebotsdateien/Pfungstadt_LV_HZ+SAN_Blankett_260602.x83
3;Ausstattung und Zubehör wie vor beschrieben.;1,0;St;gaeb;Zwingend erforderliche Angebotsdateien/Pfungstadt_LV_HZ+SAN_Blankett_260602.x83
4;Ausstattung und Zubehör wie vor beschrieben.;1,0;St;gaeb;Zwingend erforderliche Angebotsdateien/Pfungstadt_LV_HZ+SAN_Blankett_260602.x83
5;Ausstattung und Zubehör wie vor beschrieben.;1,0;St;gaeb;Zwingend erforderliche Angebotsdateien/Pfungstadt_LV_HZ+SAN_Blankett_260602.x83
6;Ausstattung und Zubehör wie vor beschrieben.;2,0;St;gaeb;Zwingend erforderliche Angebotsdateien/Pfungstadt_LV_HZ+SAN_Blankett_260602.x83
7;Ausstattung und Zubehör wie vor beschrieben.;1,0;St;gaeb;Zwingend erforderliche Angebotsdateien/Pfungstadt_LV_HZ+SAN_Blankett_260602.x83
8;Ausstattung und Zubehör wie vor beschrieben.;1,0;St;gaeb;Zwingend erforderliche Angebotsdateien/Pfungstadt_LV_HZ+SAN_Blankett_260602.x83
9;Ausstattung und Zubehör wie vor beschrieben.;1,0;St;gaeb;Zwingend erforderliche Angebotsdateien/Pfungstadt_LV_HZ+SAN_Blankett_260602.x83
10;Ausstattung und Zubehör wie vor beschrieben.;4,0;St;gaeb;Zwingend erforderliche Angebotsdateien/Pfungstadt_LV_HZ+SAN_Blankett_260602.x83
11;Ausstattung und Zubehör wie vor beschrieben.;2,0;St;gaeb;Zwingend erforderliche Angebotsdateien/Pfungstadt_LV_HZ+SAN_Blankett_260602.x83
12;Ausstattung und Zubehör wie vor beschrieben.;2,0;St;gaeb;Zwingend erforderliche Angebotsdateien/Pfungstadt_LV_HZ+SAN_Blankett_260602.x83
1;Ausstattung und Zubehör wie vor beschrieben.;1,0;St;gaeb;Zwingend erforderliche Angebotsdateien/Pfungstadt_LV_HZ+SAN_Blankett_260602.x83
2;Ausstattung und Zubehör wie vor beschrieben.;2,0;St;gaeb;Zwingend erforderliche Angebotsdateien/Pfungstadt_LV_HZ+SAN_Blankett_260602.x83
3;Ausstattung und Zubehör wie vor beschrieben.;2,0;St;gaeb;Zwingend erforderliche Angebotsdateien/Pfungstadt_LV_HZ+SAN_Blankett_260602.x83
4;Ausstattung und Zubehör wie vor beschrieben.;2,0;St;gaeb;Zwingend erforderliche Angebotsdateien/Pfungstadt_LV_HZ+SAN_Blankett_260602.x83
5;Ausstattung und Zubehör wie vor beschrieben.;2,0;St;gaeb;Zwingend erforderliche Angebotsdateien/Pfungstadt_LV_HZ+SAN_Blankett_260602.x83
6;Ausstattung und Zubehör wie vor beschrieben.;1,0;St;gaeb;Zwingend erforderliche Angebotsdateien/Pfungstadt_LV_HZ+SAN_Blankett_260602.x83
7;Ausstattung und Zubehör wie vor beschrieben.;1,0;St;gaeb;Zwingend erforderliche Angebotsdateien/Pfungstadt_LV_HZ+SAN_Blankett_260602.x83
8;M;11,0;St;gaeb;Zwingend erforderliche Angebotsdateien/Pfungstadt_LV_HZ+SAN_Blankett_260602.x83
1;Ausstattung und Zubehör wie vor beschrieben.;2,0;St;gaeb;Zwingend erforderliche Angebotsdateien/Pfungstadt_LV_HZ+SAN_Blankett_260602.x83
2;Ausstattung und Zubehör wie vor beschrieben.;2,0;St;gaeb;Zwingend erforderliche Angebotsdateien/Pfungstadt_LV_HZ+SAN_Blankett_260602.x83
3;Ausstattung und Zubehör wie vor beschrieben.;4,0;St;gaeb;Zwingend erforderliche Angebotsdateien/Pfungstadt_LV_HZ+SAN_Blankett_260602.x83
4;Ausstattung und Zubehör wie vor beschrieben.;3,0;St;gaeb;Zwingend erforderliche Angebotsdateien/Pfungstadt_LV_HZ+SAN_Blankett_260602.x83
5;Ausstattung und Zubehör wie vor beschrieben.;2,0;St;gaeb;Zwingend erforderliche Angebotsdateien/Pfungstadt_LV_HZ+SAN_Blankett_260602.x83
6;Ausstattung und Zubehör wie vor beschrieben.;2,0;St;gaeb;Zwingend erforderliche Angebotsdateien/Pfungstadt_LV_HZ+SAN_Blankett_260602.x83
1;Ausstattung und Zubehör wie vor beschrieben.;1,0;St;gaeb;Zwingend erforderliche Angebotsdateien/Pfungstadt_LV_HZ+SAN_Blankett_260602.x83
2;Ausstattung und Zubehör wie vor beschrieben.;2,0;St;gaeb;Zwingend erforderliche Angebotsdateien/Pfungstadt_LV_HZ+SAN_Blankett_260602.x83
3;Ausstattung und Zubehör wie vor beschrieben.;4,0;St;gaeb;Zwingend erforderliche Angebotsdateien/Pfungstadt_LV_HZ+SAN_Blankett_260602.x83
4;Ausstattung und Zubehör wie vor beschrieben.;2,0;St;gaeb;Zwingend erforderliche Angebotsdateien/Pfungstadt_LV_HZ+SAN_Blankett_260602.x83
1;Standdusche zur Montage an Durchschreitemulde;4,0;St;gaeb;Zwingend erforderliche Angebotsdateien/Pfungstadt_LV_HZ+SAN_Blankett_260602.x83
2;Standdusche Kurzausführung als Kinderdusche;1,0;St;gaeb;Zwingend erforderliche Angebotsdateien/Pfungstadt_LV_HZ+SAN_Blankett_260602.x83
3;Einbauteil für Standdusche aus Edelstahl passend zur oben genannten Standdusche.;5,0;St;gaeb;Zwingend erforderliche Angebotsdateien/Pfungstadt_LV_HZ+SAN_Blankett_260602.x83
4;Standdusche für Kaltwasser oder vorgemischtes Wasser zur.;5,0;St;gaeb;Zwingend erforderliche Angebotsdateien/Pfungstadt_LV_HZ+SAN_Blankett_260602.x83
5;Einbauteil für Standdusche aus Aluminium passend zur oben genannten Standdusche.;5,0;St;gaeb;Zwingend erforderliche Angebotsdateien/Pfungstadt_LV_HZ+SAN_Blankett_260602.x83
1;mit axialem Tauchschaft, justierbar;58,0;St;gaeb;Zwingend erforderliche Angebotsdateien/Pfungstadt_LV_HZ+SAN_Blankett_260602.x83
2;Rohrfedermanometer mit Rohrgewindeanschluss, einschl. Prüfarmatur;30,0;St;gaeb;Zwingend erforderliche Angebotsdateien/Pfungstadt_LV_HZ+SAN_Blankett_260602.x83
3;mit Schutzrohr:  Ni1000,;50,0;St;gaeb;Zwingend erforderliche Angebotsdateien/Pfungstadt_LV_HZ+SAN_Blankett_260602.x83
4;mit Schutzrohr:  Ni1000,;8,0;St;gaeb;Zwingend erforderliche Angebotsdateien/Pfungstadt_LV_HZ+SAN_Blankett_260602.x83
5;in Kunststoffgehäuse;3,0;St;gaeb;Zwingend erforderliche Angebotsdateien/Pfungstadt_LV_HZ+SAN_Blankett_260602.x83
1;Feuerverzinkte Befestigungskonstruktionen TGA;220,0;kg;gaeb;Zwingend erforderliche Angebotsdateien/Pfungstadt_LV_HZ+SAN_Blankett_260602.x83
2;Unterkonstruktion MLAR F90 (Stahlbetondecken);120,0;kg;gaeb;Zwingend erforderliche Angebotsdateien/Pfungstadt_LV_HZ+SAN_Blankett_260602.x83
3;aus Kunststoff mit Klarsichtdeckel und gedruckten;40,0;St;gaeb;Zwingend erforderliche Angebotsdateien/Pfungstadt_LV_HZ+SAN_Blankett_260602.x83
4;nach dem Durchflussmedium, entspr. DIN 2403, auf;80,0;St;gaeb;Zwingend erforderliche Angebotsdateien/Pfungstadt_LV_HZ+SAN_Blankett_260602.x83
1;in gemauerter Wand, wie beschrieben herstellen.;20,0;m;gaeb;Zwingend erforderliche Angebotsdateien/Pfungstadt_LV_HZ+SAN_Blankett_260602.x83
2;in gemauerter Wand, wie beschrieben herstellen.;24,0;m;gaeb;Zwingend erforderliche Angebotsdateien/Pfungstadt_LV_HZ+SAN_Blankett_260602.x83
3;in gemauerter Wand, wie beschrieben herstellen.;30,0;m;gaeb;Zwingend erforderliche Angebotsdateien/Pfungstadt_LV_HZ+SAN_Blankett_260602.x83
1;Durchmesser:	D = 50 mm;5,0;St;gaeb;Zwingend erforderliche Angebotsdateien/Pfungstadt_LV_HZ+SAN_Blankett_260602.x83
2;Durchmesser:	D = 100 mm;5,0;St;gaeb;Zwingend erforderliche Angebotsdateien/Pfungstadt_LV_HZ+SAN_Blankett_260602.x83
3;Durchmesser:	D = 150 mm;12,0;St;gaeb;Zwingend erforderliche Angebotsdateien/Pfungstadt_LV_HZ+SAN_Blankett_260602.x83
4;Durchmesser:	D = 200 mm;4,0;St;gaeb;Zwingend erforderliche Angebotsdateien/Pfungstadt_LV_HZ+SAN_Blankett_260602.x83
5;Durchmesser:	D = 250 mm;5,0;St;gaeb;Zwingend erforderliche Angebotsdateien/Pfungstadt_LV_HZ+SAN_Blankett_260602.x83
6;Durchmesser:	D = 300 mm;6,0;St;gaeb;Zwingend erforderliche Angebotsdateien/Pfungstadt_LV_HZ+SAN_Blankett_260602.x83
1;Universelle und flexible Isolierkappe für gerade Flanscharmaturen.;6,0;St;gaeb;Zwingend erforderliche Angebotsdateien/Pfungstadt_LV_HZ+SAN_Blankett_260602.x83
2;Ausführung und Zubehör wie vor, jedoch:;4,0;St;gaeb;Zwingend erforderliche Angebotsdateien/Pfungstadt_LV_HZ+SAN_Blankett_260602.x83
3;Ausführung und Zubehör wie vor, jedoch:;4,0;St;gaeb;Zwingend erforderliche Angebotsdateien/Pfungstadt_LV_HZ+SAN_Blankett_260602.x83
4;Ausführung und Zubehör wie vor, jedoch:;6,0;St;gaeb;Zwingend erforderliche Angebotsdateien/Pfungstadt_LV_HZ+SAN_Blankett_260602.x83
5;Ausführung und Zubehör wie vor, jedoch:;6,0;St;gaeb;Zwingend erforderliche Angebotsdateien/Pfungstadt_LV_HZ+SAN_Blankett_260602.x83
6;Ausführung und Zubehör wie vor, jedoch:;6,0;St;gaeb;Zwingend erforderliche Angebotsdateien/Pfungstadt_LV_HZ+SAN_Blankett_260602.x83
7;Ausführung und Zubehör wie vor, jedoch:;8,0;St;gaeb;Zwingend erforderliche Angebotsdateien/Pfungstadt_LV_HZ+SAN_Blankett_260602.x83
8;Isolierkappe für Flansch-Schmutzfänger oder Schrägarmatur.;6,0;St;gaeb;Zwingend erforderliche Angebotsdateien/Pfungstadt_LV_HZ+SAN_Blankett_260602.x83
9;Ausführung und Zubehör wie vor, jedoch:;6,0;St;gaeb;Zwingend erforderliche Angebotsdateien/Pfungstadt_LV_HZ+SAN_Blankett_260602.x83
10;Ausführung und Zubehör wie vor, jedoch:;6,0;St;gaeb;Zwingend erforderliche Angebotsdateien/Pfungstadt_LV_HZ+SAN_Blankett_260602.x83
11;Ausführung und Zubehör wie vor, jedoch:;8,0;St;gaeb;Zwingend erforderliche Angebotsdateien/Pfungstadt_LV_HZ+SAN_Blankett_260602.x83
12;Universelle und flexible Isolierkappe für Schrägsitzventile.;12,0;St;gaeb;Zwingend erforderliche Angebotsdateien/Pfungstadt_LV_HZ+SAN_Blankett_260602.x83
13;Ausführung und Zubehör wie vor, jedoch:;10,0;St;gaeb;Zwingend erforderliche Angebotsdateien/Pfungstadt_LV_HZ+SAN_Blankett_260602.x83
14;Ausführung und Zubehör wie vor, jedoch:;16,0;St;gaeb;Zwingend erforderliche Angebotsdateien/Pfungstadt_LV_HZ+SAN_Blankett_260602.x83
15;Ausführung und Zubehör wie vor, jedoch:;12,0;St;gaeb;Zwingend erforderliche Angebotsdateien/Pfungstadt_LV_HZ+SAN_Blankett_260602.x83
16;Ausführung und Zubehör wie vor, jedoch:;20,0;St;gaeb;Zwingend erforderliche Angebotsdateien/Pfungstadt_LV_HZ+SAN_Blankett_260602.x83
17;Ausführung und Zubehör wie vor, jedoch:;22,0;St;gaeb;Zwingend erforderliche Angebotsdateien/Pfungstadt_LV_HZ+SAN_Blankett_260602.x83
1;Dämmschichtdicke 100 mm;20,0;m;gaeb;Zwingend erforderliche Angebotsdateien/Pfungstadt_LV_HZ+SAN_Blankett_260602.x83
2;Dämmschichtdicke 100 mm;20,0;m;gaeb;Zwingend erforderliche Angebotsdateien/Pfungstadt_LV_HZ+SAN_Blankett_260602.x83
3;Dämmschichtdicke 70 mm;10,0;m;gaeb;Zwingend erforderliche Angebotsdateien/Pfungstadt_LV_HZ+SAN_Blankett_260602.x83
4;Dämmschichtdicke 61 mm;40,0;m;gaeb;Zwingend erforderliche Angebotsdateien/Pfungstadt_LV_HZ+SAN_Blankett_260602.x83
5;Dämmschichtdicke 50 mm;20,0;m;gaeb;Zwingend erforderliche Angebotsdateien/Pfungstadt_LV_HZ+SAN_Blankett_260602.x83
6;Dämmschichtdicke 40 mm;40,0;m;gaeb;Zwingend erforderliche Angebotsdateien/Pfungstadt_LV_HZ+SAN_Blankett_260602.x83
7;Dämmschichtdicke 30 mm;40,0;m;gaeb;Zwingend erforderliche Angebotsdateien/Pfungstadt_LV_HZ+SAN_Blankett_260602.x83
8;Dämmschichtdicke 30 mm;40,0;m;gaeb;Zwingend erforderliche Angebotsdateien/Pfungstadt_LV_HZ+SAN_Blankett_260602.x83
9;Dämmschichtdicke 20 mm;12,0;m;gaeb;Zwingend erforderliche Angebotsdateien/Pfungstadt_LV_HZ+SAN_Blankett_260602.x83
10;Dämmung 20mm;30,0;m;gaeb;Zwingend erforderliche Angebotsdateien/Pfungstadt_LV_HZ+SAN_Blankett_260602.x83
11;Wärmedämmung alukaschiert für Bogen DN15;40,0;St;gaeb;Zwingend erforderliche Angebotsdateien/Pfungstadt_LV_HZ+SAN_Blankett_260602.x83
12;Wärmedämmung alukaschiert für Bogen DN20;40,0;St;gaeb;Zwingend erforderliche Angebotsdateien/Pfungstadt_LV_HZ+SAN_Blankett_260602.x83
13;Wärmedämmung alukaschiert für Bogen DN25;60,0;St;gaeb;Zwingend erforderliche Angebotsdateien/Pfungstadt_LV_HZ+SAN_Blankett_260602.x83
14;Wärmedämmung alukaschiert für Bogen DN32;20,0;St;gaeb;Zwingend erforderliche Angebotsdateien/Pfungstadt_LV_HZ+SAN_Blankett_260602.x83
15;Wärmedämmung alukaschiert für Bogen DN40;24,0;St;gaeb;Zwingend erforderliche Angebotsdateien/Pfungstadt_LV_HZ+SAN_Blankett_260602.x83
16;Wärmedämmung alukaschiert für Bogen DN50;22,0;St;gaeb;Zwingend erforderliche Angebotsdateien/Pfungstadt_LV_HZ+SAN_Blankett_260602.x83
17;Wärmedämmung alukaschiert für Bogen DN65;18,0;St;gaeb;Zwingend erforderliche Angebotsdateien/Pfungstadt_LV_HZ+SAN_Blankett_260602.x83
18;Wärmedämmung alukaschiert für Bogen DN80;16,0;St;gaeb;Zwingend erforderliche Angebotsdateien/Pfungstadt_LV_HZ+SAN_Blankett_260602.x83
19;Wärmedämmung alukaschiert für Bogen DN100;12,0;St;gaeb;Zwingend erforderliche Angebotsdateien/Pfungstadt_LV_HZ+SAN_Blankett_260602.x83
20;Dämmung für Stutzen DN 15;8,0;St;gaeb;Zwingend erforderliche Angebotsdateien/Pfungstadt_LV_HZ+SAN_Blankett_260602.x83
21;Dämmung für Stutzen DN 20;8,0;St;gaeb;Zwingend erforderliche Angebotsdateien/Pfungstadt_LV_HZ+SAN_Blankett_260602.x83
22;Dämmung für Stutzen DN 25;12,0;St;gaeb;Zwingend erforderliche Angebotsdateien/Pfungstadt_LV_HZ+SAN_Blankett_260602.x83
23;Dämmung für Stutzen DN 32;16,0;St;gaeb;Zwingend erforderliche Angebotsdateien/Pfungstadt_LV_HZ+SAN_Blankett_260602.x83
24;Dämmung für Stutzen DN 40;16,0;St;gaeb;Zwingend erforderliche Angebotsdateien/Pfungstadt_LV_HZ+SAN_Blankett_260602.x83
25;Dämmung für Stutzen DN 50;14,0;St;gaeb;Zwingend erforderliche Angebotsdateien/Pfungstadt_LV_HZ+SAN_Blankett_260602.x83
26;Dämmung für Stutzen DN 65;10,0;St;gaeb;Zwingend erforderliche Angebotsdateien/Pfungstadt_LV_HZ+SAN_Blankett_260602.x83
27;Dämmung für Stutzen DN 80;6,0;St;gaeb;Zwingend erforderliche Angebotsdateien/Pfungstadt_LV_HZ+SAN_Blankett_260602.x83
1;Dämmung für Rohrleitung DN 20 Dämmschichtdicke 22 mm;8,0;m;gaeb;Zwingend erforderliche Angebotsdateien/Pfungstadt_LV_HZ+SAN_Blankett_260602.x83
2;Dämmung für Rohrleitung DN 25 Dämmschichtdicke 33 mm;8,0;m;gaeb;Zwingend erforderliche Angebotsdateien/Pfungstadt_LV_HZ+SAN_Blankett_260602.x83
3;Dämmung für Rohrleitung DN 32 Dämmschichtdicke 40 mm;8,0;m;gaeb;Zwingend erforderliche Angebotsdateien/Pfungstadt_LV_HZ+SAN_Blankett_260602.x83
4;Dämmung für Rohrleitung DN 40 Dämmschichtdicke 50 mm;12,0;m;gaeb;Zwingend erforderliche Angebotsdateien/Pfungstadt_LV_HZ+SAN_Blankett_260602.x83
5;Dämmung für Rohrleitung DN 50 Dämmschichtdicke 61 mm;12,0;m;gaeb;Zwingend erforderliche Angebotsdateien/Pfungstadt_LV_HZ+SAN_Blankett_260602.x83
6;Dämmung für Rohrleitung DN 65 Dämmschichtdicke 70 mm;12,0;m;gaeb;Zwingend erforderliche Angebotsdateien/Pfungstadt_LV_HZ+SAN_Blankett_260602.x83
7;Dämmung für Rohrleitung DN 80 Dämmschichtdicke 100 mm;12,0;m;gaeb;Zwingend erforderliche Angebotsdateien/Pfungstadt_LV_HZ+SAN_Blankett_260602.x83
8;Dämmung für Bögen DN 15;6,0;St;gaeb;Zwingend erforderliche Angebotsdateien/Pfungstadt_LV_HZ+SAN_Blankett_260602.x83
9;Dämmung für Bögen DN 20;6,0;St;gaeb;Zwingend erforderliche Angebotsdateien/Pfungstadt_LV_HZ+SAN_Blankett_260602.x83
10;Dämmung für Bögen DN 25;8,0;St;gaeb;Zwingend erforderliche Angebotsdateien/Pfungstadt_LV_HZ+SAN_Blankett_260602.x83
11;Dämmung für Bögen DN 32;8,0;St;gaeb;Zwingend erforderliche Angebotsdateien/Pfungstadt_LV_HZ+SAN_Blankett_260602.x83
12;Dämmung für Bögen DN 40;6,0;St;gaeb;Zwingend erforderliche Angebotsdateien/Pfungstadt_LV_HZ+SAN_Blankett_260602.x83
13;Dämmung für Bögen DN 50;6,0;St;gaeb;Zwingend erforderliche Angebotsdateien/Pfungstadt_LV_HZ+SAN_Blankett_260602.x83
14;Dämmung für Bögen DN 65;10,0;St;gaeb;Zwingend erforderliche Angebotsdateien/Pfungstadt_LV_HZ+SAN_Blankett_260602.x83
15;Dämmung für Bögen DN 80;10,0;St;gaeb;Zwingend erforderliche Angebotsdateien/Pfungstadt_LV_HZ+SAN_Blankett_260602.x83
1;wie vor beschrieben,;45,0;m;gaeb;Zwingend erforderliche Angebotsdateien/Pfungstadt_LV_HZ+SAN_Blankett_260602.x83
2;wie vor beschrieben,;80,0;m;gaeb;Zwingend erforderliche Angebotsdateien/Pfungstadt_LV_HZ+SAN_Blankett_260602.x83
3;wie vor beschrieben,;60,0;m;gaeb;Zwingend erforderliche Angebotsdateien/Pfungstadt_LV_HZ+SAN_Blankett_260602.x83
4;Dämmung Außenleitung Bögen DN 100;6,0;St;gaeb;Zwingend erforderliche Angebotsdateien/Pfungstadt_LV_HZ+SAN_Blankett_260602.x83
5;Dämmung Außenleitung Bögen DN 80;10,0;St;gaeb;Zwingend erforderliche Angebotsdateien/Pfungstadt_LV_HZ+SAN_Blankett_260602.x83
6;Dämmung Außenleitung Bögen DN 40;10,0;St;gaeb;Zwingend erforderliche Angebotsdateien/Pfungstadt_LV_HZ+SAN_Blankett_260602.x83
1;Fallrohr DN125 zur Dachentwässerung aus Stahl nach DIN EN 1123, mit Steckmuffenverbindung, feuerverzinkt mit zusätzlicher Innenbeschichtung;28,0;m;gaeb;Zwingend erforderliche Angebotsdateien/Pfungstadt_LV_HZ+SAN_Blankett_260602.x83
2;als Doppelbogen mit Verbindungsstück zur Verbindung zwischen Dachablauf und Fallrohr;8,0;St;gaeb;Zwingend erforderliche Angebotsdateien/Pfungstadt_LV_HZ+SAN_Blankett_260602.x83
3;aus Stahlrohr verzinkt;4,0;St;gaeb;Zwingend erforderliche Angebotsdateien/Pfungstadt_LV_HZ+SAN_Blankett_260602.x83
4;Standrohrkappe aus Titanzink, für Abdeckung der Verbindung von Regenstandrohren aus Stahl mit Regenfallrohren aus Stahl, DN 125;4,0;St;gaeb;Zwingend erforderliche Angebotsdateien/Pfungstadt_LV_HZ+SAN_Blankett_260602.x83
5;Standrohrkappe aus Titanzink, für Abdeckung der Verbindung von Regenstandrohren aus Stahl mit Regenfallrohren aus Stahl, DN 125.;4,0;St;gaeb;Zwingend erforderliche Angebotsdateien/Pfungstadt_LV_HZ+SAN_Blankett_260602.x83
6;Fallrohr zur Dachentwässerung aus Stahl nach DIN EN 1123, mit Steckmuffenverbindung, feuerverzinkt mit zusätzlicher Innenbeschichtung;109,0;m;gaeb;Zwingend erforderliche Angebotsdateien/Pfungstadt_LV_HZ+SAN_Blankett_260602.x83
7;als Doppelbogen mit Verbindungsstück zur Verbindung zwischen Dachablauf und Fallrohr;19,0;St;gaeb;Zwingend erforderliche Angebotsdateien/Pfungstadt_LV_HZ+SAN_Blankett_260602.x83
8;aus Stahlrohr verzinkt;19,0;St;gaeb;Zwingend erforderliche Angebotsdateien/Pfungstadt_LV_HZ+SAN_Blankett_260602.x83
9;Standrohrkappe aus Titanzink, für Abdeckung der Verbindung von Regenstandrohren aus Stahl mit Regenfallrohren aus Stahl, DN 100.;19,0;St;gaeb;Zwingend erforderliche Angebotsdateien/Pfungstadt_LV_HZ+SAN_Blankett_260602.x83
1;wie vor beschrieben, liefern und montieren;72,0;m;gaeb;Zwingend erforderliche Angebotsdateien/Pfungstadt_LV_HZ+SAN_Blankett_260602.x83
2;wie vor beschrieben, liefern und montieren;68,0;m;gaeb;Zwingend erforderliche Angebotsdateien/Pfungstadt_LV_HZ+SAN_Blankett_260602.x83
3;wie vor beschrieben, liefern und montieren;18,0;m;gaeb;Zwingend erforderliche Angebotsdateien/Pfungstadt_LV_HZ+SAN_Blankett_260602.x83
4;wie vor beschrieben, liefern und montieren;16,0;m;gaeb;Zwingend erforderliche Angebotsdateien/Pfungstadt_LV_HZ+SAN_Blankett_260602.x83
5;wie vor beschrieben, liefern und montieren;70,0;m;gaeb;Zwingend erforderliche Angebotsdateien/Pfungstadt_LV_HZ+SAN_Blankett_260602.x83
6;wie vor beschrieben, liefern und montieren;24,0;m;gaeb;Zwingend erforderliche Angebotsdateien/Pfungstadt_LV_HZ+SAN_Blankett_260602.x83
7;Verwendungszweck: Zur Gebäudeentwässerung;2,0;St;gaeb;Zwingend erforderliche Angebotsdateien/Pfungstadt_LV_HZ+SAN_Blankett_260602.x83
8;wie vor, jedoch: DA110;4,0;St;gaeb;Zwingend erforderliche Angebotsdateien/Pfungstadt_LV_HZ+SAN_Blankett_260602.x83
9;wie vor, jedoch: DA90;4,0;St;gaeb;Zwingend erforderliche Angebotsdateien/Pfungstadt_LV_HZ+SAN_Blankett_260602.x83
10;wie vor, jedoch: DA75;6,0;St;gaeb;Zwingend erforderliche Angebotsdateien/Pfungstadt_LV_HZ+SAN_Blankett_260602.x83
11;wie vor, jedoch: DA50;10,0;St;gaeb;Zwingend erforderliche Angebotsdateien/Pfungstadt_LV_HZ+SAN_Blankett_260602.x83
12;Verwendungszweck: Zur Gebäudeentwässerung;38,0;St;gaeb;Zwingend erforderliche Angebotsdateien/Pfungstadt_LV_HZ+SAN_Blankett_260602.x83
13;wie vor, jedoch: DA110;78,0;St;gaeb;Zwingend erforderliche Angebotsdateien/Pfungstadt_LV_HZ+SAN_Blankett_260602.x83
14;wie vor, jedoch: DA90;10,0;St;gaeb;Zwingend erforderliche Angebotsdateien/Pfungstadt_LV_HZ+SAN_Blankett_260602.x83
15;wie vor, jedoch: DA75;12,0;St;gaeb;Zwingend erforderliche Angebotsdateien/Pfungstadt_LV_HZ+SAN_Blankett_260602.x83
16;wie vor, jedoch: DA50;158,0;St;gaeb;Zwingend erforderliche Angebotsdateien/Pfungstadt_LV_HZ+SAN_Blankett_260602.x83
17;wie vor, jedoch: DA40;58,0;St;gaeb;Zwingend erforderliche Angebotsdateien/Pfungstadt_LV_HZ+SAN_Blankett_260602.x83
18;mit gleichem oder reduziertem Abgang;2,0;St;gaeb;Zwingend erforderliche Angebotsdateien/Pfungstadt_LV_HZ+SAN_Blankett_260602.x83
19;wie vor, jedoch: DA110;8,0;St;gaeb;Zwingend erforderliche Angebotsdateien/Pfungstadt_LV_HZ+SAN_Blankett_260602.x83
20;wie vor, jedoch: DA75;6,0;St;gaeb;Zwingend erforderliche Angebotsdateien/Pfungstadt_LV_HZ+SAN_Blankett_260602.x83
21;wie vor, jedoch: DA50;4,0;St;gaeb;Zwingend erforderliche Angebotsdateien/Pfungstadt_LV_HZ+SAN_Blankett_260602.x83
22;HDPE Reduktion exzentrisch, lang;10,0;St;gaeb;Zwingend erforderliche Angebotsdateien/Pfungstadt_LV_HZ+SAN_Blankett_260602.x83
23;HDPE Reduktion exzentrisch, lang;10,0;St;gaeb;Zwingend erforderliche Angebotsdateien/Pfungstadt_LV_HZ+SAN_Blankett_260602.x83
24;HDPE Reduktion exzentrisch, lang;12,0;St;gaeb;Zwingend erforderliche Angebotsdateien/Pfungstadt_LV_HZ+SAN_Blankett_260602.x83
25;HDPE Reduktion exzentrisch, lang;10,0;St;gaeb;Zwingend erforderliche Angebotsdateien/Pfungstadt_LV_HZ+SAN_Blankett_260602.x83
26;HDPE Reduktion exzentrisch, lang;4,0;St;gaeb;Zwingend erforderliche Angebotsdateien/Pfungstadt_LV_HZ+SAN_Blankett_260602.x83
27;HDPE Reduktion exzentrisch, lang;1,0;St;gaeb;Zwingend erforderliche Angebotsdateien/Pfungstadt_LV_HZ+SAN_Blankett_260602.x83
28;Heizwendel-Schweißmuffe, für Abwasserleitung, aus PE-Rohr DIN EN 1519-1, heißwasserbeständig.;42,0;St;gaeb;Zwingend erforderliche Angebotsdateien/Pfungstadt_LV_HZ+SAN_Blankett_260602.x83
29;wie vor, jedoch: DN 70;30,0;St;gaeb;Zwingend erforderliche Angebotsdateien/Pfungstadt_LV_HZ+SAN_Blankett_260602.x83
30;wie vor, jedoch: DN 100;22,0;St;gaeb;Zwingend erforderliche Angebotsdateien/Pfungstadt_LV_HZ+SAN_Blankett_260602.x83
31;wie vor, jedoch: DN 125;40,0;St;gaeb;Zwingend erforderliche Angebotsdateien/Pfungstadt_LV_HZ+SAN_Blankett_260602.x83
32;HDPE Steckmuffe DN 50;12,0;St;gaeb;Zwingend erforderliche Angebotsdateien/Pfungstadt_LV_HZ+SAN_Blankett_260602.x83
33;HDPE Steckmuffe DN 70;10,0;St;gaeb;Zwingend erforderliche Angebotsdateien/Pfungstadt_LV_HZ+SAN_Blankett_260602.x83
34;HDPE Steckmuffe DN 100;10,0;St;gaeb;Zwingend erforderliche Angebotsdateien/Pfungstadt_LV_HZ+SAN_Blankett_260602.x83
35;HDPE Steckmuffe DN 125;8,0;St;gaeb;Zwingend erforderliche Angebotsdateien/Pfungstadt_LV_HZ+SAN_Blankett_260602.x83
36;mit ovaler Serviceöffnung d125;4,0;St;gaeb;Zwingend erforderliche Angebotsdateien/Pfungstadt_LV_HZ+SAN_Blankett_260602.x83
37;mit ovaler Serviceöffnung d110;14,0;St;gaeb;Zwingend erforderliche Angebotsdateien/Pfungstadt_LV_HZ+SAN_Blankett_260602.x83
38;mit ovaler Serviceöffnung d50;6,0;St;gaeb;Zwingend erforderliche Angebotsdateien/Pfungstadt_LV_HZ+SAN_Blankett_260602.x83
39;Abwasserkanal;110,0;m;gaeb;Zwingend erforderliche Angebotsdateien/Pfungstadt_LV_HZ+SAN_Blankett_260602.x83
40;Kanalrohr KG2000 - DN125;40,0;m;gaeb;Zwingend erforderliche Angebotsdateien/Pfungstadt_LV_HZ+SAN_Blankett_260602.x83
41;Abwasserkanal;100,0;m;gaeb;Zwingend erforderliche Angebotsdateien/Pfungstadt_LV_HZ+SAN_Blankett_260602.x83
42;Abzweig, Formstück aus PP (Polypropylen) DIN EN 1852-1, homogenes Vollwandrohr, für Abwasserkanal, 45 Grad, DN/OD 125, Nenn-Ringsteifigkeit SN 8 DIN EN ISO 9969.;6,0;St;gaeb;Zwingend erforderliche Angebotsdateien/Pfungstadt_LV_HZ+SAN_Blankett_260602.x83
43;T-Stück DN100/DN100;8,0;St;gaeb;Zwingend erforderliche Angebotsdateien/Pfungstadt_LV_HZ+SAN_Blankett_260602.x83
44;Bogen, Formstück aus PP (Polypropylen) DIN EN 1852-1, homogenes Vollwandrohr, für Abwasserkanal, DN/OD 125, Nenn-Ringsteifigkeit SN 8 DIN EN ISO 9969.;4,0;St;gaeb;Zwingend erforderliche Angebotsdateien/Pfungstadt_LV_HZ+SAN_Blankett_260602.x83
45;Bogen 67-87° DN100;5,0;St;gaeb;Zwingend erforderliche Angebotsdateien/Pfungstadt_LV_HZ+SAN_Blankett_260602.x83
46;Bogen 15-45° DN125;4,0;St;gaeb;Zwingend erforderliche Angebotsdateien/Pfungstadt_LV_HZ+SAN_Blankett_260602.x83
47;Bogen 15-45° DN100;10,0;St;gaeb;Zwingend erforderliche Angebotsdateien/Pfungstadt_LV_HZ+SAN_Blankett_260602.x83
48;Dachhaube Zu- und Abluft;6,0;St;gaeb;Zwingend erforderliche Angebotsdateien/Pfungstadt_LV_HZ+SAN_Blankett_260602.x83
49;wie vor, jedoch DN125.;9,0;St;gaeb;Zwingend erforderliche Angebotsdateien/Pfungstadt_LV_HZ+SAN_Blankett_260602.x83
1;Grundkörper Bodenablauf DN 100 aus Verbundwerkstoff, wie vor beschrieben.;109,0;St;gaeb;Zwingend erforderliche Angebotsdateien/Pfungstadt_LV_HZ+SAN_Blankett_260602.x83
2;Grundkörper Bodenablauf DN 70 aus Verbundwerkstoff, wie vor beschrieben.;22,0;St;gaeb;Zwingend erforderliche Angebotsdateien/Pfungstadt_LV_HZ+SAN_Blankett_260602.x83
3;Verlängerungsstück passend für Bodenabläufe - H = 136 mm;121,0;St;gaeb;Zwingend erforderliche Angebotsdateien/Pfungstadt_LV_HZ+SAN_Blankett_260602.x83
4;Aufsatzstück passend zu den vorbeschriebenen Grundkörpern;121,0;St;gaeb;Zwingend erforderliche Angebotsdateien/Pfungstadt_LV_HZ+SAN_Blankett_260602.x83
5;Schlitzrinne aus Edelstahl für Barfussgang und Beckenumgänge,;1,0;St;gaeb;Zwingend erforderliche Angebotsdateien/Pfungstadt_LV_HZ+SAN_Blankett_260602.x83
6;Schlitzrinne aus Edelstahl für Barfussgang und Beckenumgänge,;2,0;St;gaeb;Zwingend erforderliche Angebotsdateien/Pfungstadt_LV_HZ+SAN_Blankett_260602.x83
7;Schlitzrinne aus Edelstahl für Barfussgang und Beckenumgänge,;2,0;St;gaeb;Zwingend erforderliche Angebotsdateien/Pfungstadt_LV_HZ+SAN_Blankett_260602.x83
8;Schlitzrinne aus Edelstahl für Barfussgang und Beckenumgänge,;1,0;St;gaeb;Zwingend erforderliche Angebotsdateien/Pfungstadt_LV_HZ+SAN_Blankett_260602.x83
9;Schlitzrinne aus Edelstahl für Duschbereich, Gesamtlänge 600 mm, inkl. 1x Ablaufkörper mit Abgang DN100 mm und Lochrost-Abdeckung ca. 190x190 mm (Lochung 8x8 mm).;1,0;St;gaeb;Zwingend erforderliche Angebotsdateien/Pfungstadt_LV_HZ+SAN_Blankett_260602.x83
10;Brandschutzeinsatz für;16,0;St;gaeb;Zwingend erforderliche Angebotsdateien/Pfungstadt_LV_HZ+SAN_Blankett_260602.x83
11;Durchgangsdichtung mit Brandschutzeinlage für Feuerwiderstandsklasse F120, F90, F60 und F30 nach DIN 4102-11, für Kernlochbohrungen.;16,0;St;gaeb;Zwingend erforderliche Angebotsdateien/Pfungstadt_LV_HZ+SAN_Blankett_260602.x83
12;Brandschutzmanschette mit Intumeszenzmasse für Rohrdurchführungen aus Polypropylen (PP) durch brandabschnittsbildende Wände und Decken, Feuerwiderstandsklasse EI 90.;2,0;St;gaeb;Zwingend erforderliche Angebotsdateien/Pfungstadt_LV_HZ+SAN_Blankett_260602.x83
13;wie vor, jedoch DN50.;2,0;St;gaeb;Zwingend erforderliche Angebotsdateien/Pfungstadt_LV_HZ+SAN_Blankett_260602.x83
1;Vertikales Tauchmotorpumpenaggregat für Nassaufstellung,;1,0;St;gaeb;Zwingend erforderliche Angebotsdateien/Pfungstadt_LV_HZ+SAN_Blankett_260602.x83
2;Pumpe nach EN 12050 mit Abgangskrümmer 90°,;1,0;St;gaeb;Zwingend erforderliche Angebotsdateien/Pfungstadt_LV_HZ+SAN_Blankett_260602.x83
3;Schaltkasten für Tauchmotorpumpe;1,0;St;gaeb;Zwingend erforderliche Angebotsdateien/Pfungstadt_LV_HZ+SAN_Blankett_260602.x83
1;Liefern und fachgerechter Einbau einerFettabscheideranlage NS 7 nach;1,0;St;gaeb;Zwingend erforderliche Angebotsdateien/Pfungstadt_LV_HZ+SAN_Blankett_260602.x83
2;Entsorgungsanschluss für erdverbaute Fettabscheider;1,0;St;gaeb;Zwingend erforderliche Angebotsdateien/Pfungstadt_LV_HZ+SAN_Blankett_260602.x83
3;Schachtsystem zur Direktentsorgung Fettabscheider, bestehend aus:;1,0;St;gaeb;Zwingend erforderliche Angebotsdateien/Pfungstadt_LV_HZ+SAN_Blankett_260602.x83
4;Probenahmeschacht LW 400 für Abscheideanlagen zum Einbau ins Erdreich.;1,0;St;gaeb;Zwingend erforderliche Angebotsdateien/Pfungstadt_LV_HZ+SAN_Blankett_260602.x83
5;Pumpstation zur Förderung von fäkalienfreiem Abwasser;1,0;St;gaeb;Zwingend erforderliche Angebotsdateien/Pfungstadt_LV_HZ+SAN_Blankett_260602.x83
6;Modulares Schachtmoduls für die Nass- oder Trockenaufstellung von Abwasserschächten und Pumpanlagen.;1,0;St;gaeb;Zwingend erforderliche Angebotsdateien/Pfungstadt_LV_HZ+SAN_Blankett_260602.x83
7;Verlängerungsstück für Kunststoffschacht LW 400 für den vertieften Erdeinbau.;4,0;St;gaeb;Zwingend erforderliche Angebotsdateien/Pfungstadt_LV_HZ+SAN_Blankett_260602.x83
8;Verlängerungsstück H 630 mm aus Kunststoff passend für Behälter mit 800 mm Öffnung im Dombereich. Geeignet für den Einbau ins Erdreich in Abscheidern, Schächten, Kläranlagen, Pumpenschächten und Regenwasserzisternen.;4,0;St;gaeb;Zwingend erforderliche Angebotsdateien/Pfungstadt_LV_HZ+SAN_Blankett_260602.x83
9;gebäudeseitig bestehend aus Einsparten-Hauseinführung mit Injektionssystem zum Einsatz in allen gängigen Wandarten mit Wandstärke 300 mm.;1,0;St;gaeb;Zwingend erforderliche Angebotsdateien/Pfungstadt_LV_HZ+SAN_Blankett_260602.x83
10;Bestehend aus Hülsrohr/Aufnahmerohr, Inklusive Dichteinsatz DN100 zur Durchführung und Abdichtung von Durchdringungen aller benötigten Kabe;1,0;St;gaeb;Zwingend erforderliche Angebotsdateien/Pfungstadt_LV_HZ+SAN_Blankett_260602.x83
11;Dichtheitsprüfungen für Rohrleitungen, Senkkästen, Einläufe,;1,0;St;gaeb;Zwingend erforderliche Angebotsdateien/Pfungstadt_LV_HZ+SAN_Blankett_260602.x83
12;Inbetriebnahme und Einweisung;1,0;St;gaeb;Zwingend erforderliche Angebotsdateien/Pfungstadt_LV_HZ+SAN_Blankett_260602.x83
1;wie vor beschrieben.;16,0;m;gaeb;Zwingend erforderliche Angebotsdateien/Pfungstadt_LV_HZ+SAN_Blankett_260602.x83
2;wie vor beschrieben.;15,0;m;gaeb;Zwingend erforderliche Angebotsdateien/Pfungstadt_LV_HZ+SAN_Blankett_260602.x83
3;wie vor beschrieben.;65,0;m;gaeb;Zwingend erforderliche Angebotsdateien/Pfungstadt_LV_HZ+SAN_Blankett_260602.x83
4;wie vor beschrieben.;32,0;m;gaeb;Zwingend erforderliche Angebotsdateien/Pfungstadt_LV_HZ+SAN_Blankett_260602.x83
5;wie vor beschrieben.;56,0;m;gaeb;Zwingend erforderliche Angebotsdateien/Pfungstadt_LV_HZ+SAN_Blankett_260602.x83
6;wie vor beschrieben.;118,0;m;gaeb;Zwingend erforderliche Angebotsdateien/Pfungstadt_LV_HZ+SAN_Blankett_260602.x83
7;wie vor beschrieben.;120,0;m;gaeb;Zwingend erforderliche Angebotsdateien/Pfungstadt_LV_HZ+SAN_Blankett_260602.x83
8;wie vor beschrieben.;240,0;m;gaeb;Zwingend erforderliche Angebotsdateien/Pfungstadt_LV_HZ+SAN_Blankett_260602.x83
9;wie vor beschrieben.;810,0;m;gaeb;Zwingend erforderliche Angebotsdateien/Pfungstadt_LV_HZ+SAN_Blankett_260602.x83
10;wie vor beschrieben.;90,0;m;gaeb;Zwingend erforderliche Angebotsdateien/Pfungstadt_LV_HZ+SAN_Blankett_260602.x83
11;Anschlusswinkel D=15mm Rp1/2;12,0;St;gaeb;Zwingend erforderliche Angebotsdateien/Pfungstadt_LV_HZ+SAN_Blankett_260602.x83
12;Liefern und montieren;6,0;St;gaeb;Zwingend erforderliche Angebotsdateien/Pfungstadt_LV_HZ+SAN_Blankett_260602.x83
13;Liefern und montieren;12,0;St;gaeb;Zwingend erforderliche Angebotsdateien/Pfungstadt_LV_HZ+SAN_Blankett_260602.x83
14;Liefern und montieren;12,0;St;gaeb;Zwingend erforderliche Angebotsdateien/Pfungstadt_LV_HZ+SAN_Blankett_260602.x83
15;Liefern und montieren;16,0;St;gaeb;Zwingend erforderliche Angebotsdateien/Pfungstadt_LV_HZ+SAN_Blankett_260602.x83
16;Liefern und montieren;118,0;St;gaeb;Zwingend erforderliche Angebotsdateien/Pfungstadt_LV_HZ+SAN_Blankett_260602.x83
17;Liefern und montieren;70,0;St;gaeb;Zwingend erforderliche Angebotsdateien/Pfungstadt_LV_HZ+SAN_Blankett_260602.x83
18;Liefern und montieren;120,0;St;gaeb;Zwingend erforderliche Angebotsdateien/Pfungstadt_LV_HZ+SAN_Blankett_260602.x83
19;Liefern und montieren;650,0;St;gaeb;Zwingend erforderliche Angebotsdateien/Pfungstadt_LV_HZ+SAN_Blankett_260602.x83
20;Liefern und montieren;56,0;St;gaeb;Zwingend erforderliche Angebotsdateien/Pfungstadt_LV_HZ+SAN_Blankett_260602.x83
21;Liefern und montieren;8,0;St;gaeb;Zwingend erforderliche Angebotsdateien/Pfungstadt_LV_HZ+SAN_Blankett_260602.x83
22;T - Stück egal D=35mm;8,0;St;gaeb;Zwingend erforderliche Angebotsdateien/Pfungstadt_LV_HZ+SAN_Blankett_260602.x83
23;T - Stück egal D=28mm;12,0;St;gaeb;Zwingend erforderliche Angebotsdateien/Pfungstadt_LV_HZ+SAN_Blankett_260602.x83
24;T - Stück egal D=22mm;10,0;St;gaeb;Zwingend erforderliche Angebotsdateien/Pfungstadt_LV_HZ+SAN_Blankett_260602.x83
25;T - Stück egal D=18mm;90,0;St;gaeb;Zwingend erforderliche Angebotsdateien/Pfungstadt_LV_HZ+SAN_Blankett_260602.x83
26;T - Stück egal D=15mm;10,0;St;gaeb;Zwingend erforderliche Angebotsdateien/Pfungstadt_LV_HZ+SAN_Blankett_260602.x83
27;reduziert in allen erforderlichen Dimensionen;2,0;St;gaeb;Zwingend erforderliche Angebotsdateien/Pfungstadt_LV_HZ+SAN_Blankett_260602.x83
28;reduziert in allen erforderlichen Dimensionen;2,0;St;gaeb;Zwingend erforderliche Angebotsdateien/Pfungstadt_LV_HZ+SAN_Blankett_260602.x83
29;reduziert in allen erforderlichen Dimensionen;8,0;St;gaeb;Zwingend erforderliche Angebotsdateien/Pfungstadt_LV_HZ+SAN_Blankett_260602.x83
30;reduziert in allen erforderlichen Dimensionen;6,0;St;gaeb;Zwingend erforderliche Angebotsdateien/Pfungstadt_LV_HZ+SAN_Blankett_260602.x83
31;reduziert in allen erforderlichen Dimensionen;10,0;St;gaeb;Zwingend erforderliche Angebotsdateien/Pfungstadt_LV_HZ+SAN_Blankett_260602.x83
32;reduziert in allen erforderlichen Dimensionen;26,0;St;gaeb;Zwingend erforderliche Angebotsdateien/Pfungstadt_LV_HZ+SAN_Blankett_260602.x83
33;reduziert in allen erforderlichen Dimensionen;22,0;St;gaeb;Zwingend erforderliche Angebotsdateien/Pfungstadt_LV_HZ+SAN_Blankett_260602.x83
34;reduziert in allen erforderlichen Dimensionen;40,0;St;gaeb;Zwingend erforderliche Angebotsdateien/Pfungstadt_LV_HZ+SAN_Blankett_260602.x83
35;reduziert in allen erforderlichen Dimensionen;20,0;St;gaeb;Zwingend erforderliche Angebotsdateien/Pfungstadt_LV_HZ+SAN_Blankett_260602.x83
36;reduziert in allen erforderlichen Dimensionen;1,0;St;gaeb;Zwingend erforderliche Angebotsdateien/Pfungstadt_LV_HZ+SAN_Blankett_260602.x83
37;reduziert in allen erforderlichen Dimensionen;4,0;St;gaeb;Zwingend erforderliche Angebotsdateien/Pfungstadt_LV_HZ+SAN_Blankett_260602.x83
38;reduziert in allen erforderlichen Dimensionen;6,0;St;gaeb;Zwingend erforderliche Angebotsdateien/Pfungstadt_LV_HZ+SAN_Blankett_260602.x83
39;reduziert in allen erforderlichen Dimensionen;8,0;St;gaeb;Zwingend erforderliche Angebotsdateien/Pfungstadt_LV_HZ+SAN_Blankett_260602.x83
40;reduziert in allen erforderlichen Dimensionen;12,0;St;gaeb;Zwingend erforderliche Angebotsdateien/Pfungstadt_LV_HZ+SAN_Blankett_260602.x83
41;reduziert in allen erforderlichen Dimensionen;16,0;St;gaeb;Zwingend erforderliche Angebotsdateien/Pfungstadt_LV_HZ+SAN_Blankett_260602.x83
42;reduziert in allen erforderlichen Dimensionen;14,0;St;gaeb;Zwingend erforderliche Angebotsdateien/Pfungstadt_LV_HZ+SAN_Blankett_260602.x83
43;reduziert in allen erforderlichen Dimensionen;36,0;St;gaeb;Zwingend erforderliche Angebotsdateien/Pfungstadt_LV_HZ+SAN_Blankett_260602.x83
44;reduziert in allen erforderlichen Dimensionen;12,0;St;gaeb;Zwingend erforderliche Angebotsdateien/Pfungstadt_LV_HZ+SAN_Blankett_260602.x83
45;Uebergangs-T-Stueck Alpex;12,0;St;gaeb;Zwingend erforderliche Angebotsdateien/Pfungstadt_LV_HZ+SAN_Blankett_260602.x83
46;"Übergang 20mm x 1/2"" AG";16,0;St;gaeb;Zwingend erforderliche Angebotsdateien/Pfungstadt_LV_HZ+SAN_Blankett_260602.x83
47;"Übergang 16mm x 1/2"" IG";20,0;St;gaeb;Zwingend erforderliche Angebotsdateien/Pfungstadt_LV_HZ+SAN_Blankett_260602.x83
48;Wandwinkel kurz 90 Grad;10,0;St;gaeb;Zwingend erforderliche Angebotsdateien/Pfungstadt_LV_HZ+SAN_Blankett_260602.x83
49;Wandwinkel kurz 90 Grad;38,0;St;gaeb;Zwingend erforderliche Angebotsdateien/Pfungstadt_LV_HZ+SAN_Blankett_260602.x83
50;"Übergang 26mm x   1"" AG";8,0;St;gaeb;Zwingend erforderliche Angebotsdateien/Pfungstadt_LV_HZ+SAN_Blankett_260602.x83
51;"Uebergang 40mm x 1 1/2"" AG";6,0;St;gaeb;Zwingend erforderliche Angebotsdateien/Pfungstadt_LV_HZ+SAN_Blankett_260602.x83
52;Pressverschraubung für Edelstahlrohr flachdichtend;40,0;St;gaeb;Zwingend erforderliche Angebotsdateien/Pfungstadt_LV_HZ+SAN_Blankett_260602.x83
53;Pressverschraubung für Edelstahlrohr flachdichtend;25,0;St;gaeb;Zwingend erforderliche Angebotsdateien/Pfungstadt_LV_HZ+SAN_Blankett_260602.x83
54;Pressverschraubung für Edelstahlrohr flachdichtend;8,0;St;gaeb;Zwingend erforderliche Angebotsdateien/Pfungstadt_LV_HZ+SAN_Blankett_260602.x83
55;Pressverschraubung für Edelstahlrohr flachdichtend;4,0;St;gaeb;Zwingend erforderliche Angebotsdateien/Pfungstadt_LV_HZ+SAN_Blankett_260602.x83
56;Druckrohr DA40, PE-HD, SDR17;40,0;m;gaeb;Zwingend erforderliche Angebotsdateien/Pfungstadt_LV_HZ+SAN_Blankett_260602.x83
57;Rohr PE 100 SDR 17, Farbe schwarz;290,0;m;gaeb;Zwingend erforderliche Angebotsdateien/Pfungstadt_LV_HZ+SAN_Blankett_260602.x83
58;Rohr PE 100 SDR 11, Farbe schwarz;40,0;m;gaeb;Zwingend erforderliche Angebotsdateien/Pfungstadt_LV_HZ+SAN_Blankett_260602.x83
59;Rohr PE 100 SDR 11, Farbe schwarz;120,0;m;gaeb;Zwingend erforderliche Angebotsdateien/Pfungstadt_LV_HZ+SAN_Blankett_260602.x83
60;Bogen aus PE zum Heizelementstumpfschweißen, 90 Grad, r = d;42,0;St;gaeb;Zwingend erforderliche Angebotsdateien/Pfungstadt_LV_HZ+SAN_Blankett_260602.x83
61;Bogen 90° PE-HD DA32;18,0;St;gaeb;Zwingend erforderliche Angebotsdateien/Pfungstadt_LV_HZ+SAN_Blankett_260602.x83
62;Bogen 90° PE-HD DA25;20,0;St;gaeb;Zwingend erforderliche Angebotsdateien/Pfungstadt_LV_HZ+SAN_Blankett_260602.x83
63;Bogen 90° PE-HD DA20;22,0;St;gaeb;Zwingend erforderliche Angebotsdateien/Pfungstadt_LV_HZ+SAN_Blankett_260602.x83
64;Bogen aus PE zum Heizelementstumpfschweißen, 45 Grad, r = d;30,0;St;gaeb;Zwingend erforderliche Angebotsdateien/Pfungstadt_LV_HZ+SAN_Blankett_260602.x83
65;Bogen 45° PE-HD DA32;14,0;St;gaeb;Zwingend erforderliche Angebotsdateien/Pfungstadt_LV_HZ+SAN_Blankett_260602.x83
66;Bogen 45° PE-HD DA25;16,0;St;gaeb;Zwingend erforderliche Angebotsdateien/Pfungstadt_LV_HZ+SAN_Blankett_260602.x83
67;Bogen 45° PE-HD DA20;12,0;St;gaeb;Zwingend erforderliche Angebotsdateien/Pfungstadt_LV_HZ+SAN_Blankett_260602.x83
68;T-Stück reduziert PE-HD DA40;4,0;St;gaeb;Zwingend erforderliche Angebotsdateien/Pfungstadt_LV_HZ+SAN_Blankett_260602.x83
69;T-Stück reduziert PE-HD DA32;10,0;St;gaeb;Zwingend erforderliche Angebotsdateien/Pfungstadt_LV_HZ+SAN_Blankett_260602.x83
70;T-Stück reduziert PE-HD DA25;6,0;St;gaeb;Zwingend erforderliche Angebotsdateien/Pfungstadt_LV_HZ+SAN_Blankett_260602.x83
71;T-Stück reduziert PE-HD DA20;4,0;St;gaeb;Zwingend erforderliche Angebotsdateien/Pfungstadt_LV_HZ+SAN_Blankett_260602.x83
72;Plasson-Winkel 90°, 40 mm;10,0;St;gaeb;Zwingend erforderliche Angebotsdateien/Pfungstadt_LV_HZ+SAN_Blankett_260602.x83
73;Plasson-Winkel 90°, 32 mm;28,0;St;gaeb;Zwingend erforderliche Angebotsdateien/Pfungstadt_LV_HZ+SAN_Blankett_260602.x83
74;Plasson-Winkel 90°, 25 mm;20,0;St;gaeb;Zwingend erforderliche Angebotsdateien/Pfungstadt_LV_HZ+SAN_Blankett_260602.x83
75;Plasson-Winkel 90°, 20 mm;16,0;St;gaeb;Zwingend erforderliche Angebotsdateien/Pfungstadt_LV_HZ+SAN_Blankett_260602.x83
76;Plasson-T-Stück 40 mm;4,0;St;gaeb;Zwingend erforderliche Angebotsdateien/Pfungstadt_LV_HZ+SAN_Blankett_260602.x83
77;Plasson-T-Stück 32 mm;6,0;St;gaeb;Zwingend erforderliche Angebotsdateien/Pfungstadt_LV_HZ+SAN_Blankett_260602.x83
78;Plasson-T-Stück 25 mm;6,0;St;gaeb;Zwingend erforderliche Angebotsdateien/Pfungstadt_LV_HZ+SAN_Blankett_260602.x83
79;Plasson-T-Stück 20 mm;2,0;St;gaeb;Zwingend erforderliche Angebotsdateien/Pfungstadt_LV_HZ+SAN_Blankett_260602.x83
1;Brandschutzmanschette DN 80, bauaufsichtlich zugelassen,;4,0;St;gaeb;Zwingend erforderliche Angebotsdateien/Pfungstadt_LV_HZ+SAN_Blankett_260602.x83
2;Brandschutzmanschette DN 60, bauaufsichtlich zugelassen,;8,0;St;gaeb;Zwingend erforderliche Angebotsdateien/Pfungstadt_LV_HZ+SAN_Blankett_260602.x83
3;Brandschutzmanschette DN 50, bauaufsichtlich zugelassen,;8,0;St;gaeb;Zwingend erforderliche Angebotsdateien/Pfungstadt_LV_HZ+SAN_Blankett_260602.x83
4;Brandschutzmanschette DN 40;10,0;St;gaeb;Zwingend erforderliche Angebotsdateien/Pfungstadt_LV_HZ+SAN_Blankett_260602.x83
5;Brandschutzmanschette DN 32;12,0;St;gaeb;Zwingend erforderliche Angebotsdateien/Pfungstadt_LV_HZ+SAN_Blankett_260602.x83
6;Brandschutzmanschette DN 25;10,0;St;gaeb;Zwingend erforderliche Angebotsdateien/Pfungstadt_LV_HZ+SAN_Blankett_260602.x83
7;Brandschutzmanschette DN 20;10,0;St;gaeb;Zwingend erforderliche Angebotsdateien/Pfungstadt_LV_HZ+SAN_Blankett_260602.x83
8;Brandschutzmanschette DN 15;8,0;St;gaeb;Zwingend erforderliche Angebotsdateien/Pfungstadt_LV_HZ+SAN_Blankett_260602.x83
9;Brandschutzmanschette DN 12;8,0;St;gaeb;Zwingend erforderliche Angebotsdateien/Pfungstadt_LV_HZ+SAN_Blankett_260602.x83
10;Tumeszierender Brandschutzstreifen, Breite 155 mm;20,0;m;gaeb;Zwingend erforderliche Angebotsdateien/Pfungstadt_LV_HZ+SAN_Blankett_260602.x83
1;Freistromventil Standard DN 15;10,0;St;gaeb;Zwingend erforderliche Angebotsdateien/Pfungstadt_LV_HZ+SAN_Blankett_260602.x83
2;Freistromventil Standard DN 20;10,0;St;gaeb;Zwingend erforderliche Angebotsdateien/Pfungstadt_LV_HZ+SAN_Blankett_260602.x83
3;Freistromventil Standard DN 25;8,0;St;gaeb;Zwingend erforderliche Angebotsdateien/Pfungstadt_LV_HZ+SAN_Blankett_260602.x83
4;Freistromventil Standard DN 32;8,0;St;gaeb;Zwingend erforderliche Angebotsdateien/Pfungstadt_LV_HZ+SAN_Blankett_260602.x83
5;Freistromventil Standard DN 40;4,0;St;gaeb;Zwingend erforderliche Angebotsdateien/Pfungstadt_LV_HZ+SAN_Blankett_260602.x83
6;automatisches Feinregulierventil für den hydraulischen Abgleich von Stockwerksverteilungsleitungen ab kv-min 0,05, zum thermischen selbstregelnden, hydraulischen Abgleich, mit automatischer Regelbereichsumstellung für die thermische Desinfektion, mediumberührte Metallteile aus entzinkungsfreiem und ;6,0;St;gaeb;Zwingend erforderliche Angebotsdateien/Pfungstadt_LV_HZ+SAN_Blankett_260602.x83
7;Kombi Rückflussverhinderer RG, DN 15;4,0;St;gaeb;Zwingend erforderliche Angebotsdateien/Pfungstadt_LV_HZ+SAN_Blankett_260602.x83
8;Kombi Rückflussverhinderer RG, DN 20;4,0;St;gaeb;Zwingend erforderliche Angebotsdateien/Pfungstadt_LV_HZ+SAN_Blankett_260602.x83
9;Kombi Rückflussverhinderer RG, DN 32;6,0;St;gaeb;Zwingend erforderliche Angebotsdateien/Pfungstadt_LV_HZ+SAN_Blankett_260602.x83
10;Kombi Rückflussverhinderer RG, DN 40;2,0;St;gaeb;Zwingend erforderliche Angebotsdateien/Pfungstadt_LV_HZ+SAN_Blankett_260602.x83
11;manuelles Zirkulations-Regulierventil,Entleerstopfen, AG, zum hydraulischen, fixen Strangabgleich, mediumberührte Metallteile aus entzinkungsfreiem und korrosionsbeständigem Rotguss,;5,0;St;gaeb;Zwingend erforderliche Angebotsdateien/Pfungstadt_LV_HZ+SAN_Blankett_260602.x83
12;"Sicherheitsventil Messing 3/4""";5,0;St;gaeb;Zwingend erforderliche Angebotsdateien/Pfungstadt_LV_HZ+SAN_Blankett_260602.x83
13;mechanisch wirkender, manueller Rückspülfiter, Innenteile aus Rotguss, Edelstahl und Kunststoff, automatische differenzdruckgesteuerter Anzeige bei Verschmutzung des Filters, lichtundurchlässige Filtertasse zum Schutz vor Veralgung, mit Anschlussflansch und hochwertiger Bedieneinheit aus Rotguss für;1,0;St;gaeb;Zwingend erforderliche Angebotsdateien/Pfungstadt_LV_HZ+SAN_Blankett_260602.x83
14;zur Absicherung von Trinkwasser gegen Nichttrinkwasser bis;2,0;St;gaeb;Zwingend erforderliche Angebotsdateien/Pfungstadt_LV_HZ+SAN_Blankett_260602.x83
15;Flügelradzähler DN40;2,0;St;gaeb;Zwingend erforderliche Angebotsdateien/Pfungstadt_LV_HZ+SAN_Blankett_260602.x83
16;Modul für GLT-Schnittstelle;1,0;St;gaeb;Zwingend erforderliche Angebotsdateien/Pfungstadt_LV_HZ+SAN_Blankett_260602.x83
17;Membran-Sicherheitsventil;4,0;St;gaeb;Zwingend erforderliche Angebotsdateien/Pfungstadt_LV_HZ+SAN_Blankett_260602.x83
18;Rotguss- Absperrventil DN50;2,0;St;gaeb;Zwingend erforderliche Angebotsdateien/Pfungstadt_LV_HZ+SAN_Blankett_260602.x83
19;Rotguss-Absperrventil, DN 40;2,0;St;gaeb;Zwingend erforderliche Angebotsdateien/Pfungstadt_LV_HZ+SAN_Blankett_260602.x83
20;Rotguss-Absperrventil, DN 32;2,0;St;gaeb;Zwingend erforderliche Angebotsdateien/Pfungstadt_LV_HZ+SAN_Blankett_260602.x83
21;Rotguss-Absperrventil, DN 25;6,0;St;gaeb;Zwingend erforderliche Angebotsdateien/Pfungstadt_LV_HZ+SAN_Blankett_260602.x83
22;Rotguss-Absperrventil, DN 20;6,0;St;gaeb;Zwingend erforderliche Angebotsdateien/Pfungstadt_LV_HZ+SAN_Blankett_260602.x83
23;Rotguss-Absperrventil, DN 15;4,0;St;gaeb;Zwingend erforderliche Angebotsdateien/Pfungstadt_LV_HZ+SAN_Blankett_260602.x83
24;Rotguss Entleerventil DN8 / G1/4;12,0;St;gaeb;Zwingend erforderliche Angebotsdateien/Pfungstadt_LV_HZ+SAN_Blankett_260602.x83
25;Rotguss Verlängerung 35mm für Entleerventil DN8 / G1/4;12,0;St;gaeb;Zwingend erforderliche Angebotsdateien/Pfungstadt_LV_HZ+SAN_Blankett_260602.x83
1;Unterputzventil DN 20;12,0;St;gaeb;Zwingend erforderliche Angebotsdateien/Pfungstadt_LV_HZ+SAN_Blankett_260602.x83
2;Frostsichere Außenarmatur DN15;2,0;St;gaeb;Zwingend erforderliche Angebotsdateien/Pfungstadt_LV_HZ+SAN_Blankett_260602.x83
3;in waagerechtem Einbau, Naßläufer für Kaltwasser bis;4,0;St;gaeb;Zwingend erforderliche Angebotsdateien/Pfungstadt_LV_HZ+SAN_Blankett_260602.x83
1;mit Wandeinbauspülkasten. Selbsttragende, pulverbeschichtete Stahlrahmenkonstruktion, TÜV geprüft, zur Einzelmontage für Trockenverkleidung. Wandeinbauspülkasten schwitzwasserisoliert, mit 2-Mengenspülung (7,5-4,5 l oder 4-2 l) oder Start /Stopp-Spülung, Übertragung der Auslösefunktion über flexible;22,0;St;gaeb;Zwingend erforderliche Angebotsdateien/Pfungstadt_LV_HZ+SAN_Blankett_260602.x83
2;wie vor, jedoch Erweiterung als barrierefreie Ausführung;3,0;St;gaeb;Zwingend erforderliche Angebotsdateien/Pfungstadt_LV_HZ+SAN_Blankett_260602.x83
3;mit vormontiertem Armaturen-Rohbauset für Wandeinbau Urinalspülarmaturen.;7,0;St;gaeb;Zwingend erforderliche Angebotsdateien/Pfungstadt_LV_HZ+SAN_Blankett_260602.x83
4;wie vor, jedoch WT-Vorwandelement mit Tragkonstruktion und;13,0;St;gaeb;Zwingend erforderliche Angebotsdateien/Pfungstadt_LV_HZ+SAN_Blankett_260602.x83
1;Einzelwaschtisch aus kunstharzgebundenem Mineralwerkstoff;18,0;St;gaeb;Zwingend erforderliche Angebotsdateien/Pfungstadt_LV_HZ+SAN_Blankett_260602.x83
2;Einbauwaschbecken, Beckeninnenform rechteckig, aus Mineralwerkstoff, mit Armaturenbank.;6,0;St;gaeb;Zwingend erforderliche Angebotsdateien/Pfungstadt_LV_HZ+SAN_Blankett_260602.x83
3;Haubenablaufventil, Schaftventil Edelstahl/Kunststoff, Haube verchromt, mit Siebplatte,;24,0;St;gaeb;Zwingend erforderliche Angebotsdateien/Pfungstadt_LV_HZ+SAN_Blankett_260602.x83
4;Röhrengeruchverschluß aus Messing verchromt,;24,0;St;gaeb;Zwingend erforderliche Angebotsdateien/Pfungstadt_LV_HZ+SAN_Blankett_260602.x83
5;Schallschutz: Armaturengruppe I nach DIN 52218;16,0;St;gaeb;Zwingend erforderliche Angebotsdateien/Pfungstadt_LV_HZ+SAN_Blankett_260602.x83
6;"zum kalt- und warmwasserseitigen Anschluss von Einlocharmaturen und zusätzlicher Geräteanschluss 1/2""; bestehend aus:";12,0;St;gaeb;Zwingend erforderliche Angebotsdateien/Pfungstadt_LV_HZ+SAN_Blankett_260602.x83
7;Zum Anschluss an vorgemischtes Warmwasser oder Kaltwasser mittels Schlauch und Sieb.;18,0;St;gaeb;Zwingend erforderliche Angebotsdateien/Pfungstadt_LV_HZ+SAN_Blankett_260602.x83
8;Zum Anschluss an Warm- und Kaltwasser mittels Schlauch und Sieb.;4,0;St;gaeb;Zwingend erforderliche Angebotsdateien/Pfungstadt_LV_HZ+SAN_Blankett_260602.x83
9;Elektronikmodul und Elektro-T-Verteiler zur Einbindung in das vom Bieter gewählte Wassermanagementsystem.;1,0;St;gaeb;Zwingend erforderliche Angebotsdateien/Pfungstadt_LV_HZ+SAN_Blankett_260602.x83
10;Durchlauferhitzer Festanschluss für Handwaschbecken.;1,0;St;gaeb;Zwingend erforderliche Angebotsdateien/Pfungstadt_LV_HZ+SAN_Blankett_260602.x83
1;Wand-WC Tiefspüler teilgeschlossene Form, Rimfree;20,0;St;gaeb;Zwingend erforderliche Angebotsdateien/Pfungstadt_LV_HZ+SAN_Blankett_260602.x83
2;aus Sanitärkeramik wandhängend, für 6 und 4,5 Liter Spülwasser nach EN 997, mit Prüfzeugnis.;2,0;St;gaeb;Zwingend erforderliche Angebotsdateien/Pfungstadt_LV_HZ+SAN_Blankett_260602.x83
3;Schallschutz-Set für Wand-WC;22,0;St;gaeb;Zwingend erforderliche Angebotsdateien/Pfungstadt_LV_HZ+SAN_Blankett_260602.x83
4;aus hochwertigem Kunststoff mit Deckel über den Sitz greifend.;22,0;St;gaeb;Zwingend erforderliche Angebotsdateien/Pfungstadt_LV_HZ+SAN_Blankett_260602.x83
5;für Druckbetätigung aus Zinkdruckguss, für;22,0;St;gaeb;Zwingend erforderliche Angebotsdateien/Pfungstadt_LV_HZ+SAN_Blankett_260602.x83
6;WC-Papierrollenhalter Compact;20,0;St;gaeb;Zwingend erforderliche Angebotsdateien/Pfungstadt_LV_HZ+SAN_Blankett_260602.x83
7;WC-Bürstengarnitur Millinox;20,0;St;gaeb;Zwingend erforderliche Angebotsdateien/Pfungstadt_LV_HZ+SAN_Blankett_260602.x83
8;aus Sanitärporzellan, für Wandinstallation, mit;9,0;St;gaeb;Zwingend erforderliche Angebotsdateien/Pfungstadt_LV_HZ+SAN_Blankett_260602.x83
9;Elektronische;9,0;St;gaeb;Zwingend erforderliche Angebotsdateien/Pfungstadt_LV_HZ+SAN_Blankett_260602.x83
10;Material: Metall, verchromt;24,0;St;gaeb;Zwingend erforderliche Angebotsdateien/Pfungstadt_LV_HZ+SAN_Blankett_260602.x83
11;Glasrückenspiegel 600x600mm zum Einkleben;8,0;St;gaeb;Zwingend erforderliche Angebotsdateien/Pfungstadt_LV_HZ+SAN_Blankett_260602.x83
12;Glasrückenspiegel 600x900mm zum Einkleben;8,0;St;gaeb;Zwingend erforderliche Angebotsdateien/Pfungstadt_LV_HZ+SAN_Blankett_260602.x83
13;Seifenspender aus Edelstahl, nachfüllbar, Wandmontage;4,0;St;gaeb;Zwingend erforderliche Angebotsdateien/Pfungstadt_LV_HZ+SAN_Blankett_260602.x83
14;Material: Edelstahl, matt gebürstet oder poliert, korrosionsbeständig und hygienisch glatt;2,0;St;gaeb;Zwingend erforderliche Angebotsdateien/Pfungstadt_LV_HZ+SAN_Blankett_260602.x83
15;Seifenschale aus Edelstahl zur Wandmontage;12,0;St;gaeb;Zwingend erforderliche Angebotsdateien/Pfungstadt_LV_HZ+SAN_Blankett_260602.x83
16;Kleiderdoppelhaken Chronos Franke;6,0;St;gaeb;Zwingend erforderliche Angebotsdateien/Pfungstadt_LV_HZ+SAN_Blankett_260602.x83
1;Technische Beschreibung;43,0;St;gaeb;Zwingend erforderliche Angebotsdateien/Pfungstadt_LV_HZ+SAN_Blankett_260602.x83
2;Ausführung wie vor, jedoch mit:;2,0;St;gaeb;Zwingend erforderliche Angebotsdateien/Pfungstadt_LV_HZ+SAN_Blankett_260602.x83
3;Rohbauset UP-Dusche;45,0;St;gaeb;Zwingend erforderliche Angebotsdateien/Pfungstadt_LV_HZ+SAN_Blankett_260602.x83
4;Bypass-Magnetventilkartusche mit wasserdichtem Stecker und Sieb als Nachrüst-/Ersatzteilset für Thermostatbatterien mit Funktionsblock, zur Durchführung thermischer Desinfektionen.;45,0;St;gaeb;Zwingend erforderliche Angebotsdateien/Pfungstadt_LV_HZ+SAN_Blankett_260602.x83
5;Elektronikmodul, 24 VDC, zur Ansteuerung, Überwachung und Signalverarbeitung in einer Trinkwasser-Steuerungseinheit.;45,0;St;gaeb;Zwingend erforderliche Angebotsdateien/Pfungstadt_LV_HZ+SAN_Blankett_260602.x83
6;für den Einsatz zur Erfassung von Temperaturen mit PT1000 Messelement. Für die Kaltwasserleitung (TW / blau), zur überwachten Temperatur an der Entnahmearmatur, und automatisch ausgelöster Hygienespülung.;45,0;St;gaeb;Zwingend erforderliche Angebotsdateien/Pfungstadt_LV_HZ+SAN_Blankett_260602.x83
1;aus schlagfestem, temperatur- und witterungsbeständigem;5,0;St;gaeb;Zwingend erforderliche Angebotsdateien/Pfungstadt_LV_HZ+SAN_Blankett_260602.x83
2;passend zu v.g. Ausgussbecken;5,0;St;gaeb;Zwingend erforderliche Angebotsdateien/Pfungstadt_LV_HZ+SAN_Blankett_260602.x83
3;verchromt, für Ausgussbecken, schwenkbarer Rohrauslauf,;5,0;St;gaeb;Zwingend erforderliche Angebotsdateien/Pfungstadt_LV_HZ+SAN_Blankett_260602.x83
1;Einzelwaschtisch barrierefrei aus kunstharzgebundenem Mineralwerkstoff. Farbton Alpinweiß. Unterfahrbar, mit integriertem Griffrand. Mit nahtlos eingeformter Mulde ohne Überlauf.;3,0;St;gaeb;Zwingend erforderliche Angebotsdateien/Pfungstadt_LV_HZ+SAN_Blankett_260602.x83
2;Zum Anschluss an Warm- und Kaltwasser mittels Schlauch und Sieb.;3,0;St;gaeb;Zwingend erforderliche Angebotsdateien/Pfungstadt_LV_HZ+SAN_Blankett_260602.x83
3;für Behinderten-Waschtisch, aus Messing, verchromt,;3,0;St;gaeb;Zwingend erforderliche Angebotsdateien/Pfungstadt_LV_HZ+SAN_Blankett_260602.x83
4;in Behindertenausführung, Sitzhöhe 50 cm, aus;3,0;St;gaeb;Zwingend erforderliche Angebotsdateien/Pfungstadt_LV_HZ+SAN_Blankett_260602.x83
5;Schallschutzset;3,0;St;gaeb;Zwingend erforderliche Angebotsdateien/Pfungstadt_LV_HZ+SAN_Blankett_260602.x83
6;aus Kunststoff, Hohlprofil, mit Befestigungselementen,;3,0;St;gaeb;Zwingend erforderliche Angebotsdateien/Pfungstadt_LV_HZ+SAN_Blankett_260602.x83
7;aus Stangensystem, korrosionsgeschütztem;3,0;St;gaeb;Zwingend erforderliche Angebotsdateien/Pfungstadt_LV_HZ+SAN_Blankett_260602.x83
8;wie vor jedoch mit Papierhalter;3,0;St;gaeb;Zwingend erforderliche Angebotsdateien/Pfungstadt_LV_HZ+SAN_Blankett_260602.x83
9;aus Stangensystem aus Edelstahl, matt gebürstet, rechts/links verwendbar, mit Brausehalter,mit konischem Adapter für Handbrausen der verschiedenen Fabrikate, Befestigung mit Rosetten,;2,0;St;gaeb;Zwingend erforderliche Angebotsdateien/Pfungstadt_LV_HZ+SAN_Blankett_260602.x83
10;Gestell aus Stangensystem, zum Einhängen in;2,0;St;gaeb;Zwingend erforderliche Angebotsdateien/Pfungstadt_LV_HZ+SAN_Blankett_260602.x83
11;aus hochwertigem Edelstahl, Oberfläche matt geschliffen, an den Enden im rechten Winkel abgebogene Stange mit Befestigungsrosetten ergonomisch und funktional in einer einfachen und zeitlosen Formensprache gestaltet,dient zum Festhalten und Abstützen, Montage an der Wand einschl. Befestigungsmaterial;2,0;St;gaeb;Zwingend erforderliche Angebotsdateien/Pfungstadt_LV_HZ+SAN_Blankett_260602.x83
1;Funktionscontroller mit Ethernet- und CAN-Busanschluss für die Armaturenebene sowie mit integriertem Netzteil, Echtzeituhr mit Kalenderfunktion und WEB - Server. Zum Anschluss Wassermanagementsystem, Armaturen/System-elektronikmodulen zwecks Spannungsversorgung und externer Steuerung, wie Armaturene;2,0;St;gaeb;Zwingend erforderliche Angebotsdateien/Pfungstadt_LV_HZ+SAN_Blankett_260602.x83
2;Wasserdichte und halogenfreie Ausführung, nur für die Verlegung im Leerrohr.;300,0;m;gaeb;Zwingend erforderliche Angebotsdateien/Pfungstadt_LV_HZ+SAN_Blankett_260602.x83
3;Lieferung von Kabelkanalrohr 30 mm Durchmesser zum Schutz der BUS-Leitung in Wand und Deckenbereich verlegen.;300,0;m;gaeb;Zwingend erforderliche Angebotsdateien/Pfungstadt_LV_HZ+SAN_Blankett_260602.x83
4;Abschlusswiderstand zum beidseitigen Endanschluss an das Systemkabel zur Sicherstellung der Datenkommunikation.;6,0;St;gaeb;Zwingend erforderliche Angebotsdateien/Pfungstadt_LV_HZ+SAN_Blankett_260602.x83
5;Objektspezifische Parametrierung des gesamten Wassermanagementsystem;1,0;St;gaeb;Zwingend erforderliche Angebotsdateien/Pfungstadt_LV_HZ+SAN_Blankett_260602.x83
1;Frischwasserstation als 2er Kaskade, zentraler Trinkwassererwärmer nach Durchflussprinzip;1,0;St;gaeb;Zwingend erforderliche Angebotsdateien/Pfungstadt_LV_HZ+SAN_Blankett_260602.x83
2;Frischwasserstation als zentraler Trinkwassererwärmer nach dem;1,0;St;gaeb;Zwingend erforderliche Angebotsdateien/Pfungstadt_LV_HZ+SAN_Blankett_260602.x83
3;Frischwasserstation als zentraler Trinkwassererwärmer nach dem;1,0;St;gaeb;Zwingend erforderliche Angebotsdateien/Pfungstadt_LV_HZ+SAN_Blankett_260602.x83
4;Probenahmeventilset nach DVGW W551;4,0;St;gaeb;Zwingend erforderliche Angebotsdateien/Pfungstadt_LV_HZ+SAN_Blankett_260602.x83
5;"Kappenventil DN 25, 1"" IG, PN 10, Messing, plombierbar";2,0;St;gaeb;Zwingend erforderliche Angebotsdateien/Pfungstadt_LV_HZ+SAN_Blankett_260602.x83
6;Membran-Sicherheitsventil für Trinkwasserstation nach DIN 4807;2,0;St;gaeb;Zwingend erforderliche Angebotsdateien/Pfungstadt_LV_HZ+SAN_Blankett_260602.x83
7;Inbetriebnahme Trinkwasserstation;3,0;St;gaeb;Zwingend erforderliche Angebotsdateien/Pfungstadt_LV_HZ+SAN_Blankett_260602.x83
1;nach DIN EN 13443-1 und DIN 19628, mit DIN-DVGW-Prüfzeichen.;1,0;St;gaeb;Zwingend erforderliche Angebotsdateien/Pfungstadt_LV_HZ+SAN_Blankett_260602.x83
2;Bauart BA, DVGW-/SVGW-geprüft, nach dem 3-Kammer-Prinzip mit 2 Rückflussverhinderern und Ablassventil, gemäß DIN 1988, Teil 4 und EN 1717, zur Absicherung bis Flüssigkeitskategorie 4.;1,0;St;gaeb;Zwingend erforderliche Angebotsdateien/Pfungstadt_LV_HZ+SAN_Blankett_260602.x83
3;als mengengesteuerte Parallelanlage. Einsatzgebiet in der Sanitärtechnik (Teilenthärtung mit kurzfristigen Entnahmespitzen). Wird zur Enthärtung durch Ionenaustausch von klarem, eisen- und manganfreiem Trink- und Brauchwasser eingesetzt, Einschließlich hydraulischer Einbindung;1,0;St;gaeb;Zwingend erforderliche Angebotsdateien/Pfungstadt_LV_HZ+SAN_Blankett_260602.x83
4;nach dem NaCl-Elektrolyseverfahren, für vorbeschriebene Enthärtungsanlage;1,0;St;gaeb;Zwingend erforderliche Angebotsdateien/Pfungstadt_LV_HZ+SAN_Blankett_260602.x83
5;zur Füllstandsüberwachung von Regeneriersalz in Salzlöse- und Vorratsbehältern der vorbeschriebenen Enthärtungsanlage.;1,0;St;gaeb;Zwingend erforderliche Angebotsdateien/Pfungstadt_LV_HZ+SAN_Blankett_260602.x83
6;mit hydraulischer Steuerung, um auch bei stark schwankendem Wasserverbrauch ein gleichbleibendes Mischungsverhältnis zu gewährleisten.;1,0;St;gaeb;Zwingend erforderliche Angebotsdateien/Pfungstadt_LV_HZ+SAN_Blankett_260602.x83
7;Zur Sicherstellung der Wasserversorgung bei auftretenden Spitzenentnahmen.;1,0;St;gaeb;Zwingend erforderliche Angebotsdateien/Pfungstadt_LV_HZ+SAN_Blankett_260602.x83
8;für die Bestimmung der Gesamthärte mittels komplexometrischer Titration bis zum Farbumschlag.;1,0;St;gaeb;Zwingend erforderliche Angebotsdateien/Pfungstadt_LV_HZ+SAN_Blankett_260602.x83
1;Dämmschichtdicke 61 mm;42,0;m;gaeb;Zwingend erforderliche Angebotsdateien/Pfungstadt_LV_HZ+SAN_Blankett_260602.x83
2;Dämmschichtdicke 50 mm;36,0;m;gaeb;Zwingend erforderliche Angebotsdateien/Pfungstadt_LV_HZ+SAN_Blankett_260602.x83
3;Dämmschichtdicke 40 mm;52,0;m;gaeb;Zwingend erforderliche Angebotsdateien/Pfungstadt_LV_HZ+SAN_Blankett_260602.x83
4;Dämmschichtdicke 30 mm;75,0;m;gaeb;Zwingend erforderliche Angebotsdateien/Pfungstadt_LV_HZ+SAN_Blankett_260602.x83
5;Dämmschichtdicke 30 mm;85,0;m;gaeb;Zwingend erforderliche Angebotsdateien/Pfungstadt_LV_HZ+SAN_Blankett_260602.x83
6;Dämmschichtdicke 20 mm;218,0;m;gaeb;Zwingend erforderliche Angebotsdateien/Pfungstadt_LV_HZ+SAN_Blankett_260602.x83
7;Dämmung  20mm;90,0;m;gaeb;Zwingend erforderliche Angebotsdateien/Pfungstadt_LV_HZ+SAN_Blankett_260602.x83
1;wie vor beschrieben für Rohrleitung DN80.;28,0;m;gaeb;Zwingend erforderliche Angebotsdateien/Pfungstadt_LV_HZ+SAN_Blankett_260602.x83
2;wie vor beschrieben für Rohrleitung DN65.;72,0;m;gaeb;Zwingend erforderliche Angebotsdateien/Pfungstadt_LV_HZ+SAN_Blankett_260602.x83
3;wie vor beschrieben für Rohrleitung DN50.;30,0;m;gaeb;Zwingend erforderliche Angebotsdateien/Pfungstadt_LV_HZ+SAN_Blankett_260602.x83
4;wie vor beschrieben für Rohrleitung DN40.;50,0;m;gaeb;Zwingend erforderliche Angebotsdateien/Pfungstadt_LV_HZ+SAN_Blankett_260602.x83
5;wie vor beschrieben für Rohrleitung DN32.;365,0;m;gaeb;Zwingend erforderliche Angebotsdateien/Pfungstadt_LV_HZ+SAN_Blankett_260602.x83
6;wie vor beschrieben für Rohrleitung DN25.;90,0;m;gaeb;Zwingend erforderliche Angebotsdateien/Pfungstadt_LV_HZ+SAN_Blankett_260602.x83
7;wie vor beschrieben für Rohrleitung DN20.;260,0;m;gaeb;Zwingend erforderliche Angebotsdateien/Pfungstadt_LV_HZ+SAN_Blankett_260602.x83
8;wie vor beschrieben für Rohrleitung DN15.;390,0;m;gaeb;Zwingend erforderliche Angebotsdateien/Pfungstadt_LV_HZ+SAN_Blankett_260602.x83
9;wie vor beschrieben für Rohrleitung DN12.;150,0;m;gaeb;Zwingend erforderliche Angebotsdateien/Pfungstadt_LV_HZ+SAN_Blankett_260602.x83
1;wie in den Vorbemerkungen beschrieben, ist eine Montageplanung aufgrund der Ausführungsplanung zu erstellen.;1,0;St;gaeb;Zwingend erforderliche Angebotsdateien/Pfungstadt_LV_HZ+SAN_Blankett_260602.x83
2;Terminplanung, Baubesprechungen und kumulatives Aufmaß;1,0;St;gaeb;Zwingend erforderliche Angebotsdateien/Pfungstadt_LV_HZ+SAN_Blankett_260602.x83
3;Stundenlohnarbeiten durch Obermonteur/-in auf Anordnung des AG ausführen, der Verrechnungssatz für die jeweilige Arbeitskraft umfasst sämtliche Aufwendungen wie Lohn- und Gehaltskosten, Lohn- und Gehaltsnebenkosten, Zuschläge, lohngebundene und lohnabhängige Kosten, sonstige Sozialkosten, Gemeinkost;10,0;h;gaeb;Zwingend erforderliche Angebotsdateien/Pfungstadt_LV_HZ+SAN_Blankett_260602.x83
4;wie vor, jedoch Monteur.;10,0;h;gaeb;Zwingend erforderliche Angebotsdateien/Pfungstadt_LV_HZ+SAN_Blankett_260602.x83
5;wie vor, jedoch Helfer.;10,0;h;gaeb;Zwingend erforderliche Angebotsdateien/Pfungstadt_LV_HZ+SAN_Blankett_260602.x83
1;Gestellung und Unterhaltung Bauwasser Verteilerschrankes;1,0;St;gaeb;Zwingend erforderliche Angebotsdateien/Pfungstadt_LV_HZ+SAN_Blankett_260602.x83
2;Umsetzen Bauwasser-Verteilerschrank;4,0;St;gaeb;Zwingend erforderliche Angebotsdateien/Pfungstadt_LV_HZ+SAN_Blankett_260602.x83
3;Trinkwasserschlauch NW 25 PN 6  DVGW-zugelassen;100,0;m;gaeb;Zwingend erforderliche Angebotsdateien/Pfungstadt_LV_HZ+SAN_Blankett_260602.x83
4;Trinkwasser-Flachschlauch NW 52;50,0;m;gaeb;Zwingend erforderliche Angebotsdateien/Pfungstadt_LV_HZ+SAN_Blankett_260602.x83
1;Druckprüfung der Anlage nach DIN 18380;1,0;St;gaeb;Zwingend erforderliche Angebotsdateien/Pfungstadt_LV_HZ+SAN_Blankett_260602.x83
2;Funktionsmessung Heizungs- und Sanitärtechnik nach DIN 18380;1,0;St;gaeb;Zwingend erforderliche Angebotsdateien/Pfungstadt_LV_HZ+SAN_Blankett_260602.x83
3;Entleeren, Durchspülen und Entschlammen der Anlage nach DIN EN 14336 und VOB/C DIN 18380;1,0;St;gaeb;Zwingend erforderliche Angebotsdateien/Pfungstadt_LV_HZ+SAN_Blankett_260602.x83
4;Der Auftragnehmer hat bei allen durch den Auftraggeber, Behörden oder unabhängige Sachverständige veranlassten Prüfungen, Messungen und Abnahmen der ausgeführten Heizungs- und Sanitäranlagen mitzuwirken.;1,0;St;gaeb;Zwingend erforderliche Angebotsdateien/Pfungstadt_LV_HZ+SAN_Blankett_260602.x83
1;Abnahmeunterlagen / Dokumentation;1,0;St;gaeb;Zwingend erforderliche Angebotsdateien/Pfungstadt_LV_HZ+SAN_Blankett_260602.x83
2;Einweisung des Betriebspersonals und Inbetriebnahme der Anlagen;1,0;St;gaeb;Zwingend erforderliche Angebotsdateien/Pfungstadt_LV_HZ+SAN_Blankett_260602.x83
3;Inbetriebnahme der gesamten Sanitär- und Heizungsanlage;1,0;St;gaeb;Zwingend erforderliche Angebotsdateien/Pfungstadt_LV_HZ+SAN_Blankett_260602.x83
4;Optimierung der Heizung / FWS;1,0;St;gaeb;Zwingend erforderliche Angebotsdateien/Pfungstadt_LV_HZ+SAN_Blankett_260602.x83
5;Position 1: Wartungs- und Arbeitslisten für Wartungs- und Managementsystem;1,0;St;gaeb;Zwingend erforderliche Angebotsdateien/Pfungstadt_LV_HZ+SAN_Blankett_260602.x83
