Pos.;Leistung;Menge;Einheit;Quelle;Datei
1;Verkehrszeichenpläne für die Verkehrssicherung aller Bauphasen, einschl. Baubehelfe und Verkehrslenkungsmaßnahmen anfertigen, Pläne mit den Straßenverkehrsbehörden, dem AG, den Versorgungsunternehmern und der Bauüberwachung abstimmen und ggf. korrigieren und ergänzen.;1,0;St;gaeb;leistungsbeschreibungen/2026_08_10_HH_EASK_LV_Umverlegung_Infrastrukturleitungen.X81
2;Verkehrssicherung an Arbeitsstellen von längerer Dauer aufstellen und beseitigen. Kennzeichnen der Baustelle und aller zugehörigen Baustellen­teile nach den Vorschriften der StVO mit den erforderlichen Verkehrs- und Hinweiszeichen, Schutz und Sicherheits­einrichtungen, Absturzssicherungen.;1,0;St;gaeb;leistungsbeschreibungen/2026_08_10_HH_EASK_LV_Umverlegung_Infrastrukturleitungen.X81
3;Verkehrssicherung an Arbeitsstellen von längerer Dauer vorhalten, warten und betreiben. Vorübergehende Sicherungsmaßnahmen durchführen. Einschl. der Betriebskosten. Einschl. dem erforderlichen Umbauen und Umsetzen der Anlagen gemäß Baufortschritt.;90,0;d;gaeb;leistungsbeschreibungen/2026_08_10_HH_EASK_LV_Umverlegung_Infrastrukturleitungen.X81
4;Detaillierter Bauzeitenplan in Abstimmung mit AG erstellen.;1,0;St;gaeb;leistungsbeschreibungen/2026_08_10_HH_EASK_LV_Umverlegung_Infrastrukturleitungen.X81
5;Bestandsdokumentation sämtlicher Oberflächenbefestigungen, Bauwerke, Pflanzen, Schilder und sonstiger Besonderheiten entlang der geplanten Leitungstrasse mittels Foto- und/oder Videoaufnahmen.;1,0;St;gaeb;leistungsbeschreibungen/2026_08_10_HH_EASK_LV_Umverlegung_Infrastrukturleitungen.X81
6;Vor Aufnahme der Arbeiten Sondierung der geplanten Leitungstrasse mit geeigneter Messsonde unter Beachtung der VBG 4 und der UVV.;1,0;St;gaeb;leistungsbeschreibungen/2026_08_10_HH_EASK_LV_Umverlegung_Infrastrukturleitungen.X81
7;Bestandsplan der gesamten Baumaßnahme ausarbeiten und erstellen. Lage und höhengerechte Einmessung auf UTM-Koordinaten. Beschaffungskosten für Festpunkte und öffentliche Gebühren sind einzurechnen.;1,0;St;gaeb;leistungsbeschreibungen/2026_08_10_HH_EASK_LV_Umverlegung_Infrastrukturleitungen.X81
8;Erstellen einer ausführlichen Fotodokumentation der Baumaßnahme des AN über die gesamte Bauzeit. Bilder in digitaler Form und in Papierform an den AG übergeben.;1,0;St;gaeb;leistungsbeschreibungen/2026_08_10_HH_EASK_LV_Umverlegung_Infrastrukturleitungen.X81
9;Pumpe mit Elektromotor für Pumpensümpfe in Tiefpunkten. Fördermenge über 5 bis 10 l/s, geodätische Förderhöhe bis 10 m.;1,0;St;gaeb;leistungsbeschreibungen/2026_08_10_HH_EASK_LV_Umverlegung_Infrastrukturleitungen.X81
10;Pumpe der vorgenannten Position betreiben einschl. Betriebskosten für über 5 bis 10 l/s Abwasseranfall.;40,0;h;gaeb;leistungsbeschreibungen/2026_08_10_HH_EASK_LV_Umverlegung_Infrastrukturleitungen.X81
1;"Baustelleneinrichtung einschl. Antransport, Aufstellen sowie Umsetzen von Maschinen, Geräten und sonstigen Betriebs­mitteln, die zur vertragsgemäßen Durchführung der Bau­leistungen erforderlich sind; Bereitstellen der erforderlichen Werkzeuge.";1,0;St;gaeb;leistungsbeschreibungen/2026_08_10_HH_EASK_LV_Umverlegung_Infrastrukturleitungen.X81
2;Verlängerungswoche der Pos. zuvor.;1,0;Wo;gaeb;leistungsbeschreibungen/2026_08_10_HH_EASK_LV_Umverlegung_Infrastrukturleitungen.X81
3;Vorhandenen Bauzaun für die Herstellung des Erweiterungsbaus, auf unbefestigtem Untergrund, aus Einzelelementen mit verzinktem Stahlrohrrahmen und Vergitterung, mit Standfüßen, Zaunoberkante über Oberfläche Gelände 2 m, abschnittsweise umsetzen für die im Titel 1 auszuführenden Arbeiten.;50,0;m;gaeb;leistungsbeschreibungen/2026_08_10_HH_EASK_LV_Umverlegung_Infrastrukturleitungen.X81
4;Behelfsüberfahrt für Fahrzeuge aus Stahlplatten, Nutzlast bis 60,0 t, für öffentlichen Verkehr, Länge über 2 bis 4 m, Breite 3,5 m, vorhalten über die gesamte Bauzeit, herstellen und beseitigen.;4,0;St;gaeb;leistungsbeschreibungen/2026_08_10_HH_EASK_LV_Umverlegung_Infrastrukturleitungen.X81
5;Behelfsüberfahrt der vorherigen Position umsetzen;8,0;St;gaeb;leistungsbeschreibungen/2026_08_10_HH_EASK_LV_Umverlegung_Infrastrukturleitungen.X81
6;Fußgängerüberwege zur Anrampung von Eingängen und sonstiger Erfordernis, mit Geländer, Länge 2,0 m, Breite 1,5 m, vorhalten über die gesamte Bauzeit, herstellen und beseitigen.;3,0;St;gaeb;leistungsbeschreibungen/2026_08_10_HH_EASK_LV_Umverlegung_Infrastrukturleitungen.X81
7;Fußgängerüberwege der vorherigen Position umsetzen;6,0;St;gaeb;leistungsbeschreibungen/2026_08_10_HH_EASK_LV_Umverlegung_Infrastrukturleitungen.X81
8;Baustellenräumung einschl. Verladung und Abtransport;1,0;St;gaeb;leistungsbeschreibungen/2026_08_10_HH_EASK_LV_Umverlegung_Infrastrukturleitungen.X81
1;Betonsteinpflaster verschiedener Art und Größe aufnehmen, Bettung aus Sand, oder Kiessand, D bis 12 cm, wiederverwendbare Stoffe reinigen, innerhalb der Baustelle fördern und lagern. Es sind nur soviel Pflastersteine im Baufeld zu lagern, wie nach Einbau der Leitungen für die Wiederherstellung der O;140,0;m²;gaeb;leistungsbeschreibungen/2026_08_10_HH_EASK_LV_Umverlegung_Infrastrukturleitungen.X81
2;Aufnehmen vorhandenes Betonpflaster, verlegt in Magerbeton, D bis 35 cm.;1,0;m²;gaeb;leistungsbeschreibungen/2026_08_10_HH_EASK_LV_Umverlegung_Infrastrukturleitungen.X81
3;Pflaster im Baufeld lagernd aufnehmen, verfahren und einbauen.;70,0;m²;gaeb;leistungsbeschreibungen/2026_08_10_HH_EASK_LV_Umverlegung_Infrastrukturleitungen.X81
4;Pflasterdecke ZTV Pflaster-StB herstellen, aus Rechtecksteinen Beton, grau bzw. wie vorgefunden, TL Pflaster-StB bzw. DIN EN 1338, Dicke 100 mm, Länge/Breite ca. 200 mm x 120 mm bzw. wie vorgefunden, einschichtig, DIN EN 1338, max. Differenzen K, Witterungswiderstand D, Abriebwiderstand I, in Gehweg;70,0;m²;gaeb;leistungsbeschreibungen/2026_08_10_HH_EASK_LV_Umverlegung_Infrastrukturleitungen.X81
5;Pflastersteine aus Beton auf Passmaß trennen und an Kanten, Einfassungen, Aussparungen oder Einbauten zuarbeiten, behauen oder schneiden, durch Nassschneiden.;130,0;m;gaeb;leistungsbeschreibungen/2026_08_10_HH_EASK_LV_Umverlegung_Infrastrukturleitungen.X81
6;Anpassung der Pflastersteine an Aussparungen, Schächte, Einbauten etc.;6,0;St;gaeb;leistungsbeschreibungen/2026_08_10_HH_EASK_LV_Umverlegung_Infrastrukturleitungen.X81
7;Abbruch Bordsteine aus Beton aller Art, im Rahmen einer Totalabbruchmaßnahme, Geräteeinsatz ist möglich, aufgenommene Stoffe sammeln, auf LKW des AN laden,;5,0;m;gaeb;leistungsbeschreibungen/2026_08_10_HH_EASK_LV_Umverlegung_Infrastrukturleitungen.X81
8;Bordstein aus Beton, DIN EN 1340, Maße DIN 483, Form HB 10/30, Witterungswiderstand D, Abriebwiderstand I, Biegezugfestigkeit U, mit Fundament und 2-seitiger Rückenstütze aus Beton mit einer Zusammensetzung C 20/25 DIN EN 206-1 und DIN 1045-2, Bettungsdicke 20 cm, Breite der Rückenstütze 20 cm,  lie;5,0;m;gaeb;leistungsbeschreibungen/2026_08_10_HH_EASK_LV_Umverlegung_Infrastrukturleitungen.X81
9;Bordsteine aller Art aus Beton auf Passmaß trennen, durch Nasschneiden.;2,0;St;gaeb;leistungsbeschreibungen/2026_08_10_HH_EASK_LV_Umverlegung_Infrastrukturleitungen.X81
10;Rinne aus Betonpflastersteinen aufnehmen, mit Fugenfüllung aus Baustoffgemisch mit hydraulischen Bindemitteln, verlegt vor  Betonborden, in Hofflächen, Fundament aus Beton, 3-reihig, Breite Rinne über 20 bis 30 cm, aufbrechen;5,0;m;gaeb;leistungsbeschreibungen/2026_08_10_HH_EASK_LV_Umverlegung_Infrastrukturleitungen.X81
11;Rinen aus Pflastersteinen aus Betonstein herstellen. 3-reihiger Streifen vor Borden, Herstellung mit beidseitigen Schnurkanten.;5,0;m;gaeb;leistungsbeschreibungen/2026_08_10_HH_EASK_LV_Umverlegung_Infrastrukturleitungen.X81
1;Bodenaushub für Suchgräben/-schlitze zur Lagefeststellung von erdverlegten Rohrleitungen, Kabeln, Entwässerungsleitungen, Entsorgungsleitungen etc. auf Anweisung des AG, Boden entsorgen, Material als Ersatz einbauen und verdichten. Einschl. erf. Sicherungsmaßnahmen, Verbau nach Wahl des AN. Die Vors;10,0;m³;gaeb;leistungsbeschreibungen/2026_08_10_HH_EASK_LV_Umverlegung_Infrastrukturleitungen.X81
2;Abtrag von Oberboden einschl. Vegetationsdecke nach DIN 18300 bzw. DIN 18915, in vorhandener Stärke, Dicke im Mittel 30 cm, Oberboden zur späteren Wiederverwendung in Mieten im Baufeld lagern und vor Witterung schützen. Eine Vermischung mit dem Untergrund ist unbedingt zu vermeiden.;15,0;m²;gaeb;leistungsbeschreibungen/2026_08_10_HH_EASK_LV_Umverlegung_Infrastrukturleitungen.X81
3;Auftrag des Oberbodens aus vorheriger Position. Auftragstärke gemäß Aufmaß aus vorheriger Position bis ca. 30 cm, Oberboden kreuzweise fräsen und fein planieren.;15,0;m²;gaeb;leistungsbeschreibungen/2026_08_10_HH_EASK_LV_Umverlegung_Infrastrukturleitungen.X81
4;Leitungsgraben profilgerecht ausheben, Bodenaushub zu Lagerplatz des AN fördern, abladen und zur Wiederverfüllung lagern (Förderweg bis 500 m).;140,0;m³;gaeb;leistungsbeschreibungen/2026_08_10_HH_EASK_LV_Umverlegung_Infrastrukturleitungen.X81
5;Leitungsgraben profilgerecht ausheben, Bodenaushub laden, abfahren und einer geeigneten Verwertung zurführen.;45,0;m³;gaeb;leistungsbeschreibungen/2026_08_10_HH_EASK_LV_Umverlegung_Infrastrukturleitungen.X81
6;Verbauarbeiten nach DIN 18303 unter Beachtung von DIN 4124 entsprechend den statischen Erfordernissen herstellen, nach Wahl des AN, vorhalten und nach Beendigung der Arbeiten wieder fachgerecht rückbauen,;80,0;m;gaeb;leistungsbeschreibungen/2026_08_10_HH_EASK_LV_Umverlegung_Infrastrukturleitungen.X81
7;Boden liefern und als Untergrundverbesserung in Leitungsgraben auf besondere Anweisung der Bauüberwachung und/oder des AG einbauen. Verdichtung mit geeignetem Verdichtungsgerät nach ZTV E-StB, Verdichtungsgrad 97-100% Proctordichte.;1,0;m³;gaeb;leistungsbeschreibungen/2026_08_10_HH_EASK_LV_Umverlegung_Infrastrukturleitungen.X81
8;Zeitweise fließfähiger, selbstverdichtender Verfüllbaustoff (Flüssigboden) abschnittsweise in Leitungsgraben und Baugrubenbereich auf besondere Anweisung der Bauüberwachung und/oder des AG einbauen.;1,0;m³;gaeb;leistungsbeschreibungen/2026_08_10_HH_EASK_LV_Umverlegung_Infrastrukturleitungen.X81
9;Nichtaggressiver Schutzsand 0/2 mm zur Herstellung der Leitungszone, für Seiten­verfüllung und Rohrüberdeckung in vorbereiteten Rohrgraben lagenweise einbauen und verdichten.;45,0;m³;gaeb;leistungsbeschreibungen/2026_08_10_HH_EASK_LV_Umverlegung_Infrastrukturleitungen.X81
10;Lieferung von Boden für die Grabenverfüllung als Ersatz für nicht wiedereinbaufähiges Aushubmaterial.;45,0;m³;gaeb;leistungsbeschreibungen/2026_08_10_HH_EASK_LV_Umverlegung_Infrastrukturleitungen.X81
11;Wiedereinbaufähiges, seitl. gelagertes Auffüllungsmaterial -  nicht bindig gem. Baugrundgutachten - vom Zwischenlager des AN  aufnehmen, zur Einbaustelle transportieren und profil­gerecht einbauen, in Hof- und Parkplatzflächen sowie abschnittsweise in Rasenflächen,;50,0;m³;gaeb;leistungsbeschreibungen/2026_08_10_HH_EASK_LV_Umverlegung_Infrastrukturleitungen.X81
12;Frostschutzschicht als Ersatz für nicht wiedereinbaufähiges Material, in Parkplatzflächen, aus Baustoffgemisch für Frostschutzschicht, liefern, verfüllen verdichten, in Teilfächen, Verformungsmodul EV2 auf der Oberfläche mind. 120 MN/m², Arbeiten mit Gerät, Körnung 0/45, Einbauhöhe bis 43 cm bzw. wi;25,0;m³;gaeb;leistungsbeschreibungen/2026_08_10_HH_EASK_LV_Umverlegung_Infrastrukturleitungen.X81
13;Schottertragschicht als Ersatz für nicht wiedereinbaufähiges Material, in Parkplatzflächen, aus Baustoffgemisch für Schottertragschicht, liefern, verfüllen verdichten, in Teilfächen, Verformungsmodul EV2 auf der Oberfläche mind. 150 MN/m², Arbeiten mit Gerät, Körnung 0/32, Einbauhöhe 25 cm bzw. wie ;20,0;m³;gaeb;leistungsbeschreibungen/2026_08_10_HH_EASK_LV_Umverlegung_Infrastrukturleitungen.X81
14;Erdaushub von Hand als Zulage zu den Bodenaushubpositionen.;5,0;m³;gaeb;leistungsbeschreibungen/2026_08_10_HH_EASK_LV_Umverlegung_Infrastrukturleitungen.X81
15;Hindernis im Boden aus Mauerwerk und Beton in Teilkörpern abbrechen,Geräteeinsatz ist möglich, max. Gesamtgewicht der Geräte ohne Beschränkung, Ausführung staubarm, ohne Untergrundbeschädigung, aufgenommene Stoffe zur Verwertung/Entsorgung sortieren, sammeln, und auf der Baustelle lagern, Stoffe sin;1,0;m³;gaeb;leistungsbeschreibungen/2026_08_10_HH_EASK_LV_Umverlegung_Infrastrukturleitungen.X81
16;"Geräteeinsatz nicht möglich; Ausführung der Arbeiten von Hand / mit handgeführten Kleingeräten.";1,0;m³;gaeb;leistungsbeschreibungen/2026_08_10_HH_EASK_LV_Umverlegung_Infrastrukturleitungen.X81
17;Nachweis der Verdichtung mittels zusätzlicher Lastplatten­druckversuche und Vorlage eines Protokolls. Nach besonderer Anordnung der Bauleitung bzw. des AG.;2,0;St;gaeb;leistungsbeschreibungen/2026_08_10_HH_EASK_LV_Umverlegung_Infrastrukturleitungen.X81
18;Sicherungsbeton C12/15 einschl. Schalung, grobgeschalt, Einbau als Widerlager, zur Unterfangung und Sicherung von Leitungen,Kanälen und Einbauten.;1,0;m³;gaeb;leistungsbeschreibungen/2026_08_10_HH_EASK_LV_Umverlegung_Infrastrukturleitungen.X81
19;Zulage zum Rohrgrabenaushub für das Kreuzen von Kanal-, Wasser- , Gas-, Fernwärme- und sonstigen Rohrtrassen. Die einzelnen Spartenträger sind sorgfältig freizulegen, zu sichern und im Zuge der Leitungsgrabenverfüllung mit steinfreiem Material wieder zu umhüllen.;4,0;St;gaeb;leistungsbeschreibungen/2026_08_10_HH_EASK_LV_Umverlegung_Infrastrukturleitungen.X81
20;Zulage zum Rohrgrabenaushub für das Sichern von Trinkwasser- und Abwassertrassen längs zum Rohrgraben.;25,0;m;gaeb;leistungsbeschreibungen/2026_08_10_HH_EASK_LV_Umverlegung_Infrastrukturleitungen.X81
1;Abbruch der vorh. Rohrleitungen aus PVCU, Schmutz- und Regenwasser-Leitungen, Außendurchmesser 150 bis 200 mm, im Rahmen einer Teilabbruchmaßnahme, nicht schadstoffbelastet,;90,0;m;gaeb;leistungsbeschreibungen/2026_08_10_HH_EASK_LV_Umverlegung_Infrastrukturleitungen.X81
2;Vorhandene Straßen- bzw. Hofabläufe aus Beton, komplett mit Abdeckung, Auflager und Schaft aufnehmen und einer fachgerechte Entsorgung zuführen.;2,0;St;gaeb;leistungsbeschreibungen/2026_08_10_HH_EASK_LV_Umverlegung_Infrastrukturleitungen.X81
3;Abbruch des Regenwasserschachts S14, aus unbewehrtem Beton, Normalbeton, Höhe 1.800 mm, Schachtdurchmesser 1.000 mm, im Rahmen einer Totalabbruchmaßnahme, nicht schadstoffbelastet,;1,0;St;gaeb;leistungsbeschreibungen/2026_08_10_HH_EASK_LV_Umverlegung_Infrastrukturleitungen.X81
4;Liefern Abwasserkanal aus PP (Polypropylen)-Rohren DIN EN 1852-1, homogenes Vollwandrohr, für Schmutzwasser, mit Steckverbindung, DN/OD 250, SN 8, Baulängen 6 m, Farbe orange, Verlegung DIN EN 1610 in vorh. verbautem Graben, Grabentiefe bis 1,75 m, einschl. Herstellen Rohrverbindungen;20,0;m;gaeb;leistungsbeschreibungen/2026_08_10_HH_EASK_LV_Umverlegung_Infrastrukturleitungen.X81
5;Liefern Abwasserkanal aus PP-Rohren, für Regenwasser, DN/OD 250, Farbe grün, in vorh. teilweise verbautem Graben, Grabentiefe über 1,15 bis 1,40 m.;55,0;m;gaeb;leistungsbeschreibungen/2026_08_10_HH_EASK_LV_Umverlegung_Infrastrukturleitungen.X81
6;Liefern Abwasserkanal aus PP Rohren, für Regenwasser, DN/OD 160, Farbe grün, in vorh. teilweise verbautem Graben, Grabentiefe über 1,50 m.;26,0;m;gaeb;leistungsbeschreibungen/2026_08_10_HH_EASK_LV_Umverlegung_Infrastrukturleitungen.X81
7;Liefern Abwasserkanal, als Anschlussleitungen von Hofeinläufen und Entwässerungsrinnen, aus PP, für Regenwasser, DN/OD 125, Farbe grün, in vorh. Graben, Grabentiefe über 0,8 m bis 1,2 m.;10,0;m;gaeb;leistungsbeschreibungen/2026_08_10_HH_EASK_LV_Umverlegung_Infrastrukturleitungen.X81
8;Bögen;2,0;St;gaeb;leistungsbeschreibungen/2026_08_10_HH_EASK_LV_Umverlegung_Infrastrukturleitungen.X81
9;Bögen 11° bis 45°, Formstück aus PP, für Abwasserkanal (Regenwasser), DN/OD 250, Farbe grün.;2,0;St;gaeb;leistungsbeschreibungen/2026_08_10_HH_EASK_LV_Umverlegung_Infrastrukturleitungen.X81
10;Bögen 11° bis 45°, Formstück aus PP, für Abwasserkanal (Regenwasser), DN/OD 160, Farbe grün.;2,0;St;gaeb;leistungsbeschreibungen/2026_08_10_HH_EASK_LV_Umverlegung_Infrastrukturleitungen.X81
11;Bögen 11° bis 45°, Formstück aus PP, für Abwasserkanal (Regenwasser), DN/OD 125, Farbe grün.;3,0;St;gaeb;leistungsbeschreibungen/2026_08_10_HH_EASK_LV_Umverlegung_Infrastrukturleitungen.X81
12;Schacht aus Beton-/Stahlbetonfertigteilen DIN EN 1917, DIN 4034-1, Typ 2, für Schmutzwasser, rund, DN 1000, mit Schachtunterteil, Schachtringen/Schachtrohr, Abdeckplatte, Auflageringen, Bauteilverbindung mit Dichtungen aus Elastomeren DIN EN 681-1 und DIN 4060 als Kompressionsdichtung, Dichtungen we;1,0;St;gaeb;leistungsbeschreibungen/2026_08_10_HH_EASK_LV_Umverlegung_Infrastrukturleitungen.X81
13;Schacht aus Beton-/Stahlbetonfertigteilen DIN EN 1917, DIN 4034-1, Typ 2, für Regenwasser, rund, DN 1000, Zulauf für Rohre;1,0;St;gaeb;leistungsbeschreibungen/2026_08_10_HH_EASK_LV_Umverlegung_Infrastrukturleitungen.X81
14;Schacht aus Beton-/Stahlbetonfertigteilen DIN EN 1917, DIN 4034-1, Typ 2, für Regenwasser, Zulauf für Rohre aus PP, DN;1,0;St;gaeb;leistungsbeschreibungen/2026_08_10_HH_EASK_LV_Umverlegung_Infrastrukturleitungen.X81
15;Schacht aus Beton-/Stahlbetonfertigteilen DIN EN 1917, DIN 4034-1, Typ 2, rund, für Regenwasser, Gerinne gekrümmt,  Zulauf für Rohre aus PP, DN 250,;1,0;St;gaeb;leistungsbeschreibungen/2026_08_10_HH_EASK_LV_Umverlegung_Infrastrukturleitungen.X81
1;Anschluss von Abwasserkanal aus PP DIN EN 1852-1;2,0;St;gaeb;leistungsbeschreibungen/2026_08_10_HH_EASK_LV_Umverlegung_Infrastrukturleitungen.X81
2;Anschluss von Abwasserkanal aus PP, DN 160, an vorh. Regenwasserschacht S10 aus Beton.;1,0;St;gaeb;leistungsbeschreibungen/2026_08_10_HH_EASK_LV_Umverlegung_Infrastrukturleitungen.X81
3;Anschluss von Abwasserkanal aus PP, DN 250, an vorh. Schmutzwasserschacht S12 aus Beton, vorh. Anlage ist in Betrieb.;1,0;St;gaeb;leistungsbeschreibungen/2026_08_10_HH_EASK_LV_Umverlegung_Infrastrukturleitungen.X81
4;Anschluss des bestehenden Abwasserkanal an den herzustellenden Abwasserkanal für Regenwasser, DN/OD 250, im Bereich der RTW-Zufahrt, einschl. erforderlicher Rohrschnitte und Liefern aller für den Anschluss notwendigen Formstücke.;1,0;St;gaeb;leistungsbeschreibungen/2026_08_10_HH_EASK_LV_Umverlegung_Infrastrukturleitungen.X81
5;Anschluss der bestehenden Hofeinläufe an den herzustellenden Abwasserkanal für Regenwasser, DN/OD 160.;2,0;St;gaeb;leistungsbeschreibungen/2026_08_10_HH_EASK_LV_Umverlegung_Infrastrukturleitungen.X81
6;Anschluss der bestehenden Entwässerungsrinne an den herzustellenden Abwasserkanal für RW, DN/OD 160.;1,0;St;gaeb;leistungsbeschreibungen/2026_08_10_HH_EASK_LV_Umverlegung_Infrastrukturleitungen.X81
1;Bauzeitliche Ableitung des anfallenden Schmutzwasser ab Austrittspunkt in einer Tiefe von ca. 0,95 m unter Geländeoberkante über eine temporäre Druckleitung bis zum vorgesehenen Einleitungspunkt in den Bestandskanal. Die Druckleitung ist außerhalb des Leitungsgrabens sowie außerhalb der Baugrube des;1,0;psch;gaeb;leistungsbeschreibungen/2026_08_10_HH_EASK_LV_Umverlegung_Infrastrukturleitungen.X81
2;Bauzeitliche Ableitung Abwasserkanal aus PP DN 160 für Schmutzwasser, unbekannter Austrittspunkt.;1,0;psch;gaeb;leistungsbeschreibungen/2026_08_10_HH_EASK_LV_Umverlegung_Infrastrukturleitungen.X81
3;Bauzeitliche Ableitung für Abwasserkanal PVCU DN 160 für Regenwasser, verlegt innerhalb Bodenplatte Gebäude C, Austritt in Leerrohr, Austrittshöhe RS ca. 35,28 mNHN.;1,0;psch;gaeb;leistungsbeschreibungen/2026_08_10_HH_EASK_LV_Umverlegung_Infrastrukturleitungen.X81
4;Bauzeitliche Ableitung für Abwasserkanal PVCU DN 160 für Regenwasser, Austrittspunkt ca. 1,10 m unter Geländeoberkante aus Gebäude D im Bereich der vorh. Lichtschächte.;1,0;psch;gaeb;leistungsbeschreibungen/2026_08_10_HH_EASK_LV_Umverlegung_Infrastrukturleitungen.X81
5;Bauzeitliche Ableitung für vorhandene Regenwasser-Fallrohre, Innenhof Gebäude C und D.;1,0;psch;gaeb;leistungsbeschreibungen/2026_08_10_HH_EASK_LV_Umverlegung_Infrastrukturleitungen.X81
6;Bauzeitliche Ableitung von Regenwasser von den Dachflächen des Gebäude C über den herzustellenden Regenwasserschacht RW1 und Einleitung über einen Sandfang in das vorh. Regenrückhaltebecken.;1,0;psch;gaeb;leistungsbeschreibungen/2026_08_10_HH_EASK_LV_Umverlegung_Infrastrukturleitungen.X81
7;Bauzeitliche Ableitung von Regenwasser aus dem Wirtschaftshof über vorhandenen Pumpenschacht und Einleitung über einen Sandfang in das vorh. Regenrückhaltebecken.;1,0;psch;gaeb;leistungsbeschreibungen/2026_08_10_HH_EASK_LV_Umverlegung_Infrastrukturleitungen.X81
1;Ordnungsgemäße Verwertung von mineralischem Abfall: Bodenmaterial mit mineralischen Fremdbestandteilen bis 10 Vol.-% gem. EBV, Materialklasse BM-0* gem. Anlage 1, auf der genehmigten Annahme-/Verwertungsstelle;100,0;t;gaeb;leistungsbeschreibungen/2026_08_10_HH_EASK_LV_Umverlegung_Infrastrukturleitungen.X81
2;Ordnungsgemäße Verwertung von mineralischem Abfall: Bodenmaterial mit mineralischen Fremdbestandteilen bis 50 Vol.-% gem. EBV, Materialklasse BM-F0* gem. Anlage 1, auf der genehmigten Annahme-/Verwertungsstelle;15,0;t;gaeb;leistungsbeschreibungen/2026_08_10_HH_EASK_LV_Umverlegung_Infrastrukturleitungen.X81
3;Ordnungsgemäße Verwertung von mineralischem Abfall: Bodenmaterial mit mineralischen Fremdbestandteilen bis 50 Vol.-% gem. EBV, Materialklasse BM-F1 gem. Anlage 1, auf der genehmigten Annahme-/Verwertungsstelle;15,0;t;gaeb;leistungsbeschreibungen/2026_08_10_HH_EASK_LV_Umverlegung_Infrastrukturleitungen.X81
4;Ordnungsgemäße Verwertung von mineralischem Abfall: Bodenmaterial mit mineralischen Fremdbestandteilen bis 50 Vol.-% gem. EBV, Materialklasse BM-F2 gem. Anlage 1, auf der genehmigten Annahme-/Verwertungsstelle;100,0;t;gaeb;leistungsbeschreibungen/2026_08_10_HH_EASK_LV_Umverlegung_Infrastrukturleitungen.X81
5;Ordnungsgemäße Verwertung von mineralischem Abfall: Bodenmaterial mit mineralischen Fremdbestandteilen bis 50 Vol.-% gem. EBV, Materialklasse BM-F3 gem. Anlage 1, auf der genehmigten Annahme-/Verwertungsstelle;25,0;t;gaeb;leistungsbeschreibungen/2026_08_10_HH_EASK_LV_Umverlegung_Infrastrukturleitungen.X81
6;Ordnungsgemäße Entsorgung einschließlich Verladen, Transport und Deponiegebühren von Bodenmaterial bis Deponieklasse DK II nach DepV.;1,0;t;gaeb;leistungsbeschreibungen/2026_08_10_HH_EASK_LV_Umverlegung_Infrastrukturleitungen.X81
1;Bau- und Abbruchabfälle Beton, Ziegel, Fliesen;25,0;t;gaeb;leistungsbeschreibungen/2026_08_10_HH_EASK_LV_Umverlegung_Infrastrukturleitungen.X81
2;Bau- und Abbruchabfälle Beton, Ziegel, Fliesen;5,0;t;gaeb;leistungsbeschreibungen/2026_08_10_HH_EASK_LV_Umverlegung_Infrastrukturleitungen.X81
3;Bau- und Abbruchabfälle Beton, Ziegel, Fliesen;5,0;t;gaeb;leistungsbeschreibungen/2026_08_10_HH_EASK_LV_Umverlegung_Infrastrukturleitungen.X81
4;Bau- und Abbruchabfälle Beton, Ziegel, Fliesen;1,0;t;gaeb;leistungsbeschreibungen/2026_08_10_HH_EASK_LV_Umverlegung_Infrastrukturleitungen.X81
1;Stundenlohnarbeiten durch Arbeitskraft auf Anordnung des AG durchführen. Leistung durch Polier, Schachtmeister o. ä.;6,0;h;gaeb;leistungsbeschreibungen/2026_08_10_HH_EASK_LV_Umverlegung_Infrastrukturleitungen.X81
2;Stundenlohnarbeiten durch Arbeitskraft auf Anordnung des AG durchführen. Leistung durch Baufacharbeiter o. ä.;6,0;h;gaeb;leistungsbeschreibungen/2026_08_10_HH_EASK_LV_Umverlegung_Infrastrukturleitungen.X81
3;Stundenlohnarbeiten auf Anordnung des AG durchführen. Leistung durch Rad- oder Kettenbagger einschl. Bedienpersonal.;4,0;h;gaeb;leistungsbeschreibungen/2026_08_10_HH_EASK_LV_Umverlegung_Infrastrukturleitungen.X81
4;Stundenlohnarbeiten auf Anordnung des AG durchführen. Leistung durch Frontlader einschl. Bedienpersonal.;4,0;h;gaeb;leistungsbeschreibungen/2026_08_10_HH_EASK_LV_Umverlegung_Infrastrukturleitungen.X81
5;Stundenlohnarbeiten auf Anordnung des AG durchführen. Leistung durch Flächenrüttler einschl. Bedienpersonal.;4,0;h;gaeb;leistungsbeschreibungen/2026_08_10_HH_EASK_LV_Umverlegung_Infrastrukturleitungen.X81
6;Stundenlohnarbeiten auf Anordnung des AG durchführen. Leistung durch Abbruchhammer einschl. Bedienpersonal.;4,0;h;gaeb;leistungsbeschreibungen/2026_08_10_HH_EASK_LV_Umverlegung_Infrastrukturleitungen.X81
7;Stundenlohnarbeiten auf Anordnung des AG durchführen. Leistung durch Lastkraftwagen einschl. Fahrer und Mautgebühren.;4,0;h;gaeb;leistungsbeschreibungen/2026_08_10_HH_EASK_LV_Umverlegung_Infrastrukturleitungen.X81
8;Stundenlohnarbeiten durch Arbeitskraft auf Anordnung des AG durchführen. Leistung durch Vermessungstrupp;6,0;h;gaeb;leistungsbeschreibungen/2026_08_10_HH_EASK_LV_Umverlegung_Infrastrukturleitungen.X81
1;"Baustelleneinrichtung einschl. Antransport, Aufstellen sowie Umsetzen von Maschinen, Geräten und sonstigen Betriebs­mitteln, die zur vertragsgemäßen Durchführung der Bau­leistungen erforderlich sind; Bereitstellen der erforderlichen Werkzeuge.";1,0;St;gaeb;leistungsbeschreibungen/2026_08_10_HH_EASK_LV_Umverlegung_Infrastrukturleitungen.X81
2;Verlängerungswoche der Pos. zuvor.;1,0;Wo;gaeb;leistungsbeschreibungen/2026_08_10_HH_EASK_LV_Umverlegung_Infrastrukturleitungen.X81
3;Behelfsüberfahrt für Fahrzeuge aus Stahlplatten, Nutzlast bis 60,0 t, für öffentlichen Verkehr, Länge über 2 bis 4 m, Breite 3,5 m, vorhalten über die gesamte Bauzeit, herstellen und beseitigen.;2,0;St;gaeb;leistungsbeschreibungen/2026_08_10_HH_EASK_LV_Umverlegung_Infrastrukturleitungen.X81
4;Behelfsüberfahrt der vorherigen Position umsetzen;4,0;St;gaeb;leistungsbeschreibungen/2026_08_10_HH_EASK_LV_Umverlegung_Infrastrukturleitungen.X81
5;Fußgängerüberwege zur Anrampung von Eingängen und sonstiger Erfordernis, mit Geländer, Länge 2,0 m, Breite 1,5 m, vorhalten über die gesamte Bauzeit, herstellen und beseitigen.;2,0;St;gaeb;leistungsbeschreibungen/2026_08_10_HH_EASK_LV_Umverlegung_Infrastrukturleitungen.X81
6;Fußgängerüberwege der vorherigen Position umsetzen;4,0;St;gaeb;leistungsbeschreibungen/2026_08_10_HH_EASK_LV_Umverlegung_Infrastrukturleitungen.X81
7;Baustellenräumung einschl. Verladung und Abtransport;1,0;St;gaeb;leistungsbeschreibungen/2026_08_10_HH_EASK_LV_Umverlegung_Infrastrukturleitungen.X81
1;Betonsteinpflaster verschiedener Art und Größe aufnehmen, verlegt in Magerbeton gem. Bodengutachten,;570,0;m²;gaeb;leistungsbeschreibungen/2026_08_10_HH_EASK_LV_Umverlegung_Infrastrukturleitungen.X81
2;Rinne aus Betonpflastersteinen aufnehmen, verlegt in Magerbeton im westlichen Bereich des Wirtschaftshofs, in Hofflächen, 3-reihig, über 10 bis 20 cm dick, aufbrechen;15,0;m;gaeb;leistungsbeschreibungen/2026_08_10_HH_EASK_LV_Umverlegung_Infrastrukturleitungen.X81
1;Bodenaushub für Suchgräben/-schlitze zur Lagefeststellung von erdverlegten Rohrleitungen, Kabeln, Entwässerungsleitungen, Entsorgungsleitungen etc. auf Anweisung des AG, Boden entsorgen, Material als Ersatz einbauen und verdichten. Einschl. erf. Sicherungsmaßnahmen, Verbau nach Wahl des AN. Die Vors;10,0;m³;gaeb;leistungsbeschreibungen/2026_08_10_HH_EASK_LV_Umverlegung_Infrastrukturleitungen.X81
2;Leitungsgraben profilgerecht ausheben, Bodenaushub zu Lagerplatz des AN fördern, abladen und zur Wiederverfüllung lagern (Förderweg bis 500 m).;235,0;m³;gaeb;leistungsbeschreibungen/2026_08_10_HH_EASK_LV_Umverlegung_Infrastrukturleitungen.X81
3;Leitungsgraben profilgerecht ausheben, Bodenaushub laden, abfahren und einer geeigneten Verwertung zurführen.;135,0;m³;gaeb;leistungsbeschreibungen/2026_08_10_HH_EASK_LV_Umverlegung_Infrastrukturleitungen.X81
4;Verbauarbeiten nach DIN 18303 unter Beachtung von DIN 4124 entsprechend den statischen Erfordernissen herstellen, nach Wahl des AN, vorhalten und nach Beendigung der Arbeiten wieder fachgerecht rückbauen,;20,0;m;gaeb;leistungsbeschreibungen/2026_08_10_HH_EASK_LV_Umverlegung_Infrastrukturleitungen.X81
5;Boden liefern und als Untergrundverbesserung in Leitungsgraben auf besondere Anweisung der Bauüberwachung und/oder des AG einbauen. Verdichtung mit geeignetem Verdichtungsgerät nach ZTV E-StB, Verdichtungsgrad 97-100% Proctordichte.;1,0;m³;gaeb;leistungsbeschreibungen/2026_08_10_HH_EASK_LV_Umverlegung_Infrastrukturleitungen.X81
6;Zeitweise fließfähiger, selbstverdichtender Verfüllbaustoff (Flüssigboden) abschnittsweise in Leitungsgraben und Baugrubenbereich auf besondere Anweisung der Bauüberwachung und/oder des AG einbauen.;1,0;m³;gaeb;leistungsbeschreibungen/2026_08_10_HH_EASK_LV_Umverlegung_Infrastrukturleitungen.X81
7;Nichtaggressiver Schutzsand 0/2 mm zur Herstellung der Leitungszone, für Seiten­verfüllung und Rohrüberdeckung, in vorbereiteten Rohrgraben lagenweise einbauen und verdichten.;140,0;m³;gaeb;leistungsbeschreibungen/2026_08_10_HH_EASK_LV_Umverlegung_Infrastrukturleitungen.X81
8;Lieferung von Boden für die Grabenverfüllung als Ersatz für nicht wiedereinbaufähiges Aushubmaterial.;40,0;m³;gaeb;leistungsbeschreibungen/2026_08_10_HH_EASK_LV_Umverlegung_Infrastrukturleitungen.X81
9;Wiedereinbaufähiges, seitl. gelagertes Auffüllungsmaterial -  nicht bindig gem. Baugrundgutachten - vom Zwischenlager des AN  aufnehmen, zur Einbaustelle transportieren und profil­gerecht einbauen, in Hof- und Parkplatzflächen sowie abschnittsweise in Rasenflächen,;70,0;m³;gaeb;leistungsbeschreibungen/2026_08_10_HH_EASK_LV_Umverlegung_Infrastrukturleitungen.X81
10;Frostschutzschicht als Ersatz für nicht wiedereinbaufähiges Material, in Parkplatzflächen, aus Baustoffgemisch für Frostschutzschicht, liefern, verfüllen verdichten, in Teilfächen, Verformungsmodul EV2 auf der Oberfläche mind. 120 MN/m², Arbeiten mit Gerät, Körnung 0/45, Einbauhöhe bis Übergabehöhe ;30,0;m³;gaeb;leistungsbeschreibungen/2026_08_10_HH_EASK_LV_Umverlegung_Infrastrukturleitungen.X81
11;Erdaushub von Hand als Zulage zu den Bodenaushubpositionen.;5,0;m³;gaeb;leistungsbeschreibungen/2026_08_10_HH_EASK_LV_Umverlegung_Infrastrukturleitungen.X81
12;Hindernis im Boden aus Mauerwerk und Beton in Teilkörpern abbrechen,Geräteeinsatz ist möglich, max. Gesamtgewicht der Geräte ohne Beschränkung, Ausführung staubarm, ohne Untergrundbeschädigung, aufgenommene Stoffe zur Verwertung/Entsorgung sortieren, sammeln, und auf der Baustelle lagern, Stoffe sin;1,0;m³;gaeb;leistungsbeschreibungen/2026_08_10_HH_EASK_LV_Umverlegung_Infrastrukturleitungen.X81
13;"Geräteeinsatz nicht möglich; Ausführung der Arbeiten von Hand / mit handgeführten Kleingeräten.";1,0;m³;gaeb;leistungsbeschreibungen/2026_08_10_HH_EASK_LV_Umverlegung_Infrastrukturleitungen.X81
14;Nachweis der Verdichtung mittels zusätzlicher Lastplatten­druckversuche und Vorlage eines Protokolls. Nach besonderer Anordnung der Bauleitung bzw. des AG.;2,0;St;gaeb;leistungsbeschreibungen/2026_08_10_HH_EASK_LV_Umverlegung_Infrastrukturleitungen.X81
15;Sicherungsbeton C12/15 einschl. Schalung, grobgeschalt, Einbau als Widerlager, zur Unterfangung und Sicherung von Leitungen,Kanälen und Einbauten.;1,0;m³;gaeb;leistungsbeschreibungen/2026_08_10_HH_EASK_LV_Umverlegung_Infrastrukturleitungen.X81
1;Abbruch der vorh. Rohrleitungen aus PVCU und PVCM, Regenwasser- und Drainageleitungen, Außendurchmesser 150 bis 200 mm, im Rahmen einer Totalbbruchmaßnahme, nicht schadstoffbelastet,;100,0;m;gaeb;leistungsbeschreibungen/2026_08_10_HH_EASK_LV_Umverlegung_Infrastrukturleitungen.X81
2;Abbruch der im Wirtschaftshof vorhandenen Dränageschächte, aus unbewehrtem Beton, Normalbeton, Höhe 1.800 mm, im Rahmen einer Totalabbruchmaßnahme, nicht schadstoffbelastet,;5,0;St;gaeb;leistungsbeschreibungen/2026_08_10_HH_EASK_LV_Umverlegung_Infrastrukturleitungen.X81
3;Abbruch des Hofablaufs aus unbewehrtem Beton, Normalbeton,;3,0;St;gaeb;leistungsbeschreibungen/2026_08_10_HH_EASK_LV_Umverlegung_Infrastrukturleitungen.X81
4;Druckrohr aus PE 100-RC nach PAS 1075, gemäß DIN 8074 DIN 8075, DIN EN 12201, Außendurchmesser 200 mm, Innendurchmesser 176,2 mm. Baulänge 3 m, Transport vom Zwischenlagerplatz nach Wahl des AN zur Verwendungsstelle, einschl. aller Rohrschnitte. Verschnitt ist einzurechnen.;6,0;m;gaeb;leistungsbeschreibungen/2026_08_10_HH_EASK_LV_Umverlegung_Infrastrukturleitungen.X81
5;Bögen 11° bis 45°, formgespritzt mit langem Schweißende, aus PE 100, 200 x 11,9 mm, für Regenwasser, passend zu Druckrohleitung der vorherigen Position, einschl. Verbindung der Rohre und Bögen durch Elektromuffenschweißung.;3,0;St;gaeb;leistungsbeschreibungen/2026_08_10_HH_EASK_LV_Umverlegung_Infrastrukturleitungen.X81
7;Vorschweißbund, formgespritzt aus PE-RC, passend zur Druckleitung aus PE 100-RC,200 x 11,9 mm, mit langen Schweißenden u. Losflansch nach DIN 16962/16963, Teil 4 für Vorschweißbunde mit Stahleinlage, Lochbild nach DIN 2501, mittels Schweißverbindung in die Transport­leitung einbauen. Einschl. aller ;1,0;St;gaeb;leistungsbeschreibungen/2026_08_10_HH_EASK_LV_Umverlegung_Infrastrukturleitungen.X81
8;Frostschutz-Begleitheizung für Rohrleitungen von Ver- und Entsorgungssystemen, mit korrosionsschützendem Außenmantel, für Abwasser, Nennhaltetemperatur 5 Grad C, Heizleitung mit sich deutlich vermindernder Leistung bei steigender Temperatur, mit Schutzgeflecht, mit VDE-Registrierung, Rohrleitung aus;3,0;m;gaeb;leistungsbeschreibungen/2026_08_10_HH_EASK_LV_Umverlegung_Infrastrukturleitungen.X81
9;Liefern und Montieren eines modularen Schutzgehäusesystem (Einhausung) für die oberirdisch geführte Druckrohrleitung zum Schutz vor Witterungseinflüssen, UV-Strahlung, mechanischer Beschädigung und Frosteinwirkung. Selbsttragende, modulare Halbschalen- oder Kastenkonstruktion aus glasfaserverstärkte;3,0;m;gaeb;leistungsbeschreibungen/2026_08_10_HH_EASK_LV_Umverlegung_Infrastrukturleitungen.X81
10;Liefern Abwasserkanal aus PP (Polypropylen)-Rohren DIN EN 1852-1, homogenes Vollwandrohr, für Regenwasser, mit Steckverbindung, DN/OD 200, SN 8, Baulängen 6 m, Farbe grün, Verlegung DIN EN 1610 in vorh. geböschten Graben, Grabentiefe 1,45 m ,;40,0;m;gaeb;leistungsbeschreibungen/2026_08_10_HH_EASK_LV_Umverlegung_Infrastrukturleitungen.X81
11;Liefern Abwasserkanal, als Anschlussleitungen, aus PP-Rohren, für Regenwasser, DN/OD 160. Grabentiefe bis 1,45 m.;45,0;m;gaeb;leistungsbeschreibungen/2026_08_10_HH_EASK_LV_Umverlegung_Infrastrukturleitungen.X81
12;Liefern Abwasserkanal, als Anschlussleitungen, aus PP-Rohren, für Regenwasser, DN/OD 125, Grabentiefe bis 1,45 m u. OK Baugrubensohle;95,0;m;gaeb;leistungsbeschreibungen/2026_08_10_HH_EASK_LV_Umverlegung_Infrastrukturleitungen.X81
13;Liefern Abwasserkanal, Anschlussleitungen für Fallrohr, aus PP -Rohren, DN/OD 110, Grabentiefe über 1,0 m bis 1,4 m u. OK Baugrubensohle;5,0;m;gaeb;leistungsbeschreibungen/2026_08_10_HH_EASK_LV_Umverlegung_Infrastrukturleitungen.X81
14;Bögen 11° bis 45°, Formstück aus PP (Polypropylen) DIN EN 1852-1, homogenes Vollwandrohr, für Abwasserkanal (Regenwasser), SN 8, DN/OD 200, Farbe grün.;1,0;St;gaeb;leistungsbeschreibungen/2026_08_10_HH_EASK_LV_Umverlegung_Infrastrukturleitungen.X81
15;Bögen 11° bis 45°, Formstück aus PP, für Abwasserkanal (Regenwasser), DN/OD 160.;6,0;St;gaeb;leistungsbeschreibungen/2026_08_10_HH_EASK_LV_Umverlegung_Infrastrukturleitungen.X81
16;Bögen 11° bis 45°, Formstück aus PP  1852-1, für Abwasserkanal (Regenwasser), DN/OD 125.;10,0;St;gaeb;leistungsbeschreibungen/2026_08_10_HH_EASK_LV_Umverlegung_Infrastrukturleitungen.X81
17;Bögen 11° bis 45°, Formstück aus PP, für Abwasserkanal (Regenwasser), DN/OD 110.;2,0;St;gaeb;leistungsbeschreibungen/2026_08_10_HH_EASK_LV_Umverlegung_Infrastrukturleitungen.X81
18;Schacht aus Beton-/Stahlbetonfertigteilen DIN EN 1917, DIN 4034-1, Typ 2, rund, DN 1000, mit Schachtunterteil, Schachtringen/Schachtrohr, Abdeckplatte, Auflageringen, Bauteilverbindung mit Dichtungen aus Elastomeren DIN EN 681-1 und DIN 4060 als Kompressionsdichtung, Dichtungen werkseitig fest einge;1,0;St;gaeb;leistungsbeschreibungen/2026_08_10_HH_EASK_LV_Umverlegung_Infrastrukturleitungen.X81
19;Schacht aus Beton-/Stahlbetonfertigteilen DIN EN 1917, DIN 4034-1, Typ 2, rund, DN 1000, Gerinne gekrümmt, Zulauf für Rohre aus PP, DN 200,;1,0;St;gaeb;leistungsbeschreibungen/2026_08_10_HH_EASK_LV_Umverlegung_Infrastrukturleitungen.X81
20;Anschlussfertige, werkseitig vorausgerüstete Abwasserpumpstation (inkl. Armaturen und Rohrleitung) mit zwei Tauchmotorpumpen in explosionsgeschützter Ausführung (mind. Kategorie 2G) und einem Steuergerät sowie allen notwendigen Zubehörteilen, geeignet zur Förderung von Abwasser, Drainage- und Regenw;1,0;St;gaeb;leistungsbeschreibungen/2026_08_10_HH_EASK_LV_Umverlegung_Infrastrukturleitungen.X81
21;Regenstandrohr mit Reinigungsöffnung aus verzinktem Stahl, Dicke 2 mm, kreisförmig, Nenngröße 100, Länge 1 m, Befestigung mit Rohrschelle an Beton, verputzt, einschl. Liefern und Einbau aller für den Anschluss an die erdverlegte Leitung aus PP DN/OD 110 notwendigen Formstücke.;2,0;St;gaeb;leistungsbeschreibungen/2026_08_10_HH_EASK_LV_Umverlegung_Infrastrukturleitungen.X81
22;Hofablauf aus Kunststoff, Anschluss DN 125, Auslauf senkrecht, mit herausnehmbarem Geruchverschluss, mit Sandfang, Einbautiefe 1000 mm, mit Aufsatzstück, stufenlos höhenverstellbar, aus Kunststoff mit Lippendichtung, Aufsatz Klasse A 15 DIN EN 124-1, aus Kunststoff DIN EN 124-6, mit Abdeckrost Klass;12,0;St;gaeb;leistungsbeschreibungen/2026_08_10_HH_EASK_LV_Umverlegung_Infrastrukturleitungen.X81
1;PE HD Rohre DN 110 als Schutzrohre im Graben, Innen glatt, außen gewellt mit Drehmuffe in der Farbe schwarz liefern und verlegen;685,0;m;gaeb;leistungsbeschreibungen/2026_08_10_HH_EASK_LV_Umverlegung_Infrastrukturleitungen.X81
2;Liefern und Einbau Kabelschacht aus Polymerbeton, einschl. Abdeckung Klasse D DIN 1229 und DIN EN 124, 2.000 mm, lichte Maße L/B 1.800-2.000/1.800-2.000 mm, lichte Höhe 1.000 mm, mit Lüftungsrost und Schmutzfänger, Richtungsänderung im Schacht.;3,0;St;gaeb;leistungsbeschreibungen/2026_08_10_HH_EASK_LV_Umverlegung_Infrastrukturleitungen.X81
3;Liefern und Einbau Kabelschacht aus Polymerbeton, lichte Maße L/B 1.500/1.500 mm, lichte Höhe 1.000 mm.;3,0;St;gaeb;leistungsbeschreibungen/2026_08_10_HH_EASK_LV_Umverlegung_Infrastrukturleitungen.X81
4;"Markierung von Kabeltrassen mit Trassenband mit eingelegtem Ortungsdraht, Farbton gelb, in Trassenmitte, mit Beschriftung ""Strom"", max. Länge der Beschriftung 100 mm, verlegen 30 cm über Rohr.";85,0;m;gaeb;leistungsbeschreibungen/2026_08_10_HH_EASK_LV_Umverlegung_Infrastrukturleitungen.X81
1;Anschluss des geplanten Abwasserkanals PP DN/OD 160 für RW an den bestehenden Abwasserkanal im Bereich der Zufahrt des Wirtschafsthofs, einschl. erforderlicher Rohrschnitte und Liefern aller für den Anschluss notwendigen Formstücke.;1,0;St;gaeb;leistungsbeschreibungen/2026_08_10_HH_EASK_LV_Umverlegung_Infrastrukturleitungen.X81
2;Anschluss des geplanten Anschlussleitungen PP DN/OD 125 für RW an den herzustellenden Abwasserkanal PP DN/OD 200, einschl. erforderlicher Rohrschnitte und Liefern aller für den Anschluss notwendigen Formstücke.;7,0;St;gaeb;leistungsbeschreibungen/2026_08_10_HH_EASK_LV_Umverlegung_Infrastrukturleitungen.X81
3;Anschluss der bestehenden Entwässerungsrinne an den geplanten Abwasserkanals PP DN/OD 160 für RW im Bereich der Zufahrt des Wirtschaftshofs, einschl. erforderlicher Rohrschnitte und Liefern aller für den Anschluss notwendigen Formstücke.;1,0;St;gaeb;leistungsbeschreibungen/2026_08_10_HH_EASK_LV_Umverlegung_Infrastrukturleitungen.X81
4;Anschluss der im Rahmen der Arbeiten für Titel 1 temporär umgeleitete RW-Leitung aus Geb. D, S4NN01 PP DN 160, an die herzustellende RW-Leitung aus PP in der Dimension DN 160, einschl. der für die Durchführung der Leitung durch die Fassade von Geb. D notw. Kernbohrung (inkl. Dichtfutter etc.) sowie ;1,0;St;gaeb;leistungsbeschreibungen/2026_08_10_HH_EASK_LV_Umverlegung_Infrastrukturleitungen.X81
1;Ordnungsgemäße Verwertung von mineralischem Abfall: Bodenmaterial mit mineralischen Fremdbestandteilen bis 10 Vol.-% gem. EBV, Materialklasse BM-0* gem. Anlage 1, auf der genehmigten Annahme-/Verwertungsstelle;250,0;t;gaeb;leistungsbeschreibungen/2026_08_10_HH_EASK_LV_Umverlegung_Infrastrukturleitungen.X81
2;Ordnungsgemäße Verwertung von mineralischem Abfall: Bodenmaterial mit mineralischen Fremdbestandteilen bis 50 Vol.-% gem. EBV, Materialklasse BM-F0* gem. Anlage 1, auf der genehmigten Annahme-/Verwertungsstelle;30,0;t;gaeb;leistungsbeschreibungen/2026_08_10_HH_EASK_LV_Umverlegung_Infrastrukturleitungen.X81
3;Ordnungsgemäße Verwertung von mineralischem Abfall: Bodenmaterial mit mineralischen Fremdbestandteilen bis 50 Vol.-% gem. EBV, Materialklasse BM-F1 gem. Anlage 1, auf der genehmigten Annahme-/Verwertungsstelle;30,0;t;gaeb;leistungsbeschreibungen/2026_08_10_HH_EASK_LV_Umverlegung_Infrastrukturleitungen.X81
4;Ordnungsgemäße Verwertung von mineralischem Abfall: Bodenmaterial mit mineralischen Fremdbestandteilen bis 50 Vol.-% gem. EBV, Materialklasse BM-F2 gem. Anlage 1, auf der genehmigten Annahme-/Verwertungsstelle;60,0;t;gaeb;leistungsbeschreibungen/2026_08_10_HH_EASK_LV_Umverlegung_Infrastrukturleitungen.X81
5;Ordnungsgemäße Verwertung von mineralischem Abfall: Bodenmaterial mit mineralischen Fremdbestandteilen bis 50 Vol.-% gem. EBV, Materialklasse BM-F3 gem. Anlage 1, auf der genehmigten Annahme-/Verwertungsstelle;175,0;t;gaeb;leistungsbeschreibungen/2026_08_10_HH_EASK_LV_Umverlegung_Infrastrukturleitungen.X81
6;Ordnungsgemäße Entsorgung einschließlich Verladen, Transport und Deponiegebühren von Bodenmaterial bis Deponieklasse DK II nach DepV.;1,0;t;gaeb;leistungsbeschreibungen/2026_08_10_HH_EASK_LV_Umverlegung_Infrastrukturleitungen.X81
1;Bau- und Abbruchabfälle Beton, Ziegel, Fliesen;260,0;t;gaeb;leistungsbeschreibungen/2026_08_10_HH_EASK_LV_Umverlegung_Infrastrukturleitungen.X81
2;Bau- und Abbruchabfälle Beton, Ziegel, Fliesen;75,0;t;gaeb;leistungsbeschreibungen/2026_08_10_HH_EASK_LV_Umverlegung_Infrastrukturleitungen.X81
3;Bau- und Abbruchabfälle Beton, Ziegel, Fliesen;55,0;t;gaeb;leistungsbeschreibungen/2026_08_10_HH_EASK_LV_Umverlegung_Infrastrukturleitungen.X81
4;Bau- und Abbruchabfälle Beton, Ziegel, Fliesen;1,0;t;gaeb;leistungsbeschreibungen/2026_08_10_HH_EASK_LV_Umverlegung_Infrastrukturleitungen.X81
1;Stundenlohnarbeiten durch Arbeitskraft auf Anordnung des AG durchführen. Leistung durch Polier, Schachtmeister o. ä.;8,0;h;gaeb;leistungsbeschreibungen/2026_08_10_HH_EASK_LV_Umverlegung_Infrastrukturleitungen.X81
2;Stundenlohnarbeiten durch Arbeitskraft auf Anordnung des AG durchführen. Leistung durch Baufacharbeiter o. ä.;8,0;h;gaeb;leistungsbeschreibungen/2026_08_10_HH_EASK_LV_Umverlegung_Infrastrukturleitungen.X81
3;Stundenlohnarbeiten auf Anordnung des AG durchführen. Leistung durch Rad- oder Kettenbagger einschl. Bedienpersonal.;4,0;h;gaeb;leistungsbeschreibungen/2026_08_10_HH_EASK_LV_Umverlegung_Infrastrukturleitungen.X81
4;Stundenlohnarbeiten auf Anordnung des AG durchführen. Leistung durch Frontlader einschl. Bedienpersonal.;4,0;h;gaeb;leistungsbeschreibungen/2026_08_10_HH_EASK_LV_Umverlegung_Infrastrukturleitungen.X81
5;Stundenlohnarbeiten auf Anordnung des AG durchführen. Leistung durch Flächenrüttler einschl. Bedienpersonal.;4,0;h;gaeb;leistungsbeschreibungen/2026_08_10_HH_EASK_LV_Umverlegung_Infrastrukturleitungen.X81
6;Stundenlohnarbeiten auf Anordnung des AG durchführen. Leistung durch Abbruchhammer einschl. Bedienpersonal.;4,0;h;gaeb;leistungsbeschreibungen/2026_08_10_HH_EASK_LV_Umverlegung_Infrastrukturleitungen.X81
7;Stundenlohnarbeiten auf Anordnung des AG durchführen. Leistung durch Lastkraftwagen einschl. Fahrer und Mautgebühren.;4,0;h;gaeb;leistungsbeschreibungen/2026_08_10_HH_EASK_LV_Umverlegung_Infrastrukturleitungen.X81
8;Stundenlohnarbeiten durch Arbeitskraft auf Anordnung des AG durchführen. Leistung durch Vermessungstrupp;4,0;h;gaeb;leistungsbeschreibungen/2026_08_10_HH_EASK_LV_Umverlegung_Infrastrukturleitungen.X81
1;"Baustelleneinrichtung einschl. Antransport, Aufstellen sowie Umsetzen von Maschinen, Geräten und sonstigen Betriebs­mitteln, die zur vertragsgemäßen Durchführung der Bau­leistungen erforderlich sind; Bereitstellen der erforderlichen Werkzeuge.";1,0;St;gaeb;leistungsbeschreibungen/2026_08_10_HH_EASK_LV_Umverlegung_Infrastrukturleitungen.X81
2;Verlängerungswoche der Pos. zuvor.;1,0;Wo;gaeb;leistungsbeschreibungen/2026_08_10_HH_EASK_LV_Umverlegung_Infrastrukturleitungen.X81
3;Vorhandenen Bauzaun für die Herstellung des Erweiterungsbaus, auf unbefestigtem Untergrund, aus Einzelelementen mit verzinktem Stahlrohrrahmen und Vergitterung, mit Standfüßen, Zaunoberkante über Oberfläche Gelände 2 m, abschnittsweise umsetzen für die im Titel 1 auszuführenden Arbeiten.;50,0;m;gaeb;leistungsbeschreibungen/2026_08_10_HH_EASK_LV_Umverlegung_Infrastrukturleitungen.X81
4;Behelfsüberfahrt für Fahrzeuge aus Stahlplatten, Nutzlast bis 60,0 t, für öffentlichen Verkehr, Länge über 2 bis 4 m, Breite 3,5 m, vorhalten über die gesamte Bauzeit, herstellen und beseitigen.;5,0;St;gaeb;leistungsbeschreibungen/2026_08_10_HH_EASK_LV_Umverlegung_Infrastrukturleitungen.X81
5;Behelfsüberfahrt der vorherigen Position umsetzen;10,0;St;gaeb;leistungsbeschreibungen/2026_08_10_HH_EASK_LV_Umverlegung_Infrastrukturleitungen.X81
6;Fußgängerüberwege zur Anrampung von Eingängen und sonstiger Erfordernis, mit Geländer, Länge 2,0 m, Breite 1,5 m, vorhalten über die gesamte Bauzeit, herstellen und beseitigen.;6,0;St;gaeb;leistungsbeschreibungen/2026_08_10_HH_EASK_LV_Umverlegung_Infrastrukturleitungen.X81
7;Fußgängerüberwege der vorherigen Position umsetzen;6,0;St;gaeb;leistungsbeschreibungen/2026_08_10_HH_EASK_LV_Umverlegung_Infrastrukturleitungen.X81
8;Baustellenräumung einschl. Verladung und Abtransport;1,0;St;gaeb;leistungsbeschreibungen/2026_08_10_HH_EASK_LV_Umverlegung_Infrastrukturleitungen.X81
1;Betonsteinpflaster verschiedener Art und Größe aufnehmen, Bettung aus Sand, oder Kiessand, wiederverwendbare Stoffe reinigen, innerhalb der Baustelle fördern und lagern. Es sind nur soviel Pflastersteine im Baufeld zu lagern, wie nach Einbau der Leitungen für die Wiederherstellung der Oberflächenbef;95,0;m²;gaeb;leistungsbeschreibungen/2026_08_10_HH_EASK_LV_Umverlegung_Infrastrukturleitungen.X81
2;Pflaster im Baufeld lagernd aufnehmen, verfahren und einbauen.;40,0;m²;gaeb;leistungsbeschreibungen/2026_08_10_HH_EASK_LV_Umverlegung_Infrastrukturleitungen.X81
3;Pflasterdecke ZTV Pflaster-StB herstellen, aus Rechtecksteinen Beton, grau bzw. wie vorgefunden, TL Pflaster-StB bzw. DIN EN 1338, Dicke 100 mm, Länge/Breite ca. 200 mm x 120 mm bzw. wie vorgefunden, einschichtig, DIN EN 1338, max. Differenzen K, Witterungswiderstand D, Abriebwiderstand I, in Gehweg;45,0;m²;gaeb;leistungsbeschreibungen/2026_08_10_HH_EASK_LV_Umverlegung_Infrastrukturleitungen.X81
4;Pflastersteine aus Beton auf Passmaß trennen und an Kanten, Einfassungen, Aussparungen oder Einbauten zuarbeiten, behauen oder schneiden, durch Nassschneiden.;80,0;m;gaeb;leistungsbeschreibungen/2026_08_10_HH_EASK_LV_Umverlegung_Infrastrukturleitungen.X81
5;Anpassung der Pflastersteine an Aussparungen, Schächte, Einbauten etc.;5,0;St;gaeb;leistungsbeschreibungen/2026_08_10_HH_EASK_LV_Umverlegung_Infrastrukturleitungen.X81
6;Bitumenhaltige Befestigung schneiden, Dicke der Befestigung bis 20 cm, Ausführung mit Fugenschneidgerät, Trennen durch Nasschneiden.;130,0;m;gaeb;leistungsbeschreibungen/2026_08_10_HH_EASK_LV_Umverlegung_Infrastrukturleitungen.X81
7;"Bitumenhaltige Befestigung trennen, Dicke der Befestigung bis 20 cm, Ausführung mit Fugenschneidgerät, Trennen durch Nasschneiden ""Rückschnitt"".";130,0;m;gaeb;leistungsbeschreibungen/2026_08_10_HH_EASK_LV_Umverlegung_Infrastrukturleitungen.X81
8;Abbruch der bitumenhaltigen Befestigung (inkl. Asphaltbinderschicht u. Asphalttragschicht im Bereich von asphaltierten Parkplatzflächen), im Rahmen einer Teilabbruchmaßnahme, in Parkplatzflächen,;45,0;m²;gaeb;leistungsbeschreibungen/2026_08_10_HH_EASK_LV_Umverlegung_Infrastrukturleitungen.X81
9;Zulageposition für die vorherigen Position 01.02.3, für den Abbruch von pechhaltiger Befestigung;1,0;m²;gaeb;leistungsbeschreibungen/2026_08_10_HH_EASK_LV_Umverlegung_Infrastrukturleitungen.X81
10;Asphalttragschicht ZTV Asphalt-StB aus;45,0;m²;gaeb;leistungsbeschreibungen/2026_08_10_HH_EASK_LV_Umverlegung_Infrastrukturleitungen.X81
11;Unterlagen reinigen, in Parkflächen. Anfallendes Kehrgut der Verwertung nach Wahl des AN zuführen.;45,0;m²;gaeb;leistungsbeschreibungen/2026_08_10_HH_EASK_LV_Umverlegung_Infrastrukturleitungen.X81
12;Bitumenemulsion zur Herstellung des Schichtenverbandes auf Asphaltbefestigung aufsprühen, vor Einbau Asphaltdeckschicht. In Parkplatzflächen der Bk 1,8.;45,0;m²;gaeb;leistungsbeschreibungen/2026_08_10_HH_EASK_LV_Umverlegung_Infrastrukturleitungen.X81
13;Asphaltdeckschicht aus Asphaltbeton AC 11 D N herstellen, in Parkplatzflächen der Belastungsklasse 1,8 bzw. wie vorgefunden.;45,0;m²;gaeb;leistungsbeschreibungen/2026_08_10_HH_EASK_LV_Umverlegung_Infrastrukturleitungen.X81
14;Abstumpfungsmaßnahme zur Erhöhung der Anfangsgriffigkeit durch gleichmäßiges Aufbringen und Einwalzen von Abstreukörnung durchführen. Nicht gebundene Abstreukörnung aufnehmen und der Verwertung nach Wahl des AN zuführen.;55,0;m²;gaeb;leistungsbeschreibungen/2026_08_10_HH_EASK_LV_Umverlegung_Infrastrukturleitungen.X81
15;Erschwernis infolge von Einfassungen, Borden und Fahrbahnübergängen.;1,0;m;gaeb;leistungsbeschreibungen/2026_08_10_HH_EASK_LV_Umverlegung_Infrastrukturleitungen.X81
16;Erschwernis infolge von Einbauten, Schächten und Straßenabläufen.;1,0;St;gaeb;leistungsbeschreibungen/2026_08_10_HH_EASK_LV_Umverlegung_Infrastrukturleitungen.X81
17;"Fugen beim Einbau der Deckschichten durch Einbringen von Fugenbändern (Bitumenschmelzband, ""TOK-Band"") anlegen, Dicke der Deckschicht 4 cm.";130,0;m;gaeb;leistungsbeschreibungen/2026_08_10_HH_EASK_LV_Umverlegung_Infrastrukturleitungen.X81
1;Bodenaushub für Suchgräben/-schlitze zur Lagefeststellung von erdverlegten Rohrleitungen, Kabeln, Entwässerungsleitungen, Entsorgungsleitungen etc. auf Anweisung des AG, Boden entsorgen, Material als Ersatz einbauen und verdichten. Einschl. erf. Sicherungsmaßnahmen, Verbau nach Wahl des AN. Die Vors;10,0;m³;gaeb;leistungsbeschreibungen/2026_08_10_HH_EASK_LV_Umverlegung_Infrastrukturleitungen.X81
2;Abtrag von Oberboden einschl. Vegetationsdecke nach DIN 18300 bzw. DIN 18915, in vorhandener Stärke, Dicke im Mittel 30 cm, Oberboden zur späteren Wiederverwendung in Mieten im Baufeld lagern und vor Witterung schützen. Eine Vermischung mit dem Untergrund ist unbedingt zu vermeiden.;150,0;m²;gaeb;leistungsbeschreibungen/2026_08_10_HH_EASK_LV_Umverlegung_Infrastrukturleitungen.X81
3;Auftrag des Oberbodens aus vorheriger Position. Auftragstärke gemäß Aufmaß aus vorheriger Position bis ca. 30 cm, Oberboden kreuzweise fräsen und fein planieren.;35,0;m²;gaeb;leistungsbeschreibungen/2026_08_10_HH_EASK_LV_Umverlegung_Infrastrukturleitungen.X81
4;Leitungsgraben profilgerecht ausheben, Bodenaushub zu Lagerplatz des AN fördern, abladen und zur Wiederverfüllung lagern (Förderweg bis 500 m).;255,0;m³;gaeb;leistungsbeschreibungen/2026_08_10_HH_EASK_LV_Umverlegung_Infrastrukturleitungen.X81
5;Leitungsgraben profilgerecht ausheben, Bodenaushub laden, abfahren und einer geeigneten Verwertung zurführen.;160,0;m³;gaeb;leistungsbeschreibungen/2026_08_10_HH_EASK_LV_Umverlegung_Infrastrukturleitungen.X81
6;Verbauarbeiten nach DIN 18303  für Leitungsgräben außerhalb der Baugrube unter Beachtung von DIN 4124 entsprechend den statischen Erfordernissen herstellen, nach Wahl des AN, vorhalten und nach Beendigung der Arbeiten wieder fachgerecht rückbauen,;250,0;m;gaeb;leistungsbeschreibungen/2026_08_10_HH_EASK_LV_Umverlegung_Infrastrukturleitungen.X81
7;Boden liefern und als Untergrundverbesserung in Leitungsgraben auf besondere Anweisung der Bauüberwachung und/oder des AG einbauen. Verdichtung mit geeignetem Verdichtungsgerät nach ZTV E-StB, Verdichtungsgrad 97-100% Proctordichte.;1,0;m³;gaeb;leistungsbeschreibungen/2026_08_10_HH_EASK_LV_Umverlegung_Infrastrukturleitungen.X81
8;Zeitweise fließfähiger, selbstverdichtender Verfüllbaustoff (Flüssigboden) abschnittsweise in Leitungsgraben und Baugrubenbereich auf besondere Anweisung der Bauüberwachung und/oder des AG einbauen.;1,0;m³;gaeb;leistungsbeschreibungen/2026_08_10_HH_EASK_LV_Umverlegung_Infrastrukturleitungen.X81
9;Nichtaggressiver Schutzsand 0/2 mm zur Herstellung der Leitungszone, für Seiten­verfüllung und Rohrüberdeckung, in vorbereiteten Rohrgraben lagenweise einbauen und verdichten.;185,0;m³;gaeb;leistungsbeschreibungen/2026_08_10_HH_EASK_LV_Umverlegung_Infrastrukturleitungen.X81
10;Lieferung von Boden für die Grabenverfüllung als Ersatz für nicht wiedereinbaufähiges Aushubmaterial.;50,0;m³;gaeb;leistungsbeschreibungen/2026_08_10_HH_EASK_LV_Umverlegung_Infrastrukturleitungen.X81
11;Wiedereinbaufähiges, seitl. gelagertes Auffüllungsmaterial -  nicht bindig gem. Baugrundgutachten - vom Zwischenlager des AN  aufnehmen, zur Einbaustelle transportieren und profil­gerecht einbauen, in Hof- und Parkplatzflächen sowie abschnittsweise in Rasenflächen,;60,0;m²;gaeb;leistungsbeschreibungen/2026_08_10_HH_EASK_LV_Umverlegung_Infrastrukturleitungen.X81
12;Frostschutzschicht als Ersatz für nicht wiedereinbaufähiges Material, in Parkplatzflächen, aus Baustoffgemisch für Frostschutzschicht, liefern, verfüllen verdichten, in Teilfächen, Verformungsmodul EV2 auf der Oberfläche mind. 120 MN/m², Arbeiten mit Gerät, Körnung 0/45, Einbauhöhe bis 43 cm bzw. wi;15,0;m³;gaeb;leistungsbeschreibungen/2026_08_10_HH_EASK_LV_Umverlegung_Infrastrukturleitungen.X81
13;Schottertragschicht als Ersatz für nicht wiedereinbaufähiges Material, in Parkplatzflächen, aus Baustoffgemisch für Schottertragschicht, liefern, verfüllen verdichten, in Teilfächen, Verformungsmodul EV2 auf der Oberfläche mind. 150 MN/m², Arbeiten mit Gerät, Körnung 0/32, Einbauhöhe 25 cm bzw. wie ;5,0;m³;gaeb;leistungsbeschreibungen/2026_08_10_HH_EASK_LV_Umverlegung_Infrastrukturleitungen.X81
14;Erdaushub von Hand als Zulage zu den Bodenaushubpositionen.;15,0;m³;gaeb;leistungsbeschreibungen/2026_08_10_HH_EASK_LV_Umverlegung_Infrastrukturleitungen.X81
15;Hindernis im Boden aus Mauerwerk und Beton in Teilkörpern abbrechen,Geräteeinsatz ist möglich, max. Gesamtgewicht der Geräte ohne Beschränkung, Ausführung staubarm, ohne Untergrundbeschädigung, aufgenommene Stoffe zur Verwertung/Entsorgung sortieren, sammeln, und auf der Baustelle lagern, Stoffe sin;1,0;m³;gaeb;leistungsbeschreibungen/2026_08_10_HH_EASK_LV_Umverlegung_Infrastrukturleitungen.X81
16;"Geräteeinsatz nicht möglich; Ausführung der Arbeiten von Hand / mit handgeführten Kleingeräten.";1,0;m³;gaeb;leistungsbeschreibungen/2026_08_10_HH_EASK_LV_Umverlegung_Infrastrukturleitungen.X81
17;Nachweis der Verdichtung mittels zusätzlicher Lastplatten­druckversuche und Vorlage eines Protokolls. Nach besonderer Anordnung der Bauleitung bzw. des AG.;10,0;St;gaeb;leistungsbeschreibungen/2026_08_10_HH_EASK_LV_Umverlegung_Infrastrukturleitungen.X81
18;Sicherungsbeton C12/15 einschl. Schalung, grobgeschalt, Einbau als Widerlager, zur Unterfangung und Sicherung von Leitungen,Kanälen und Einbauten.;1,0;m³;gaeb;leistungsbeschreibungen/2026_08_10_HH_EASK_LV_Umverlegung_Infrastrukturleitungen.X81
19;Zulage zum Rohrgrabenaushub für das Kreuzen von Kanal-, Wasser- , Gas-, Fernwärme- und sonstigen Rohrtrassen. Die einzelnen Spartenträger sind sorgfältig freizulegen, zu sichern und im Zuge der Leitungsgrabenverfüllung mit steinfreiem Material wieder zu umhüllen.;12,0;St;gaeb;leistungsbeschreibungen/2026_08_10_HH_EASK_LV_Umverlegung_Infrastrukturleitungen.X81
20;Zulage zum Rohrgrabenaushub für das Sichern von Gas- und Abwassertrassen längs zum Rohrgraben.;80,0;m;gaeb;leistungsbeschreibungen/2026_08_10_HH_EASK_LV_Umverlegung_Infrastrukturleitungen.X81
1;Abbruch der vorh. Rohrleitungen aus PVCU, RW- u. SW-Leitungen, Außendurchmesser über 110 bis 160mm, im Rahmen einer Teilabbruchmaßnahme, nicht schadstoffbelastet,;30,0;m;gaeb;leistungsbeschreibungen/2026_08_10_HH_EASK_LV_Umverlegung_Infrastrukturleitungen.X81
2;Abbruch Kommunikations-/Signalkabel, im Rahmen einer Teilabbruchmaßnahme, nicht schadstoffbelastet,;5,0;m;gaeb;leistungsbeschreibungen/2026_08_10_HH_EASK_LV_Umverlegung_Infrastrukturleitungen.X81
3;Abbruch des Schachtbauwerks S11 für SW, aus unbewehrtem Beton, Normalbeton, Höhe 1.650 mm, Schachtdurchmesser 1.000 mm, im Rahmen einer Totalabbruchmaßnahme, nicht schadstoffbelastet,;1,0;St;gaeb;leistungsbeschreibungen/2026_08_10_HH_EASK_LV_Umverlegung_Infrastrukturleitungen.X81
4;Druckrohr aus PE 100-RC nach PAS 1075, gemäß DIN 8074 DIN 8075, DIN EN 12201, mit höchstem Widerstand gegen langsames Risswachstum, Außendurchmesser 90 mm, Innendurchmesser 79,2 mm. Rohrfarbe der Außenschicht blau zur Kennzeichnung für das Medium Trinkwasser. Prüfung nach DVGW GW 335-A2, in Längen v;90,0;m;gaeb;leistungsbeschreibungen/2026_08_10_HH_EASK_LV_Umverlegung_Infrastrukturleitungen.X81
5;Herstellen von Rohrleitungsverbindungen aus PE100-RC, 90 x 8,2 mm, für Rohrleitungen der vorherigen Position, mittels Elektromuffenschweißung. Der Einbau von Formteilen wird gesondert ver­gütet.;5,0;St;gaeb;leistungsbeschreibungen/2026_08_10_HH_EASK_LV_Umverlegung_Infrastrukturleitungen.X81
6;Bögen 11° bis 45°, formgespritzt mit langem Schweißende, aus PE 100, 90 x 8,2 mm, für Trinklwasser, passend zu Druckrohleitung der vorherigen Position, einschl. Verbindung der Rohre und Bögen durch Elektromuffenschweißung.;3,0;St;gaeb;leistungsbeschreibungen/2026_08_10_HH_EASK_LV_Umverlegung_Infrastrukturleitungen.X81
7;Vorschweißbund, formgespritzt aus PE-RC, passend zur Trinkwasser-Transportleitung PE 100-RC, 90 x 5,4 mm, mit langen Schweißenden u. Losflansch nach DIN 16962/16963, Teil 4 für Vorschweißbunde mit Stahleinlage, Lochbild nach DIN 2501, mittels Schweißverbindung in die Transport­leitung einbauen. Eins;1,0;St;gaeb;leistungsbeschreibungen/2026_08_10_HH_EASK_LV_Umverlegung_Infrastrukturleitungen.X81
8;Druckrohr aus PE 100-RC nach PAS 1075, gemäß DIN 8074 DIN 8075, DIN EN 12201, Außendurchmesser 200 mm, Innendurchmesser 176,2 mm. Baulänge 12 m, Transport vom Zwischenlagerplatz nach Wahl des AN zur Verwendungsstelle, einschl. aller Rohrschnitte. Verschnitt ist einzurechnen.;20,0;m;gaeb;leistungsbeschreibungen/2026_08_10_HH_EASK_LV_Umverlegung_Infrastrukturleitungen.X81
9;Bögen 11° bis 45°, formgespritzt mit langem Schweißende, aus PE 100, 200 x 11,9 mm, für Regenlwasser, passend zu Druckrohleitung der vorherigen Position, einschl. Verbindung der Rohre und Bögen durch Elektromuffenschweißung.;2,0;St;gaeb;leistungsbeschreibungen/2026_08_10_HH_EASK_LV_Umverlegung_Infrastrukturleitungen.X81
10;Liefern Abwasserkanal aus PP (Polypropylen)-Rohren DIN EN 1852-1, homogenes Vollwandrohr, für Regenwasser, mit Steckverbindung, DN/OD 250, SN 8, Baulängen 6 m, Farbe grün, Verlegung DIN EN 1610 in vorh. Graben, Grabentiefe über 1,10 bis 1,20 m,;20,0;m;gaeb;leistungsbeschreibungen/2026_08_10_HH_EASK_LV_Umverlegung_Infrastrukturleitungen.X81
11;Liefern Abwasserkanal aus PP-Rohren D, für Regenwasser,   DN/OD 200, in vorh. teilweise verbauten Graben, Grabentiefe über 1,0 m bis 1,95 m.;20,0;m;gaeb;leistungsbeschreibungen/2026_08_10_HH_EASK_LV_Umverlegung_Infrastrukturleitungen.X81
12;Muffenstopfen, Formstück aus PP (Polypropylen) DIN EN 1852-1, homogenes Vollwandrohr, für Abwasserkanal, DN/OD 200, SN 10.;1,0;St;gaeb;leistungsbeschreibungen/2026_08_10_HH_EASK_LV_Umverlegung_Infrastrukturleitungen.X81
13;Liefern Abwasserkanal aus PP-Rohren, für Regenwasser, DN/OD 160,in vorh. Graben, Grabentiefe über 0,9 bis 1,10 m.;35,0;m;gaeb;leistungsbeschreibungen/2026_08_10_HH_EASK_LV_Umverlegung_Infrastrukturleitungen.X81
14;Liefern Abwasserkanal aus PP-Rohren, für Schmutzwasser, DN/OD 200, Farbe orange, in vorh. teilweise verbauten Graben,;95,0;m;gaeb;leistungsbeschreibungen/2026_08_10_HH_EASK_LV_Umverlegung_Infrastrukturleitungen.X81
15;Liefern Abwasserkanal aus PP-Rohren, für Schmutzwasser,  DN/OD 160, Farbe orange,;20,0;m;gaeb;leistungsbeschreibungen/2026_08_10_HH_EASK_LV_Umverlegung_Infrastrukturleitungen.X81
16;Liefern Abwasserkanal aus PP-Rohren, für Schmutzwasser, DN/OD 125, Farbe orange, in vorh. teilweise verbautem Graben, Grabentiefe über 1,0 bis 1,45 m.;20,0;m;gaeb;leistungsbeschreibungen/2026_08_10_HH_EASK_LV_Umverlegung_Infrastrukturleitungen.X81
17;Abwasserkanal, für den Anschluss von Fallrohren, Entwässerungsrinnen und Abläufe zur Entwässerung von Lichtschächten, aus PP-Rohren, für Regenwasser, DN/OD 160;60,0;m;gaeb;leistungsbeschreibungen/2026_08_10_HH_EASK_LV_Umverlegung_Infrastrukturleitungen.X81
18;Liefern Abwasserkanal, für den Anschluss von Fallrohren, Entwässerungsrinnen und Abläufe zur Entwässerung von Lichtschächten,, aus PP-Rohren, für Regenwasser, DN/OD 125, in vorh. Graben,;65,0;m;gaeb;leistungsbeschreibungen/2026_08_10_HH_EASK_LV_Umverlegung_Infrastrukturleitungen.X81
19;Liefern Abwasserkanal, für den Anschluss von Fallrohren, Entwässerungsrinnen und Abläufe zur Entwässerung von Lichtschächten, aus PP-Rohren, DN/OD 110;130,0;m;gaeb;leistungsbeschreibungen/2026_08_10_HH_EASK_LV_Umverlegung_Infrastrukturleitungen.X81
20;Liefern Abwasserkanal, als Anschlussleitungen, aus PP-Rohren, für Schmutzwasser, übergeben aus dem Erw.-Bau, DN/OD 125;10,0;m;gaeb;leistungsbeschreibungen/2026_08_10_HH_EASK_LV_Umverlegung_Infrastrukturleitungen.X81
21;Liefern Abwasserkanal, als Anschlussleitungen, aus PP-Rohren;50,0;m;gaeb;leistungsbeschreibungen/2026_08_10_HH_EASK_LV_Umverlegung_Infrastrukturleitungen.X81
22;Liefern Abwasserkanal, als Anschlussleitungen, aus PP;130,0;m;gaeb;leistungsbeschreibungen/2026_08_10_HH_EASK_LV_Umverlegung_Infrastrukturleitungen.X81
23;Bögen 11° bis 45°, Formstück aus PP (Polypropylen) DIN EN 1852-1, homogenes Vollwandrohr, für Abwasserkanal (Regenwasser), DN/OD 250, SN 8, Farbe grün.;1,0;St;gaeb;leistungsbeschreibungen/2026_08_10_HH_EASK_LV_Umverlegung_Infrastrukturleitungen.X81
24;Bögen 11° bis 45°, Formstück aus PP für Abwasserkanal (Regenwasser), DN/OD 200.;1,0;St;gaeb;leistungsbeschreibungen/2026_08_10_HH_EASK_LV_Umverlegung_Infrastrukturleitungen.X81
25;Bögen 11° bis 45°, Formstück aus PP  für Abwasserkanal und Anschlussleitungen (Regenwasser), DN/OD 160.;13,0;St;gaeb;leistungsbeschreibungen/2026_08_10_HH_EASK_LV_Umverlegung_Infrastrukturleitungen.X81
26;Bögen 11° bis 45°, Formstück aus PP für Anschlussleitungen (Regenwasser), DN/OD 125.;5,0;St;gaeb;leistungsbeschreibungen/2026_08_10_HH_EASK_LV_Umverlegung_Infrastrukturleitungen.X81
27;Bögen 11° bis 45°, Formstück aus PP für Anschlussleitungen (Regenwasser), DN/OD 110.;20,0;St;gaeb;leistungsbeschreibungen/2026_08_10_HH_EASK_LV_Umverlegung_Infrastrukturleitungen.X81
28;Bögen 11° bis 45°, Formstück aus PP, für Abwasserkanal (Schmutzwasser), DN/OD 200, Farbe orange.;2,0;St;gaeb;leistungsbeschreibungen/2026_08_10_HH_EASK_LV_Umverlegung_Infrastrukturleitungen.X81
29;Bögen 11° bis 45°, Formstück aus PP, für Abwasserkanal und Anschlussleitungen (Regenwasser), DN/OD 160.;5,0;St;gaeb;leistungsbeschreibungen/2026_08_10_HH_EASK_LV_Umverlegung_Infrastrukturleitungen.X81
30;Bögen 11° bis 45°, Formstück aus PP, für Abwasserkanal und Anschlussleitungen (Schmutzwasser), DN/OD 125, Farbe orange.;13,0;St;gaeb;leistungsbeschreibungen/2026_08_10_HH_EASK_LV_Umverlegung_Infrastrukturleitungen.X81
31;Bögen 11° bis 45°, Formstück aus PP, für  Anschlussleitungen (Schmutzwasser), DN/OD 110, Farbe orange.;10,0;St;gaeb;leistungsbeschreibungen/2026_08_10_HH_EASK_LV_Umverlegung_Infrastrukturleitungen.X81
32;Schacht aus Beton-/Stahlbetonfertigteilen DIN EN 1917, DIN 4034-1, Typ 2, rund, DN 1000, mit Schachtunterteil, Schachtringen/Schachtrohr, Abdeckplatte, Auflageringen, Bauteilverbindung mit Dichtungen aus Elastomeren DIN EN 681-1 und DIN 4060 als Kompressionsdichtung, Dichtungen werkseitig fest einge;1,0;St;gaeb;leistungsbeschreibungen/2026_08_10_HH_EASK_LV_Umverlegung_Infrastrukturleitungen.X81
33;Schacht aus Beton-/Stahlbetonfertigteilen DIN EN 1917, DIN 4034-1, Typ 2, rund, DN 1000, 2 xZulauf für Rohre a;1,0;St;gaeb;leistungsbeschreibungen/2026_08_10_HH_EASK_LV_Umverlegung_Infrastrukturleitungen.X81
34;Schacht aus Beton-/Stahlbetonfertigteilen DIN EN 1917, DIN 4034-1, Typ 2, rund, DN 1000, Zulauf für Rohre aus PP, DN 110,;1,0;St;gaeb;leistungsbeschreibungen/2026_08_10_HH_EASK_LV_Umverlegung_Infrastrukturleitungen.X81
35;Schacht aus Beton-/Stahlbetonfertigteilen DIN EN 1917, DIN 4034-1, Typ 2, rund, DN 1000, Zulauf für Rohre aus;1,0;St;gaeb;leistungsbeschreibungen/2026_08_10_HH_EASK_LV_Umverlegung_Infrastrukturleitungen.X81
36;Schacht aus Beton-/Stahlbetonfertigteilen DIN EN 1917, DIN 4034-1, Typ 2, rund, DN 1000, Zulauf;1,0;St;gaeb;leistungsbeschreibungen/2026_08_10_HH_EASK_LV_Umverlegung_Infrastrukturleitungen.X81
37;Schacht aus Beton-/Stahlbetonfertigteilen DIN EN 1917, DIN 4034-1, Typ 2, rund, DN 1000, 3 x;1,0;St;gaeb;leistungsbeschreibungen/2026_08_10_HH_EASK_LV_Umverlegung_Infrastrukturleitungen.X81
38;Liefern und Einbau Druckentspannungsschacht ES1, mit zwei Zulauf- und einer Ablaufleitung.;1,0;St;gaeb;leistungsbeschreibungen/2026_08_10_HH_EASK_LV_Umverlegung_Infrastrukturleitungen.X81
39;Abwasserhebeanlage für Drainagewasser DN 1.000,;1,0;St;gaeb;leistungsbeschreibungen/2026_08_10_HH_EASK_LV_Umverlegung_Infrastrukturleitungen.X81
40;Abwasserhebeanlage für Regenwasser PS2, DN 800,;1,0;St;gaeb;leistungsbeschreibungen/2026_08_10_HH_EASK_LV_Umverlegung_Infrastrukturleitungen.X81
41;Abwasserhebeanlage für Regenwasser PS3, DN 800;1,0;St;gaeb;leistungsbeschreibungen/2026_08_10_HH_EASK_LV_Umverlegung_Infrastrukturleitungen.X81
42;Einzelpumpstation;1,0;St;gaeb;leistungsbeschreibungen/2026_08_10_HH_EASK_LV_Umverlegung_Infrastrukturleitungen.X81
43;Regenstandrohr mit Reinigungsöffnung aus verzinktem Stahl, Dicke 2 mm, kreisförmig, Nenngröße 100, Länge 1 m, Befestigung mit Rohrschelle an Beton, verputzt, einschl. Liefern und Einbau aller für den Anschluss an die erdverlegte Leitungen aus PP DN/OD 110 notwendigen Formstücke.;18,0;St;gaeb;leistungsbeschreibungen/2026_08_10_HH_EASK_LV_Umverlegung_Infrastrukturleitungen.X81
44;Regenstandrohr, einschl. Liefern und Einbau aller für den Anschluss an die erdverlegte Anschlussleitung aus PP DN/OD 125 notwendigen Formstücke.;1,0;St;gaeb;leistungsbeschreibungen/2026_08_10_HH_EASK_LV_Umverlegung_Infrastrukturleitungen.X81
45;Regenstandrohr einschl. Liefern und Einbau aller für den Anschluss an die erdverlegte Anschlussleitung aus PP DN/OD 160 notwendigen Formstücke.;2,0;St;gaeb;leistungsbeschreibungen/2026_08_10_HH_EASK_LV_Umverlegung_Infrastrukturleitungen.X81
46;Bodenabläufe aus Kunststoff zur Entwässerung der östlich des Erw.-Baus angeordneten Lichtschächte, Anschluss DN 125, Auslauf senkrecht, mit herausnehmbarem Geruchverschluss, mit Sandfang, Einbautiefe bis 1.000 mm, mit Aufsatzstück, stufenlos höhenverstellbar, aus Kunststoff mit Lippendichtung, Aufsa;4,0;St;gaeb;leistungsbeschreibungen/2026_08_10_HH_EASK_LV_Umverlegung_Infrastrukturleitungen.X81
47;Bodenabläufe aus Kunststoff zur Entwässerung der westlich des Erw.-Baus angeordneten Lichtschächte, Anschluss DN 110.;3,0;St;gaeb;leistungsbeschreibungen/2026_08_10_HH_EASK_LV_Umverlegung_Infrastrukturleitungen.X81
48;Bodenabläufe aus Kunststoff zur Entwässerung des Innenhofs zwischen Geb. C und D, Anschluss DN 160.;2,0;St;gaeb;leistungsbeschreibungen/2026_08_10_HH_EASK_LV_Umverlegung_Infrastrukturleitungen.X81
49;Entwässerungsrinne für Oberflächenwasser DIN EN 1433 und DIN 19580, Klasse A 15, Nennweite 100 mm, Baulänge 1.000 mm, aus Polymerbeton, mit mind. 0,5 % Eigengefälle, mit Abdeckung aus verzinktem Stahl, als Maschenrost, mit Kantenschutz aus verzinktem Stahl, mit Arretierung, einschl. Fundamentarbeite;30,0;m;gaeb;leistungsbeschreibungen/2026_08_10_HH_EASK_LV_Umverlegung_Infrastrukturleitungen.X81
50;"Trassenwarnband aus PE-Verbundfolie gem. FTZ-Norm mit integriertem Kupferkabel zur Ortung, mit Aufschrift ""Trinkwasser"", im Rohr­graben oberhalb der TW-Transportleitung.";90,0;m;gaeb;leistungsbeschreibungen/2026_08_10_HH_EASK_LV_Umverlegung_Infrastrukturleitungen.X81
1;Anschluss Abwasserkanal PP DN 110, als Anschlussleitungen für die im Rahmen der Arbeiten für Titel 1 temporär umgeleiteten RW-Fallrohre von Gebäude C, RR15 u. RR16, an die herzustellende RW-Leitung PP DN 160, einschl. erforderlicher Rohrschnitte und Liefern aller für den Anschluss notwendigen Formst;2,0;St;gaeb;leistungsbeschreibungen/2026_08_10_HH_EASK_LV_Umverlegung_Infrastrukturleitungen.X81
2;Anschluss Abwasserkanal PP DN 110, als Anschlussleitung für die herzustellenden Regenwasserstandrohre, an Regenwasser-Grundleitung aus PP DN/OD 250.;4,0;St;gaeb;leistungsbeschreibungen/2026_08_10_HH_EASK_LV_Umverlegung_Infrastrukturleitungen.X81
3;Anschluss Abwasserkanal PP DN 110, als Anschlussleitung für die herzustellenden Regenwasserstandrohre, an Regenwasser-Grundleitung aus PP DN/OD 200.;3,0;St;gaeb;leistungsbeschreibungen/2026_08_10_HH_EASK_LV_Umverlegung_Infrastrukturleitungen.X81
4;Anschluss Abwasserkanal PP DN 110, als Anschlussleitung für die herzustellenden Regenwasserstandrohre, an Regenwasser-Grundleitung aus PP DN/OD 160.;6,0;St;gaeb;leistungsbeschreibungen/2026_08_10_HH_EASK_LV_Umverlegung_Infrastrukturleitungen.X81
5;Anschluss Abwasserkanal PP DN 110, als Anschlussleitung für die herzustellenden Regenwasserstandrohre, an Regenwasser-Grundleitung aus PP DN/OD 125.;1,0;St;gaeb;leistungsbeschreibungen/2026_08_10_HH_EASK_LV_Umverlegung_Infrastrukturleitungen.X81
6;Anschluss Abwasserkanal PP DN 125, als Anschlussleitung für die herzustellenden Regenwasserstandrohre, an Regenwasserschacht RW7.;1,0;St;gaeb;leistungsbeschreibungen/2026_08_10_HH_EASK_LV_Umverlegung_Infrastrukturleitungen.X81
7;Anschluss Abwasserkanal PP DN 160, als Anschlussleitung für die herzustellenden Regenwasserstandrohre, an die Regenwasser-Grundleitung aus PP DN 200.;2,0;St;gaeb;leistungsbeschreibungen/2026_08_10_HH_EASK_LV_Umverlegung_Infrastrukturleitungen.X81
8;Anschluss Abwasserkanal PP DN 110, als Anschlussleitung für die herzustellenden Regenwasserstandrohre, an die Regenwasser-Anschlussleitung für Regenstandrohre aus PP DN 110.;2,0;St;gaeb;leistungsbeschreibungen/2026_08_10_HH_EASK_LV_Umverlegung_Infrastrukturleitungen.X81
9;Anschluss der für die Entwässerung der vor den Türen des Erw.-Baus angeordneten Entwässerungsrinnen notw. Anschlussleitungen an die herzustellenden RW-Grundleitungen, einschl. erforderlicher Rohrschnitte und Liefern aller für den Anschluss notwendigen Formstücke.;2,0;St;gaeb;leistungsbeschreibungen/2026_08_10_HH_EASK_LV_Umverlegung_Infrastrukturleitungen.X81
10;Anschluss der für die Entwässerung der vor den Türen des Erw.-Baus angeordneten Entwässerungsrinnen.;3,0;St;gaeb;leistungsbeschreibungen/2026_08_10_HH_EASK_LV_Umverlegung_Infrastrukturleitungen.X81
11;Anschluss der für die Entwässerung der vor den Türen des Erw.-Baus angeordneten Entwässerungsrinnen.;5,0;St;gaeb;leistungsbeschreibungen/2026_08_10_HH_EASK_LV_Umverlegung_Infrastrukturleitungen.X81
12;Anschluss der für die Entwässerung der Lichtschächte notw. Anschlussleitungen an die herzustellenden RW-Grundleitungen, einschl. erforderlicher Rohrschnitte und Liefern aller für den Anschluss notwendigen Formstücke.;1,0;St;gaeb;leistungsbeschreibungen/2026_08_10_HH_EASK_LV_Umverlegung_Infrastrukturleitungen.X81
13;Anschluss der für die Entwässerung der Lichtschächte notw. Anschlussleitungen an die herzustellenden RW-Grundleitungen.;1,0;St;gaeb;leistungsbeschreibungen/2026_08_10_HH_EASK_LV_Umverlegung_Infrastrukturleitungen.X81
14;Anschluss der SW-Anschlussleitung, nach Entlastungsschacht im Westen, an die herzustellenden SW-Grundleitungen, einschl. erforderlicher Rohrschnitte und Liefern aller für den Anschluss notwendigen Formstücke.;1,0;St;gaeb;leistungsbeschreibungen/2026_08_10_HH_EASK_LV_Umverlegung_Infrastrukturleitungen.X81
15;Anschluss der SW-Leitungen, übergeben aus dem Erw.-Bau, an die SW-Grundleitungen, einschl. erforderlicher Rohrschnitte und Liefern aller für den Anschluss notwendigen Formstücke.;2,0;St;gaeb;leistungsbeschreibungen/2026_08_10_HH_EASK_LV_Umverlegung_Infrastrukturleitungen.X81
16;Anschluss der SW-Leitungen, übergeben aus dem Erw.-Bau, an die SW-Grundleitungen.;5,0;St;gaeb;leistungsbeschreibungen/2026_08_10_HH_EASK_LV_Umverlegung_Infrastrukturleitungen.X81
17;Anschluss der SW-Leitungen, übergeben aus dem Erw.-Bau, an die SW-Grundleitungen.;1,0;St;gaeb;leistungsbeschreibungen/2026_08_10_HH_EASK_LV_Umverlegung_Infrastrukturleitungen.X81
18;Anschluss von Abwasserkanal aus PP DIN EN 1852-1;1,0;St;gaeb;leistungsbeschreibungen/2026_08_10_HH_EASK_LV_Umverlegung_Infrastrukturleitungen.X81
19;Anschluss von Abwasserkanal aus PP, DN 160, an vorh. Regenwasser-Schacht/Bauwerk S6 aus Beton, Anschlusswinkel;1,0;St;gaeb;leistungsbeschreibungen/2026_08_10_HH_EASK_LV_Umverlegung_Infrastrukturleitungen.X81
20;Anschluss von Drainagewasserleitungen aus PP, DN 110, aus Gebäudeteil C und D, an Regenwasser-Schacht/Bauwerk S5 aus Beton, Anschlusswinkel;2,0;St;gaeb;leistungsbeschreibungen/2026_08_10_HH_EASK_LV_Umverlegung_Infrastrukturleitungen.X81
21;Anschluss von Abwasserkanal aus PP, DN 160, an vorh. Regenwasser-Schacht/Bauwerk RW5 aus Beton, Anschlusswinkel;1,0;St;gaeb;leistungsbeschreibungen/2026_08_10_HH_EASK_LV_Umverlegung_Infrastrukturleitungen.X81
22;Anschluss von Abwasserkanal aus PP, DN 160, an vorh. Schmutzwasser-Schacht/Bauwerk S14 aus Beton, Anschlusswinkel;1,0;St;gaeb;leistungsbeschreibungen/2026_08_10_HH_EASK_LV_Umverlegung_Infrastrukturleitungen.X81
23;Anschluss von Abwasserkanal aus PP, DN 200, an vorh. Schmutzwasser-Schacht/Bauwerk S12 aus Beton, Anschlusswinkel;1,0;St;gaeb;leistungsbeschreibungen/2026_08_10_HH_EASK_LV_Umverlegung_Infrastrukturleitungen.X81
24;Anschluss von Abwasserkanal aus PP, DN 200, an vorh. SW-Schacht/Bauwerk S12 und S13 aus Beton, Anschlussw;2,0;St;gaeb;leistungsbeschreibungen/2026_08_10_HH_EASK_LV_Umverlegung_Infrastrukturleitungen.X81
1;Bauzeitliche Ableitungauf dem Dach des Rohbaus anfallenden Regenwassers über Freispiegelleitungen, Anschluss mit Rohr DN 110, Umleitung außerhalb des Kanalgrabens, außerhalb der Baugrube für Erweiterungsbau, bis zu den vorhandenen Bestandsschächten für Regenwasser.;1,0;psch;gaeb;leistungsbeschreibungen/2026_08_10_HH_EASK_LV_Umverlegung_Infrastrukturleitungen.X81
1;Ordnungsgemäße Verwertung von mineralischem Abfall: Bodenmaterial mit mineralischen Fremdbestandteilen bis 10 Vol.-% gem. EBV, Materialklasse BM-0* gem. Anlage 1, auf der genehmigten Annahme-/Verwertungsstelle;170,0;t;gaeb;leistungsbeschreibungen/2026_08_10_HH_EASK_LV_Umverlegung_Infrastrukturleitungen.X81
2;Ordnungsgemäße Verwertung von mineralischem Abfall: Bodenmaterial mit mineralischen Fremdbestandteilen bis 50 Vol.-% gem. EBV, Materialklasse BM-F0* gem. Anlage 1, auf der genehmigten Annahme-/Verwertungsstelle;60,0;t;gaeb;leistungsbeschreibungen/2026_08_10_HH_EASK_LV_Umverlegung_Infrastrukturleitungen.X81
3;Ordnungsgemäße Verwertung von mineralischem Abfall: Bodenmaterial mit mineralischen Fremdbestandteilen bis 50 Vol.-% gem. EBV, Materialklasse BM-F1 gem. Anlage 1, auf der genehmigten Annahme-/Verwertungsstelle;60,0;t;gaeb;leistungsbeschreibungen/2026_08_10_HH_EASK_LV_Umverlegung_Infrastrukturleitungen.X81
4;Ordnungsgemäße Verwertung von mineralischem Abfall: Bodenmaterial mit mineralischen Fremdbestandteilen bis 50 Vol.-% gem. EBV, Materialklasse BM-F2 gem. Anlage 1, auf der genehmigten Annahme-/Verwertungsstelle;150,0;t;gaeb;leistungsbeschreibungen/2026_08_10_HH_EASK_LV_Umverlegung_Infrastrukturleitungen.X81
5;Ordnungsgemäße Verwertung von mineralischem Abfall: Bodenmaterial mit mineralischen Fremdbestandteilen bis 50 Vol.-% gem. EBV, Materialklasse BM-F3 gem. Anlage 1, auf der genehmigten Annahme-/Verwertungsstelle;180,0;t;gaeb;leistungsbeschreibungen/2026_08_10_HH_EASK_LV_Umverlegung_Infrastrukturleitungen.X81
6;Ordnungsgemäße Entsorgung einschließlich Verladen, Transport und Deponiegebühren von Bodenmaterial bis Deponieklasse DK II nach DepV.;1,0;t;gaeb;leistungsbeschreibungen/2026_08_10_HH_EASK_LV_Umverlegung_Infrastrukturleitungen.X81
1;Bau- und Abbruchabfälle Beton, Ziegel, Fliesen;12,0;t;gaeb;leistungsbeschreibungen/2026_08_10_HH_EASK_LV_Umverlegung_Infrastrukturleitungen.X81
2;Bau- und Abbruchabfälle Beton, Ziegel, Fliesen;3,0;t;gaeb;leistungsbeschreibungen/2026_08_10_HH_EASK_LV_Umverlegung_Infrastrukturleitungen.X81
3;Bau- und Abbruchabfälle Beton, Ziegel, Fliesen;3,0;t;gaeb;leistungsbeschreibungen/2026_08_10_HH_EASK_LV_Umverlegung_Infrastrukturleitungen.X81
4;Bau- und Abbruchabfälle Beton, Ziegel, Fliesen;1,0;t;gaeb;leistungsbeschreibungen/2026_08_10_HH_EASK_LV_Umverlegung_Infrastrukturleitungen.X81
1;Schwarzdeckenaufbruch RuVA-StB Verwertungsklasse A, der stofflichen Verwertung zuführen, die Gebühren der Verwertung werden vom AN übernommen, Schwarzdeckenaufbruch auf Baustelle lagernd, laden, mit LKW des AN transportieren, zur Verwertungsanlage nach Wahl des AN, die Ent­sorgungsgebühren werden vo;15,0;t;gaeb;leistungsbeschreibungen/2026_08_10_HH_EASK_LV_Umverlegung_Infrastrukturleitungen.X81
2;Schwarzdeckenaufbruch RuVA-StB Verwertungsklasse B, der stofflichen Verwertung zuführen, die Gebühren der Verwertung werden vom AN übernommen, Schwarzdeckenaufbruch auf Baustelle lagernd, laden, mit LKW des AN transportieren, zur Verwertungsanlage nach Wahl des AN, die Entsorgungsgebühren werden vom;1,0;t;gaeb;leistungsbeschreibungen/2026_08_10_HH_EASK_LV_Umverlegung_Infrastrukturleitungen.X81
1;Stundenlohnarbeiten durch Arbeitskraft auf Anordnung des AG durchführen. Leistung durch Polier, Schachtmeister o. ä.;8,0;h;gaeb;leistungsbeschreibungen/2026_08_10_HH_EASK_LV_Umverlegung_Infrastrukturleitungen.X81
2;Stundenlohnarbeiten durch Arbeitskraft auf Anordnung des AG durchführen. Leistung durch Baufacharbeiter o. ä.;8,0;h;gaeb;leistungsbeschreibungen/2026_08_10_HH_EASK_LV_Umverlegung_Infrastrukturleitungen.X81
3;Stundenlohnarbeiten auf Anordnung des AG durchführen. Leistung durch Rad- oder Kettenbagger einschl. Bedienpersonal.;4,0;h;gaeb;leistungsbeschreibungen/2026_08_10_HH_EASK_LV_Umverlegung_Infrastrukturleitungen.X81
4;Stundenlohnarbeiten auf Anordnung des AG durchführen. Leistung durch Frontlader einschl. Bedienpersonal.;4,0;h;gaeb;leistungsbeschreibungen/2026_08_10_HH_EASK_LV_Umverlegung_Infrastrukturleitungen.X81
5;Stundenlohnarbeiten auf Anordnung des AG durchführen. Leistung durch Flächenrüttler einschl. Bedienpersonal.;4,0;h;gaeb;leistungsbeschreibungen/2026_08_10_HH_EASK_LV_Umverlegung_Infrastrukturleitungen.X81
6;Stundenlohnarbeiten auf Anordnung des AG durchführen. Leistung durch Abbruchhammer einschl. Bedienpersonal.;4,0;h;gaeb;leistungsbeschreibungen/2026_08_10_HH_EASK_LV_Umverlegung_Infrastrukturleitungen.X81
7;Stundenlohnarbeiten auf Anordnung des AG durchführen. Leistung durch Lastkraftwagen einschl. Fahrer und Mautgebühren.;4,0;h;gaeb;leistungsbeschreibungen/2026_08_10_HH_EASK_LV_Umverlegung_Infrastrukturleitungen.X81
8;Stundenlohnarbeiten durch Arbeitskraft auf Anordnung des AG durchführen. Leistung durch Vermessungstrupp;4,0;h;gaeb;leistungsbeschreibungen/2026_08_10_HH_EASK_LV_Umverlegung_Infrastrukturleitungen.X81
1;"Baustelleneinrichtung einschl. Antransport, Aufstellen sowie Umsetzen von Maschinen, Geräten und sonstigen Betriebs­mitteln, die zur vertragsgemäßen Durchführung der Bau­leistungen erforderlich sind; Bereitstellen der erforderlichen Werkzeuge.";1,0;St;gaeb;leistungsbeschreibungen/2026_08_10_HH_EASK_LV_Umverlegung_Infrastrukturleitungen.X81
2;Verlängerungswoche der Pos. zuvor.;1,0;Wo;gaeb;leistungsbeschreibungen/2026_08_10_HH_EASK_LV_Umverlegung_Infrastrukturleitungen.X81
3;Behelfsüberfahrt für Fahrzeuge aus Stahlplatten, Nutzlast bis 60,0 t, für öffentlichen Verkehr, Länge über 2 bis 4 m, Breite 3,5 m, vorhalten über die gesamte Bauzeit, herstellen und beseitigen.;2,0;St;gaeb;leistungsbeschreibungen/2026_08_10_HH_EASK_LV_Umverlegung_Infrastrukturleitungen.X81
4;Behelfsüberfahrt der vorherigen Position umsetzen;4,0;St;gaeb;leistungsbeschreibungen/2026_08_10_HH_EASK_LV_Umverlegung_Infrastrukturleitungen.X81
5;Fußgängerüberwege zur Anrampung von Eingängen und sonstiger Erfordernis, mit Geländer, Länge 2,0 m, Breite 1,5 m, vorhalten über die gesamte Bauzeit, herstellen und beseitigen.;2,0;St;gaeb;leistungsbeschreibungen/2026_08_10_HH_EASK_LV_Umverlegung_Infrastrukturleitungen.X81
6;Fußgängerüberwege der vorherigen Position umsetzen;4,0;St;gaeb;leistungsbeschreibungen/2026_08_10_HH_EASK_LV_Umverlegung_Infrastrukturleitungen.X81
7;Baustellenräumung einschl. Verladung und Abtransport;1,0;St;gaeb;leistungsbeschreibungen/2026_08_10_HH_EASK_LV_Umverlegung_Infrastrukturleitungen.X81
1;Abtrag von Oberboden einschl. Vegetationsdecke nach DIN 18300 bzw. DIN 18915, in vorhandener Stärke, Dicke im Mittel 30 cm, Oberboden zur späteren Wiederverwendung in Mieten im Baufeld lagern und vor Witterung schützen. Eine Vermischung mit dem Untergrund ist unbedingt zu vermeiden.;285,0;m²;gaeb;leistungsbeschreibungen/2026_08_10_HH_EASK_LV_Umverlegung_Infrastrukturleitungen.X81
2;Auftrag des Oberbodens aus vorheriger Position. Auftragstärke gemäß Aufmaß aus vorheriger Position bis ca. 30 cm, Oberboden kreuzweise fräsen und fein planieren.;40,0;m²;gaeb;leistungsbeschreibungen/2026_08_10_HH_EASK_LV_Umverlegung_Infrastrukturleitungen.X81
3;Leitungsgraben profilgerecht ausheben, Bodenaushub zu Lagerplatz des AN fördern, abladen und zur WIederverfüllung lagern (Förderweg bis 500 m).;285,0;m³;gaeb;leistungsbeschreibungen/2026_08_10_HH_EASK_LV_Umverlegung_Infrastrukturleitungen.X81
4;Leitungsgraben profilgerecht ausheben, Bodenaushub laden, abfahren und einer geeigneten Verwertung zurführen.;215,0;m³;gaeb;leistungsbeschreibungen/2026_08_10_HH_EASK_LV_Umverlegung_Infrastrukturleitungen.X81
5;Leitungsgraben profilgerecht ausheben, Bodenaushub laden, abfahren und einer geeigneten Verwertung zurführen.;50,0;m³;gaeb;leistungsbeschreibungen/2026_08_10_HH_EASK_LV_Umverlegung_Infrastrukturleitungen.X81
6;Verbauarbeiten nach DIN 18303 unter Beachtung von DIN 4124 entsprechend den statischen Erfordernissen herstellen, nach Wahl des AN, vorhalten und nach Beendigung der Arbeiten wieder fachgerecht rückbauen,;30,0;m;gaeb;leistungsbeschreibungen/2026_08_10_HH_EASK_LV_Umverlegung_Infrastrukturleitungen.X81
7;Herstellen, Vorhalten und Rückbauen einer freistehenden, einseitigen Trägerbohlwand als Baugrubensicherung nach DIN EN 1997-1, DIN 1054 sowie gem. statischen Vorgaben, an der Westseite der Baugrube für den Einbau der Retentionssanlage. Gesamteinbringtiefe über 2,0 bis 2,3 m. Boden gem. Baugrundgutac;80,0;m²;gaeb;leistungsbeschreibungen/2026_08_10_HH_EASK_LV_Umverlegung_Infrastrukturleitungen.X81
8;Boden liefern und als Untergrundverbesserung in Leitungsgraben auf besondere Anweisung der Bauüberwachung und/oder des AG einbauen. Verdichtung mit geeignetem Verdichtungsgerät nach ZTV E-StB, Verdichtungsgrad 97-100% Proctordichte.;1,0;m³;gaeb;leistungsbeschreibungen/2026_08_10_HH_EASK_LV_Umverlegung_Infrastrukturleitungen.X81
9;Zeitweise fließfähiger, selbstverdichtender Verfüllbaustoff (Flüssigboden) abschnittsweise in Leitungsgraben und Baugrubenbereich auf besondere Anweisung der Bauüberwachung und/oder des AG einbauen.;1,0;m³;gaeb;leistungsbeschreibungen/2026_08_10_HH_EASK_LV_Umverlegung_Infrastrukturleitungen.X81
10;Nichtaggressiver Schutzsand 0/2 mm zur Herstellung der Leitungszone, für Seiten­verfüllung und Rohrüberdeckung, in vorbereiteten Rohrgraben lagenweise einbauen und verdichten.;125,0;m³;gaeb;leistungsbeschreibungen/2026_08_10_HH_EASK_LV_Umverlegung_Infrastrukturleitungen.X81
11;Lieferung von Boden für die Grabenverfüllung als Ersatz für nicht wiedereinbaufähiges Aushubmaterial.;120,0;m³;gaeb;leistungsbeschreibungen/2026_08_10_HH_EASK_LV_Umverlegung_Infrastrukturleitungen.X81
12;Wiedereinbaufähiges, seitl. gelagertes Auffüllungsmaterial -  nicht bindig gem. Baugrundgutachten - vom Zwischenlager des AN  aufnehmen, zur Einbaustelle transportieren und profil­gerecht einbauen, in Hof- und Parkplatzflächen sowie abschnittsweise in Rasenflächen,;85,0;m³;gaeb;leistungsbeschreibungen/2026_08_10_HH_EASK_LV_Umverlegung_Infrastrukturleitungen.X81
13;Frostschutzschicht als Ersatz für nicht wiedereinbaufähiges Material, in Rasenflächen, aus Baustoffgemisch für Frostschutzschicht, liefern, verfüllen verdichten, in Teilfächen, Verformungsmodul EV2 auf der Oberfläche mind. 120 MN/m², Arbeiten mit Gerät, Körnung 0/45, Einbauhöhe bis 43 cm bzw. wie vo;10,0;m³;gaeb;leistungsbeschreibungen/2026_08_10_HH_EASK_LV_Umverlegung_Infrastrukturleitungen.X81
14;Schottertragschicht als Ersatz für nicht wiedereinbaufähiges Material, in Rasenflächen, aus Baustoffgemisch für Schottertragschicht, liefern, verfüllen verdichten, in Teilfächen, Verformungsmodul EV2 auf der Oberfläche mind. 150 MN/m², Arbeiten mit Gerät, Körnung 0/32, Einbauhöhe 25 cm bzw. wie vorg;5,0;m³;gaeb;leistungsbeschreibungen/2026_08_10_HH_EASK_LV_Umverlegung_Infrastrukturleitungen.X81
15;Erdaushub von Hand als Zulage zu den Bodenaushubpositionen.;5,0;m³;gaeb;leistungsbeschreibungen/2026_08_10_HH_EASK_LV_Umverlegung_Infrastrukturleitungen.X81
16;Hindernis im Boden aus Mauerwerk und Beton in Teilkörpern abbrechen,Geräteeinsatz ist möglich, max. Gesamtgewicht der Geräte ohne Beschränkung, Ausführung staubarm, ohne Untergrundbeschädigung, aufgenommene Stoffe zur Verwertung/Entsorgung sortieren, sammeln, und auf der Baustelle lagern, Stoffe sin;1,0;m³;gaeb;leistungsbeschreibungen/2026_08_10_HH_EASK_LV_Umverlegung_Infrastrukturleitungen.X81
17;"Geräteeinsatz nicht möglich; Ausführung der Arbeiten von Hand / mit handgeführten Kleingeräten.";1,0;m³;gaeb;leistungsbeschreibungen/2026_08_10_HH_EASK_LV_Umverlegung_Infrastrukturleitungen.X81
18;Nachweis der Verdichtung mittels zusätzlicher Lastplatten­druckversuche und Vorlage eines Protokolls. Nach besonderer Anordnung der Bauleitung bzw. des AG.;4,0;St;gaeb;leistungsbeschreibungen/2026_08_10_HH_EASK_LV_Umverlegung_Infrastrukturleitungen.X81
19;Sicherungsbeton C12/15 einschl. Schalung, grobgeschalt, Einbau als Widerlager, zur Unterfangung und Sicherung von Leitungen,Kanälen und Einbauten.;1,0;m³;gaeb;leistungsbeschreibungen/2026_08_10_HH_EASK_LV_Umverlegung_Infrastrukturleitungen.X81
20;Zulage zum Rohrgrabenaushub für das Kreuzen von Kanal-, Wasser- , Gas-, Fernwärme- und sonstigen Rohrtrassen. Die einzelnen Spartenträger sind sorgfältig freizulegen, zu sichern und im Zuge der Leitungsgrabenverfüllung mit steinfreiem Material wieder zu umhüllen.;2,0;St;gaeb;leistungsbeschreibungen/2026_08_10_HH_EASK_LV_Umverlegung_Infrastrukturleitungen.X81
21;Zulage zum Rohrgrabenaushub für das Sichern von Gas- und Abwassertrassen längs zum Rohrgraben.;10,0;m;gaeb;leistungsbeschreibungen/2026_08_10_HH_EASK_LV_Umverlegung_Infrastrukturleitungen.X81
1;Abbruch der vorh. Rohrleitungen aus PVCU, RW- u. SW-Leitungen, Außendurchmesser über 250 bis 300mm,  im Rahmen einer Totalabbruchmaßnahme, nicht schadstoffbelastet,;60,0;m;gaeb;leistungsbeschreibungen/2026_08_10_HH_EASK_LV_Umverlegung_Infrastrukturleitungen.X81
2;Abbruch Kommunikations-/Signalkabel, im Rahmen einer Teilabbruchmaßnahme, nicht schadstoffbelastet,;10,0;m;gaeb;leistungsbeschreibungen/2026_08_10_HH_EASK_LV_Umverlegung_Infrastrukturleitungen.X81
3;Abbruch des Schachtbauwerks S31 für RW, aus unbewehrtem Beton, Normalbeton, Höhe 1.000 mm, Schachtdurchmesser 1.000 mm, im Rahmen einer Totalabbruchmaßnahme, nicht schadstoffbelastet,;1,0;St;gaeb;leistungsbeschreibungen/2026_08_10_HH_EASK_LV_Umverlegung_Infrastrukturleitungen.X81
4;Abbruch des Schachtbauwerks S17 für RW, aus unbewehrtem Beton, Normalbeton, Höhe 1.440 mm.;1,0;St;gaeb;leistungsbeschreibungen/2026_08_10_HH_EASK_LV_Umverlegung_Infrastrukturleitungen.X81
5;Liefern Abwasserkanal aus PP (Polypropylen)-Rohren DIN EN 1852-1, homogenes Vollwandrohr, für Regenwasser, mit Steckverbindung, DN/OD 250, SN 8, Baulängen 6 m, Farbe grün, Verlegung DIN EN 1610 in vorh. verbauten Graben, Grabentiefe über 1,40 m bis 2,20 m,;30,0;m;gaeb;leistungsbeschreibungen/2026_08_10_HH_EASK_LV_Umverlegung_Infrastrukturleitungen.X81
6;Liefern Abwasserkanal aus PP-Rohren, für Regenwasser, DN/OD 200, Grabentiefe über 1,0m bis 1,75 m.;20,0;m;gaeb;leistungsbeschreibungen/2026_08_10_HH_EASK_LV_Umverlegung_Infrastrukturleitungen.X81
7;Bögen 11° bis 45°, Formstück aus PP (Polypropylen) DIN EN 1852-1, homogenes Vollwandrohr, für Abwasserkanal (Regenwasser), DN/OD 250, SN 8, Farbe grün.;4,0;St;gaeb;leistungsbeschreibungen/2026_08_10_HH_EASK_LV_Umverlegung_Infrastrukturleitungen.X81
8;Bögen 11° bis 45°, Formstück aus PP, für Abwasserkanal (Regenwasser), DN/OD 200.;1,0;St;gaeb;leistungsbeschreibungen/2026_08_10_HH_EASK_LV_Umverlegung_Infrastrukturleitungen.X81
9;Schacht zur gesteuerten Ableitung von Regenwasser aus Regenwasserrückhalteanlagen.;1,0;St;gaeb;leistungsbeschreibungen/2026_08_10_HH_EASK_LV_Umverlegung_Infrastrukturleitungen.X81
1;Regenwasser-Behandlungsanlage nach dem Sedimentationsprinzip, Sedimentationsstrecke DN 600, L = 6,00 m.;1,0;St;gaeb;leistungsbeschreibungen/2026_08_10_HH_EASK_LV_Umverlegung_Infrastrukturleitungen.X81
2;Regenwasserrückhaltung aus Rigolenfüllkörpern mit Kunststoffabdichtungsummantelung als Behälter;1,0;St;gaeb;leistungsbeschreibungen/2026_08_10_HH_EASK_LV_Umverlegung_Infrastrukturleitungen.X81
3;Dichtheitsprüfung - Nahtprüfung gemäß DVS 2225-2;1,0;St;gaeb;leistungsbeschreibungen/2026_08_10_HH_EASK_LV_Umverlegung_Infrastrukturleitungen.X81
4;Systemschacht als Spül- und Kontrollschacht, für zuvor genannte Rückhaltung;3,0;St;gaeb;leistungsbeschreibungen/2026_08_10_HH_EASK_LV_Umverlegung_Infrastrukturleitungen.X81
1;Dichtheitsprüfung nach DIN EN 1610 / DIN 1999-100:2016-12, als Abnahmeprüfung, der Entwässerungsrinnen aus Polymerbeton, Nennweite 100 mm, Prüfung abschnittsweise, Anschluss DN 110, einschl. aller erforderlichen Anlagen, Abdichtungen, Verankerungen und Rohrverschlüsse durch Fachbetrieb,;30,0;m;gaeb;leistungsbeschreibungen/2026_08_10_HH_EASK_LV_Umverlegung_Infrastrukturleitungen.X81
2;Dichtheitsprüfung DIN EN 1610 mit Wasser als Abnahmeprüfung des Abwasserkanals, bis DN 250, Prüfung abschnittsweise,;1030,0;m;gaeb;leistungsbeschreibungen/2026_08_10_HH_EASK_LV_Umverlegung_Infrastrukturleitungen.X81
3;Dichtheitsprüfung DIN EN 1610 mit Wasser als Abnahmeprüfung des Schachtes aus Beton, bis DN 1000, im Schmutz- und Regenwasserkanal mit Zu- und Ablauf, Zulauf über DN 125 bis DN 250, Ablauf über DN 125 bis DN 250, Tiefe über 1,10 bis 4,0 m, mit offenem Gerinne, einschl. aller erforderlichen Anlagen, ;18,0;St;gaeb;leistungsbeschreibungen/2026_08_10_HH_EASK_LV_Umverlegung_Infrastrukturleitungen.X81
4;Innendruckprüfung der verlegten Druckrohrleitungen aus PE 100-RC,  SDR 17, 90 x 5,4 mm gemäß DIN EN 805 und W 400-2, in Teilabschnitten nach Wahl des AN, mit ölfreier Druckluft.;90,0;m;gaeb;leistungsbeschreibungen/2026_08_10_HH_EASK_LV_Umverlegung_Infrastrukturleitungen.X81
5;Verlegte Druckrohrleitungen aus PE 100-RC vor Inbetriebnahme spülen und desinfizieren gem. DVGW W 291, einschl. Nachweis der Keimfreiheit durch Vorlage der bakteriologischen Untersuchungsergebnisse gem. TrinkwV. Beschaffung sowie Beseitigung des Spülmediums unter Berücksichtigung behördlicher Vorgab;90,0;m;gaeb;leistungsbeschreibungen/2026_08_10_HH_EASK_LV_Umverlegung_Infrastrukturleitungen.X81
1;Anschluss von Abwasserkanal aus PP DIN EN 1852-1;1,0;St;gaeb;leistungsbeschreibungen/2026_08_10_HH_EASK_LV_Umverlegung_Infrastrukturleitungen.X81
2;Anschluss des verschlossenen Abwasserkanal aus PP, DN 200, an die herzustellende Sedimentationsanlage/Zulaufschacht, Anschlusswinkel 180 Grad.;1,0;St;gaeb;leistungsbeschreibungen/2026_08_10_HH_EASK_LV_Umverlegung_Infrastrukturleitungen.X81
3;Anbindung der Sedimentations- an die Retentionsanlagen mittels Abwasserkanal aus PP DIN EN 1852-1 (homogene Vollwandrohre), DN 250, einschl. Rohrschnitte sowie Liefern und Einbau aller für den Anschluss notw. Formstücke.;1,0;St;gaeb;leistungsbeschreibungen/2026_08_10_HH_EASK_LV_Umverlegung_Infrastrukturleitungen.X81
4;Anbindung des Regenwasserschachts RW1 an die Retentionsanlagen mittels Abwasserkanal aus PP DIN EN 1852-1 (homogene Vollwandrohre), DN 250, einschl. Rohrschnitte sowie Liefern und Einbau aller für den Anschluss notw. Formstücke.;1,0;St;gaeb;leistungsbeschreibungen/2026_08_10_HH_EASK_LV_Umverlegung_Infrastrukturleitungen.X81
5;Anbindung der Retentionsanlagen an den geplanten Drosselschacht DS1 für RW mittels Abwasserkanal aus PP DIN EN 1852-1 (homogene Vollwandrohre), DN 250, einschl. Rohrschnitte sowie Liefern und Einbau aller für den Anschluss notw. Formstücke.;1,0;St;gaeb;leistungsbeschreibungen/2026_08_10_HH_EASK_LV_Umverlegung_Infrastrukturleitungen.X81
1;Ordnungsgemäße Verwertung von mineralischem Abfall: Bodenmaterial mit mineralischen Fremdbestandteilen bis 10 Vol.-% gem. EBV, Materialklasse BM-0* gem. Anlage 1, auf der genehmigten Annahme-/Verwertungsstelle;375,0;t;gaeb;leistungsbeschreibungen/2026_08_10_HH_EASK_LV_Umverlegung_Infrastrukturleitungen.X81
2;Ordnungsgemäße Verwertung von mineralischem Abfall: Bodenmaterial mit mineralischen Fremdbestandteilen bis 50 Vol.-% gem. EBV, Materialklasse BM-F0* gem. Anlage 1, auf der genehmigten Annahme-/Verwertungsstelle;70,0;t;gaeb;leistungsbeschreibungen/2026_08_10_HH_EASK_LV_Umverlegung_Infrastrukturleitungen.X81
3;Ordnungsgemäße Verwertung von mineralischem Abfall: Bodenmaterial mit mineralischen Fremdbestandteilen bis 50 Vol.-% gem. EBV, Materialklasse BM-F1 gem. Anlage 1, auf der genehmigten Annahme-/Verwertungsstelle;70,0;t;gaeb;leistungsbeschreibungen/2026_08_10_HH_EASK_LV_Umverlegung_Infrastrukturleitungen.X81
4;Ordnungsgemäße Verwertung von mineralischem Abfall: Bodenmaterial mit mineralischen Fremdbestandteilen bis 50 Vol.-% gem. EBV, Materialklasse BM-F2 gem. Anlage 1, auf der genehmigten Annahme-/Verwertungsstelle;155,0;t;gaeb;leistungsbeschreibungen/2026_08_10_HH_EASK_LV_Umverlegung_Infrastrukturleitungen.X81
5;Ordnungsgemäße Verwertung von mineralischem Abfall: Bodenmaterial mit mineralischen Fremdbestandteilen bis 50 Vol.-% gem. EBV, Materialklasse BM-F3 gem. Anlage 1, auf der genehmigten Annahme-/Verwertungsstelle;170,0;t;gaeb;leistungsbeschreibungen/2026_08_10_HH_EASK_LV_Umverlegung_Infrastrukturleitungen.X81
6;Ordnungsgemäße Entsorgung einschließlich Verladen, Transport und Deponiegebühren von Bodenmaterial bis Deponieklasse DK II nach DepV.;1,0;t;gaeb;leistungsbeschreibungen/2026_08_10_HH_EASK_LV_Umverlegung_Infrastrukturleitungen.X81
1;Bau- und Abbruchabfälle Beton, Ziegel, Fliesen;5,0;t;gaeb;leistungsbeschreibungen/2026_08_10_HH_EASK_LV_Umverlegung_Infrastrukturleitungen.X81
2;Bau- und Abbruchabfälle Beton, Ziegel, Fliesen;1,0;t;gaeb;leistungsbeschreibungen/2026_08_10_HH_EASK_LV_Umverlegung_Infrastrukturleitungen.X81
3;Bau- und Abbruchabfälle Beton, Ziegel, Fliesen;1,0;t;gaeb;leistungsbeschreibungen/2026_08_10_HH_EASK_LV_Umverlegung_Infrastrukturleitungen.X81
4;Bau- und Abbruchabfälle Beton, Ziegel, Fliesen;1,0;t;gaeb;leistungsbeschreibungen/2026_08_10_HH_EASK_LV_Umverlegung_Infrastrukturleitungen.X81
1;Stundenlohnarbeiten durch Arbeitskraft auf Anordnung des AG durchführen. Leistung durch Polier, Schachtmeister o. ä.;8,0;h;gaeb;leistungsbeschreibungen/2026_08_10_HH_EASK_LV_Umverlegung_Infrastrukturleitungen.X81
2;Stundenlohnarbeiten durch Arbeitskraft auf Anordnung des AG durchführen. Leistung durch Baufacharbeiter o. ä.;8,0;h;gaeb;leistungsbeschreibungen/2026_08_10_HH_EASK_LV_Umverlegung_Infrastrukturleitungen.X81
3;Stundenlohnarbeiten auf Anordnung des AG durchführen. Leistung durch Rad- oder Kettenbagger einschl. Bedienpersonal.;4,0;h;gaeb;leistungsbeschreibungen/2026_08_10_HH_EASK_LV_Umverlegung_Infrastrukturleitungen.X81
4;Stundenlohnarbeiten auf Anordnung des AG durchführen. Leistung durch Frontlader einschl. Bedienpersonal.;4,0;h;gaeb;leistungsbeschreibungen/2026_08_10_HH_EASK_LV_Umverlegung_Infrastrukturleitungen.X81
5;Stundenlohnarbeiten auf Anordnung des AG durchführen. Leistung durch Flächenrüttler einschl. Bedienpersonal.;4,0;h;gaeb;leistungsbeschreibungen/2026_08_10_HH_EASK_LV_Umverlegung_Infrastrukturleitungen.X81
6;Stundenlohnarbeiten auf Anordnung des AG durchführen. Leistung durch Abbruchhammer einschl. Bedienpersonal.;4,0;h;gaeb;leistungsbeschreibungen/2026_08_10_HH_EASK_LV_Umverlegung_Infrastrukturleitungen.X81
7;Stundenlohnarbeiten auf Anordnung des AG durchführen. Leistung durch Lastkraftwagen einschl. Fahrer und Mautgebühren.;4,0;h;gaeb;leistungsbeschreibungen/2026_08_10_HH_EASK_LV_Umverlegung_Infrastrukturleitungen.X81
8;Stundenlohnarbeiten durch Arbeitskraft auf Anordnung des AG durchführen. Leistung durch Vermessungstrupp;4,0;h;gaeb;leistungsbeschreibungen/2026_08_10_HH_EASK_LV_Umverlegung_Infrastrukturleitungen.X81
1;Einrichten der Baustelle für sämtliche in der;1,0;Psch;gaeb;leistungsbeschreibungen/2026_08_10_HH_EASK_LV_Umverlegung_Infrastrukturleitungen.X81
2;"Baustelleneinrichtung der vorstehenden Position für die Dauer der Bauarbeiten ""Wirtschaftshof Dränageanlage"" vorhalten, betreiben unterhalten.";6,0;Wo;gaeb;leistungsbeschreibungen/2026_08_10_HH_EASK_LV_Umverlegung_Infrastrukturleitungen.X81
3;Baustelleneinrichtung nach Beendigung der Baumaßnahme;1,0;Psch;gaeb;leistungsbeschreibungen/2026_08_10_HH_EASK_LV_Umverlegung_Infrastrukturleitungen.X81
4;Durchführung einer Ausführungs- und Werkplanung für die Dränageanlage im Wirtschaftshof in Abstimmung auf die Gewerke Baugrube, Rohbau und die Titel 1 bis 4 dieser Ausschreibung.;1,0;Psch;gaeb;leistungsbeschreibungen/2026_08_10_HH_EASK_LV_Umverlegung_Infrastrukturleitungen.X81
5;Herstellen von Revisionsunterlagen. In den Revisionsunterlagen sind alle zum Auftrag gehörenden Bauteile und Maßnahmen in ihrer tatsächlich ausgeführten Form in Lageplänen, Schnitten und Detailplänen darzustellen.;1,0;Psch;gaeb;leistungsbeschreibungen/2026_08_10_HH_EASK_LV_Umverlegung_Infrastrukturleitungen.X81
6;Durchführung sämtlicher für die Leistungserbringung des AN zum Titel 5 erforderlichen Vermessungsleistungen, einschließlich der erforderlichen Aufmaße der erbrachten Leistungen (Leitungen, Schächte, etc.).;1,0;Psch;gaeb;leistungsbeschreibungen/2026_08_10_HH_EASK_LV_Umverlegung_Infrastrukturleitungen.X81
1;Leitungsgraben geböscht, für Dränageleitungen und -schächte im Bereich des Wirtschaftshofes herstellen.;280,0;m³;gaeb;leistungsbeschreibungen/2026_08_10_HH_EASK_LV_Umverlegung_Infrastrukturleitungen.X81
2;Baugrube für den Einbau des Pumpenschachtes der Pos. #Gelöscht (D = 1.800 mm) mit Arbeitsraum B > 0,3 m im Bereich des Wirtschaftshofes herstellen, einschließlich liefern und herstellen einer Baugrubensicherung gem. DIN 4124 nach Wahl des AN (z. B. Voraushub zuzüglich Restaushub im Systemverbau).;15,0;m³;gaeb;leistungsbeschreibungen/2026_08_10_HH_EASK_LV_Umverlegung_Infrastrukturleitungen.X81
3;Seitlich gelagerten Bodenaushub, der nicht zum Wiedereinbau verwendet wird, aufnehmen, zum Transport verladen. Die Abfuhr von der Baustelle und die Entsorgung werden gesondert vergütet.;150,0;m³;gaeb;leistungsbeschreibungen/2026_08_10_HH_EASK_LV_Umverlegung_Infrastrukturleitungen.X81
4;Seitlich gelagerten Boden, der nach Abstimmung mit dem Geotechnischen Sachverständigen für den Wiedereinbau geeignet ist, aufnehmen, im Bereich der Baustelle/des Wirtschaftshofes wieder einbauen und verdichten.;160,0;m³;gaeb;leistungsbeschreibungen/2026_08_10_HH_EASK_LV_Umverlegung_Infrastrukturleitungen.X81
5;Leitungsgraben, für Druckrohrleitung außerhalb des Wirtschaftshofes herstellen.;20,0;m³;gaeb;leistungsbeschreibungen/2026_08_10_HH_EASK_LV_Umverlegung_Infrastrukturleitungen.X81
6;Liefern und Einbauen von Füllsand als Leitungsbettung mindestens 0,10 m, der Druckrohrleitung DN 100 und Grabenverfüllung im Graben der Vorposition. Der Einbau ist in Lagen von maximal 30 cm auszuführen und so zu verdichten, dass eine mindestens mitteldichte Lagerung erreicht wird.;20,0;m³;gaeb;leistungsbeschreibungen/2026_08_10_HH_EASK_LV_Umverlegung_Infrastrukturleitungen.X81
1;Entnahme von Bodenmischproben Rückstellproben aus einem Haufwerk durch einen nach LAGA PN 98 zertifizierten Mitarbeiter.;2,0;Stk;gaeb;leistungsbeschreibungen/2026_08_10_HH_EASK_LV_Umverlegung_Infrastrukturleitungen.X81
2;Durchführung einer chemischen Analyse an Bodenproben auf den Parameterumfang nach ErsatzbaustoffV, Anlage 1, Tabelle 3, BM 0 Schütteleluat + pH-Wert (Oberboden).;1,0;Stk;gaeb;leistungsbeschreibungen/2026_08_10_HH_EASK_LV_Umverlegung_Infrastrukturleitungen.X81
3;Durchführung einer chemischen Analyse an Bodenproben auf den Parameterumfang nach ErsatzbaustoffV, Anlage 1, Tabelle 3, BM 0* Schütteleluat + pH-Wert (Boden bis 10 % Fremdbestandteile).;2,0;Stk;gaeb;leistungsbeschreibungen/2026_08_10_HH_EASK_LV_Umverlegung_Infrastrukturleitungen.X81
4;Durchführung einer chemischen Analyse an Bodenproben auf den Parameterumfang nach ErsatzbaustoffV, Anlage 1, Tabelle 3, BM 0* Schütteleluat + pH-Wert (Boden bis 50 % Fremdbestandteile).;1,0;Stk;gaeb;leistungsbeschreibungen/2026_08_10_HH_EASK_LV_Umverlegung_Infrastrukturleitungen.X81
5;Durchführung einer chemischen Analyse an Bodenproben auf den Parameterumfang nach LAGA-Boden (2004) zur Materialeinstufung in die Einbauklassen Z0 bis Z2 Tabellen II,1,2-2 und II.1.2-3 bzw. II.1.2-4 und II.1.2-5.;2,0;Stk;gaeb;leistungsbeschreibungen/2026_08_10_HH_EASK_LV_Umverlegung_Infrastrukturleitungen.X81
6;Durchführung chemischer Analysen an Proben auf die ergänzenden Parameter der Deponieverordnung (2013) Anh. 3, Tab. 2 als Erweiterung der Analytik auf den Parameterumfang nach ErsatzbaustoffV Anl. 1, Tab. 3 BM 0* zum Aufbau eines Entsorgungsweges. Hier DK 0 bis DK III.;1,0;Stk;gaeb;leistungsbeschreibungen/2026_08_10_HH_EASK_LV_Umverlegung_Infrastrukturleitungen.X81
1;Unbelastete Auffüllung oder gewachsen Boden der;10,0;t;gaeb;leistungsbeschreibungen/2026_08_10_HH_EASK_LV_Umverlegung_Infrastrukturleitungen.X81
2;Auffüllung oder gewachsen Boden der;100,0;t;gaeb;leistungsbeschreibungen/2026_08_10_HH_EASK_LV_Umverlegung_Infrastrukturleitungen.X81
3;Auffüllung oder gewachsen Boden der;20,0;t;gaeb;leistungsbeschreibungen/2026_08_10_HH_EASK_LV_Umverlegung_Infrastrukturleitungen.X81
4;Auffüllung oder gewachsen Boden der;30,0;t;gaeb;leistungsbeschreibungen/2026_08_10_HH_EASK_LV_Umverlegung_Infrastrukturleitungen.X81
5;Auffüllung oder gewachsen Boden der;30,0;t;gaeb;leistungsbeschreibungen/2026_08_10_HH_EASK_LV_Umverlegung_Infrastrukturleitungen.X81
6;Unbelastete Materialklasse BM-F3 gemäß ErsatzbaustoffV ab Baustelle zum Ort der Verwertung/Entsorgung transportieren und verwerten/entsorgen, inkl. Verwiegen.;30,0;t;gaeb;leistungsbeschreibungen/2026_08_10_HH_EASK_LV_Umverlegung_Infrastrukturleitungen.X81
7;Aushubmaterialien der Deponieklasse 0 (DepV), Glühverlust;20,0;t;gaeb;leistungsbeschreibungen/2026_08_10_HH_EASK_LV_Umverlegung_Infrastrukturleitungen.X81
8;Aushubmaterialien der Deponieklasse I (DepV), ab Baustelle zum Ort der Entsorgung transportieren und entsorgen, inkl. Verwiegen.;10,0;t;gaeb;leistungsbeschreibungen/2026_08_10_HH_EASK_LV_Umverlegung_Infrastrukturleitungen.X81
9;Aushubmaterialien der Deponieklasse II (DepV), ab Baustelle zum Ort der Entsorgung transportieren und entsorgen, inkl. Verwiegen.;10,0;t;gaeb;leistungsbeschreibungen/2026_08_10_HH_EASK_LV_Umverlegung_Infrastrukturleitungen.X81
10;Aushubmaterialien der Deponieklasse III (DepV), ab Baustelle zum Ort der Entsorgung transportieren und entsorgen, inkl. Verwiegen.;10,0;t;gaeb;leistungsbeschreibungen/2026_08_10_HH_EASK_LV_Umverlegung_Infrastrukturleitungen.X81
1;Unbelastete Auffüllung oder gewachsen Boden der Einbauklasse 0 (Z0 (Sand, Lehm/Schluff oder Ton) gemäß LAGA M20) ab Baustelle zum Ort der Verwertung/Entsorgung transportieren und verwerten/entsorgen, inkl. Verwiegen.;10,0;t;gaeb;leistungsbeschreibungen/2026_08_10_HH_EASK_LV_Umverlegung_Infrastrukturleitungen.X81
2;Auffüllung oder gewachsen Boden der Einbauklasse 1 (Z1.1 gemäß LAGA M20) ab Baustelle zum Ort der Verwertung/Entsorgung transportieren und verwerten/entsorgen, inkl. Verwiegen.;10,0;t;gaeb;leistungsbeschreibungen/2026_08_10_HH_EASK_LV_Umverlegung_Infrastrukturleitungen.X81
3;Auffüllung oder gewachsen Boden der Einbauklasse 1 (Z1.2 gemäß LAGA M20) ab Baustelle zum Ort der Verwertung/Entsorgung transportieren und verwerten/entsorgen, inkl. Verwiegen.;240,0;t;gaeb;leistungsbeschreibungen/2026_08_10_HH_EASK_LV_Umverlegung_Infrastrukturleitungen.X81
4;Auffüllung oder gewachsen Boden der Einbauklasse 2 (Z2 gemäß LAGA M20) ab Baustelle zum Ort der Verwertung/Entsorgung transportieren und verwerten/entsorgen, inkl. Verwiegen.;10,0;t;gaeb;leistungsbeschreibungen/2026_08_10_HH_EASK_LV_Umverlegung_Infrastrukturleitungen.X81
1;Kies der Körnung 8/16 mm nach DIN 12620 liefern,;105,0;m;gaeb;leistungsbeschreibungen/2026_08_10_HH_EASK_LV_Umverlegung_Infrastrukturleitungen.X81
2;wie Vorposition, jedoch;16,0;m;gaeb;leistungsbeschreibungen/2026_08_10_HH_EASK_LV_Umverlegung_Infrastrukturleitungen.X81
3;Spül-, Kontroll- und Sammelschacht, DA 315 aus PVC-U;2,0;Stk;gaeb;leistungsbeschreibungen/2026_08_10_HH_EASK_LV_Umverlegung_Infrastrukturleitungen.X81
4;Wie voranstehende Position, jedoch Ausführung des Schachtunterteils mit Sandfang, Sohle Sandfang ca. 0,45 m unter Zulauf Dränagerohr.;6,0;Stk;gaeb;leistungsbeschreibungen/2026_08_10_HH_EASK_LV_Umverlegung_Infrastrukturleitungen.X81
5;Dränleitung als Stangendränrohr in PVC-U liefern und;121,0;m;gaeb;leistungsbeschreibungen/2026_08_10_HH_EASK_LV_Umverlegung_Infrastrukturleitungen.X81
6;Vorhandenes Dränrohr aus der Rampe des Wirtschaftshofes an einzubauenden Kontrollschacht anschließen,;1,0;Stk;gaeb;leistungsbeschreibungen/2026_08_10_HH_EASK_LV_Umverlegung_Infrastrukturleitungen.X81
1;Anschlussfertige, werkseitig vorausgerüstete Abwasserpumpstation (inkl. Armaturen und Rohrleitung) nach Ausführungsplanung des AN mit zwei Tauchmotorpumpen in explosionsgeschützter Ausführung (mind. Kategorie 2G) und einem Steuergerät sowie allen notwendigen Zubehörteilen, geeignet zur Förderung von;1,0;Stk;gaeb;leistungsbeschreibungen/2026_08_10_HH_EASK_LV_Umverlegung_Infrastrukturleitungen.X81
2;Liefern und Montieren eines modularen Schutzgehäusesystem (Einhausung) für die oberirdisch geführte Druckrohrleitung zum Schutz vor Witterungseinflüssen, UV-Strahlung, mechanischer Beschädigung und Frosteinwirkung. Selbsttragende, modulare Halbschalen- oder Kastenkonstruktion aus glasfaserverstärkte;3,0;Stk;gaeb;leistungsbeschreibungen/2026_08_10_HH_EASK_LV_Umverlegung_Infrastrukturleitungen.X81
3;Frostschutz-Begleitheizung für Rohrleitungen von Ver- und Entsorgungssystemen, mit korrosionsschützendem Außenmantel, für Abwasser, Nennhaltetemperatur 5 ° C, Heizleitung mit sich deutlich vermindernder Leistung bei steigender Temperatur, mit Schutzgeflecht, mit VDE-Registrierung, Rohrleitung aus PE;3,0;m;gaeb;leistungsbeschreibungen/2026_08_10_HH_EASK_LV_Umverlegung_Infrastrukturleitungen.X81
4;Vorschweißbund, formgespritzt aus PE-RC, passend zur Druckleitung aus PE 100-RC, 110 x 6,6 mm, mit langen Schweißenden u. Losflansch nach DIN 16962/16963, Teil 4 für Vorschweißbunde mit Stahleinlage, Lochbild nach DIN 2501, mittels Schweißverbindung in die Transportleitung einbauen. Einschl. aller f;1,0;Stk;gaeb;leistungsbeschreibungen/2026_08_10_HH_EASK_LV_Umverlegung_Infrastrukturleitungen.X81
5;Druckrohr aus PE 100 DIN 8074 und DIN 8075 ohne Schutzmantel, für Dränagewasser, da 110, SDR 17, mit glatten Enden, liefern und verlegen, Verlegung DIN EN 805, einschließlich aller Formteile, einschl. Anschluss an Pumpenschacht.;8,0;m;gaeb;leistungsbeschreibungen/2026_08_10_HH_EASK_LV_Umverlegung_Infrastrukturleitungen.X81
6;Druckrohr aus PE 100 DIN 8074 und DIN 8075 ohne Schutzmantel, für Dränagewasser, da 110, SDR 17, mit glatten Enden, liefern und verlegen, Verlegung DIN EN 805, einschließlich aller Formteile, einschl. Anschluss an Entlastungsschacht.;23,0;m;gaeb;leistungsbeschreibungen/2026_08_10_HH_EASK_LV_Umverlegung_Infrastrukturleitungen.X81
1;Filtervlies als filterstabile Trennschicht unter der Sickerpackung der Dränage sowie auf der Sickerpackung nach DIN 4095 liefern und einbauen,;500,0;m²;gaeb;leistungsbeschreibungen/2026_08_10_HH_EASK_LV_Umverlegung_Infrastrukturleitungen.X81
10;Stundenlohnarbeiten durch Arbeitskräfte auf Anforderung;1,0;Std;gaeb;leistungsbeschreibungen/2026_08_10_HH_EASK_LV_Umverlegung_Infrastrukturleitungen.X81
20;Wie vor, jedoch Verrechnungssatz für die Berufsgruppe II, Bauvorarbeiter.;1,0;Std;gaeb;leistungsbeschreibungen/2026_08_10_HH_EASK_LV_Umverlegung_Infrastrukturleitungen.X81
30;Wie vor, jedoch Verrechnungssatz für die Berufsgruppe IV, gehobener Baufacharbeiter.;1,0;Std;gaeb;leistungsbeschreibungen/2026_08_10_HH_EASK_LV_Umverlegung_Infrastrukturleitungen.X81
40;Wie vor, jedoch Verrechnungssatz für die Berufsgruppe V, Baufacharbeiter.;1,0;Std;gaeb;leistungsbeschreibungen/2026_08_10_HH_EASK_LV_Umverlegung_Infrastrukturleitungen.X81
50;Wie vor, jedoch Verrechnungssatz für die;1,0;Std;gaeb;leistungsbeschreibungen/2026_08_10_HH_EASK_LV_Umverlegung_Infrastrukturleitungen.X81
60;Wie vor, jedoch Verrechnungssatz für die Berufsgruppe VIII, Hilfskraft.;1,0;Std;gaeb;leistungsbeschreibungen/2026_08_10_HH_EASK_LV_Umverlegung_Infrastrukturleitungen.X81
1;Verrechnungssatz für Stillstandszeiten der Kolonne zur Herstellung der Dränageanlage, einschl. Erdarbeiten bei Stillstand, den nicht der AN zu vertreten hat.;1,0;Std;gaeb;leistungsbeschreibungen/2026_08_10_HH_EASK_LV_Umverlegung_Infrastrukturleitungen.X81
