Pos.;Leistung;Menge;Einheit;Quelle;Datei
0001;Baustelle für sämtliche, in der Leistungsbeschreibung aufgeführten Leistungen;1,0;psch;gaeb;leistungsbeschreibungen/1127 VE 247_LV_KG500_blanko 260807.x83
0002;Chemo-Toilette mit Frisch- und Abwassertank sowie Papierhandtüchern, Seife aufstellen, vorhalten, räumen, während der gesamten Bauzeit, Reinigung der Toilette mind. 1 x pro Woche.;94,0;Wo;gaeb;leistungsbeschreibungen/1127 VE 247_LV_KG500_blanko 260807.x83
0003;Bauzaun, auf unbefestigtem Untergrund, verschraubt, mit Standfüßen, Zaunoberkante über Oberfläche Gelände 2 m, aufstellen und räumen.;150,0;m;gaeb;leistungsbeschreibungen/1127 VE 247_LV_KG500_blanko 260807.x83
0004;Bauzaun, auf unbefestigtem Untergrund, verschraubt, mit Standfüßen, Zaunoberkante über Oberfläche Gelände 2 m, vorhalten,;3000,0;mWo;gaeb;leistungsbeschreibungen/1127 VE 247_LV_KG500_blanko 260807.x83
0005;Zulage zur Vorposition, vorhalten des Bauzauns für jede weitere Woche nach der vertraglich vereinbarten Bauzeit.;100,0;m;gaeb;leistungsbeschreibungen/1127 VE 247_LV_KG500_blanko 260807.x83
0006;Bauzaun, auf unbefestigtem Untergrund, aus Einzelelementen mit verzinktem Stahlrohrrahmen und Vergitterung, mit Standfüßen, Zaunoberkante über Oberfläche Gelände 2 m, umsetzen nach besonderer Anordnung des AG.;200,0;m;gaeb;leistungsbeschreibungen/1127 VE 247_LV_KG500_blanko 260807.x83
0007;Behelfsmäßiges Tor, abschließbar, aus Metallgitter, vorgefertigt, im Bauzaun, Breite 6 m, Höhe 2 m, aufstellen, für die vertragliche Bauzeit, instandhalten und räumen, inkl. 4 Schlüsseln, wovon einer der Bauleitung zu übergeben ist.;1,0;St;gaeb;leistungsbeschreibungen/1127 VE 247_LV_KG500_blanko 260807.x83
0008;Zulage zur Vorposition, vorhalten des Bauzauntores für jede weitere Woche nach der vertraglich vereinbarten Bauzeit.;1,0;St;gaeb;leistungsbeschreibungen/1127 VE 247_LV_KG500_blanko 260807.x83
0009;Schutzzaun für Vegetationsflächen gem. DIN 18920, RAS-LP4, ZTV Baumpflege instandhalten und beseitigen. Standfester bauseits vorhandener Zaun, Höhe 2m, aus je Seite 3 schnittrauen unbehandelten Holzbretter 20x5cm, Länge 300cm,;140,0;m;gaeb;leistungsbeschreibungen/1127 VE 247_LV_KG500_blanko 260807.x83
0010;Behelfsmäßige Straße für nichtöffentlichen Verkehr, Breite über 3,75 bis 5 m, Dicke 30 cm, ungebunden, aus Schotter, RC-Baustoffe und industriell hergestellte Gesteinskörnungen sind zulässig, einschl. Unterlage aus Geotextil 300g/m2, herstellen, räumen und beseitigen.;350,0;m2;gaeb;leistungsbeschreibungen/1127 VE 247_LV_KG500_blanko 260807.x83
0011;Vorübergehender Schutz des Pflasters der angrenzenden öffentlichen Gehwege und des Asphaltbelags der Straße durch Abdeckung aus Bautenschutzmatten, Dicke 8 mm, in Teilflächen, herstellen und beseitigen.;75,0;m2;gaeb;leistungsbeschreibungen/1127 VE 247_LV_KG500_blanko 260807.x83
0012;Schutzlage für Verkehrsflächen im Freien, vollflächig, aus Stahlplatten, Dicke über 14 bis 20 mm, herstellen und räumen.;50,0;m2;gaeb;leistungsbeschreibungen/1127 VE 247_LV_KG500_blanko 260807.x83
0013;Schutzlage für Verkehrsflächen im Freien, vollflächig, aus Stahlplatten, Dicke über 14 bis 20 mm, umsetzen nach besonderer Anordnung AG.;25,0;m2;gaeb;leistungsbeschreibungen/1127 VE 247_LV_KG500_blanko 260807.x83
0014;An und Abfahrt Mobilkran;2,0;St;gaeb;leistungsbeschreibungen/1127 VE 247_LV_KG500_blanko 260807.x83
0015;Mobilkran, mit Bedienungspersonal, einsetzen,;16,0;h;gaeb;leistungsbeschreibungen/1127 VE 247_LV_KG500_blanko 260807.x83
0016;Kehrmaschineneinsatz zur Reinigung der Baustellenzufahrt.;10,0;St;gaeb;leistungsbeschreibungen/1127 VE 247_LV_KG500_blanko 260807.x83
0017;Kernbohrung, Untergrundfläche waagerecht, Bohrkernsicherung nicht erforderlich, aus Stahlbeton, Normalbeton, Bohrdurchmesser über 100 bis 150 mm, Bohrtiefe über 17,5 bis 20 cm, nicht schadstoffbelastet,;8,0;St;gaeb;leistungsbeschreibungen/1127 VE 247_LV_KG500_blanko 260807.x83
0018;Bestandsaufmaß durch Vermessungsingenieur ÖBVI erstellen. Aufmaß digital im PDF- und DWG-Format, georeferenziert im UTM Format, an die örtliche Bauüberwachung spätestens 1 Monat nach Baustart übergeben.;1,0;psch;gaeb;leistungsbeschreibungen/1127 VE 247_LV_KG500_blanko 260807.x83
0019;Übertragen der vollständigen Projektgeometrie in die Örtlichkeit aus der Ausführungsplanung. Absteckung von Böschungen, Wegen, Einbauten usw. Erstellung von Höhenpunkten von Wiesen- und Wegeflächen.;4,0;St;gaeb;leistungsbeschreibungen/1127 VE 247_LV_KG500_blanko 260807.x83
0020;Absteckungspunkte gem. Übergabeprotokoll im Gelände vor Beschädigung sichern, mit Holzpflöcken und Lattenrahmen, Markierung mit Signalfarbe, während der Bauzeit, soweit erforderlich vorhalten, und zum;15,0;St;gaeb;leistungsbeschreibungen/1127 VE 247_LV_KG500_blanko 260807.x83
0021;Messachsen gem. Übergabeprotokoll in das Gelände übertragen, inkl. Schutz vor Beschädigung sichern, mit Holzpflöcken und Lattenrahmen, Markierung mit Signalfarbe, während der Bauzeit, soweit erforderlich vorhalten, und zum Ende der Maßnahme beseitigen.;5,0;St;gaeb;leistungsbeschreibungen/1127 VE 247_LV_KG500_blanko 260807.x83
0022;Stammschutz durch 40 mm dicken Bohlenmantel einschl. Polsterung gegen den Baum, Stammumfang in 1 m Höhe gemessen über 0,5 bis 1 m, Mindestabstand vom Stamm 10 cm, Mindesthöhe 2 m, herstellen und räumen.;5,0;St;gaeb;leistungsbeschreibungen/1127 VE 247_LV_KG500_blanko 260807.x83
0023;Behandlung von Wurzelschäden an Grobwurzeln mit einem Durchmesser über 2 bis 5 cm, mit Wundbehandlungsstoff, gemäß ZTV-Baumpflege, im Wurzelbereich, gerissene, gesplitterte Wurzeln glatt nachschneiden, Länge des beschädigten Bereichs über 30 bis 50 cm, Breite des beschädigten Bereichs über 10 bis 20;20,0;St;gaeb;leistungsbeschreibungen/1127 VE 247_LV_KG500_blanko 260807.x83
0024;Stundenlohnarbeiten durch Baustellenleiter/-in;30,0;h;gaeb;leistungsbeschreibungen/1127 VE 247_LV_KG500_blanko 260807.x83
0025;Stundenlohnarbeiten durch Landschaftsgärtner-Vorarbeiter/-in;30,0;h;gaeb;leistungsbeschreibungen/1127 VE 247_LV_KG500_blanko 260807.x83
0026;Stundenlohnarbeiten durch Landschaftsgärtner-Vorarbeiter/-in;5,0;h;gaeb;leistungsbeschreibungen/1127 VE 247_LV_KG500_blanko 260807.x83
0027;Stundenlohnarbeiten durch Landschaftsgärtner/-in;5,0;h;gaeb;leistungsbeschreibungen/1127 VE 247_LV_KG500_blanko 260807.x83
0028;Bohrhammer einschl. Werkzeug, mit Bedienungspersonal, auf Anordnung des AG einsetzen,;3,0;h;gaeb;leistungsbeschreibungen/1127 VE 247_LV_KG500_blanko 260807.x83
0029;Trennschleifer einschl. Trennscheiben, mit Bedienungspersonal, auf Anordnung des AG einsetzen,;1,0;h;gaeb;leistungsbeschreibungen/1127 VE 247_LV_KG500_blanko 260807.x83
0030;Minibagger, mit Fahrer/-in, auf Anordnung des AG einsetzen,;5,0;h;gaeb;leistungsbeschreibungen/1127 VE 247_LV_KG500_blanko 260807.x83
0031;Radlader, mit Fahrer/-in, auf Anordnung des AG einsetzen,;5,0;h;gaeb;leistungsbeschreibungen/1127 VE 247_LV_KG500_blanko 260807.x83
0001;Pflanzliche Bodendecke einschl. oberster Bodenschicht abräumen, aufnehmen, fördern, auf LKW AN laden und geordnet entsorgen. Die Transportkosten und Entsorgungsgebühren sind in den Einheitspreis einzukalkulieren. Schichtdicke über 3 cm bis 5 cm, Bewuchs Gras-Kraut-Aufwuchs, Wuchshöhe bis 15 cm, Ausf;840,0;m2;gaeb;leistungsbeschreibungen/1127 VE 247_LV_KG500_blanko 260807.x83
0002;Pflanzliche Bodendecke einschl. oberster Bodenschicht abräumen, aufnehmen, fördern, auf LKW AN laden und geordnet entsorgen. Die Transportkosten und Entsorgungsgebühren sind in den Einheitspreis einzukalkulieren. Schichtdicke über 3 cm bis 5 cm, Bewuchs Gras-Kraut-Aufwuchs, Wuchshöhe bis 150 cm, Aus;200,0;m2;gaeb;leistungsbeschreibungen/1127 VE 247_LV_KG500_blanko 260807.x83
0003;Baugelände abräumen, von Aufwuchs, einschl. Wurzelwerk, mit Stämmen Stammdurchmesser bis 10 cm, in Teilflächen, Bewuchshöhe über 200 bis 400 cm, Schlagabraum häckseln, laden und entsorgen.;500,0;m2;gaeb;leistungsbeschreibungen/1127 VE 247_LV_KG500_blanko 260807.x83
0004;Baugelände abräumen, von Aufwuchs in Handarbeit, einschl. Wurzelwerk, mit Stämmen Stammdurchmesser bis 10 cm, in Teilflächen, Bewuchshöhe über 400 bis 500 cm, Schlagabraum häckseln, laden auf LKW des AN laden, Mengenermittlung nach Aufmaß, inkl. Entsorgung, Vergütung der Entsorgung übernimmt AN.;250,0;m2;gaeb;leistungsbeschreibungen/1127 VE 247_LV_KG500_blanko 260807.x83
0005;Baugelände abräumen in Böschungen mit einer Neigung bis 1:1, von Aufwuchs, einschl. Wurzelwerk, mit Stämmen Stammdurchmesser bis 10 cm, in Teilflächen, Bewuchshöhe über 400 bis 500 cm, Schlagabraum häckseln, laden auf LKW des AN laden, Mengenermittlung nach Aufmaß, inkl. Entsorgung, Vergütung der En;250,0;m2;gaeb;leistungsbeschreibungen/1127 VE 247_LV_KG500_blanko 260807.x83
0006;Baugelände abräumen in Böschungen in Handarbeit mit einer Neigung bis 1:1, von Aufwuchs, einschl. Wurzelwerk, mit Stämmen Stammdurchmesser bis 10 cm, in Teilflächen, Bewuchshöhe über 400 bis 500 cm, Schlagabraum häckseln, laden auf LKW des AN laden, Mengenermittlung nach Aufmaß, inkl. Entsorgung, Ve;250,0;m2;gaeb;leistungsbeschreibungen/1127 VE 247_LV_KG500_blanko 260807.x83
0007;Baugelände abräumen, von Aufwuchs einschl. Wurzelwerk, in Teilflächen, Bewuchshöhe über 100 bis 200 cm, Schlagabraum häckseln und laden, Geländeneigung steiler als 1:4 bis 1:2, Ausführung gemäß Einzelbeschreibung,;150,0;m2;gaeb;leistungsbeschreibungen/1127 VE 247_LV_KG500_blanko 260807.x83
0008;Baugelände abräumen in Handarbeit, von Aufwuchs einschl. Wurzelwerk, in Teilflächen, Bewuchshöhe über 100 bis 200 cm, Schlagabraum häckseln und laden, Geländeneigung steiler als 1:4 bis 1:2, Ausführung gemäß Einzelbeschreibung,;50,0;m2;gaeb;leistungsbeschreibungen/1127 VE 247_LV_KG500_blanko 260807.x83
0009;Baum fällen, als Einzelbaum, Stammdurchmesser über 20 bis 30 cm, Schnittstelle höchstens 50 cm über Gelände, Baumhöhe über 10 bis 15 m, Astwerk,;2,0;St;gaeb;leistungsbeschreibungen/1127 VE 247_LV_KG500_blanko 260807.x83
0010;Baum fällen, als Einzelbaum, Stammdurchmesser über 30 bis 40 cm, Schnittstelle höchstens 50 cm über Gelände, Baumhöhe über 10 bis 15 m, Astwerk, inkl. Rodung des Wurzelstocks, anfallende Stoffe auf LKW des AN laden, transportieren, entsorgen, Vergütung der Entsorgung übernimmt AN;6,0;St;gaeb;leistungsbeschreibungen/1127 VE 247_LV_KG500_blanko 260807.x83
0011;Baum fällen, als Einzelbaum, Stammdurchmesser über 30 bis 40 cm, Schnittstelle höchstens 50 cm über Gelände, Baumhöhe über 15 bis 20 m, Astwerk, inkl. Rodung des Wurzelstocks, anfallende Stoffe auf LKW des AN laden, transportieren, entsorgen, Vergütung der Entsorgung übernimmt AN;2,0;St;gaeb;leistungsbeschreibungen/1127 VE 247_LV_KG500_blanko 260807.x83
0012;Baugelände im Bereich des Baufeldes Hochbau abräumen, von Steinen, Schutt und Unrat, in Teilflächen, anfallende Stoffe trennen und laden, fördern und lagern.;3890,0;m2;gaeb;leistungsbeschreibungen/1127 VE 247_LV_KG500_blanko 260807.x83
0013;Ausbau der Zaunfelder Stahlgittermatten (Paneelen) sowie der Zaunpfosten an der Grundstücksgrenze der Westnetz, aus Stahl, Höhe der Stahlgittermatten 1,8 m, in Handarbeit, aufgenommene Zaunmatten zum Wiedereinbau seitlich lagern. Nach Durchführung der Arbeiten Wiedereinbau inkl. Erd- und Fundamentar;75,0;m;gaeb;leistungsbeschreibungen/1127 VE 247_LV_KG500_blanko 260807.x83
0014;Abbruch des Einzelfundaments aus unbewehrtem Beton, Normalbeton, ohne Bekleidungen und Beschichtungen, im Rahmen einer Totalabbruchmaßnahme, Wichte des Abbruchstoffes DIN EN 1991-1-1 24 kN/m3, Ausführung im Freien,;5,0;m3;gaeb;leistungsbeschreibungen/1127 VE 247_LV_KG500_blanko 260807.x83
0015;Abbruch des Einzelfundaments aus unbewehrtem Beton, Normalbeton, ohne Bekleidungen und Beschichtungen, im Rahmen einer Totalabbruchmaßnahme, nicht schadstoffbelastet,;3,0;m3;gaeb;leistungsbeschreibungen/1127 VE 247_LV_KG500_blanko 260807.x83
0016;Asphaltoberbau schneiden, Dicke der Befestigung über 10 bis 15 cm, Ausführung mit Fugenschneidgerät.;20,0;m;gaeb;leistungsbeschreibungen/1127 VE 247_LV_KG500_blanko 260807.x83
0017;Abbruch der bitumenhaltigen Befestigung im Rahmen einer Teilabbruchmaßnahme, Wichte des Abbruchstoffes DIN EN 1991-1-1 20 kN/m3,;45,0;m2;gaeb;leistungsbeschreibungen/1127 VE 247_LV_KG500_blanko 260807.x83
0018;Totalabbruch der Befestigung ohne Bindemittel, aus Schotter, nicht schadstoffbelastet,;25,0;m3;gaeb;leistungsbeschreibungen/1127 VE 247_LV_KG500_blanko 260807.x83
0019;Totalabbruch der Befestigung ohne Bindemittel, aus Schotter, nicht schadstoffbelastet,;25,0;m3;gaeb;leistungsbeschreibungen/1127 VE 247_LV_KG500_blanko 260807.x83
0020;Totalabbruch der Befestigung ohne Bindemittel, aus Schotter, nicht schadstoffbelastet,;25,0;m3;gaeb;leistungsbeschreibungen/1127 VE 247_LV_KG500_blanko 260807.x83
0021;Totalabbruch der Befestigung ohne Bindemittel, aus Schotter, nicht schadstoffbelastet,;25,0;m3;gaeb;leistungsbeschreibungen/1127 VE 247_LV_KG500_blanko 260807.x83
0022;Totalabbruch der Betontragschicht aus Normalbeton, Betonfestigkeitsklasse gemäß Bestandsunterlagen, eine Überschreitung der Betondruckfestigkeit(en) gemäß Bestandsunterlagen im dort zugrunde gelegten Druckfestigkeitssystem (Nennfestigkeiten bzw. charakteristische Festigkeiten) bis zu 2 Druckfestigke;100,0;m3;gaeb;leistungsbeschreibungen/1127 VE 247_LV_KG500_blanko 260807.x83
0023;Repräsentative Haufwerksbeprobung gemäß den geltenden;10,0;St;gaeb;leistungsbeschreibungen/1127 VE 247_LV_KG500_blanko 260807.x83
0024;Bau- und Abbruchabfälle, Boden, Steine und Baggergut, Werte gemäß Ersatzbaustoffverordnung 2023 sind eingehalten,;300,0;t;gaeb;leistungsbeschreibungen/1127 VE 247_LV_KG500_blanko 260807.x83
0025;Bau- und Abbruchabfälle, Boden, Steine und Baggergut, Zuordnung gemäß Ersatzbaustoffverordnung 2023,;200,0;t;gaeb;leistungsbeschreibungen/1127 VE 247_LV_KG500_blanko 260807.x83
0026;Bau- und Abbruchabfälle, Boden, Steine und Baggergut, Werte gemäß Ersatzbaustoffverordnung 2023 sind eingehalten,;150,0;t;gaeb;leistungsbeschreibungen/1127 VE 247_LV_KG500_blanko 260807.x83
0027;Bau- und Abbruchabfälle, Boden, Steine und Baggergut, Werte gemäß Ersatzbaustoffverordnung 2023 sind eingehalten,;100,0;t;gaeb;leistungsbeschreibungen/1127 VE 247_LV_KG500_blanko 260807.x83
0028;Bau- und Abbruchabfälle, Beton, Ziegel, Fliesen und Keramik,;100,0;t;gaeb;leistungsbeschreibungen/1127 VE 247_LV_KG500_blanko 260807.x83
0029;Bau- und Abbruchabfälle, Beton, Ziegel, Fliesen und Keramik,;100,0;t;gaeb;leistungsbeschreibungen/1127 VE 247_LV_KG500_blanko 260807.x83
0030;Bau- und Abbruchabfälle, Boden, Steine und Baggergut,;140,0;t;gaeb;leistungsbeschreibungen/1127 VE 247_LV_KG500_blanko 260807.x83
0031;Bau- und Abbruchabfälle, Beton, Ziegel, Fliesen und Keramik,;75,0;t;gaeb;leistungsbeschreibungen/1127 VE 247_LV_KG500_blanko 260807.x83
0032;Bau- und Abbruchabfälle, Beton, Ziegel, Fliesen und Keramik,;75,0;t;gaeb;leistungsbeschreibungen/1127 VE 247_LV_KG500_blanko 260807.x83
0033;Bau- und Abbruchabfälle, Metalle,;10,0;t;gaeb;leistungsbeschreibungen/1127 VE 247_LV_KG500_blanko 260807.x83
0034;Bau- und Abbruchabfälle, Holz, Glas und Kunststoff,;5,0;t;gaeb;leistungsbeschreibungen/1127 VE 247_LV_KG500_blanko 260807.x83
0035;Bau- und Abbruchabfälle, Holz, Glas und Kunststoff,;2,0;t;gaeb;leistungsbeschreibungen/1127 VE 247_LV_KG500_blanko 260807.x83
0036;Sonstige Bau- und Abbruchabfälle,;15,0;t;gaeb;leistungsbeschreibungen/1127 VE 247_LV_KG500_blanko 260807.x83
0037;Siedlungsabfälle, Garten- und Parkabfälle,;100,0;t;gaeb;leistungsbeschreibungen/1127 VE 247_LV_KG500_blanko 260807.x83
0038;Aufnehmen, transportieren und abladen beigestellter Stoffe, auf der Baustelle, Förderweg bis 0,5 km, Mengenermittlung nach Aufmaß in eingebautem Zustand, Schotter-Splitt-Brechsand-Gemisch, Körnung 0/45, Ausführung gemäß Einzelbeschreibung,;510,0;m3;gaeb;leistungsbeschreibungen/1127 VE 247_LV_KG500_blanko 260807.x83
0039;Schicht aus frostunempfindlichen mineralischen Stoffen, Verdichtungsgrad mind. DPr 1, aus Baustoffgemisch für Schichten aus frostunempfindlichen mineralischen Stoffen, natürliche Gesteinskörnung TL Gestein, Körnung 0/45, unter Verwendung mineralischer Ersatzbaustoffe (MEB) gemäß Ersatzbaustoffverord;450,0;m3;gaeb;leistungsbeschreibungen/1127 VE 247_LV_KG500_blanko 260807.x83
0040;Zusätzlicher Aushub Boden nach Abtrag der ersten 0,3 m;780,0;m3;gaeb;leistungsbeschreibungen/1127 VE 247_LV_KG500_blanko 260807.x83
0041;Aufnehmen, transportieren und abladen von Bodenmaterial, vom LKW, auf der Baustelle, Förderweg bis 0,75 km, Mengenermittlung nach Aufmaß in eingebautem Zustand, Boden, Ausführung gemäß Einzelbeschreibung,;2878,0;m3;gaeb;leistungsbeschreibungen/1127 VE 247_LV_KG500_blanko 260807.x83
0042;Ausführen von Rammsondierungen zur Baugrunderkundung gemäß DIN EN ISO 22476-1 sowie unter Beachtung der VOB/C, ATV DIN 18300.;200,0;m;gaeb;leistungsbeschreibungen/1127 VE 247_LV_KG500_blanko 260807.x83
0043;Zulage zur Position Rammsondierung für Erschwernisse durch Hindernisse im Baugrund, wie z. B. Steine, Betonreste oder sonstige Einlagerungen, die den Sondierfortschritt behindern.;50,0;m;gaeb;leistungsbeschreibungen/1127 VE 247_LV_KG500_blanko 260807.x83
0044;Einmessen und Dokumentieren der Lage und Höhe der Sondieransatzpunkte der vorher beschriebenen Sondierungen mittels geeigneter Vermessungsverfahren. Übergabe eines Planes mit den Sondierungspunkten und den entsprechenden Koordinaten in digitaler Form im Pdf und Dwg Format.;1,0;St;gaeb;leistungsbeschreibungen/1127 VE 247_LV_KG500_blanko 260807.x83
0045;Erstellen und Liefern der Sondierprotokolle gemäß DIN EN ISO 22476-1 mit Darstellung der Schlagzahlen (N10) über die Tiefe sowie Angabe der Ansatzpunkte. Bereitstellung in digitaler Form (PDF).;1,0;St;gaeb;leistungsbeschreibungen/1127 VE 247_LV_KG500_blanko 260807.x83
0046;Kontrollprüfung ZTV SoB-StB auf besondere Anordnung des AG, für Unterbau/Planum, Prüfung für Verformungsmodul, mit statischem Lastplattendruckversuch DIN 18134.;10,0;St;gaeb;leistungsbeschreibungen/1127 VE 247_LV_KG500_blanko 260807.x83
0047;Schicht aus Geotextilien, Vliesstoff, Geotextilrobustheitsklasse 5, Masse min. 300 g/m2, Stempeldurchdrückkraft min. 3,5 kN, Überlappungsbreite mind. 30 cm, Ausführung gemäß Einzelbeschreibung,;350,0;m2;gaeb;leistungsbeschreibungen/1127 VE 247_LV_KG500_blanko 260807.x83
0048;Geogitter, aus Polyethylen (PE), gelegt, zum Trennen und als Bewehrung, Einbau in Verkehrsfläche, Überlappungsbreite mind. 30 cm, Abrechnung in der Abwicklung der Bearbeitungsflächen.;350,0;m2;gaeb;leistungsbeschreibungen/1127 VE 247_LV_KG500_blanko 260807.x83
0049;Schicht aus frostunempfindlichen mineralischen Stoffen, aus Baustoffgemisch für Schichten aus frostunempfindlichen mineralischen Stoffen, Gesteinskörnung TL Gestein, Körnung 60/80, Schichtdicke über 20 bis 30 cm, abgerechnet wird nach Auftragprofilen, Ausführung gemäß Einzelbeschreibung,;100,0;m3;gaeb;leistungsbeschreibungen/1127 VE 247_LV_KG500_blanko 260807.x83
0050;Liefern, verteilen, einbauen und verdichten von Körnungsstoffen zur Bodenverbesserung/-verfestigung, Schotter, natürliche Gesteinskörnung TL Gestein, Körnung 45/56,;200,0;t;gaeb;leistungsbeschreibungen/1127 VE 247_LV_KG500_blanko 260807.x83
0051;Erstellung des Mischungsverhältnisses für das Einbringen der hydraulischen Bodenverbesserung. Die Untersuchung beinhalten alle erforderlichen Probeentnahmen vor Ort, die Bestimmung der Eignung der Boden sowie alle erforderlich Parameter zu Bestimmung der einzubauenden Menge der Bodenverbesserung.;2,0;St;gaeb;leistungsbeschreibungen/1127 VE 247_LV_KG500_blanko 260807.x83
0052;Liefern, verteilen und eines staubarmen hydraulischen Bindemitteln zur Bodenverbesserung/-verfestigung, Kalk mit hydraulischen Eigenschaften DIN EN 459-1, Auftragsmenge ca. 40,000 kg/m2.;168,0;t;gaeb;leistungsbeschreibungen/1127 VE 247_LV_KG500_blanko 260807.x83
0053;"Bindemittel einarbeiten mit einem Fräsübergang von mind. 40 cm Tiefe, Baugrundplanum wieder herstellen, einsch. Verdichtungsarbeiten EV"" von mind. 45 N/mm² mit einem Verdichtungsverhältnis von Ev2/Ev1 < 2,5 der Bearbeitungsfläche, einschl. aller Nebenarbeiten. Wasserentnahmestelle mit C-Schlauchansc";700,0;m2;gaeb;leistungsbeschreibungen/1127 VE 247_LV_KG500_blanko 260807.x83
0054;Bindemittel einarbeiten mittels Chargen- als auch Durchlaufmischer nach Wahl des AG. Das Mischgut ist im vor Austrocknung und Vernässung zu schützen und bin im max. 48 Std. einzubauen. Der Schutz des Mischgutes ist einzukalkulieren und wird nicht separta vergütet.;840,0;m3;gaeb;leistungsbeschreibungen/1127 VE 247_LV_KG500_blanko 260807.x83
0055;Aufnehmen, transportieren und abladen des Boden-Kalk-Gemisches, auf der Baustelle, Förderweg bis 0,5 km vom Mischplatz zum Einbauort, Mengenermittlung nach Aufmaß in eingebautem Zustand,;840,0;m3;gaeb;leistungsbeschreibungen/1127 VE 247_LV_KG500_blanko 260807.x83
0056;"Boden-Kalk-Gemisch in einer Dicke von 20 cm einzubauen, planieren und verdichten. Baugrundplanum wieder herstellen, einsch. Verdichtungsarbeiten EV"" von mind. 45 N/mm² mit einem Verdichtungsverhältnis von Ev2/Ev1 < 2,5 der Bearbeitungsfläche, einschl. aller Nebenarbeiten.";4200,0;m2;gaeb;leistungsbeschreibungen/1127 VE 247_LV_KG500_blanko 260807.x83
0057;Kontrollprüfung ZTV E-StB auf besondere Anordnung des AG für Unterbau/Planum, Prüfung für Verformungsmodul, mit dynamischem Lastplattendruckversuch TP BF-StB.;15,0;St;gaeb;leistungsbeschreibungen/1127 VE 247_LV_KG500_blanko 260807.x83
0058;Oberboden, sieben, Siebdurchgang 10 mm, Siebrückstände zur Abfuhr geordnet lagern, aufnehmen und entsorgen. Vergütung der Entsorgung übernimmt AN.;1015,0;m3;gaeb;leistungsbeschreibungen/1127 VE 247_LV_KG500_blanko 260807.x83
0059;Boden, seitlich gelagerten Boden aufnehmen und sieben und zum Einbau auf Miete setzten, mit maschineller Siebanlage, Siebdurchgang 10 mm, Siebrückstände nach Stoffen getrennt auf der Baustelle lagern und im Anschluss zu entsorgen, die Kosten der Entsorgung sind durch den AN zu tragen.;3100,0;m3;gaeb;leistungsbeschreibungen/1127 VE 247_LV_KG500_blanko 260807.x83
0060;Kontrollprüfung ZTV E-StB auf besondere Anordnung des AG, für Unterbau/Planum, Prüfung für Verformungsmodul, mit statischem Lastplattendruckversuch DIN 18134.;30,0;St;gaeb;leistungsbeschreibungen/1127 VE 247_LV_KG500_blanko 260807.x83
0061;Erstellung eines Probefeld nach Vorgaben des Baugrundgutachters, inkl. Erdarbeiten, in einer Größe von 2,50 x 2,50 m und einer Tiefe von 0,30 m.;10,0;St;gaeb;leistungsbeschreibungen/1127 VE 247_LV_KG500_blanko 260807.x83
0062;Erstellung eines Probefeld nach Vorgaben des Baugrundgutachters, inkl. Erdarbeiten, in einer Größe von 2,50 x 2,50 m und einer Tiefe von 0,50 m.;10,0;St;gaeb;leistungsbeschreibungen/1127 VE 247_LV_KG500_blanko 260807.x83
0063;Erstellung eines Probefeld nach Vorgaben des Baugrundgutachters, inkl. Erdarbeiten, in einer Größe von 2,50 x 2,50 m und einer Tiefe von 0,75 m.;10,0;St;gaeb;leistungsbeschreibungen/1127 VE 247_LV_KG500_blanko 260807.x83
0001;Boden für Schürfgrube ab Geländeoberfläche profilgerecht lösen, laden, fördern, lagern, Arbeiten mit Gerät, Förderweg bis 0,5 km, mit geböschten Wänden, Sohlenbreite über 1,5 bis 2 m, Sohlenlänge über 1,5 bis 2 m, Aushubtiefe bis 1,25 m,;15,0;St;gaeb;leistungsbeschreibungen/1127 VE 247_LV_KG500_blanko 260807.x83
0002;Boden für Schürfgrube ab Geländeoberfläche profilgerecht lösen, laden, fördern, lagern, Arbeiten von Hand, Förderweg bis 0,5 km, mit geböschten Wänden, Sohlenbreite über 1,5 bis 2 m, Sohlenlänge über 1,5 bis 2 m, Aushubtiefe bis 1,25 m,;5,0;St;gaeb;leistungsbeschreibungen/1127 VE 247_LV_KG500_blanko 260807.x83
0003;Boden für Schürfgrube ab Geländeoberfläche profilgerecht lösen, laden, fördern, lagern, Arbeiten mit Gerät, Förderweg bis 0,5 km, mit geböschten Wänden, Sohlenbreite über 1,5 bis 2 m, Sohlenlänge über 1,5 bis 2 m, Aushubtiefe bis 2,5 m,;15,0;St;gaeb;leistungsbeschreibungen/1127 VE 247_LV_KG500_blanko 260807.x83
0004;Boden für Schürfgrube ab Geländeoberfläche profilgerecht lösen, seitlich lagern, verfüllen, verdichten, Arbeiten mit Gerät, ohne Festlegung eines Zuordnungskriteriums LAGA/DepVO/EBV/RuVA, mit geböschten Wänden, Sohlenbreite über 0,6 bis 0,7 m, Sohlenlänge über 1 bis 1,5 m, Aushubtiefe bis 1 m,;15,0;m3;gaeb;leistungsbeschreibungen/1127 VE 247_LV_KG500_blanko 260807.x83
0005;Boden für Suchgraben ab Geländeoberfläche profilgerecht lösen, laden, fördern, lagern, Arbeiten mit Gerät, Förderweg bis 0,5 km, mit geböschten Wänden, Sohlenbreite über 0,7 bis 0,8 m, Aushubtiefe bis 1,25 m,;50,0;m;gaeb;leistungsbeschreibungen/1127 VE 247_LV_KG500_blanko 260807.x83
0006;Boden für Suchgraben ab Geländeoberfläche profilgerecht lösen, laden, fördern, lagern, Arbeiten von Hand, Förderweg bis 0,5 km, mit geböschten Wänden, Sohlenbreite über 0,7 bis 0,8 m, Aushubtiefe bis 1,25 m,;20,0;m;gaeb;leistungsbeschreibungen/1127 VE 247_LV_KG500_blanko 260807.x83
0007;Oberboden, profilgerecht abtragen, laden, fördern und auf Miete setzen, Förderweg bis 0,5 km, Bodengruppe 3b DIN 18915 (schwach bindig, kiesig), eine Bodengruppe, Bodengruppe 1 OH DIN 18196 (grob- bis gemischtkörniger Boden mit Beimengungen humoser Art), Anteil der nichtgeneigten Abtragfläche 50 %, ;250,0;m3;gaeb;leistungsbeschreibungen/1127 VE 247_LV_KG500_blanko 260807.x83
0008;Oberboden, sieben, Siebdurchgang 10 mm, Siebrückstände zur Abfuhr geordnet lagern, aufnehmen und entsorgen. Vergütung der Entsorgung übernimmt AN.;900,0;m3;gaeb;leistungsbeschreibungen/1127 VE 247_LV_KG500_blanko 260807.x83
0009;Aufnehmen, transportieren und abladen von Bodenmaterial, vom LKW, auf der Baustelle, Förderweg bis 0,5 km, Mengenermittlung nach Aufmaß in eingebautem Zustand, Boden, Ausführung gemäß Einzelbeschreibung,;900,0;m3;gaeb;leistungsbeschreibungen/1127 VE 247_LV_KG500_blanko 260807.x83
0010;Oberboden, seitlich gelagert, profilgerecht auftragen, Auftragsdicke über 15 bis 20 cm, Mengenermittlung nach Aufmaß an der Auftragstelle.;900,0;m3;gaeb;leistungsbeschreibungen/1127 VE 247_LV_KG500_blanko 260807.x83
0011;Boden für zukünftige Vegetationsflächen, nach Abtrag des Oberbodens,;100,0;m3;gaeb;leistungsbeschreibungen/1127 VE 247_LV_KG500_blanko 260807.x83
0012;Boden für zukünftige Vegetationsflächen, nach Abtrag des Oberbodens,;100,0;m3;gaeb;leistungsbeschreibungen/1127 VE 247_LV_KG500_blanko 260807.x83
0013;Boden für Wege, nach Abtrag des Oberbodens,;100,0;m3;gaeb;leistungsbeschreibungen/1127 VE 247_LV_KG500_blanko 260807.x83
0014;Boden für Wege, ab Geländeoberfläche,;100,0;m3;gaeb;leistungsbeschreibungen/1127 VE 247_LV_KG500_blanko 260807.x83
0015;Aufnehmen, transportieren und abladen von Bodenmaterial, vom LKW, auf der Baustelle, Förderweg bis 0,5 km, Mengenermittlung nach Aufmaß in eingebautem Zustand, Boden, Ausführung gemäß Einzelbeschreibung,;2878,0;m3;gaeb;leistungsbeschreibungen/1127 VE 247_LV_KG500_blanko 260807.x83
0016;Boden, seitlich gelagert, profilgerecht einbauen in Lagen zu max. 20 cm, in ebenen Flächen und in Böschungen, verdichten, Verformungsmodul mind. EV2 45 MPa, Verdichtungsgrad mind. DPr 0,92 bis 0,95, Einbauhöhe bis 1,00 m, Arbeiten mit Gerät.;1439,0;m3;gaeb;leistungsbeschreibungen/1127 VE 247_LV_KG500_blanko 260807.x83
0017;Boden, seitlich gelagert, profilgerecht einbauen in Lagen zu max. 20 cm, in ebenen Flächen und in Böschungen, verdichten, Verformungsmodul mind. EV2 45 MPa, Verdichtungsgrad mind. DPr 0,92 bis 0,95, Einbauhöhe bis 1,50 m, Arbeiten mit Gerät.;960,0;m3;gaeb;leistungsbeschreibungen/1127 VE 247_LV_KG500_blanko 260807.x83
0018;Bearbeitungsfläche unter Massenausgleich planieren, Ab-/Auftragsdicke über 10 bis 40 cm, zulässige Abweichung von der Sollhöhe +/- 3 cm, Anteil der nichtgeneigten Fläche 50 %, Neigung der Restfläche steiler als 1:4 bis 1:2.;1560,0;m3;gaeb;leistungsbeschreibungen/1127 VE 247_LV_KG500_blanko 260807.x83
0019;Bearbeitungsfläche Böschungen unter Massenausgleich planieren, Ab-/Auftragsdicke über 30 bis 70 cm, zulässige Abweichung von der Sollhöhe +/- 3 cm, Neigung der Fläche steiler als 1:4 bis 1:2.;1836,0;m3;gaeb;leistungsbeschreibungen/1127 VE 247_LV_KG500_blanko 260807.x83
0020;Liefern von Boden frei Baustelle und seitlich lagern, Mengenermittlung nach Lieferschein, Boden, mit einer Bodengruppe, Bodengruppe 1 GW, GI, GU, SW, SI, SU gem. DIN 18196;150,0;m3;gaeb;leistungsbeschreibungen/1127 VE 247_LV_KG500_blanko 260807.x83
0021;Aufnehmen, transportieren und abladen von Bodenmaterial, vom LKW, auf der Baustelle, Förderweg bis 0,5 km, Mengenermittlung nach Aufmaß in eingebautem Zustand, Boden, Ausführung gemäß Einzelbeschreibung,;150,0;m3;gaeb;leistungsbeschreibungen/1127 VE 247_LV_KG500_blanko 260807.x83
0022;Boden für Mulden, ab Geländeoberfläche,;10,0;m3;gaeb;leistungsbeschreibungen/1127 VE 247_LV_KG500_blanko 260807.x83
0023;Planum herstellen, für Mulden, zulässige Abweichung von der Sollhöhe +/- 2 cm, Verformungsmodul mind. EV2 45 MPa, in Streifen, Streifenbreite 2 m, Ausführung gemäß Einzelbeschreibung,;20,0;m2;gaeb;leistungsbeschreibungen/1127 VE 247_LV_KG500_blanko 260807.x83
0024;Kontrollprüfung ZTV E-StB auf besondere Anordnung des AG für Unterbau/Planum, Prüfung für Verformungsmodul, mit dynamischem Lastplattendruckversuch TP BF-StB.;15,0;St;gaeb;leistungsbeschreibungen/1127 VE 247_LV_KG500_blanko 260807.x83
0001;Boden für Schürfgrube ab Geländeoberfläche profilgerecht lösen, laden, fördern, lagern, Arbeiten mit Gerät, Förderweg bis 0,5 km, mit geböschten Wänden, Sohlenbreite über 1,5 bis 2 m, Sohlenlänge über 1,5 bis 2 m, Aushubtiefe bis 1,25 m,;15,0;St;gaeb;leistungsbeschreibungen/1127 VE 247_LV_KG500_blanko 260807.x83
0002;Boden für Schürfgrube ab Geländeoberfläche profilgerecht lösen, laden, fördern, lagern, Arbeiten mit Gerät, Förderweg bis 0,5 km, mit geböschten Wänden, Sohlenbreite über 1,5 bis 2 m, Sohlenlänge über 1,5 bis 2 m, Aushubtiefe bis 2,5 m,;15,0;St;gaeb;leistungsbeschreibungen/1127 VE 247_LV_KG500_blanko 260807.x83
0003;Boden für Schürfgrube ab Geländeoberfläche profilgerecht lösen, seitlich lagern, verfüllen, verdichten, Arbeiten mit Gerät, ohne Festlegung eines Zuordnungskriteriums LAGA/DepVO/EBV/RuVA, mit geböschten Wänden, Sohlenbreite über 0,6 bis 0,7 m, Sohlenlänge über 1 bis 1,5 m, Aushubtiefe bis 1 m,;15,0;m3;gaeb;leistungsbeschreibungen/1127 VE 247_LV_KG500_blanko 260807.x83
0004;Boden für Suchgraben ab Geländeoberfläche profilgerecht lösen, laden, fördern, lagern, Arbeiten mit Gerät, Förderweg bis 0,5 km, mit geböschten Wänden, Sohlenbreite über 0,7 bis 0,8 m, Aushubtiefe bis 1,25 m,;50,0;m;gaeb;leistungsbeschreibungen/1127 VE 247_LV_KG500_blanko 260807.x83
0005;Boden für Suchgraben profilgerecht in Handarbeit lösen, seitlich lagern, verfüllen und verdichten, Aushubtiefe bis 1,00 m, Breite der Sohle über 0,4 bis 0,5 m,;25,0;m3;gaeb;leistungsbeschreibungen/1127 VE 247_LV_KG500_blanko 260807.x83
0006;Boden für Einzelfundament, ab Geländeoberfläche,;26,0;m3;gaeb;leistungsbeschreibungen/1127 VE 247_LV_KG500_blanko 260807.x83
0007;Boden für Einzelfundament, ab Geländeoberfläche,;25,0;m3;gaeb;leistungsbeschreibungen/1127 VE 247_LV_KG500_blanko 260807.x83
0008;Zulage zur Vorposition 01.04.0006 Für Erdarbeiten in Handarbeit in Bereich von Bestandsleitungen. Bereiche in denen Handschachtungen durchzuführen sind, sind in jedem Fall durch den AN bei der Bauüberwachung anzumelden oder auf Anweisung der Bauüberwachung in festzulegenden Bereichen auszuführen. Ma;3,0;m3;gaeb;leistungsbeschreibungen/1127 VE 247_LV_KG500_blanko 260807.x83
0009;Platte aus Beton DIN EN 1339, ungebundene Bauweise, Maße L/B/D 300/300/40 mm, Farbton grau, Kante abgeschrägt, Horizontal-/Vertikalschenkel über 1 bis 2 mm, Bettung aus Baustoffgemisch Körnung 0/5 aus natürlichen gebrochenen Gesteinskörnungen (Brechsand-Splitt-Gemisch), Dicke 3 bis 5 cm.;26,0;St;gaeb;leistungsbeschreibungen/1127 VE 247_LV_KG500_blanko 260807.x83
0010;Fundamentrohr DN 350 aus PE, Länge 0,80 m;26,0;St;gaeb;leistungsbeschreibungen/1127 VE 247_LV_KG500_blanko 260807.x83
0011;Schutzkappe DN 350 für das provisorische Verschließen des Fundamentes liefern und einbauen. inkl des späteren Ausbaus und Entsorgung bei dem Einbau des Mastes.;26,0;St;gaeb;leistungsbeschreibungen/1127 VE 247_LV_KG500_blanko 260807.x83
0012;Leuchtenfundamente herstellen, Lichtpunktehöhe = 10,0m;3,0;stk;gaeb;leistungsbeschreibungen/1127 VE 247_LV_KG500_blanko 260807.x83
0013;Erstellung eines statischen Nachweises für die Fundamentierung des Leuchtenstandorts Lichtpunkthöhe 10m. Zur Vorlage und Freigabe auf Übereinstimmung auf die Ausführungsplanung bei der Bauleitung Pläne digital im pdf-Format. Dies ist mit einzukalkulieren und wird nicht separat vergütet.;1,0;psch;gaeb;leistungsbeschreibungen/1127 VE 247_LV_KG500_blanko 260807.x83
0014;Boden der Gräben für Kabel, ab Grabensohle, profilgerecht lösen, seitlich lagern, verfüllen, verdichten, verdrängten Boden seitlich lagern, ohne Festlegung eines Zuordnungskriteriums LAGA/DepVO/EBV/RuVA, mit geböschten Wänden, mit Behinderung durch Versorgungs-, Entsorgungsleitungen und Kabel, Siche;186,0;m3;gaeb;leistungsbeschreibungen/1127 VE 247_LV_KG500_blanko 260807.x83
0015;Zulage zur Vorposition 01.04.0014 Für Erdarbeiten in Handarbeit in Bereich von Bestandsleitungen. Bereiche in denen Handschachtungen durchzuführen sind, sind in jedem Fall durch den AN bei der Bauüberwachung anzumelden oder auf Anweisung der Bauüberwachung in festzulegenden Bereichen auszuführen. Ma;10,0;m3;gaeb;leistungsbeschreibungen/1127 VE 247_LV_KG500_blanko 260807.x83
0016;Sand, natürliche Gesteinskörnung TL Gestein, Körnung 0/2, liefern, für Einbettung von Kabeln, profilgerecht einbauen und verdichten, in Graben, Schichtdicke über 25 bis 30 cm, Arbeiten mit Gerät, Ausführung gemäß Einzelbeschreibung,;54,0;m3;gaeb;leistungsbeschreibungen/1127 VE 247_LV_KG500_blanko 260807.x83
0017;Schotter-Splitt-Brechsand-Gemisch, natürliche Gesteinskörnung TL Gestein, Körnung 0/45, unter Verwendung mineralischer Ersatzbaustoffe (MEB) gemäß Ersatzbaustoffverordnung (EBV), liefern, für Hauptverfüllung, profilgerecht einbauen und verdichten, in Graben und Schacht, Schichtdicke über 80 bis 100 ;55,0;m3;gaeb;leistungsbeschreibungen/1127 VE 247_LV_KG500_blanko 260807.x83
0018;Markierung/Trassenwarnband einbringen.;300,0;m;gaeb;leistungsbeschreibungen/1127 VE 247_LV_KG500_blanko 260807.x83
0019;Kabelschutzrohr DIN EN 61386-24 (VDE 0605-24) aus Kunststoff, Nenn-Außendurchmesser 125 mm, einschl. Lieferung, Ausführung gemäß Einzelbeschreibung,;275,0;m;gaeb;leistungsbeschreibungen/1127 VE 247_LV_KG500_blanko 260807.x83
0020;Kabelschutzrohr DIN EN 61386-24 (VDE 0605-24) aus Kunststoff, Nenn-Außendurchmesser 160 mm, einschl. Lieferung, Ausführung gemäß Einzelbeschreibung,;25,0;m;gaeb;leistungsbeschreibungen/1127 VE 247_LV_KG500_blanko 260807.x83
0021;Erstellen eines Aufmaßes und einer Dokumentation der für Starkstromanlagen eingebauten Leitungen rund um die Leuchtenfundamente .;1,0;psch;gaeb;leistungsbeschreibungen/1127 VE 247_LV_KG500_blanko 260807.x83
0022;Boden gelöst und bauseits gelagert,;15,0;m3;gaeb;leistungsbeschreibungen/1127 VE 247_LV_KG500_blanko 260807.x83
0023;Kabelbündel unter Spannung, Niederspannungskabel, erdverlegt, Kabelaußendurchmesser über 20 bis 40 mm, Länge der Sicherungsstrecke über 3 bis 5 m, Tiefe der Leitungsachse unter Gelände bis 1,25 m, sichern.;25,0;m;gaeb;leistungsbeschreibungen/1127 VE 247_LV_KG500_blanko 260807.x83
0024;Rohrleitung aus Kunststoff, abwasserführend, über DN 100 bis DN 300, Länge der Sicherungsstrecke über 3 bis 5 m, Tiefe der Leitungsachse unter Gelände bis 1,25 m, sichern.;25,0;m;gaeb;leistungsbeschreibungen/1127 VE 247_LV_KG500_blanko 260807.x83
0025;Pflasterstreifen als Umpflasterung der Leuchtenmasten aus Steinpflaster ZTV Pflaster-StB, Ausführung der Pflasterstreifen nach Anzahl der Zeilen, einzeilig, als Läuferreihe als Bänderung in Pflasterflächen, Pflastersteine aus Beton DIN EN 1338, max. Differenzen J, Witterungswiderstand B,;29,0;St;gaeb;leistungsbeschreibungen/1127 VE 247_LV_KG500_blanko 260807.x83
0001;Boden für Schürfgrube ab Geländeoberfläche profilgerecht lösen, laden, fördern, lagern, Arbeiten mit Gerät, Förderweg bis 0,5 km, mit geböschten Wänden, Sohlenbreite über 1,5 bis 2 m, Sohlenlänge über 1,5 bis 2 m, Aushubtiefe bis 1,25 m,;25,0;St;gaeb;leistungsbeschreibungen/1127 VE 247_LV_KG500_blanko 260807.x83
0002;Boden für Schürfgrube ab Geländeoberfläche profilgerecht lösen, laden, fördern, lagern, Arbeiten mit Gerät, Förderweg bis 0,5 km, mit geböschten Wänden, Sohlenbreite über 1,5 bis 2 m, Sohlenlänge über 1,5 bis 2 m, Aushubtiefe bis 2,5 m,;25,0;St;gaeb;leistungsbeschreibungen/1127 VE 247_LV_KG500_blanko 260807.x83
0003;Boden für Schürfgrube ab Geländeoberfläche profilgerecht lösen, seitlich lagern, verfüllen, verdichten, Arbeiten mit Gerät, ohne Festlegung eines Zuordnungskriteriums LAGA/DepVO/EBV/RuVA, mit geböschten Wänden, Sohlenbreite über 0,6 bis 0,7 m, Sohlenlänge über 1 bis 1,5 m, Aushubtiefe bis 1 m,;55,0;m3;gaeb;leistungsbeschreibungen/1127 VE 247_LV_KG500_blanko 260807.x83
0004;Boden für Suchgraben ab Geländeoberfläche profilgerecht lösen, laden, fördern, lagern, Arbeiten mit Gerät, Förderweg bis 0,5 km, mit geböschten Wänden, Sohlenbreite über 0,7 bis 0,8 m, Aushubtiefe bis 1,25 m,;50,0;m;gaeb;leistungsbeschreibungen/1127 VE 247_LV_KG500_blanko 260807.x83
0005;Boden für Suchgraben profilgerecht in Handarbeit lösen, seitlich lagern, verfüllen und verdichten, Aushubtiefe bis 1,00 m, Breite der Sohle über 0,4 bis 0,5 m, Homogenbereich 1, mit 5 Bodengruppen, Bodengruppe 1 UL DIN 18196 (leicht plastischer Schluff), Bodengruppe 2 TL DIN 18196 (leicht plastische;55,0;m3;gaeb;leistungsbeschreibungen/1127 VE 247_LV_KG500_blanko 260807.x83
0006;Boden der Gräben für Ver- und Entsorgungsleitungen, ab Geländeoberfläche, profilgerecht lösen, seitlich lagern, verfüllen, verdichten, Arbeiten mit Gerät, verdrängten Boden direkt laden, auf LKW des AN laden, die Entsorgung wird gesondert vergütet, Abfall ist nicht gefährlich, nicht schadstoffbelast;30,0;m3;gaeb;leistungsbeschreibungen/1127 VE 247_LV_KG500_blanko 260807.x83
0007;Boden der Gräben für Ver- und Entsorgungsleitungen, ab Geländeoberfläche, profilgerecht lösen, direkt laden, Arbeiten mit Gerät, auf LKW des AN laden, transportieren, entsorgen, Vergütung der Entsorgung übernimmt AN, Abfall ist nicht gefährlich, nicht schadstoffbelastet, ohne Festlegung eines Zuordn;45,0;m3;gaeb;leistungsbeschreibungen/1127 VE 247_LV_KG500_blanko 260807.x83
0008;Planum herstellen, für Gräben, zulässige Abweichung von der Sollhöhe +/- 2 cm, Ausführung gemäß Einzelbeschreibung,;40,0;m2;gaeb;leistungsbeschreibungen/1127 VE 247_LV_KG500_blanko 260807.x83
0009;Abwasserkanal aus PP (Polypropylen)-Rohren DIN EN 1852-1, homogenes Vollwandrohr, für Regenwasser, mit Steckverbindung, Rohrende mit Muffe, ON/ID 110, Nenn-Ringsteifigkeit SN 8 DIN EN ISO 9969, Verlegung DIN EN 1610 in vorh. geböschtem Graben, Grabentiefe über 1 bis 2 m, einschl. Bettung Typ 1, Dick;65,0;m;gaeb;leistungsbeschreibungen/1127 VE 247_LV_KG500_blanko 260807.x83
0010;Wie vor, jedoch Abwasserkanal DN/ID 125;25,0;m;gaeb;leistungsbeschreibungen/1127 VE 247_LV_KG500_blanko 260807.x83
0011;Wie vor, jedoch Abwasserkanal DN/ID 150;25,0;m;gaeb;leistungsbeschreibungen/1127 VE 247_LV_KG500_blanko 260807.x83
0012;Abzweig, Formstück aus PP (Polypropylen) DIN EN 1852-1, homogenes Vollwandrohr, für Abwasserkanal, für Regenwasser, 45 Grad, Steckverbindung, Rohrende mit Muffe, DN/OD 110.;20,0;St;gaeb;leistungsbeschreibungen/1127 VE 247_LV_KG500_blanko 260807.x83
0013;Wie vor, jedoch Abzweig DN/ID 125;10,0;St;gaeb;leistungsbeschreibungen/1127 VE 247_LV_KG500_blanko 260807.x83
0014;Wie vor, jedoch Abzweig DN/ID 150;10,0;St;gaeb;leistungsbeschreibungen/1127 VE 247_LV_KG500_blanko 260807.x83
0015;Bogen, Formstück aus PP (Polypropylen) DIN EN 1852-1, homogenes Vollwandrohr, für Abwasserkanal, für Regenwasser, 45 Grad, Steckverbindung, Rohrende mit Muffe, DN/OD 110.;25,0;St;gaeb;leistungsbeschreibungen/1127 VE 247_LV_KG500_blanko 260807.x83
0016;Wie vor, jedoch Bogen 45Grad DN/ID 125;10,0;St;gaeb;leistungsbeschreibungen/1127 VE 247_LV_KG500_blanko 260807.x83
0017;Wie vor, jedoch Bogen 45Grad DN/ID 150;10,0;St;gaeb;leistungsbeschreibungen/1127 VE 247_LV_KG500_blanko 260807.x83
0018;Bogen, Formstück aus PP (Polypropylen) DIN EN 1852-1, homogenes Vollwandrohr, für Abwasserkanal, für Regenwasser, 30 Grad, Steckverbindung, Rohrende mit Muffe, DN/OD 110.;20,0;St;gaeb;leistungsbeschreibungen/1127 VE 247_LV_KG500_blanko 260807.x83
0019;Wie vor, jedoch Bogen 30Grad DN/ID 125;10,0;St;gaeb;leistungsbeschreibungen/1127 VE 247_LV_KG500_blanko 260807.x83
0020;Wie vor, jedoch Bogen 30Grad DN/ID 150;10,0;St;gaeb;leistungsbeschreibungen/1127 VE 247_LV_KG500_blanko 260807.x83
0021;Bogen, Formstück aus PP (Polypropylen) DIN EN 1852-1, homogenes Vollwandrohr, für Abwasserkanal, für Regenwasser, 15 Grad, Steckverbindung, Rohrende mit Muffe, DN/OD 110.;20,0;St;gaeb;leistungsbeschreibungen/1127 VE 247_LV_KG500_blanko 260807.x83
0022;Wie vor, jedoch Bogen 15Grad DN/ID 125;10,0;St;gaeb;leistungsbeschreibungen/1127 VE 247_LV_KG500_blanko 260807.x83
0023;Wie vor, jedoch Bogen 15Grad DN/ID 150;10,0;St;gaeb;leistungsbeschreibungen/1127 VE 247_LV_KG500_blanko 260807.x83
0024;Doppelmuffe, Formstück aus PP (Polypropylen) DIN EN 1852-1, homogenes Vollwandrohr, für Abwasserkanal, für Regenwasser, Steckverbindung, Rohrende mit Muffe, DN/OD 110.;10,0;St;gaeb;leistungsbeschreibungen/1127 VE 247_LV_KG500_blanko 260807.x83
0025;Wie vor, jedoch Doppelmuffe DN/ID 125;10,0;St;gaeb;leistungsbeschreibungen/1127 VE 247_LV_KG500_blanko 260807.x83
0026;Wie vor, jedoch Doppelmuffe DN/ID 150;10,0;St;gaeb;leistungsbeschreibungen/1127 VE 247_LV_KG500_blanko 260807.x83
0027;Hofablauf 30/30 mit Sinkkasten und Geruchverschluss, Kunststoff-Eimer undGuss-Längsstabrost, Stababstand 8 mm, KTL-beschichtet, Kl. D 400, Hofsinkkasten aus faserbewehrtem Beton, mit KG-Muffe, mit Dichtung DN/OD 110, mit Geruchsverschluss, Kunststoff-Eimer und Guss-Längsstabrost aus Sphäroguss EN-GJ;80,0;St;gaeb;leistungsbeschreibungen/1127 VE 247_LV_KG500_blanko 260807.x83
0028;Plattenrinne, aus Betonpflastersteinen DIN EN 1339, Maße L/B/D 16/16/12 cm, zweizeilig, Witterungswiderstand D, Abriebwiderstand I, Biegezugfestigkeit T, Fundament aus Beton mit einer Zusammensetzung C 20/25 DIN EN 206 und DIN 1045-2, Dicke 20 cm, Fugen verfüllen mit hydraulisch gebundenem Fugenfüll;100,0;m;gaeb;leistungsbeschreibungen/1127 VE 247_LV_KG500_blanko 260807.x83
0029;Abschluss für Plattenrinne, aus Betonsteinen, Dicke bis 120 mm, Herstellen vonSchnittkanten, mit geführtem Nassschneidegerät.;9,0;m;gaeb;leistungsbeschreibungen/1127 VE 247_LV_KG500_blanko 260807.x83
0030;Entwässerungsrinne für Oberflächenwasser DIN EN 1433 und DIN 19580, Klasse B 125, Nennweite 100 mm, aus Beton, ohne Gefälle, mit Abdeckung aus Gusseisen EN-GJS, als Stegrost, mit Kantenschutz aus Gusseisen, mit Arretierung, einschl. Fundament, aus Normalbeton C 25/30 DIN 1045-2, Ausführung gemäß Ein;37,0;m;gaeb;leistungsbeschreibungen/1127 VE 247_LV_KG500_blanko 260807.x83
0031;Einlaufkasten für Entwässerungsrinne, Klasse B 125, Nennweite 150 mm, aus Beton, mit Abdeckung aus Gusseisen EN-GJS, als Stegrost, mit Kantenschutz aus Gusseisen, mit Arretierung, C 25/30 DIN EN 206, DIN 1045-2, Ausführung gemäß Einzelbeschreibung,;4,0;St;gaeb;leistungsbeschreibungen/1127 VE 247_LV_KG500_blanko 260807.x83
0032;Zulage zur Pos. 01.05.0030 Entwässerungsrinne jedoch Herstellungen eines Passstücks durch Schnitt;6,0;St;gaeb;leistungsbeschreibungen/1127 VE 247_LV_KG500_blanko 260807.x83
0033;Endstück/Stirnwand gesteckt oder werkseits verschweißt.;12,0;St;gaeb;leistungsbeschreibungen/1127 VE 247_LV_KG500_blanko 260807.x83
0034;Schachtabdeckung anpassen, aus Gusseisen mit Betonfüllung, mit Beton C 12/15 einschl. Schalung, verlegen in Mörtel M 10, Höhenänderung bis 5 cm.;15,0;St;gaeb;leistungsbeschreibungen/1127 VE 247_LV_KG500_blanko 260807.x83
0035;Schachtabdeckung anpassen, aus Gusseisen mit Betonfüllung, Ausführung mit Auflageringen, mit Schubsicherung, verlegen in Mörtel M 10, Höhenänderung über 5 bis 10 cm.;15,0;St;gaeb;leistungsbeschreibungen/1127 VE 247_LV_KG500_blanko 260807.x83
0036;Schachtabdeckung anpassen, aus Gusseisen mit Betonfüllung, Ausführung mit Auflageringen, mit Schubsicherung, verlegen in Mörtel M 10, Höhenänderung über 25 bis 30 cm.;15,0;St;gaeb;leistungsbeschreibungen/1127 VE 247_LV_KG500_blanko 260807.x83
0037;Zum Angleichen des Bestands-Entwässerungsschachtes an die geplante Geländeoberkante des zukünftigen Schulhofs müssen Schachtdeckel und Schachtkonus vom Schacht abgetragen werden um darunter liegende/-n Schachtring/-e abzutragen. Der Schacht soll bei gleichbleibender Sohlhöhe um insgesamt 5 laufende ;1,0;St;gaeb;leistungsbeschreibungen/1127 VE 247_LV_KG500_blanko 260807.x83
0038;Zum Angleichen des Bestands-Entwässerungsschachtes an die geplante Geländeoberkante des zukünftigen Schulhofs müssen Schachtdeckel und Schachtkonus vom Schacht abgetragen werden um darunter liegende/-n Schachtring/-e abzutragen. Der Schacht soll bei gleichbleibender Sohlhöhe um insgesamt 5 bis 10 la;1,0;St;gaeb;leistungsbeschreibungen/1127 VE 247_LV_KG500_blanko 260807.x83
0039;Zum Angleichen des Bestands-Entwässerungsschachtes an die geplante Geländeoberkante des zukünftigen Schulhofs müssen Schachtdeckel und Schachtkonus vom Schacht abgetragen werden um darunter liegende/-n Schachtring/-e abzutragen. Der Schacht soll bei gleichbleibender Sohlhöhe um insgesamt 20 laufende;1,0;St;gaeb;leistungsbeschreibungen/1127 VE 247_LV_KG500_blanko 260807.x83
0040;Kabelbündel unter Spannung, Niederspannungskabel, erdverlegt, Kabelaußendurchmesser über 20 bis 40 mm, Länge der Sicherungsstrecke über 3 bis 5 m, Tiefe der Leitungsachse unter Gelände bis 1,25 m, sichern.;25,0;m;gaeb;leistungsbeschreibungen/1127 VE 247_LV_KG500_blanko 260807.x83
0041;Rohrleitung aus Kunststoff, abwasserführend, über DN 100 bis DN 300, Länge der Sicherungsstrecke über 3 bis 5 m, Tiefe der Leitungsachse unter Gelände bis 1,25 m, sichern.;25,0;m;gaeb;leistungsbeschreibungen/1127 VE 247_LV_KG500_blanko 260807.x83
0001;Planum herstellen, für Wege, zulässige Abweichung von der Sollhöhe +/- 2 cm, Verformungsmodul mind. EV2 45 MPa, Ausführung gemäß Einzelbeschreibung, Arbeiten mit Gerät.;5805,0;m2;gaeb;leistungsbeschreibungen/1127 VE 247_LV_KG500_blanko 260807.x83
0002;Kontrollprüfung ZTV SoB-StB auf besondere Anordnung des AG für Frostschutzschicht Prüfung für Verformungsmodul, mit dynamischem Lastplattendruckversuch TP BF-StB.;10,0;St;gaeb;leistungsbeschreibungen/1127 VE 247_LV_KG500_blanko 260807.x83
0003;Kontrollprüfung ZTV SoB-StB auf besondere Anordnung des AG für Kies-/Schottertragschicht Prüfung für Verformungsmodul, mit dynamischem Lastplattendruckversuch TP BF-StB.;10,0;St;gaeb;leistungsbeschreibungen/1127 VE 247_LV_KG500_blanko 260807.x83
0004;Frostschutzschicht, Belastungsklasse RStO 12 Bk0,3, Verdichtungsgrad mind. DPr 1, Verformungsmodul auf der Oberfläche mind. EV2 100 MPa, aus Baustoffgemisch für Frostschutzschicht, natürliche Gesteinskörnung TL Gestein, Körnung 0/56, Schichtdicke 20 cm, wasserdurchlässig, kf größer gleich 5 x 10 hoc;1100,0;m3;gaeb;leistungsbeschreibungen/1127 VE 247_LV_KG500_blanko 260807.x83
0005;Frostschutzschicht, Belastungsklasse RStO 12 Bk0,3, Verdichtungsgrad mind. DPr 1, Verformungsmodul auf der Oberfläche mind. EV2 100 MPa, aus Baustoffgemisch für Frostschutzschicht, natürliche Gesteinskörnung TL Gestein, Körnung 0/56, Schichtdicke 20 cm, wasserdurchlässig, kf größer gleich 5 x 10 hoc;50,0;m3;gaeb;leistungsbeschreibungen/1127 VE 247_LV_KG500_blanko 260807.x83
0006;Schottertragschicht, Belastungsklasse RStO 12/24 Bk0,3, Verdichtungsgrad mind. DPr 1, Verformungsmodul auf der Oberfläche mind. EV2 120 MPa, aus Baustoffgemisch für Schottertragschicht, natürliche Gesteinskörnung TL Gestein, Körnung 0/45, Schichtdicke über 15 bis 20 cm, Feinanteil Kategorie UF 3, im;1100,0;m3;gaeb;leistungsbeschreibungen/1127 VE 247_LV_KG500_blanko 260807.x83
0007;Schottertragschicht, Belastungsklasse RStO 12/24 Bk0,3, Verdichtungsgrad mind. DPr 1, Verformungsmodul auf der Oberfläche mind. EV2 120 MPa, aus Baustoffgemisch für Schottertragschicht, natürliche Gesteinskörnung TL Gestein, Körnung 0/45, Schichtdicke über 15 bis 20 cm, Feinanteil Kategorie UF 3, im;50,0;m3;gaeb;leistungsbeschreibungen/1127 VE 247_LV_KG500_blanko 260807.x83
0008;Zulage zu alle Position der Tragschichten, für Herstellung der Pflasterflächen im Überdachten Bereich mit einer Lichten Höhe von minimal 2,50m bis maximal 2,80m. Für diesen Bereich sind entsprechende Kleinmaschinen vorzuhalten und zu verwenden, die für den Transport und den Einbau der Einfassungen e;360,0;m3;gaeb;leistungsbeschreibungen/1127 VE 247_LV_KG500_blanko 260807.x83
0009;Schutzlage zum Schutz der Abdichtung, Dämmung und Fassaden im Sockelbereich liefern und einbauen. Einbau in Höhe der gesamten Oberbauschichten (Tragschichten und Belag). Die Schutzlage zum Schutz des unteren Sockelbereichs gegen Verschmutzung und Beschädigung sowie um das Verdichtungsmaß auszugleich;30,0;m;gaeb;leistungsbeschreibungen/1127 VE 247_LV_KG500_blanko 260807.x83
0010;Blindenleitstreifen aus Betonsteinpflaster 24 x 16 x 8 cm;60,0;m;gaeb;leistungsbeschreibungen/1127 VE 247_LV_KG500_blanko 260807.x83
0011;Pflasterstreifen als Randeinfassung aus Steinpflaster ZTV Pflaster-StB, Ausführung der Pflasterstreifen nach Anzahl der Zeilen, einzeilig, als Läuferreihe als Bänderung in Pflasterflächen, Pflastersteine aus Beton DIN EN 1338, max. Differenzen J, Witterungswiderstand B,;210,0;m;gaeb;leistungsbeschreibungen/1127 VE 247_LV_KG500_blanko 260807.x83
0012;Randeinfassung ohne Rückenstütze wie in der Vorposition beschrieben, jedoch Einbau in Radien und Kurven.;260,0;m;gaeb;leistungsbeschreibungen/1127 VE 247_LV_KG500_blanko 260807.x83
0013;Pflasterstreifen als Randeinfassung aus Steinpflaster ZTV Pflaster-StB, Ausführung der Pflasterstreifen nach Anzahl der Zeilen, einzeilig, als Läuferreihe als Bänderung in Pflasterflächen, Pflastersteine aus Beton DIN EN 1338, max. Differenzen J, Witterungswiderstand B,;650,0;m;gaeb;leistungsbeschreibungen/1127 VE 247_LV_KG500_blanko 260807.x83
0014;Randeinfassung mit einseitiger Rückenstütze wie in der Vorposition beschrieben, jedoch Einbau in Radien und Kurven.;530,0;m;gaeb;leistungsbeschreibungen/1127 VE 247_LV_KG500_blanko 260807.x83
0015;Pflasterstreifen als Randeinfassung aus Steinpflaster ZTV Pflaster-StB, Ausführung der Pflasterstreifen nach Anzahl der Zeilen, einzeilig, als Läuferreihe als Bänderung in Pflasterflächen, Pflastersteine aus Beton DIN EN 1338, max. Differenzen J, Witterungswiderstand B,;510,0;m;gaeb;leistungsbeschreibungen/1127 VE 247_LV_KG500_blanko 260807.x83
0016;Randeinfassung mit zweiseitiger Rückenstütze wie in der Vorposition beschrieben, jedoch Einbau in Radien und Kurven.;40,0;m;gaeb;leistungsbeschreibungen/1127 VE 247_LV_KG500_blanko 260807.x83
0017;Pflasterstreifen als Randeinfassung aus Steinpflaster ZTV Pflaster-StB, Ausführung der Pflasterstreifen nach Anzahl der Zeilen, einzeilig, als Läuferreihe als Bänderung in Pflasterflächen, Pflastersteine aus Beton DIN EN 1338, max. Differenzen J, Witterungswiderstand B,;70,0;m;gaeb;leistungsbeschreibungen/1127 VE 247_LV_KG500_blanko 260807.x83
0018;Randeinfassung mit zweiseitiger Rückenstütze wie in der Vorposition beschrieben, jedoch Einbau in Radien und Kurven.;65,0;m;gaeb;leistungsbeschreibungen/1127 VE 247_LV_KG500_blanko 260807.x83
0019;Pflasterstreifen als Randeinfassung aus Steinpflaster ZTV Pflaster-StB, Ausführung der Pflasterstreifen nach Anzahl der Zeilen, einzeilig, als Läuferreihe als Bänderung in Pflasterflächen, Pflastersteine aus Beton DIN EN 1338, max. Differenzen J, Witterungswiderstand B,;25,0;m;gaeb;leistungsbeschreibungen/1127 VE 247_LV_KG500_blanko 260807.x83
0020;Randeinfassung mit zweiseitiger Rückenstütze wie in der Vorposition beschrieben, jedoch Einbau in Radien und Kurven.;25,0;m;gaeb;leistungsbeschreibungen/1127 VE 247_LV_KG500_blanko 260807.x83
0021;Zulage zu alle Position der Randeinfassung, für Herstellung der Einfassung im Überdachten Bereich mit einer Lichten Höhe von minimal 2,50m bis maximal 2,80m. Für diesen Bereich sind entsprechende Kleinmaschinen vorzuhalten und zu verwenden, die für den Transport und den Einbau der Einfassungen erfor;255,0;m;gaeb;leistungsbeschreibungen/1127 VE 247_LV_KG500_blanko 260807.x83
0022;Vegetationstragschicht für Schotterrasen, Gemisch nach FLL-Richtlinie - Begrünbare Flächenbefestigungen, Schichtdicke 25 cm, Tragfähigkeit EV2 mind. 45 bis max. 60 MPa, zulässige Abweichung von der Ebenheit bei 4 m 7 cm/bei 2 m 5 cm (Kategorie 2) DIN 18917, Ausführung gemäß Einzelbeschreibung,;625,0;m2;gaeb;leistungsbeschreibungen/1127 VE 247_LV_KG500_blanko 260807.x83
0023;Betonpflaster in sandgestrahlter Ausführung, Farbe mittelkaltgrau, Oberfläche mit Glimmeranteil, D 8 cm, Mindestvorsatzdicke von 8 mm, Güteeigenschaften nach DIN EN 1338. Größe der Gesteinskörnungen von 1 bis 3 mm. Die Färbung der Körner variiert,  minimale Glimmereffekte. Steinoberfläche ist gleich;880,0;m2;gaeb;leistungsbeschreibungen/1127 VE 247_LV_KG500_blanko 260807.x83
0024;Betonpflaster in sandgestrahlter Ausführung, Farbe mittelkaltgrau, Oberfläche mit Glimmeranteil, D 8 cm, Mindestvorsatzdicke von 8 mm, Güteeigenschaften nach DIN EN 1338. Größe der Gesteinskörnungen von 1 bis 3 mm. Die Färbung der Körner variiert,  minimale Glimmereffekte. Steinoberfläche ist gleich;1680,0;m2;gaeb;leistungsbeschreibungen/1127 VE 247_LV_KG500_blanko 260807.x83
0025;Betonpflaster in sandgestrahlter Ausführung, Farbe mittelkaltgrau, Oberfläche mit Glimmeranteil, D 8 cm, Mindestvorsatzdicke von 8 mm, Güteeigenschaften nach DIN EN 1338. Größe der Gesteinskörnungen von 1 bis 3 mm. Die Färbung der Körner variiert,  minimale Glimmereffekte. Steinoberfläche ist gleich;1705,0;m2;gaeb;leistungsbeschreibungen/1127 VE 247_LV_KG500_blanko 260807.x83
0026;Betonpflaster in sandgestrahlter Ausführung, Farbe mittelgrau changierend,   D 8 cm, Mindestvorsatzdicke von 8 mm, Güteeigenschaften nach DIN EN 1338. Größe der Gesteinskörnungen von 1 bis 3 mm. Steinoberfläche ist gleichmäßig gestrahlt. Gleit / Rutschwiderstand: SRT ≥ 55. Pflastersteine mit kraftsc;555,0;m2;gaeb;leistungsbeschreibungen/1127 VE 247_LV_KG500_blanko 260807.x83
0027;Zulage zu alle Position der Pflasterflächen, für Herstellung der Pflasterflächen im Überdachten Bereich mit einer Lichten Höhe von minimal 2,50m bis maximal 2,80m. Für diesen Bereich sind entsprechende Kleinmaschinen vorzuhalten und zu verwenden, die für den Transport und den Einbau der Beläge erfor;900,0;m2;gaeb;leistungsbeschreibungen/1127 VE 247_LV_KG500_blanko 260807.x83
0028;Zulage zu alle Position der Pflasterflächen, für Herstellung der Pflasterflächen im Bereich unter Treppen und an vorh. Zäunen;150,0;m2;gaeb;leistungsbeschreibungen/1127 VE 247_LV_KG500_blanko 260807.x83
0029;Bordstein T aus Beton, DIN EN 1340, Maße DIN 483, Form TB 8/30, Farbton elegantes Hellgrau, Bordstein  mit hochwertigen Natursteinoberflächen, durch Stahlsandstrahlen veredelt;50,0;m;gaeb;leistungsbeschreibungen/1127 VE 247_LV_KG500_blanko 260807.x83
0030;Bordstein aus Beton, DIN EN 1340, Maße DIN 483, Form HB 15/30, Farbton grau, Witterungswiderstand A, Abriebwiderstand F, Biegezugfestigkeit S, mit Fundament und 2-seitiger Rückenstütze aus Beton mit einer Zusammensetzung C 12/15 DIN 1045-2, Bettungsdicke 20 cm, Breite der Rückenstütze 15 cm, Fugen g;5,0;m;gaeb;leistungsbeschreibungen/1127 VE 247_LV_KG500_blanko 260807.x83
0031;Bordstein aus Beton als Absenkung, Form HB 15/30 auf RB 15/22, Übergangslänge 1 m, Farbton grau, Witterungswiderstand A, Abriebwiderstand F, Biegezugfestigkeit S, mit Fundament und 2-seitiger Rückenstütze aus Beton mit einer Zusammensetzung C 20/25 DIN 1045-2, Bettungsdicke 20 cm, Breite der Rückens;2,0;m;gaeb;leistungsbeschreibungen/1127 VE 247_LV_KG500_blanko 260807.x83
0032;Herstellung der Stellplatzmarkierung in Streifen,;5,0;m;gaeb;leistungsbeschreibungen/1127 VE 247_LV_KG500_blanko 260807.x83
0033;"Symbolplatte, aus Beton, 40x40x8 cm, Symbol ""Parkplatz Rollstuhl"", DIN V 18500, Grundfarbe grau, Symbolfarbe weiß oder anthrazit, Bettung aus Baustoffgemisch Körnung 0/8 aus natürlichen gebrochenen Gesteinskörnungen (Brechsand-Splitt-Gemisch), Dicke 3 bis 5 cm, Pflasterfugen einschlämmen mit Bettung";2,0;St;gaeb;leistungsbeschreibungen/1127 VE 247_LV_KG500_blanko 260807.x83
0034;Ausschnitte in Pflasterdecke in rund mit einem Durchmesser bis 400mm, aus Betonpflaster, bis Dicke 100 mm, Herstellen  mit Nassschneidegerät,;10,0;St;gaeb;leistungsbeschreibungen/1127 VE 247_LV_KG500_blanko 260807.x83
0035;Ausschnitte in Pflasterdecke in rund mit einem Durchmesser bis 800mm, aus Betonpflaster, bis Dicke 100 mm, Herstellen  mit Nassschneidegerät,;57,0;St;gaeb;leistungsbeschreibungen/1127 VE 247_LV_KG500_blanko 260807.x83
0036;Abschluss für Pflasterdecke, aus Betonpflaster, bis Dicke 100 mm, Herstellen von Schnittkanten, mit Nassschneidegerät.;1300,0;m;gaeb;leistungsbeschreibungen/1127 VE 247_LV_KG500_blanko 260807.x83
0037;Bordsteinpassstück herstellen, mit Nassschneidegerät, Betonbordstein, DIN EN 1340, Maße DIN 483, Form TB 8/30, Ausführung gemäß Einzelbeschreibung,;10,0;St;gaeb;leistungsbeschreibungen/1127 VE 247_LV_KG500_blanko 260807.x83
0038;Bordsteinpassstück herstellen, mit Nassschneidegerät, Betonbordstein, DIN EN 1340, Maße DIN 483, Form HB 15/30, Ausführung gemäß Einzelbeschreibung,;10,0;St;gaeb;leistungsbeschreibungen/1127 VE 247_LV_KG500_blanko 260807.x83
0039;"Pflasterdecke, aus Natursteinen DIN EN 1342, Grauwacke, zur Umpflasterung von Einbauten, Stützen, usw. Farbton 'grau'; Maße L/B/H 50/50/50 mm, Dickenabweichung T1, Widerstandsfähigkeit gegen Frost-Tau-Wechsel F1, um Einbauten, in Hofflächen, Bettung zementgebunden aus natürlichen gebrochenen Gestein";20,0;m2;gaeb;leistungsbeschreibungen/1127 VE 247_LV_KG500_blanko 260807.x83
0001;Planum herstellen, für Wege, zulässige Abweichung von der Sollhöhe +/- 2 cm, Verformungsmodul mind. EV2 45 MPa, Ausführung gemäß Einzelbeschreibung, Arbeiten mit Gerät.;705,0;m2;gaeb;leistungsbeschreibungen/1127 VE 247_LV_KG500_blanko 260807.x83
0002;Kontrollprüfung ZTV SoB-StB auf besondere Anordnung des AG für Frostschutzschicht Prüfung für Verformungsmodul, mit dynamischem Lastplattendruckversuch TP BF-StB.;5,0;St;gaeb;leistungsbeschreibungen/1127 VE 247_LV_KG500_blanko 260807.x83
0003;Kontrollprüfung ZTV SoB-StB auf besondere Anordnung des AG für Kies-/Schottertragschicht Prüfung für Verformungsmodul, mit dynamischem Lastplattendruckversuch TP BF-StB.;5,0;St;gaeb;leistungsbeschreibungen/1127 VE 247_LV_KG500_blanko 260807.x83
0004;Frostschutzschicht, Belastungsklasse RStO 12 Bk0,3, Verdichtungsgrad mind. DPr 1, Verformungsmodul auf der Oberfläche mind. EV2 100 MPa, aus Baustoffgemisch für Frostschutzschicht, natürliche Gesteinskörnung TL Gestein, Körnung 0/56, Schichtdicke 20 cm, wasserdurchlässig, kf größer gleich 5 x 10 hoc;150,0;m3;gaeb;leistungsbeschreibungen/1127 VE 247_LV_KG500_blanko 260807.x83
0005;Schottertragschicht, Belastungsklasse RStO 12/24 Bk0,3, Verdichtungsgrad mind. DPr 1, Verformungsmodul auf der Oberfläche mind. EV2 120 MPa, aus Baustoffgemisch für Schottertragschicht, natürliche Gesteinskörnung TL Gestein, Körnung 0/45, Schichtdicke über 15 bis 20 cm, Feinanteil Kategorie UF 3, im;150,0;m3;gaeb;leistungsbeschreibungen/1127 VE 247_LV_KG500_blanko 260807.x83
0006;Einfassung für Spielfeld, aus Beton, Kantenstein, Maße B/H 8/20 cm, in gerader Strecke verlegen, mit Fundament und einseitiger Rückenstütze aus Beton mit einer Zusammensetzung C 20/25 DIN 1045-2, Dicke Fundament 20 cm, Breite Fundament 35 cm, Breite Rückenstütze 10 cm, Höhe Rückenstütze über 10 bis ;60,0;m;gaeb;leistungsbeschreibungen/1127 VE 247_LV_KG500_blanko 260807.x83
0007;Einfassung mit einseitiger Rückenstütze wie in der Vorposition beschrieben, jedoch Einbau in Radien und Kurven.;10,0;m;gaeb;leistungsbeschreibungen/1127 VE 247_LV_KG500_blanko 260807.x83
0008;Einfassung von Holzhackflächen, aus Betonsteinpflaster, abfallend einbauen, inkl. Fundament, Anzahl der Reihen 4, Pflastersteine aus Beton TL Pflaster-StB, max. Differenzen K, Maße L/B/H 90/90/80 mm, Widerstandsfähigkeit gegen Frost-Tau-Wechsel F3, in Reihen mit Kreuzfugen, in Mörtelbett 20-40mm, au;110,0;m;gaeb;leistungsbeschreibungen/1127 VE 247_LV_KG500_blanko 260807.x83
0009;Ausgleichsschicht aus Beton C 12/15, zur Ausbildung des Übergangs zwischen geneigter Betonsteineinfassung der Spielflächen und Buddelschutz der Spielflächen, Schichtdicke ca. 45 mm, Oberfläche von Hand glätten, auf vorh. Gefälle, Neigung bis über 5 bis 10 %.;45,0;m2;gaeb;leistungsbeschreibungen/1127 VE 247_LV_KG500_blanko 260807.x83
0010;Dränbetontragschicht gemäß Merkblatt für versickerungsfähige Verkehrsflächen M VV, natürliche Gesteinskörnung, C 12/15, Belastungsklasse RStO 12/24 Bk0,3, Dicke 15 cm, Arbeiten von Hand, Ausführung gemäß Zeichnung.;345,0;m2;gaeb;leistungsbeschreibungen/1127 VE 247_LV_KG500_blanko 260807.x83
0011;Zulage zur Pos. 01.07.0006 Dränbeton, hier jedoch Einbau in einer abfallenden und geschlungenen Böschung;7,5;m2;gaeb;leistungsbeschreibungen/1127 VE 247_LV_KG500_blanko 260807.x83
0012;Aussparung als Krallnut in der Dränbetontragschicht des EPDM Belags, ca. 2 x 2 cm, zur kraftschlüssigen Verbindung des Kunststoffbelages zu angrenzenden Bauteilen (z. B.: Randeinfassungen, Entwässerungsrinnen) herstellen.;15,0;m;gaeb;leistungsbeschreibungen/1127 VE 247_LV_KG500_blanko 260807.x83
0013;Umlaufende Kantensteine, Entwässerungsrinnen und angrenzende Bauteile mit Klebeband und Folie vor Verschmutzung durch Kunststoffmasse schützen, inkl. Entfernen und fachgerechter Entsorgung nach dem Kunststoffeinbau.;100,0;m;gaeb;leistungsbeschreibungen/1127 VE 247_LV_KG500_blanko 260807.x83
0014;Haftvermittler fachgerecht auf die gereinigte gebundene Tragschicht sowie auf die Einfassungen aufbringen.;355,0;m2;gaeb;leistungsbeschreibungen/1127 VE 247_LV_KG500_blanko 260807.x83
0015;Aussparung als Krallnut in der Basisschicht des EPDM Belags, ca. 2 x 2 cm, zur kraftschlüssigen Verbindung des Kunststoffbelages zu angrenzenden Bauteilen (z. B.: Randeinfassungen, Entwässerungsrinnen) herstellen.;15,0;m;gaeb;leistungsbeschreibungen/1127 VE 247_LV_KG500_blanko 260807.x83
0016;Kunststoffbelag (Spielfeld) gem. DIN V 18035-6, wasserdurchlässig;315,0;m2;gaeb;leistungsbeschreibungen/1127 VE 247_LV_KG500_blanko 260807.x83
0017;Fallschutzbelag im Ortseinbauverfahren (Klettergerät) nach DIN EN 1177:2018 und UVP gem. DIN 180356:2014-12 wasserdurchlässig.;30,0;m2;gaeb;leistungsbeschreibungen/1127 VE 247_LV_KG500_blanko 260807.x83
0018;Zulage zur Pos. 01.07.0006 Fallschutzbelag, hier jedoch Einbau in einer abfallenden und geschlungenen Böschung;7,5;m2;gaeb;leistungsbeschreibungen/1127 VE 247_LV_KG500_blanko 260807.x83
0019;Ermittlung der HIC-Werte an EPDM-Fallschutzflächen;2,0;St;gaeb;leistungsbeschreibungen/1127 VE 247_LV_KG500_blanko 260807.x83
0020;Prüfung einer neu hergestellten Kunststoffbelagsfläche im Außenbereich durchführen.;1,0;St;gaeb;leistungsbeschreibungen/1127 VE 247_LV_KG500_blanko 260807.x83
0021;Sickergrube für Spielfläche, mit Wandverkleidung aus Geotextil, Bodenklasse;6,0;St;gaeb;leistungsbeschreibungen/1127 VE 247_LV_KG500_blanko 260807.x83
0022;Fallschutzbelag, formstabil, aus Holzschnitzel 5-30mm, rutschhemmend, ohne Rindenanteile, geprüft nach DIN EN 1176-1:2017, Einbaudicke nach Setzungen mind. 40 cm, Abrechnung nach eingebauten Zustand, Setzungsfaktor ca. 1,2.;165,0;m3;gaeb;leistungsbeschreibungen/1127 VE 247_LV_KG500_blanko 260807.x83
0001;Kabelbündel unter Spannung, Niederspannungskabel, erdverlegt, Kabelaußendurchmesser über 20 bis 40 mm, Länge der Sicherungsstrecke über 3 bis 5 m, Tiefe der Leitungsachse unter Gelände bis 1,25 m, sichern.;25,0;m;gaeb;leistungsbeschreibungen/1127 VE 247_LV_KG500_blanko 260807.x83
0002;Rohrleitung aus Kunststoff, abwasserführend, über DN 100 bis DN 300, Länge der Sicherungsstrecke über 3 bis 5 m, Tiefe der Leitungsachse unter Gelände bis 1,25 m, sichern.;25,0;m;gaeb;leistungsbeschreibungen/1127 VE 247_LV_KG500_blanko 260807.x83
0003;Boden für Baugrube, ab Geländeoberfläche,;200,0;m3;gaeb;leistungsbeschreibungen/1127 VE 247_LV_KG500_blanko 260807.x83
0004;Boden für Baugrube, ab Geländeoberfläche,;200,0;m3;gaeb;leistungsbeschreibungen/1127 VE 247_LV_KG500_blanko 260807.x83
0005;Boden für Baugrube, ab Geländeoberfläche,;200,0;m3;gaeb;leistungsbeschreibungen/1127 VE 247_LV_KG500_blanko 260807.x83
0006;Boden für Baugrube, ab Geländeoberfläche,;200,0;m3;gaeb;leistungsbeschreibungen/1127 VE 247_LV_KG500_blanko 260807.x83
0007;Kontrollprüfung ZTV E-StB auf besondere Anordnung des AG für Unterbau/Planum, Prüfung für Verformungsmodul, mit dynamischem Lastplattendruckversuch TP BF-StB.;1,0;St;gaeb;leistungsbeschreibungen/1127 VE 247_LV_KG500_blanko 260807.x83
0008;Schicht aus Geotextilien, Vliesstoff, Geotextilrobustheitsklasse 5, Masse min. 300 g/m2, Stempeldurchdrückkraft min. 3,5 kN, Überlappungsbreite mind. 30 cm, Ausführung gemäß Einzelbeschreibung,;140,0;m2;gaeb;leistungsbeschreibungen/1127 VE 247_LV_KG500_blanko 260807.x83
0009;Planum herstellen, zulässige Abweichung von der Sollhöhe +/- 2 cm, Verformungsmodul mind. EV2 45 MPa, Ausführung gemäß Einzelbeschreibung,;140,0;m2;gaeb;leistungsbeschreibungen/1127 VE 247_LV_KG500_blanko 260807.x83
0010;Grobschlag, Baugrundverbesserung, aus Baustoffgemisch, natürliche Gesteinskörnung TL Gestein, Körnung 45/120, Schichtdicke 40 cm, der Einbau hat lagenweise zu erfolgen,;95,0;m3;gaeb;leistungsbeschreibungen/1127 VE 247_LV_KG500_blanko 260807.x83
0011;Frostschutzschicht, Verdichtungsgrad mind. DPr 1, Verformungsmodul auf der Oberfläche mind. EV2 100 MPa, aus Baustoffgemisch für Frostschutzschicht, natürliche Gesteinskörnung TL Gestein, Körnung 0/56, Schichtdicke 20 cm, Ausführung gemäß Einzelbeschreibung.;28,0;m3;gaeb;leistungsbeschreibungen/1127 VE 247_LV_KG500_blanko 260807.x83
0012;Schotter-Splitt-Brechsand-Gemisch, natürliche Gesteinskörnung TL Gestein, Körnung 0/45, liefern, für Sauberkeitsschichten, profilgerecht einbauen und verdichten, in Graben, Verformungsmodul mind. EV2 100 MPa, Schichtdicke über 20 bis 25 cm, Arbeiten mit Gerät,;60,0;m3;gaeb;leistungsbeschreibungen/1127 VE 247_LV_KG500_blanko 260807.x83
0013;Zwischen der Stirnseite der Winkel und Fassade eine Trenn- und Schutzlage, geschlosszelliger Polyolefin- Schaumstoff, physikalisch vernetzt, Stärke 10mm, Breite 30cm anbringen. Ausführung in mehreren Teilstücken im Bereich Rampe Ost und Terrasse Cafeteroa. Inkl. Zuschnittarbeiten.;10,0;m;gaeb;leistungsbeschreibungen/1127 VE 247_LV_KG500_blanko 260807.x83
0014;U- Profil aus Aluminium 15x15x15x2mm zur Abdeckung der Schutzlage der Vorposition zwischen Betonwinkel und Fassade einkleben. Ausführung in mehreren Teilstücken im Bereich Rampe Ost und Terrasse Cafeteria. Inkl. Zuschnittarbeiten.;10,0;m;gaeb;leistungsbeschreibungen/1127 VE 247_LV_KG500_blanko 260807.x83
0015;Eckausbildung mittels Dreiecksleiste im rückseitigen Bereich der L- Winkel im Anschluss zur Fassade. Ausführung in mehreren Teilstücken im Bereich Rampe Ost und Terrasse Cafeteria. Inkl. Zuschnittarbeiten.;10,0;m;gaeb;leistungsbeschreibungen/1127 VE 247_LV_KG500_blanko 260807.x83
0016;Eckausbildung mittels Allwetter Dichtbahn, reißfeste, 2- fach kreuz-laminierte;6,0;m2;gaeb;leistungsbeschreibungen/1127 VE 247_LV_KG500_blanko 260807.x83
0017;Noppenbahn D 8mm lose verlegen, Schutzlage DIN 18533-1 und DIN 18533-2, aus Noppenbahn mit Gleit-, Schutz- und Lastverteilungsschicht, Schichtdicke 8 mm, lose verlegen, Höhe bis zu 4m. 200cm beidseitig der Eckausbildung anbringen. Ausführung in mehreren Teilstücken im Bereich Rampe Ost und Terrasse ;40,0;m2;gaeb;leistungsbeschreibungen/1127 VE 247_LV_KG500_blanko 260807.x83
0018;Noppenbahn nach Fertigstellung der Belagsfläche mit einem Cuttermesser auf;15,0;m;gaeb;leistungsbeschreibungen/1127 VE 247_LV_KG500_blanko 260807.x83
0019;Erstellung der statischen Berechnung inkl. Stahlliste für die Fundamente der L-Winkelmauer.;1,0;psch;gaeb;leistungsbeschreibungen/1127 VE 247_LV_KG500_blanko 260807.x83
0020;Werk und Montage Planung der Fundamente der L-Winkelmauer nach vorliegender Statik anfertigen. Die Planung hat alle zur Herstellung der Fundamnte erforderlich Angaben zu enthalten, diese ist der Bauleitung digital im pdf-Format vorzulegen und freigeben zu lassen.;1,0;psch;gaeb;leistungsbeschreibungen/1127 VE 247_LV_KG500_blanko 260807.x83
0021;Erstellung der statischen Berechnung inkl. Stahlliste für die L-Winkelmauer.;1,0;psch;gaeb;leistungsbeschreibungen/1127 VE 247_LV_KG500_blanko 260807.x83
0022;Werk und Montage Planung der L-Winkelmauer nach vorliegender Statik anfertigen. Die Planung hat alle zur Herstellung der L-Winkel erforderlich Angaben zu enthalten, inkl. alle Angaben zum Aufbeton.;1,0;psch;gaeb;leistungsbeschreibungen/1127 VE 247_LV_KG500_blanko 260807.x83
0023;Horizontale Dränschicht aus Mineralstoff Naturstein, gebrochen, Schichtdicke 20 cm, Abrechnung in der Abwicklung der Bearbeitungsflächen,;15,0;m2;gaeb;leistungsbeschreibungen/1127 VE 247_LV_KG500_blanko 260807.x83
0024;Dränleitung aus Kunststoff-Vollsickerrohr, Form A, PVC-U DIN 1187, DN 100, in vorh. Graben.;44,0;m;gaeb;leistungsbeschreibungen/1127 VE 247_LV_KG500_blanko 260807.x83
0025;T-Stück für Dränleitung aus PVC-U DIN 1187, Form A, DN 100/100.;3,0;St;gaeb;leistungsbeschreibungen/1127 VE 247_LV_KG500_blanko 260807.x83
0026;Bogen für Dränleitung aus PVC-U DIN 1187, Form A, 30 Grad, DN 100.;2,0;St;gaeb;leistungsbeschreibungen/1127 VE 247_LV_KG500_blanko 260807.x83
0027;Doppelmuffe für Dränleitung aus PVC-U DIN 1187, Form A, DN 100.;1,0;St;gaeb;leistungsbeschreibungen/1127 VE 247_LV_KG500_blanko 260807.x83
0028;Verschlussstück für Dränleitung aus PVC-U DIN 1187, Form A, DN 100.;2,0;St;gaeb;leistungsbeschreibungen/1127 VE 247_LV_KG500_blanko 260807.x83
0029;Übergang, Formstück aus Kunststoff, von KG Rohr 110 mit KG Muffe auf Drainagerohr DN 150, für Abwasserkanal, Steckverbindung;1,0;St;gaeb;leistungsbeschreibungen/1127 VE 247_LV_KG500_blanko 260807.x83
0030;Dränleitung aus Kunststoff-Vollsickerrohr, DN 200, anschließen an Kanal/Leitung aus Kunststoff, DN bis 200.;1,0;St;gaeb;leistungsbeschreibungen/1127 VE 247_LV_KG500_blanko 260807.x83
0031;Schalung Streifenfundament, Bauteilhöhe bis 0,3 m, Ausführung gemäß Einzelbeschreibung.;36,0;m;gaeb;leistungsbeschreibungen/1127 VE 247_LV_KG500_blanko 260807.x83
0032;Bewehrung aus Betonstabstahl B500 DIN 488-1, DIN 488-2, Durchmesser über 16 bis 20 mm, Längen über 7 bis 15 m, für Fundament aus Ortbeton, gem. Werk, Montageplanung sowie der statischen Berechnung der Pos. 03.04.0001;5,0;t;gaeb;leistungsbeschreibungen/1127 VE 247_LV_KG500_blanko 260807.x83
0033;Bewehrung aus Betonstahlmatten B500 A/B, Q 257 DIN 488-1, als Lagermatte, für Fundament aus Ortbeton, gem. Werk, Montageplanung sowie der statischen Berechnung der Pos. 1.7.2 , inkl. Biege- und Stahllisten der Planung, einschl. aller erforderlichen Anpassungsarbeiten.;5,0;t;gaeb;leistungsbeschreibungen/1127 VE 247_LV_KG500_blanko 260807.x83
0034;Ortbeton Streifenfundament, obere Betonfläche waagerecht, aus Stahlbeton, Normalbeton C 35/45 DIN 1045-2, natürliche Gesteinskörnung, Expositionsklasse XF2 (Frostangriff, mäßige Wassersättigung mit Taumittel), Expositionsklasse XC2 (Bewehrungskorrosion durch Karbonatisierung, nass/selten trocken), E;49,0;m3;gaeb;leistungsbeschreibungen/1127 VE 247_LV_KG500_blanko 260807.x83
0035;Ortbeton Streifenfundament, obere Betonfläche waagerecht, aus unbewehrtem Beton, Normalbeton C 20/25 DIN 1045-2, natürliche Gesteinskörnung, Expositionsklasse XF2 (Frostangriff, mäßige Wassersättigung mit Taumittel), Feuchtigkeitsklasse WA (Betonkorrosion, feuchte Umgebung, direkte Alkalizufuhr von ;49,0;m3;gaeb;leistungsbeschreibungen/1127 VE 247_LV_KG500_blanko 260807.x83
0036;Ortbeton, Aufbeton, als Stahlbeton als Normalbeton C 20/25 DIN 1045-2, natürliche Gesteinskörnung, Expositionsklasse XD1 (Bewehrungskorrosion durch Chloride, ausgenommen Meerwasser, mäßig feucht), Dicke 15 cm, Ausführung gemäß Einzelbeschreibung,;6,0;m3;gaeb;leistungsbeschreibungen/1127 VE 247_LV_KG500_blanko 260807.x83
0037;Gräben profilgerecht hinterfüllen einschl. Stoffe verdichten, Verformungsmodul mind. EV2 120 MPa, Schichtdicke über 20 bis 25 cm, Breite der Sohle über 1,5 bis 2 m, Schotter-Splitt-Brechsand-Gemisch, liefern, Körnung 0/45, Ausführung gemäß Einzelbeschreibung,;110,0;m3;gaeb;leistungsbeschreibungen/1127 VE 247_LV_KG500_blanko 260807.x83
0038;Winkelstützelemente L-Winkel als Stahlbetonfertigteil mit gerader Oberseite. Als Maßanfertigung nach DIN EN 15258;18,0;St;gaeb;leistungsbeschreibungen/1127 VE 247_LV_KG500_blanko 260807.x83
0039;Winkelstützelemente L-Winkel als Stahlbetonfertigteil mit gerader Oberseite. Als Maßanfertigung nach DIN EN 15258 wie in Pos. 01.08.0038 beschreiben, hier jedoch 3,05m Winkelhöhe x 1,65m Spornlänge x 1,00m Breite.;2,0;St;gaeb;leistungsbeschreibungen/1127 VE 247_LV_KG500_blanko 260807.x83
0040;Winkelstützelemente L-Winkel als Stahlbetonfertigteil mit gerader Oberseite. Als Maßanfertigung nach DIN EN 15258 wie in Pos. 01.08.0038 beschreiben, hier jedoch 2,30m Winkelhöhe x 1,25m Spornlänge x 1,00m Breite.;1,0;St;gaeb;leistungsbeschreibungen/1127 VE 247_LV_KG500_blanko 260807.x83
0041;Winkelstützelemente L-Winkel als Stahlbetonfertigteil mit gerader Oberseite. Als Maßanfertigung nach DIN EN 15258 wie in Pos. 01.08.0038 beschreiben, hier jedoch 1,55m Winkelhöhe x 0,85m Spornlänge x 1,00m Breite.;2,0;St;gaeb;leistungsbeschreibungen/1127 VE 247_LV_KG500_blanko 260807.x83
0042;Winkelstützelemente L-Winkel als Stahlbetonfertigteil mit gerader Oberseite. Als Maßanfertigung nach DIN EN 15258 wie in Pos. 01.08.0038 beschreiben, hier jedoch 1,30m Winkelhöhe x 0,70m Spornlänge x 1,00m Breite.;14,0;St;gaeb;leistungsbeschreibungen/1127 VE 247_LV_KG500_blanko 260807.x83
0043;Winkelstützelemente L-Winkel als Stahlbetonfertigteil mit gerader Oberseite. Als Maßanfertigung nach DIN EN 15258 wie in Pos. 01.08.0038 beschreiben, hier jedoch 1,05m Winkelhöhe x 0,60m Spornlänge x 1,00m Breite.;2,0;St;gaeb;leistungsbeschreibungen/1127 VE 247_LV_KG500_blanko 260807.x83
0044;Winkelstützelemente L-Winkel als Stahlbetonfertigteil mit gerader Oberseite. Als Maßanfertigung nach DIN EN 15258 wie in Pos. 01.08.0038 beschreiben, hier jedoch 0,80m Winkelhöhe x 0,45m Spornlänge x 1,00m Breite.;11,0;St;gaeb;leistungsbeschreibungen/1127 VE 247_LV_KG500_blanko 260807.x83
0045;Winkelstützelemente L-Winkel als Stahlbetonfertigteil mit gerader Oberseite. Als Maßanfertigung nach DIN EN 15258 wie in Pos. 01.08.0038 beschreiben, hier jedoch 0,80m Winkelhöhe x 0,45m Spornlänge x 0,50m Breite.;3,0;St;gaeb;leistungsbeschreibungen/1127 VE 247_LV_KG500_blanko 260807.x83
0046;Winkelstützelemente Passstück L-Winkel als Stahlbetonfertigteil mit gerader Oberseite. Als Maßanfertigung nach DIN EN 15258 wie in Pos. 01.08.0038 beschreiben, hier jedoch 1,55m Winkelhöhe x 0,85m Spornlänge x 0,64m Breite.;1,0;St;gaeb;leistungsbeschreibungen/1127 VE 247_LV_KG500_blanko 260807.x83
0047;Winkelstützelemente Passstück L-Winkel als Stahlbetonfertigteil mit gerader Oberseite. Als Maßanfertigung nach DIN EN 15258 wie in Pos. 01.08.0038 beschreiben, hier jedoch 1,30m Winkelhöhe x 0,70m Spornlänge x 0,66m Breite.;1,0;St;gaeb;leistungsbeschreibungen/1127 VE 247_LV_KG500_blanko 260807.x83
0048;Winkelstützelemente Passstück L-Winkel als Stahlbetonfertigteil mit gerader Oberseite. Als Maßanfertigung nach DIN EN 15258 wie in Pos. 01.08.0038 beschreiben, hier jedoch 0,80m Winkelhöhe x 0,45m Spornlänge x 0,90m Breite.;2,0;St;gaeb;leistungsbeschreibungen/1127 VE 247_LV_KG500_blanko 260807.x83
0049;Winkelstützelemente L-Winkel Außenecke als Stahlbetonfertigteil mit gerader Oberseite als Maßanfertigung nach DIN EN 15258 wie in Pos. 01.08.0038 beschreiben, hier jedoch 1,30m Winkelhöhe je 0,50m Breite je Seitenschenkel, Ausbildung als Außenecke einteilig.;1,0;St;gaeb;leistungsbeschreibungen/1127 VE 247_LV_KG500_blanko 260807.x83
0050;Winkelstützelemente L-Winkel Außenecke als Stahlbetonfertigteil mit gerader Oberseite als Maßanfertigung nach DIN EN 15258 wie in Pos. 01.08.0038 beschreiben, hier jedoch 0,80m Winkelhöhe und je 0,50m Breite je Seitenschenkel, Ausbildung als Außenecke einteilig.;2,0;St;gaeb;leistungsbeschreibungen/1127 VE 247_LV_KG500_blanko 260807.x83
0051;Winkelstützelemente L-Winkel Innenecke als Stahlbetonfertigteil mit gerader Oberseite als Maßanfertigung nach DIN EN 15258 wie in Pos. 01.08.0038 beschreiben, hier jedoch 0,80m Winkelhöhe und je 0,50m Breite je Seitenschenkel, Ausbildung als Innenecke einteilig.;2,0;St;gaeb;leistungsbeschreibungen/1127 VE 247_LV_KG500_blanko 260807.x83
0052;Mauerscheibe ohne Sporn in Art und Wiese wie die Winkelstützelemente, als Stahlbetonfertigteil mit gerader Oberseite. Als Maßanfertigung nach DIN EN 15258 wie in Pos. 01.08.0038 beschreiben, hier jedoch 0,3m Mauerscheibenhöhe  x 1,12m Breite.;2,0;St;gaeb;leistungsbeschreibungen/1127 VE 247_LV_KG500_blanko 260807.x83
0053;Winkelstützelemente L-Winkel als Stahlbetonfertigteil mit gerader Oberseite. Als Maßanfertigung nach DIN EN 15258 wie in Pos. 01.08.0038 beschreiben, hier jedoch 1,80 m Winkelhöhe x 1,00m Spornlänge x 1,00m Breite.;2,0;St;gaeb;leistungsbeschreibungen/1127 VE 247_LV_KG500_blanko 260807.x83
0054;Winkelstützelemente L-Winkel als Stahlbetonfertigteil mit gerader Oberseite. Als Maßanfertigung nach DIN EN 15258 wie in Pos. 01.08.0038 beschreiben, hier jedoch 1,55m Winkelhöhe x 0,85m Spornlänge x 1,00m Breite.;3,0;St;gaeb;leistungsbeschreibungen/1127 VE 247_LV_KG500_blanko 260807.x83
0055;Winkelstützelemente L-Winkel als Stahlbetonfertigteil mit gerader Oberseite. Als Maßanfertigung nach DIN EN 15258 wie in Pos. 01.08.0038 beschreiben, hier jedoch 1,30m Winkelhöhe x 0,70m Spornlänge x 1,00m Breite.;11,0;St;gaeb;leistungsbeschreibungen/1127 VE 247_LV_KG500_blanko 260807.x83
0056;Winkelstützelemente L-Winkel als Stahlbetonfertigteil mit gerader Oberseite. Als Maßanfertigung nach DIN EN 15258 wie in Pos. 01.08.0038 beschreiben, hier jedoch 1,05m Winkelhöhe x 0,60m Spornlänge x 1,00m Breite.;19,0;St;gaeb;leistungsbeschreibungen/1127 VE 247_LV_KG500_blanko 260807.x83
0057;Winkelstützelemente L-Winkel als Stahlbetonfertigteil mit gerader Oberseite. Als Maßanfertigung nach DIN EN 15258 wie in Pos. 01.08.0038 beschreiben, hier jedoch 0,80m Winkelhöhe x 0,45m Spornlänge x 1,00m Breite.;19,0;St;gaeb;leistungsbeschreibungen/1127 VE 247_LV_KG500_blanko 260807.x83
0058;Winkelstützelemente L-Winkel als Stahlbetonfertigteil mit gerader Oberseite. Als Maßanfertigung nach DIN EN 15258 wie in Pos. 01.08.0038 beschreiben, hier jedoch 0,55m Winkelhöhe x 0,45m Spornlänge x 1,00m Breite.;2,0;St;gaeb;leistungsbeschreibungen/1127 VE 247_LV_KG500_blanko 260807.x83
0059;Winkelstützelemente Passstück L-Winkel als Stahlbetonfertigteil mit gerader Oberseite. Als Maßanfertigung nach DIN EN 15258 wie in Pos. 01.08.0038 beschreiben, hier jedoch 1,55m Winkelhöhe x 0,85m Spornlänge x 0,69m Breite.;1,0;St;gaeb;leistungsbeschreibungen/1127 VE 247_LV_KG500_blanko 260807.x83
0060;Winkelstützelemente Passstück L-Winkel als Stahlbetonfertigteil mit gerader Oberseite. Als Maßanfertigung nach DIN EN 15258 wie in Pos. 01.08.0038 beschreiben, hier jedoch 1,30m Winkelhöhe x 0,70m Spornlänge x 0,38m Breite.;1,0;St;gaeb;leistungsbeschreibungen/1127 VE 247_LV_KG500_blanko 260807.x83
0061;"Winkelstützelemente Passstück L-Winkel als Stahlbetonfertigteil mit gerader Oberseite. Als Maßanfertigung nach DIN EN 15258 wie in Pos. 01.08.0038 beschreiben, hier jedoch 1,05m Winkelhöhe x 0,60m Spornlänge x 0,50m; 0,82m und 0,87m Breite.";3,0;St;gaeb;leistungsbeschreibungen/1127 VE 247_LV_KG500_blanko 260807.x83
0062;"Winkelstützelemente Passstück L-Winkel als Stahlbetonfertigteil mit gerader Oberseite. Als Maßanfertigung nach DIN EN 15258 wie in Pos. 01.08.0038 beschreiben, hier jedoch 0,80m Winkelhöhe x 0,45m Spornlänge x 0,38m; 0,46m, 0,46m, 0,73m, 0,82m, 0,88m und 0,95m Breite.";7,0;St;gaeb;leistungsbeschreibungen/1127 VE 247_LV_KG500_blanko 260807.x83
0063;Winkelstützelemente Passstück L-Winkel als Stahlbetonfertigteil mit gerader Oberseite. Als Maßanfertigung nach DIN EN 15258 wie in Pos. 01.08.0038 beschreiben, hier jedoch 0,55m Winkelhöhe x 0,35m Spornlänge x 0,41m und 0,73m Breite.;2,0;St;gaeb;leistungsbeschreibungen/1127 VE 247_LV_KG500_blanko 260807.x83
0064;Winkelstützelemente L-Winkel Außenecke als Stahlbetonfertigteil mit gerader Oberseite als Maßanfertigung nach DIN EN 15258 wie in Pos. 01.08.0038 beschreiben, hier jedoch 1,55m Winkelhöhe je 0,50m Breite je Seitenschenkel, Ausbildung als Außenecke einteilig.;1,0;St;gaeb;leistungsbeschreibungen/1127 VE 247_LV_KG500_blanko 260807.x83
0065;Winkelstützelemente L-Winkel Außenecke als Stahlbetonfertigteil mit gerader Oberseite als Maßanfertigung nach DIN EN 15258 wie in Pos. 01.08.0038 beschreiben, hier jedoch 1,30m Winkelhöhe je 0,50m Breite je Seitenschenkel, Ausbildung als Außenecke einteilig.;3,0;St;gaeb;leistungsbeschreibungen/1127 VE 247_LV_KG500_blanko 260807.x83
0066;Winkelstützelemente L-Winkel Außenecke als Stahlbetonfertigteil mit gerader Oberseite als Maßanfertigung nach DIN EN 15258 wie in Pos. 01.08.0038 beschreiben, hier jedoch 1,05m Winkelhöhe je 0,50m Breite je Seitenschenkel, Ausbildung als Außenecke einteilig.;1,0;St;gaeb;leistungsbeschreibungen/1127 VE 247_LV_KG500_blanko 260807.x83
0067;Winkelstützelemente L-Winkel Außenecke als Stahlbetonfertigteil mit gerader Oberseite als Maßanfertigung nach DIN EN 15258 wie in Pos. 01.08.0038 beschreiben, hier jedoch 0,80m Winkelhöhe je 0,50m Breite je Seitenschenkel, Ausbildung als Außenecke einteilig.;10,0;St;gaeb;leistungsbeschreibungen/1127 VE 247_LV_KG500_blanko 260807.x83
0068;Winkelstützelemente L-Winkel als Stahlbetonfertigteil mit gerader Oberseite. Als Maßanfertigung nach DIN EN 15258 wie in Pos. 01.08.0038 beschreiben, hier jedoch 1,30m Winkelhöhe x 0,70m Spornlänge x 1,00m Breite.;24,0;St;gaeb;leistungsbeschreibungen/1127 VE 247_LV_KG500_blanko 260807.x83
0069;Winkelstützelemente L-Winkel als Stahlbetonfertigteil mit gerader Oberseite. Als Maßanfertigung nach DIN EN 15258 wie in Pos. 01.08.0038 beschreiben, hier jedoch 1,05m Winkelhöhe x 0,60m Spornlänge x 1,00m Breite.;9,0;St;gaeb;leistungsbeschreibungen/1127 VE 247_LV_KG500_blanko 260807.x83
0070;Winkelstützelemente L-Winkel als Stahlbetonfertigteil mit gerader Oberseite. Als Maßanfertigung nach DIN EN 15258 wie in Pos. 01.08.0038 beschreiben, hier jedoch 0,80m Winkelhöhe x 0,45m Spornlänge x 1,00m Breite.;4,0;St;gaeb;leistungsbeschreibungen/1127 VE 247_LV_KG500_blanko 260807.x83
0071;Winkelstützelemente L-Winkel als Stahlbetonfertigteil mit gerader Oberseite. Als Maßanfertigung nach DIN EN 15258 wie in Pos. 01.08.0038 beschreiben, hier jedoch 0,55m Winkelhöhe x 0,45m Spornlänge x 1,00m Breite.;26,0;St;gaeb;leistungsbeschreibungen/1127 VE 247_LV_KG500_blanko 260807.x83
0072;Winkelstützelemente Passstück L-Winkel als Stahlbetonfertigteil mit gerader Oberseite und abgeschrägter Seite mit einem Winkle von;2,0;St;gaeb;leistungsbeschreibungen/1127 VE 247_LV_KG500_blanko 260807.x83
0073;Erstellung der statischen Berechnung inkl. Stahlliste für die Fundamente der Mauerschieben am Haupteingang.;1,0;psch;gaeb;leistungsbeschreibungen/1127 VE 247_LV_KG500_blanko 260807.x83
0074;Werk und Montage Planung der Fundamente der Mauerscheiben am Haupteingang nach vorliegender Statik anfertigen. Die Planung hat alle zur Herstellung der Fundamnte erforderlich Angaben zu enthalten, diese ist der Bauleitung digital im pdf-Format vorzulegen und freigeben zu lassen.;1,0;psch;gaeb;leistungsbeschreibungen/1127 VE 247_LV_KG500_blanko 260807.x83
0075;Erstellung der statischen Berechnung inkl. Stahlliste für die Mauerschieben am Haupteingang  Die statische Berechnung hat alle zur Herstellung der Mauerschieben am Haupteingang erforderlich Angaben zu enthalten, inkl. alle Angaben zum Aufbeton.;1,0;psch;gaeb;leistungsbeschreibungen/1127 VE 247_LV_KG500_blanko 260807.x83
0076;Werk und Montage Planung der Mauerscheiben am Haupteingang nach vorliegender Statik anfertigen. Die Planung hat alle zur Herstellung der Mauerschieben am Haupteingangl erforderlich Angaben zu enthalten.;1,0;psch;gaeb;leistungsbeschreibungen/1127 VE 247_LV_KG500_blanko 260807.x83
0077;Boden für Streifenfundament, ab Geländeoberfläche,;45,0;m3;gaeb;leistungsbeschreibungen/1127 VE 247_LV_KG500_blanko 260807.x83
0078;Boden für Streifenfundament, ab Geländeoberfläche,;15,0;m3;gaeb;leistungsbeschreibungen/1127 VE 247_LV_KG500_blanko 260807.x83
0079;Planum herstellen, zulässige Abweichung von der Sollhöhe +/- 2 cm, Verformungsmodul mind. EV2 45 MPa, mit Verdichtungsnachweis, nach ZTV E-StB - M 1.;50,0;m2;gaeb;leistungsbeschreibungen/1127 VE 247_LV_KG500_blanko 260807.x83
0080;Kontrollprüfung ZTV E-StB auf besondere Anordnung des AG für Unterbau/Planum, Prüfung für Verformungsmodul, mit dynamischem Lastplattendruckversuch TP BF-StB.;2,0;St;gaeb;leistungsbeschreibungen/1127 VE 247_LV_KG500_blanko 260807.x83
0081;Liefern und verteilen von Körnungsstoffen zur Bodenverbesserung/-verfestigung, Schotter, Körnung 45/56, Untergrund verbessern und verdichten, Verformungsmodul mind. EV2 45 MPa, Verdichtungsgrad mind. DPr 0,95, für Verkehrsflächen, Schichtdicke 35 cm, Arbeiten mit Gerät.;10,0;m2;gaeb;leistungsbeschreibungen/1127 VE 247_LV_KG500_blanko 260807.x83
0082;Frostschutzschicht, Verdichtungsgrad mind. DPr 1, Verformungsmodul auf der Oberfläche mind. EV2 100 MPa, aus Baustoffgemisch für Frostschutzschicht, Körnung 0/45, Schichtdicke 20 cm, Ausführung gemäß Einzelbeschreibung,;10,0;m3;gaeb;leistungsbeschreibungen/1127 VE 247_LV_KG500_blanko 260807.x83
0083;Schalung Fundament für Stützwand, einhäuptig, Schalungshaut für Betonflächen ohne Anforderung, Bauteilhöhe über 0,5 bis 1 m,;35,0;m2;gaeb;leistungsbeschreibungen/1127 VE 247_LV_KG500_blanko 260807.x83
0084;Bewehrungskorb für Ortbetonfundament aus Betonstabstahl gerippt  B500A DIN 488-1 und DIN 488-2, alle Durchmesser, alle Längen, inkl. Montage- und Einbauhilfen aus Stahl sowie Stahlstab als Verbindung zwischen Betonfundament und Betonfuß;3,0;t;gaeb;leistungsbeschreibungen/1127 VE 247_LV_KG500_blanko 260807.x83
0085;Bewehrung aus Betonstahlmatten B500A DIN 488-1, DIN 488-4, als Lagermatte.;2,0;t;gaeb;leistungsbeschreibungen/1127 VE 247_LV_KG500_blanko 260807.x83
0086;Bewehrung aus Betonstabstahl B500A DIN 488-1, DIN 488-2, alle Durchmesser, Längen bis 7 m.;2,0;t;gaeb;leistungsbeschreibungen/1127 VE 247_LV_KG500_blanko 260807.x83
0087;Ortbeton Fundament für Sichtbetonmaueer am Haupteingang, die Herstellung erfolgt in zwei Arbeitsschritten.;20,0;m3;gaeb;leistungsbeschreibungen/1127 VE 247_LV_KG500_blanko 260807.x83
0088;Betonmauer als Maßanfertigung für den Haupteingang.;11,0;St;gaeb;leistungsbeschreibungen/1127 VE 247_LV_KG500_blanko 260807.x83
0089;Erstellung der Statische Berechnung inkl. Stahlliste für die Fundamente der   Gabionenmauer.;1,0;psch;gaeb;leistungsbeschreibungen/1127 VE 247_LV_KG500_blanko 260807.x83
0090;Werk und Montage Planung der Fundamente der Gabionenmauer nach vorliegender Statik anfertigen. Die Planung hat alle zur Herstellung der Fundamnte erforderlich Angaben zu enthalten, diese ist der Bauleitung digital im pdf-Format vorzulegen und freigeben zu lassen.;1,0;psch;gaeb;leistungsbeschreibungen/1127 VE 247_LV_KG500_blanko 260807.x83
0091;Erstellung der Statische Berechnung Gabionenmauer.;1,0;psch;gaeb;leistungsbeschreibungen/1127 VE 247_LV_KG500_blanko 260807.x83
0092;Werk und Montage Planung der Gabionenmauer nach vorliegender Statik anfertigen. Die Planung hat alle zur Herstellung der Gabionenmauer erforderlich Angaben zu enthalten.;1,0;psch;gaeb;leistungsbeschreibungen/1127 VE 247_LV_KG500_blanko 260807.x83
0093;Boden für Baugrube, ab Geländeoberfläche,;375,0;m3;gaeb;leistungsbeschreibungen/1127 VE 247_LV_KG500_blanko 260807.x83
0094;Boden für Baugrube, ab Geländeoberfläche,;150,0;m3;gaeb;leistungsbeschreibungen/1127 VE 247_LV_KG500_blanko 260807.x83
0095;Planum herstellen, zulässige Abweichung von der Sollhöhe +/- 2 cm, Verformungsmodul mind. EV2 45 MPa.;300,0;m2;gaeb;leistungsbeschreibungen/1127 VE 247_LV_KG500_blanko 260807.x83
0096;Gründungssohle verdichten, für Fundamente, Verformungsmodul mind. EV2 45 MPa, Verdichtungsgrad mind. DPr 0,95.;300,0;m2;gaeb;leistungsbeschreibungen/1127 VE 247_LV_KG500_blanko 260807.x83
0097;Frostschutzschicht, Verdichtungsgrad mind. DPr 1, Verformungsmodul auf der Oberfläche mind. EV2 80 MPa, aus Baustoffgemisch für Frostschutzschicht, natürliche Gesteinskörnung TL Gestein, Körnung 0/45, Schichtdicke 50 cm, Ausführung gemäß Einzelbeschreibung.;150,0;m3;gaeb;leistungsbeschreibungen/1127 VE 247_LV_KG500_blanko 260807.x83
0098;Ortbeton Fundament für Stützwand, obere Betonfläche abgetreppt, aus unbewehrtem Beton, Normalbeton C 20/25 DIN EN 206, DIN 1045-2, rezyklierte Gesteinskörnung möglich, Querschnittsbreite über 150 bis 175 cm, Querschnittstiefe bis 30 cm, Ausführung gemäß Zeichnung und Einzelbeschreibung,;150,0;m3;gaeb;leistungsbeschreibungen/1127 VE 247_LV_KG500_blanko 260807.x83
0099;Gabionenwand als Stützwand, TL Gab-StB, Sichtseiten durchgehend geneigt, Neigung über 7°, Einzelgabionen aus Stahlgittermatten DIN EN 10223-8, Drahtdicke 4,5 mm, aus verzinktem Stahl DIN EN ISO 1461, zink-aluminiumbeschichtet DIN EN 10244-2, Maschenweite der senkrechten Sichtseiten (Seitenansicht) 5;44,0;St;gaeb;leistungsbeschreibungen/1127 VE 247_LV_KG500_blanko 260807.x83
0100;Gabionenwand als Stützwand wie in Position 01.08.0099 jedoch mit den Maßen:;60,0;St;gaeb;leistungsbeschreibungen/1127 VE 247_LV_KG500_blanko 260807.x83
0101;Gabionenwand als Stützwand wie in Position 01.08.0099 jedoch mit den Maßen:;22,0;St;gaeb;leistungsbeschreibungen/1127 VE 247_LV_KG500_blanko 260807.x83
0102;Gabionenwand als Stützwand wie in Position 01.08.0099 jedoch mit den Maßen:;6,0;St;gaeb;leistungsbeschreibungen/1127 VE 247_LV_KG500_blanko 260807.x83
0103;Gabionenwand als Stützwand wie in Position 01.08.0099 jedoch mit den Maßen:;6,0;St;gaeb;leistungsbeschreibungen/1127 VE 247_LV_KG500_blanko 260807.x83
0104;Gabionenwand als Stützwand wie in Position 01.08.0099 jedoch mit den Maßen:;6,0;St;gaeb;leistungsbeschreibungen/1127 VE 247_LV_KG500_blanko 260807.x83
0105;Gabionenwand als Stützwand wie in Position 01.08.0099 jedoch mit den Maßen:;1,0;St;gaeb;leistungsbeschreibungen/1127 VE 247_LV_KG500_blanko 260807.x83
0106;Herstellung von Eckausbildungen für die Gabionen der Vorpositionen.;8,0;St;gaeb;leistungsbeschreibungen/1127 VE 247_LV_KG500_blanko 260807.x83
0107;Köcherfundamente mittels Well-Rohr, Durchmesser ca. 40 cm Höhe ca. 85 cm, nach Angaben der Statik, in die Gabionen der Vorpositionen während der Verfüllung einbringen, zur Fundamentierung der Pfosten der Absturzsicherung inkl. Beton C 20/25. Inkl. Herstellung der notwendigen Gabionendurchdringungen ;50,0;St;gaeb;leistungsbeschreibungen/1127 VE 247_LV_KG500_blanko 260807.x83
0108;Absturzsicherung nach Schulbaurichtlinie NRW. Auf die durch die Gabionen gesicherten Höhensprünge mit einer Gesamthöhe von bis zu 3,50 m ist eine Absturzsicherung vorzusehen. Diese ist mittels der Punktfundament der Pos 01.08.0107 direkt in die Gabionenkörbe zu integriert. Höhe 1220 mm über der Ober;74,0;m;gaeb;leistungsbeschreibungen/1127 VE 247_LV_KG500_blanko 260807.x83
0109;Sonderelement der Absturzsicherung wie in Pos. 01.08.0108 beschreiben,;7,55;m;gaeb;leistungsbeschreibungen/1127 VE 247_LV_KG500_blanko 260807.x83
0110;Sonderelement der Absturzsicherung wie in Pos. 01.08.0108 beschreiben,;5,0;m;gaeb;leistungsbeschreibungen/1127 VE 247_LV_KG500_blanko 260807.x83
0111;Dränleitung aus Kunststoff-Vollsickerrohr, Form A, PVC-U DIN 1187, DN 100, mit Ummantelung aus Kokos, in vorh. Graben, Ausführung gemäß Zeichnung.;125,0;m;gaeb;leistungsbeschreibungen/1127 VE 247_LV_KG500_blanko 260807.x83
0112;Vertikale Filterschicht DIN 4095 aus filterfesten Geotextilien.;500,0;m2;gaeb;leistungsbeschreibungen/1127 VE 247_LV_KG500_blanko 260807.x83
0113;Vertikale Sickerschicht DIN 4095 aus Mineralstoff, Kies, Körnung 8/16, Schichtdicke mind. 20 cm.;55,0;m3;gaeb;leistungsbeschreibungen/1127 VE 247_LV_KG500_blanko 260807.x83
0114;Bauwerk profilgerecht hinterfüllen, einschl. Stoffe verdichten, Einbauhöhe bis 4,5 m, Boden, außerhalb der Baustelle gelagert, Förderweg bis 0,5 km, mit einer Bodengruppe, Bodengruppe 1 SU DIN 18196 (Sand-Schluff-Gemisch),;1200,0;m3;gaeb;leistungsbeschreibungen/1127 VE 247_LV_KG500_blanko 260807.x83
0001;Werk und Montageplanung, Statische Berechnung inkl. Stahlliste für die Sitzblöcke. Die Planung und die statische Berechnung hat alle zur Herstellung der Sitzblöcke erforderlich Angaben zu enthalten, diese ist der Bauleitung digital im pdf-Format vorzulegen und freigeben zu lassen.;1,0;St;gaeb;leistungsbeschreibungen/1127 VE 247_LV_KG500_blanko 260807.x83
0002;Boden für Streifenfundament, ab Geländeoberfläche,;150,0;m3;gaeb;leistungsbeschreibungen/1127 VE 247_LV_KG500_blanko 260807.x83
0003;Planum herstellen, zulässige Abweichung von der Sollhöhe +/- 2 cm, Verformungsmodul mind. EV2 45 MPa, Ausführung gemäß Einzelbeschreibung,;200,0;m2;gaeb;leistungsbeschreibungen/1127 VE 247_LV_KG500_blanko 260807.x83
0004;Frostschutzschicht, Verdichtungsgrad mind. DPr 1, aus Baustoffgemisch für Frostschutzschicht, natürliche Gesteinskörnung TL Gestein, Körnung 0/56, Schichtdicke 25 cm, Ausführung gemäß Einzelbeschreibung.;50,0;m3;gaeb;leistungsbeschreibungen/1127 VE 247_LV_KG500_blanko 260807.x83
0005;Ortbeton Streifenfundament, obere Betonfläche waagerecht, aus unbewehrtem Beton, Normalbeton C 20/25 DIN 1045-2, natürliche Gesteinskörnung, Expositionsklasse XF2 (Frostangriff, mäßige Wassersättigung mit Taumittel), Expositionsklasse XA1 (Betonkorrosion durch chemisch schwach angreifende Umgebung),;130,0;m3;gaeb;leistungsbeschreibungen/1127 VE 247_LV_KG500_blanko 260807.x83
0006;Zulage zur Pos. 01.09.0005, Herstellung des Fundaments, hier jedoch 4 cm tiefer, zur Aufnahme der Betonblöcke mit Sitzauflage, zum erreichen eine einheitlichen Höhe der Blöcke mit und ohne Sitzauflage.;27,0;St;gaeb;leistungsbeschreibungen/1127 VE 247_LV_KG500_blanko 260807.x83
0007;Blockstufe BS 1 aus Betonwerkstein nach DIN EN 13198, außen, Treppenlauf gerade,;44,0;St;gaeb;leistungsbeschreibungen/1127 VE 247_LV_KG500_blanko 260807.x83
0008;Zulage zur Pos. 01.09.0007 Einbau der Stufe hochkant.;22,0;St;gaeb;leistungsbeschreibungen/1127 VE 247_LV_KG500_blanko 260807.x83
0009;Blockstufe BS 1.1  wie in Pos. 01.09.0007 beschrieben,;2,0;St;gaeb;leistungsbeschreibungen/1127 VE 247_LV_KG500_blanko 260807.x83
0010;Blockstufe BS 1.2  wie in Pos. 01.09.0007 beschrieben,;4,0;St;gaeb;leistungsbeschreibungen/1127 VE 247_LV_KG500_blanko 260807.x83
0011;Blockstufe S 1 wie in Pos. 01.09.0007 beschrieben,;10,0;St;gaeb;leistungsbeschreibungen/1127 VE 247_LV_KG500_blanko 260807.x83
0012;Blockstufe S 1.1 wie in Pos. 01.09.0007 beschrieben,;3,0;St;gaeb;leistungsbeschreibungen/1127 VE 247_LV_KG500_blanko 260807.x83
0013;Zulage zu den Positionen der Blockstufen, hier jedoch Versetzen der Stufen mittels Dünnbettkleber auf darunter liegenden Betonblöcken, anstatt mittels Mörtelbettung von 3 bis 5 cm.;63,0;St;gaeb;leistungsbeschreibungen/1127 VE 247_LV_KG500_blanko 260807.x83
0014;Herstellung einer Verschiebesicherung mittels Gewindestab M 10, Länge 150 mm.;44,0;St;gaeb;leistungsbeschreibungen/1127 VE 247_LV_KG500_blanko 260807.x83
0015;Passstück herstellen, Blockstufe Höhe Steigung 15,000 cm, Tiefe Treppenauftritt 33,000 cm, Herstellung von Anschlüssen aller Art und in unterschiedlichen Winkeln nach Aufmaß vor Ort, zum Anschluss an aufgehende Bauteile wie Mauer im Einfassung. Herstellen ausschließlich mit Nassschneidegerät,;10,0;St;gaeb;leistungsbeschreibungen/1127 VE 247_LV_KG500_blanko 260807.x83
0016;Tribünenblock BS2, 100,00 cm, Gesamtmaß inkl. Fuge als Fertigelement aus Beton als Maßanfertigung DIN EN 13198 bzw. gemäß Merkblatt Sichtbeton Deutscher Beton- und Bautechnik e.V., alle Kanten mit Fase 5/5 mm, alle Sichtflächen in Sichtbeton-Oberfläche fein sandgestrahlt, Farbe: Hellgrau, SB4.;36,0;St;gaeb;leistungsbeschreibungen/1127 VE 247_LV_KG500_blanko 260807.x83
0017;Tribünenblock BS2.1 wie in Pos. 01.09.0016 beschrieben,;4,0;St;gaeb;leistungsbeschreibungen/1127 VE 247_LV_KG500_blanko 260807.x83
0018;Tribünenblock BS2.2 wie in Pos. 01.09.0016 beschrieben,;3,0;St;gaeb;leistungsbeschreibungen/1127 VE 247_LV_KG500_blanko 260807.x83
0019;Mauerblock MB 1 wie in Pos. 01.09.0016 beschrieben,;3,0;St;gaeb;leistungsbeschreibungen/1127 VE 247_LV_KG500_blanko 260807.x83
0020;Mauerblock SB  wie in Pos. 01.09.0016 beschrieben,;10,0;St;gaeb;leistungsbeschreibungen/1127 VE 247_LV_KG500_blanko 260807.x83
0021;Blockstufe BS 1 aus Betonwerkstein nach DIN EN 13198, außen, Treppenlauf gerade,;34,0;St;gaeb;leistungsbeschreibungen/1127 VE 247_LV_KG500_blanko 260807.x83
0022;Blockstufe BS 1.1  wie in Pos. 01.09.0021 beschrieben,;13,0;St;gaeb;leistungsbeschreibungen/1127 VE 247_LV_KG500_blanko 260807.x83
0023;Zulage zu den Positionen der Blockstufen, hier jedoch Versetzen der Stufen mittels Dünnbettkleber auf darunter liegenden Betonblöcken, anstatt mittels Mörtelbettung von 3 bis 5 cm.;47,0;St;gaeb;leistungsbeschreibungen/1127 VE 247_LV_KG500_blanko 260807.x83
0024;Herstellung einer Verschiebesicherung mittels Gewindestab M 10, Länge 150 mm.;47,0;St;gaeb;leistungsbeschreibungen/1127 VE 247_LV_KG500_blanko 260807.x83
0025;Passstück herstellen, Blockstufe Höhe Steigung 15,000 cm, Tiefe Treppenauftritt 33,000 cm, Herstellung von Anschlüssen aller Art und in unterschiedlichen Winkeln nach Aufmaß vor Ort, zum Anschluss an aufgehende Bauteile wie Mauer im Einfassung. Herstellen ausschließlich mit Nassschneidegerät,;10,0;St;gaeb;leistungsbeschreibungen/1127 VE 247_LV_KG500_blanko 260807.x83
0026;Tribünenblock BS2, 100,00 cm, Gesamtmaß inkl. Fuge als Fertigelement aus Beton als Maßanfertigung DIN EN 13198 bzw. gemäß Merkblatt Sichtbeton Deutscher Beton- und Bautechnik e.V., alle Kanten mit Fase 5/5 mm, alle Sichtflächen in Sichtbeton-Oberfläche fein sandgestrahlt, Farbe: Hellgrau, SB4.;81,0;St;gaeb;leistungsbeschreibungen/1127 VE 247_LV_KG500_blanko 260807.x83
0027;Tribünenblock BS2.1 wie in Pos. 01.09.0026 beschrieben,;13,0;St;gaeb;leistungsbeschreibungen/1127 VE 247_LV_KG500_blanko 260807.x83
0028;Mauerblock MB 1 wie in Pos. 01.09.0026 beschrieben,;30,0;St;gaeb;leistungsbeschreibungen/1127 VE 247_LV_KG500_blanko 260807.x83
0029;Mauerblock MB 1.1 wie in Pos. 01.09.0026 beschrieben,;2,0;St;gaeb;leistungsbeschreibungen/1127 VE 247_LV_KG500_blanko 260807.x83
0030;Mauerblock MB 2 wie in Pos. 01.09.0026 beschrieben,;6,0;St;gaeb;leistungsbeschreibungen/1127 VE 247_LV_KG500_blanko 260807.x83
0031;Sitzauflagen gerade HPL 13mm, Farbe Jade Green RAL 0662, 66 cm Tiefe, 100,00 cm Außenlänge, Kanten und Ecken sind vollumfänglich in der Dicke der Platte rund auszubilden Radius 6mm.;10,0;St;gaeb;leistungsbeschreibungen/1127 VE 247_LV_KG500_blanko 260807.x83
0032;Sitzblock RB1, Radius innen 1,505m, Radius außen 1,570m , Bogenlänge außen 100,00 cm, Gesamtmaß inkl. Fuge als Fertigelement aus Beton als Maßanfertigung DIN EN 13198 bzw. gemäß Merkblatt Sichtbeton Deutscher Beton- und Bautechnik e.V., alle Kanten mit Fase 5/5 mm, alle Sichtflächen in Sichtbeton-Ob;10,0;St;gaeb;leistungsbeschreibungen/1127 VE 247_LV_KG500_blanko 260807.x83
0033;Sitzblock RB1.1 wie in Pos. 01.09.0032 beschrieben, hier jedoch mit dem Maßen;31,0;St;gaeb;leistungsbeschreibungen/1127 VE 247_LV_KG500_blanko 260807.x83
0034;Sitzblock RB2 wie in Pos. 01.09.0032 beschrieben, hier jedoch mit dem Maßen;17,0;St;gaeb;leistungsbeschreibungen/1127 VE 247_LV_KG500_blanko 260807.x83
0035;Sitzblock RB2.1 wie in Pos. 01.09.0032 beschrieben, hier jedoch mit dem Maßen;14,0;St;gaeb;leistungsbeschreibungen/1127 VE 247_LV_KG500_blanko 260807.x83
0036;Sitzblock RB2.2 wie in Pos. 01.09.0032 beschrieben, hier jedoch mit dem Maßen;1,0;St;gaeb;leistungsbeschreibungen/1127 VE 247_LV_KG500_blanko 260807.x83
0037;Sitzblock B1 wie in Pos. 01.09.0032 beschrieben, hier jedoch mit dem Maßen;2,0;St;gaeb;leistungsbeschreibungen/1127 VE 247_LV_KG500_blanko 260807.x83
0038;Sitzblock B1.1 wie in Pos. 01.09.0032 beschrieben, hier jedoch mit dem Maßen;3,0;St;gaeb;leistungsbeschreibungen/1127 VE 247_LV_KG500_blanko 260807.x83
0039;Sitzauflagen für RB1 und RB 1.1 Radius außen 1.570m, innen 1.505m aus HPL 13mm, Farbe Jade Green RAL 0662, 65 cm Tiefe, 100,00 cm Außenlänge, Kanten und Ecken sind vollumfänglich in der Dicke der Platte rund auszubilden Radius 6mm.;7,0;St;gaeb;leistungsbeschreibungen/1127 VE 247_LV_KG500_blanko 260807.x83
0040;Sitzauflagen für RB 2 und RB 2.1 wie ins Pos. 01.09.0039 Radius außen 1.505m, innen 1,404m aus HPL 13mm, Farbe Jade Green RAL 0662, 65 cm Tiefe, 96,00 cm Außenlänge, Kanten und Ecken sind vollumfänglich in der Dicke der Platte rund auszubilden Radius 6mm.;5,0;St;gaeb;leistungsbeschreibungen/1127 VE 247_LV_KG500_blanko 260807.x83
0041;Sitzauflagen für B 1 und B 1.1 wie ins Pos. 01.09.0039 als gerades Element;1,0;St;gaeb;leistungsbeschreibungen/1127 VE 247_LV_KG500_blanko 260807.x83
0042;Sitzblock Radius innen 5,00m, 105,60 cm, Gesamtmaß inkl. Fuge als Fertigelement aus Beton als Maßanfertigung DIN EN 13198 bzw. gemäß Merkblatt Sichtbeton Deutscher Beton- und Bautechnik e.V., alle Kanten mit Fase 5/5 mm, alle Sichtflächen in Sichtbeton-Oberfläche fein sandgestrahlt, Farbe: Hellgrau,;22,0;St;gaeb;leistungsbeschreibungen/1127 VE 247_LV_KG500_blanko 260807.x83
0043;Sitzblock Radius innen 3,00m wie in Pos. 01.09.0042 beschrieben,;8,0;St;gaeb;leistungsbeschreibungen/1127 VE 247_LV_KG500_blanko 260807.x83
0044;Sitzblock gerade wie in Pos. 01.09.0042 beschrieben,;4,0;St;gaeb;leistungsbeschreibungen/1127 VE 247_LV_KG500_blanko 260807.x83
0045;Sitzauflagen Radius innen 3,00m aus HPL 13mm, Farbe Jade Green RAL 0662, 40 cm Tiefe, 105,60 cm Außenlänge, Kanten und Ecken sind vollumfänglich in der Dicke der Platte rund auszubilden Radius 6mm.;4,0;St;gaeb;leistungsbeschreibungen/1127 VE 247_LV_KG500_blanko 260807.x83
0001;Handlauf mit Neigung, aus Edelstahl-Rundrohr V2A,Korn 600 geschliffen, Durchmesser ca. 42 x 2,5 mm.;1,0;St;gaeb;leistungsbeschreibungen/1127 VE 247_LV_KG500_blanko 260807.x83
0002;Handlauf mit Neigung, aus Edelstahl-Rundrohr V2A, Korn 600 geschliffen, Durchmesser ca. 42 x 2,5 mm wie in Pos. 01.10.0001 hier jedoch mit einer;1,0;St;gaeb;leistungsbeschreibungen/1127 VE 247_LV_KG500_blanko 260807.x83
0003;Handlauf mit Neigung, aus Edelstahl-Rundrohr V2A, Korn 600 geschliffen, Durchmesser ca. 42 x 2,5 mm wie in Pos. 01.10.0001 hier jedoch mit einer;1,0;St;gaeb;leistungsbeschreibungen/1127 VE 247_LV_KG500_blanko 260807.x83
0004;Handlauf mit Neigung, aus Edelstahl-Rundrohr V2A, Korn 600 geschliffen, Durchmesser ca. 42 x 2,5 mm wie in Pos. 01.10.0001 hier jedoch mit einer;1,0;St;gaeb;leistungsbeschreibungen/1127 VE 247_LV_KG500_blanko 260807.x83
0005;Handlauf mit Neigung, aus Edelstahl-Rundrohr V2A, Korn 600 geschliffen, Durchmesser ca. 42 x 2,5 mm wie in Pos. 01.10.0001 hier jedoch mit einer;1,0;St;gaeb;leistungsbeschreibungen/1127 VE 247_LV_KG500_blanko 260807.x83
0006;Handlauf mit Neigung, aus Edelstahl-Rundrohr V2A, Korn 600 geschliffen, Durchmesser ca. 42 x 2,5 mm wie in Pos. 01.10.0001 hier jedoch mit einer;1,0;St;gaeb;leistungsbeschreibungen/1127 VE 247_LV_KG500_blanko 260807.x83
0007;Handlauf mit Neigung, aus Edelstahl-Rundrohr V2A, Korn 600 geschliffen, Durchmesser ca. 42 x 2,5 mm wie in Pos. 01.10.0001 hier jedoch mit einer;1,0;St;gaeb;leistungsbeschreibungen/1127 VE 247_LV_KG500_blanko 260807.x83
0008;Handlauf mit Neigung, aus Edelstahl-Rundrohr V2A, Korn 600 geschliffen, Durchmesser ca. 42 x 2,5 mm wie in Pos. 01.10.0001 hier jedoch mit einer;1,0;St;gaeb;leistungsbeschreibungen/1127 VE 247_LV_KG500_blanko 260807.x83
0009;Handlauf mit Neigung, aus Edelstahl-Rundrohr V2A, Korn 600 geschliffen, Durchmesser ca. 42 x 2,5 mm wie in Pos. 01.10.0001 hier jedoch mit einer;1,0;St;gaeb;leistungsbeschreibungen/1127 VE 247_LV_KG500_blanko 260807.x83
0010;Absturzsicherung nach Schulbaurichtlinie NRW, ist auf den L- Winkeln im Schulhof gesicherte Höhensprünge mit einer Gesamthöhe von bis zu 3,50 m ist eine Absturzsicherung vorzusehen.;34,0;m;gaeb;leistungsbeschreibungen/1127 VE 247_LV_KG500_blanko 260807.x83
0011;Sonderelement der Absturzsicherung wie in Pos. 01.10.0010 beschreiben,;2,61;m;gaeb;leistungsbeschreibungen/1127 VE 247_LV_KG500_blanko 260807.x83
0012;Sonderelement der Absturzsicherung wie in Pos. 01.10.0010 beschreiben,;3,03;m;gaeb;leistungsbeschreibungen/1127 VE 247_LV_KG500_blanko 260807.x83
0013;Zaun mit Stahlgittermatten (Paneele) DIN EN 10223-7, inkl. aller Pfosten sowie der erforderlichen Endpfosten, als Doppelstabmatte, Höhe 1,60 m, ohne Überstand im oberen wie im unterem Bereich, Maschenweite 50/200 mm, Dicke der senkrechten Drähte 6 mm, waagerechte Profile als Doppelstab 8 mm, befesti;470,0;m;gaeb;leistungsbeschreibungen/1127 VE 247_LV_KG500_blanko 260807.x83
0014;Zaun mit Stahlgittermatten (Paneele) DIN EN 10223-7, wie in der Vorposition beschreiben jedoch in der Höhe 1,20m.;48,0;m;gaeb;leistungsbeschreibungen/1127 VE 247_LV_KG500_blanko 260807.x83
0015;Zaun mit Stahlgittermatten (Paneele) DIN EN 10223-7, wie in der Vorposition beschreiben jedoch in der Höhe 1,00m.;50,0;m;gaeb;leistungsbeschreibungen/1127 VE 247_LV_KG500_blanko 260807.x83
0016;Zaun mit Stahlgittermatten (Paneele) DIN EN 10223-7, wie in der Vorposition beschreiben jedoch in der Höhe 2,00m.;20,0;m;gaeb;leistungsbeschreibungen/1127 VE 247_LV_KG500_blanko 260807.x83
0017;Zulage zur Vorposition, Einbau des Zaunes in Bereichen von Böschungen und  Gefälle, die Zaunmatten sind zum Ausgleich des Höhenunterschieds im Höhenversatz zu montieren, der Abstand von 5 cm kann unterschritten werden oder wenn erforderlich können die Zaunmatten auch in den Boden eingelassen werden,;220,0;m;gaeb;leistungsbeschreibungen/1127 VE 247_LV_KG500_blanko 260807.x83
0018;Ballfangzaun, aus Stahlgittermatten DIN EN 10223-7, lärmgedämmt, gemäß zu erstellender Statik, als Doppelstabmatte, Höhe 4 m, Maschenweite 50/200 mm bis 2 m Höhe, darüber 100/200 mm, Dicke der senkrechten Drähte 6 mm, waagerechte Profile als Doppelstab 8 mm, befestigen an Pfosten mit Abdeckleiste, B;22,0;m;gaeb;leistungsbeschreibungen/1127 VE 247_LV_KG500_blanko 260807.x83
0019;Zaunpfosten als Endpfosten, für Ballfangzaun aus Stahlvierkantrohr S235 DIN EN 10219-2, Querschnitt 50/50 mm, Wanddicke 2 mm, Gesamtpfostenlänge 480 cm.;4,0;St;gaeb;leistungsbeschreibungen/1127 VE 247_LV_KG500_blanko 260807.x83
0020;Drehflügeltor, 2-flügelig, symmetrisch Höhe 1.600 mm, Gesamtbreite 3.000 mm, mit verdeckten, nicht hervorstehenden, unfallsicheren nachrichtbaren Toraufhängungen, die bewirken, dass die Flügel in geschlossenem Zustand nicht herausgeschraubt werden können, mit beidseitigem Anschluss des Zaunes der Vo;1,0;St;gaeb;leistungsbeschreibungen/1127 VE 247_LV_KG500_blanko 260807.x83
0021;Drehflügeltor, 2-flügelig, asymmetrisch Höhe 1.600 mm, wie in Pos. 01.10.0020 beschreiben, hier jedoch mit einer Gesamtbreite 4.300 mm,;1,0;St;gaeb;leistungsbeschreibungen/1127 VE 247_LV_KG500_blanko 260807.x83
0022;Drehflügeltor, 1-flügelig, Höhe 1.600 mm, wie in Pos. 01.10.0020 beschreiben, hier jedoch mit einer Gesamtbreite 1.500 mm,;1,0;St;gaeb;leistungsbeschreibungen/1127 VE 247_LV_KG500_blanko 260807.x83
0023;Drehflügeltor, 2-flügelig, symmetrisch Höhe 1.600 mm, wie in Pos. 01.10.0020 beschreiben, hier jedoch mit einer Gesamtbreite 3.500 mm,;1,0;St;gaeb;leistungsbeschreibungen/1127 VE 247_LV_KG500_blanko 260807.x83
0024;Drehflügeltor, 1-flügelig, Höhe 1.600 mm, wie in Pos. 01.10.0020 beschreiben, hier jedoch mit einer Gesamtbreite 1.000 mm,;3,0;St;gaeb;leistungsbeschreibungen/1127 VE 247_LV_KG500_blanko 260807.x83
0025;Drehflügeltor, 2-flügelig, symmetrisch Höhe 1.600 mm, Gesamtbreite 3.000 mm, wie in Pos. 01.10.0020 beschreiben, hier jedoch mit einer;1,0;St;gaeb;leistungsbeschreibungen/1127 VE 247_LV_KG500_blanko 260807.x83
0026;Drehflügeltor, 1-flügelig, Höhe 1.600 mm, wie in Pos. 01.10.0020 beschreiben, hier jedoch mit einer Gesamtbreite 1.600 mm,;1,0;St;gaeb;leistungsbeschreibungen/1127 VE 247_LV_KG500_blanko 260807.x83
0027;Tor Haupteingang, Drehflügeltor 2-flügelig Öffungsbreite 5500mm, Gesamtlänge 8285mm, Gesamthöhe 1500/1600mm, als Haupteingangstor bestehend aus zwei Flügeln, für Fußgänger und Liefer- oder Feuerwehrfahrzeuge, asymmetrisch Öffnung Fußgängertor 2540mm, Tor 2960mm, sowie zwei seitlich feststehenden Ele;1,0;St;gaeb;leistungsbeschreibungen/1127 VE 247_LV_KG500_blanko 260807.x83
0028;Drehflügeltor mit Holzfüllung, 1-flügelig, Gesamthöhe 1800 mm, Gesamtbreite ca. 1460 mm, Drehflügelbreite 1420 mm;3,0;St;gaeb;leistungsbeschreibungen/1127 VE 247_LV_KG500_blanko 260807.x83
0029;Holzlattenzaun aus Lärche, Oberflächen gehobelt,;35,0;m;gaeb;leistungsbeschreibungen/1127 VE 247_LV_KG500_blanko 260807.x83
0030;Rammschutzbügel  H x B 350 x 3800 mm, zum Einbetonieren Rammschutzbügel aus Stahlrohr (Ø 76 mm), Wandstärke 3 mm, ohne Unterfahrschutz Element Material : Stahl Oberfläche : feuerverzinkt Befestigungsart : zum Einbetonieren B x H : 3800 x 750 mm Höhe über Flur : 350 mm empfohlene Einbautiefe : 400 mm;2,0;St;gaeb;leistungsbeschreibungen/1127 VE 247_LV_KG500_blanko 260807.x83
0001;Sonnenschirm Form rund, Durchmesser 5,0 m, 8-teilig, Schirmstoff aus MayTex-Acryl, 300 g/m², Wassersäule 370 mm, mit klassischem Volant;2,0;St;gaeb;leistungsbeschreibungen/1127 VE 247_LV_KG500_blanko 260807.x83
0002;Fahnenmasten mit Drehlagerung 360° und hissbarem Ausleger/Galgen.;3,0;St;gaeb;leistungsbeschreibungen/1127 VE 247_LV_KG500_blanko 260807.x83
0003;Anlehnbügel Breite 100 cm, feuerverzinkt und pulverbeschichtet, aus Flachstahl (80 x 10 mm), mit Quersteg 560 mm über Flur.;83,0;St;gaeb;leistungsbeschreibungen/1127 VE 247_LV_KG500_blanko 260807.x83
0004;Abfallbehälter Inhalt 40 ltr., rechteckig mit Abdeckung, Gesamtbreite 380mm, Gesamthöhe 1180mm, Gesamttiefe 280mm. Behälter aus Aluminium Materialstärke 2,5mm, geschlifffen, mit umbördelten Handlöchern nach Schnittschutzrichtlinien mit asymmetrisch angeordneten Drehlagern. Ständer 107mm breiter Dopp;18,0;St;gaeb;leistungsbeschreibungen/1127 VE 247_LV_KG500_blanko 260807.x83
0005;Flächenbündiger Baumschutz aus Beton, quadratische Ausführung 1,80 x 1,80 m, mit zweiteiligem, rundem Einlegerahmen für Jungbäume,;6,0;St;gaeb;leistungsbeschreibungen/1127 VE 247_LV_KG500_blanko 260807.x83
0006;Baumschutzgitter;6,0;St;gaeb;leistungsbeschreibungen/1127 VE 247_LV_KG500_blanko 260807.x83
0007;HPL-FreiluftKlassenzimmer, farbenfroher KommunikationsPlatz, Stahl, Werkstoff S 235 JR, feuerverzinkt nach DIN EN ISO 1461 und beschichtet in der Farbe RAL 7016, Durchmesser Rundbank gesamt 5000 mm, Höhe über Flur 670 mm, Tiefe 400 mm, Sitzhöhe ca. 400 mm,;1,0;St;gaeb;leistungsbeschreibungen/1127 VE 247_LV_KG500_blanko 260807.x83
0008;Plateau PicknickRunde, Rundtisch mit Rundbank inklusive Teilhabe-Öffnung,;3,0;St;gaeb;leistungsbeschreibungen/1127 VE 247_LV_KG500_blanko 260807.x83
0009;HPL-HockerBank, Möbelelement mit Rundrohrstützen, Stahl, Werkstoff S 235 JR, feuerverzinkt, nach DIN EN ISO 1461 und beschichtet in der Farbe RAL 7016, Länge 2000 mm, Tiefe 500 mm, Höhe über Flur 450 mm, Sitzhöhe ca. 450 mm,;7,0;St;gaeb;leistungsbeschreibungen/1127 VE 247_LV_KG500_blanko 260807.x83
0010;HPL-HockerBank, Möbelelement mit Rundrohrstützen, Stahl, Werkstoff S 235 JR, feuerverzinkt, nach DIN EN ISO 1461 und beschichtet in der Farbe RAL 7016, Länge 1000 mm, Tiefe 500 mm, Höhe über Flur 450 mm, Sitzhöhe ca. 450 mm,;1,0;St;gaeb;leistungsbeschreibungen/1127 VE 247_LV_KG500_blanko 260807.x83
0011;Hockerbank Grundmodul 480 x 2.000 x 560 mm (HxBxT), gerade, Sitztiefe 390 mm, Sitzhöhe 480 mm, Sitzfläche mit Holzbelattung, Holzart: Heimisches Holz (Douglasie) geölt, Lattung 2.000 x 192 x 55 mm, Fußkonstruktion aus gekanteten Stahl, feuerverzinkt und beschichtet in RAL 7016, ohne Armlehnen, einsc;13,0;St;gaeb;leistungsbeschreibungen/1127 VE 247_LV_KG500_blanko 260807.x83
0012;Hockerbank Erweiterungsmodul 480 x 2.000 x 560 mm (HxBxT), wie Position zuvor als Erweiterungsmodul. Statt zwei Stahlfüßen nur einer vorhanden.;5,0;St;gaeb;leistungsbeschreibungen/1127 VE 247_LV_KG500_blanko 260807.x83
0013;Adapterhockerbank 480 x 2.000 x 390 mm (HxBxT), gerade, Sitztiefe 390 mm, Sitzhöhe 480 mm, Sitzfläche mit Holzbelattung, Holzart: Heimisches Holz (Douglasie) geölt, Lattung 2.000 x 192 x 55 mm, Fußkonstruktion aus gekanteten Stahl, feuerverzinkt und beschichtet in RAL 7016, ohne Armlehnen, einschlie;9,0;St;gaeb;leistungsbeschreibungen/1127 VE 247_LV_KG500_blanko 260807.x83
0014;Hockerbank 480 x 2.000 x 970 mm (HxBxT), gerade, Sitztiefe 800 mm, Sitzhöhe 480 mm, Sitzfläche mit Holzbelattung, Holzart: Heimisches Holz (Douglasie) geölt, Lattung 2.000 x 192 x 55 mm, Fußkonstruktion aus gekanteten Stahl, feuerverzinkt und beschichtet in RAL 7016, ohne Armlehnen, einschließlich G;1,0;St;gaeb;leistungsbeschreibungen/1127 VE 247_LV_KG500_blanko 260807.x83
0015;Tisch 780 x 2.000 x 800 mm (HxBxT), gerade, Tischhöhe 780 mm, mit Holzbelattung, Holzart: Heimisches Holz (Douglasie) geölt, Lattung 2.000 x 192 x 55 mm, Fußkonstruktion aus gekanteten Stahl, feuerverzinkt und beschichtet in RAL 7016, einschließlich Gewindestäbe mit Flügelanker, Muttern und Unterleg;8,0;St;gaeb;leistungsbeschreibungen/1127 VE 247_LV_KG500_blanko 260807.x83
0016;Sitzbank mit Rückenlehne 930 x 2.000 x 620 mm (HxBxT), gerade, bestehend aus 2 Stück außen liegenden Bankfüßen aus 12mm Flachstsahl, mit mittiger Aussparung (ausgelasert), nach unten leicht verjüngt, um 16cm verlängert mit angeschweißtem Flachstahl inkl. Bohrung zum unterirdischen Aufdübeln auf Fund;3,0;St;gaeb;leistungsbeschreibungen/1127 VE 247_LV_KG500_blanko 260807.x83
0017;Hockerbank 480 x 2.000 x 530 mm (HxBxT), gerade, bestehend aus 2 Stück außen liegenden Bankfüßen aus 12mm Flachstsahl, mit mittiger Aussparung (ausgelasert), nach unten leicht verjüngt, um 16cm verlängert mit angeschweißtem Flachstahl inkl. Bohrung zum unterirdischen Aufdübeln auf Fundament.;12,0;St;gaeb;leistungsbeschreibungen/1127 VE 247_LV_KG500_blanko 260807.x83
0018;Tisch 780 x 1.970 x 840 mm (HxBxT), gerade, bestehend aus 2 Stück Tischfüßen, um 16cm verlängert mit angeschweißtem Flachstahl inkl. Bohrung zum unterirdischen Aufdübeln auf Fundament.;6,0;St;gaeb;leistungsbeschreibungen/1127 VE 247_LV_KG500_blanko 260807.x83
0019;Gerade Jugend- und Kinderbank aus drei geraden Sitzrohren für drei Sitzetagen, obere Etage 2/3 lang. Aus matt glasperlgestrahltem Edelstahl-Rundrohr Ø 60 mm. Einteilig, zueinander verschweißt und zu zwei schrägen und einem lotrechten Fuß gebogen, im Höhenabstand von 30 cm miteinander verschweißt. Be;5,0;St;gaeb;leistungsbeschreibungen/1127 VE 247_LV_KG500_blanko 260807.x83
0020;Gewächshaus mit;1,0;St;gaeb;leistungsbeschreibungen/1127 VE 247_LV_KG500_blanko 260807.x83
0021;Geräteschrank aus Metall, Außenmaße einschließlich Dachvorsprung ca. 227 x 83 x 182,5 cm (B x T x H), Innenmaße ca. 222 x 78 x 177 cm (B x T x H), Nutzfläche ca. 1,73 m².;2,0;St;gaeb;leistungsbeschreibungen/1127 VE 247_LV_KG500_blanko 260807.x83
0022;Hochbeet, einseitig unterfahrbar und für die Nutzung durch Rollstuhlfahrer geeignet, Außenmaße ca. 110 x 100 x 80 cm (B x T x H), unterfahrbare Höhe ca. 65 cm.;1,0;St;gaeb;leistungsbeschreibungen/1127 VE 247_LV_KG500_blanko 260807.x83
0023;Aufnehmen, Sichern, Transportieren und Wiedereinbauen eines bestehenden Hochbeets aus Granitstelen im Bereich des Schulhofs des alten Gymnasiums einschließlich Herstellung der erforderlichen Fundamente am neuen Standort.;4,0;St;gaeb;leistungsbeschreibungen/1127 VE 247_LV_KG500_blanko 260807.x83
0024;Selbststehendes Insektenhotel, Außenmaße ca. 76 x 178 x 17 cm (B x H x T), Nistkastenmaße ca. 66 x 106 x 12 cm (B x H x T).;1,0;St;gaeb;leistungsbeschreibungen/1127 VE 247_LV_KG500_blanko 260807.x83
0025;Bolzplatztor mit Basketballaufbau, Torgröße ca. 3,00 x 2,00 m (B x H), Ausladung oben ca. 61 cm, Ausladung unten ca. 92 cm, Ausladung Basketballaufbau ca. 0,65 m.;2,0;St;gaeb;leistungsbeschreibungen/1127 VE 247_LV_KG500_blanko 260807.x83
0026;Outdoor-Tischtennistisch in internationalem Turniermaß, Abmessungen ca. 274 x 152 x 76 cm (L x B x H).;3,0;St;gaeb;leistungsbeschreibungen/1127 VE 247_LV_KG500_blanko 260807.x83
0027;Rohrpfosten Stahl verz Durchm. 76,1mm WD 2,9mm L 3m Rohrpfosten zur Befestigung von Verkehrszeichen/Hinweisschild ZTV VZ, aus verzinktem Stahl, Durchmesser 76,1 mm, Wanddicke 2,9 mm, Länge 3 m, mit Bodenhülse, mit Befestigung mit Bandschelle, aus nichtrostendem Stahl.;10,0;St;gaeb;leistungsbeschreibungen/1127 VE 247_LV_KG500_blanko 260807.x83
0028;Kletternetz-Spielgerät Combination 759 (CBN.759);1,0;St;gaeb;leistungsbeschreibungen/1127 VE 247_LV_KG500_blanko 260807.x83
0029;Findlinge (Endmoränenmaterial) ohne Bruchkanten,;15,0;St;gaeb;leistungsbeschreibungen/1127 VE 247_LV_KG500_blanko 260807.x83
0030;Findlinge (Endmoränenmaterial) ohne Bruchkanten,;15,0;St;gaeb;leistungsbeschreibungen/1127 VE 247_LV_KG500_blanko 260807.x83
0031;Wasserzapfstele liefern und fachgerecht einbauen inkl. Erd- und Fundamentarbeiten sowie den Anschluss an die bauseitige Wasserleitung.;1,0;St;gaeb;leistungsbeschreibungen/1127 VE 247_LV_KG500_blanko 260807.x83
0032;Standsäule als Anschlagpoller der Türen. Rundrohr Durchmesser 60mm, Gesamthöhe 1450mm, über Belag ca.1000mm, inkl. Anschlagpuffer, Höhe über Belag ca. 250mm,;10,0;St;gaeb;leistungsbeschreibungen/1127 VE 247_LV_KG500_blanko 260807.x83
0033;Klassische zweistufige Hangelleiter mit Sprossenwand;1,0;St;gaeb;leistungsbeschreibungen/1127 VE 247_LV_KG500_blanko 260807.x83
0034;Doppelbarren;1,0;St;gaeb;leistungsbeschreibungen/1127 VE 247_LV_KG500_blanko 260807.x83
0035;Zweifache Schrägbank,;1,0;St;gaeb;leistungsbeschreibungen/1127 VE 247_LV_KG500_blanko 260807.x83
0036;Jump Box mit Fußstützen;1,0;St;gaeb;leistungsbeschreibungen/1127 VE 247_LV_KG500_blanko 260807.x83
0037;Parallettes;1,0;St;gaeb;leistungsbeschreibungen/1127 VE 247_LV_KG500_blanko 260807.x83
0038;Dreifache Reckstange - Calisthenics freestyle;1,0;St;gaeb;leistungsbeschreibungen/1127 VE 247_LV_KG500_blanko 260807.x83
0039;Anleitung – Hinweisschild für Calisthenics-Anlagen – DIN EN 16630:2015-06 konform;1,0;St;gaeb;leistungsbeschreibungen/1127 VE 247_LV_KG500_blanko 260807.x83
0040;Sicherheitstechnische Prüfung nach DIN EN 1176 / nach Fertigstellung der Anlage durch einen unabhängigen Gutachter für Spielgerätesicherheit vor Ort, inkl. aller Reise- und Nebenkosten, terminlicher Abstimmung mit dem Auftraggeber und Zusammenstellung aller erforderlichen Unterlagen und Prüfprotokol;1,0;psch;gaeb;leistungsbeschreibungen/1127 VE 247_LV_KG500_blanko 260807.x83
0041;Sicherheitstechnische Prüfung nach DIN EN 16630 / nach Fertigstellung der Anlage durch einen unabhängigen Gutachter für standortgebundene Fitnessgeräte im Außenbereich vor Ort, inkl. aller Reise- und Nebenkosten, terminlicher Abstimmung mit dem Auftraggeber und Zusammenstellung aller erforderlichen ;1,0;psch;gaeb;leistungsbeschreibungen/1127 VE 247_LV_KG500_blanko 260807.x83
0001;Vorhandenen, vom Auftraggeber bereitgestellten und bereits gesiebten Oberboden aufnehmen. Oberboden mit gewaschenem, mineralischem Sand der Korngruppe 0/2 mm im Mischungsverhältnis 70 : 30 Vol.-% homogen mischen. Sand frei von organischen Verunreinigungen, bindigen Bestandteilen und Schadstoffen. Di;2750,0;m3;gaeb;leistungsbeschreibungen/1127 VE 247_LV_KG500_blanko 260807.x83
0002;Stoffe liefern und abladen, Sand, Körnung 0/2, gütegesichert, Abrechnung nach Lieferscheinen.;825,0;m3;gaeb;leistungsbeschreibungen/1127 VE 247_LV_KG500_blanko 260807.x83
0003;Baugrund auflockern, kreuzweise durch Untergrundlockerung, Tiefe 30 cm, Bodengruppe 4b DIN 18915 (bindig, kiesig), Steine ab 5 cm Durchmesser, Fremdkörper und schwer verrottbare Pflanzenteile ablesen, nach Stoffen getrennt auf der Baustelle lagern, Anteil der nichtgeneigten Fläche bis 60 %, Neigung ;6100,0;m2;gaeb;leistungsbeschreibungen/1127 VE 247_LV_KG500_blanko 260807.x83
0004;Vegetationsschicht im Bereich der Rasenfläche lockern durch Fräsen, Tiefe 20 cm, Bodengruppe 4-5;3245,0;m2;gaeb;leistungsbeschreibungen/1127 VE 247_LV_KG500_blanko 260807.x83
0005;Oberboden, gesiebt, von Miete laden, fördern, profilgerecht auftragen, Förderweg bis 0,5 km, Bodengruppe 1 DIN 18915 (organisch), eine Bodengruppe, Bodengruppe 1 OU DIN 18196 (Schluff mit organischen Beimengungen oder organogener Schluff), in Einzelflächen, 11 bis 15 Einzelflächen, Auftragsdicke übe;650,0;m3;gaeb;leistungsbeschreibungen/1127 VE 247_LV_KG500_blanko 260807.x83
0006;Oberboden, gesiebt, von Miete laden, fördern, profilgerecht auftragen, Förderweg bis 0,5 km, Bodengruppe 1 DIN 18915 (organisch), eine Bodengruppe, Bodengruppe 1 OU DIN 18196 (Schluff mit organischen Beimengungen oder organogener Schluff), in Einzelflächen, 11 bis 15 Einzelflächen, Auftragsdicke übe;255,0;m3;gaeb;leistungsbeschreibungen/1127 VE 247_LV_KG500_blanko 260807.x83
0007;Oberboden, gesiebt, von Miete laden, fördern, profilgerecht auftragen, Förderweg bis 0,5 km, Bodengruppe 1 DIN 18915 (organisch), eine Bodengruppe, Bodengruppe 1 OU DIN 18196 (Schluff mit organischen Beimengungen oder organogener Schluff), in Einzelflächen, 11 bis 15 Einzelflächen, Auftragsdicke übe;1210,0;m3;gaeb;leistungsbeschreibungen/1127 VE 247_LV_KG500_blanko 260807.x83
0008;Pflanzgrube ausheben, 100/100 cm, Tiefe 80 cm, Aushub seitlich lagern, und wieder einbauen, Sohle 15 cm tief lockern, Bodengruppe 4 bis 5 DIN 18915 (schwach bindig bis bindig).;47,0;St;gaeb;leistungsbeschreibungen/1127 VE 247_LV_KG500_blanko 260807.x83
0009;Pflanzgrube ausheben, 140/140 cm, Tiefe 100 cm, Aushub seitlich lagern, und wieder einbauen, Sohle 15 cm tief lockern, Bodengruppe 4 bis 5 DIN 18915 (schwach bindig bis bindig).;40,0;St;gaeb;leistungsbeschreibungen/1127 VE 247_LV_KG500_blanko 260807.x83
0010;Zulage zur Pflanzgrube 100/100cm T80 cm ausheben im Böschungsbereich von ca. 1:3;30,0;St;gaeb;leistungsbeschreibungen/1127 VE 247_LV_KG500_blanko 260807.x83
0011;Pflanzgrube in überbauten Bereichen ausheben, 36m³ pro Baumstandort, Tiefe nach Abtrag der Tragschichten 150 cm, profilgerecht lösen und direkt laden auf LKW des AN und zum Lager den AG transportieren, abladen und auf Miete setzen, Transportweg bis 0,5km, Sohle 20 cm tief lockern, Bodengruppe 4 DIN ;756,0;m3;gaeb;leistungsbeschreibungen/1127 VE 247_LV_KG500_blanko 260807.x83
0012;Wurzelbelüftungssystem (perforiertes und geschlossenwandiges Rohr), Gesamtlänge 2 Rohre 1,50m, und 2 Rohre 2,50m, Perforierung im Substratbereich, DN100 Kunststoff, Einbindetiefe 150cm bzw. 2,50m, profilierte Außenwand, glatte Innenwand, geschlitzt mit Filterstrumpf, Verbindung mittels T-Stück und p;21,0;St;gaeb;leistungsbeschreibungen/1127 VE 247_LV_KG500_blanko 260807.x83
0013;Wurzelbewässerungssystem, 60mm Bewässerungsrohr aus PE, Länge 3000mm, geeignet für Ballendurchmesser bis 890mm, Einlassgitter aus HDPE (Durchmesser 88mm, Höhe 131mm) Verschlusskappe aus Aluminium (Durchmesser 95mm) mit Sicherheitskette, T- Stück aus HDPE, liefern und nach Herstellerangaben einbauen.;6,0;St;gaeb;leistungsbeschreibungen/1127 VE 247_LV_KG500_blanko 260807.x83
0014;"Pflanzenverankerung als Unterflurverankerung, vor Verfüllung der Baumgrube;";6,0;St;gaeb;leistungsbeschreibungen/1127 VE 247_LV_KG500_blanko 260807.x83
0015;Wurzelsperre aus PP, non-woven Geotextil zum Schutz von Schottertragschichten, Fundamenten, usw., beidseitige Beschichtung aus Polypropylen;125,0;m;gaeb;leistungsbeschreibungen/1127 VE 247_LV_KG500_blanko 260807.x83
0016;"Pflanzgrube in überbauten Flächen verfüllen, Vegetationstragschicht/Substrat gemäß FLL-Empfehlungen für Baumpflanzungen -  Teil 2: Standortvorbereitungen für Neupflanzungen; Pflanzgruben und Wurzelraumerweiterung, Bauweisen und Substrate, Pflanzgrubenbauweise 2 (überbaubar), Schichtdicke 150 cm. Ver";756,0;m3;gaeb;leistungsbeschreibungen/1127 VE 247_LV_KG500_blanko 260807.x83
0017;Kontrollprüfung ZTV SoB-StB auf besondere Anordnung des AG für Unterbau/Planum, Prüfung für Verformungsmodul, mit dynamischem Lastplattendruckversuch TP BF-StB, Ausführung gemäß Einzelbeschreibung,;21,0;St;gaeb;leistungsbeschreibungen/1127 VE 247_LV_KG500_blanko 260807.x83
0018;Feinplanum für Pflanzfläche, zulässige Abweichung von der Ebenheit 2 cm DIN 18916, Anschlüsse an Kanten, Wege- und Platzbeläge 2 cm tiefer, Steine von mehr als 2 cm Durchmesser und schwer verrottbare Pflanzenteile ablesen, anfallende Stoffe getrennt auf der Baustelle lagern, Bodengruppe 3b DIN 18915;2855,0;m2;gaeb;leistungsbeschreibungen/1127 VE 247_LV_KG500_blanko 260807.x83
0019;Zulage Feinplanum Pflanzfläche im Böschungsbereich von 1:3 bis 1:6;1550,0;m2;gaeb;leistungsbeschreibungen/1127 VE 247_LV_KG500_blanko 260807.x83
0020;Düngen der Staudenfläche mit organisch-mineralischem Dünger mit Langzeitwirkung, Ausführung in zwei gekreuzten Durchgängen mit je der Hälfte der Düngermenge. Die Düngung erfolgt mit einer Wassergabe.;845,0;m2;gaeb;leistungsbeschreibungen/1127 VE 247_LV_KG500_blanko 260807.x83
0021;Feinplanum für Rasenfläche, zulässige Abweichung von der Ebenheit bei 4 m 7 cm/bei 2 m 5 cm (Kategorie 2) DIN 18917, Anschlüsse an Kanten, Wege- und Platzbeläge 2 cm tiefer, Steine von mehr als 2 cm Durchmesser und schwer verrottbare Pflanzenteile ablesen, anfallende Stoffe getrennt auf der Baustell;3245,0;m2;gaeb;leistungsbeschreibungen/1127 VE 247_LV_KG500_blanko 260807.x83
0022;Planum für Schotterrasenfläche herstellen, zulässige Abweichung von der Sollhöhe 2 cm, Anschlüsse an Wege, Plätze und sonstige Beläge oberflächengleich, Steine, Fremdkörper, Unkraut und schwer verrottbare Pflanzenteile ablesen und entsorgen, Durchmesser der Steine und Fremdkörper ab 3 cm. Bodengrupp;625,0;m2;gaeb;leistungsbeschreibungen/1127 VE 247_LV_KG500_blanko 260807.x83
0023;Mulchabdeckung zum Schutz von Vegetationsflächen, Abdecken mit Mulchstoff, Rindenhumus, Körnung 0/10, Dicke über 5 bis 7 cm, Auftrag im Bereich der Pflanzung.;145,0;m3;gaeb;leistungsbeschreibungen/1127 VE 247_LV_KG500_blanko 260807.x83
0024;Zulage Mulchabdeckung im Böschungsbereich von 1:3 bis 1:6;1550,0;m2;gaeb;leistungsbeschreibungen/1127 VE 247_LV_KG500_blanko 260807.x83
0025;Mulchabdeckung zum Schutz von Vegetationsflächen, Abdecken mit Mulchstoff, Bergischer Grauwacke 8-11mm, Dicke 6 cm, Auftrag im Bereich der Staudenflächen.;109,0;m3;gaeb;leistungsbeschreibungen/1127 VE 247_LV_KG500_blanko 260807.x83
0026;Schutzzaun für Pflanzfläche herstellen, instandhalten und beseitigen. Standfester Zaun, aus geschliffenen unbehandelten Holzpfosten, mind. 10x10 cm, Länge 150cm, 100 cm über OK Belag, Abstand der Pfosten 200 cm, im Erdreich befestigen. 1-fache Querlattung aus geschliffenen unbehandelten Holzbohlen, ;120,0;m;gaeb;leistungsbeschreibungen/1127 VE 247_LV_KG500_blanko 260807.x83
0001;Wurzelschutzfolie PE HD Rhizomensperre als Gießring mit einem Radius von 600 mm rund um den Baumstamm einbauen. Gesamtlänge 4000 m, Breite 350 mm, Dicke 2 mm.;102,0;St;gaeb;leistungsbeschreibungen/1127 VE 247_LV_KG500_blanko 260807.x83
0002;Zulage zur Anbringung der Gießringe im Böschungsbereich von ca. 1:3;30,0;St;gaeb;leistungsbeschreibungen/1127 VE 247_LV_KG500_blanko 260807.x83
0003;Pflanzenverankerung mit Pfahl-Dreibock mit Rahmen aus Halbrundhölzern, Pfahl, weißgeschält, Pfahllänge 350 cm, Zopfdicke 10/12 cm, Bindegurt aus Baumgurt. Zusätzliche Querverbindung oben einfach, und unten dreifach aus Halbrundhölzer, D = 100 mm übereinander verschraubt.;102,0;St;gaeb;leistungsbeschreibungen/1127 VE 247_LV_KG500_blanko 260807.x83
0004;Zulage zur Anbringung der Dreiböcke im Böschungsbereich von ca. 1:3;30,0;St;gaeb;leistungsbeschreibungen/1127 VE 247_LV_KG500_blanko 260807.x83
0005;Pflanzenverankerung mit Schrägpfahl weißgeschält, Pfahllänge 350 cm, Zopfdicke 10/12 cm, Bindegurt aus Baumgurt.;170,0;St;gaeb;leistungsbeschreibungen/1127 VE 247_LV_KG500_blanko 260807.x83
0006;Einfassung der Baumstandorte in der Böschung, aus Fichte liefern und einbauen. Schalbrett 150x20x1500 mm allseitig gehobelt, unbehandelt, mittels je drei Holzschrauben pro Pfosten verschraubt, Pfosten 8x6x90 cm Einbindung ca. 30cm, Abstand 50 cm, an drei Seiten umlaufend 3 Bretter übereinander an de;30,0;St;gaeb;leistungsbeschreibungen/1127 VE 247_LV_KG500_blanko 260807.x83
0007;Verdunstungs- und Stammschutz am Stamm mit Stammschutzanstrich, Mind.-Wirksamkeitsdauer 2 Jahre, weiß, Stammdurchmesser über 20 bis 25 cm, Ausführung bis zum Kronenansatz in zwei Schichten.;108,0;St;gaeb;leistungsbeschreibungen/1127 VE 247_LV_KG500_blanko 260807.x83
0008;Zulage zur Anbringung des Verdunstungsschutzes im Böschungsbereich von ca. 1:3;30,0;St;gaeb;leistungsbeschreibungen/1127 VE 247_LV_KG500_blanko 260807.x83
0009;Acer campestre (Feld-Ahorn) H 3xv mDb, StU. 18 bis 20 cm, liefern und einpflanzen.;3,0;St;gaeb;leistungsbeschreibungen/1127 VE 247_LV_KG500_blanko 260807.x83
0010;"Acer x freemanii ""Autumn Blaze"" (Herbst-Flammen-Ahorn) H 4xv mDb, StU. 20 bis 25 cm, liefern und einpflanzen.";5,0;St;gaeb;leistungsbeschreibungen/1127 VE 247_LV_KG500_blanko 260807.x83
0011;"Carpinus betulus ""Frans Fontaine"" (Hainbuche ""Frans Fontaine"") Sol 5xv mDb, StU. 20 bis 25 cm, liefern und einpflanzen.";7,0;St;gaeb;leistungsbeschreibungen/1127 VE 247_LV_KG500_blanko 260807.x83
0012;"Crataegus x lavallei ""Carrierei"" (Lederblättriger Weißdorn ""Carrierei"") H 4xv mDb, StU. 20 bis 25 cm, liefern und einpflanzen.";6,0;St;gaeb;leistungsbeschreibungen/1127 VE 247_LV_KG500_blanko 260807.x83
0013;"Crataegus x persimilis ""Splendens"" (Pflaumenblättriger Weißdorn ""Splendens"") H 4xv mDb, StU. 18 bis 20 cm, liefern und einpflanzen.";6,0;St;gaeb;leistungsbeschreibungen/1127 VE 247_LV_KG500_blanko 260807.x83
0014;Ginkgo biloba (Fächerblattbaum) H 4xv mDb, StU. 20 bis 25 cm, liefern und einpflanzen.;3,0;St;gaeb;leistungsbeschreibungen/1127 VE 247_LV_KG500_blanko 260807.x83
0015;Juglans regia (Echte Walnuss) H 4xv mDb, StU. 18 bis 20 cm, liefern und einpflanzen.;3,0;St;gaeb;leistungsbeschreibungen/1127 VE 247_LV_KG500_blanko 260807.x83
0016;Koelreuteria paniculata (Rispiger Blasenbaum) Sol Baum 4xv mDb, StU. 18 bis 20 cm, liefern und einpflanzen.;6,0;St;gaeb;leistungsbeschreibungen/1127 VE 247_LV_KG500_blanko 260807.x83
0017;"Liquidambar styraciflua ""Worplesdon"" (Amerikanischer Amberbaum ""Worplesdon"") H 4xv mDb, StU. 20 bis 25 cm, liefern und einpflanzen.";4,0;St;gaeb;leistungsbeschreibungen/1127 VE 247_LV_KG500_blanko 260807.x83
0018;Liriodendron tulipifera (Amerikanischer Tulpenbaum) H 4xv mDb, StU. 20 bis 25 cm, liefern und einpflanzen.;1,0;St;gaeb;leistungsbeschreibungen/1127 VE 247_LV_KG500_blanko 260807.x83
0019;"Malus ""Brandy Magic"" (Zierapfel ""Brandy Magic"") Sol 4xv mDb, h 150 bis 200 cm, liefern und einpflanzen.";6,0;St;gaeb;leistungsbeschreibungen/1127 VE 247_LV_KG500_blanko 260807.x83
0020;"Malus ""Evereste"" -R- (Zierapfel ""Evereste"" -R-) Sol 4xv mDb, h 150 bis 200 cm, liefern und einpflanzen.";5,0;St;gaeb;leistungsbeschreibungen/1127 VE 247_LV_KG500_blanko 260807.x83
0021;Malus domestica 'Cox Orangen Renette'- (Apfel 'Cox Orange') Sol 3xv mDb, h 150 bis 200 cm, liefern und einpflanzen.;4,0;St;gaeb;leistungsbeschreibungen/1127 VE 247_LV_KG500_blanko 260807.x83
0022;Mespilus germanica (Echte Mispel) H 4xv mDb, StU. 18 bis 20 cm, liefern und einpflanzen.;3,0;St;gaeb;leistungsbeschreibungen/1127 VE 247_LV_KG500_blanko 260807.x83
0023;Parrotia persica 'Vanessa' (Parrotie 'Vanessa') H 4xv mDb, StU. 18 bis 20 cm, liefern und einpflanzen.;4,0;St;gaeb;leistungsbeschreibungen/1127 VE 247_LV_KG500_blanko 260807.x83
0024;"Prunus avium ""Grosse Schwarze Knorpel"" (Gefüllt blühende Vogel-Kirsche) H 3xv mDb, StU. 18 bis 20 cm, liefern und einpflanzen.";1,0;St;gaeb;leistungsbeschreibungen/1127 VE 247_LV_KG500_blanko 260807.x83
0025;"Prunus avium ""Plena"" (Gefüllt blühende Vogel-Kirsche) H 3xv mDb, StU. 18 bis 20 cm, liefern und einpflanzen.";3,0;St;gaeb;leistungsbeschreibungen/1127 VE 247_LV_KG500_blanko 260807.x83
0026;"Prunus domestica ""Hauszwetsche"" (Pflaume) H 4xv mDb, StU. 18 bis 20 cm, liefern und einpflanzen.";1,0;St;gaeb;leistungsbeschreibungen/1127 VE 247_LV_KG500_blanko 260807.x83
0027;"Prunus domestica ""von Nancy"" (Mirabelle von Nancy) H 4xv mDb, StU. 18 bis 20 cm, liefern und einpflanzen.";1,0;St;gaeb;leistungsbeschreibungen/1127 VE 247_LV_KG500_blanko 260807.x83
0028;Prunus sargentii (Berg-Kirsche) H 3xv mDb, StU. 18 bis 20 cm, liefern und einpflanzen.;5,0;St;gaeb;leistungsbeschreibungen/1127 VE 247_LV_KG500_blanko 260807.x83
0029;Pyrus communis (Kultur-Birne) H 4xv mDb, StU. 18 bis 20 cm, Substrateigenschaft gemäß FLL-Empfehlungen für Baumpflanzungen - Teil 2, liefern und einpflanzen.;6,0;St;gaeb;leistungsbeschreibungen/1127 VE 247_LV_KG500_blanko 260807.x83
0030;Sophora japonica (Schnurbaum) H 4xv mDb, StU. 20 bis 25 cm, liefern und einpflanzen.;4,0;St;gaeb;leistungsbeschreibungen/1127 VE 247_LV_KG500_blanko 260807.x83
0031;"Sorbus aucuparia ""Edulis"" (Essbare Eberesche) H 3xv mDb, StU. 18 bis 20 cm, liefern und einpflanzen.";6,0;St;gaeb;leistungsbeschreibungen/1127 VE 247_LV_KG500_blanko 260807.x83
0032;Tilia cordata (Winter-Linde) H 3xv mDb, StU. 18 bis 20 cm,;2,0;St;gaeb;leistungsbeschreibungen/1127 VE 247_LV_KG500_blanko 260807.x83
0033;"Tilia tomentosa ""Brabant"" (Silber-Linde ""Brabant"") H 4xv mDb, StU. 20 bis 25 cm, liefern und einpflanzen.";8,0;St;gaeb;leistungsbeschreibungen/1127 VE 247_LV_KG500_blanko 260807.x83
0034;Ulmus 'Rebona' -S- RESISTA-R (Resista- Ulme 'Rebona' wurzelecht) H 3xv mDb, StU. 18 bis 20 cm, liefern und einpflanzen.;3,0;St;gaeb;leistungsbeschreibungen/1127 VE 247_LV_KG500_blanko 260807.x83
0035;"Zelkova serrata ""Green Vase"" (Japanische Zelkove ""Green Vase"") H 4xv mDb, StU. 20 bis 25 cm, liefern und einpflanzen.";2,0;St;gaeb;leistungsbeschreibungen/1127 VE 247_LV_KG500_blanko 260807.x83
0036;Amelanchier ovalis (Gewöhnliche Felsenbirne) Str 3xv mDb, h 80-100, liefern und einpflanzen.;12,0;St;gaeb;leistungsbeschreibungen/1127 VE 247_LV_KG500_blanko 260807.x83
0037;"Aronia melanocarpa ""Autumn Magic"" (Apfelbeere ""Viking"") Str 2xv C, h 40 bis 60 cm, liefern und einpflanzen.";53,0;St;gaeb;leistungsbeschreibungen/1127 VE 247_LV_KG500_blanko 260807.x83
0038;Berberis candidula (Schneeige Berberitze)  mB, h 15-20, liefern und einpflanzen.;58,0;St;gaeb;leistungsbeschreibungen/1127 VE 247_LV_KG500_blanko 260807.x83
0039;Berberis vulgaris (Gewöhnliche Berberitze)  Str 2xv C, h 40-60, liefern und einpflanzen.;10,0;St;gaeb;leistungsbeschreibungen/1127 VE 247_LV_KG500_blanko 260807.x83
0040;Berberis x stenophylla (Schmalblättrige Berberitze) C 3, h 30 bis 40 cm, liefern und einpflanzen.;45,0;St;gaeb;leistungsbeschreibungen/1127 VE 247_LV_KG500_blanko 260807.x83
0041;Cornus mas (Kornelkirsche) Str 2xv C, h- 40 bis 60 cm, liefern und einpflanzen.;15,0;St;gaeb;leistungsbeschreibungen/1127 VE 247_LV_KG500_blanko 260807.x83
0042;Corylus avellana (Gewöhnliche Hasel) Sol 2xv C, h- 60 bis 100 cm, liefern und einpflanzen.;35,0;St;gaeb;leistungsbeschreibungen/1127 VE 247_LV_KG500_blanko 260807.x83
0043;"Deutzia x hybrida ""Mont Rose"" (Rosen-Deutzie) Str 2xv C 3, h 40 bis 60 cm, liefern und einpflanzen.";65,0;St;gaeb;leistungsbeschreibungen/1127 VE 247_LV_KG500_blanko 260807.x83
0044;Kolkwitzia amabilis (Kolkwitzie) Str 2xv C 3, h 40 bis 60 cm, liefern und einpflanzen.;20,0;St;gaeb;leistungsbeschreibungen/1127 VE 247_LV_KG500_blanko 260807.x83
0045;"Ligustrum vulgare ""Atrovirens"" (Gewöhnlicher Liguster ""Atrovirens"") Str 2xv iCoco-Pot 4, h 60 bis 100 cm, liefern und einpflanzen.";105,0;St;gaeb;leistungsbeschreibungen/1127 VE 247_LV_KG500_blanko 260807.x83
0046;Philadelphus coronarius (Gewöhnlicher Pfeifenstrauch) Str 2xv C 3, h 60 bis 100 cm, liefern und einpflanzen.;23,0;St;gaeb;leistungsbeschreibungen/1127 VE 247_LV_KG500_blanko 260807.x83
0047;"Philadelphus ""Dame Blanche"" (Gartenjasmin ""Dame Blanche"") Str 2xv C 3, h 40 bis 60 cm, liefern und einpflanzen.";45,0;St;gaeb;leistungsbeschreibungen/1127 VE 247_LV_KG500_blanko 260807.x83
0048;Physocarpus opulifolius (Virginische Blasenspiere) Str 2xv C 3, h 60 bis 100 cm, liefern und einpflanzen.;20,0;St;gaeb;leistungsbeschreibungen/1127 VE 247_LV_KG500_blanko 260807.x83
0049;Ribes aureum (Gold-Johannisbeere) Str 2xv C 3, h 60 bis 100 cm, liefern und einpflanzen.;15,0;St;gaeb;leistungsbeschreibungen/1127 VE 247_LV_KG500_blanko 260807.x83
0050;Ribes x nidrigrolara (Schwarze Johannisbeere) C, h 40 bis 60 cm, liefern und einpflanzen.;15,0;St;gaeb;leistungsbeschreibungen/1127 VE 247_LV_KG500_blanko 260807.x83
0051;Ribes rubrum 'Detvan' (rote Johannisbeere) C, h 60 bis 100 cm, liefern und einpflanzen.;15,0;St;gaeb;leistungsbeschreibungen/1127 VE 247_LV_KG500_blanko 260807.x83
0052;Ribes uva-crispa 'Giggles Gold' (gelbe Stachelbeere) C, h 60 bis 100 cm, liefern und einpflanzen.;15,0;St;gaeb;leistungsbeschreibungen/1127 VE 247_LV_KG500_blanko 260807.x83
0053;Rosa corymbifera (Dornenlose Rose) wurzelecht, C, h- 30 bis 40 cm, liefern und einpflanzen.;7,0;St;gaeb;leistungsbeschreibungen/1127 VE 247_LV_KG500_blanko 260807.x83
0054;Rosa foetida (Kapuziner Rose) C, h 60 bis 100 cm, wurzelecht, liefern und einpflanzen.;10,0;St;gaeb;leistungsbeschreibungen/1127 VE 247_LV_KG500_blanko 260807.x83
0055;Rosa glauca (Hechtrose) C, h 60 bis 100 cm, wurzelecht, liefern und einpflanzen.;30,0;St;gaeb;leistungsbeschreibungen/1127 VE 247_LV_KG500_blanko 260807.x83
0056;Rosa rubiginosa wurzelecht, C, h- 60 bis 100 cm, liefern und einpflanzen.;15,0;St;gaeb;leistungsbeschreibungen/1127 VE 247_LV_KG500_blanko 260807.x83
0057;Rosa 'Schneewittchen' (Strauchrose 'Schneewittchen') wurzelecht, C, h- 30 bis 40 cm, liefern und einpflanzen.;100,0;St;gaeb;leistungsbeschreibungen/1127 VE 247_LV_KG500_blanko 260807.x83
0058;Rubus idaeus 'Glen Coe' (Himbeere) P 0,5, h 20 bis 30 cm, liefern und einpflanzen.;15,0;St;gaeb;leistungsbeschreibungen/1127 VE 247_LV_KG500_blanko 260807.x83
0059;Salix purpurea 'Nana' (Purpur-Weide) 2xv C3 h 30-40cm, liefern und einpflanzen.;261,0;St;gaeb;leistungsbeschreibungen/1127 VE 247_LV_KG500_blanko 260807.x83
0060;Sambucus nigra (Schwarzer Holunder) Str 2xv C 5 h 60 bis 100 cm, liefern und einpflanzen.;20,0;St;gaeb;leistungsbeschreibungen/1127 VE 247_LV_KG500_blanko 260807.x83
0061;"Spiraea japonica ""Albiflora"" (Japanischer Spierstrauch ""Albiflora"") 2xv mB, h 20 bis 30 cm, liefern und einpflanzen.";25,0;St;gaeb;leistungsbeschreibungen/1127 VE 247_LV_KG500_blanko 260807.x83
0062;Spiraea x arguta (Braut-Spierstrauch) Str 2xv C 3, h 40 bis 60 cm, liefern und einpflanzen.;128,0;St;gaeb;leistungsbeschreibungen/1127 VE 247_LV_KG500_blanko 260807.x83
0063;"Spiraea x cinerea ""Grefsheim"" (Aschgrauer Spierstrauch ""Grefsheim"") Str 2xv C 3, h 40 bis 60 cm, liefern und einpflanzen.";252,0;St;gaeb;leistungsbeschreibungen/1127 VE 247_LV_KG500_blanko 260807.x83
0064;"Spiraea nipponica ""Flächenfüller"" (Spierstrauch ""Snowmound"") Str 2xv C 3, h 40 bis 60 cm, liefern und einpflanzen.";20,0;St;gaeb;leistungsbeschreibungen/1127 VE 247_LV_KG500_blanko 260807.x83
0065;"Spiraea nipponica ""Snowmound"" (Spierstrauch ""Snowmound"") Str 2xv C 3, h 30 bis 40 cm, liefern und einpflanzen.";40,0;St;gaeb;leistungsbeschreibungen/1127 VE 247_LV_KG500_blanko 260807.x83
0066;Spiraea x vanhouttei (Belgischer Spierstrauch) Str 2xv C 3, h 60 bis 100 cm, liefern und einpflanzen.;40,0;St;gaeb;leistungsbeschreibungen/1127 VE 247_LV_KG500_blanko 260807.x83
0067;Fragaria vesca (Monatserdbeere) P 0,5, liefern und einpflanzen.;1800,0;St;gaeb;leistungsbeschreibungen/1127 VE 247_LV_KG500_blanko 260807.x83
0068;"Lonicera nitida ""Maigrün"" (Glänzende Heckenkirsche ""Maigrün"") Str 2xv C, h 20 bis 30 cm, liefern und einpflanzen.";3450,0;St;gaeb;leistungsbeschreibungen/1127 VE 247_LV_KG500_blanko 260807.x83
0069;Pachysandra terminalis (Japanischer Ysander) Bu 2xv P 3-4 Tr., liefern und einpflanzen.;800,0;St;gaeb;leistungsbeschreibungen/1127 VE 247_LV_KG500_blanko 260807.x83
0070;Rosa 'Fortuna' (Bodendeckerrose 'Fortuna') P 1,5, liefern und einpflanzen.;875,0;St;gaeb;leistungsbeschreibungen/1127 VE 247_LV_KG500_blanko 260807.x83
0071;"Spiraea japonica ""Little Princess"" (Japanischer Spierstrauch ""Little Princess"") 2xv C, h 15 bis 20 cm, liefern und einpflanzen.";575,0;St;gaeb;leistungsbeschreibungen/1127 VE 247_LV_KG500_blanko 260807.x83
0072;"Symphoricarpos x chenaultii ""Hancock"" (Bastard-Korallenbeere ""Hancock"") Str 2xv C 3, h 20 bis 30 cm, liefern und einpflanzen.";360,0;St;gaeb;leistungsbeschreibungen/1127 VE 247_LV_KG500_blanko 260807.x83
0073;Teucrium x lucidrys (Bastard-Gamander) P 0,5, liefern und einpflanzen.;1480,0;St;gaeb;leistungsbeschreibungen/1127 VE 247_LV_KG500_blanko 260807.x83
0074;Vaccium corymbosum 'Horblue Poppins' (Heidelbeere) C h 30-50cm, liefern und einpflanzen.;16,0;St;gaeb;leistungsbeschreibungen/1127 VE 247_LV_KG500_blanko 260807.x83
0075;"Weigela ""Minuet"" (Weigelie ""Minuet"") Str 2xv C 3, h 40 bis 60 cm, liefern und einpflanzen.";50,0;St;gaeb;leistungsbeschreibungen/1127 VE 247_LV_KG500_blanko 260807.x83
0076;Helictotrichon sempervirens (Blaustrahlhafer) P 0,5, liefern und einpflanzen.;120,0;St;gaeb;leistungsbeschreibungen/1127 VE 247_LV_KG500_blanko 260807.x83
0077;"Achillea Filipend.-Hybr.""Coronation Gold"" (Krönungs-Gold-Garbe) P 0,5, liefern und einpflanzen.";120,0;St;gaeb;leistungsbeschreibungen/1127 VE 247_LV_KG500_blanko 260807.x83
0078;"Aster x frikartii ""Wunder von Stäfa"" (Berg-Aster) P 0,5, liefern und einpflanzen.";65,0;St;gaeb;leistungsbeschreibungen/1127 VE 247_LV_KG500_blanko 260807.x83
0079;Anemone sylvestris (Großes Wald-Windröschen) P 0,5, liefern und einpflanzen.;180,0;St;gaeb;leistungsbeschreibungen/1127 VE 247_LV_KG500_blanko 260807.x83
0080;Aster linosyris (Goldhaar-Aster) P 0,5, liefern und einpflanzen.;180,0;St;gaeb;leistungsbeschreibungen/1127 VE 247_LV_KG500_blanko 260807.x83
0081;Calamintha nepeta ssp.nepeta (Steinquendel) P 0,5, liefern und einpflanzen.;235,0;St;gaeb;leistungsbeschreibungen/1127 VE 247_LV_KG500_blanko 260807.x83
0082;"Coreopsis verticillata ""Grandiflora"" (Mädchenauge) P 0,5, liefern und einpflanzen.";180,0;St;gaeb;leistungsbeschreibungen/1127 VE 247_LV_KG500_blanko 260807.x83
0083;Euphorbia epithoymoides 'Purpurea' (Braunrote Wiolfsmilch) P 0,5, liefern und einpflanzen.;180,0;St;gaeb;leistungsbeschreibungen/1127 VE 247_LV_KG500_blanko 260807.x83
0084;Sesleria autumnalis (Adria-Kopfgras) P 0,5, liefern und einpflanzen.;120,0;St;gaeb;leistungsbeschreibungen/1127 VE 247_LV_KG500_blanko 260807.x83
0085;"Potentilla recta 'Warrenii' (Fingerstrauch ""Warrenii"") P 1,0, liefern und einpflanzen.";185,0;St;gaeb;leistungsbeschreibungen/1127 VE 247_LV_KG500_blanko 260807.x83
0086;Campanula persiciflora (Pfirsichblättrige Glockenblume) P 0,5, liefern und einpflanzen.;120,0;St;gaeb;leistungsbeschreibungen/1127 VE 247_LV_KG500_blanko 260807.x83
0087;Alchemilla epipsila (Kahler Frauenmantel) P 0,5, liefern und einpflanzen.;550,0;St;gaeb;leistungsbeschreibungen/1127 VE 247_LV_KG500_blanko 260807.x83
0088;"Anaphalis triplinervis ""Silberregen"" (Perlkölbchen) P 0,5, liefern und einpflanzen.";430,0;St;gaeb;leistungsbeschreibungen/1127 VE 247_LV_KG500_blanko 260807.x83
0089;"Geranium sanguineum ""Album"" (Schnee-Storchschnabel) P 0,5, liefern und einpflanzen.";550,0;St;gaeb;leistungsbeschreibungen/1127 VE 247_LV_KG500_blanko 260807.x83
0090;Geranium renardii 'Philippe Vapelle' (Kaukasus-Storchschnabel) P 0,5, liefern und einpflanzen.;430,0;St;gaeb;leistungsbeschreibungen/1127 VE 247_LV_KG500_blanko 260807.x83
0091;Füllpflanze ansäen, Eschscholzia caespitosa 'Milk Maid' (Polster- Kappenmohn), Saatgutmenge 5g/100m2;585,0;m2;gaeb;leistungsbeschreibungen/1127 VE 247_LV_KG500_blanko 260807.x83
0092;Füllpflanze ansäen, Nigella damascena' (Jungfer im Grünen), Saatgutmenge 5g/100m2;585,0;m2;gaeb;leistungsbeschreibungen/1127 VE 247_LV_KG500_blanko 260807.x83
0093;Füllpflanze ansäen, Tagetes tenuifolia 'Lulu' (Studentenblume), Saatgutmenge 3g/100m2;585,0;m2;gaeb;leistungsbeschreibungen/1127 VE 247_LV_KG500_blanko 260807.x83
0094;"Stipa calamagrostis ""Algäu"" (Föngras, Ränkegras) P 0,5, liefern und einpflanzen.";60,0;St;gaeb;leistungsbeschreibungen/1127 VE 247_LV_KG500_blanko 260807.x83
0095;"Achillea Clypeolata-Hybr.""Moonshine"" (Goldquirl-Garbe) P 0,5, liefern und einpflanzen.";235,0;St;gaeb;leistungsbeschreibungen/1127 VE 247_LV_KG500_blanko 260807.x83
0096;"Hemerocallis Hybr.""Maikönigin"" (Garten-Taglilie) P 0,5, liefern und einpflanzen.";235,0;St;gaeb;leistungsbeschreibungen/1127 VE 247_LV_KG500_blanko 260807.x83
0097;"Centranthus ruber ""Coccineus"" (Spornblume) P 0,5, liefern und einpflanzen.";60,0;St;gaeb;leistungsbeschreibungen/1127 VE 247_LV_KG500_blanko 260807.x83
0098;Coreopsis palmata (Hohes Schönauge) P 0,5, liefern und einpflanzen.;295,0;St;gaeb;leistungsbeschreibungen/1127 VE 247_LV_KG500_blanko 260807.x83
0099;Anaphalis triplinervis (Perlpfötchen) P 0,5, liefern und einpflanzen.;440,0;St;gaeb;leistungsbeschreibungen/1127 VE 247_LV_KG500_blanko 260807.x83
0100;"Aster Dum.-Hybr.""Prof.Anton Kippenberg"" (Kissen-Aster) P 0,5, liefern und einpflanzen.";120,0;St;gaeb;leistungsbeschreibungen/1127 VE 247_LV_KG500_blanko 260807.x83
0101;"Aster Dum.-Hybr.""Schneekissen"" (Kissen-Aster) P 0,5, liefern und einpflanzen.";235,0;St;gaeb;leistungsbeschreibungen/1127 VE 247_LV_KG500_blanko 260807.x83
0102;"Salvia nemorosa ""Ostfriesland"" (Sommer-Garten-Salbei) P 0,5, liefern und einpflanzen.";440,0;St;gaeb;leistungsbeschreibungen/1127 VE 247_LV_KG500_blanko 260807.x83
0103;Catananche caerulea (Rasselblume) P 0,5, liefern und einpflanzen.;175,0;St;gaeb;leistungsbeschreibungen/1127 VE 247_LV_KG500_blanko 260807.x83
0104;Crocus flavus (Goldkrokus) Zwiebel/Knolle, liefern und einpflanzen.;1755,0;St;gaeb;leistungsbeschreibungen/1127 VE 247_LV_KG500_blanko 260807.x83
0105;"Crocus tommasinianus ""Ruby Giant"" Zwiebel/Knolle, liefern und einpflanzen.";1460,0;St;gaeb;leistungsbeschreibungen/1127 VE 247_LV_KG500_blanko 260807.x83
0106;"Ornithogalum umbellatum ""Dolden Milchstern"" Zwiebel/Knolle, liefern und einpflanzen.";1460,0;St;gaeb;leistungsbeschreibungen/1127 VE 247_LV_KG500_blanko 260807.x83
0107;Tulipa eichleri Zwiebel/Knolle, liefern und einpflanzen.;1170,0;St;gaeb;leistungsbeschreibungen/1127 VE 247_LV_KG500_blanko 260807.x83
0001;Rasen ansäen, Gebrauchsrasen, RSM 2.3 - Spielrasen -, Saatgutmenge 25 g/m2, Nachweis der Beschaffenheit durch Vorlage des Mischungsnummernbescheides.;3245,0;m2;gaeb;leistungsbeschreibungen/1127 VE 247_LV_KG500_blanko 260807.x83
0002;Zulage für Rasenansaat im Böschungsbereich von 1:5 bis zu 1:10;560,0;m2;gaeb;leistungsbeschreibungen/1127 VE 247_LV_KG500_blanko 260807.x83
0003;Rasen ansäen, Parkplatzrasen, RSM 5.1 Parkplatzrasen Variante 1 - ohne Einschränkungen, Saatgutmenge 25 g/m2, die Saatgutmischung ist mit Gräsersorten auszustatten, die in der RSM/FLL in die höchste Eignungsstufe eingeordnet sind, Nachweis der Beschaffenheit durch Vorlage des Mischungsnummernbeschei;625,0;m2;gaeb;leistungsbeschreibungen/1127 VE 247_LV_KG500_blanko 260807.x83
0001;Kronenschnitt an Hochstämmen (Jungbäume), Ausführung gem. ZTV Baum. Anfallendes Material laden und fachgerecht entsorgen.;108,0;St;gaeb;leistungsbeschreibungen/1127 VE 247_LV_KG500_blanko 260807.x83
0002;Zulage zur Kronenpflege (Jungbäume) im Böschungsbereich von ca. 1:3;30,0;St;gaeb;leistungsbeschreibungen/1127 VE 247_LV_KG500_blanko 260807.x83
0003;Hochstämme pflegen.Lockern der Pflanzscheiben, Tiefe ca. 5 cm,;648,0;St;gaeb;leistungsbeschreibungen/1127 VE 247_LV_KG500_blanko 260807.x83
0004;Zulage zu Hochstämme pflegen im Böschungsbereich von ca. 1:3;180,0;St;gaeb;leistungsbeschreibungen/1127 VE 247_LV_KG500_blanko 260807.x83
0005;Lockern der Pflanz- und Staudenfläche, Fläche von Unkraut, Steinen ab 5 cm Durchmesser und sonstigem Unrat säubern, Dauerunkräuter ausgraben. Abfall und Laub von der Fläche entfernen. Unerwünschten Aufwuchs abtrennen, lockere bzw. kranke Triebe abschneiden. Verankerung nachrichten. Bearbeitungstiefe;34260,0;m2;gaeb;leistungsbeschreibungen/1127 VE 247_LV_KG500_blanko 260807.x83
0006;Zulage zu Pflanzflächenlockerung im Böschungsbereich von 1:3 bis 1:6;18660,0;m2;gaeb;leistungsbeschreibungen/1127 VE 247_LV_KG500_blanko 260807.x83
0007;Mähen von Spiel- oder Gebrauchsrasen, Ausführung in Teilflächen, Schnittfolge nach Wuchshöhe, Schnitt mit Spindel- oder Kreiselmäher, Wuchshöhe ab;38940,0;m2;gaeb;leistungsbeschreibungen/1127 VE 247_LV_KG500_blanko 260807.x83
0008;Zulage zum Rasen mähen im Böschungsbereich von 1:5 bis 1:10;6720,0;m2;gaeb;leistungsbeschreibungen/1127 VE 247_LV_KG500_blanko 260807.x83
0009;Mähen von Schotterrasen, Ausführung in Teilflächen, Schnittfolge nach Wuchshöhe, Schnitt mit Spindel- oder Kreiselmäher, Wuchshöhe ab;5000,0;m2;gaeb;leistungsbeschreibungen/1127 VE 247_LV_KG500_blanko 260807.x83
0010;Wässern der Großgehölze, Mindestwassermenge je Arbeitsgang/St = 150 l;1620,0;St;gaeb;leistungsbeschreibungen/1127 VE 247_LV_KG500_blanko 260807.x83
0011;Wässern der Pflanz- und Staudenflächen, Mindestwassermenge je Arbeitsgang/m² 30 l,;34260,0;m2;gaeb;leistungsbeschreibungen/1127 VE 247_LV_KG500_blanko 260807.x83
0012;Wässern der Rasenflächen, Gebrauchsrasen, Wasser liefern, Mindestwassermenge je Arbeitsgang/m² 15 l.;38940,0;m2;gaeb;leistungsbeschreibungen/1127 VE 247_LV_KG500_blanko 260807.x83
0013;Wässern der Schotterrasenflächen, Parkplatzrasen, Wasser liefern, Mindestwassermenge je Arbeitsgang/m² 15 l.;7500,0;m2;gaeb;leistungsbeschreibungen/1127 VE 247_LV_KG500_blanko 260807.x83
0014;Düngen von Hochstämmen, Düngung gem. ZTV Baumpflege, Düngerart: mineralischer Dünger granuliert, NPK-Dünger mit Langzeit N-Anteil, Menge: 80g pro cm Stamm-Durchmesser;108,0;St;gaeb;leistungsbeschreibungen/1127 VE 247_LV_KG500_blanko 260807.x83
0015;Düngen der Pflanzflächen mit organisch-mineralischem Dünger mit Langzeitwirkung, Ausführung in zwei gekreuzten Durchgängen mit je der Hälfte der Düngermenge. Die Düngung erfolgt mit einer Wassergabe.;2010,0;m2;gaeb;leistungsbeschreibungen/1127 VE 247_LV_KG500_blanko 260807.x83
0016;Winterrückschnitt bei Stauden und Rosen vor Zwiebelaustrieb im Februar vornehmen. Zeitpunkt der Ausführung nach Absprache mit der Fachbauleitung. Der Zeitpunkt kann bei den einzelnen Stauden unterschiedlich sein.;1050,0;m2;gaeb;leistungsbeschreibungen/1127 VE 247_LV_KG500_blanko 260807.x83
0017;Säubern der Pflanz-, Stauden und Bodendeckerflächen, Laub entfernen,;5710,0;m2;gaeb;leistungsbeschreibungen/1127 VE 247_LV_KG500_blanko 260807.x83
0018;Zulage zur Säuberung der Pflanzflächen von Laub im Böschungsbereich von 1:3 bis 1:6;3110,0;m2;gaeb;leistungsbeschreibungen/1127 VE 247_LV_KG500_blanko 260807.x83
0019;Säubern der Fallschutzflächen, Laub entfernen,;3400,0;m2;gaeb;leistungsbeschreibungen/1127 VE 247_LV_KG500_blanko 260807.x83
0020;Säubern der Platz- und Wegeflächen, Laub von der Fläche entfernen, anfallende Stoffe beseitigen;29150,0;m2;gaeb;leistungsbeschreibungen/1127 VE 247_LV_KG500_blanko 260807.x83
0001;Boden für Baugrube ab Geländeoberfläche profilgerecht lösen, laden, fördern, lagern, Arbeiten mit Gerät, Förderweg bis 0,5 km, mit geböschten Wänden, Sohlenbreite über 2 bis 2,5 m, Sohlenlänge über 2 bis 2,5 m, Aushubtiefe bis 2,5 m,;10,0;St;gaeb;leistungsbeschreibungen/1127 VE 247_LV_KG500_blanko 260807.x83
0002;Boden der Gräben für Ver- und Entsorgungsleitungen, ab Geländeoberfläche, profilgerecht lösen, seitlich lagern, verfüllen, verdichten, Arbeiten mit Gerät, verdrängten Boden direkt laden, auf LKW des AN laden, die Entsorgung wird gesondert vergütet, Abfall ist nicht gefährlich, nicht schadstoffbelast;40,0;m3;gaeb;leistungsbeschreibungen/1127 VE 247_LV_KG500_blanko 260807.x83
0003;Boden der Gräben für Ver- und Entsorgungsleitungen, ab Geländeoberfläche, profilgerecht lösen, seitlich lagern, verfüllen, verdichten, Arbeiten mit Gerät, verdrängten Boden direkt laden, auf LKW des AN laden, die Entsorgung wird gesondert vergütet, Abfall ist nicht gefährlich, nicht schadstoffbelast;52,0;m3;gaeb;leistungsbeschreibungen/1127 VE 247_LV_KG500_blanko 260807.x83
0004;Boden der Gräben für Ver- und Entsorgungsleitungen, ab Geländeoberfläche, profilgerecht lösen, seitlich lagern, verfüllen, verdichten, Arbeiten mit Gerät, verdrängten Boden direkt laden, auf LKW des AN laden, die Entsorgung wird gesondert vergütet, Abfall ist nicht gefährlich, nicht schadstoffbelast;25,0;m3;gaeb;leistungsbeschreibungen/1127 VE 247_LV_KG500_blanko 260807.x83
0005;Boden der Gräben für Ver- und Entsorgungsleitungen, ab Geländeoberfläche, profilgerecht lösen, seitlich lagern, verfüllen, verdichten, Arbeiten mit Gerät, verdrängten Boden direkt laden, auf LKW des AN laden, die Entsorgung wird gesondert vergütet, Abfall ist nicht gefährlich, nicht schadstoffbelast;85,0;m3;gaeb;leistungsbeschreibungen/1127 VE 247_LV_KG500_blanko 260807.x83
0006;Boden der Gräben für Ver- und Entsorgungsleitungen, ab Geländeoberfläche, profilgerecht lösen, seitlich lagern, verfüllen, verdichten, Arbeiten mit Gerät, verdrängten Boden direkt laden, auf LKW des AN laden, die Entsorgung wird gesondert vergütet, Abfall ist nicht gefährlich, nicht schadstoffbelast;90,0;m3;gaeb;leistungsbeschreibungen/1127 VE 247_LV_KG500_blanko 260807.x83
0007;Boden der Gräben für Ver- und Entsorgungsleitungen, ab Geländeoberfläche, profilgerecht lösen, seitlich lagern, verfüllen, verdichten, Arbeiten mit Gerät, verdrängten Boden direkt laden, auf LKW des AN laden, die Entsorgung wird gesondert vergütet, Abfall ist nicht gefährlich, nicht schadstoffbelast;20,0;m3;gaeb;leistungsbeschreibungen/1127 VE 247_LV_KG500_blanko 260807.x83
0008;Regelausführung des Senkrechten Verbaus (Senkrechter Normverbau) DIN 4124 für Graben, herstellen und wieder rückbauen, Höhe über 1,75 bis 2 m, Breite der Sohle zwischen den Bekleidungen bis 1 m, Ausführung gemäß Einzelbeschreibung,;70,0;m;gaeb;leistungsbeschreibungen/1127 VE 247_LV_KG500_blanko 260807.x83
0009;Regelausführung des Senkrechten Verbaus (Senkrechter Normverbau) DIN 4124 für Graben, herstellen und wieder rückbauen, Höhe über 2 bis 2,5 m, Breite der Sohle zwischen den Bekleidungen bis 1 m, Ausführung gemäß Einzelbeschreibung,;15,0;m;gaeb;leistungsbeschreibungen/1127 VE 247_LV_KG500_blanko 260807.x83
0010;Zulage zur Vorposition;1,0;psch;gaeb;leistungsbeschreibungen/1127 VE 247_LV_KG500_blanko 260807.x83
0011;"Absturzsicherung für Baugrubenrand auf Verbau aufsetzen; in Teilflächen, Holzkonstruktion oder gleichwertig mit Handlauf, Knie- und Fußbett liefern, entsprechend den Arbeitsschutzbedingungen aufbauen, vorhalten, zurückbauen und verwerten oder entsorgen.";85,0;m;gaeb;leistungsbeschreibungen/1127 VE 247_LV_KG500_blanko 260807.x83
0012;Rohrbettung und Rohrummantlung für Rohrleitungen;60,0;m3;gaeb;leistungsbeschreibungen/1127 VE 247_LV_KG500_blanko 260807.x83
0013;Bauwerk profilgerecht hinterfüllen, einschl. Stoffe verdichten, Einbauhöhe bis 2,5 m, Boden, außerhalb der Baustelle gelagert, Förderweg bis 0,5 km, mit einer Bodengruppe, Bodengruppe 1 SU DIN 18196 (Sand-Schluff-Gemisch),;70,0;m3;gaeb;leistungsbeschreibungen/1127 VE 247_LV_KG500_blanko 260807.x83
0014;Repräsentative Haufwerksbeprobung gemäß den geltenden;1,0;St;gaeb;leistungsbeschreibungen/1127 VE 247_LV_KG500_blanko 260807.x83
0015;Repräsentative Haufwerksbeprobung gemäß den geltenden Vorschriften (PFAS- Leitfaden) zur Entsorgung von Aushubmaterialien, durchführen. Je 500 m³ Haufwerk ist 1 Mischprobe für die Probennahme und Abfalluntersuchung akkreditierten Labor entnehmen und untersuchen zu lassen. Durchführung einer Deklarat;1,0;St;gaeb;leistungsbeschreibungen/1127 VE 247_LV_KG500_blanko 260807.x83
0016;Böden der Verwertungsklasse VK 1 nach PFAS-Leitfaden und Materialwerte BM-0 nach EBV auf LKW laden und ordnungsgemäß entsorgen einschl. Transport bis zur Entsorgungsstelle nach Wahl des AN.;100,0;t;gaeb;leistungsbeschreibungen/1127 VE 247_LV_KG500_blanko 260807.x83
0017;Böden der Verwertungsklasse VK 2 nach PFAS-Leitfaden und Materialwerte BM-0 nach EBV auf LKW laden und ordnungsgemäß entsorgen einschl. Transport bis zur Entsorgungsstelle nach Wahl des AN.;60,0;t;gaeb;leistungsbeschreibungen/1127 VE 247_LV_KG500_blanko 260807.x83
0001;Prüfschacht DN 600 PS 1.5;1,0;St;gaeb;leistungsbeschreibungen/1127 VE 247_LV_KG500_blanko 260807.x83
0002;Prüfschacht DN 600 PS 1.6;1,0;St;gaeb;leistungsbeschreibungen/1127 VE 247_LV_KG500_blanko 260807.x83
0003;Prüfschacht DN 600 PS 2.0;1,0;St;gaeb;leistungsbeschreibungen/1127 VE 247_LV_KG500_blanko 260807.x83
0004;Prüfschacht DN 600 PS 2.1;1,0;St;gaeb;leistungsbeschreibungen/1127 VE 247_LV_KG500_blanko 260807.x83
0005;Prüfschacht DN 600 PS 4.0;1,0;St;gaeb;leistungsbeschreibungen/1127 VE 247_LV_KG500_blanko 260807.x83
0006;Prüfschacht DN 600 PS 4.1;1,0;St;gaeb;leistungsbeschreibungen/1127 VE 247_LV_KG500_blanko 260807.x83
0007;Prüfschacht DN 600 PS 4.2;1,0;St;gaeb;leistungsbeschreibungen/1127 VE 247_LV_KG500_blanko 260807.x83
0008;Rohrleitungen Schächte anschließen;7,0;St;gaeb;leistungsbeschreibungen/1127 VE 247_LV_KG500_blanko 260807.x83
0009;Kunststoffrohr PP-MD DN 100;80,0;m;gaeb;leistungsbeschreibungen/1127 VE 247_LV_KG500_blanko 260807.x83
0010;Kunststoffrohr PP-MD DN 125;10,0;m;gaeb;leistungsbeschreibungen/1127 VE 247_LV_KG500_blanko 260807.x83
0011;Kunststoffrohr PP-MD DN 150;10,0;m;gaeb;leistungsbeschreibungen/1127 VE 247_LV_KG500_blanko 260807.x83
0012;Kunststoffrohr PP-MD DN 200;5,0;m;gaeb;leistungsbeschreibungen/1127 VE 247_LV_KG500_blanko 260807.x83
0013;PP-MD Kunststoffrohr-Abzweig 45° DN 100 Abgang alle Dimensionen;3,0;St;gaeb;leistungsbeschreibungen/1127 VE 247_LV_KG500_blanko 260807.x83
0014;PP-MD Kunststoffrohr-Abzweig 45° DN 125 Abgang alle Dimensionen;2,0;St;gaeb;leistungsbeschreibungen/1127 VE 247_LV_KG500_blanko 260807.x83
0015;PP-MD Kunststoffrohr-Abzweig 45° DN 150 Abgang alle Dimensionen;2,0;St;gaeb;leistungsbeschreibungen/1127 VE 247_LV_KG500_blanko 260807.x83
0016;PP-MD Kunststoffrohr-Abzweig 45° DN 200 Abgang alle Dimensionen;2,0;St;gaeb;leistungsbeschreibungen/1127 VE 247_LV_KG500_blanko 260807.x83
0017;PP-MD Bogen DN 100, Winkelgrade bis 45°;45,0;St;gaeb;leistungsbeschreibungen/1127 VE 247_LV_KG500_blanko 260807.x83
0018;PP-MD Bogen DN 125, Winkelgrade bis 45°;5,0;St;gaeb;leistungsbeschreibungen/1127 VE 247_LV_KG500_blanko 260807.x83
0019;PP-MD Bogen DN 150, Winkelgrade bis 45°;5,0;St;gaeb;leistungsbeschreibungen/1127 VE 247_LV_KG500_blanko 260807.x83
0020;PP-MD Bogen DN 200, Winkelgrade bis 45°;2,0;St;gaeb;leistungsbeschreibungen/1127 VE 247_LV_KG500_blanko 260807.x83
0021;PP-MD Reduzierstück DN 125;5,0;St;gaeb;leistungsbeschreibungen/1127 VE 247_LV_KG500_blanko 260807.x83
0022;PP-MD Reduzierstück DN 150;5,0;St;gaeb;leistungsbeschreibungen/1127 VE 247_LV_KG500_blanko 260807.x83
0023;PP-MD Reduzierstück DN 200;5,0;St;gaeb;leistungsbeschreibungen/1127 VE 247_LV_KG500_blanko 260807.x83
0024;PP-MD Reduzierstück DN 250;5,0;St;gaeb;leistungsbeschreibungen/1127 VE 247_LV_KG500_blanko 260807.x83
0025;Dichtheitsprüfung DIN EN 1610;1,0;St;gaeb;leistungsbeschreibungen/1127 VE 247_LV_KG500_blanko 260807.x83
0026;Dichtheitsprüfung DIN EN 1610;10,0;St;gaeb;leistungsbeschreibungen/1127 VE 247_LV_KG500_blanko 260807.x83
0001;Beton- Ringschacht Schmutzwasser DN 1500 - 8.6;1,0;St;gaeb;leistungsbeschreibungen/1127 VE 247_LV_KG500_blanko 260807.x83
0002;Beton- Ringschacht Schmutzwasser DN 1500 - 8.7;1,0;St;gaeb;leistungsbeschreibungen/1127 VE 247_LV_KG500_blanko 260807.x83
0003;Beton- Ringschacht Schmutzwasser DN 1500 - 8.8;1,0;St;gaeb;leistungsbeschreibungen/1127 VE 247_LV_KG500_blanko 260807.x83
0004;Beton- Schachtring DN 1500, H= 0,5 m;6,0;St;gaeb;leistungsbeschreibungen/1127 VE 247_LV_KG500_blanko 260807.x83
0005;Beton- Schachtring DN 1500, H= 0,25 m;9,0;St;gaeb;leistungsbeschreibungen/1127 VE 247_LV_KG500_blanko 260807.x83
0006;Beton Auflagerring DN 625, H= 40 mm;6,0;St;gaeb;leistungsbeschreibungen/1127 VE 247_LV_KG500_blanko 260807.x83
0007;Beton Auflagerring DN 625, H= 60 mm;6,0;St;gaeb;leistungsbeschreibungen/1127 VE 247_LV_KG500_blanko 260807.x83
0008;Beton Auflagerring DN 625, H= 100 mm;6,0;St;gaeb;leistungsbeschreibungen/1127 VE 247_LV_KG500_blanko 260807.x83
0009;Beton Auflagerring DN 1500, H= 60 mm;6,0;St;gaeb;leistungsbeschreibungen/1127 VE 247_LV_KG500_blanko 260807.x83
0010;Beton Auflagerring DN 1500, H= 80 mm;6,0;St;gaeb;leistungsbeschreibungen/1127 VE 247_LV_KG500_blanko 260807.x83
0011;Rohrleitungen an neue Schächte anschließen;4,0;St;gaeb;leistungsbeschreibungen/1127 VE 247_LV_KG500_blanko 260807.x83
0012;Kunststoffrohr PP-MD DN 200;40,0;m;gaeb;leistungsbeschreibungen/1127 VE 247_LV_KG500_blanko 260807.x83
0013;PP-MD Kunststoffrohr-Abzweig 45° DN 200 Abgang alle Dimensionen;2,0;St;gaeb;leistungsbeschreibungen/1127 VE 247_LV_KG500_blanko 260807.x83
0014;PP-MD Bogen DN 200, Winkelgrade bis 45°;6,0;St;gaeb;leistungsbeschreibungen/1127 VE 247_LV_KG500_blanko 260807.x83
0015;PP-MD Reduzierstück DN 200;1,0;St;gaeb;leistungsbeschreibungen/1127 VE 247_LV_KG500_blanko 260807.x83
0016;Dichtheitsprüfung DIN EN 1610;1,0;St;gaeb;leistungsbeschreibungen/1127 VE 247_LV_KG500_blanko 260807.x83
0017;Dichtheitsprüfung DIN EN 1610;20,0;St;gaeb;leistungsbeschreibungen/1127 VE 247_LV_KG500_blanko 260807.x83
