Firma;Niederlassungen;IT_Gewinne;aktive_Jahre;letzter_Gewinn;Summe_Wert_EUR;Median_Wert_EUR;ARGE_Gewinne;Ort;PLZ;Email;Web
VISUNEXTGROUP;8;50;7;2026-06-23;15087171.0;274562.0;1;Emsdetten;48282;tender@visunextgroup.com;http://www.visunext.de
GLASFASERPLUS;8;50;4;2026-06-19;458342992.0;3656023.0;0;Köln;51063;christian.beiderbeck@telekom.de;https://glasfaserplus.de/
DELTACOMPUTER;1;50;10;2026-06-04;17774475.0;306688.0;0;Reinbek;21465;sales@delta.de;http://delta.de
TRANS4MATION;2;50;8;2025-12-19;86440117.0;1546282.0;4;Dresden;01309;bidmanagement@trans4mation.de;
OPENTEXT;3;49;10;2026-06-19;8803084.0;509642.0;0;Grasbrunn;85630;thomasbb@opentext.com;https://hzd.hessen.de
NETCOM-BW;1;49;11;2026-04-10;1004053194.0;3663776.0;0;Ellwangen;73479;breitband@netcom-bw.de;http://netcom-bw.de
VIRTUAL7;1;49;10;2026-02-24;175822634.0;3729810.0;3;Karlsruhe;76227;sales@virtual7.de;http://virtual7.de
Marketing Service Magdeburg KG;1;48;11;2026-05-19;99180739.0;583111.0;0;Magdeburg;39104;michael.dauksch@biberpost.de;
Swiss IT Security Deutschland GmbH;3;48;7;2026-02-27;953483068.0;12559960.0;33;Wiesbaden;65187;ausschreibungen@sits-d.de;
D-FINE;1;47;10;2026-06-23;6292859935.0;7000000.0;2;Frankfurt am Main;60313;tenders@d-fine.de;https://www.d-fine.com/
RAIDMEDIA;3;47;11;2026-06-22;14363222.0;271430.0;0;Thalheim;09380;vertrieb@raidmedia.com;https://www.raidmedia.com
ACSGROUP;6;47;6;2026-05-18;13211745.0;249473.0;0;Ottobrunn;85521;ausschreibung@acsgroup.de;http://www.acsgroup.de
BFE;1;47;11;2026-05-07;24850805.0;541260.0;0;Mainz;55124;Eingang_Proab@bfe.tv;http://bfe.tv
ARRIVA-SERVICE;1;47;10;2026-03-23;63230640.0;931275.0;0;Singen;78224;Ausschreibung@arriva-service.de;
BTC Business Technology Consulting AG;1;47;10;2026-03-09;66311320.0;1933257.0;3;Oldenburg;26121;vertrieb-energie@btc-ag.com;https://www.vertrieb@btc-ag.com
JURIS;1;46;10;2026-06-26;30825797.0;759219.0;0;Saarbrücken;66121;ausschreibungen@juris.de;https://www.juris.de
ALLPREMIO;1;46;7;2026-06-02;21460431.0;215000.0;1;Düsseldorf;40549;ausschreibung@allpremio.de;http://www.allpremio.de
NTTDATA;3;46;10;2026-04-24;7570086906.0;22100000.0;121;BRUXELLES;1000;belgium.ecmu@nttdata.com;https://de.nttdata.com/
SYSTEMA-ONLINE;1;45;11;2026-06-18;65685077.0;315765.0;2;Potsdam;14482;ausschreibungen@systema-online.de;http://www.systema-online.de
SECUNET;3;45;10;2026-04-16;250129216.0;415520.0;2;Essen;45138;beispiel@secunet.de;
IGEPAGROUP;3;45;9;2025-12-16;22253068.0;396726.0;0;Dieburg;64807;rfischer@igepagroup.com;http://www.igepa.de
PRINTION;1;45;8;2023-12-01;43071857.0;393503.0;0;Griesheim;64347;vergabe@printion.de;
MKD-KURIER;1;44;8;2026-06-22;366000.0;366000.0;0;Düren;52355;w.menzel@mkd-kurier.de;http://www.mkd-kurier.de
BECK;3;44;8;2026-03-26;31715312.0;819738.0;1;München;80801;Rainer.Hohdorf@beck.de;www.saarland.de/
POLAVIS;9;44;4;2025-12-30;2057336.0;232276.0;0;Berlin;10117;bid.management@polavis.de;https://www.polavis.de/
OPTIMAL-SYSTEMS;9;43;10;2026-03-30;11197187.0;316112.0;0;Hannover;30179;ausschreibungen@optimal-systems.de;http://www.optimal-systems.de
MEDIA Logistik GmbH;1;43;11;2026-01-22;24879067.0;785672.0;0;Dresden;01129;m.stenzel@media-logistik.de;
TOP-ITSERVICES;1;43;9;2025-12-20;13333355.0;377500.0;6;Unterhaching;82008;Ausschreibungen@top-itservices.com;http://www.top.itservices.com
HORN-GMBH;1;43;10;2025-09-30;86304635.0;718553.0;0;Stutensee;76297;vergabemanagement@horn-gmbh.com;http://horn-gmbh.com
SCHEER-GROUP;1;42;10;2026-06-24;49963338.0;864000.0;1;Saarbrücken;66123;info@scheer-group.com;http://scheer-management.com/
EUROFUNK;5;42;11;2026-06-02;45532239.0;1004167.0;0;Ainring;83404;ainring@eurofunk.com;https://www.eurofunk.com
H & G Hansen & Gieraths EDV Vertriebsgesellschaft mbH.;1;42;8;2026-06-01;36153301.0;745902.0;2;Bonn;53111;bid@hug.de;https://www.hug.de
DELOITTE;3;42;8;2026-04-24;377706690.0;1142450.0;4;ZAVENTEM;1930;pcoe_oneeu@deloitte.com;https://www2.deloitte.com/de/de.html
FREQUENTIS;2;42;10;2026-01-07;634829785.0;899682.0;0;Wien;1100;bieterportal-alt@deutschebahn.com;http://frequentis.com
MCI;2;42;9;2025-11-25;111812010.0;4000000.0;0;Hamburg;22045;info@mci.de;http://www.mci.de
KUPPER-IT;1;41;10;2026-06-01;51943694.0;457231.0;0;Leipzig;04103;mandy.ulrich@kupper-it.com;
PWC;8;41;10;2026-05-19;96506618.0;1169581.0;0;Diegem;1831;nicolas.loozen@pwc.com;https://www.pwc.de
CLOUDFERRO;2;41;2;2025-10-28;7176656882.0;56000000.0;0;Warschau;PL-00-511;info@cloudferro.com;https://www.cloudferro.com
VS Vereinigte Spezialmöbelfabriken GmbH & Co. KG.;1;41;9;2025-07-29;93139320.0;500000.0;0;Tauberbischofsheim;97941;ausschreibung@vs-moebel.de;http://www.vs.de
B1-SYSTEMS;1;40;8;2026-06-22;46715694.0;365029.0;0;Vohburg;85088;subskriptionen@b1-systems.de;http://www.b1-systems.de
AKQUINET;4;40;10;2026-03-23;22669978.0;1084920.0;5;Norderstedt;22850;ausschreibung@akquinet.de;https://akquinet.com/
MICROSTAXX;3;40;10;2026-01-31;36776139.0;1018424.0;2;München;81543;ausschreibung@microstaxx.de;http://www.microstaxx.de/
PHILIPS;5;40;7;2025-12-19;14825914.0;1243140.0;1;Hamburg;22335;info_ausschreibung@philips.com;
AIRITSYSTEMS;1;40;9;2025-11-11;24893242.0;443466.0;0;Langenhagen;30855;info@airitsystems.de;https://www.airitsystems.de
Enterprise Communications & Services GmbH;1;40;8;2025-04-07;5896841.0;256075.0;0;Leipzig;04159;info@ecs-deutschland.de;
SHD System-Haus-Dresden GmbH;1;39;9;2026-06-16;55254075.0;524331.0;0;Dresden;01159;ausschreibungen@shd-online.de;http://www.shd-online.de
KOMSA;5;39;9;2026-06-10;7440534.0;461853.0;0;Hartmannsdorf;09232;bid@komsa.de;
NETCONNECT-GMBH;1;39;5;2026-05-26;;;0;Hamburg;22399;info@netconnect-gmbh.de;https://netconnect-gmbh.de/
TISPARKLE;2;39;1;2025-02-03;7176000000.0;63000000.0;0;Roma;00125 Roma;info@tisparkle.com;https://www.tisparkle.com
VSHN;1;39;2;2025-02-03;6546000000.0;56000000.0;0;Zürich;8005 Zürich;info@vshn.ch;https://www.vshn.ch
IVU;1;38;10;2026-06-25;501136937.0;1076290.0;0;Berlin;12161;bid-management@ivu.de;www.ivu.de
SAG Deutschland GmbH;1;38;10;2026-01-14;19464794.0;379280.0;0;Darmstadt;64297;Info@softwareag.com;http://softwareag.com
Q-PERIOR;1;38;9;2024-07-23;539634450.0;3354775.0;5;München;80802;ausschreibungen@q-perior.com;
PICO-ENGINEERING;1;37;9;2026-06-22;208074948.0;3198000.0;4;Isernhagen;30916;ausschreibungen@pico-engineering.de;
Hugo Hamann GmbH & Co. KG;1;37;10;2026-06-16;28278671.0;525231.0;1;Kiel;24105;medientechnik@buerokompetenz.de;http://www.buerokompetenz.de
CONTERRA;8;37;11;2026-04-20;45132810.0;772268.0;2;Münster;48155;tenders@conterra.de;https://www.conterra.de
SANDATA;2;37;9;2026-03-17;216612913.0;404799.0;0;Nürnberg;90411;p.bartonik@sandata.de;
DXC;1;37;9;2026-01-14;14776455147.0;598000000.0;3;Eschborn;65760;vergabe@dxc.com;https://dxc.com/de
pd.MEDIENLOGISTIK GmbH;1;37;10;2025-12-02;59046080.0;700000.0;0;Augsburg;86167;keyaccount@lmf-postservice.de;
COMPADOR;1;37;10;2025-11-11;92724608.0;814940.0;0;Berlin;14057;ausschreibungen@compador.de;
ROLA;1;37;10;2025-10-13;22277470.0;373500.0;0;Oberhausen;46047;vertrieb@rola.com;http://www.rola.com
Best Practice Consulting AG & Co. KG;1;36;9;2026-06-15;33625077.0;2020208.0;1;Münster;48155;ausschreibungen@bpc.ag;http://www.bpc.ag
BWPOST;3;36;11;2026-03-23;106904766.0;3511104.0;1;Stuttgart;70567;n.maier@bwpost.de;http://www.bwpost.net
KAUTBULLINGER;5;36;10;2025-12-23;6746744.0;355594.0;0;Taufkirchen;82024;angebotswesen@kautbullinger.de;http://www.kautbullinger.de
CERNER;2;36;9;2025-10-28;402026557.0;1372800.0;2;Berlin;13629;ausschreibungen_de@oracle.com;https://www.cerner.com/
Ernst & Young GmbH Wirtschaftsprüfungsgesellschaft;1;36;7;2024-05-24;10806275.0;1215128.0;1;Hamburg;20148;info@de.ey.com;
STEEP;1;36;6;2023-12-19;450815.0;225408.0;0;Bonn;53121;cara.weiland@steep.de;
FABASOFT;1;35;10;2026-04-10;35387895.0;182350.0;0;Frankfurt am Main;60549;pmo@fabasoft.com;
X-TENTION;2;35;7;2026-02-25;18785725.0;1011675.0;0;Wels;4600;ausschreibung@x-tention.at;http://www.x-tention.at
PIK;1;35;7;2025-12-08;16285502.0;469454.0;0;Berlin;12105;vertrieb@pik.de;https://pik.de
BRIEFUNDMEHR;1;35;7;2022-11-22;129512342.0;629253.0;0;Münster;48155;ausschreibung@briefundmehr.de;
PricewaterhouseCoopers GmbH Wirtschaftsprüfungsgesellschaft;1;34;8;2026-06-23;152046100.0;1000000.0;2;Frankfurt am Main;60327;de_zentrale-pwc-wpg@pwc.com;http://pwc.com
CCP Software GmbH;1;34;11;2026-05-18;36300951.0;583409.0;1;Marburg;35037;dtheiss@ccpsoft.de;http://www.ccpsoft.de
PROSOZ;9;34;10;2026-03-16;17279844.0;368902.0;0;Herten;45699;ausschreibungen@prosoz.de;http://www.prosoz.de
DATEC-GMBH;4;34;10;2026-02-17;23715710.0;698404.0;0;Heinsdorfergrund;08468;ausschreibung@datec-gmbh.de;
SPEEDPOINT;1;34;9;2026-01-28;41172808.0;592264.0;0;Darmstadt;64295;info@speedpoint.de;
Lur SL GmbH;6;33;6;2026-06-10;7204470.0;232966.0;1;Leuterod;56244;l.reutelsterz@lursl.de;http://www.google.de
OVOL;6;33;3;2026-05-19;29926419.0;798496.0;0;Karlsruhe;76189;ausschreibungen.public@ovol.de;http://www.ovol.de
IT-HAUS;3;33;10;2026-04-27;35464546.0;512350.0;0;Föhren;54343;menthofer@it-haus.com;http://it-haus.com
KERNDRUCK;1;33;11;2026-03-26;10598205.0;750914.0;0;Bensheim;64625;info.germany@kernworld.com;http://www.kerngmbh.de
NORTAL;2;33;8;2026-01-07;51370126.0;1004022.0;3;Berlin;10719;ausschreibung@nortal.com;https://nortal.com/de/
Kassenärztliche Vereinigung Nordrhein;1;32;4;2026-06-01;5664477.0;360000.0;0;Dresden;01069;gross@hirschen.de;http://www.zeiss.com/digital-innovation
INDASYS;1;32;9;2026-05-18;7734514.0;285597.0;0;Stuttgart;70499;vertrieb@indasys.de;http://www.indasys.de
COLT;1;32;11;2026-04-22;155434298.0;1318158.0;0;Frankfurt am Main;60322;stephan.becker@colt.net;https://www.colt.net/de/
MEIERHOFER;1;32;6;2026-04-11;1055525.0;47820.0;0;München;81829;info@meierhofer.com;https://www.meierhofer.com/
DUBRAU-GMBH;1;32;9;2025-02-18;19080060.0;378569.0;2;Jeßnitz;06800;birgit.gessner@dubrau-gmbh.de;
CONNECTCOM;2;32;7;2022-08-03;242858805.0;1318904.0;0;Nürtingen;72622;info@connectcom.de;
SCITECH-GMBH;1;31;9;2026-06-02;23514805.0;717800.0;0;Hennigsdorf;16761;office@scitech-gmbh.de;www.https://www.scitech-gmbh.de/
KRELLER-GMBH;1;31;9;2026-05-22;19586283.0;468000.0;0;Augustusburg;09573;c.wild@kreller-gmbh.de;https://kreller.de
CITIPOST-NORDWEST;1;31;10;2026-04-27;88770304.0;729066.0;0;Oldenburg;26125;info@citipost-nordwest.de;
DAMOVO;1;31;9;2026-03-30;41969057.0;119306.0;2;Ismaning;85737;DE.MB.RFP.Germany@damovo.com;
IDV UG (haftungsbeschränkt);1;31;7;2026-02-24;139156338.0;6880800.0;1;München;80339;projects@idv-ag.de;http://www.idv-ag.de
ASKNET;7;31;8;2025-12-08;13725062.0;400000.0;0;Karlsruhe;76131;volker.markert@asknet.de;http://www.asknet.de
ZEHNBAUER-IT;1;30;8;2026-06-23;8229771.0;266678.0;0;Mannheim;68309;info@zehnbauer-it.de;http://www.zehnbauer-it.de
OFFICEXPRESS;1;30;8;2026-06-16;6474320.0;384507.0;0;Kamp-Lintfort;47475;andreas.wilms@officexpress.de;http://www.officexpress.de
MATHWORKS;3;30;11;2026-04-01;42396879.0;416232.0;0;München;81673;info@mathworks.de;
MOTOROLASOLUTIONS;3;30;9;2026-03-23;76229913.0;881946.0;0;Berlin;10785;k.drossel@motorolasolutions.com;
GARTNER;1;30;8;2025-12-17;7140625.0;636624.0;0;München;81829;Basak.Akbayir@gartner.com;www.gartner.de
GK Nachrichtentechnik GmbH;1;30;6;2025-12-08;699831.0;93843.0;0;Haarbach;D-94542;brandl@gk-datentechnik.de;
SWS;1;30;8;2023-07-11;11676447.0;343007.0;0;Regensburg;93059;vertrieb@sws.de;
NECDIS;2;30;5;2023-03-20;30178515.0;536867.0;0;Kleinostheim;63801;ausschreibung@necdis.de;
DRUCKERFACHMANN;1;29;10;2026-06-16;27644219.0;1208145.0;1;Berlin;12524;kundenservicekundenservice@druckerfachmann.de;https://www.druckerfachmann.de
PIN GmbH;1;29;8;2026-05-19;43532721.0;1103344.0;0;Berlin;10559;ausschreibungen@pin-ag.de;http://www.pin-ag.de
PDV;3;29;10;2026-04-29;7487121.0;295008.0;0;Erfurt;99097;info@pdv.de;https://www.pdv.de/
operational services GmbH & Co. KG;1;29;9;2026-04-23;22488451.0;3500000.0;1;Frankfurt am Main;60549;gisbert.edelmann@o-s.de;http://www.o-s.de
DCON;2;29;7;2025-12-02;2640000.0;2640000.0;0;Kaiserslautern;67657;presales@dcon.de;www.dcon.de
VALANTIC;10;28;9;2026-04-08;3178467.0;398446.0;0;Tägerwilen;8274;info@valantic.com;https://www.valantic.com/de/sap-services/
URANO;2;28;9;2026-03-11;277380584.0;2128896.0;0;Bad Kreuznach;55543;ausschreibung@urano.de;
McWERK GmbH;3;28;5;2025-12-08;15885457.0;325842.0;0;Wien;1040;michael.doeltl@acp.at;
IETHOLT;2;28;8;2025-10-21;11904851.0;515452.0;0;Velen;46342;c.schlattmann@wietholt.de;http://wietholt.de
Tusk GmbH;1;27;7;2026-04-09;39861886.0;2056300.0;0;Backnang;71522;simon.schreiber@telent.de;https://www.telent.de/de/
KIEBACK-PETER;2;27;11;2026-04-07;6018072.0;164249.0;0;Rostock;18107;e-vergabe@kieback-peter.de;
KST-MOSCHKAU;2;27;7;2026-03-17;9911454.0;346973.0;0;Düren-Stockheim;52372;markus.schneidersmann@kst-moschkau.de;
RECARESOLUTIONS;4;27;5;2025-12-30;2637840.0;224799.0;0;Berlin;10557;bid.management@recaresolutions.com;http://recaresolutions.com
IFMB-INSTITUT;2;27;2;2022-07-01;8292352.0;219972.0;3;Tutzing;82327;ausschreibung@ifmb-institut.de;
MICROFOCUS;7;26;10;2026-06-23;2961264.0;1289825.0;0;Mannheim;68161;michael.pawlak@microfocus.com;
INFODAS;5;26;10;2026-06-08;4539757.0;834800.0;3;Köln;50765;vertrieb@infodas.de;
CITIPOST;1;26;11;2026-05-18;161320893.0;5153409.0;0;Hannover;30179;b.pickert@citipost.de;http://www.citipost.de
AOK Systems GmbH;1;26;6;2026-04-20;1428912.0;580800.0;0;Bonn;53177;;
SAMEDI;1;26;8;2026-04-16;842636.0;215001.0;0;Berlin;10247;ausschreibung@samedi.de;www.samedi.com
STREIT;2;26;10;2026-01-23;7685398.0;349437.0;0;Gengenbach;77723;Ausschreibungen@streit.de;https://www.streit.de/
CITIPOST-OWL;2;26;9;2026-01-20;179237059.0;805936.0;0;Bielefeld;33689;ausschreibungen@citipost-owl.de;https://citipost-owl.de/
ISFORT;1;26;6;2025-12-12;62176738.0;3813535.0;0;Münster;48161;olaf.isfort@isfort.ms;http://www.isfort.ms
SETCOR;1;26;1;2025-02-03;3808000000.0;55000000.0;0;Jastrebarsko;10450 Jastrebarsko;info@setcor.com;https://www.setcor.com
BELLGARDT;3;26;6;2024-08-02;14206498.0;389780.0;0;Meckenbeuren;88074;v.ford@bellgardt.de;
AVENCY;1;25;9;2026-06-10;4830996.0;258595.0;0;Ostbevern;48346;nihat.erk@avency.de;https://www.avency.de/
Dräger Medical Deutschland GmbH;1;25;8;2026-06-08;15011479.0;582958.0;1;Lübeck;23558;ausschreibungen@draeger.com;http://www.draeger.com
SCOPELAND;1;25;10;2026-06-03;2801189.0;357000.0;0;Berlin;13469;sales@shodan.de;https://www.scopeland.de/
GlasfaserPlus GmbH;9;25;2;2026-05-28;62128632.0;2006535.0;0;Köln;51063;markus.sand@telekom.de;https://www.regierung.oberbayern.bayern.de/ueber_uns/zentralezustaendigkeiten/vergabekammer-suedbayern/index.html
BECHTLE-COMSOFT;1;25;9;2026-05-26;52771329.0;477680.0;0;Neckarsulm;74172;ausschreibungen@bechtle-comsoft.de;http://www.https://www.bechtle.com
SINUS-NT;1;25;9;2026-05-04;22763689.0;824781.0;0;Barsbüttel;22885;ausschreibungen@sinus-nt.de;http://www.sinus-nt.de
Vision Consulting GmbH & Co.KG;1;25;10;2026-04-13;80769955.0;788480.0;0;Berlin;10117;vertrieb@vc-g.de;
ITS-TECHNIDATA;1;25;8;2026-03-30;24596877.0;300000.0;0;Markdorf;88677;vertrieb@its-technidata.de;
LUMINO;3;25;10;2026-02-10;8285541.0;694926.0;0;Krefeld;47807;mfullert@lumino.de;http://www.lumino.de
PRIMELINE;1;25;5;2025-12-15;5595760.0;220385.0;0;Bad Oeynhausen;32549;vertrieb@primeline.org;
NTTCABLE;6;25;8;2025-07-18;46160709.0;183617.0;0;Idstein;65510;tender@nttcable.com;http://www.nttcable.com
KRAMERUNDCREW;1;24;8;2026-06-23;9191355.0;416750.0;0;Köln;50933;vgerecke@kramerundcrew.de;http://kramerundcrew.de
HERZUM;5;24;5;2026-06-02;6089990.0;475494.0;0;Rende (CS);87036;sales.italy@herzum.com;http://italia.herzum.com
IABG;3;24;10;2026-05-21;23255348.0;2687976.0;0;Ottobrunn;85521;info@iabg.de;
ICM GmbH;1;24;10;2026-05-12;27355213.0;675754.0;0;Hamburg;22419;vertrieb@mcs.de;
MACH;1;24;11;2026-03-20;35329077.0;436306.0;0;Lübeck;23558;MAILBOX@MACH.DE;
ULTRA;7;24;9;2026-01-23;17795190.0;1710552.0;1;Solingen;42699;info@ultra.de;
ISEC7;1;24;9;2025-12-11;3162676.0;295906.0;0;Hamburg;21079;sales@isec7.com;http://isec7.com
ECOMPANY;1;24;9;2025-12-11;20887380.0;274772.0;0;Berlin;14052;ausschreibungen@ecompany.ag;http://www.ecompany.ag
iMDsoft GmbH;1;24;6;2025-02-10;4067500.0;714861.0;1;Düsseldorf;40549;sales-de@imd-soft.com;https://www.imd-softde.de/
SDEV;1;24;3;2023-06-11;680800.0;340400.0;0;Niederkassel;53859;mbuecher@sdev.de;
HISOLUTIONS;1;23;8;2026-06-22;328046400.0;22200000.0;9;Berlin;12163;ausschreibungen@hisolutions.com;http://www.hisolutions.com
RIBBEX;6;23;9;2026-06-16;6498547.0;532000.0;0;Wesseling;50389;ausschreibung@ribbex.de;http://www.ribbex.de
EY Consulting GmbH;6;23;3;2026-06-02;1512281.0;1512281.0;2;Eschborn;65760;marc.schuetz@de.ey.com;http://www.ey.com
AVODAQ;1;23;9;2026-05-18;30536880.0;840000.0;0;Hamburg;20097;Dummy-eMail-eVergabe@fb.hamburg.de;http://avodaq.com
ITISO;1;23;9;2026-03-24;33025131.0;692288.0;0;Hamburg;22335;administration@itiso.de;
TELEFONICA;2;23;7;2026-01-16;10491346.0;323100.0;0;München;80992;impressum@cc.o2online.de;http://www.telefonica.de
Unify Communications and Collaboration GmbH & Co. KG;1;23;10;2026-01-09;5242592.0;425518.0;0;Stuttgart;70499;ANDREAS.FUNK@ATOS.NET;https://unify.com/de/
KISTERS;3;23;8;2025-12-05;3576135.0;293874.0;0;Aachen;52076;tender@kisters.de;https://www.kisters.eu/de/
LOGICALIS;1;23;9;2025-08-01;9769831.0;585000.0;0;Neu Isenburg;63263;marion.droessler@logicalis.de;
Ernst & Young GmbH;1;23;7;2025-05-06;1848353718.0;60000000.0;0;Stuttgart;70629;pursuits.gps@de.ey.com;
ShelterRock Investments GmbH;1;23;8;2025-04-10;5688265.0;2324415.0;6;Mannheim;68163;alexander.arndt@etengo.de;https://www.etengo.de/
MAERZ-NETWORK;2;23;9;2025-04-02;25701268.0;503049.0;0;Berlin;13053;info@maerz-network.de;https://www.maerz-network.de/
HELDELE;1;23;9;2025-02-25;8074100.0;387515.0;0;Salach;73084;evergabe@heldele.de;
AGELERO;1;23;4;2023-10-19;8742616.0;244897.0;0;Erding;85435;edu@agelero.de;
TRADEX;2;23;6;2023-10-10;11674473.0;419580.0;0;Tallinn;EE-10145;biuro@tradex.pl;
Research Industrial Systems Engineering (RISE) Forschungs-, Entwicklungs- und Großprojektberatung GmbH;5;22;7;2026-05-27;49928235.0;221000.0;0;Schwechat;2320;welcome@rise-world.com;https://www.rise-world.com/de/
ANTALIS;1;22;10;2026-05-18;53881907.0;4120000.0;0;Frechen;50226;arno.viertel@antalis.com;https://www.antalis.de
DISY;1;22;10;2026-04-28;16824164.0;801800.0;0;Karlsruhe;76131;ausschreibungsdienste@disy.net;www.disy.net
RIB-SOFTWARE;1;22;9;2026-04-22;24814094.0;915228.0;0;Berlin;10365;andrea.mebert@rib-software.com;www.rib-software.com
MEDDV;1;22;9;2026-03-31;9012845.0;425485.0;0;Fernwald;35463;tender@meddv.de;www.meddv.de
RODA-COMPUTER;1;22;10;2026-01-13;1981100.0;990550.0;0;Lichtenau;77839;adam.s@roda-computer.com;
TIMETOACT-GROUP;2;22;6;2025-12-14;2503765.0;471428.0;0;Köln;50670;customer-care@timetoact-group.com;http://www.timetoact-group.com
NORDBRIEF-OSTSEE;1;22;10;2025-09-15;26783674.0;317241.0;0;Lübeck;23556;ausschreibungen@nordbrief-ostsee.de;http://www.nordbrief-ostsee.de
HxGN Safety & Infrastructure GmbH;1;22;7;2025-05-26;9305467.0;411752.0;0;Ismaning;85737;ausschreibungen.de.si@hexagon.com;
IMTB;1;22;7;2025-04-28;446667415.0;40000000.0;3;Berlin;10117;info@imtb.de;http://imtb.de
PricewaterhouseCoopers AG WPG;1;22;8;2025-04-24;215000.0;215000.0;1;Berlin;10117;DE_Kontakt@pwc.com;
COMPU-HOUSE;1;22;6;2024-05-13;17198818.0;265500.0;0;Weismain;96260;info@compu-house.de;
XEVIT;1;22;8;2023-05-10;21764119.0;338179.0;0;Ettlingen;76275;patrick.mangler@xevit.com;
OFFICE-PARTNER;1;21;5;2026-06-15;354027.0;172800.0;0;Gescher;48712;ausschreibungen@office-partner.de;http://www.office-partner.de
SIGEL;1;21;10;2026-05-19;1632506.0;266211.0;0;Mertingen;86690;martin.kunz@sigel.de;https://www.sigel-office.com/
MAINPOSTLOGISTIK;2;21;10;2026-04-28;12904517.0;627659.0;0;Würzburg;97084;ausschreibung@mainpostlogistik.de;
MEDIAMARKT;6;21;6;2026-04-13;4931562.0;239019.0;0;Berlin-Spandau;13597;franz@mediamarkt.de;https://www.mediamarkt.de
IMBUS;3;21;9;2026-03-25;72959034.0;3649818.0;3;Möhrendorf;91096;rl_sales@imbus.de;http://www.imbus.de
HEINEKINGMEDIA;1;21;8;2026-03-06;6062020.0;484578.0;1;Hannover;30161;tenderdesk@heinekingmedia.de;
ERHARDTFISCHER;4;21;9;2026-03-02;7718690.0;234554.0;0;Karlsruhe;76135;projekt@erhardtfischer.de;
SEITENBAU;1;21;8;2026-02-04;65194163.0;824250.0;0;Konstanz;78467;ausschreibungen@seitenbau.com;www.seitenbau.com
BABIEL;2;21;10;2026-01-19;41794103.0;573481.0;1;Düsseldorf;40233;ausschreibungen@babiel.com;https://www.babiel.com/
OPITZ-CONSULTING;2;21;10;2026-01-02;20008535.0;1872000.0;1;Gummersbach;51647;waltraud.gier@opitz-consulting.com;
TELEKOM-HEALTHCARE;3;21;5;2025-12-29;5794329.0;242567.0;1;Köln;50676;tender.dtcs@telekom-healthcare.com;https://www.telekom-healthcare.com/
FRAUNHOFER;11;21;8;2025-12-22;10287452.0;507669.0;0;Karlsruhe;76131;projektverwaltung@iosb.fraunhofer.de;http://iese.fraunhofer.de
EITCO;3;21;9;2025-11-03;105797982.0;1307338.0;0;Berlin;10785;vergabeportal@eitco.de;https://www.eitco.de
Geiger GmbH & Co. KG;2;21;10;2025-08-18;15037156.0;372466.0;0;Aalen;73434;geiger_info@igepagroup.com;
ECS Enterprise Communications & Services GmbH;3;21;6;2025-03-17;105153081.0;162000.0;0;Leipzig;04159;vergabe@ecs-deutschland.de;
FRIENDSMOBILE;1;20;5;2026-06-19;21601.0;21601.0;0;Hürth;50354;info@friendsmobile.de;
LOYHUTZ;1;20;8;2026-06-15;5620223.0;359941.0;0;Freiburg;79110;zentrale@loyhutz.de;https://www.loyhutz.de/
3PC;4;20;7;2026-05-21;5939545.0;264940.0;1;Berlin;10969;vergabe@3pc.de;http://3pc.de
SCALTEL;1;20;10;2026-05-18;9076494.0;476966.0;0;Waltenhofen;87448;info@scaltel.de;https://www.scaltel.de/
RESSOURCENMANGEL;2;20;11;2026-04-13;6044524.0;504201.0;0;Berlin;10997;newbusiness@ressourcenmangel.de;http://www.ressourcenmangel.de
EXXETA;1;20;7;2026-04-01;150666594.0;4652000.0;4;Karlsruhe;76137;info@exxeta.com;http://www.exxeta.com
INNOBIS;1;20;10;2026-03-25;71486000.0;2000000.0;9;Norderstedt;22848;info@innobis.de;https://www.innobis.de/
MENTZ;1;20;9;2026-03-18;3403994.0;277734.0;0;München;81675;info@mentz.net;https://www.mentz.net
MEDIATEC;3;20;10;2026-02-03;6371473.0;285103.0;0;Köln;50828;n.mau@mediatec.de;http://www.mediatec.de
PASS-CONSULTING;3;20;8;2025-12-21;150867513.0;2180800.0;2;Aschaffenburg;63741;RESPOVVVV@rentenbank.de;https://www.pass-consulting.com/pass-system-management-ag/
SAVECO;1;20;8;2025-12-02;24169901.0;1098000.0;0;Niederwürschnitz;09399;carolin.haug@saveco.de;http://www.saveco.de
Werner Bull e.K.;1;20;9;2025-12-02;187498842.0;5937280.0;0;Köln;51149;thomas.knebel@eviden.com;http://de.atos.net/bull
SAVECOM;1;20;7;2025-09-15;6343371.0;222000.0;1;Korschenbroich;41352;r.gladitz@savecom.de;https://www.savecom.de/
WINDHOFF SOFTWARE SERVICES GmbH;1;20;8;2025-08-14;8905500.0;450000.0;0;Gescher;48712;j.weihmann@windhoff-group.de;https://windhoff-group.de/
HACON;2;20;8;2025-05-26;20882692.0;321000.0;0;Hannover;30163;info@hacon.de;https://www.hacon.de/
V-BC;1;20;4;2023-04-11;11573702.0;249322.0;0;Reinsdorf;08141;ausschreibungen@v-bc.de;
AURA-IT;1;19;8;2026-06-25;4458480.0;329565.0;0;Rostock;18059;info@aura-it.de;
COMMUNARDO;1;19;8;2026-06-18;3978046.0;825040.0;0;Dresden;01129;info@communardo.de;https://www.communardo.de
BridgingIT GmbH;1;19;7;2026-06-12;3460800.0;3460800.0;2;Mannheim;68161;detlef.schumann@bridging-it.de;http://bridging-it.de
Administration Intelligence AG;1;19;11;2026-06-09;3780631.0;325000.0;2;Würzburg;97082;info@ai-ag.de;https://ai-ag.de/
NETKOM;1;19;9;2026-06-09;86357346.0;5632363.0;0;Erfurt;99087;info@netkom.de;https://www.netkom.de/Privatkunden
LIEBERGESELL;4;19;8;2026-05-18;115810200.0;2862585.0;0;Osnabrueck;49084;info@liebergesell.com;https://www.liebergesell.com/
EVOILA;3;19;7;2026-05-12;102540032.0;519384.0;1;Mainz;55129;bidbox@de.evoila.com;https://www.evoila.de/de/
Bureau van Dijk Electronic Publishing GmbH;1;19;8;2026-04-30;263495798.0;1250000.0;0;Frankfurt am Main;60314;Katharina.Saric@moodys.com;http://moodys.com
NAGARRO;3;19;7;2026-04-28;17491005.0;647741.0;1;Kronberg im Taunus;61476;info@nagarro.com;https://www.nagarro.com/de/
ATOSS;1;19;9;2026-04-07;2715832.0;345000.0;0;München;81671;internet@atoss.com;https://www.atoss.com/de
FISCHER;1;19;8;2026-04-06;9241538.0;293996.0;0;Grasbrunn;85630;info@fischer.biz;
PROVIDEO;6;19;10;2026-03-23;7261130.0;372542.0;0;Berlin;13509;info@provideo.eu;https://provideo.eu/
FOURENERGY;1;19;5;2026-03-13;1346242.0;1346242.0;3;Schönefeld;12529;ausschreibungen@fourenergy.de;http://www.fourenergy.de
EINRICH;3;19;8;2026-03-02;3813906.0;345750.0;5;Fulda;36043;a.wehner@weinrich.de;
CASSINI;1;19;9;2026-01-16;685428001.0;46500000.0;2;Düsseldorf;40474;PMO-RVSE9@IT4Transformation.de;http://www.cassini.de
REITZNER;1;19;7;2025-12-22;7308249.0;215271.0;0;Dillingen;89407;vertriebsunterstuetzung@reitzner.de;
IBSOLUTION;1;19;9;2025-09-30;20954475.0;2205000.0;2;Heilbronn;74076;info@ibsolution.com;http://www.ibsolution.de
DTS;2;19;9;2025-06-30;9200591.0;390186.0;0;Herford;32051;ausschreibungen@dts.de;http://www.dts.de
EXTREMENETWORKS;1;19;4;2025-04-23;81220750.0;40610375.0;0;Berlin;13509;alivert@extremenetworks.com;
DH Healthcare GmbH;2;19;4;2025-03-10;755262.0;755262.0;0;Bonn;53227;healthcare.de@dedalus.com;https://www.dedalus.com/dach/de/
CADENCE;1;19;7;2024-12-17;13300419.0;1017846.0;0;Feldkirchen;85622;falbert@cadence.com;
PIN Mail GmbH;1;19;6;2022-12-29;40865900.0;709419.0;0;Eisenhüttenstadt;15890;frank.reymund@pin-woltersdorf.de;
TUV;6;18;7;2026-06-22;26406428.0;812500.0;0;Köln;51105;Ausschreibungen-trc-ncp@de.tuv.com;
Gesellschft für digitale Bildung mbH;2;18;8;2026-05-11;3434245.0;470564.0;0;Mainz;55129;ausschreibungen@convergetp.de;https://convergetp.de/impressum/
XIMA;1;18;10;2026-04-24;28101442.0;661400.0;3;Dresden;01099;vertrieb@xima.de;http://www.xima.de
Bundesdruckerei GmbH;1;18;9;2026-04-17;40299971.0;1170000.0;0;Berlin;10969;KAM-bid@bdr.de;http://www.bundesdruckerei.de
DMI;1;18;10;2026-04-10;11860372.0;1144000.0;1;Münster;48161;ausschreibungen@dmi.de;https://www.dmi.de/
ISO Software Systeme GmbH;1;18;9;2026-03-31;15434334.0;554157.0;1;Nürnberg;90491;iss.tenders.admin@iso-gruppe.com;
SIEMENS-HEALTHINEERS;2;18;7;2026-03-24;1261730.0;215001.0;0;Erlangen;91052;ausschreibungen.team@siemens-healthineers.com;www.siemens-healthineers.com
PUBLICPLAN;1;18;9;2026-02-18;830106399.0;11000000.0;1;Düsseldorf;40476;no@emailaddress.given;http://www.publicplan.de
TIGERSOFT;1;18;5;2025-12-05;47024191.0;270541.0;0;Wolfenbüttel;38304;systemhaus@tigersoft.de;
SAS;1;18;8;2025-12-01;;;0;Heidelberg;69118;licensing@sas.com;
ISAX;1;18;6;2025-11-14;1866590.0;423000.0;5;Dresden;01129;bidmanagement@isax.com;https://www.isax.com/
Deutschlandradio;1;18;7;2025-08-15;102329726.0;498353.0;0;Kiel;24103;info@i-rz.de;
LVZ;5;18;9;2025-08-11;16124561.0;3032988.0;0;Leipzig;04159;jana.boehm@lvz.de;https://www.lvz-post.de
DETECON;2;18;7;2025-06-03;3226411.0;524480.0;2;Köln;50678;beispiel@beispiel.de;
FERCHAU;4;18;7;2025-04-24;5861657.0;5861657.0;2;Gummersbach;51643;info@ferchau.com;
FESTO;1;18;7;2025-04-17;5451182.0;265042.0;0;Denkendorf;73770;did@de.festo.com;http://www.festo-didactic.de
DEUTSCHE-GLASFASER;2;18;8;2025-04-15;629745449.0;30684907.0;0;Borken;46325;state-aid@deutsche-glasfaser.de;https://www.deutsche-glasfaser.de
NORCOM;1;18;7;2025-03-04;11153481.0;5125824.0;1;München;80333;info@norcom.de;https://www.norcom.de/
THECLOUD;1;18;6;2024-12-18;773401047.0;2003428.0;0;München;81677;rfp@thecloud.eu;http://www.thecloud.eu
BISSINGER;1;18;7;2024-12-09;4943896.0;288353.0;1;Gundelfingen;89423;MPS-Vertrieb@bissinger.de;
BENSEGGER;1;18;7;2024-08-21;8225723.0;442238.0;0;Rosenheim;83022;dithmar@bensegger.de;
E. Michaelis & Co. (GmbH & Co.) KG Niederlassung Hamburg;1;17;10;2026-06-16;68599031.0;1557156.0;3;Reinbek;21465;alamp@igepagroup.com;http://www.igepagroup.de
alsterarbeit gemeinnützige GmbH;1;17;9;2026-06-12;94357013.0;1036135.0;0;Hamburg;22337;info@alsterarbeit.de;http://www.alsterarbeit.de
K+B E-Tech GmbH & Co. KG;1;17;5;2026-06-09;5155850.0;274550.0;0;Cham;93413;info@k-b.de;
NATUVION;1;17;8;2026-05-27;1707400.0;468600.0;2;Walldorf;69190;info@natuvion.com;http://www.natuvion.com
CYPROTECT;1;17;7;2026-05-12;902550.0;175840.0;1;München;81829;f.neumann@cyprotect.com;
ESG;3;17;9;2026-04-28;9711745.0;2966512.0;0;Fürstenfeldbruck;82256;michael.volk@hensoldt.net;
GOVERNIKUS;1;17;8;2026-02-27;2565950.0;500000.0;1;Bremen;28359;vergabe@governikus.com;http://governikus.de
TECSERVICE;2;17;8;2026-02-10;13062623.0;955233.0;0;Leipzig;04319;vertrieb@tecservice.de;http://www.tecservice.de
LIEBL;2;17;9;2025-12-23;3913926.0;231546.0;0;Regensburg;93053;mhingerl@liebl.de;http://www.papier-liebl.de
mrg computer;2;17;7;2025-12-18;3956508.0;202342.0;0;Werder;14542;info@lapstars.de;https://lapstars.de
SAFETEC;3;17;7;2025-12-16;5071372.0;363319.0;0;Stuttgart;70372;info@safetec.de;http://www.safetec.de
DHL;2;17;9;2025-11-25;59714814.0;3337085.0;8;Bonn;53113;e-vergabe.ausschreibungen@deutschepost.de;https://www.dhl.de/de/geschaeftskunden/paket.html
MH-SERVICE;1;17;8;2025-11-07;3331364.0;404420.0;0;Kandel;76870;info@mh-service.de;http://mh-service.de
BITS-LINK;2;17;5;2025-10-13;5085885.0;307464.0;0;Sulzberg;87477;aust@bits-link.de;
Bürofachhandel & Datentechnik GmbH;2;17;6;2025-09-24;36674121.0;1159664.0;0;Erfurt;99091;karl.riethmueller@bdt-erfurt.de;
GRUNDIG-GBS;1;17;8;2025-09-10;16739225.0;424701.0;1;Bayreuth;95448;carsten.ring@grundig-gbs.com;https://www.grundig-gbs.com
KAENGURUH-PAPER;8;17;9;2025-08-18;2997534.0;305602.0;0;Kassel;34123;sonja.schellmann@kaenguruh-paper.de;
ACCSO;3;17;7;2025-08-12;12804135.0;261860.0;1;Darmstadt;64295;anfragen@accso.de;
WPS - Workplace Solutions GmbH;1;17;8;2025-06-20;11816556.0;400000.0;1;Hamburg;22301;info@wps.de;
PROACT;2;17;7;2025-06-17;1157637058.0;356000.0;0;Nürnberg;90449;info@proact.de;https://www.proact.se
GDV;1;17;8;2025-06-04;6149709.0;229468.0;0;Ingelheim;55218;info@gdv.com;
Bechtle GmbH IT-Systemhaus Hamburg;1;17;6;2025-04-24;5308247.0;264980.0;0;Hamburg;20359;hamburg@bechtle.com;
MSH-PRINT;1;17;6;2022-05-28;4829049.0;337096.0;1;Ried;86510;mbautze@msh-print.de;
HISCOUT;1;16;8;2026-06-19;776800.0;388400.0;0;Berlin;12163;sales@hiscout.com;
KEYSIGHT;4;16;9;2026-06-10;4449157.0;420270.0;0;Böblingen;71034;matthias_kohler@keysight.com;http://www.keysight.de
National Instruments Germany GmbH;1;16;9;2026-06-09;4479730.0;299000.0;0;München;80687;info.germany@ni.com;http://www.ni.com/germany
CELLEBRITE;1;16;8;2026-05-13;6120728.0;982782.0;0;München;81669;norbert.grund@cellebrite.com;https://cellebrite.com/
EntServ Deutschland GmbH;1;16;8;2026-05-12;82883471.0;812500.0;0;Böblingen;71034;vergabe@dxc.com;
BOSCH;5;16;9;2026-04-28;10736193.0;442205.0;0;Hamburg;20097;Info.Service@bosch.com;www.bosch.de
GAF;1;16;9;2026-04-09;21332031.0;683461.0;0;München;80634;acqinfo-eu@gaf.de;https://www.gaf.de
LOGODATA;1;16;7;2026-04-08;9095772.0;334733.0;0;Erfurt;99084;info@logodata.de;
VERTIGIS;4;16;5;2026-03-30;35762093.0;880154.0;0;Bonn;53177;info-de@vertigis.com;https://www.vertigis.com
ABS-TEAM;1;16;10;2026-02-26;13476275.0;1568425.0;3;Bovenden;37120;ausschreibungen@abs-team.de;https://www.abs-team.de
Public Cloud Group GmbH;3;16;3;2026-02-09;3465000000.0;56000000.0;0;Ulm;89081;info@g.pcg.io;https://www.g.pcg.io
Office Mix GmbH;1;16;7;2025-12-23;14721027.0;215000.0;0;Mannheim;68199;angebote@officemix.de;http://officemix.de
NETZWERT;1;16;9;2025-12-23;5051045.0;303122.0;0;Leipzig;04103;info@netzwert.it;
PANDACOMDIREKT;1;16;7;2025-12-22;74833196.0;210561.0;0;Dreieich;63303;bieterportal-alt@deutschebahn.com;https://www.pandacomdirekt.de/
DYNASYS;1;16;6;2025-12-01;5980615.0;464415.0;0;Augsburg;86167;a.langmeier@dynasys.de;
RITTAL;1;16;6;2025-10-30;3994790.0;289898.0;0;Herborn;35745;info@rittal.de;http://www.rittal.de
ipoque GmbH;1;16;7;2025-10-10;6648570.0;320000.0;0;Leipzig;04109;info.ipoque@rohde-schwarz.com;
ERSTLING;4;16;4;2025-09-29;10269904.0;273466.0;0;Berlin;13053;ausschreibung@erstling.de;http://www.erstling.de
BIZFACTORY;1;16;7;2025-07-14;15306675.0;665360.0;1;München;80335;hallo@bizfactory.tech;
SOHNIX;1;16;7;2025-02-18;25678374.0;759696.0;0;Lambrechtshagen;18069;vid@sohnix.ag;
MINHOFF;1;16;8;2025-01-27;42666716.0;376400.0;0;Berlin;12207;adamowicz@minhoff.de;
RF-COMPUTER;1;16;5;2023-05-26;4256469.0;134963.0;0;Rheine;48431;info@rf-computer.de;
SPIE COMNET GmbH;1;16;5;2023-04-20;6203955.0;537800.0;0;Hamburg;14055;gwendt@com-net.de;
Business Voice GmbH;1;16;5;2022-06-14;21411155.0;221000.0;0;Ulm;89079;;
OSTERTAGDETEWE;3;15;7;2026-06-24;5544991.0;461892.0;0;Düsseldorf;40549;matthias.eger@ostertagdetewe.de;
ROM-TECHNIK;1;15;7;2026-06-19;16319504.0;389680.0;0;Aalen;73430;ROM-HNL-AA-Ausschreibungen@rom-technik.de;
MENTIQ;1;15;8;2026-06-16;11884854.0;2863870.0;0;Dornach;85609;mathias.hofhus@mentiq.com;
PIT;1;15;8;2026-05-26;14255259.0;1371858.0;0;Heidelberg;69124;info@pit.de;
OLTERSKLUWER;1;15;8;2026-05-18;3902870.0;1034100.0;0;Hürth;50354;ausschreibungen@wolterskluwer.com;
NEUSTA;4;15;7;2026-05-18;3706795.0;223460.0;0;Landsberg am Lech;86899;sales@destination.one;https://www.destination.one
BWPOST-REMS-MURR;1;15;8;2026-05-11;29581015.0;4132555.0;1;Waiblingen;71332;info@bwpost-rems-murr.de;http://www.bwpost-rems-murr.de
MINDSQUARE;2;15;6;2026-04-27;3215387.0;622291.0;0;Bielefeld;33602;info@mindsquare.de;https://mindsquare.de
F-CONSULTING;1;15;6;2026-03-24;6804319.0;1013849.0;0;Ratingen;40882;sschillings@f-consulting.de;
REGIOMAIL;1;15;7;2026-03-23;56656121.0;3927248.0;1;Heilbronn;74076;mirela.weber@regiomail.de;
Lufthansa Industry Solutions AS GmbH;1;15;6;2026-02-25;2342476.0;1171238.0;1;Norderstedt;22844;frank.schuhmann@lhind.dlh.de;
MORGENSTERN;1;15;8;2026-01-26;14418289.0;712395.0;0;Reutlingen;72770;Projektmanagement@morgenstern.de;
SPEICHERWERKE;1;15;10;2026-01-22;9023795.0;325301.0;0;München;81829;kontakt@speicherwerke.de;
ISERV;1;15;7;2026-01-09;5975795.0;477978.0;0;Braunschweig;38104;ausschreibungen@iserv.eu;
RDS;1;15;8;2026-01-02;74574808.0;16200276.0;1;Düsseldorf;40470;vertrieb@rds.de;http://www.rds.de
U.N.P. - Software GmbH;1;15;8;2026-01-02;22779954.0;1300000.0;5;Düsseldorf;40213;rainer.goewe-servos@unp.de;
INNOVAS;1;15;5;2025-12-23;29915163.0;698122.0;0;Köln;50668;kontakt@innovas.de;https://www.innovas.de
UDF;1;15;9;2025-12-22;213555036.0;2372200.0;2;Stuttgart;70184;stuttgart@udf.de;http://www.udf.de
PAUL-IT-SERVICE;1;15;7;2025-12-17;57347231.0;6689441.0;1;Berlin;10789;kuemmel@paul-it-service.de;https://paul-it-service.de/de/home/
TEAMROADRUNNER;1;15;5;2025-12-09;269088.0;134544.0;0;Troisdorf;53840;todorovic@teamroadrunner.de;
PICTURE-GMBH;1;15;8;2025-12-08;243333605.0;674200.0;3;Münster;48147;vergabe@picture-gmbh.de;https://www.picture-gmbh.de
HANSECOM;2;15;6;2025-12-02;4727378.0;184930.0;0;Hamburg;20097;hallo@hansecom.com;https://hansecom.com/
BERLINUX-SOLUTIONS;2;15;6;2025-11-17;3635512.0;353115.0;0;Berlin;10367;info@berlinux-solutions.de;http://www.berlinux-solutions.de
GE Healthcare GmbH;1;15;9;2025-11-11;2765893.0;501932.0;1;Düsseldorf;40468;InsideSales.HCIT@gehealthcare.com;
ECONOCOM;1;15;7;2025-11-03;77073878.0;1125914.0;0;Frankfurt;60528;jaroslaw.schwinge@econocom.com;
MESALVO;10;15;3;2025-10-21;1649126.0;386265.0;0;Mannheim;68167;info@mesalvo.com;http://www.mesalvo.com
MILCHUNDZUCKER;6;15;7;2025-10-06;5259649.0;545340.0;0;Gießen;35398;salesoffice@milchundzucker.de;http://www.milchundzucker
FRANKEN-LEHRMITTEL;4;15;7;2025-09-15;4037988.0;251110.0;0;Kammerstein;91126;d.ruehrer@franken-lehrmittel.de;
ISO Public Services GmbH;3;15;6;2025-08-29;13595864.0;6797932.0;0;Nürnberg;90491;info@iso-gruppe.com;https://www.iso-gruppe.com/de/iso-public-services/unternehmen.html
COHRS-KURIER;2;15;8;2025-06-13;7574186.0;770000.0;0;Munster;29633;Ines.vormann@cohrs-kurier.de;
EPCAN;1;15;6;2025-05-15;366300750.0;11845034.0;4;Vreden;48691;bm@epcan.de;https://www.epcan.de/
SER Solutions Deutschland GmbH;1;15;6;2025-03-28;16895209.0;446140.0;0;Bonn;53227;info@sergroup.com;http://www.sergroup.com
FNT GmbH;1;15;7;2024-12-09;10112251.0;1429469.0;0;Ellwangen;73479;bidmanagement@fntsoftware.com;
NETFOX;1;15;7;2024-12-08;57462943.0;841800.0;0;Kleinmachnow;14532;jcaspers@netfox.de;
PricewaterhouseCoopers AG;1;15;6;2024-12-02;504557036.0;8680000.0;0;Düsseldorf;40227;de_zentrale-pwc-wpg@pwc.com;
ZALARIS;1;15;7;2024-10-14;52384457.0;6051270.0;0;Henstedt-Ulzburg (Schleswig-Holstein);24558;salessupport@zalaris.de;
REGIO Print-Vertrieb GmbH & Co. KG;1;15;8;2024-09-16;14355356.0;476937.0;0;Cottbus;03050;Enrico.Neubauer@lr-online.de;
System Informations GmbH;1;15;5;2024-01-30;20713781.0;593368.0;0;Neu-Ulm;89231;musa.cosgun@sig-ulm.de;
ISB GmbH;1;15;5;2022-11-07;5247519.0;798004.0;0;Schwerte;58239;ghi@isb-gmbh.biz;
ITEMDE;1;15;6;2022-03-23;10345385.0;356773.0;0;Meerbusch;40670;michael.thalhofer@itemde.de;
SPREESYSTEMS;1;14;6;2026-06-15;111518.0;111518.0;0;Teltow;14513;vt-mw@spreesystems.DE;
ITERATEC;1;14;7;2026-06-10;73545800.0;2700000.0;1;München;81669;sales-ops@iteratec.de;https://www.iteratec.com/de/
Systempartner IT-Vertriebs GmbH & Co. KG;1;14;5;2026-06-08;460580.0;153527.0;0;Lüneburg;21339;s.rueter@it-system-partner.de;http://www.it-system-partner.de
GM-PLAST;2;14;8;2026-05-18;79804630.0;1940000.0;0;Flensburg;24941;gm@gm-plast.de;https://www.gm-plast.com/
VALID-DIGITAL;1;14;6;2026-05-13;599240.0;299620.0;0;Berlin;10997;info@valid-digital.com;https://www.valid-digital.com
IT-NOVUM;1;14;8;2026-05-08;4590102.0;603560.0;0;Fulda;36043;eim.sales@it-novum.com;https://it-novum.com/impressum/
PricewaterhouseCoopers GmbH WPG;3;14;4;2026-04-30;278400.0;278400.0;0;Frankfurt am Main;60327;de_zentrale-pwc-wpg@pwc.com;
SEIBERT;5;14;3;2026-04-13;1067095.0;402176.0;0;Wiesbaden;65185;tender@seibert.group;https://de.seibert.group/
PDV-SYSTEMHAUS;1;14;7;2026-04-08;21615378.0;235512.0;1;Erfurt;99099;sascha.pfeiffer@pdv-systemhaus.de;https://www.pdv-systemhaus.de/
THIEME-COMPLIANCE;2;14;3;2026-04-07;5924879.0;273871.0;0;Erlangen;91058;service@thieme-compliance.de;https://www.thieme-compliance.de
Agile Software GmbH;1;14;8;2026-03-27;6755737.0;891157.0;0;Solingen;42697;ausschreibungen@codecentric.de;http://www.codecentric.de
PLATE;1;14;9;2026-03-23;905144.0;219215.0;0;Lilienthal;28865;mloebel@plate.de;http://www.plate.de
ADVITEC;2;14;7;2026-03-16;12258930.0;507600.0;1;Dresden;01069;jboche@advitec.de;
COSINEX;1;14;8;2026-03-12;50959786.0;632384.0;1;Bochum;44801;produktberatung@cosinex.de;http://www.cosinex.de
HYDROTEC;5;14;8;2026-03-10;1924501.0;395340.0;0;Aachen;52066;mail@hydrotec.de;http://www.hydrotec.de
AXIANS-INFOMA;1;14;7;2026-03-09;7643597.0;533467.0;0;Ulm;89081;florian.goestl@axians-infoma.de;http://www.axians-infoma.de
HAIILO;4;14;4;2026-02-24;9060181.0;486108.0;0;Hamburg;22761;jonas.rey@haiilo.com;https://www.haiilo.com/de
4VOICE;1;14;6;2026-02-09;3073990.0;644000.0;1;Hirschaid;96114;vertrieb@4voice.de;https://www.4voice.de
UHER;1;14;8;2025-12-05;1266755.0;302307.0;0;Braunschweig;38122;info@uher.com;https://uher.com
GFA-GROUP;1;14;8;2025-11-14;8015876.0;668304.0;5;Hamburg;22359;info@gfa-group.de;http://www.gfa-group.de
SCHWENDYGMBH;1;14;6;2025-10-14;8210800.0;207636.0;0;Zossen;15806;singer@schwendygmbh.de;http://www.schwendy1.de
TE-SCHMIDT;4;14;6;2025-08-29;7232408.0;1000000.0;0;Koblenz;56070;matthias.weske@te-schmidt.de;
AVAYA;2;14;8;2025-06-18;34063769.0;1132299.0;0;Düsseldorf;40547;pristl@avaya.de;
DURAPLAN;2;14;6;2025-06-10;3862828.0;473950.0;0;München;80807;info@duraplan.net;https://www.duraplan.net/
NAVUM;1;14;9;2025-04-30;9842775.0;774224.0;0;Wörthsee;82237;info@navum.de;www.navum.de
HSH Soft- und Hardware Vertriebs GmbH;1;14;8;2024-12-12;4104758.0;534570.0;0;Ahrensfelde;16356;vertrieb@hsh-berlin.com;
IKOR;2;14;7;2024-11-13;7635656.0;295828.0;4;Hamburg;22765;info@ikor.de;
M.S.E. GmbH;2;14;8;2024-10-07;14658373.0;523910.0;0;Unna;59427;malte.schwartz@msegmbh.de;
TELCAT;2;14;4;2024-09-18;2944081.0;393989.0;2;Magdeburg;39116;info@telcat.de;
ETS-DIDACTIC;2;14;6;2024-09-12;4641701.0;447561.0;0;Kinding;85125;submission@ets-didactic.de;
CYBERPORT;1;14;4;2024-08-20;10008177.0;281139.0;0;Dresden;01099;mlebherz@cyberport.de;
ARS;1;14;5;2024-06-27;;;0;München;80339;michael.arbesmeier@ars.de;
COPRA-SYSTEM;1;14;7;2024-03-19;3992096.0;917376.0;1;Berlin;13189;vertrieb@copra-system.de;
AHLEMEYER;1;14;5;2023-11-21;4367848.0;93763.0;0;Duisburg;47249;ausschreibung@ahlemeyer.com;
MANIG-PALME;1;14;6;2023-09-15;3646124.0;372388.0;2;Radebeul;01445;info@manig-palme.de;
EINS;1;14;5;2023-02-09;185376693.0;2496154.0;0;Chemnitz;09111;sven.liebscher@eins.de;
BRAINLAB;1;13;5;2026-06-01;3566235.0;886059.0;0;München;81829;dach_sales@brainlab.com;
NEXTCLOUD;3;13;6;2026-05-28;7841578.0;958623.0;0;Stuttgart;70192;Fabian.liedtke@nextcloud.com;https://nextcloud.com/de/
THOMANN;3;13;7;2026-04-27;1664669.0;563714.0;0;Burgebrach;96138;audioprof@thomann.de;http://www.audioprof.de
Arvato Systems Digital GmbH;4;13;5;2026-04-23;2225200.0;562500.0;1;Leipzig;04317;sales.utilities@bertelsmann.de;https://www.utilities.arvato-systems.de
IPDYNAMICS;1;13;8;2026-04-13;5858164.0;596592.0;1;Hamburg;20539;vertrieb@ipdynamics.de;http://www.ipdynamics.de
TELONIC;1;13;7;2026-04-07;151996398.0;820286.0;0;Köln, Deutschland;51147;mende-office@telonic.de;
SLD-MEDIATEC;1;13;6;2026-03-30;2622668.0;230228.0;0;Nürnberg;90425;info@sld-mediatec.de;http://www.sld-mediatec.de
IT Professionals AG;1;13;6;2026-03-25;733452940.0;27000000.0;3;Frankfurt am Main;60313;RESPOVVVV@rentenbank.de;
südmail GmbH;1;13;9;2026-03-23;75678311.0;7487310.0;0;Weingarten;88250;t.gerlach@suedmail.de;
CONDAT;1;13;7;2026-03-16;1622206.0;139500.0;0;Berlin;10559;tse@condat.de;http://www.condat.de
CONVISTA;2;13;8;2026-02-27;97144050.0;5000000.0;1;Köln;50678;salesservices@ConVista.com;http://ConVista.com
IRESOFT;4;13;3;2026-02-24;410959.0;107029.0;0;Baar;6340;info@wiresoft.com;http://wiresoft.com
COM plan + service GmbH;2;13;6;2026-02-13;1753824.0;340321.0;0;Viernheim;68535;weinkoetz@cpls.de;https://www.complan-und-service.de
PLANORG;4;13;5;2026-02-09;2414257.0;562787.0;0;Jena;07743;sales@planorg.de;
APPSFACTORY;1;13;7;2026-01-15;1032940.0;302940.0;0;Leipzig;04109;rene.hamann@appsfactory.de;www.appsfactory.de
DOCTOLIB;1;13;5;2025-12-30;5610002.0;215001.0;0;Berlin;10961;tenderoffice@doctolib.com;http://www.doctolib.com
SOLVVISION;1;13;5;2025-12-30;515259.0;257630.0;0;Frankfurt am Main;60325;info@solvvision.de;www.solvvision.de
Interflex Datensysteme GmbH & Co. KG;1;13;6;2025-12-22;2134949.0;306000.0;0;Stuttgart;70567;selina.guelbey@allegion.com;
COMNETGMBH;2;13;7;2025-12-22;3411930.0;399931.0;0;Hannover;30163;mail@comnet-solutions.de;http://www.comnet-solutions.de
G-CO Automotive Folientechnik GmbH;1;13;6;2025-12-19;2009105.0;516340.0;0;Rostock;18057;info@gecko.de;
C & P Consulting GmbH;1;13;4;2025-12-08;1597348.0;240692.0;0;Potsdam;14482;vergabe@notebooksbilliger.de;http://www.notebooksbilliger.de/
NETAPP;1;13;8;2025-12-05;454989918.0;9500000.0;0;Kirchheim bei München;85551;florianu@netapp.com;http://www.netapp.com
COMPUTERTECHNIK-BERGER;1;13;5;2025-11-27;2471224.0;179815.0;0;Bad Bentheim;48455;t.berger@computertechnik-berger.de;http://www.computertechnik-berger.de
AIXCONCEPT;2;13;7;2025-10-31;3416562.0;324720.0;0;Stolberg;52222;vertrieb@aixconcept.de;https://aixconcept.de
TRAPEZEGROUP;5;13;4;2025-10-28;6550921.0;251291.0;0;Neuhausen;8212 Neuhausen;info.ch@trapezegroup.com;https://www.trapezegroup.de/
KUCHEM;1;13;7;2025-10-21;11776008.0;305518.0;0;Königswinter;53639;Ausschreibung@kuchem.com;http://kuchem.com
DIALOGIKA;3;13;7;2025-09-08;2400259.0;191720.0;0;Saarbrücken;66125;info@dialogika.de;
CONVOTIS;4;13;4;2025-08-26;31194764.0;3255450.0;0;Münster;48153;ausschreibung@convotis.com;http://www.convotis.com
SEIBERT-MEDIA;1;13;6;2025-08-19;6589717.0;600000.0;0;Wiesbaden;65185;vertrieb@seibert-media.net;
TÜV Informationstechnik GmbH;2;13;8;2025-08-04;15812431.0;439089.0;2;Essen;45307;bidmanagement@tuvit.de;
DKV-EUROSERVICE;1;13;8;2025-04-22;641110653.0;23559404.0;0;Ratingen;40882;supplier-reg-dach@dkv-mobility.com;
BIBLIOTHECA;1;13;8;2025-04-07;3163707.0;266863.0;0;Reutlingen;72762;Tenders-DE@bibliotheca.com;http://www.bibliotheca.com
CLOUDOGU;1;13;6;2025-02-10;;;0;Braunschweig;38100;thomas.grosser@cloudogu.com;
ACADEMICSOFTWARE;3;13;2;2025-02-03;2605000000.0;412500000.0;0;Lokeren;9160 Lokeren;info@academicsoftware.com;https://www.academicsoftware.com
AWA-COUVERT;1;13;6;2025-01-29;11324443.0;769207.0;0;Alfeld / Leine;31061;leonie.fennig@awa-couvert.de;
UTIMACO;3;13;8;2025-01-09;;;0;Aachen;52080;info@utimaco.com;
IBA-HARTMANN;1;13;6;2024-12-30;3821258.0;254780.0;0;Augsburg;86165;info@iba-hartmann.de;
LÄMMERZAHL GmbH;1;13;7;2024-12-11;7490152.0;1922670.0;0;Dortmund;44225;vertrieb@laemmerzahl.de;
COMPUSAFE;1;13;7;2024-09-29;299200.0;299200.0;0;München;81373;michael.meinke@compusafe.de;
VST Mies GmbH;1;13;8;2024-09-06;5763544.0;327336.0;0;Saalfeld;07318;karina.klein@vst-pro.de;
SBSK;1;13;7;2024-06-19;7785754.0;509248.0;0;Schönebeck;39218;vertrieb@sbsk.de;
GULP;2;13;5;2024-05-03;215589000.0;55269500.0;7;München;80687;bieterportal-alt@deutschebahn.com;
B & K Computersysteme GmbH;1;13;6;2024-02-19;1654350.0;413587.0;0;Anger;83454;info@bk-computer.de;
m.Doc GmbH;1;13;2;2023-12-21;2609322.0;323102.0;0;Köln;50668;tender@mdoc.one;
VINTIN;3;13;8;2023-08-24;3975618.0;359700.0;0;Sennfeld;97526;sales.constructions@vintin.de;
BOA Business Solutions GmbH;1;13;3;2023-07-31;6564908.0;305730.0;0;Laupheim;88471;ausschreibung@boa-gmbh.de;
ACS alpha computer sales GmbH;1;13;3;2023-04-17;7437487.0;697099.0;0;Ottobrunn-Riemerling;85521;;
BLUSYSTEMS;1;13;6;2023-02-06;;;0;OBERHACHING;82041;info@blusystems.de;
Vitos gGmbH für Vitos Haina gGmbH;1;12;4;2026-06-23;5828385.0;1600000.0;0;Berlin;10829;info@telecomputer.de;http://www.telecomputer.de
IQUL;3;12;6;2026-06-23;18024763.0;1103927.0;0;Bergisch Gladbach;51429;sales@iqul.de;https://www.iqul.com/de/
DYNACON;1;12;1;2026-06-15;18037725.0;842341.0;0;München;81675;max.ewert@dynacon.de;
Wolfgang Walter GmbH;1;12;7;2026-06-12;18771598.0;198652.0;1;Stockstadt am Rhein;64589;ausschreibungen@walter-buero.de;
GBTEC;5;12;6;2026-06-02;6165474.0;495000.0;0;Bochum;44801;benedikt.siebrecht@gbtec.de;http://gbtec.de
DSLMOBIL;1;12;3;2026-06-02;6264097.0;1127789.0;0;Asbach-Bäumenheim;86663;matthias.korber@dslmobil.de;http://www.dslmobil.de
UNITY;1;12;5;2026-06-02;2512329.0;630665.0;0;Büren;33142;sebastian.befeld@unity.de;http://www.unity.de
REXX-SYSTEMS;1;12;7;2026-06-01;2149402.0;359633.0;0;Hamburg;20097;bernd.michaelis@rexx-systems.com;
IDPENDANT;1;12;7;2026-05-31;225000.0;225000.0;0;Unterschleißheim;85716;customer.service@idpendant.com;
BENTS;1;12;9;2026-05-22;8774930.0;738597.0;1;Ihlow-Riepe;26632;pomausschreibung@bents.com;
NECT;1;12;7;2026-05-18;11376200.0;3125000.0;0;Hamburg;20457;hello@nect.com;https://nect.com/
YUNEXTRAFFIC;4;12;3;2026-04-27;2810483.0;798885.0;0;Mannheim;68309;ausschreibungen.mitte.mo.de@yunextraffic.com;http://www.yunextraffic.com
BELL;1;12;6;2026-04-01;1678428.0;493917.0;1;Bonn;53175;info@bell.de;http://www.bell.de
PRIMION;1;12;8;2026-03-26;890758.0;126447.0;0;Stetten a.k.M;72510;info@primion.eu;https://primion.io/
IN4MD-SERVICE;1;12;7;2026-03-24;8314000.0;250200.0;0;Magdeburg;39104;vergabe@in4md-service.de;https://www.in4md-service.de
BARAMUNDI;1;12;6;2026-02-20;806621.0;371525.0;0;Augsburg;86159;ausschreibung@baramundi.com;https://www.baramundi.com/
CRONOS;3;12;7;2026-02-20;7300752.0;7300752.0;4;Münster;48155;d.kawczynski@cronos.de;http://cronos.de
VOQUZ;4;12;8;2026-01-23;24904036.0;2271480.0;3;Ismaning;85737;bids@voquz.com;https://public.voquz.com/
SWARCO;2;12;6;2025-12-19;6088287.0;415396.0;0;Trier;54294;pv@swarco.de;
GEVAS;3;12;7;2025-12-18;9794866.0;781200.0;1;München;80335;kunde@gevas.de;https://www.gevas.eu
XSUITE;4;12;4;2025-12-16;911313.0;455657.0;0;Ahrensburg;22926;info@xsuite.com;https://www.xsuite.com/
INDIBIT;1;12;4;2025-12-16;7675441.0;1164449.0;0;Bayreuth;95444;kontakt@indibit.eu;
CQSE;1;12;5;2025-12-15;46650000.0;23325000.0;0;München;81249;info@cqse.eu;
LWL - Bau- und Liegenschaftsbetrieb (LWL-BLB);1;12;3;2025-12-11;811756.0;405878.0;1;München;80686;ausschreibung@akdb.de;https://wideservices.gr/en/
EOMI;3;12;2;2025-12-01;2858247.0;315010.0;0;Hamburg;20099;tender@eomi.com;https://www.eomi.com/
DACOSO;1;12;8;2025-11-24;534331730.0;20547364.0;0;Langen;63225;matthias.langendoerfer@dacoso.com;https://dacoso.com/
GREENIT;4;12;8;2025-10-27;4843488.0;2421744.0;0;Dortmund;44227;d.wessels@greenit.systems;http://www.greenit-dortmund.de
SHE;1;12;6;2025-10-24;1861848.0;215845.0;0;Ludwigshafen am Rhein;67059;info@she.net;
XANTARO;1;12;6;2025-10-23;3628178.0;411408.0;0;München;80687;omg@xantaro.net;
OMNINET;3;12;5;2025-10-06;14666470.0;3316080.0;0;Eckental;90542;crm@omninet.de;
GEMELO;1;12;6;2025-09-29;1071131.0;127889.0;0;Hamburg;22761;ausschreibungen@gemelo.de;
TIPLU;1;12;7;2025-09-19;1535860.0;377000.0;0;Hamburg;21079;info@tiplu.de;http://tiplu.de
NETKAB;5;12;8;2025-09-09;2405189.0;274103.0;0;St. Ingbert;66386;dk@netkab.de;http://www.netkab.de
PRODATO;3;12;4;2025-09-08;5125620.0;953190.0;1;Nürnberg;90427;johannes.held@prodato.de;http://www.prodato.de
CUBESERV;1;12;7;2025-08-27;18400000.0;9200000.0;0;Raunheim;65479;vertrieb_de@cubeserv.com;
KLAR-KABELSCHUTZ;1;12;7;2025-08-11;40417911.0;1355614.0;0;Wernberg-Köblitz;92533;michael.klar@klar-kabelschutz.de;https://klar-kabelschutz.de/
ITC (Europe) GmbH;1;12;6;2025-07-28;2504793.0;90491.0;0;Paderborn;33102;info@itc-germany.com;http://www.itc-germany.com
CONSULTING4IT;1;12;8;2025-07-24;4611675.0;290447.0;0;Waldbronn;76337;patrick.hild@consulting4it.de;
PSI;1;12;6;2025-07-18;39434395.0;4418720.0;0;Berlin;10719;info@psi.de;https://www.psienergy.de/de/home/
Strößner Büroservice GmbH;1;12;7;2025-07-08;2365951.0;143243.0;0;Hof;95028;info@stroessner.de;
NUBEDIAN;1;12;5;2025-06-16;340365.0;170182.0;1;Karlsruhe;76227;ausschreibungen@nubedian.de;
Buscher GmbH;1;12;8;2025-04-08;3891353.0;328845.0;0;Bielefeld;33609;buescher@buescher.de;http://www.buescher.de
ALLGEIER-IT;6;12;6;2025-03-12;401470.0;401470.0;0;Bremen;28307;oliver.letzel@allgeier-cyris.de;
LOWTEQ;4;12;4;2025-01-28;2021489.0;501233.0;2;Köln;50825;t.weigand@lowteq.de;
HAUPT-IT-SYSTEMS;1;12;5;2024-11-25;6219224.0;538475.0;0;Dresden;01109;webmaster@haupt-it-systems.de;
KIWI-CONSULTING;1;12;7;2024-10-25;18589880.0;9294940.0;1;Weinsberg;74189;cornelia.baric@kiwi-consulting.de;
TELETECH-NET;1;12;5;2024-07-08;13079593.0;185965.0;0;Zossen;15806;info@teletech-net.de;
SKS-Solutions GmbH;1;12;5;2024-05-30;105436433.0;4800000.0;0;Potsdam;14482;Accenture.direct.ela@accenture.com;
Seventythree Networks GmbH;1;12;6;2024-04-24;4752855.0;265500.0;0;Puchheim;82178;Vertrieb@73s.de;
NETCOLOGNE;3;12;7;2023-09-01;290688304.0;243229.0;0;Köln;50829;fwilken@netcologne.de;
IA-MEDIA;1;12;4;2023-07-05;1734741.0;57450.0;0;Ingolstadt;85055;d.froehlich@ia-media.de;
MCL;1;12;6;2023-01-05;5994822.0;180456.0;0;Böblingen;71034;grit.ludewig@mcl.de;
Königstein Beratungsgesellschaft für EDV-Dienstleistungen mbH;1;12;5;2022-04-05;;;0;Köln;51063;Norbert.Koenigstein@EDV-Koenigstein.de;
ALPHABIT;1;12;5;2022-03-02;150148524.0;6590733.0;23;Wiesbaden;65187;c.matrakou@alphabit.de;
LANGER-ITS;1;11;3;2026-06-24;691367.0;167000.0;0;Unterhaching;82008;einkauf@langer-its.com;
OBJEKTKULTUR;1;11;7;2026-06-22;9340000.0;2052000.0;0;Karlsruhe;76133;gw@objektkultur.de;http://www.objektkultur.de
DEKOM;1;11;4;2026-06-22;216000.0;216000.0;0;Hamburg;22529;ausschreibungen@dekom.com;
MTO;1;11;3;2026-06-22;;;0;Tübingen;72070;info@mto.de;https://mto.de
SOFTLINE-GROUP;2;11;7;2026-06-09;2501104.0;1250552.0;1;Leipzig;04103;sales-ausschreibung@softline-group.com;
DIGITECH;1;11;7;2026-06-09;2341247.0;361199.0;0;Patersdorf;94265;info@digitech.eu;http://digitech.eu
MATHPLAN;1;11;7;2026-06-02;1565023.0;271150.0;0;Berlin;13347;info@mathplan.de;http://www.mathplan.de
IPG-GROUP;2;11;6;2026-05-26;1087837.0;215000.0;0;Berlin;13158;no@emailaddress.given;http://www.ipg-group.com
ALLGEIER-PUBLIC;6;11;4;2026-05-19;28523777.0;9642000.0;0;München;80807;biddesk@allgeier-public.eu;
PTA;3;11;6;2026-05-11;3995981.0;3995981.0;1;Mannheim;68165;vertriebskoordination@pta.de;http://www.pta.de
SRC Security Research & Consulting GmbH;1;11;7;2026-04-28;12255670.0;1600000.0;0;Bonn;53113;sales@src-gmbh.de;
MDS GmbH;1;11;7;2026-04-15;4369976.0;398350.0;0;Hannover;30179;backoffice@mds-it.de;http://www.mds-it.de
SAUTER-BC;1;11;6;2026-04-15;4624338.0;447264.0;0;Saarlouis;66740;NL.Saarlouis@de.sauter-bc.com;
European Dynamics Deutschland GmbH;1;11;8;2026-03-13;146992838.0;3255450.0;50;Berlin;10717;ibd-de@eurodyn.com;http://www.eurodyn.com
DEXTRADATA;1;11;6;2026-03-10;7228598.0;1491000.0;0;Essen;45131;inside_sales@dextradata.com;http://www.dextradata.com
PPI;1;11;9;2026-03-02;2580075.0;641160.0;2;Hamburg;22301;salesoffice@ppi.de;
QUANTO-SOLUTIONS;1;11;7;2026-02-26;3000.0;3000.0;1;Stuttgart;70565;stephan.heldrich@quanto-solutions.de;http://www.quanto-solutions.de
NETSERVICES;1;11;7;2026-02-17;110717598.0;6242240.0;0;Flensburg;24941;info@netservices.de;
ATRON;1;11;7;2026-02-04;8959666.0;1257901.0;0;Markt Schwaben;85570;vertrieb@atron.de;http://www.atron.de
BETTERMARKS;1;11;6;2026-02-02;1355140.0;1355140.0;0;Berlin;10997;vergabe@bettermarks.com;www.bettermarks.de
JUNGMANN;1;11;7;2026-01-14;6345869.0;809793.0;0;Buxtehude;21614;tender@jst.ag;
SCHMIDT + Partner GmbH;1;11;5;2026-01-02;126870456.0;9273704.0;0;Hürth;50354;gertud.schmidt@sp-consulting.com;
REGLER;1;11;7;2025-12-23;1781612.0;129644.0;1;Beckingen;66701;Julian.Collmann@regler.de;
VANDERMOST;5;11;6;2025-12-22;4730341.0;533400.0;0;Heerde;8181 BG;tenderdeskduitsland@vandermost.com;http://www.vandermost.com
PROVENTA;1;11;5;2025-12-19;4753000.0;307000.0;0;Wiesbaden;65183;d.calvo@proventa.de;
EBP;1;11;7;2025-12-16;9472000.0;2036000.0;0;Berlin;10557;info@ebp.de;
SERVERHERO;2;11;4;2025-12-15;1054239.0;296668.0;0;Köln;50858;info@serverhero.de;http://www.serverhero.de
CES IT-Systemhaus GmbH;1;11;5;2025-12-15;8259440.0;857235.0;0;Dresden;01139;vertrieb@ces-dresden.de;
BLUE-TECHNOLOGIES;1;11;7;2025-12-12;6045328.0;664425.0;0;Münster;48153;dirk.webbeler@blue-technologies.de;http://www.blue-technologies.de
ARISTON;1;11;6;2025-12-02;13689380.0;3207445.0;0;Berlin;12169;Jane.Mattika@ariston.de;
MEGASOFT;1;11;6;2025-11-18;459365.0;229683.0;0;Monheim;40789;LUKAS.MAI@T-SYSTEMS.COM;
PARADATEC;3;11;6;2025-10-14;2379051.0;470000.0;0;Braunschweig;38112;backoffice@paradatec.de;
LIGHTHOUSE-MCS;1;11;5;2025-10-10;;;0;Wedel;22880;l.henke@lighthouse-it.de;
EBIT;2;11;6;2025-10-01;1130303.0;280466.0;0;Dresden;01277;haubold@webit.de;www.webit.de
RAYNET;1;11;7;2025-09-17;2064175.0;415000.0;0;Paderborn;33100;bidmanagement@raynet.de;
ALOS;1;11;8;2025-08-18;2017201.0;632682.0;0;Köln;50859;ausschreibungen@alos.de;
ETOMER;1;11;5;2025-08-12;80168568.0;4616348.0;0;Berlin;14193;Niclas.lehmann@etomer.com;
BROADCAST-SOLUTIONS;1;11;7;2025-08-11;258618.0;258618.0;0;Bingen am Rhein;55411;a.normann@broadcast-solutions.de;
ISE UG (haftungsbeschränkt);1;11;7;2025-07-31;5338925.0;545498.0;0;Aachen;52068;ausschreibung@ise-online.com;
ADICCON;3;11;6;2025-07-10;20000000.0;20000000.0;3;Darmstadt;64293;ingo.beckert@adiccon.de;
XFT;1;11;6;2025-06-16;7160245.0;395044.0;0;Berlin;10117;ausschreibungen@xft.com;https://www.xft.com/
CONTAC;1;11;6;2025-05-13;4210404.0;327731.0;1;Ilmenau;98693;info@contac.de;
BK-RENNEN;1;11;5;2025-04-28;24547227.0;366000.0;0;Düsseldorf;40225;ausschreibung@bk-rennen.de;http://www.bk-rennen.de
Picard & Birkenstock;1;11;7;2025-04-28;22522.0;22522.0;0;Remscheid;42899;Frank.Postleb@pb-pbs.de;
EPLASS;2;11;7;2025-04-11;13600783.0;568195.0;0;Würzburg;97080;info@thinkproject.com;
NETLUTION;1;11;8;2025-03-31;70660396.0;1265630.0;0;Ludwigshafen;67061;portale@netlution.de;
SECUVERA;1;11;7;2025-02-24;2544970.0;311055.0;3;Gäufelden;71126;rlorenz@secuvera.de;
AIRBUS;2;11;6;2024-12-19;1541708.0;1541708.0;0;Immenstaad am Bodensee;88090;tsx.sost@airbus.com;
SD & C Solutions Development & Consulting GmbH;1;11;8;2024-11-11;15000000.0;5000000.0;2;Berlin;10587;ausschreibungen@sd-c.de;
HUMAN-ART;2;11;7;2024-11-05;7776300.0;409100.0;0;Berlin;13158;ausschreibung@human-art.de;
kommIT Gesellschaft für Informationstechnik GmbH;2;11;7;2024-10-23;2514469.0;368128.0;0;Köln;50670;info@komm-it.de;
COMLINE-SE;2;11;7;2024-10-14;832800.0;416400.0;1;Hamburg;22761;Daniela.Ulscht@comline-se.de;https://www.comline-se.de
CODA-ERFURT;2;11;6;2024-09-19;2014325.0;340000.0;0;Erfurt;99085;info@coda-erfurt.de;
AXWAY;1;11;6;2024-08-29;402649.0;402649.0;0;Berlin;10711;esharp@axway.com;
ITUNLIMITED;1;11;6;2024-08-15;96766480.0;6747490.0;0;Böblingen;71034;klaus.neumann@itunlimited.de;
VSH Medientechnik Furtner GmbH & Co. KG;1;11;4;2024-07-02;204861.0;102430.0;0;Thyrnau;94136;aschneider@vsh-online.com;
MEDIA-BROADCAST;1;11;6;2023-10-11;1329888.0;212000.0;0;Köln;51103;petra.bredenbeck@media-broadcast.com;
PTC;1;11;5;2022-12-01;5066205.0;317282.0;0;Wörthseee;82237;ausschreibung@ptc.de;
PLANONSOFTWARE;2;10;6;2026-06-26;5446759.0;812000.0;0;Frankfurt am Main;60329;joshua.franke@planonsoftware.com;
SENACOR;2;10;8;2026-06-22;5464033000.0;227500000.0;1;Eschborn;65760;senacorsalesdesk@senacor.com;
MGM Technology Partners GmbH;1;10;7;2026-06-19;20778200.0;5200000.0;0;München;80807;no@emailaddress.given;
AVELIOS;3;10;4;2026-06-09;5217988.0;2608994.0;0;München;80339;info@avelios.com;http://avelios.com
ma-edv GmbH;1;10;4;2026-06-01;6707565.0;160272.0;0;Fürstenzell;94081;info@ma-edv.com;
ENTHUS;4;10;4;2026-05-22;1182237.0;228861.0;0;Böblingen;71034;michael.heimel@enthus.de;http://enthus.de
RZV;4;10;7;2026-05-21;10872613.0;5436306.0;0;Wetter;58300;info@rzv.de;https://www.rzv.de/
NORDKURIER-MEDIENGRUPPE;1;10;8;2026-05-19;13430701.0;543248.0;0;Neubrandenburg;17033;info.briefdienst@nordkurier-logistik.de;
ABEL-KAEUFL;1;10;5;2026-05-11;887166.0;887166.0;0;Landshut;84034;salessupport@abel-kaeufl.de;
BRODOS;1;10;4;2026-04-28;;;0;Baiersdorf;91083;alexander.klippenstein@brodos.de;
BETASYSTEMS;1;10;7;2026-04-27;3382694.0;870000.0;0;Berlin;10587;Dummy-eMail-eVergabe@fb.hamburg.de;
HHP GmbH;1;10;6;2026-04-24;255394751.0;2337420.0;0;Hannover;30539;f.wegener@htp.net;
ETRANSFORM;1;10;6;2026-04-17;1086767.0;281389.0;1;Darmstadt;64283;info@wetransform.to;https://wetransform.to
ESTCONNECT;1;10;4;2026-03-31;196740728.0;17579629.0;0;Essen;45131;breitbandausschreibungen@westenergie.de;https://www.westconnect.de/
First Data GmbH;1;10;5;2026-03-23;1806572.0;436418.0;0;Bad Homburg v.d. Höhe;61348;Dummy-eMail-eVergabe@fb.hamburg.de;
IBYKUS;1;10;6;2026-03-13;43224911.0;1105900.0;0;Erfurt;99099;VertriebStab@ibykus.de;https://www.ibykus.de/
EKU;1;10;6;2026-03-02;33963523.0;3151576.0;0;Bochum;44866;f.kalkowski@eku.de;
OFFITS;1;10;5;2026-03-02;1992121.0;349593.0;0;Regensburg;93053;office@offits.net;
SET;1;10;7;2026-02-12;1444879.0;400293.0;0;Hannover;30163;ulrich.boehlen@set.de;http://set.de
UNIVATIV;1;10;8;2026-02-10;24755501.0;3808600.0;1;Darmstadt;64293;dominik.zovkic@univativ.de;
GID GmbH & Co. KG;1;10;6;2026-01-19;2356833.0;320000.0;0;Köln;50679;info@gid-it.de;https://www.gid-it.de
ITSMGROUP;1;10;6;2026-01-01;18942906.0;3314966.0;0;Bodenheim;55294;sales@itsmgroup.com;http://www.itsmgroup.com
ILKEN;1;10;6;2026-01-01;342610.0;342610.0;0;Ulm;89081;w@wilken.de;
TRAFFICON;2;10;6;2026-01-01;11616196.0;382800.0;1;Salzburg;5020;sbg@trafficon.eu;
INSYNERGIE;1;10;6;2025-12-19;1559522.0;396747.0;0;Rheinbreitbach;53619;schulze@insynergie.de;http://www.insynergie.de
AUXALIA;4;10;6;2025-12-19;2996615.0;344040.0;0;Hamburg;21079;info@auxalia.com;https://www.auxalia.com/
JACOB;1;10;5;2025-12-15;1903460.0;277772.0;0;Karlsruhe;76229;vergabe@jacob.de;https://www.jacob.de/
INTEND;1;10;7;2025-12-09;14424540.0;6975936.0;2;Kassel;34131;nagel@intend.de;
KAIROS;2;10;8;2025-12-01;1034204.0;221500.0;0;Bochum;44801;sales@kairos.de;https://www.kairos.de
EMOVE;1;10;4;2025-11-28;667200.0;333600.0;0;Frankfurt am Main;60314;contact@wemove.com;
PULSATION-IT;1;10;6;2025-11-27;3933768.0;425225.0;0;Berlin;13407;vertrieb@pulsation-it.com;https://www.pulsation-it.com
C-TRACE;1;10;5;2025-11-21;566830.0;283415.0;0;Bielefeld;33605;info@c-trace.de;
SONOVTS;3;10;7;2025-11-10;2591765.0;543023.0;0;Kiel;24148;ruven.marsch@sonovts.com;http://hdqline.com
Freytag & Petersen GmbH & Co.KG;1;10;7;2025-11-10;2095137.0;252400.0;0;Köln;50739;jmarx@igepagroup.com;
IPSYSCON;1;10;6;2025-10-29;2019308.0;365304.0;0;Hannover;30159;ausschreibung@ipsyscon.de;http://www.ipsyscon.de
LSTELCOM;1;10;6;2025-10-13;5082881.0;353472.0;0;Lichtenau;77839;info@lstelcom.com;
AAREON;1;10;5;2025-09-30;9532917.0;1301788.0;0;Hamburg;22303;matthias.finke@aareon.com;
ChuInvest GmbH;1;10;6;2025-09-11;2500000.0;2500000.0;0;Berlin;10969;kontakt-ts@bdr.de;http://www.d-trust.net
IN2CODE;1;10;6;2025-09-09;4181164.0;600000.0;1;Rosenheim;83026;stefan.busemann@in2code.de;
ORKSTATION-HANNOVER;1;10;7;2025-08-25;1677701.0;374318.0;0;Hannover;30165;info@workstation-hannover.de;
MT-THOMAS;1;10;5;2025-07-22;;;0;Siegen;57074;info@mt-thomas.de;http://www.mt-thomas.de
LINKPROTECT;1;10;6;2025-06-25;4310024.0;518000.0;0;Kirchseeon;85614;wiest@linkprotect.de;
CIMT-AG;2;10;6;2025-06-17;650692000.0;650692000.0;0;Hamburg;20095;rouven.homann@cimt-ag.de;
OSSWALD-BUERO;4;10;6;2025-06-02;30495992.0;3874734.0;0;Hannover;30167;dtvp@osswald-buero.de;http://www.osswald-buero.de
XITASO;2;10;4;2025-05-19;645003.0;215001.0;0;Augsburg;86153;info@xitaso.com;
KKS Kemmler Kopier Systeme GmbH;1;10;6;2025-05-06;564026.0;145353.0;0;Kaiserslautern;67657;guster@kks-kl.com;
Yunex GmbH;1;10;4;2025-04-17;11585359.0;1428896.0;0;Essen;45141;ausschreibungen.west.mo.de@yunextraffic.com;
INTECBERLIN;1;10;6;2025-04-08;1693135.0;211800.0;0;Berlin;10587;cy@intecberlin.de;
ML Consulting Schulung, Service & Support GmbH;1;10;7;2025-04-01;2029225.0;275028.0;1;Köln;50858;vertrieb@mlgruppe.de;
X-NRW GmbH;2;10;7;2025-03-19;2736483.0;609242.0;0;Neuss;41460;info@x-nrw.de;
IDEMIA;5;10;4;2025-03-13;33747813.0;7232463.0;0;Courbevoie;92400;info@idemia.com;www.idemia.com.
ENDAVA;2;10;3;2025-02-03;1128000000.0;56000000.0;0;Chisinau;MD 2025 Chisinau;info@endava.com;https://www.endava.com
STECKERFERTIG;3;10;3;2025-02-03;2441899.0;294380.0;0;Cappeln (Oldenburg);49692;info@steckerfertig.de;
DEVOTEAM;1;10;5;2025-02-03;536534400.0;154000000.0;1;Frankfurt;60311 Frankfurt;info@devoteam.com;https://www.devoteam.com
GIS-CONSULT;3;10;6;2024-12-20;17494007.0;460800.0;0;Haltern am See;45721;info@gis-consult.de;
AGFA;2;10;6;2024-12-13;8897994.0;1062908.0;0;Bonn;53227;waldemar.rempel@agfa.com;
VENITURE;1;10;3;2024-11-12;1019635.0;216000.0;0;Köln;50676;service@veniture.net;
PROMEDIAWEB;1;10;6;2024-09-02;4369454.0;323216.0;0;Hockenheim;68766;info@promediaweb.de;
-COMMERCE;1;10;5;2024-09-02;358040.0;36720.0;1;Offenburg;77656;info@w-commerce.de;
VOLAVIS;1;10;6;2024-08-13;3030334.0;293513.0;0;Leopoldshöhe;33818;verwaltung@volavis.de;
GREENFIBER;4;10;4;2024-07-26;399478207.0;10380109.0;3;Hamburg;22143;kontakt@greenfiber.de;
BUERO-ALBERS;1;10;5;2024-06-25;832670.0;183213.0;0;Meppen;49716;info.meppen@buero-albers.de;
BOEWE-SYSTEC;1;10;7;2024-06-17;6628223.0;560455.0;0;Isernhagen;30916;info@bowe.com;
AUDICON;1;10;7;2024-05-29;8589470.0;1300000.0;0;Düsseldorf;40211;sales@audicon.net;
PROTOSOFT;1;10;7;2024-04-26;859967.0;175000.0;0;Puchheim;82178;verkauf@protosoft.de;
ENTONA;1;10;5;2024-01-17;;;3;Müschenbach;57629;info@entona.de;
HAMBURGNET;1;10;5;2023-12-06;1042740.0;521370.0;0;Hamburg;22041;tender@hamburgnet.de;
BASYS-BREMEN;2;10;7;2023-11-07;4000736.0;320870.0;0;Bremen;28357;thomas.renner@basys-bremen.de;
OBS Büro Centrum GmbH;1;10;2;2023-09-01;3190545.0;257977.0;0;Plauen;08527;kontakt@obs-plauen.de;
SMARTMOBILELABS;2;10;4;2023-08-08;10157233.0;1767690.0;0;München;81379;uwe.selbach@smartmobilelabs.com;
SPIE-OSMO;1;10;2;2023-07-18;1743897.0;131794.0;0;Georgsmarienhütte;49124;juliana.koch@spie-osmo.de;
Innovative Datensysteme GmbH;1;10;4;2023-07-14;2300680.0;1150340.0;0;Stuttgart;70499;vertrieb@indasys.de;
GODYO;1;10;4;2023-06-30;1657330.0;448106.0;1;Jena;07745;Martina.Hornhauer@godyo.com;
therapeutenverbund.de GmbH;1;10;5;2023-05-02;5800721.0;284028.0;0;Ingolstadt;85051;;
RÖWAPLAN AG;1;10;5;2023-04-03;;;0;Abtsgmünd;73453;vertrieb@roewaplan.de;
TUTTAS-JENSEN;2;10;5;2022-10-12;1789556.0;16828.0;0;Essen;45149;info@tuttas-jensen.de;
Hyrican AG;1;10;3;2022-08-30;2122593.0;320645.0;0;Kindelbrück;99638;;
DSD-DATASERVICE;1;10;4;2022-07-04;2266378.0;262627.0;0;Maisach;82216;a.lang@dsd-dataservice.de;
GUIDECOM;1;9;4;2026-06-25;612700.0;612700.0;0;Münster;48155;ausschreibung@guidecom.de;http://guidecom.de
PC-PRODUCTS;1;9;7;2026-06-22;343803.0;70307.0;0;Böblingen;71034;hille@pc-products.de;https://pc-products.de/
Fsas Technologies GmbH;3;9;2;2026-06-12;14668490.0;2037700.0;0;Berlin;13629;fridolin.leupert@fujitsu.com;
WTG Communication GmbH;1;9;5;2026-06-09;1810028.0;280709.0;1;Münster;48155;pa@wtg.com;http://www.wtg.com
CONVERGETP;5;9;2;2026-06-08;19187723.0;574304.0;0;Mainz;55129;ausschreibungen@convergetp.de;http://www.converge.com
EBCONT;5;9;4;2026-06-03;53498206.0;3824960.0;1;Frankfurt am Main;60329;ausschreibungen-ger@ebcont.com;https://www.ebcont.com
AVESTONE;2;9;3;2026-05-22;140100000.0;140100000.0;0;München;D-90425;michael.hasinger@wavestone.com;
CONCEPTBOARD;3;9;4;2026-05-13;660240.0;330120.0;0;Halle (Saale);06108;ludwig.weyl@conceptboard.com;
NORIS;1;9;6;2026-05-05;15069791.0;15069791.0;1;Nürnberg;90471;vertrieb@noris.de;http://www.noris.de
ESTERNACHER;1;9;7;2026-04-28;15944516.0;2326000.0;0;Berlin;10965;evergabe@westernacher.com;https://westernacher-solutions.com/
GSA Gesellschaft für Straßenanalyse mbH;1;9;5;2026-04-28;360805.0;65675.0;0;Kaiserslautern;67657;f.fippinger@gsa-mbh.com;
HORVATH-PARTNERS;1;9;4;2026-04-27;8342384.0;4171192.0;0;Stuttgart;70178;ausschreibungen@horvath-partners.com;https://www.horvath-partners.com/de/?hcc=de&r=1
INTERFACE-AG;1;9;7;2026-04-27;21751016.0;2509516.0;1;Unterhaching;82008;info@interface-ag.de;http://www.interface-ag.de
CEOTRONICS;3;9;6;2026-04-21;1271710.0;277168.0;0;Rödermark;63322;kevin.galvez.rodriguez@ceotronics.com;
UNISERV;1;9;6;2026-04-15;664198.0;332099.0;0;Pforzheim;75179;info@uniserv.com;
SAUERACKER;2;9;8;2026-04-07;1090430.0;279073.0;1;Nürnberg;90411;mdi@saueracker.de;
CRONN;1;9;6;2026-03-24;3483215.0;581350.0;1;Bonn;53227;tenders@cronn.de;http://www.cronn.de
VMT Düssel Video-Medien-Technik GmbH;1;9;5;2026-03-24;11343427.0;1609455.0;0;Essen;45356;info@vmt-duessel.de;http://www.vmt-duessel.de
BWPOST-BB;1;9;7;2026-03-23;29659193.0;276365.0;0;Sindelfingen;71065;m.rupp@bwpost-bb.de;
ITCOM;3;9;6;2026-03-20;76291188.0;1063145.0;0;Wiesbaden;65189;wholesale@witcom.de;
EWERK;5;9;5;2026-03-17;4408996.0;4408996.0;0;Leipzig;04109;bid@ewerk.com;http://ewerk.com
RED COMMERCE GmbH;1;9;6;2026-03-10;660032.0;176120.0;1;Köln;50670;pbogedain@redglobal.com;https://www.redglobal.de/
CRIMSON;2;9;6;2026-03-03;5101501.0;396768.0;0;Bad Soden-Salmünster;63628;martin.stoll@crimson.de;http://www.crimson.de
REPLY;3;9;4;2026-03-02;37257000.0;8025000.0;0;Gütersloh;33334;info@reply.de;https://www.fincon.eu/
CONVIT;1;9;4;2026-02-25;;;0;Köln;51063;jochen.schon@convit.de;
BRISTOL;1;9;7;2026-02-23;530822.0;265411.0;0;Langen;63225;order@bristol.de;
Haufe Service Center GmbH;1;9;6;2026-02-20;2163161.0;380000.0;0;Freiburg;79111;tender@rplusp.de;
SYSTEMTECHNIK-ONLINE;1;9;7;2026-02-19;1911059.0;500000.0;0;Sömmerda;99610;info@systemtechnik-online.de;
NTS;1;9;6;2026-02-18;4421155.0;865785.0;0;Augsburg;86167;andreas.joechl@nts.eu;https://www.nts.eu/de/
ATACAMA-KV;1;9;6;2026-02-13;1555776.0;309286.0;0;Bremen;28359;info@atacama-kv.de;https://www.atacama-kv.de/
KAISER-BUEROTECHNIK;4;9;8;2026-02-09;3092450.0;547891.0;0;Ansbach;91522;info@kaiser-buerotechnik.de;
Eos Media Gesellschaft für interaktive Medien mbH;1;9;5;2026-01-28;7030992.0;158428.0;1;Hamburg;20357;info@eos-uptrade.de;
HBSN-GRUPPE;3;9;8;2026-01-27;24603730.0;2534400.0;6;Braunschweig;38104;ausschreibung@hbsn-gruppe.de;http://hbsn-gruppe.de
PSITRANSCOM;1;9;7;2026-01-23;2598000.0;2598000.0;0;Berlin;10178;info@psitranscom.de;www.psitranscom.de
CITY-MAIL;1;9;8;2026-01-19;6160179.0;767804.0;1;Regensburg;93055;betriebsmanagement@city-mail.de;
MEDIAINTERFACE;1;9;5;2026-01-15;640325.0;320163.0;1;Dresden;01067;vertrieb@mediainterface.de;
ACTICO;1;9;6;2026-01-12;2862440.0;455000.0;0;Friedrichshafen;88045;RESPOVVVV@rentenbank.de;http://www.actico.com
ROYSCHULZ;2;9;7;2025-12-23;4511842.0;624000.0;1;Berlin;12277;Ausschreibungen@royschulz.de;
SULZER;1;9;3;2025-12-21;152060670.0;5869835.0;1;Stuttgart;70193;RESPOVVVV@rentenbank.de;http://sulzer.de
MEMORYSOLUTION;1;9;7;2025-12-18;555256.0;155383.0;0;Breisach;79206;Dummy-eMail-eVergabe@fb.hamburg.de;
VERSATEL;2;9;6;2025-12-16;24317456.0;715212.0;0;Düsseldorf;40468;bidmanagement@1und1.net;
SHC;1;9;5;2025-12-10;870000.0;435000.0;0;Frankfurt am Main;60327;vertrieb@shc.eu;http://www.shc.eu
ATDATA;2;9;5;2025-12-01;1403857.0;144240.0;0;Aulendorf;88326;nathalie.hund@atdata.de;
VST Vertriebsgesellschaft für Video-System- und Kommunikationstechnik mbH;1;9;4;2025-11-26;4316441.0;504480.0;0;Saalfeld/Saale;07318;info@vst-pro.de;https://www.vst-pro.de/
HEINLEIN-SUPPORT;5;9;7;2025-11-24;2607377.0;473579.0;0;Berlin;10119;consulting-vergabe@heinlein-support.de;http://www.heinlein-consulting.de
MUENET;2;9;7;2025-11-11;94675555.0;9686204.0;4;Rosendahl;48720;info@muenet.net;https://www.muenet.net
Ingenieurgruppe IVV GmbH;1;9;6;2025-11-04;16032777.0;1860000.0;0;Aachen;52066;ser@ivv-aachen.de;
H&G Hansen & Gieraths EDV Vertriebs GmbH;1;9;6;2025-10-27;1308239.0;194034.0;3;Bonn;53111;Ausschreibungen@hug.de;
TEDSOFT;1;9;4;2025-10-23;1408800.0;704400.0;0;Bonn;53225;thomas.frontzek@tedsoft.de;http://tedsoft.de
ITWATCH;3;9;6;2025-10-21;684357.0;342179.0;0;München;81549;Office.Muenchen@itWatch.de;http://www.itWatch.de/
SOENNECKEN;1;9;6;2025-10-17;3088058.0;1200000.0;0;Vilkerath;51491;info@soennecken.de;http://www.soennecken.de
BMC Software Distribution B.V.;2;9;5;2025-10-07;;;0;Schiphol-Rijk;1119 PN;;
APPSPHERE;1;9;6;2025-09-22;214000.0;214000.0;0;Ettlingen;76275;sales@appsphere.com;
ISARNET;2;9;6;2025-09-09;;;0;München;85356;harald.weikert@isarnet.de;
FPI-INGENIEURE;1;9;4;2025-08-27;3363025.0;640000.0;0;Köln;50678;a.mueller@fpi-ingenieure.de;
VISUS;2;9;5;2025-07-22;4829194.0;603499.0;0;Bochum;44801;tender@visus.com;
ITS-SERVICE;1;9;6;2025-07-04;3814753.0;591144.0;0;Dortmund;44263;sascha.rommel@lovion.de;
Kühn & Weyh Software GmbH;1;9;7;2025-07-02;;;0;Freiburg Im Breisgau;79110;info@kwsoft.de;http://www.kwsoft.de
EFTAS;3;9;5;2025-06-24;10574852.0;694926.0;0;Münster;48145;Soenke.Mueller@eftas.com;https://www.eftas.de
MIGHTYCARE;2;9;5;2025-06-18;8477291.0;503191.0;0;Frankfurt am Main;60388;ordermanagement@mightycare.de;http://mightycare.de
SECTRA;1;9;5;2025-06-16;7339318.0;2431251.0;0;Köln;50968;info@sectra.com;
ADVANOVA;1;9;4;2025-06-10;1889000.0;475000.0;0;Schwaig b.Nürnberg;90571;bastian.bleisinger@advanova.de;
GRAITEC;1;9;4;2025-06-10;2824656.0;302463.0;0;Hannover;30159;info.germany@graitec.com;http://www.graitec.de
ORDIX;2;9;7;2025-06-05;17105196.0;345460.0;0;Paderborn;33100;rau@ordix.de;http://ordix.de
GENUA;1;9;5;2025-05-12;2287807.0;423922.0;1;Kirchheim bei München;85551;info@genua.de;
ERUM;1;9;7;2025-05-01;168500.0;168500.0;0;Lüneburg;21337;ralf.guenther@werum.de;
ZTM;1;9;2;2025-04-08;37590.0;11970.0;0;Bad Kissingen;97688;beratung@ztm.de;https://www.ztm.de/
NTA;1;9;7;2025-04-07;2880480.0;348613.0;0;Mainz;55129;info@nta.de;https://nta.de/
QUEO-GROUP;1;9;6;2025-02-28;17921000.0;8960500.0;0;Dresden;01159;info@queo-group.com;
SYSTEMA e.V.;1;9;6;2025-02-14;2726608.0;575000.0;0;Potsdam;14482;nuremberg.vergabe.ps@roedl.com;
CBRAIN;2;9;5;2025-02-13;;;0;Kopenhagen;DK-2100;rl@cbrain.com;
OVH SAS;1;9;1;2025-02-03;934000000.0;380000000.0;0;Roubaix;59100 Roubaix;info@ovhcloud.com;https://www.ovhcloud.com
INFORA;1;9;6;2024-12-02;200750000.0;100375000.0;0;Köln;50996;vertrieb-infora@materna.group;
BONATHERM - Exothermische Erzeugnisse Gesellschaft mit beschränkter Haftung;1;9;6;2024-10-25;7800723.0;383193.0;0;Solingen;42653;petra.figge@bong.com;
CRISTIE;1;9;6;2024-10-21;2542885.0;389725.0;0;Niedernberg;63843;reinhard.tillmann@cristie.de;
REGIOIT;1;9;6;2024-08-26;6036657.0;1489523.0;0;Aachen;52070;thomas.wucherer@regioit.de;
TRADING-POINT;1;9;6;2024-06-27;4445727.0;183617.0;0;Bielefeld;33609;pascal.kemner@trading-point.net;
NETMON24;1;9;4;2024-05-02;1821019.0;546043.0;0;Limburg;65552;vertrieb@netmon24.eu;
BREITBANDTECHNIK;2;9;3;2024-04-22;34567299.0;929582.0;0;Nürtingen;72622;rouven.korreik@breitbandtechnik.de;
UNISYS;1;9;6;2024-04-02;3510665155.0;146201095.0;24;Hattersheim;65795;bianca.gallian@unisys.com;
OUTERMEDIA;1;9;5;2024-01-28;1630906.0;217600.0;0;Berlin;10409;angenehm@outermedia.de;
CALCON;1;9;4;2023-12-28;24581605.0;3557740.0;1;München;80336;Ausschreibung@calcon.de;
NETORIUM;1;9;6;2023-12-12;146072.0;146072.0;0;Wiesbaden;65205;info@netorium.de;
EFFEXX;2;9;6;2023-09-05;3843180.0;422179.0;0;Netphen;57250;vertrieb@effexx.com;
SMAILGMBH;1;9;5;2023-09-01;50675377.0;6453496.0;0;Reutlingen;72770;schmid@smailgmbh.de;
BUEROMAYER;1;9;4;2023-08-24;2409694.0;285233.0;0;Hallstadt;96103;einkauf@bueromayer.de;
imsys GmbH & Co. KG;1;9;5;2023-07-04;1501186.0;47351.0;0;Leonberg;71229;;
ITCONSULTING;1;9;5;2023-03-13;11935000.0;11935000.0;0;Ober-Ramstadt;64372;joachim.groh@itconsulting.de;
DITCON;1;9;4;2023-02-24;1584408.0;218551.0;0;Köln;51149;info@ditcon.de;
OPENSTORAGE;1;9;6;2022-11-15;1256000.0;628000.0;0;Mainz-Kastel;55252;h.hock@openstorage.de;
BRAINSPHERE;2;9;4;2022-07-04;507631590.0;100339000.0;5;München;80687;office@brainsphere.de;
FREESORT;1;9;5;2022-02-04;81067660.0;9849585.0;0;Langenfeld;40764;fs-vergabe@freesort.de;
BE-ANTEC;3;8;5;2026-06-29;3818962.0;695641.0;0;Nürnberg;90475;vertrieb@be-antec.de;
CCE-SYSTEME;2;8;5;2026-06-22;3824370.0;3824370.0;0;Dresden;01139;info@cce-systeme.de;
Heusch/Boesefeldt GmbH;1;8;6;2026-06-15;26001878.0;1240361.0;0;Aachen;52078;tenders@heuboe.de;
CAMPUSGENIUS;2;8;5;2026-06-11;2286137.0;264082.0;0;Dresden;01099;vergabe@campusgenius.com;
FS Elektronik GmbH;1;8;5;2026-06-02;2343622.0;272021.0;0;Riegelsberg;66292;vergabe@kabelmeister.de;https://www.kabelmeister.de/
Schönhofer Sales and Engineering GmbH;1;8;5;2026-05-26;702914.0;351457.0;0;Siegburg;53721;vertrieb@schoenhofer.de;
Werkstatt Lebenshilfe Bergisches Land GmbH;1;8;7;2026-05-18;9656104.0;388202.0;0;Wermelskirchen;42929;info@lhbl.de;http://www.lhbl.de
ABODIA;4;8;5;2026-05-18;2436976.0;405725.0;0;Schwanewede;28790;abodia@abodia.de;
IBISONLINE;2;8;5;2026-05-04;2751872.0;69315.0;0;Bindlach;95463;vertrieb@ibisonline.de;
ATIX;3;8;6;2026-05-04;;;0;Garching;85748;ausschreibung@atix.de;
GORDION;1;8;6;2026-04-28;3079422.0;330596.0;0;Troisdorf;53842;info@gordion.de;http://www.gordion.de
HENSOLDT;2;8;7;2026-04-28;;;0;Taufkirchen;82024;info@hensoldt.net;https://www.hensoldt.net
SPRINGER;3;8;6;2026-04-24;693237.0;346619.0;0;Berlin;14197;hendrik.pugge@springer.com;
SCHULTECH;1;8;3;2026-04-21;4663746.0;260275.0;0;Hüttisheim;89185;konto@schultech.de;
Handwerkskammer Heilbronn-Franken;1;8;3;2026-04-15;1586000.0;217000.0;0;Nürnberg;90489;mk@kasedorf.de;
HAAI;3;8;5;2026-04-14;2004664.0;437665.0;0;Wien;1100;bieterportal-alt@deutschebahn.com;
MEDIAKOM-ONLINE;1;8;7;2026-04-13;434256.0;217128.0;0;Aschau i. Ch.;83229;info@mediakom-online.de;http://www.mediakom-online.de
AXENTIA;3;8;7;2026-04-09;8141969.0;775582.0;0;Linköping;583 30;ms@axentia.se;http://axentia.se/de
MCKINSEY;1;8;4;2026-04-08;13045467.0;3413000.0;0;Düsseldorf;40476;contact_us@mckinsey.com;https://www.mckinsey.de
DEMICON;1;8;6;2026-04-02;777024.0;388512.0;0;Stuttgart;70174;contact@demicon.com;
GFT;1;8;4;2026-04-01;13969003.0;13969003.0;0;Stuttgart;70567;achim.markert@gft.com;https://www.gft.com
EXLIBRISGROUP;1;8;5;2026-03-25;10758093.0;183235.0;0;Hamburg;22761;ProposalsTeam-EMEA@exlibrisgroup.com;
MEDAVIS;3;8;5;2026-03-24;1229745.0;614873.0;0;Karlsruhe;76185;vertrieb@medavis.de;
FICHTNER;3;8;6;2026-03-23;4202353.0;599500.0;0;Stuttgart;70191;registrierung@fichtner.de;
LW-DATENTECHNIK;1;8;6;2026-03-20;5708254.0;2792502.0;0;Filderstadt;70794;info@lw-datentechnik.de;
QUENTIC;1;8;5;2026-03-17;717957.0;227090.0;0;Berlin;10247;sales-am@quentic.com;www.quentic.de
DATEV;1;8;6;2026-03-10;1261390.0;220129.0;0;Nürnberg;90431;sabine.frenzel@datev.de;
COMTEC-DO;1;8;5;2026-02-25;1287980.0;223680.0;0;Dortmund;44147;office@comtec-do.de;
JOIN;1;8;7;2026-02-25;6447769.0;700000.0;0;Magdeburg;39104;sales@join.de;http://www.join.de
TUKOM;1;8;6;2026-02-25;2600546.0;500000.0;0;Schondorf am Ammersee;86938;info@tukom.de;www.tukom.de
Airbus Secure Land Communications GmbH;1;8;6;2026-02-19;2630235.0;1315118.0;0;Ulm;890;christian.bienek@airbus.com;https://criticalcommunications.airbus.com/de
ATSEC;1;8;5;2026-02-17;7018000.0;1250000.0;0;München;81667;office@atsec.com;
ALTER-SOLUTIONS;1;8;7;2026-02-16;9023650.0;1000000.0;1;Düsseldorf;40219;digital@alter-solutions.com;
KRONGAARD;1;8;4;2026-02-09;;;2;Hamburg;20355;ausschreibungen@krongaard.de;http://www.krongaard.de
GORISCON;1;8;6;2026-02-03;29120.0;29120.0;0;Rosenheim;83022;info@goriscon.de;www.goriscon.de
PKE Deutschland GmbH;1;8;8;2026-01-29;1958865.0;472040.0;0;München;80687;Hannover@pke-de.com;
CHRISTMANN;2;8;6;2026-01-26;1440796.0;370246.0;0;Ilsede;31241;mail@christmann.info;http://christmann.info
SOLIT;1;8;4;2026-01-20;;;0;Bergisch Gladbach;51429;r.lemmen@solit.de;
Information Services Group Germany GmbH;1;8;5;2026-01-19;443300.0;443300.0;0;Frankfurt am Main;60311;heino.huettner@isg-one.com;
RATIODATA;1;8;4;2025-12-30;4375878.0;313080.0;0;Münster;48155;public-tender@ratiodata.de;http://www.ratiodata.de
TNG;1;8;4;2025-12-30;441756003.0;25265729.0;1;Kiel;24106;info@tng.de;
DFCSYSTEMS;1;8;4;2025-12-23;354818.0;177409.0;1;München;81669;sales@dfcsystems.de;
DEUTSCHE-GIGANETZ;3;8;3;2025-12-19;99384023.0;5847388.0;0;Hamburg;20095;info@deutsche-giganetz.de;https://www.deutsche-giganetz.de
TRAFFGOROAD;1;8;6;2025-12-19;6383685.0;544008.0;0;Krefeld;47798;wahle@traffgoroad.com;
CENIT;2;8;5;2025-12-18;1296380.0;648190.0;0;Berlin;12435;m.frihs@cenit.com;http://cenit.com
MABINSO;2;8;4;2025-12-17;3111398.0;267800.0;0;Hamburg;21079;support@mabinso.com;
Unify Software and Solutions GmbH & Co. KG;1;8;5;2025-12-17;3402209.0;1701104.0;0;München;81739;eckard.langer@mitel.com;
INFOFABRIK;1;8;6;2025-12-15;22014000.0;1800000.0;1;Wiesbaden;65189;info@infofabrik.de;
HCL Technologies Germany GmbH;1;8;4;2025-12-10;20539450.0;5555099.0;0;Eschborn;65760;customercare@hcl.com;
CONCENTRADE;2;8;6;2025-12-09;1286322.0;292489.0;0;Dortmund;44227;info@concentrade.de;
EXXONIT;1;8;6;2025-12-05;29779200.0;14889600.0;2;Hofheim;65719;gf@exxonit.de;
REALTECH;1;8;5;2025-11-25;198948.0;198948.0;0;Leimen;69181;service-team@realtech.com;http://www.realtech.com
EVENTIM;1;8;6;2025-11-04;1245854.0;206365.0;0;Bremen;28195;inhouse.vti@eventim.de;
CAMPUSUNITY;2;8;4;2025-11-03;3326053.0;283523.0;0;Rödermark;63322;pmo@campusunity.de;
DKSR;4;8;2;2025-11-03;5056387.0;584425.0;0;Berlin;10781;angebote@dksr.city;http://dksr.city
Management Solutions Information Technology GmbH;2;8;4;2025-10-22;180000.0;180000.0;0;Wien;1020;josef.steindl@msit.at;
FUNKTEL;1;8;7;2025-10-17;4352769.0;2176384.0;0;Salzgitter;38259;info@funktel.com;
MICROSTRATEGY;1;8;8;2025-10-13;;;0;Köln;50968;info-de-germany@microstrategy.com;
ISIMKO;1;8;4;2025-10-07;2032633.0;306781.0;0;Cottbus;03044;info@isimko.de;http://www.isimko.de
LIZENZDIREKT;2;8;4;2025-10-07;402545.0;201273.0;0;Fischerhude;28870;vergabe@lizenzdirekt.com;http://www.lizenzdirekt.com
MVC;3;8;4;2025-10-06;1808700.0;904350.0;0;Kronberg;61476;markus.mattern@mvc.de;http://www.mvc.de
NOKIA;3;8;7;2025-09-26;58842029.0;11516017.0;0;Stuttgart;70435;press.services@nokia.com;
EY GmbH & Co. KG Wirtschaftsprüfungsgesellschaft;2;8;2;2025-09-26;;;1;Eschborn;65760;marc.schuetz@de.ey.com;
MHP;1;8;6;2025-09-12;9717216.0;643500.0;0;Ludwigsburg;71638;magnus.marzi@mhp.com;
ADVANCED-NEXUS;1;8;2;2025-08-29;;;0;Kleinmachnow;14532;marco.bellmann@advanced-nexus.com;
OBJECTIVE-PARTNER;1;8;4;2025-08-26;353000.0;353000.0;0;Weinheim;69469;experten@objective-partner.de;
ALBAKOM;1;8;4;2025-08-15;1477140.0;552935.0;0;Rostock;18069;auftrag@albakom.de;https://www.albakom.de/
DATA-EXPERTS;2;8;6;2025-08-12;10450644.0;1143940.0;0;Neubrandenburg;17033;office@data-experts.de;https://www.data-experts.de/
ZEB;1;8;6;2025-08-11;416106490.0;286345.0;0;Münster;48153;Information-Ausschreibungen@zeb.de;
STRIJBOSCH;1;8;5;2025-08-05;;;1;Essen;45138;info@strijbosch.de;
LUCAS-NUELLE;2;8;5;2025-08-04;5561904.0;692694.0;0;Kerpen;50170;vergaben@lucas-nuelle.de;
PAPENMEIER;1;8;4;2025-07-28;214000.0;214000.0;0;Schwerte;58239;info@papenmeier.de;
DOKSYSTEME;3;8;7;2025-07-25;1355600.0;677800.0;0;Planegg-Martinsried;82152;vertrieb@doksysteme.de;
HONEYWELL;2;8;8;2025-07-22;3399622.0;269885.0;0;Offenbach am Main;63067;michael.gerach@honeywell.com;
UNIVENTION;1;8;5;2025-07-21;1205200.0;265200.0;0;Bremen;28359;vertrieb@univention.de;
MAXXYS;1;8;4;2025-06-16;491597.0;245799.0;0;Butzbach;35510;sales@maxxys.de;https://maxxys.de
ERNW;1;8;6;2025-06-03;1813017.0;409575.0;0;Heidelberg;69124;beispiel@beispiel.de;
PHYWE;1;8;4;2025-06-02;3796540.0;210769.0;0;Göttingen;37079;info@phywe.de;
EUROBOS;1;8;7;2025-05-08;2117398.0;418532.0;0;Koblenz;56072;info@eurobos.de;
T60;3;8;3;2025-04-30;198980.0;198980.0;2;München;80331;sales@t60.com;https://www.t60.com
OFFICE-PRODUCTS;1;8;6;2025-04-07;3692657.0;312080.0;0;Kirchheim;73230;g.mueller@office-products.de;http://www.office-products.de
RR Software GmbH;1;8;6;2025-03-20;977635.0;393961.0;0;Hasselfelde;38899;vertrieb@antrago.de;
GELSEN-NET;3;8;4;2025-03-19;14120916.0;192234.0;0;Gelsenkirchen;45891;info@gelsen-net.de;https://www.gelsen-net.de/Privatkunden-0221284855.html
m-com Daten u. Kommunikationssysteme GmbH;2;8;6;2025-02-27;378373.0;378373.0;0;Lübeck;23564;info@m-com.de;
CHRISTIANI;6;8;4;2025-02-03;2317783.0;291829.0;0;Konstanz;78464;dennis.breder@christiani.de;
LD-DIDACTIC;1;8;6;2025-02-03;2459495.0;145632.0;0;Hürth;50354;smanz@ld-didactic.de;
NUANCE;4;8;4;2025-01-08;1736336.0;868168.0;0;Dublin;D02 R296;dustin.classen@nuance.com;https://www.nuance.com/de-de/index.html
SURESECURE;1;8;3;2024-12-12;12804195.0;930000.0;0;Düsseldorf;40211;info@surescure.de;https://www.suresecure.de/i
WE are XR GmbH;2;8;4;2024-12-09;996212.0;498106.0;0;Moers;47445;m.dierking@we-are-xr.de;
INITSE;1;8;4;2024-11-25;6290869.0;1702919.0;0;Karlsruhe;76131;webmaster@initse.com;
PCO AG;1;8;4;2024-10-21;3637225.0;539300.0;0;Osnabrück;49090;ausschreibung@pco-online.de;https://www.pco-online.de
AMORIABOND;1;8;3;2024-10-08;;;0;Köln;50667;sven.schuette@amoriabond.de;
GAI-NETCONSULT;1;8;4;2024-10-04;794854.0;397427.0;4;Berlin;13507;vertrieb@gai-netconsult.de;
BMK Office Service GmbH & Co. KG;1;8;5;2024-10-01;1800444.0;421870.0;0;Achim;28832;awaliczek@bmk-online.de;
SCHEIDT-BACHMANN;3;8;5;2024-08-12;1567196.0;264759.0;0;Mönchengladbach;41238;impressum@scheidt-bachmann.de;
BOC Information Technologies Consulting GmbH;1;8;4;2024-08-06;1082500.0;336000.0;0;Berlin;10245;vertrieb@boc-de.com;
FUNKWERK;2;8;6;2024-07-30;8273805.0;8273805.0;1;Karlsfeld;85757;christoph.harm@funkwerk.com;
ITZ Informationstechnologie GmbH;1;8;6;2024-06-03;90128470.0;4348183.0;0;Essen;45133;info@itz-essen.de;
SOGETI;1;8;5;2024-05-03;20151362.0;3861600.0;1;Ratingen;40882;jens.gruettemeier@sogeti.com;
HP-SCHMITZ;1;8;6;2024-04-29;760760.0;239760.0;0;Berlin;12459;t.adam@HP-Schmitz.eu;
CP-CHEMNITZ;1;8;6;2024-01-29;6359612.0;1169054.0;0;Chemnitz;09128;jenny.kauf@cp-chemnitz.de;
AVS;1;8;4;2024-01-26;2209460.0;293432.0;0;Bayreuth;95444;service@avs.de;
MORGENPOST-BRIEFSERVICE;1;8;7;2024-01-25;21875037.0;1629057.0;0;Mannheim;68167;t.janzer@morgenpost-briefservice.de;
ISYDE;1;8;4;2023-07-24;2979527.0;256260.0;0;Balge;31609;info@isyde.de;
HOB;1;8;6;2023-07-11;13329237.0;920887.0;0;Fürth;90765;therrmann@hob.de;
TELBA-GMBH;2;8;5;2023-07-07;3598671.0;346016.0;0;Löbichau;04626;kontakt@telba-gmbh.de;
Alfred Horn Systemhaus GmbH;1;8;4;2023-04-17;2741645.0;68095.0;0;Kulmbach;95326;va@3d-drucker.org;
"""wilhelm.tel GmbH""";1;8;7;2023-03-30;109410288.0;10962500.0;0;Norderstedt;22846;;
MT GmbH;1;8;5;2023-03-13;192555384.0;16200276.0;0;Ratingen;40882;volker.mischke@mt-ag.com;
FUNKEMEDIEN;1;8;4;2023-03-01;11571217.0;357109.0;0;Essen;45127;roy.thelemann@funkemedien.de;
ALTAIR;1;8;4;2023-02-07;2384277.0;241675.0;0;Böblingen;71034;information@altair.de;
KREUZWERKER;1;8;3;2023-01-31;1783530.0;369942.0;0;Berlin;10969;info@kreuzwerker.de;
BENSE;1;8;4;2023-01-05;3846430.0;314469.0;0;Düsseldorf;48143;harry.doepke@bense.net;
ENVIATEL;1;8;4;2022-12-23;44146305.0;850881.0;0;Markkleeberg;04416;maik.tannenberg@enviatel.de;
ITMedia Consult AG;1;8;5;2022-12-12;3411757.0;705378.0;0;Züsch;54422;;
CompuStore GmbH;1;8;3;2022-11-17;4753715.0;350878.0;0;Regensburg;93053;d.reinartz@eduxpert.de;
QUADRIO;1;8;5;2022-09-26;19348000.0;2152000.0;3;Dresden;01309;info@quadrio.de;
MEONA;1;8;4;2022-07-04;16109453.0;6545387.0;4;Freiburg;79100;info@meona.de;
Keine Angabe – der Zuschlag ging an mehrere Bieter, die weiterhin im Wettbewerb stehen;1;8;6;2022-04-17;;;28;Keine Angabe;;;
Mario Reifschneider e.K.;3;7;4;2026-06-23;1031484.0;285245.0;0;Werder;14542;info@lapstars.de;http://www.lapstars.de
BINECT;1;7;4;2026-06-22;2525635.0;594585.0;0;Hannover;30177;info@eventit.ag;https://www.binect.de/
EDUXPERT;3;7;2;2026-06-16;1097578.0;184174.0;0;Regensburg;93053;ausschreibung@eduxpert.de;http://www.eduxpert.de
SCB;1;7;5;2026-06-09;;;0;Plauen;08527;sindy.schmidt@scb.de;
DVHAUS;1;7;6;2026-06-08;3820592.0;1910296.0;3;Furth;82041;ausschreibung@dvhaus.de;
INVARIS;2;7;5;2026-06-03;1292633.0;1292633.0;0;Eisenstadt;A-7000;info@invaris.com;https://www.invaris.com/
Computercenter AG & Co. oHG;2;7;5;2026-06-01;18353271.0;1751253.0;0;Regensburg;93053;ausschreibung@eduxpert.de;http://www.glasfaserplus.de
VATER-GRUPPE;2;7;5;2026-06-01;8277849.0;517946.0;1;Hamburg;22761;VBU-VI@vater-gruppe.de;
EXXCELLENT;1;7;5;2026-05-26;25041014.0;12520507.0;0;Ulm;89075;gerhard.gruber@exxcellent.de;
GROUP24;3;7;5;2026-05-22;4870812.0;736441.0;0;Gescher;48712;el@group24.de;http://www.group24.de
EBF;1;7;5;2026-05-20;8693426.0;599900.0;1;Köln;50988;sales@ebf.com;
ACCELLONET;1;7;5;2026-05-20;1401328.0;700664.0;0;Neu-Ulm;89231;info@accellonet.com;http://accellonet.com
BARTSCH;1;7;7;2026-05-19;890000.0;890000.0;0;Ottobrunn;85521;petra.hossner@bartsch.de;http://www.bartsch.de
4K-ANALYTICS;1;7;5;2026-05-18;13562980.0;6781490.0;4;Leipzig;04109;kontakt@4k-analytics.de;
SIV;2;7;6;2026-05-13;23438140.0;3209616.0;0;Roggentin;18184;info@siv.de;
IT-CHOICE;1;7;5;2026-05-13;719450.0;151600.0;0;Karlsruhe;76137;jan.siebenbrock@it-choice.de;
THALESGROUP;2;7;6;2026-05-12;250000.0;250000.0;0;Wilhelmshaven;26382;info@thalesgroup.com;
VMZBERLIN;1;7;5;2026-05-12;428837.0;214419.0;0;Berlin;12109;office@vmzberlin.com;http://www.vmzberlin.com
AUDIOONE;1;7;5;2026-05-08;363349.0;363349.0;0;Berlin;12489;vertrieb@audioone.de;http://audioone.de
MONDAY-CONSULTING;1;7;5;2026-05-06;244238.0;244238.0;0;Hamburg;20459;business@monday-consulting.com;http://www.monday-consulting.com
CECON;4;7;4;2026-05-05;266184.0;133092.0;2;Berlin;10115;halle@cecon.de;http://cecon.de
UDG;2;7;5;2026-05-04;12419000.0;6209500.0;0;Mainz;55120;team.publicsector@udg.de;https://www.udg.de
BRIDGEFIELD;1;7;6;2026-05-04;8323096.0;4161548.0;0;Magdeburg;369114;daniel.vogel@bridgefield.de;http://www.bridgefield.de
SQIOR;3;7;3;2026-04-30;694980.0;694980.0;0;München;80335;sales@sqior.com;https://sqior.com/
PANDACOM;1;7;7;2026-04-10;68968149.0;7747528.0;0;Dreieich-Sprendlingen;63303;ehrenfeld@pandacom.de;
msg for banking ag;4;7;3;2026-04-08;140100000.0;140100000.0;1;Frankfurt am Main,;60549;RESPOVVVV@rentenbank.de;https://www.msgforbanking.de
XAPIO;1;7;4;2026-04-07;351000.0;351000.0;0;München;80636;u.guerster@xapio.de;
H & H Datenverarbeitungs- und Beratungsgesellschaft mbH;1;7;6;2026-04-01;3724157.0;367014.0;0;Berlin;10407;hh@hh-berlin.de;https://www.hh-berlin.de
"Amt Siek
Der Amtsvorsteher";1;7;3;2026-03-31;46400.0;46400.0;0;DE;45145;thomas.nadymacek@acp.at;http://bitmarck.de
maloon GmbH;1;7;7;2026-03-27;441149.0;220574.0;0;Ingolstadt;85053;ausschreibungen@socialhub.io;
GOEBEL-SYSTEMTECHNIK;1;7;5;2026-03-26;1466053.0;338212.0;0;Borken;34582;ausschreibung@goebel-systemtechnik.de;http://goebel-systemtechnik.de
TECHNIA;1;7;4;2026-03-26;238156.0;238156.0;0;Karlsruhe;76149;info-center@technia.com;
BDO;1;7;5;2026-03-26;1063200.0;531600.0;0;Hamburg;20355;hamburg@bdo.de;https://www.bdo.de/
GB-MEDIENTECHNIK;1;7;7;2026-03-23;4161820.0;757640.0;0;Köln;51069;info@gb-medientechnik.de;https://www.gb-medientechnik.de
TIMETOACT;2;7;5;2026-03-20;1873524.0;936762.0;0;Köln;50670;bieterportal-alt@deutschebahn.com;
NEROS-GBR;1;7;4;2026-03-19;;;0;Fürstenfeldbruck;82256;mail@neros-gbr.de;
ANDRENA;1;7;5;2026-03-16;;;0;Karlsruhe;76131;karlsruhe@andrena.de;
QUESTAX;5;7;4;2026-03-16;10200000.0;10200000.0;1;Heidelberg;69115;ausschreibungen@questax.com;
BRITNET;1;7;6;2026-03-13;1707697.0;333670.0;0;Ebersberg;85560;info@britnet.de;
SYNEXUS;1;7;4;2026-03-12;3240853.0;318828.0;0;Leipzig;04129;hotho@synexus.de;
HEREGROUP;1;7;5;2026-03-09;2182300.0;1091150.0;0;Bonn;53119;info@wheregroup.com;
ENTEGA;3;7;4;2026-03-02;4822521.0;570426.0;2;Darmstadt;64293;peter.zimmer@entega.de;
COREMEDIA;1;7;5;2026-02-27;496800.0;496800.0;0;Hamburg;20459;martin.schlueter@coremedia.com;
KABELSAT;1;7;2;2026-02-24;30758466.0;1270962.0;3;Bergen auf Rügen;18528;info@kabelsat.net;
SUBSHELL;1;7;7;2026-02-09;;;0;Hamburg;20457;info@subshell.com;
ALMEX;1;7;6;2026-02-03;125454000.0;62727000.0;0;Hannover;30539;sales-office@almex.de;
BOSTON-IT;1;7;5;2026-02-02;2825648.0;561985.0;0;Feldkirchen;85622;ausschreibungen@boston-it.de;https://www.bostondeutschland.de
AufGesat e.V.;1;7;4;2026-02-02;;;0;Frankfurt;60314;satcom@gesat.com;
Fraunhofer-Gesellschaft zur Förderung der angewandten Forschung Einkauf und Gerätewirtschaft C2 - Vergabestelle Bau;1;7;3;2026-01-30;255000.0;255000.0;0;Karlsruhe;76131;atillier@opentext.com;
IQVIA;3;7;4;2026-01-29;858319.0;167470.0;0;Frankfurt am Main;60549;jesse.goering@iqvia.com;http://iqvia.com
DOMEBA;2;7;6;2026-01-22;376446.0;118687.0;0;Chemnitz;09114;info@domeba.de;
CEYONIQ;1;7;6;2026-01-21;2177572.0;305113.0;0;Bielefeld;33613;info@ceyoniq.com;
COSYLAB;4;7;5;2026-01-16;686000.0;343000.0;0;Ljubljana;1000;fusion@cosylab.com;http://www.cosylab.com
NEUESHANDELN;1;7;5;2026-01-16;13937180.0;5293590.0;0;Köln;50674;akquise@neueshandeln.de;
VITAL-SERVICES;1;7;6;2026-01-12;703100.0;351550.0;0;Leipzig;04109;meissner@vital-services.de;http://vital-services.de
TCS Cards & Services GmbH;1;7;5;2026-01-05;33059507.0;318434.0;0;Bamberg;96052;mvdheijden@tc-s.eu;http://www.gnc-cardservices.de
AGINEO;1;7;5;2026-01-01;1426473.0;327233.0;0;Aachen;52076;sales@agineo.de;http://agineo.de
ALIGHT;1;7;5;2026-01-01;941570.0;214000.0;0;Ottobrunn;85521;info@alight.eu;http://alight.eu
KLEIN-ITK;1;7;4;2025-12-29;1156676.0;204237.0;0;Altdorf;84032;Vertrieb@klein-itk.de;
BALKE-HAMBURG;1;7;6;2025-12-23;4981841.0;426481.0;1;Oststeinbek;22113;extra-office@balke-hamburg.de;
VALIANTYS;3;7;3;2025-12-23;1194887.0;307177.0;0;Berlin;10115;salesportal.de@valiantys.com;https://valiantys.com
P&I UG (haftungsbeschränkt);1;7;6;2025-12-23;6270710.0;654710.0;0;Hamburg;20457;mwiemann@pi-ag.com;
ALSTERTEXT;1;7;3;2025-12-22;493088.0;246544.0;0;Hamburg;20097;sales@alstertext.de;
FINBRIDGE;1;7;3;2025-12-21;555821000.0;140100000.0;1;Bad Homburg;61348;RESPOVVVV@rentenbank.de;https://www.finbridge.de/
AKGSOFTWARE;1;7;5;2025-12-19;20835937.0;315250.0;0;Heitersheim;79423;info@akgsoftware.de;http://www.akgsoftware.de
TTS Knowledge Products GmbH;1;7;3;2025-12-18;2817879.0;140914.0;0;Köln;50667;info@tt-s.com;
BMS-CONSULTING;2;7;5;2025-12-17;8589589.0;1604912.0;1;Düsseldorf;40217;info@bms-consulting.de;
VMT Düssel GmbH;2;7;4;2025-12-10;7855144.0;360213.0;0;Essen;45356;denise.woelk@vmt-duessel.de;
PTV Planung Transport Verkehr AG;1;7;5;2025-12-02;4343849.0;526877.0;0;Karlsruhe;76131;traffic.documentation@ptvgroup.com;
NEXUS-EUNDL;3;7;3;2025-11-28;250710.0;250710.0;0;Nürnberg;90411;marketing@nexus-eundl.com;http://www.nexus-eundl.com
INSIDERS-TECHNOLOGIES;2;7;6;2025-11-28;4071245.0;472382.0;0;Kaiserslautern;67657;info@insiders-technologies.de;
MTG Münchener Telefongesellschaft mbH;1;7;6;2025-11-24;319407569.0;120377.0;0;München;81825;jung@mtg-systemhaus.de;https://www.mtg-systemhaus.de
ALPHA-TEST;1;7;5;2025-11-21;;;0;Mannheim;68165;ausschreibungen@alpha-test.com;
N+P Informationssysteme GmbH;1;7;4;2025-11-17;580526.0;168014.0;0;Meerane;08393;ausschreibung@nupis.de;
SOLCOM;1;7;3;2025-11-14;;;2;Reutlingen;72766;ausschreibung@solcom.de;http://www.solcom.de
PROTIVITI;1;7;4;2025-11-14;14145650.0;4399250.0;1;Frankfurt am Main;60325;contact@protiviti.de;http://www.protiviti.de
CAMPANA-SCHOTT;3;7;5;2025-11-10;415500000.0;415500000.0;0;Hamburg;20095;ausschreibungen@campana-schott.com;https://www.campana-schott.com/
ARINA;3;7;4;2025-11-10;462259.0;231129.0;0;München;80801;salesde@arina.ch;
TMK;1;7;4;2025-11-10;556000.0;556000.0;0;Münzenberg;35516;vertrieb@tmk.de;http://www.tmk.de
IB&T Software GmbH;1;7;4;2025-11-06;4790937.0;308916.0;0;Norderstedt;22848;vertrieb@card-1.com;
PARITYQC;3;7;2;2025-10-27;3000000.0;1000000.0;2;Hamburg;20095;info@parityqc.com;https://parityqc.com/
SAARRIVA;1;7;5;2025-10-27;367846.0;367846.0;0;Saarbrücken;66117;i.schmidt@saarriva.de;
AVE Audio Visual Equipment GmbH;3;7;3;2025-10-15;1039202.0;519601.0;0;Bergisch Gladbach;51469;ausschreibung@avepro.net;https://avepro.net
IC-CONSULT;1;7;4;2025-10-13;6600708.0;3300354.0;0;München;80807;sales@ic-consult.com;
BISPING;1;7;6;2025-10-10;13432835.0;2161642.0;0;Lauf a. d. Pegnitz;91207;ausschreibung@bisping.de;https://www.bisping.de/
NETCOM-CS;1;7;4;2025-10-07;26139297.0;2250573.0;0;Berlin;10179;Ausschreibung@netcom-cs.de;
ALOGO;1;7;5;2025-09-24;960000.0;960000.0;1;Berlin;10825;alogo@alogo.de;http://www.alogo.de
Bücker IT-Security GmbH;4;7;3;2025-09-18;2117624.0;492153.0;0;Hille;32479;vertrieb@buecker-edv.de;
IRONMOUNTAIN;2;7;4;2025-09-16;510462.0;255231.0;0;Hamburg;22525;tender.management@ironmountain.com;http://www.ironmountain.com
MID;1;7;5;2025-09-15;;;2;Nürnberg;90402;PMO-RVSE9@IT4Transformation.de;http://www.mid.de
NETDESCRIBE;1;7;4;2025-09-08;923390.0;461695.0;0;München;80687;sales@netdescribe.com;
SCALCOM;1;7;4;2025-09-01;415950.0;51465.0;0;Waltenhofen;87448;vertrieb@scalcom.de;
STARTEXT;1;7;5;2025-08-26;737000.0;368500.0;0;Bonn;53175;info@startext.de;https://www.startext.de
ISAG;2;7;4;2025-08-20;752936.0;187968.0;0;Bochum;44805;rainer.hoettecke@wisag.de;
NAVIGA;2;7;5;2025-07-28;8878531.0;1454540.0;1;Achim;28832;info@naviga.de;
SST-Schultafel Service Team;2;7;4;2025-07-25;209175.0;39350.0;0;Ganderkesee;27777;sst-schultafeln@ewetel.net;http://www.schultafelshop.de
ARANEACONSULT;1;7;6;2025-07-22;663907.0;331954.0;0;Brandenburg - Potsdam;14482;nadine.neumann@araneaCONSULT.de;
ITSLEARNING;1;7;3;2025-07-07;36687171.0;4563140.0;0;Berlin;10243;info.de@itslearning.com;https://de.itslearning.com/index.aspx
THINKPROJECT;5;7;3;2025-06-30;13547014.0;6773507.0;0;München;81671;info@thinkproject.com;
N-TREE;3;7;5;2025-06-30;532983.0;266491.0;0;Bregenz;6900;sales@n-tree.com;http://n-tree.com
DOCCONSULT;1;7;5;2025-06-30;10493366.0;324863.0;0;Bonn;53177;info@docconsult.gmbh;
EBCSOFT;1;7;4;2025-06-27;12401069.0;2951882.0;0;Leipzig;04109;vergabe@EBCsoft.de;http://www.ebcsoft.de
Druckerei Huwig GmbH;1;7;5;2025-06-13;1335973.0;667987.0;0;Düsseldorf;40470;f.liebert@printcom.de;https://www.printcom.de/
INDEVIS;1;7;7;2025-06-04;2316665.0;164279.0;0;München;81379;sales@indevis.de;
INTEVATION;1;7;5;2025-05-19;1041365.0;410500.0;1;Osnabrück;49074;intevation@intevation.de;
MUGLER;1;7;4;2025-05-07;1898402.0;949201.0;0;Oberlungwitz;09353;mugler@mugler.de;http://www.mugler.de
SCIENCE-COMPUTING;1;7;6;2025-04-29;2781483.0;303939.0;0;Tübingen;72070;hpc-sales@eviden.com;
SIRUP;1;7;5;2025-04-28;2308698.0;400000.0;0;Berlin;10119;hello@sirup.com;
COLOGNE-HUNTERS;2;7;5;2025-04-21;9430231.0;307297.0;14;Köln;50677;kontakt@cologne-hunters.de;
SUEDWESTMAIL;1;7;5;2025-03-31;16863694.0;1047804.0;0;Langenau;89129;O.Handke@suedwestmail.de;www.suedwestmail.de
AVANTUM;1;7;5;2025-03-17;1164262.0;582131.0;0;Filderstadt-Bernhausen;70794;sales.management@avantum.de;
CIT;1;7;5;2025-03-14;2286696.0;584452.0;0;Dettingen/Teck;73265;no@emailaddress.given;
CIB;1;7;5;2025-01-28;3796600.0;436000.0;0;München;81925;info@cib.de;
CITIPOST-GOETTINGEN;1;7;5;2025-01-13;139505616.0;36570000.0;0;Göttingen;37079;d.borchert@citipost-goettingen.de;
SECCOMMERCE;2;7;6;2025-01-10;1799700.0;687200.0;0;Hamburg;22335;sales@seccommerce.com;
HIGHQ;1;7;5;2024-12-21;221900.0;221900.0;1;Freiburg;79100;ausschreibung@highq.de;
PRISMA-SOLUTIONS;1;7;5;2024-12-20;6911834.0;686000.0;2;Berlin;10119;office@prisma-solutions.de;
AVI.DAT Software & Technology GmbH;1;7;4;2024-12-20;193664.0;193664.0;0;Leipzig;04275;m.buechel@avidat.com;
CONRAD;1;7;4;2024-12-17;4603775.0;145632.0;0;Hirschau;92240;sarah.knab@conrad.de;
Max Müller;1;7;6;2024-12-17;4753771.0;1482992.0;0;Bremen;28279;info@mm-bremen.de;
M2. technology & project consulting GmbH;1;7;4;2024-12-12;979021.0;489511.0;0;Berlin;10437;info@m2dot.com;
MAGNETFORENSICS;3;7;3;2024-12-11;5096393.0;373991.0;0;München;80333;sales@magnetforensics.com;
AMCONGMBH;4;7;3;2024-12-10;598760.0;598760.0;0;Cloppenburg;49661;ausschreibung@amcongmbh.de;
SUEDMAIL;3;7;4;2024-12-02;1920382.0;879570.0;0;Weingarten;88250;t.gerlach@suedmail.de;
SYNCWORK;1;7;5;2024-11-18;2928588.0;585000.0;0;Dresden;01069;ausschreibung@syncwork.de;
PWA-ELECTRONIC;3;7;3;2024-11-11;839376.0;419688.0;0;Seligenstadt;63500;mail@pwa-electronic.de;
APENIO;1;7;3;2024-11-07;976618.0;488309.0;3;Bremen;28359;patrick.kesselhut@apenio.de;
MAYER-NETWORK;2;7;6;2024-10-28;5401320.0;345000.0;0;Heilbronn;74078;ausschreibung@mayer-network.com;
TASTEONE;2;7;3;2024-10-24;8929312.0;1200000.0;0;Leverkusen;51377;ausschreibung@tasteone.eu;
HESSE-PARTNER;1;7;5;2024-10-08;2778410.0;309902.0;0;Rostock;18069;graumann@hesse-partner.com;
Westhouse Consulting GmbH;1;7;3;2024-10-08;;;3;Garching bei München;85748;bidmanagement@westhouse-group.com;
CAMPUSWARE;1;7;4;2024-09-25;890946.0;272185.0;0;Magdeburg;39104;kontakt@campusware.info;
CARENOBLE Gesellschaft für Gesundheitsökonomie mbH & Co. KG;1;7;5;2024-09-16;437757.0;437757.0;0;Leipzig;04109;;
SOPTIM AG;1;7;5;2024-09-01;36544918.0;18272459.0;0;Aachen;52072;bieterportal-alt@deutschebahn.com;
RAMBOLL;2;7;5;2024-07-10;1746250.0;495625.0;0;Hamburg;22763;ausschreibungen@ramboll.com;
HANSEVISION;1;7;6;2024-06-27;843271.0;340600.0;2;Hamburg;20359;sales@hansevision.de;
HEUTINK-ICT;1;7;5;2024-06-18;2806994.0;490453.0;0;Georgsmarienhütte;49124;info@heutink-ict.de;
K-Businesscom GmbH;2;7;3;2024-05-27;243890.0;243890.0;0;Neuss;41468;kbc.de.info@k-business.com;
DEBORATE;1;7;5;2024-05-07;1577600.0;525504.0;0;Unterhaching;82008;vertrieb@deborate.de;
ADWEKO;1;7;5;2024-05-06;64799936.0;5070000.0;1;Walldorf;69190;info@adweko.de;
PHSOFT;2;7;4;2024-04-19;;;0;Gersthofen;86368;philipps@phsoft.de;
ALPHA2000;1;7;5;2024-04-03;5629831.0;1375000.0;0;Leipzig;04347;leipzig@alpha2000.de;https://www.alpha2000.de
systemzwo GmbH;1;7;4;2024-03-13;2100878.0;275075.0;0;Ulm;89077;vertrieb@sz-group.de;
ENDE-INTERAKTIV;2;7;6;2024-01-30;2899374.0;467757.0;0;Kalchreuth;90562;th@wende-interaktiv.de;
MGM Consulting Partners GmbH;1;7;5;2024-01-05;22464000.0;9642000.0;1;Hamburg;20457;info@mgm-cp.com;
PFLEGEPLATZMANAGER;1;7;2;2023-12-22;12406910.0;645420.0;0;Greiz;07973;vergabe@pflegeplatzmanager.de;http://www.pflegeplatzmanager.de
VIANOVA-TN;1;7;3;2023-12-14;1648675.0;824338.0;0;Kaufbeuren;87600;info@vianova-tn.de;
TURBO-POST;1;7;6;2023-12-12;2848521.0;37174.0;0;Neuruppin;16816;bartsch@turbo-post.de;
LANGMATZ;1;7;4;2023-10-12;13555141.0;925110.0;0;Garmisch-Partenkirchen;82467;j.husel@langmatz.de;
PCola IT-Service;1;7;5;2023-09-11;9513055.0;268698.0;0;Usingen;61250;;
LEHMANN-PARTNER;1;7;6;2023-08-28;3775235.0;417318.0;0;Erfurt;99086;info@lehmann-partner.de;
BBH Technische Anlagen GmbH;1;7;5;2023-08-21;2910772.0;440316.0;0;Hemer;58675;m.oschem@bbh-hemer.de;
Breitenbach Software-Engineering GmbH;1;7;5;2023-08-12;8948753.0;945000.0;0;Möhnesee;59519;eb@bb-sw.de;
Anstalt für kommunale Datenverarbeitung in Bayern (AKDB), vertreten durch die KUBUS Kommunalberatung und Service GmbH;1;7;3;2023-07-24;2662885.0;287896.0;0;Augsburg;86179;;
ESELL;1;7;4;2023-07-20;3462550.0;450950.0;0;Holzkirchen;83607;Thomas.Rasshofer@esell.de;
KURZBACH-VECHTA;1;7;3;2023-07-13;119421.0;119421.0;0;Vechta;49377;meyer@kurzbach-vechta.de;
Sys-it GmbH;1;7;3;2023-05-09;5230648.0;543723.0;0;Husum;25813;;
Bechtle GmbH IT.Systemhaus Berlin;1;7;4;2023-05-02;980639000.0;29900000.0;0;Berlin;10553;;
PIXIDA;1;7;2;2023-03-13;129200.0;129200.0;0;München;80805;public@pixida.com;
Softgate GmbH;1;7;6;2022-12-22;20016461.0;2033894.0;0;erlangen;91052;vertrieb@soft-gate.de;
MCL IT;1;7;2;2022-12-13;11502325.0;243095.0;0;Böblingen;04103;;
Mensch und Maschine acadGraph GmbH;1;7;5;2022-06-15;1472348.0;390134.0;0;Borken;46325;rupert.laukemper@mum.de;
KOBIL Systems GmbH;1;7;4;2022-04-01;;;0;Worms;67591;;
TELEXIOM;1;7;6;2022-03-10;58137156.0;1182720.0;0;Köln;50672;bid@telexiom.de;
MBITS;1;6;3;2026-06-24;290000.0;290000.0;0;Heidelberg;69123;gergel@mbits.info;https://mbits.info/
INTENSE;1;6;5;2026-06-24;18369000.0;18369000.0;2;Würzburg;97080;info@intense.de;
BAUER-NETZ;1;6;5;2026-06-24;4448013.0;308668.0;0;Buchbach;84428;vertrieb.buchbach@bauer-netz.de;
BRAINCON;1;6;4;2026-06-22;848683.0;424341.0;0;Dieburg;64807;info@braincon.de;http://www.braincon.de
BKK Gildemeister Seidensticker;1;6;3;2026-06-22;24857301.0;986763.0;0;Köln;51063;foerderung.tdg@glasfaserplus.de;http://www.glasfaserplus.de
OWIG;1;6;3;2026-06-17;5043685.0;847770.0;0;Rottweil;78628;sales@owig.de;http://owig.de
HM Informatik GmbH;1;6;4;2026-06-09;1140320.0;570160.0;0;Ilmenau;98693;ausschreibung@hm-ag.de;
WTG Leitstellentechnik GmbH;1;6;5;2026-06-09;4342086.0;253668.0;1;Coesfeld;48653;leitstellentechnik@wtg.com;http://www.wtg.com
GROTHCOMPANY;1;6;4;2026-06-08;2700000.0;1350000.0;0;Hamburg;20099;arne.schiemann@grothcompany.de;
OTRS;1;6;6;2026-06-03;1280636.0;460000.0;0;Oberursel;61440;sales@otrs.com;
UNTIS;2;6;2;2026-05-28;;;0;Stockerau;A-2000;office@untis.at;https://www.untis.at
SYNALIS;1;6;6;2026-05-27;461311.0;230656.0;0;Bonn;53229;info@synalis.de;http://www.synalis.de
AAGON;1;6;6;2026-05-27;838565.0;258724.0;0;Soest;59494;sales@aagon.com;http://www.aagon.de
MOVINGIMAGE;1;6;4;2026-05-26;19003.0;19003.0;0;Berlin;10961;info@movingimage.com;
FNTSOFTWARE;3;6;3;2026-05-21;387757.0;193879.0;0;Ellwangen/Jagst;73479;info@fntsoftware.com;https://www.fntsoftware.com/
ASERVO;1;6;4;2026-05-19;799871.0;799871.0;0;München;81829;kontakt@aservo.com;http://aservo.com
BSA-SYSTEMHAUS;1;6;5;2026-05-18;1588782.0;322005.0;0;Memmingen;87700;info@bsa-systemhaus.de;
TT-CAMPUSONE;1;6;3;2026-05-12;438000.0;438000.0;0;Ludwigsburg;71638;info@wtt-campusone.com;
BananaGlue GmbH;1;6;3;2026-05-11;6720470.0;1319408.0;0;Berlin;10997;jw@fireapp.io;
ESSENDI;1;6;5;2026-05-11;2701685.0;634125.0;0;Schwäbisch Hall;74523;info@essendi.de;http://www.essendi.de
SWISIO;2;6;3;2026-05-05;2342346.0;568546.0;0;Berlin;10115;info@swisio.de;
multi-media systeme aktiengesellschaft;1;6;5;2026-04-29;1238655.0;480923.0;0;Walzbachtal;75045;adrian.muenchinger@mmsag.de;http://mmsag.de
AFI-SOLUTIONS;1;6;4;2026-04-28;1101450.0;550725.0;0;Stuttgart;70567;muamed.arifi@afi-solutions.com;https://www.doxis.com
ABAMEDICUS;2;6;4;2026-04-27;171099.0;85549.0;0;Halle;06120;info@abamedicus.de;http://www.abamedicus.de
BBT-TECHNIK;2;6;4;2026-04-16;;;0;Waghäusel;68753;jonas.toumanidis@bbt-technik.de;
ACL;1;6;5;2026-04-14;821036.0;410518.0;0;Markkleeberg;04416;no@emailaddress.given;
SCHLEUPEN;1;6;4;2026-04-13;5671352.0;1609676.0;0;Ettlingen;12345;vertrieb@schleupen.de;https://www.schleupen.de/
SPGLOBAL;4;6;4;2026-04-13;293047.0;293047.0;0;LONDON;EC2Y 9LY;dpearcey@spglobal.com;
ZEISS;5;6;5;2026-04-07;109965.0;109965.0;0;Oberkochen;73447;tenders.optical.metrology@zeiss.com;
HMMDEUTSCHLAND;1;6;5;2026-04-07;1172882.0;398000.0;0;Moers;47445;ausschreibung@hmmdeutschland.de;https://www.hmmdeutschland.de/
X1F;4;6;3;2026-03-25;;;0;München;80335;ausschreibung_x1f@x1f.one;http://www.x1f.one
CPRO-STRATEGY;1;6;4;2026-03-23;3133853.0;1566927.0;0;Hamburg;22083;vertrieb@cpro-strategy.com;
Blickle & Scherer Kommunikationstechnik GmbH & Co KG;1;6;6;2026-03-11;308186.0;154093.0;0;Karlsruhe;76149;ausschreibungen@bsk-world.de;https://www.bsk-world.de
PEB-BREITBAND;1;6;5;2026-02-26;193212938.0;21701370.0;0;Darmstadt;64293;udo.klenk@peb-breitband.de;www.peb-breitband.de
Eviden Germany GmbH;5;6;3;2026-02-19;111836.0;111836.0;1;München;81739;Christina.stiesy@atos.net;http://de.atos.net
ARANEANET;1;6;5;2026-02-11;;;0;Potsdam;14482;sales@araneanet.de;
HYPERTEGRITY;2;6;3;2026-02-10;3144068.0;1572034.0;0;Büren;33142;sales@hypertegrity.de;
Be Shaping The Future - Performance, Transformation, Digital GmbH;2;6;3;2026-02-09;2363340.0;2363340.0;2;München;81541;tender@be-tse.de;
Becton Dickinson Austria GmbH;3;6;5;2026-02-05;1515214.0;364518.0;0;Wien;1030;sarah.thelen@bd.com;
DIGIT4U-BS;3;6;4;2026-01-30;3767166.0;1883583.0;1;Ismaning;85737;bid@digit4u-bs.de;https://digit4u-bs.de
SYSTHEMIS;1;6;5;2026-01-27;952450.0;952450.0;2;Würzburg;97082;info@systhemis.de;https://systhemis.de/
ISR;1;6;4;2026-01-26;8951000.0;8951000.0;0;Braunschweig;38100;salesoperations@isr.de;http://www.isr.de
SIMOVATIVE;1;6;6;2026-01-19;3564000.0;3564000.0;0;München;80339;assunta.steiner@simovative.com;
Rhein-Main-Verkehrsverbund Servicegesellschaft mbH (rms GmbH);1;6;4;2026-01-05;197000.0;197000.0;0;Frankfurt;60329;auschreibungen@rms-consult.de;http://www.rms-consult.de
<<acceptIT>> GmbH;1;6;5;2025-12-30;1238140.0;248799.0;0;Paderborn;33100;info@accept-it.de;
TSA Public Service GmbH;1;6;5;2025-12-18;2379103.0;1189552.0;0;Halle;06108;info@tsaps.de;https://tsaps.de
KOMMUNIX;3;6;5;2025-12-18;11700564.0;728032.0;1;Unna;59425;info@kommunix.de;https://www.kommunix.de
PWP-SYSTEMS;1;6;5;2025-12-17;4191030.0;1025210.0;0;Bad Camberg;65520;info@pwp-systems.de;
ELSEVIER;3;6;5;2025-12-16;1273838.0;298233.0;0;Amsterdam;1043 NX;m.neuroth@elsevier.com;https://www.elsevier.com/de-de
FOBIZZ;3;6;2;2025-12-16;;;0;Hamburg;20099;kontakt@fobizz.com;www.fobizz.com
3M Healthcare Germany GmbH;3;6;2;2025-12-10;730964.0;365482.0;0;Kamen;59174;his-customer-service@solventum.com;https://www.solventum.com/de-de/home/
CITYBRIEFBOTE;1;6;5;2025-12-09;3107773.0;736453.0;0;Schwedt;16303;info@citybriefbote.de;http://www.citybriefbote.de
BYON;1;6;5;2025-12-02;2058877.0;594951.0;0;Frankfurt am Main;60486;ausschreibungen@byon.de;https://www.byon.de
RHEINMETALL;1;6;3;2025-12-02;1989000.0;1989000.0;0;Bremen;28309;info-rme@rheinmetall.com;
ALSTOMGROUP;2;6;2;2025-11-27;622595.0;157546.0;0;Neuhausen;8212;info.ch@trapezgroup.com;
Digitas Pixelpark GmbH;2;6;5;2025-11-17;20329000.0;2925000.0;0;Hamburg;20099;;
COSMOCONSULT;3;6;4;2025-11-13;3367409.0;708974.0;0;Berlin;10963;zuleyma.braecklein@cosmoconsult.com;https://de.cosmoconsult.com/impressum/
CO-TEC GmbH;1;6;3;2025-11-12;2052187.0;341387.0;0;Rosenheim;83026;ausschreibungen@cotec.de;http://www.cotec.de
entfällt;1;6;2;2025-10-31;;;0;Böblingen;71034;jkoehler3@dxc.com;
NETZWERK-GMBH;1;6;4;2025-10-27;530557.0;19471.0;0;Barleben;39179;shaasper@netzwerk-gmbh.de;
CALPANA;2;6;4;2025-10-23;968240.0;234240.0;0;Hamburg;22761;office@calpana.com;
SMART-CJM;2;6;5;2025-10-23;1623378.0;168780.0;1;Krefeld;47802;info@smart-cjm.com;
B & DT Bürofachhandel und Datentechnik GmbH;1;6;5;2025-10-21;2295060.0;540058.0;0;Erfurt;99091;info@bdt-erfurt.de;https://www.interaktiv-displays.de
DPD;2;6;5;2025-10-15;;;0;Aschaffenburg;63741;info@dpd.de;
Bundesagentur für Arbeit Regionales Einkaufszentrum Nord;1;6;3;2025-10-13;248840.0;124420.0;0;Deidesheim;67146;tender@basec.de;
Heinr. Hünicke GmbH & Co. KG;1;6;4;2025-10-09;1242133.0;263654.0;0;Schwerin;19059;info@buerokompetenz.de;http://www.buerokompetenz.de
MEDKONNEKT;1;6;4;2025-10-08;1064000.0;532000.0;0;Garching bei München;85748;kontakt@medkonnekt.de;https://medkonnekt.de/
G-SYSTEMS;1;6;6;2025-10-01;20872643.0;1508591.0;0;Berlin;10243;ausschreibung@wg-systems.de;
Dierichsweiler Unternehmens- und Prozessberatung GmbH;1;6;4;2025-09-30;851487.0;425744.0;1;Mainz;55130;m.dierichsweiler@dup.de;
VITAGROUP;2;6;5;2025-09-30;33380509.0;9280509.0;0;Mannheim;68165;bid-office@vitagroup.ag;https://www.vitagroup.ag/
OCLC;2;6;3;2025-09-29;152210.0;152210.0;0;Böhl-Iggelheim;67459;vertrieb@oclc.org;https://www.oclc.org/de/home.html
LEITWERK;1;6;5;2025-09-22;1375497.0;319394.0;0;Appenweier-Urloffen;77767;info@leitwerk.de;
NSSLGlobal GmbH;1;6;4;2025-09-17;2286735.0;208571.0;0;Barsbüttel;22885;;
solocode GmbH;1;6;3;2025-09-15;1158435.0;579217.0;0;Berlin;10961;lpetrenz@anton.app;
TRADEXSYSTEMS;2;6;4;2025-09-15;1550355.0;386603.0;0;Tallinn;10145;info@tradexsystems.eu;http://www.tradexsystems.eu
imc information multimedia communication GmbH;1;6;3;2025-09-15;1018800.0;509400.0;0;Saarbrücken;66123;tenders@im-c.de;
CNS GmbH;1;6;4;2025-09-08;3756866.0;328093.0;0;Gelsenkirchen;45894;vertrieb@cns-gmbh.de;http://www.cns-gmbh.de
evolving systems consulting GmbH;1;6;3;2025-08-25;63600.0;31800.0;0;Hamburg;Alter Wall 34-36;tony.vonbornstaedt@evolvsys.com;
VSE NET GmbH;1;6;5;2025-08-18;8313192.0;1873192.0;0;Saarbrücken;66115;info@vsenet.de;
ROMOLD;1;6;5;2025-08-11;11718330.0;2185831.0;0;Surheim;83416;weber@romold.de;
ESKA-CONSULTING;2;6;3;2025-08-01;18886438.0;1686400.0;0;Schwabmünchen;86830;info@eska-consulting.com;
AVS-SYSTEME;1;6;5;2025-07-29;1663922.0;242367.0;0;Karlsruhe;76185;michael.stammen@avs-systeme.com;
TELTEC;1;6;5;2025-07-21;283466.0;141733.0;0;Mainz-Kastel;55252;j.ziegler@teltec.de;
SUNZINET;1;6;6;2025-07-18;259594.0;259594.0;0;Köln;51063;Sarah.Lampe@sunzinet.com;
SWISSPHONE;2;6;4;2025-07-08;1812354.0;515621.0;0;Gundelfingen;79194;info@swissphone.de;
MICROTOOL;3;6;4;2025-07-03;178000.0;178000.0;0;Berlin;10247;info@microtool.de;
GREENLIGHT-CONSULTING;1;6;5;2025-07-01;3826389.0;1913194.0;0;Oberhaching;82041;vertrieb@greenlight-consulting.com;
S2-SOFTWARE;1;6;5;2025-06-30;2142741.0;538151.0;0;Cochem;56812;info@s2-software.de;
TÜV NORD IT Secure Communications GmbH & Co. KG;1;6;4;2025-06-19;149096.0;149096.0;1;Berlin;10713;secom-bid@tuvit.de;https://www.tuvit-consulting.de/de/startseite/
KOMMIT;1;6;3;2025-06-18;548193.0;274097.0;0;Köln;51063;ausschreibungen@komm-it.de;
BUNGALSKI;1;6;3;2025-06-18;69818839.0;5515603.0;0;Verden;27283;marco@bungalski.de;
INVENT-AG;1;6;4;2025-06-18;1037313.0;343040.0;0;Bielefeld;33604;info@invent-ag.de;
STEPIT;1;6;5;2025-06-10;6813402.0;388000.0;0;Hagen;58135;Dominik.Kruckenberg@stepIT.net;
ENERGY-NET;1;6;4;2025-06-03;;;0;Frankfurt am Main;60327;sales@energy-net.de;
DALUX;3;6;3;2025-05-09;375088.0;375088.0;0;Harrislee;24955;support@dalux.com;https://www.dalux.com/
DEUTSCHERVERSANDSERVICE;3;6;4;2025-04-25;;;0;Ratingen;40882;ausschreibungen@deutscherversandservice.de;https://www.deutscherversandservice.de/
METTENMEIER;1;6;5;2025-04-22;2021798.0;1010899.0;0;Paderborn;33100;robust-pc@mettenmeier.de;http://www.mettenmeier.de/
DAVASO;1;6;4;2025-04-15;100.0;100.0;0;Leipzig;04316;info@davaso.de;
Taurus Europe B.V.;2;6;4;2025-04-14;934014.0;4004.0;0;Schiphol-Rijk;1119RB;tenders@clustervision.com;
BFW Kommunikationssysteme GmbH;1;6;4;2025-04-09;1790161.0;407227.0;0;Langenhagen;30855;a.fessler@bfwkom.de;
RIEDEL;3;6;5;2025-04-08;473275.0;473275.0;0;Wuppertal;42109;marketing@riedel.net;
Jarosch & Haas GmbH;2;6;4;2025-04-01;136600.0;136600.0;0;Wien;1010;office@mobile.at;https://www.mobile.at/
KRAUTH-ONLINE;1;6;5;2025-04-01;6816220.0;3408110.0;0;Eberbach;69412;sandra.heid@krauth-online.de;http://www.krauth-technology.de
EUROCOMMAND;1;6;5;2025-03-27;2829176.0;729600.0;0;Hamburg;22525;support@eurocommand.com;
ACHELOS;1;6;5;2025-03-14;2012411.0;636111.0;1;Paderborn;33100;info@achelos.de;
ECSEC;1;6;5;2025-03-14;434000.0;172500.0;1;Michelau;96247;info@ecsec.de;
RHENUS;4;6;6;2025-03-04;34658503.0;5412930.0;0;Karlsfeld;85757;officelogistic@de.rhenus.com;
LüneCom Kommunikationslösungen GmbH;1;6;4;2025-02-26;38991116.0;1949981.0;0;Lüneburg;21337;eric.lueer@luenecom.de;
DATAKOM;1;6;5;2025-02-21;737235.0;334956.0;0;Ismaning;85737;info@datakom.de;
r-tec IT Security GmbH;1;6;4;2025-02-03;227900.0;113950.0;0;Wuppertal;42281;p.schoepp@r-tec.net;https://www.r-tec.net
BVC Computerhandels GmbH;1;6;4;2025-01-24;3364309.0;1682155.0;0;Berlin;12353;boettcher@bvc-computer.de;
U2D;2;6;5;2025-01-21;374804.0;187402.0;0;Nürnberg;90489;info@u2d.de;
SALZBRENNER;2;6;5;2025-01-20;1256984.0;628492.0;0;Buttenheim;96155;ausschreibungen@salzbrenner.com;
QO-JENA;2;6;4;2025-01-08;1396631.0;376066.0;0;Jena;07745;info@qo-jena.com;
KITCONCEPT;1;6;4;2024-12-16;992200.0;251600.0;0;Bonn;53113;info@kitconcept.com;https://www.kitconcept.com
ERGO-COMPUTER;1;6;3;2024-12-12;130800.0;130800.0;0;Essen;45127;m.dehler@ergo-computer.de;https://www.ergo-computer.de
IGT;2;6;2;2024-12-12;450000.0;225000.0;0;Larnaca;6021;info@igt.com;
BISIMULATIONS;1;6;4;2024-12-11;;;0;Frankfurt am Main;60325;sven.lippmann@bisimulations.com;
MARIS-HEALTHCARE;2;6;4;2024-12-09;2639076.0;892076.0;1;Illingen;66557;vertrieb@maris-healthcare.de;
FJD;2;6;3;2024-12-09;299970.0;299970.0;0;Feldkirchen;85622;briefkasten@fjd.de;
GBS;1;6;5;2024-12-06;;;0;Karlsruhe;76227;sales@gbs.com;
FRANCOTYP;1;6;3;2024-12-03;;;0;Berlin;13089;ausschreibung@francotyp.com;
MG-INDUSTRIEELEKTRONIK;1;6;3;2024-12-02;1456721.0;1456721.0;0;Ettlingen;76275;info@mg-industrieelektronik.de;
DELTAPROJECTS;1;6;5;2024-11-29;1911360.0;955680.0;0;Feldkirchen;85622;sh@deltaprojects.de;
CADFEM;2;6;6;2024-11-28;1440698.0;378996.0;0;Grafing b. München;85567;gpigasse@cadfem.de;
TERRESTRIS;1;6;4;2024-11-14;1196860.0;460500.0;0;Bonn;53111;ausschreibungen@terrestris.de;
CONSODALIS;1;6;4;2024-11-11;3500000.0;3500000.0;2;Ahrensburg;22926;info@consodalis.de;
HANSA-COMPUTER;1;6;4;2024-11-08;667023.0;333511.0;0;Leipzig;04129;thomas.wehle@hansa-computer.de;
KROTUS-COMPUTER;1;6;4;2024-11-05;1488562.0;232087.0;0;Bochum;44805;chris@krotus-computer.de;
CTV GmbH;1;6;5;2024-10-29;4572487.0;332693.0;0;Wilkau-Haßlau;08112;vertrieb@ctv-zwickau.de;
MODULIPRINT;3;6;4;2024-10-28;3317120.0;1540000.0;0;Heerde;8181BG;info@vandermost.com;
Steinmetz Briefumschläge GmbH & Co. KG;1;6;6;2024-10-25;1605386.0;421386.0;0;Schenefeld;22869;nludewig@stbu-kg.de;
AKDB – Anstalt des öffentlichen Rechts;1;6;5;2024-10-15;9688250.0;400000.0;0;München;80686;ausschreibung@akdb.de;
CONSIST;1;6;5;2024-10-08;2142000.0;1071000.0;0;Kiel;24159;info@consist.de;
MATRIX;1;6;3;2024-09-24;9261920.0;4630960.0;0;München;80335;info@matrix.ag;
HOTSPLOTS;1;6;5;2024-09-12;694472.0;347236.0;0;Berlin;10245;ausschreibungen@hotsplots.de;
EXPLEOGROUP;3;6;4;2024-09-11;27000000.0;27000000.0;1;Köln;51149;tobias.amini@expleogroup.com;
HUBER-FENEBERG;1;6;4;2024-08-21;1845669.0;853442.0;1;München;81671;info@huber-feneberg.de;
INTERACTIVE-INSTRUMENTS;1;6;3;2024-08-14;2812688.0;740000.0;0;Bonn;53113;mail@interactive-instruments.de;
OGITIX;3;6;3;2024-08-01;1563061.0;320984.0;0;Langenfeld;40764;info@ogitix.de;
FLEISCHHACKER;1;6;3;2024-07-29;100.0;100.0;0;Schwerte;58239;info@fleischhacker.biz;
DWK;1;6;4;2024-07-23;487144.0;173368.0;0;Essen;45326;stefan.wiechers@dwk.de;
ELIGO;1;6;4;2024-07-11;;;0;Berlin;10965;service@eligo.de;
SCHERER-SAAR;1;6;4;2024-06-19;;;0;Völklingen;66333;info@scherer-saar.de;
GESUNDHEITSFOREN;1;6;6;2024-05-24;3327000.0;1000000.0;0;Leipzig;04109;kontakt@gesundheitsforen.net;
INOBJEKT;2;6;3;2024-05-13;1662799.0;422489.0;0;Höpfingen;74746;info@inobjekt.com;
NEOCOSMO;1;6;3;2024-05-06;576840.0;288420.0;0;Saarbrücken;66123;volker@neocosmo.de;
Elektroanlagen Seifriedsberger & Gruber GmbH;1;6;4;2024-04-08;2177315.0;508993.0;0;Dachau;85221;mail@lichtquelle.info;
IQDOQ;1;6;5;2024-03-25;1817260.0;908630.0;0;Bad Vilbel;61118;info@iqdoq.de;https://www.iqdoq.de/
M-net Telekommunikations GmbH;1;6;4;2024-03-18;57046459.0;370464.0;1;Nrnberg;90443;hans.michel@m-net.de;
OFM;2;6;4;2024-02-27;14537082.0;429036.0;0;Burgkunstadt;96224;info@ofm.de;
BITECH;2;6;5;2023-12-29;200000.0;200000.0;1;Leverkusen;51379;Thorsten.lehmann@bitech.ag;
SCHROEDERSYSTEME;1;6;5;2023-12-19;1518673.0;335000.0;0;Dresden;01109;info@schroedersysteme.de;
Sonepar Deutschland / Region West GmbH;1;6;4;2023-12-13;710036.0;114550.0;0;Holzwickede;59439;guido.steinmann@sonepar.de;
NAGARRO-ES;2;6;2;2023-12-12;9704162.0;1863516.0;0;Wiesbaden;65203;publicsector@nagarro-es.com;
ABCSYSTEMS;1;6;3;2023-10-16;4656719.0;858381.0;0;Schlieren;8952;ar@abcsystems.ch;
PAULY;1;6;5;2023-09-22;3527047.0;1065157.0;0;Limburg;65555;mfasel@pauly.de;
CAMPUSNET;1;6;4;2023-08-29;2979334.0;456300.0;0;Troisdorf;53842;allis@campusnet.de;
REGIOCOM;2;6;5;2023-08-07;28295809.0;3143125.0;0;Magdeburg;39112;Vertrieb@regiocom.com;
NOVASIB;1;6;4;2023-08-01;5314254.0;1300780.0;0;Erfurt;99097;ausschreibung@novasib.de;
HEFTER;1;6;4;2023-07-10;179015.0;179015.0;0;Prien;83209;info@hefter-systemform.com;
Calließ Bürotechnik;1;6;4;2023-07-01;8871029.0;272000.0;0;Berlin;12489;calliess@officestar.com;
PETERKENKEL;1;6;3;2023-06-18;4549522.0;408527.0;0;Holdorf;49451;info@peterkenkel.de;
Greenfiber Holding GmbH;1;6;1;2023-06-13;;;3;Hamburg;20095;;
CITIPOST-OS;1;6;5;2023-06-05;68190000.0;1095000.0;0;Osnabrück;49084;m.ellenberger@citipost-os.de;
G. Muth Partners GmbH;1;6;6;2023-05-23;3315040.0;221000.0;0;Wiesbaden;65205;;
EXPERIS;2;6;3;2023-05-10;6565464.0;3282732.0;1;Eschborn;65760;info@de.experis.com;
NETCONSULTGMBH;1;6;4;2023-04-28;3048160.0;462596.0;0;Chemnitz;09120;vergabe@netconsultgmbh.de;
S. E. A. Datentechnik GmbH;1;6;4;2023-03-31;1350089.0;334918.0;0;Troisdorf;53840;;
NOVEDAS;1;6;3;2023-03-13;4549200.0;2274600.0;0;Schönefeld;12529;rainer.raupach@novedas.com;
SCHNOOR-INS;1;6;6;2023-03-10;9450888.0;765990.0;0;Büdelsdorf;24782;vertriebsrecherche@schnoor-ins.com;
S&P Global Market Intelligence LLC;1;6;5;2023-02-09;167319096.0;3485815.0;0;NEW YORK NY 10041;;;
Virtual Forge GmbH;1;6;6;2022-07-21;456000.0;228000.0;0;Heidelberg;69124;alexander.zellner@onapsis.com;
ATOS-WERKZEUGE;1;6;4;2022-07-05;450816.0;138554.0;0;München;81739;yann.spydevold@atos.net;
KROMEDIA;2;6;3;2022-06-27;1641894.0;350259.0;0;Haiger;35708;ausschreibung@kromedia.de;
Mü. COMP Prenzlau;1;6;4;2022-04-21;7029457.0;503302.0;0;Prenzlau;17291;vertrieb@mc-pz.de;
BOHNEN;1;5;3;2026-06-29;26516313.0;191329.0;0;Wuppertal;42349;pr@bohnen.it;https://www.bohnen.it
SYSTEM-LOGISTIK;2;5;5;2026-06-22;;;0;München;81829;info@system-logistik.de;
UIPATH;3;5;5;2026-06-22;602517.0;602517.0;0;München;81671;info@uipath.com;
ZIS-SPEZIALBAUSTOFFE;1;5;4;2026-06-16;44458067.0;880902.0;0;Wackersdorf;92442;info@zis-spezialbaustoffe.de;https://www.zis-spezialbaustoffe.de/
Bayerische Kabelwerke Aktiengesellschaft;1;5;4;2026-06-10;10946170.0;2000000.0;0;Roth;91154;bieterportal-alt@deutschebahn.com;
NEXUSGROUP;1;5;4;2026-06-09;395000.0;395000.0;0;Karlsruhe;76137;nexus.customerservice.de@ingroupe.com;
ALLMODUL;2;5;3;2026-06-08;435177.0;435177.0;0;LEVERKUSEN;51379;m.wohlfahrt@allmodul.de;https://www.allmodul.de
INGENTIS;1;5;3;2026-06-05;399600.0;399600.0;0;Nürnberg;90475;mail@ingentis.com;https://www.ingentis.com
HEES;2;5;4;2026-06-03;7101703.0;1358020.0;0;Siegen;57074;malte.feckler@hees.de;http://hees.de
ISGUS;2;5;5;2026-06-03;1040291.0;520145.0;0;Warngau;83627;okappe@isgus.de;
SOLVIN;1;5;4;2026-06-02;265000.0;132500.0;0;Hamburg;20099;vertrieb@solvin.com;
GENERAL-OVERNIGHT;3;5;5;2026-05-28;616918.0;308459.0;0;Viernheim;68519;mhg.sales@general-overnight.com;
Nachrichtentechnik Bielefeld GmbH;1;5;4;2026-05-27;1497488.0;385514.0;1;Bielefeld;33719;info@ntb.de;http://www.ntb.de
UNIQUE-PROJECTS;1;5;3;2026-05-22;45462125.0;551640.0;0;Duisburg;47059;sales@unique-projects.com;http://www.unique-projects.com
EQUINIX;1;5;4;2026-05-21;;;0;Frankfurt am Main;60326;Christopher.Kosak@eu.equinix.com;
TRMLABS;2;5;4;2026-05-20;2047720.0;503360.0;0;San Francisco;94107;nicole.carles@trmlabs.com;
DIGOTEX GmbH;1;5;3;2026-05-15;;;0;Niederfischbach;57572;;
The Boston Consulting Group GmbH;1;5;3;2026-05-11;221000.0;221000.0;1;Düsseldorf;40212;bid.management@bcg.com;
BOSCH-DATA;1;5;2;2026-05-05;;;0;Wees;24999;jan.moldenhauer@bosch-data.de;http://www.bosch-data.de
KAPPEL-DIEROLF;1;5;3;2026-05-04;3403920.0;878611.0;0;Wendlingen am Neckar;73240;;
civillent GmbH;3;5;4;2026-05-04;7102112.0;3551056.0;0;Reutlingen;72770;kundenmanagement@civillent.de;
SERRALA;1;5;3;2026-04-30;;;0;Norderstedt;22848;office@serrala.com;http://www.serrala.de
ETC Solutions GmbH;2;5;5;2026-04-30;;;0;Berlin;12435;info@etc-consult.de;
ZETCOM;2;5;5;2026-04-29;1696997.0;617079.0;0;Berlin;10997;sales@zetcom.com;
BRETTINGHAM;1;5;4;2026-04-28;841600.0;230800.0;0;Berlin;10399;anfrage@brettingham.de;
IF-TECH;1;5;5;2026-04-26;836673.0;418337.0;0;München;81829;Dummy-eMail-eVergabe@fb.hamburg.de;http://www.if-tech.de
PLANET;3;5;4;2026-04-24;17647059.0;17647059.0;1;MAROUSI;151 25;rcoum@planet.gr;
BRUKER;2;5;3;2026-04-23;1332377.0;466613.0;0;Ettlingen;76275;customersupport.bbio.eimea@bruker.com;
KAPSCH;2;5;4;2026-04-22;730585.0;730585.0;0;Neuss;41468;kbc.de.info@kapsch.net;https://www.cancom.de
RANDSTAD;4;5;4;2026-04-15;2519020.0;2519020.0;0;Eschborn;65760;eportale-rpc@randstad.de;
WPS GmbH & Co. KG;1;5;4;2026-04-09;;;1;Hamburg;22301;ausschreibungen@wps.de;
GLOBALSIDE;1;5;5;2026-04-02;9832484.0;3464585.0;0;München;81925;juergen.pfaff@globalside.com;
AKKODIS;5;5;4;2026-04-01;;;0;Sindelfingen;71063;kontakt@akkodis.com;http://www.akkodis.com
GAUSS-LVS;2;5;3;2026-03-31;;;0;Paderborn;33100;info@gauss-lvs.de;
FORML;1;5;3;2026-03-27;798000.0;798000.0;0;München;80538;yasin@forml.eu;
Unternehmensberatung H & D GmbH;1;5;4;2026-03-27;4479437.0;2239718.0;0;München;81373;ausschreibungsteam@h-d-gmbh.de;
INFOTRAY;2;5;4;2026-03-26;1765166.0;882583.0;0;Winterthur;8400;koebi.ehrensberger@infotray.com;
SI PRO GmbH;3;5;5;2026-03-25;;;0;Mannheim;68163;info@si-pro.de;
Tata Consultancy Services Deutschland GmbH;1;5;4;2026-03-25;16656000000.0;54000000.0;0;Frankfurt am Main;60308;germany.info@tcs.com;http://www.tcs.com
SmartyCon GmbH;1;5;3;2026-03-25;140346400.0;70173200.0;0;Frankfurt;60486;lukas.benedens@emagine.de;
HELMICH;1;5;5;2026-03-24;2304806.0;419738.0;0;Marl;45770;innendienst@helmich.de;
HAMANN-MEDIA-TEC;1;5;2;2026-03-23;61076.0;61076.0;0;Mülheim a.d. Ruhr;45472;info@hamann-media-tec.de;http://hamann-media-tec.de
BREDEX GmbH;1;5;3;2026-03-23;5984752.0;992376.0;1;Braunschweig;38100;Dummy-eMail-eVergabe@fb.hamburg.de;
EXPERTPLACE;1;5;4;2026-03-20;695040.0;695040.0;0;Köln;50968;sales@expertplace.de;
EKA;2;5;4;2026-03-16;1080000.0;1080000.0;0;Kissing;86438;service@weka.de;https://www.weka.de/
UHB-SOFTWARE;4;5;3;2026-03-16;;;0;St.Wolfgang;84427;kontakt@uhb-software.com;
IRIS e. V.;1;5;5;2026-03-05;2050859.0;56670.0;0;Berlin;12439;mail@iris-sensing.com;
EODA;1;5;3;2026-03-04;;;0;Kassel;34127;sales@eoda.de;
MEGA;1;5;5;2026-03-03;;;0;Berlin;10178;pmatho@mega.com;
Johnson Controls Systems & Service GmbH;1;5;5;2026-02-26;819361.0;153000.0;0;Berlin;12489;serviceberlin.eur-de@jci.com;
SPINNCLOUD;2;5;3;2026-02-25;10346600.0;3360000.0;0;Dresden;01067;hector.gonzalez@spinncloud.com;
CISCO;2;5;4;2026-02-25;;;0;Garching;85748;aschoepp@cisco.com;
ERGOSIGN;1;5;4;2026-02-24;54320.0;54320.0;0;Saarbrücken;66113;bd@ergosign.de;https://www.ergosign.de/de/
P3 group GmbH;1;5;2;2026-02-20;;;0;Stuttgart;70191;mail@p3-group.com;
Entsorgungsbetriebe der Stadt Heilbronn;2;5;3;2026-02-19;;;0;München;80335;robert.papajewski@telekom.de;
USD;1;5;4;2026-02-16;3854020.0;3854020.0;0;Neu-Isenburg;63263;ausschreibung@usd.de;
Siemens Mobility GmbH;1;5;3;2026-02-11;6795984.0;1025210.0;0;Berlin;13629;ralf.molkenthin@siemens.com;
TWL-Kom GmbH;1;5;3;2026-02-02;1794758.0;383990.0;0;Ludwigshafen;67059;sales@twl-kom.de;http://www.twl-kom.de
ALCERA;1;5;5;2026-02-02;3472341.0;569970.0;0;Hannover;30455;Einkauf@alcera.de;http://www.alcera.de
AUCTORES;1;5;3;2026-01-27;160.0;160.0;0;Neumarkt;92318;daniel.hausner@auctores.de;https://auctores.de/
IBRO;2;5;4;2026-01-26;1082129.0;358214.0;0;Roggentin;18184;;
DATAGROUP Frankfurt GmbH;2;5;4;2026-01-23;4500000.0;4500000.0;0;Neu-Isenburg;63263;bidteam.frankfurt@datagroup.de;
CIDEON;1;5;5;2026-01-19;291891.0;291891.0;0;Gräfelfing;82166;tender@cideon.com;
PRODATIS;1;5;5;2026-01-07;2438855.0;616914.0;1;Dresden;01067;jens.schletter@prodatis.com;http://www.prodatis.com
ABB;1;5;4;2026-01-06;246345.0;246345.0;0;Ratingen;40472;testing@de.abb.com;
PLUSWERK;1;5;5;2026-01-05;227000.0;227000.0;0;München;81829;tender@pluswerk.digital;
HYAND;2;5;2;2026-01-02;73096896.0;73096896.0;0;Ratingen;40882;sascha.wefers@hyand.com;http://www.hyand.com
NETLIGHT;1;5;2;2025-12-30;1600000.0;1600000.0;1;Frankfurt am Main;60329;info@netlight.de;https://www.netlight.com
ID Information und Dokumentation im Gesundheitswesen GmbH & Co. KGaA;2;5;3;2025-12-29;1504710.0;752355.0;0;Berlin;10115;vertrieb@id-berlin.de;https://www.id-berlin.de/
MTG GmbH & Co.KG;1;5;4;2025-12-23;1323067.0;420000.0;0;Darmstadt;64293;jruf@mtg.de;
Frings & Kuschnerus Computersysteme Gesellschaft mit beschränkter Haftung;1;5;5;2025-12-22;769327.0;384663.0;0;Hannover;30159;ah@fundk.com;
DESK7;3;5;3;2025-12-22;295418.0;295418.0;0;Hamburg;22529;solutions@desk7.com;https://desk7.com
IMESO;1;5;3;2025-12-22;1665836.0;832918.0;0;Gießen;35398;imeso@imeso.de;http://www.imeso.de
SCHWEERS;1;5;4;2025-12-22;3404269.0;847753.0;0;Meerbusch;40670;Vertrieb@schweers.de;
SN-INVENT;1;5;4;2025-12-21;222545134.0;111272567.0;1;Paderborn;33100;RESPOVVVV@rentenbank.de;
trinovis GmbH;1;5;3;2025-12-19;801000.0;400500.0;0;Hannover;30659;no@emailaddress.given;
ALTEN;1;5;3;2025-12-19;;;0;Coburg;96450;nemro.isler@alten.com;http://de.alten.com
MALTEGO;1;5;5;2025-12-18;791310.0;395655.0;0;München;80336;contact@maltego.com;
ECADIA;1;5;4;2025-12-18;971508.0;237000.0;0;Kornwestheim;70806;info@ecadia.de;http://ecadia.de
BETASYSTERMS;1;5;4;2025-12-17;1214000.0;607000.0;0;Berlin;10587;info@betasysterms.com;http://www.betasystems.com
iengineers;1;5;2;2025-12-15;495672.0;495672.0;0;Münster;48155;ausschreibungen@tie.ch;
TEUTO;1;5;4;2025-12-15;1629799.0;164900.0;0;Bielefeld;33602;info@teuto.net;
GREENBONE;2;5;2;2025-12-13;4724475.0;454868.0;0;Osnabrück;49074;sales@greenbone.net;http://greenbone.net
CRYPTOVISION;1;5;5;2025-12-12;130950.0;130950.0;0;Gelsenkirchen;45886;cv-business.administration@eviden.com;
ARGUMENTUM;1;5;3;2025-12-11;420000.0;420000.0;0;Oberhaching;82041;evergabe@argumentum.de;
Micro Focus Deutschland GmbH;2;5;2;2025-12-11;1843375.0;642103.0;0;Böblingen;71034;jreisewitz@opentext.com;http://opentext.com
QGROUP;1;5;5;2025-12-09;1089710.0;1089710.0;0;Wehrheim;61273;info@qgroup.de;http://qgroup.de
GRIT;1;5;5;2025-12-09;999999.0;999999.0;0;Werne;59368;schnegelsberg@grit.de;
SECURE-SERVICE-PROVISION;2;5;5;2025-12-08;6351217.0;3175608.0;0;Leipzig;04129;office@secure-service-provision.de;
arf GmbH;2;5;3;2025-12-05;93350.0;46675.0;0;Nürnberg;90411;arf@arf-gmbh.de;http://arf-gmbh.de
RISOPRINTER;2;5;5;2025-12-03;1116000.0;558000.0;0;Hamburg;22309;M.Frings@risoprinter.de;
AKI GmbH;1;5;4;2025-12-03;;;0;Meerbusch;40670;sales@aki-gmbh.com;
DRACOON;1;5;4;2025-12-02;1422000.0;711000.0;0;Regensburg;93053;a.sommer@dracoon.com;
DATABAY;1;5;2;2025-12-02;;;0;Würselen;52146;info@databay.de;
EUROKUVERT;1;5;5;2025-12-02;9311220.0;345000.0;0;Wuppertal;42107;info@eurokuvert.de;http://www.eurokuvert.de
Mensch und Maschine Deutschland GmbH;1;5;3;2025-12-01;3103963.0;1551982.0;0;Weßling;82234;daniel.vollmer@mum.de;
Xero Point e.K.;1;5;4;2025-12-01;4768606.0;592264.0;0;Aschaffenburg;63741;;
LECOS;1;5;4;2025-11-24;219913.0;219913.0;0;Leipzig;04103;Sebastian.Rauer@lecos.de;
INNOVATIVE-NAVIGATION;1;5;1;2025-11-20;12024135.0;2664276.0;0;Kornwestheim;70806;sales@innovative-navigation.de;
NETZINT;1;5;2;2025-11-18;;;0;Gütenbach;78148;info@netzint.de;
q.beyond AG;2;5;4;2025-11-14;1660965.0;233585.0;0;Hamburg;22303;;
UNION TANK Eckstein GmbH & Co. KG;1;5;4;2025-11-10;20053437.0;10026718.0;0;Kleinostheim;63801;offer@uta.com;http://www.uta.com
ADDITIVE-NET;2;5;3;2025-11-10;240000.0;240000.0;0;Bad Nauheim;61231;ralf.rosenberger@additive-net.de;
Pitney Bowes Deutschland GmbH;1;5;3;2025-11-06;330104.0;165052.0;0;Darmstadt;64293;ce-tender@pb.com;
EXPERIENCEONE;3;5;3;2025-11-04;;;0;Stuttgart;70174;business@experienceone.com;
B.I.N.S.S. GmbH;3;5;4;2025-11-03;680439.0;224457.0;0;Erfurt;99092;info@binss.net;https://www.binss.net/
SCHEIDT-BACHMANN-ST;1;5;4;2025-10-30;;;0;Melsdorf;24109;office.kiel@scheidt-bachmann-st.de;
PFLEGEHILFE;3;5;2;2025-10-27;606339.0;303170.0;0;Mainz;55120;ausschreibungen@pflegehilfe.de;
BADENIT;1;5;4;2025-10-22;41692470.0;1420000.0;0;Freiburg;79108;info@badenit.de;
DEROVIS;1;5;3;2025-10-20;1502775.0;751388.0;0;Berlin;12681;ausschreibung@derovis.de;http://derovis.de
BSI Business Systems Integration AG;2;5;4;2025-10-17;1811000.0;905500.0;1;Baden;5405;lifesciences-support@bsi-software.com;
FP Digital Business Solutions GmbH;3;5;4;2025-10-15;450000.0;225000.0;0;Berlin;12489;innendienst@fp-dbs.com;
IOKI;1;5;3;2025-10-13;99706.0;99706.0;0;Frankfurt am Main;60322;sales@ioki.com;
ITIS  AG;1;5;4;2025-10-13;948898.0;474449.0;0;Neubiberg;85579;itis@unibw.de;https://unibw.de/itis
CONSCIA;5;5;2;2025-10-13;2000.0;2000.0;0;Ettlingen;76275;stefan.bingel@conscia.com;
IDENTA;1;5;5;2025-10-02;892804.0;446402.0;0;VS-Schwenningen;78056;info@identa.com;
MSU-SOLUTIONS;1;5;3;2025-10-02;990580.0;495290.0;0;Halle;06120;info@msu-solutions.de;https://msu-solutions.de/
ABE GmbH;1;5;4;2025-09-24;1552716.0;1552716.0;0;Willich;47877;birgit.knoebel@abe-brands.de;https://www.abe-brands.de
ALLGEIER-ITS;1;5;3;2025-09-19;238226.0;119113.0;0;München;80807;vertrieb@allgeier-its.com;https://www.allgeier-its.com
TÜV Informationstechnik GmbH Unternehmensgruppe TÜV NORD;1;5;3;2025-09-16;454266.0;227133.0;0;Essen;45307;ausschreibung@tuvit.de;
DMK-EBUSINESS;1;5;5;2025-09-10;;;0;Köln;50858;ausschreibung@dmk-ebusiness.com;https://www.dmk-ebusiness.de/
HCSPARTNERS;3;5;3;2025-09-09;1151500.0;405000.0;0;München;81541;denzler@hcspartners.com;http://hcspartners.com
Königsteiner Büroservice;2;5;4;2025-09-09;1304647.0;299307.0;0;Königstein;61462;info@koebue.de;
PRESORT;1;5;4;2025-08-29;5771807.0;961801.0;0;Baden-Baden;76534;axel.schneider@presort.de;
AMPADA;1;5;3;2025-08-25;1439160.0;342460.0;0;Köln;50672;vertrieb@ampada.de;
DALCO;3;5;4;2025-08-25;4976295.0;663782.0;0;Wilen;8832;sales@dalco.ch;http://www.dalco.ch
QFM;1;5;4;2025-08-15;1540900.0;1540900.0;1;Berlin;12277;maren.juehrendt@qfm.eu;
NORDWEST-MAIL;1;5;4;2025-08-11;1529660.0;1529660.0;0;Bremen;28199;frank.rosebrock@nordwest-mail.de;http://www.citipost.de/Bremen
CLOUD-IONOS;1;5;4;2025-07-30;214001.0;214001.0;0;Montabaur;56410;Bid-public@cloud-ionos.com;
INTECSOFT;2;5;2;2025-07-29;360000.0;360000.0;1;Dresden;01307;dirk.nadoll@intecsoft.de;http://intecsoft.de
AVEO;2;5;4;2025-07-15;1311537.0;302008.0;0;Wolfegg;88364;info@aveo.de;
PINUTS;2;5;4;2025-07-11;820.0;820.0;0;Berlin;10117;andreas.gromadecki@pinuts.de;http://www.pinuts.de/
Smart Enterprise Solutions GmbH;1;5;5;2025-07-01;28800.0;28800.0;0;Pforzheim;75172;marco.detullio@smenso.de;
prokommunal Softwareentwicklungs- und Beratungsgesellschaft mbH;1;5;4;2025-06-30;6281826.0;338345.0;1;Berlin;13187;h.tamm@prokommunal.com;http://prokommunal.com
RECOM;2;5;3;2025-06-26;;;3;Kassel;34125;datenbank@recom.eu;
B.I.N.S.S. Medientechnik GmbH;1;5;4;2025-06-23;688750.0;129391.0;0;Berlin;13088;vertrieb@binss.media;
WGC Consulting GmbH;1;5;2;2025-06-17;;;1;Darmstadt;64297;w.gerlach@wgconline.eu;
HF-MEDIADIGITAL;2;5;3;2025-06-13;622402.0;261985.0;0;Hausham;83734;info@hf-mediadigital.de;
ORBIT;1;5;5;2025-06-06;12882593.0;2397496.0;0;Bonn;53175;info@orbit.de;
OKADIS;1;5;2;2025-06-05;7067200.0;1766800.0;0;Eschborn;65760;info@okadis.de;
Drees & Sommer Aktiengesellschaft;1;5;2;2025-05-27;5903764.0;2951882.0;1;Stuttgart;70190;info@dreso.com;
SYNEDRA;2;5;4;2025-05-27;2496649.0;764805.0;0;Innsbruck;6020;sales@synedra.com;
MD-CONSULTING;1;5;4;2025-05-25;9960000.0;9960000.0;0;Erfurt;99084;info@md-consulting.de;
LTG GmbH;1;5;5;2025-05-14;;;0;Horn-Bad Meinberg;32805;mld@forensik.company;
SECULONIA;1;5;5;2025-05-14;4736529.0;2368265.0;0;Köln;50933;vertrieb@seculonia.net;
BITE GmbH;1;5;4;2025-05-07;1096154.0;548077.0;0;Ulm;89077;hubert.ketterer@b-ite.de;http://www.b-ite.de
BETZOLD;1;5;3;2025-05-07;1901886.0;950943.0;0;Ellwangen;73479;ausschreibung@betzold.de;
PROSOFT-KRIPPNER;1;5;4;2025-05-02;;;0;Delitzsch;04509;richard.wohlfeld@prosoft-krippner.com;
FUTURUM-ACTIV;1;5;5;2025-04-30;1907867.0;469821.0;0;Stadtlohn;48703;info@futurum-activ.de;http://furtum-activ.,de
RETHINK;1;5;3;2025-04-25;;;0;Braunschweig;38118;v.afonichev@rethink.de;
ICT;1;5;4;2025-04-15;1076552.0;99537.0;0;Kohlberg;72664;info@ict.de;
ARVATO;1;5;5;2025-04-14;12145816.0;6072908.0;0;Gütersloh;33333;sales.utilities@bertelsmann.de;
REINMEDICAL;1;5;5;2025-04-14;946596.0;234165.0;0;Mönchengladbach;41238;vertriebde@reinmedical.com;http://www.reinmedical.com
ADVANTICS;1;5;3;2025-03-24;;;0;Düsseldorf;40210;info@advantics.de;http://advantics.de
EMENTO;3;5;3;2025-03-21;125364.0;125364.0;0;Ratingen;40885;tender@emento.de;
LOGIWAY;1;5;3;2025-03-21;1623538.0;811769.0;0;Berlin;13507;info@logiway.de;
ITR AG;1;5;4;2025-03-17;1246059.0;426956.0;0;Sindelfingen;71065;m.reuss@itr-ag.de;
FBETA;1;5;4;2025-03-14;6523000.0;2123000.0;1;Berlin;10823;info@fbeta.de;
DAASI;1;5;4;2025-03-13;250000.0;250000.0;0;Tübingen;72072;info@daasi.de;
Christian Ruppert IT-Consulting;2;5;4;2025-03-12;1428197.0;522689.0;0;Ingelheim;55218;c.ruppert@critcon.de;
PROTONES;1;5;3;2025-03-10;2291361.0;231295.0;0;Lüneburg;21339;sales@protones.de;
HELPLINE;1;5;5;2025-02-14;1564232.0;417950.0;0;Bad Camberg;65520;info@helpline.de;
CEITON;1;5;5;2025-01-31;21666871.0;10833435.0;1;Leipzig;04109;contact@ceiton.com;https://www.ceiton.com
SMATESO;2;5;4;2025-01-21;18637425.0;4012360.0;0;Bruchsal;76646;vergabe@smateso.com;
MIFCOM;1;5;3;2025-01-15;354566.0;134400.0;0;München;81673;info@mifcom.de;
MEDIA-LOGISTIK;2;5;2;2025-01-03;;;0;Chemnitz;09128;info@media-logistik.de;
LM IT-Services Aktiengesellschaft;1;5;4;2024-12-23;1300000.0;1300000.0;0;Osnabrück;49078;alexander.plato@lm-ag.de;
CYCLOMEDIA;1;5;5;2024-12-18;158123.0;158123.0;0;Wetzlar;35578;info-de@cyclomedia.com;
COSIFAN;1;5;4;2024-12-17;2522101.0;440000.0;0;Leipzig;04299;vertrieb@cosifan.de;
SDUI;1;5;3;2024-12-12;549144.0;274572.0;0;Koblenz;56070;info@sdui.de;
ANSYS;1;5;5;2024-12-12;1505372.0;400192.0;0;Darmstadt;64295;info-germany@ansys.com;
KOGIT;1;5;4;2024-12-02;;;0;Darmstadt;64283;info@kogit.de;
MEDIA-4-CAST;1;5;3;2024-11-29;3350038.0;574888.0;0;Emden;26721;office@media-4-cast.de;
G&L Geißendörfer & Leschinsky GmbH;1;5;4;2024-11-20;483000.0;241500.0;0;Köln;50825;pm@gl-systemhaus.de;
QUADIENT;1;5;4;2024-11-19;249134.0;249134.0;0;München;80339;info.de@quadient.com;
DIGITAL-SERVICE;2;5;4;2024-11-18;2511327.0;363384.0;0;St. Ingbert;66386;info@digital-service.de;
MEDER-COMMTECH;1;5;4;2024-11-18;;;0;Singen;78224;info@meder-commtech.com;
FORCONT;1;5;2;2024-11-14;1057806.0;528903.0;0;Leipzig;04229;office@forcont.de;
TELESTE;3;5;4;2024-11-12;901011.0;450506.0;0;Hannover;30163;sales@teleste.systems;
E4IT;1;5;4;2024-11-01;561200.0;561200.0;0;Bremen;28357;info@we4it.com;
ORGA-SOFT;2;5;4;2024-10-29;1975268.0;597479.0;0;Backnang;71522;h.baumstark@orga-soft.net;
MAIBORNWOLFF;1;5;4;2024-10-29;1124600.0;562300.0;0;München;80339;info@maibornwolff.de;
LA2;1;5;2;2024-10-28;999885.0;499943.0;0;Erlangen;91054;info@la2.de;https://www.la2.de/
Gesundheitszentrum Wetterau gGmbH;1;5;1;2024-10-25;1082191.0;541096.0;0;Solna;17173;tobias.schulz@keyfactor.com;
Blickle Leitstellen- und Kommunikationstechnik GmbH & Co. KG;1;5;3;2024-10-25;4107476.0;2053738.0;0;Ludwigsburg;71640;info@blk-world.de;
ALP-MEDIA;1;5;3;2024-10-25;2126262.0;475912.0;0;Leverkusen;51375;Info@alp-Media.de;
PSYCOTEK;2;5;3;2024-10-23;233958.0;233958.0;0;Coburg;96450;vertrieb@psycotek.de;
INDUCIO;1;5;3;2024-10-22;1892420.0;946210.0;0;Traunstein;83278;vertrieb@inducio.de;
DUSSMANN;2;5;4;2024-10-11;431085.0;215543.0;0;Berlin;10117;melanie.slawik@dussmann.de;
Grant Thornton AG;3;5;2;2024-10-10;472554.0;140000.0;0;Düsseldorf;40476;ausschreibungen@de.gt.com;
ACONSO;1;5;4;2024-10-09;195542.0;195542.0;0;München;80339;Julian.Baecker@aconso.com;
GISCON;2;5;5;2024-10-08;1207280.0;1207280.0;1;Dortmund;44147;achim.steudle@giscon.de;
PLANISWARE;1;5;4;2024-10-01;1919080.0;265685.0;0;München;80636;de_sales@planisware.com;
ATS Elektronik GmbH;1;5;4;2024-09-23;136000.0;136000.0;0;Wunstorf;31515;Dummy-eMail-eVergabe@fb.hamburg.de;
SIEMPELKAMP-NIS;1;5;4;2024-09-20;700000.0;700000.0;0;Rheinsberg;16831;nis.rheinsberg@siempelkamp-nis.com;https://www.siempelkamp-nis.com/
APROO;1;5;3;2024-08-30;3100911.0;1550456.0;0;Saarlouis;66740;info@aproo.de;
NCS;1;5;3;2024-08-29;1258678.0;333853.0;0;Friedberg;86316;tom.brumme@ncs.de;
DIGNUM;1;5;3;2024-08-23;;;0;Kissing;86438;info@dignum.de;
BUCHER-SUTER;1;5;3;2024-08-01;26745953.0;4291500.0;0;Bensheim;64625;info@bucher-suter.de;
Schwäbisch Hall Facility Management GmbH;2;5;4;2024-08-01;2227847.0;400378.0;0;Schwäbisch Hall;74523;michael.leibig@shfm.de;
MAWOH-IT;1;5;3;2024-07-26;490158.0;490158.0;0;Karlsfeld;85757;vertrieb@mawoh-it.de;
STAHLGMBH;1;5;3;2024-07-08;;;0;Pfaffenhofen;85276;fabian.stahl@stahlgmbh.de;https://stahlgmbh.de/
INFOR;1;5;2;2024-06-28;2673001.0;1336501.0;0;Berlin;10117;frank.clausnitzer@infor.com;
OCTO-IT;1;5;4;2024-06-24;797551.0;797551.0;0;Mannheim;68307;reinert.hirt@octo-it.de;
DORNER;1;5;3;2024-06-10;625525.0;312763.0;0;Müllheim;79379;j.reiche@dorner.de;
NURSIT-INSTITUTE;1;5;3;2024-06-08;;;2;Berlin;10719;tender@nursit-institute.de;
ESG-CONSULTING;1;5;4;2024-05-27;;;1;Fürstenfeldbruck;82256;ulrich.bethaeuser@esg-consulting.com;
SEMICO;1;5;4;2024-05-16;1581958.0;411700.0;0;Wiesbaden;65205;info@semico.de;
MEDIA-TEK;1;5;4;2024-05-10;1298357.0;392641.0;0;Bodenkirchen;84155;info@media-tek.com;
HCD-CONSULTING;1;5;3;2024-05-06;1220154.0;331354.0;0;Inning am Ammersee;82266;j.seifert@hcd-consulting.de;
Höchemer Büro GmbH;1;5;4;2024-05-03;2676352.0;606777.0;0;Bad Bocklet;97708;ck@hoechemer.de;
JS-SOFT;1;5;4;2024-04-30;910000.0;455000.0;0;Heidelberg;69115;info@js-soft.com;
PROSOZIAL e.V.;1;5;4;2024-03-28;1194650.0;597325.0;0;Koblenz;56076;info@prosozial.de;
the i-engineers AG;1;5;4;2024-03-19;1330176.0;665088.0;0;Münster;48153;ausschreibungen@tie.ch;
ACTEMIUM;2;5;4;2024-03-15;1985522.0;800000.0;0;Hamburg;22415;carsten.reinholdt@actemium.de;
"""Studio-Elektroakustik GmbH""";1;5;4;2024-03-14;1052850.0;285103.0;0;Leipzig;04249;service@sea-leipzig.de;
TELEMAXX;1;5;4;2024-03-01;41351878.0;791878.0;0;Karlsruhe;76227;brecht@telemaxx.de;
NTEAM;3;5;3;2024-03-01;1135887.0;567943.0;0;Berlin;10785;ilona.huebner@nteam.de;
SKOOL;1;5;3;2024-02-19;669640.0;154945.0;0;Übersee;83236;tender@skool.de;
AICGROUP;1;5;5;2024-01-09;;;0;Lüneburg;21337;Joerg.heydorn@aicgroup.de;
MECSWARE;1;5;3;2023-12-22;2193175.0;197008.0;0;Ratingen;40880;torsten.musiol@mecsware.com;
SIGMA-AV;1;5;2;2023-12-22;779920.0;779920.0;0;Düsseldorf;40549;info@sigma-av.tv;
JOBNET;1;5;5;2023-12-14;108000.0;108000.0;0;Berlin;10117;ac@jobnet.ag;
ITEBS Informationstechnologie Braunschweig GmbH;1;5;4;2023-12-04;448781.0;73850.0;0;Braunschweig;38122;info@itebs.de;
Seven Principles Mobility GmbH;1;5;3;2023-09-29;656800.0;656800.0;0;Köln;51149;sinaida.champion@7p-group.com;
EDV-Compas GmbH & Co. KG;1;5;3;2023-09-28;52006674.0;2000000.0;3;Krummesse;87700;;
SHARP;1;5;3;2023-09-11;4797435.0;815666.0;0;Neu-Isenburg;63263;federico.mastroianni@sharp.eu;
Sandstein Neue Medien GmbH;1;5;5;2023-09-05;22032800.0;2772000.0;2;Dresden;01309;;
INTRAFIND;1;5;4;2023-08-31;;;0;München;80687;franz.koegl@intrafind.de;
SPOTGROUP;1;5;4;2023-08-22;812240.0;812240.0;0;Mühltal;64367;gabriel.hemmerich@spotgroup.de;
R2P;1;5;3;2023-08-15;1456721.0;1456721.0;0;Flensburg;24941;paul.christiansen@r2p.com;
APFELWERK;1;5;3;2023-08-04;1208047.0;604024.0;0;Kornwestheim;70806;jamfschool@apfelwerk.de;
AH Computerbusiness GmbH;1;5;3;2023-07-30;1483534.0;249473.0;0;Euerdorf;97717;bjoern.mirbach@ahgmbh.de;
Roboyo GmbH;1;5;4;2023-07-28;746656.0;221000.0;0;Nürnberg;90443;;
NGN-FIBERNETWORK;1;5;3;2023-07-24;31546308.0;5019588.0;0;Aubstadt;97633;info@ngn-fibernetwork.de;https://www.ngn-fibernetwork.de
MAINTAL-BUEROFACHMARKT;1;5;4;2023-07-20;594928.0;214869.0;0;Würzburg;97080;info@maintal-buerofachmarkt.de;
TORGAU-KUVERT;1;5;4;2023-06-19;784090.0;74940.0;0;Süptitz;04860;Corinna.Koeppe@Torgau-Kuvert.com;
CENTRIC;2;5;2;2023-06-13;95835.0;95835.0;0;Essen;45128;philipp.robbes@centric.eu;
ACTONIC;1;5;3;2023-06-05;1554606.0;348933.0;0;Vaihingen an der Enz;71665;manzo@actonic.de;
KASTLEDV;1;5;3;2023-05-23;19721373.0;9860687.0;0;Stein;90547;oliver.kastl@kastledv.de;
Mü. COMP Prenzlau Computersystemhaus GmbH;1;5;3;2023-05-15;7023515.0;465941.0;0;Prenzlau;17291;vertrieb@mc-pz.de;
STRABAG;1;5;4;2023-05-02;683116.0;341558.0;0;Köln;50679;siss-lsi@strabag.com;
BALVI;1;5;4;2023-04-26;3747347.0;1420000.0;0;Lübeck;23562;info@balvi.de;
MIT-SYSTEMHAUS;1;5;3;2023-04-20;1076140.0;242244.0;0;Burghausen;84489;vertrieb@mit-systemhaus.com;
COMPLION;1;5;4;2023-03-13;333800.0;333800.0;0;Leipheim;89340;christian.grabner@complion.de;
JESSENLENZ;2;5;4;2023-02-24;801481.0;260718.0;0;Halle;06112;frank.bartschinski@jessenlenz.com;
AKDB Anstalt für Kommunale Datenverarbeitung in Bayern;1;5;4;2023-02-23;5503072.0;1700000.0;0;München;80686;Ausschreibung@akdb.de;
K & P COMPUTER-Service- und Vertriebs-GmbH;1;5;3;2023-02-13;859040.0;212527.0;0;Wiesbaden;65205;adzijevic@kpc.de;
Plisch GmbH;1;5;4;2023-01-30;;;0;Viernheim;68519;;
DEBEX-POTSDAM;1;5;4;2022-12-29;21196702.0;2382207.0;0;Potsdam;14482;info@debex-potsdam.de;
Circle Unlimited AG;1;5;2;2022-12-27;1293756.0;646878.0;0;Norderstedt;22848;sales@cuag.de;
TDG (Deutschland) GmbH;1;5;2;2022-12-06;1515061.0;310041.0;0;Bonn;53227;bildung@telekom.de;
COSH;1;5;2;2022-12-02;6143411.0;962660.0;0;Nürnberg;90431;public@cosh.de;
THIES-BUEROTECHNIK;1;5;2;2022-11-18;2069958.0;175318.0;0;Stadtlohn;48703;sthies@thies-buerotechnik.de;
EGESRAND;1;5;3;2022-10-10;947575.0;473788.0;0;Mönchengladbach;41061;ausschreibungen@wegesrand.net;
PETER-CS;1;5;2;2022-08-23;5424670.0;1019858.0;0;Aschaffenburg;63741;vertrieb@peter-cs.de;
TRIVADIS;1;5;4;2022-08-17;227358873.0;9600000.0;1;Glattbrugg;22761;Esther.Trapp@trivadis.com;
APERTO;1;5;4;2022-08-12;;;0;Berlin;10115;anfrage@aperto.com;
IGT Global Services Limited;1;5;5;2022-07-20;1448000.0;293750.0;0;Larnaca 6021;6021;;
ITAVERO;1;5;5;2022-07-13;659950.0;75000.0;0;Bad Vilbel;61118;info@itavero.de;
EDV und Büro 2000;1;5;2;2022-07-04;2077887.0;501681.0;0;Beeskow;15848;;
GOVIRTUAL;1;5;5;2022-06-22;2848089.0;818679.0;0;Ratingen;40880;info@govirtual.eu;
BLITZKURIER-RATHENOW;1;5;3;2022-04-19;3697327.0;842785.0;0;Rathenow;14712;;
CP-ZWICKAU;1;5;5;2022-02-22;873648.0;436824.0;0;Zwickau;08058;walter.backofen@cp-zwickau.de;
ISB Institut für Software-Entwicklung und EDV-Beratung Gesellschaft mit beschränkter Haftung;1;5;4;2022-01-20;3606985.0;1803493.0;0;Karlsruhe;76227;ausschreibungen@isb-ag.de;
Albert Schneider;1;5;2;2022-01-18;9915966.0;1008403.0;0;Engelskirchen;51766;info@albert-schneider.com;https://albert-schneider.com/
wabeko GmbH;1;5;3;2022-01-08;4613226.0;1208145.0;0;Neu-Ulm;89231;;
