Firma;Niederlassungen;IT_Gewinne;aktive_Jahre;letzter_Gewinn;Summe_Wert_EUR;Median_Wert_EUR;ARGE_Gewinne;Ort;PLZ;Email;Web
BECHTLE;83;1632;12;2026-06-29;13027435483.0;654745.0;33;Neckarsulm;74172;patrick.piniek@bechtle.com;http://www.bechtle.com
SVA;8;845;11;2026-06-29;1409377051.0;578731.0;17;Wiesbaden;65205;ausschreibung@sva.de;http://www.sva.de/
DEUTSCHEPOST;13;704;11;2026-06-22;2867964560.0;982712.0;8;Bonn;53113;e-vergabe.ausschreibungen@deutschepost.de;http://www.deutschepost.de
TELEKOM;50;701;11;2026-06-25;5137919735.0;2653107.0;8;Bonn;53227;e.delfino@telekom.de;https://www.telekom.de/start?vo=Y0109&wt_mc=sb_sososoxx_14_ko-gat_377519096_26446146296_807665432865_&wt_cc7=e_telekom&gclsrc=aw.ds&gad_source=1&gad_campaignid=377519096&gclid=EAIaIQobChMIqrjxpvb8lAMVuZJQBh0DUSXxEAAYASAAEgIoivD_BwE
CANCOM;21;659;11;2026-06-16;7818685940.0;769710.0;10;Hamburg;22301;SPB.CCG.BU-NORD.Ausschreibung@cancom.de;http://www.cancom.de
COMPUTACENTER;4;585;11;2026-06-16;2756451892.0;2240000.0;21;Kerpen;50170;MB.KfW-KapIT@computacenter.com;https://www.computacenter.com/de-de
T-SYSTEMS;17;480;12;2026-06-19;8240717860.0;2157000.0;10;Berlin;10177;ausschreibungen_landberlin@telekom.de;https://www.t-systems.com
FUJITSU;13;448;11;2026-06-19;1185090992.0;768254.0;6;München;80807;Team.nds@ts.fujitsu.com;https://eu.fsastech.com/de/
SOFTWAREONE;6;363;11;2026-06-22;8306586638.0;974489.0;1;Leipzig;04329;ausschreibung@softwareone.com;https://www.softwareone.com/
SAP;6;329;12;2026-06-09;610183509.0;942373.0;3;Walldorf;69190;info.germany@sap.com;https://www.sap.com/
ADESSO;6;302;11;2026-06-17;1075125874.0;1286341.0;27;Dortmund;44269;marcel.penstorf@sec.adesso-group.com;https://www.adesso.de
ACP;20;297;11;2026-06-18;141203152.0;438497.0;4;Würzburg;97076;public.wue@acp.de;http://www.acp.de
RICOH;1;271;11;2026-06-08;425971773.0;459114.0;1;Hannover;30179;tender.procedure@service.ricoh.de;https://www.ricoh.de
DEDALUS;27;262;7;2026-04-16;45318305.0;462628.0;5;Bonn;53227;ausschreibungen@dedalus.com;https://www.dedalus.com/dach/de/
IBM;2;217;11;2026-06-26;48798870805.0;412750000.0;3;Ehningen;71139;maxion@de.ibm.com;https://www.ibm.com/de-de
HAYS;3;215;11;2026-05-11;812034743.0;1508220.0;28;Mannheim;68163;Ausschreibungsmanagement@hays.de;http://www.hays.de
MATERNA;4;215;11;2026-05-20;634036215.0;1412268.0;3;Dortmund;44263;bidman@materna.group;http://www.materna.de
CRAYON;5;208;10;2026-04-02;2322612346.0;552801.0;0;Unterhaching;82008;info@crayon.de;https://www.crayon.com/de/
THINK-ABOUT;1;208;10;2026-06-23;481171734.0;403865.0;9;Münster;48155;tendermanagement@think-about.it;http://www.think-about.it
VODAFONE;4;190;11;2026-06-08;1433460998.0;1430000.0;2;Düsseldorf;40549;e.vergabe@vodafone.com;http://vodafone.com
MSG;6;184;10;2026-05-26;1527409866.0;1938000.0;14;Frankfurt am Main;60549;kfw@msg.group;https://www.msg.group/de
ITMEDIACONSULT;4;180;11;2026-05-19;238390596.0;371395.0;1;Züsch;54422;vertrieb@itmediaconsult.de;https://itmediaconsult.de/
CONET;6;179;11;2026-06-04;555363974.0;1848000.0;4;Bonn;53113;bidmanagement@conet.de;https://www.conet.de/de/
CONTROLWARE;12;177;11;2026-05-18;1008756754.0;2195000.0;3;Dietzenbach;63128;info-due@controlware.de;http://www.controlware.de
COMPAREX;4;172;10;2025-01-23;508601033.0;605997.0;1;Leipzig;04329;Ausschreibungsmanagement@comparex.de;
TRIUMPH-ADLER;5;165;11;2026-03-24;138206430.0;308895.0;0;Nürnberg;90449;Ausschreibung@triumph-adler.net;http://triumph-adler.net
MICROSOFT;4;158;11;2026-06-04;122757357.0;793782.0;0;München;80807;info@microsoft.com;www.microsoft.com
ATOS;4;155;11;2026-05-19;1075841800.0;2728000.0;8;München;81739;de-info@atos.net;
CGI;11;151;11;2026-06-15;1259531256.0;9186017.0;4;Berlin;10117;matthias.meyer@cgi.com;http://www.cgi.com
LYRECO;3;150;11;2026-06-02;106309073.0;307636.0;3;Barsinghausen;30890;DE.SFS.BidandTender@lyreco.com;https://www.lyreco.com
CHG-MERIDIAN;1;149;11;2026-04-30;393509946.0;429860.0;7;Weingarten;88250;ausschreibungchg@chg-meridian.com;http://www.chg-meridian.com
Gesellschaft für digitale Bildung mbH;1;149;8;2025-11-17;76688299.0;357973.0;8;Hamburg;22763;ausschreibung@gfdb.de;https://www.gfdb.de
SOPRASTERIA;3;148;11;2026-05-19;944794139.0;4013000.0;7;Bruxelles;1050;BidOffice-PS@soprasteria.com;https://www.soprasteria.de/
PROFI-AG;4;147;11;2026-06-16;195270965.0;307644.0;3;Darmstadt;64293;profi.public@profi-ag.de;http://www.profi-ag.de
REDNET;1;142;10;2025-08-18;151608586.0;594576.0;2;Mainz;55129;ausschreibungen@rednet.ag;http://rednet.ag
DATAGROUP;14;138;11;2026-06-02;183484034.0;810514.0;0;Berlin;12059;sales-berlin@datagroup.de;https://www.datagroup.de/
BEARINGPOINT;3;134;11;2026-06-19;1366246771.0;2602000.0;10;Frankfurt am Main;60327;tender.monitoring.gsa@bearingpoint.com;http://www.bearingpoint.com
ORACLE;5;130;11;2026-06-19;223588768.0;1156111.0;0;München;80992;contact@oracle.com;
DELL;3;125;11;2026-06-09;591285148.0;1124328.0;3;Frankfurt am Main;60549;DE_PUB_Ausschreibungen@dell.com;https://www.dell.com/
INIT;2;124;11;2026-05-30;920437128.0;2296680.0;5;Berlin;10997;bidoffice@init.de;https://www.initse.com
CANON;2;123;11;2026-06-08;81060753.0;419146.0;2;Krefeld;47807;ralf.schroeder@canon.de;http://canon.de
H&G Hansen & Gieraths IT Solutions GmbH;9;122;8;2026-06-16;980713182.0;1334048.0;1;Bonn;53111;sebastian.rehagel@hug.de;http://www.hug.de
POSTCON;10;121;11;2026-05-19;637703343.0;3679671.0;2;Düsseldorf;40474;ausschreibung@postcon.de;https://www.postcon.de
CMS IT-Consulting GmbH;1;121;11;2026-05-19;346640348.0;321397.0;0;Grasbrunn;85630;vertrieb@cms-it.de;http://cms-it.de
ACCENTURE;5;117;11;2026-05-26;15705849553.0;207983193.0;8;Kronberg im Taunus;61476;ASG-HPS.Tenders@accenture.com;http://www.accenture.de
KONICAMINOLTA;6;117;11;2026-03-02;54055817.0;461259.0;0;Langenhagen;30855;tender-office@konicaminolta.de;http://www.konicaminolta.de
CAPGEMINI;4;116;10;2026-05-26;47018938098.0;395721779.0;13;Köln;50679;publicvergabeverfahren.de@capgemini.com;http://www.capgemini.com/de
KPMG;10;109;10;2026-05-26;1654276660.0;7000000.0;6;Berlin;10785;de-kpmgkfweinkauf@kpmg.com;https://kpmg.com/de/de.html
MEGWARE;4;105;11;2026-04-01;139480000.0;478040.0;0;Chemnitz-Roehrsdorf;09247;info@megware.com;https://www.megware.com/en/
Spherion Verwaltungs-GmbH;1;103;10;2026-05-18;2840533121.0;14150000.0;9;Düsseldorf;40476;buba_management@deloitte.de;http://deloitte.de
ITTLER;2;101;9;2026-06-12;86188132.0;404630.0;0;Berlin;12349;info@wittler.biz;http://www.wittler.biz
NTT Germany AG & Co. KG;9;100;8;2026-04-24;232650844.0;739234.0;1;Bad Homburg;61352;de.bid@global.ntt;https://hello.global.ntt/de-de
V-BC.de;6;96;9;2026-06-12;33517276.0;262489.0;1;Warendorf;48231;info@arno-kindler.de;http://www.arno-kindler.de
GISA;1;92;11;2026-06-24;53379531.0;827550.0;0;Halle/ Saale;06112;anke.boerner@gisa.de;http://www.gisa.de
NETGO;16;91;7;2026-06-19;47111697.0;297251.0;5;Berlin;10829;ausschreibung@netgo.de;http://www.netgo.de
SYSGEN;12;87;11;2026-06-23;38349194.0;337544.0;0;Bremen;28327;gnikisch@sysgen.de;https://www.sysgen.de
MUP Bürohandels GmbH;1;85;11;2026-05-18;108716669.0;368146.0;0;Fulda;36039;ausschreibung@mupi.de;http://mupi.de
SIEMENS;17;84;11;2026-01-29;67568234.0;357105.0;0;München;81739;frithjof.schuele@siemens.com;
P&I Personal & Informatik Aktiengesellschaft;1;81;10;2026-06-18;43689182.0;534000.0;0;Wiesbaden;65205;mskomrock@pi-ag.com;http://www.pi-ag.com
SINC;2;80;11;2026-05-19;1166706981.0;11233720.0;61;Wiesbaden;65203;info@sinc.de;https://www.sinc.de/
CONCAT;1;80;11;2026-05-28;117679357.0;546730.0;1;Bensheim;64625;info@concat.de;http://www.concat.de
D-VELOP;3;80;9;2026-06-26;33142558.0;369700.0;5;Gescher;48712;bidmanagement@d-velop.com;https://www.d-velop.de/
ALLGEIER-EXPERTS;5;79;8;2024-11-18;735244370.0;1080800.0;7;München;80807;info@allgeier-public.eu;
Alpha Computer Sales GmbH;1;79;9;2025-12-01;29253547.0;359504.0;0;Ottobrunn;85521;ausschreibung@acsgroup.de;
ARKTIS-GMBH;10;78;10;2026-06-29;919299323.0;1142877.0;1;Berlin;13581;ausschreibungen@arktis-gmbh.de;http://arktis-gmbh.de
MR-Datentechnik Vertriebs- und Service GmbH;1;77;11;2026-04-13;120494220.0;560280.0;2;Nürnberg;90411;vergabe@mr-daten.de;https://mr-daten.de
ESRI;3;76;11;2026-05-28;51221388.0;693000.0;0;Kranzberg;85402;tenders@esri.de;http://www.esri.de
EWE;1;75;10;2026-03-24;662306358.0;4625928.0;0;Oldenburg;26133;philipp.cordes@ewe.de;http://ewe.de
PROWISE;3;73;9;2026-06-16;660114757.0;543586.0;0;Köln;50667;tenderdesk@prowise.com;http://www.prowise.de
EVIDEN;6;73;6;2026-04-22;63325764.0;852489.0;3;Düsseldorf;40547;joerg.2.wehling@atos.net;https://eviden.com/
IS4IT;1;72;6;2026-02-03;30044841.0;355046.0;0;Oberhaching;82041;info@is4it.de;
AXIANS;13;71;11;2026-06-09;74979640.0;600910.0;1;Hamburg;20251;svertrieb@axians.de;https://www.axians.de/de/portfolio/security/
USU;2;71;10;2026-05-15;23861576.0;1079937.0;0;Möglingen;71696;sales-operations@usu.com;http://www.usu.de
BASIS1;1;70;10;2026-05-12;52762982.0;385278.0;0;Ottensoos;91242;postfach@basis1.com;https://www.basis1.com
NEXUS-AG;12;70;8;2026-03-27;29782456.0;1067264.0;0;Berlin;10829;sascha.lenk@nexus-ag.de;https://www.nexus-marabu.de/
1&1 Versatel Deutschland GmbH;1;69;10;2025-11-04;1174809898.0;1540900.0;17;Düsseldorf;40468;bidmanagement@1und1.net;https://www.1und1.net
DEGEN-AV;2;67;10;2026-03-03;36555147.0;333670.0;0;Nürnberg;90411;ausschreibung@degen-av.de;http://www.degen-solutions
SPIRIT21;1;67;7;2024-03-16;3975400.0;540000.0;2;Böblingen;71034;mellinger@spirit21.com;
MAGELLAN-NET;6;66;11;2026-06-22;43658500.0;658676.0;0;Köln;51147;inside-sales-aml@axians.de;https://www.axians.de/magellan
THINKRED;11;65;7;2026-06-01;53648969.0;476768.0;3;Bochum;44801;info@thinkred.de;https://thinkred.de/
pro-com Datensysteme GmbH;1;64;11;2026-03-23;138845821.0;793373.0;3;Eislingen;73354;bp@pro-com.org;https://www.pro-com.org/
CGM;11;64;8;2026-05-27;20902801.0;326251.0;0;Oberessendorf;88436;dominik.denny@cgm.com;http://www.cgm.com
ROBOTRON;2;64;11;2026-04-27;19313870.0;587106.0;1;Dresden;01189;rds@robotron.de;http://www.robotron.de
ALBACON;1;62;10;2026-06-23;45927679.0;278900.0;0;Bad Doberan;18209;kuehne@albacon.de;https://albacon.de/
WBS IT-Service GmbH;1;62;11;2026-02-02;30562921.0;430746.0;0;Leipzig;04109;ausschreibung@wbs-it.de;http://www.wbs-it.de
INAPA;1;61;6;2026-02-18;110410117.0;1369286.0;2;Ettlingen;76275;ausschreibungen.public@inapa.com;http://www.inapa.de
INTERTRONIC;4;61;11;2026-06-26;44523330.0;281486.0;0;Mainz;55120;ausschreibung@intertronic.de;
DATAVISION;1;60;11;2026-04-20;471763286.0;532381.0;1;Düsseldorf;40589;ausschreibung@datavision.net;
HYRICAN;3;60;7;2025-06-13;25731036.0;242143.0;0;Kindelbrück;99638;l.hornischer@hyrican.de;
Advanced UniByte GmbH;1;59;10;2025-12-02;46169175.0;868351.0;2;Metzingen;72555;ausschreibung@au.de;
ROHDE-SCHWARZ;5;59;11;2026-05-13;16369897.0;467215.0;2;München;81671;sales.germany@rohde-schwarz.com;http://www.rohde-schwarz.com
Hewlett-Packard GmbH;1;58;10;2026-02-18;338593136.0;854725.0;0;Ratingen;40880;joerg.kraus@hpe.com;
NEC;1;58;10;2025-12-17;170683208.0;1428571.0;0;Düsseldorf;40547;andreas.goettlicher@emea.nec.com;http://www.nec.com
PAPYRUS;1;58;7;2023-05-03;143830125.0;1400000.0;1;Ettlingen;76275;dunja.volz@papyrus.com;
STHREE;3;58;9;2026-01-30;142342155.0;3861600.0;11;Frankfurt am Main;60322;publicsector@sthree.com;https://www.sthree.com/de-de/
Care Bridge e.V.;1;57;4;2026-03-04;;;0;Bonn;53227;saskia.goetze@care-bridge.de;
SPIE;20;56;10;2026-06-24;53410460.0;418800.0;0;Georgsmarienhütte;49124;info-btat@spie.com;www.impressum@spie.com
SELECTRIC;7;55;11;2026-06-09;626225687.0;400000.0;0;Münster;48155;sds-nrw@selectric.de;https://www.selectric.de/
ARXES-TOLINA;2;55;7;2022-09-28;94122532.0;277477.0;1;Berlin;13088;susann.gratzke@arxes-tolina.de;
PDV-SACHSEN;3;55;11;2026-06-22;60832754.0;474188.0;5;Dresden;01109;info@pdv-sachsen.net;https://www.pdv-sachsen.net/
CIRCULAR;5;54;11;2026-02-02;20900321.0;336366.0;0;Stuttgart;70565;public@circular.de;http://www.circular.de
INTERFACE-SYSTEMS;1;53;11;2026-06-16;113926068.0;522200.0;3;Dresden;01277;sales@interface-systems.de;http://interface-systems.de
MR Datentechnik GmbH;4;53;11;2026-02-10;97319209.0;421220.0;2;Würzburg;97076;vergabe@mr-daten.de;http://www.mr-daten.de
ARNO-KINDLER;6;52;9;2026-04-13;10608225.0;102907.0;0;Warendorf;48231;anfragen@arno-kindler.de;
BERBERICH;1;51;11;2026-05-19;16616158.0;316902.0;2;hofheim-wallau;65719;serena.bauer@berberich.de;http://www.berberich.de
QVESTMEDIA;2;51;9;2026-06-15;15752112.0;174786.0;0;Köln;50829;tender@qvestmedia.com;https://www.qvest.com/de/
GLASFASERPLUS;8;50;4;2026-06-19;458342992.0;3656023.0;0;Köln;51063;christian.beiderbeck@telekom.de;https://glasfaserplus.de/
TRANS4MATION;2;50;8;2025-12-19;86440117.0;1546282.0;4;Dresden;01309;bidmanagement@trans4mation.de;
DELTACOMPUTER;1;50;10;2026-06-04;17774475.0;306688.0;0;Reinbek;21465;sales@delta.de;http://delta.de
VISUNEXTGROUP;8;50;7;2026-06-23;15087171.0;274562.0;1;Emsdetten;48282;tender@visunextgroup.com;http://www.visunext.de
NETCOM-BW;1;49;11;2026-04-10;1004053194.0;3663776.0;0;Ellwangen;73479;breitband@netcom-bw.de;http://netcom-bw.de
VIRTUAL7;1;49;10;2026-02-24;175822634.0;3729810.0;3;Karlsruhe;76227;sales@virtual7.de;http://virtual7.de
OPENTEXT;3;49;10;2026-06-19;8803084.0;509642.0;0;Grasbrunn;85630;thomasbb@opentext.com;https://hzd.hessen.de
Swiss IT Security Deutschland GmbH;3;48;7;2026-02-27;953483068.0;12559960.0;33;Wiesbaden;65187;ausschreibungen@sits-d.de;
Marketing Service Magdeburg KG;1;48;11;2026-05-19;99180739.0;583111.0;0;Magdeburg;39104;michael.dauksch@biberpost.de;
D-FINE;1;47;10;2026-06-23;6292859935.0;7000000.0;2;Frankfurt am Main;60313;tenders@d-fine.de;https://www.d-fine.com/
BTC Business Technology Consulting AG;1;47;10;2026-03-09;66311320.0;1933257.0;3;Oldenburg;26121;vertrieb-energie@btc-ag.com;https://www.vertrieb@btc-ag.com
ARRIVA-SERVICE;1;47;10;2026-03-23;63230640.0;931275.0;0;Singen;78224;Ausschreibung@arriva-service.de;
BFE;1;47;11;2026-05-07;24850805.0;541260.0;0;Mainz;55124;Eingang_Proab@bfe.tv;http://bfe.tv
RAIDMEDIA;3;47;11;2026-06-22;14363222.0;271430.0;0;Thalheim;09380;vertrieb@raidmedia.com;https://www.raidmedia.com
ACSGROUP;6;47;6;2026-05-18;13211745.0;249473.0;0;Ottobrunn;85521;ausschreibung@acsgroup.de;http://www.acsgroup.de
NTTDATA;3;46;10;2026-04-24;7570086906.0;22100000.0;121;BRUXELLES;1000;belgium.ecmu@nttdata.com;https://de.nttdata.com/
JURIS;1;46;10;2026-06-26;30825797.0;759219.0;0;Saarbrücken;66121;ausschreibungen@juris.de;https://www.juris.de
ALLPREMIO;1;46;7;2026-06-02;21460431.0;215000.0;1;Düsseldorf;40549;ausschreibung@allpremio.de;http://www.allpremio.de
SECUNET;3;45;10;2026-04-16;250129216.0;415520.0;2;Essen;45138;beispiel@secunet.de;
SYSTEMA-ONLINE;1;45;11;2026-06-18;65685077.0;315765.0;2;Potsdam;14482;ausschreibungen@systema-online.de;http://www.systema-online.de
PRINTION;1;45;8;2023-12-01;43071857.0;393503.0;0;Griesheim;64347;vergabe@printion.de;
IGEPAGROUP;3;45;9;2025-12-16;22253068.0;396726.0;0;Dieburg;64807;rfischer@igepagroup.com;http://www.igepa.de
BECK;3;44;8;2026-03-26;31715312.0;819738.0;1;München;80801;Rainer.Hohdorf@beck.de;www.saarland.de/
POLAVIS;9;44;4;2025-12-30;2057336.0;232276.0;0;Berlin;10117;bid.management@polavis.de;https://www.polavis.de/
MKD-KURIER;1;44;8;2026-06-22;366000.0;366000.0;0;Düren;52355;w.menzel@mkd-kurier.de;http://www.mkd-kurier.de
HORN-GMBH;1;43;10;2025-09-30;86304635.0;718553.0;0;Stutensee;76297;vergabemanagement@horn-gmbh.com;http://horn-gmbh.com
MEDIA Logistik GmbH;1;43;11;2026-01-22;24879067.0;785672.0;0;Dresden;01129;m.stenzel@media-logistik.de;
TOP-ITSERVICES;1;43;9;2025-12-20;13333355.0;377500.0;6;Unterhaching;82008;Ausschreibungen@top-itservices.com;http://www.top.itservices.com
OPTIMAL-SYSTEMS;9;43;10;2026-03-30;11197187.0;316112.0;0;Hannover;30179;ausschreibungen@optimal-systems.de;http://www.optimal-systems.de
FREQUENTIS;2;42;10;2026-01-07;634829785.0;899682.0;0;Wien;1100;bieterportal-alt@deutschebahn.com;http://frequentis.com
DELOITTE;3;42;8;2026-04-24;377706690.0;1142450.0;4;ZAVENTEM;1930;pcoe_oneeu@deloitte.com;https://www2.deloitte.com/de/de.html
MCI;2;42;9;2025-11-25;111812010.0;4000000.0;0;Hamburg;22045;info@mci.de;http://www.mci.de
SCHEER-GROUP;1;42;10;2026-06-24;49963338.0;864000.0;1;Saarbrücken;66123;info@scheer-group.com;http://scheer-management.com/
EUROFUNK;5;42;11;2026-06-02;45532239.0;1004167.0;0;Ainring;83404;ainring@eurofunk.com;https://www.eurofunk.com
H & G Hansen & Gieraths EDV Vertriebsgesellschaft mbH.;1;42;8;2026-06-01;36153301.0;745902.0;2;Bonn;53111;bid@hug.de;https://www.hug.de
CLOUDFERRO;2;41;2;2025-10-28;7176656882.0;56000000.0;0;Warschau;PL-00-511;info@cloudferro.com;https://www.cloudferro.com
PWC;8;41;10;2026-05-19;96506618.0;1169581.0;0;Diegem;1831;nicolas.loozen@pwc.com;https://www.pwc.de
VS Vereinigte Spezialmöbelfabriken GmbH & Co. KG.;1;41;9;2025-07-29;93139320.0;500000.0;0;Tauberbischofsheim;97941;ausschreibung@vs-moebel.de;http://www.vs.de
KUPPER-IT;1;41;10;2026-06-01;51943694.0;457231.0;0;Leipzig;04103;mandy.ulrich@kupper-it.com;
B1-SYSTEMS;1;40;8;2026-06-22;46715694.0;365029.0;0;Vohburg;85088;subskriptionen@b1-systems.de;http://www.b1-systems.de
MICROSTAXX;3;40;10;2026-01-31;36776139.0;1018424.0;2;München;81543;ausschreibung@microstaxx.de;http://www.microstaxx.de/
AIRITSYSTEMS;1;40;9;2025-11-11;24893242.0;443466.0;0;Langenhagen;30855;info@airitsystems.de;https://www.airitsystems.de
AKQUINET;4;40;10;2026-03-23;22669978.0;1084920.0;5;Norderstedt;22850;ausschreibung@akquinet.de;https://akquinet.com/
PHILIPS;5;40;7;2025-12-19;14825914.0;1243140.0;1;Hamburg;22335;info_ausschreibung@philips.com;
Enterprise Communications & Services GmbH;1;40;8;2025-04-07;5896841.0;256075.0;0;Leipzig;04159;info@ecs-deutschland.de;
TISPARKLE;2;39;1;2025-02-03;7176000000.0;63000000.0;0;Roma;00125 Roma;info@tisparkle.com;https://www.tisparkle.com
VSHN;1;39;2;2025-02-03;6546000000.0;56000000.0;0;Zürich;8005 Zürich;info@vshn.ch;https://www.vshn.ch
SHD System-Haus-Dresden GmbH;1;39;9;2026-06-16;55254075.0;524331.0;0;Dresden;01159;ausschreibungen@shd-online.de;http://www.shd-online.de
KOMSA;5;39;9;2026-06-10;7440534.0;461853.0;0;Hartmannsdorf;09232;bid@komsa.de;
NETCONNECT-GMBH;1;39;5;2026-05-26;;;0;Hamburg;22399;info@netconnect-gmbh.de;https://netconnect-gmbh.de/
Q-PERIOR;1;38;9;2024-07-23;539634450.0;3354775.0;5;München;80802;ausschreibungen@q-perior.com;
IVU;1;38;10;2026-06-25;501136937.0;1076290.0;0;Berlin;12161;bid-management@ivu.de;www.ivu.de
SAG Deutschland GmbH;1;38;10;2026-01-14;19464794.0;379280.0;0;Darmstadt;64297;Info@softwareag.com;http://softwareag.com
DXC;1;37;9;2026-01-14;14776455147.0;598000000.0;3;Eschborn;65760;vergabe@dxc.com;https://dxc.com/de
SANDATA;2;37;9;2026-03-17;216612913.0;404799.0;0;Nürnberg;90411;p.bartonik@sandata.de;
PICO-ENGINEERING;1;37;9;2026-06-22;208074948.0;3198000.0;4;Isernhagen;30916;ausschreibungen@pico-engineering.de;
COMPADOR;1;37;10;2025-11-11;92724608.0;814940.0;0;Berlin;14057;ausschreibungen@compador.de;
pd.MEDIENLOGISTIK GmbH;1;37;10;2025-12-02;59046080.0;700000.0;0;Augsburg;86167;keyaccount@lmf-postservice.de;
CONTERRA;8;37;11;2026-04-20;45132810.0;772268.0;2;Münster;48155;tenders@conterra.de;https://www.conterra.de
Hugo Hamann GmbH & Co. KG;1;37;10;2026-06-16;28278671.0;525231.0;1;Kiel;24105;medientechnik@buerokompetenz.de;http://www.buerokompetenz.de
ROLA;1;37;10;2025-10-13;22277470.0;373500.0;0;Oberhausen;46047;vertrieb@rola.com;http://www.rola.com
CERNER;2;36;9;2025-10-28;402026557.0;1372800.0;2;Berlin;13629;ausschreibungen_de@oracle.com;https://www.cerner.com/
BWPOST;3;36;11;2026-03-23;106904766.0;3511104.0;1;Stuttgart;70567;n.maier@bwpost.de;http://www.bwpost.net
Best Practice Consulting AG & Co. KG;1;36;9;2026-06-15;33625077.0;2020208.0;1;Münster;48155;ausschreibungen@bpc.ag;http://www.bpc.ag
Ernst & Young GmbH Wirtschaftsprüfungsgesellschaft;1;36;7;2024-05-24;10806275.0;1215128.0;1;Hamburg;20148;info@de.ey.com;
KAUTBULLINGER;5;36;10;2025-12-23;6746744.0;355594.0;0;Taufkirchen;82024;angebotswesen@kautbullinger.de;http://www.kautbullinger.de
STEEP;1;36;6;2023-12-19;450815.0;225408.0;0;Bonn;53121;cara.weiland@steep.de;
BRIEFUNDMEHR;1;35;7;2022-11-22;129512342.0;629253.0;0;Münster;48155;ausschreibung@briefundmehr.de;
FABASOFT;1;35;10;2026-04-10;35387895.0;182350.0;0;Frankfurt am Main;60549;pmo@fabasoft.com;
X-TENTION;2;35;7;2026-02-25;18785725.0;1011675.0;0;Wels;4600;ausschreibung@x-tention.at;http://www.x-tention.at
PIK;1;35;7;2025-12-08;16285502.0;469454.0;0;Berlin;12105;vertrieb@pik.de;https://pik.de
PricewaterhouseCoopers GmbH Wirtschaftsprüfungsgesellschaft;1;34;8;2026-06-23;152046100.0;1000000.0;2;Frankfurt am Main;60327;de_zentrale-pwc-wpg@pwc.com;http://pwc.com
SPEEDPOINT;1;34;9;2026-01-28;41172808.0;592264.0;0;Darmstadt;64295;info@speedpoint.de;
CCP Software GmbH;1;34;11;2026-05-18;36300951.0;583409.0;1;Marburg;35037;dtheiss@ccpsoft.de;http://www.ccpsoft.de
DATEC-GMBH;4;34;10;2026-02-17;23715710.0;698404.0;0;Heinsdorfergrund;08468;ausschreibung@datec-gmbh.de;
PROSOZ;9;34;10;2026-03-16;17279844.0;368902.0;0;Herten;45699;ausschreibungen@prosoz.de;http://www.prosoz.de
NORTAL;2;33;8;2026-01-07;51370126.0;1004022.0;3;Berlin;10719;ausschreibung@nortal.com;https://nortal.com/de/
IT-HAUS;3;33;10;2026-04-27;35464546.0;512350.0;0;Föhren;54343;menthofer@it-haus.com;http://it-haus.com
OVOL;6;33;3;2026-05-19;29926419.0;798496.0;0;Karlsruhe;76189;ausschreibungen.public@ovol.de;http://www.ovol.de
KERNDRUCK;1;33;11;2026-03-26;10598205.0;750914.0;0;Bensheim;64625;info.germany@kernworld.com;http://www.kerngmbh.de
Lur SL GmbH;6;33;6;2026-06-10;7204470.0;232966.0;1;Leuterod;56244;l.reutelsterz@lursl.de;http://www.google.de
CONNECTCOM;2;32;7;2022-08-03;242858805.0;1318904.0;0;Nürtingen;72622;info@connectcom.de;
COLT;1;32;11;2026-04-22;155434298.0;1318158.0;0;Frankfurt am Main;60322;stephan.becker@colt.net;https://www.colt.net/de/
DUBRAU-GMBH;1;32;9;2025-02-18;19080060.0;378569.0;2;Jeßnitz;06800;birgit.gessner@dubrau-gmbh.de;
INDASYS;1;32;9;2026-05-18;7734514.0;285597.0;0;Stuttgart;70499;vertrieb@indasys.de;http://www.indasys.de
Kassenärztliche Vereinigung Nordrhein;1;32;4;2026-06-01;5664477.0;360000.0;0;Dresden;01069;gross@hirschen.de;http://www.zeiss.com/digital-innovation
MEIERHOFER;1;32;6;2026-04-11;1055525.0;47820.0;0;München;81829;info@meierhofer.com;https://www.meierhofer.com/
IDV UG (haftungsbeschränkt);1;31;7;2026-02-24;139156338.0;6880800.0;1;München;80339;projects@idv-ag.de;http://www.idv-ag.de
CITIPOST-NORDWEST;1;31;10;2026-04-27;88770304.0;729066.0;0;Oldenburg;26125;info@citipost-nordwest.de;
DAMOVO;1;31;9;2026-03-30;41969057.0;119306.0;2;Ismaning;85737;DE.MB.RFP.Germany@damovo.com;
SCITECH-GMBH;1;31;9;2026-06-02;23514805.0;717800.0;0;Hennigsdorf;16761;office@scitech-gmbh.de;www.https://www.scitech-gmbh.de/
KRELLER-GMBH;1;31;9;2026-05-22;19586283.0;468000.0;0;Augustusburg;09573;c.wild@kreller-gmbh.de;https://kreller.de
ASKNET;7;31;8;2025-12-08;13725062.0;400000.0;0;Karlsruhe;76131;volker.markert@asknet.de;http://www.asknet.de
MOTOROLASOLUTIONS;3;30;9;2026-03-23;76229913.0;881946.0;0;Berlin;10785;k.drossel@motorolasolutions.com;
MATHWORKS;3;30;11;2026-04-01;42396879.0;416232.0;0;München;81673;info@mathworks.de;
NECDIS;2;30;5;2023-03-20;30178515.0;536867.0;0;Kleinostheim;63801;ausschreibung@necdis.de;
SWS;1;30;8;2023-07-11;11676447.0;343007.0;0;Regensburg;93059;vertrieb@sws.de;
ZEHNBAUER-IT;1;30;8;2026-06-23;8229771.0;266678.0;0;Mannheim;68309;info@zehnbauer-it.de;http://www.zehnbauer-it.de
GARTNER;1;30;8;2025-12-17;7140625.0;636624.0;0;München;81829;Basak.Akbayir@gartner.com;www.gartner.de
OFFICEXPRESS;1;30;8;2026-06-16;6474320.0;384507.0;0;Kamp-Lintfort;47475;andreas.wilms@officexpress.de;http://www.officexpress.de
GK Nachrichtentechnik GmbH;1;30;6;2025-12-08;699831.0;93843.0;0;Haarbach;D-94542;brandl@gk-datentechnik.de;
PIN GmbH;1;29;8;2026-05-19;43532721.0;1103344.0;0;Berlin;10559;ausschreibungen@pin-ag.de;http://www.pin-ag.de
DRUCKERFACHMANN;1;29;10;2026-06-16;27644219.0;1208145.0;1;Berlin;12524;kundenservicekundenservice@druckerfachmann.de;https://www.druckerfachmann.de
operational services GmbH & Co. KG;1;29;9;2026-04-23;22488451.0;3500000.0;1;Frankfurt am Main;60549;gisbert.edelmann@o-s.de;http://www.o-s.de
PDV;3;29;10;2026-04-29;7487121.0;295008.0;0;Erfurt;99097;info@pdv.de;https://www.pdv.de/
DCON;2;29;7;2025-12-02;2640000.0;2640000.0;0;Kaiserslautern;67657;presales@dcon.de;www.dcon.de
URANO;2;28;9;2026-03-11;277380584.0;2128896.0;0;Bad Kreuznach;55543;ausschreibung@urano.de;
McWERK GmbH;3;28;5;2025-12-08;15885457.0;325842.0;0;Wien;1040;michael.doeltl@acp.at;
IETHOLT;2;28;8;2025-10-21;11904851.0;515452.0;0;Velen;46342;c.schlattmann@wietholt.de;http://wietholt.de
VALANTIC;10;28;9;2026-04-08;3178467.0;398446.0;0;Tägerwilen;8274;info@valantic.com;https://www.valantic.com/de/sap-services/
Tusk GmbH;1;27;7;2026-04-09;39861886.0;2056300.0;0;Backnang;71522;simon.schreiber@telent.de;https://www.telent.de/de/
KST-MOSCHKAU;2;27;7;2026-03-17;9911454.0;346973.0;0;Düren-Stockheim;52372;markus.schneidersmann@kst-moschkau.de;
IFMB-INSTITUT;2;27;2;2022-07-01;8292352.0;219972.0;3;Tutzing;82327;ausschreibung@ifmb-institut.de;
KIEBACK-PETER;2;27;11;2026-04-07;6018072.0;164249.0;0;Rostock;18107;e-vergabe@kieback-peter.de;
RECARESOLUTIONS;4;27;5;2025-12-30;2637840.0;224799.0;0;Berlin;10557;bid.management@recaresolutions.com;http://recaresolutions.com
SETCOR;1;26;1;2025-02-03;3808000000.0;55000000.0;0;Jastrebarsko;10450 Jastrebarsko;info@setcor.com;https://www.setcor.com
CITIPOST-OWL;2;26;9;2026-01-20;179237059.0;805936.0;0;Bielefeld;33689;ausschreibungen@citipost-owl.de;https://citipost-owl.de/
CITIPOST;1;26;11;2026-05-18;161320893.0;5153409.0;0;Hannover;30179;b.pickert@citipost.de;http://www.citipost.de
ISFORT;1;26;6;2025-12-12;62176738.0;3813535.0;0;Münster;48161;olaf.isfort@isfort.ms;http://www.isfort.ms
BELLGARDT;3;26;6;2024-08-02;14206498.0;389780.0;0;Meckenbeuren;88074;v.ford@bellgardt.de;
STREIT;2;26;10;2026-01-23;7685398.0;349437.0;0;Gengenbach;77723;Ausschreibungen@streit.de;https://www.streit.de/
INFODAS;5;26;10;2026-06-08;4539757.0;834800.0;3;Köln;50765;vertrieb@infodas.de;
MICROFOCUS;7;26;10;2026-06-23;2961264.0;1289825.0;0;Mannheim;68161;michael.pawlak@microfocus.com;
AOK Systems GmbH;1;26;6;2026-04-20;1428912.0;580800.0;0;Bonn;53177;;
SAMEDI;1;26;8;2026-04-16;842636.0;215001.0;0;Berlin;10247;ausschreibung@samedi.de;www.samedi.com
Vision Consulting GmbH & Co.KG;1;25;10;2026-04-13;80769955.0;788480.0;0;Berlin;10117;vertrieb@vc-g.de;
GlasfaserPlus GmbH;9;25;2;2026-05-28;62128632.0;2006535.0;0;Köln;51063;markus.sand@telekom.de;https://www.regierung.oberbayern.bayern.de/ueber_uns/zentralezustaendigkeiten/vergabekammer-suedbayern/index.html
BECHTLE-COMSOFT;1;25;9;2026-05-26;52771329.0;477680.0;0;Neckarsulm;74172;ausschreibungen@bechtle-comsoft.de;http://www.https://www.bechtle.com
NTTCABLE;6;25;8;2025-07-18;46160709.0;183617.0;0;Idstein;65510;tender@nttcable.com;http://www.nttcable.com
ITS-TECHNIDATA;1;25;8;2026-03-30;24596877.0;300000.0;0;Markdorf;88677;vertrieb@its-technidata.de;
SINUS-NT;1;25;9;2026-05-04;22763689.0;824781.0;0;Barsbüttel;22885;ausschreibungen@sinus-nt.de;http://www.sinus-nt.de
Dräger Medical Deutschland GmbH;1;25;8;2026-06-08;15011479.0;582958.0;1;Lübeck;23558;ausschreibungen@draeger.com;http://www.draeger.com
LUMINO;3;25;10;2026-02-10;8285541.0;694926.0;0;Krefeld;47807;mfullert@lumino.de;http://www.lumino.de
PRIMELINE;1;25;5;2025-12-15;5595760.0;220385.0;0;Bad Oeynhausen;32549;vertrieb@primeline.org;
AVENCY;1;25;9;2026-06-10;4830996.0;258595.0;0;Ostbevern;48346;nihat.erk@avency.de;https://www.avency.de/
SCOPELAND;1;25;10;2026-06-03;2801189.0;357000.0;0;Berlin;13469;sales@shodan.de;https://www.scopeland.de/
MACH;1;24;11;2026-03-20;35329077.0;436306.0;0;Lübeck;23558;MAILBOX@MACH.DE;
ICM GmbH;1;24;10;2026-05-12;27355213.0;675754.0;0;Hamburg;22419;vertrieb@mcs.de;
IABG;3;24;10;2026-05-21;23255348.0;2687976.0;0;Ottobrunn;85521;info@iabg.de;
ECOMPANY;1;24;9;2025-12-11;20887380.0;274772.0;0;Berlin;14052;ausschreibungen@ecompany.ag;http://www.ecompany.ag
ULTRA;7;24;9;2026-01-23;17795190.0;1710552.0;1;Solingen;42699;info@ultra.de;
KRAMERUNDCREW;1;24;8;2026-06-23;9191355.0;416750.0;0;Köln;50933;vgerecke@kramerundcrew.de;http://kramerundcrew.de
HERZUM;5;24;5;2026-06-02;6089990.0;475494.0;0;Rende (CS);87036;sales.italy@herzum.com;http://italia.herzum.com
iMDsoft GmbH;1;24;6;2025-02-10;4067500.0;714861.0;1;Düsseldorf;40549;sales-de@imd-soft.com;https://www.imd-softde.de/
ISEC7;1;24;9;2025-12-11;3162676.0;295906.0;0;Hamburg;21079;sales@isec7.com;http://isec7.com
SDEV;1;24;3;2023-06-11;680800.0;340400.0;0;Niederkassel;53859;mbuecher@sdev.de;
Ernst & Young GmbH;1;23;7;2025-05-06;1848353718.0;60000000.0;0;Stuttgart;70629;pursuits.gps@de.ey.com;
HISOLUTIONS;1;23;8;2026-06-22;328046400.0;22200000.0;9;Berlin;12163;ausschreibungen@hisolutions.com;http://www.hisolutions.com
ITISO;1;23;9;2026-03-24;33025131.0;692288.0;0;Hamburg;22335;administration@itiso.de;
AVODAQ;1;23;9;2026-05-18;30536880.0;840000.0;0;Hamburg;20097;Dummy-eMail-eVergabe@fb.hamburg.de;http://avodaq.com
MAERZ-NETWORK;2;23;9;2025-04-02;25701268.0;503049.0;0;Berlin;13053;info@maerz-network.de;https://www.maerz-network.de/
TRADEX;2;23;6;2023-10-10;11674473.0;419580.0;0;Tallinn;EE-10145;biuro@tradex.pl;
TELEFONICA;2;23;7;2026-01-16;10491346.0;323100.0;0;München;80992;impressum@cc.o2online.de;http://www.telefonica.de
LOGICALIS;1;23;9;2025-08-01;9769831.0;585000.0;0;Neu Isenburg;63263;marion.droessler@logicalis.de;
AGELERO;1;23;4;2023-10-19;8742616.0;244897.0;0;Erding;85435;edu@agelero.de;
HELDELE;1;23;9;2025-02-25;8074100.0;387515.0;0;Salach;73084;evergabe@heldele.de;
RIBBEX;6;23;9;2026-06-16;6498547.0;532000.0;0;Wesseling;50389;ausschreibung@ribbex.de;http://www.ribbex.de
ShelterRock Investments GmbH;1;23;8;2025-04-10;5688265.0;2324415.0;6;Mannheim;68163;alexander.arndt@etengo.de;https://www.etengo.de/
Unify Communications and Collaboration GmbH & Co. KG;1;23;10;2026-01-09;5242592.0;425518.0;0;Stuttgart;70499;ANDREAS.FUNK@ATOS.NET;https://unify.com/de/
KISTERS;3;23;8;2025-12-05;3576135.0;293874.0;0;Aachen;52076;tender@kisters.de;https://www.kisters.eu/de/
EY Consulting GmbH;6;23;3;2026-06-02;1512281.0;1512281.0;2;Eschborn;65760;marc.schuetz@de.ey.com;http://www.ey.com
IMTB;1;22;7;2025-04-28;446667415.0;40000000.0;3;Berlin;10117;info@imtb.de;http://imtb.de
ANTALIS;1;22;10;2026-05-18;53881907.0;4120000.0;0;Frechen;50226;arno.viertel@antalis.com;https://www.antalis.de
Research Industrial Systems Engineering (RISE) Forschungs-, Entwicklungs- und Großprojektberatung GmbH;5;22;7;2026-05-27;49928235.0;221000.0;0;Schwechat;2320;welcome@rise-world.com;https://www.rise-world.com/de/
NORDBRIEF-OSTSEE;1;22;10;2025-09-15;26783674.0;317241.0;0;Lübeck;23556;ausschreibungen@nordbrief-ostsee.de;http://www.nordbrief-ostsee.de
RIB-SOFTWARE;1;22;9;2026-04-22;24814094.0;915228.0;0;Berlin;10365;andrea.mebert@rib-software.com;www.rib-software.com
XEVIT;1;22;8;2023-05-10;21764119.0;338179.0;0;Ettlingen;76275;patrick.mangler@xevit.com;
COMPU-HOUSE;1;22;6;2024-05-13;17198818.0;265500.0;0;Weismain;96260;info@compu-house.de;
DISY;1;22;10;2026-04-28;16824164.0;801800.0;0;Karlsruhe;76131;ausschreibungsdienste@disy.net;www.disy.net
HxGN Safety & Infrastructure GmbH;1;22;7;2025-05-26;9305467.0;411752.0;0;Ismaning;85737;ausschreibungen.de.si@hexagon.com;
MEDDV;1;22;9;2026-03-31;9012845.0;425485.0;0;Fernwald;35463;tender@meddv.de;www.meddv.de
TIMETOACT-GROUP;2;22;6;2025-12-14;2503765.0;471428.0;0;Köln;50670;customer-care@timetoact-group.com;http://www.timetoact-group.com
RODA-COMPUTER;1;22;10;2026-01-13;1981100.0;990550.0;0;Lichtenau;77839;adam.s@roda-computer.com;
PricewaterhouseCoopers AG WPG;1;22;8;2025-04-24;215000.0;215000.0;1;Berlin;10117;DE_Kontakt@pwc.com;
EITCO;3;21;9;2025-11-03;105797982.0;1307338.0;0;Berlin;10785;vergabeportal@eitco.de;https://www.eitco.de
ECS Enterprise Communications & Services GmbH;3;21;6;2025-03-17;105153081.0;162000.0;0;Leipzig;04159;vergabe@ecs-deutschland.de;
IMBUS;3;21;9;2026-03-25;72959034.0;3649818.0;3;Möhrendorf;91096;rl_sales@imbus.de;http://www.imbus.de
SEITENBAU;1;21;8;2026-02-04;65194163.0;824250.0;0;Konstanz;78467;ausschreibungen@seitenbau.com;www.seitenbau.com
BABIEL;2;21;10;2026-01-19;41794103.0;573481.0;1;Düsseldorf;40233;ausschreibungen@babiel.com;https://www.babiel.com/
OPITZ-CONSULTING;2;21;10;2026-01-02;20008535.0;1872000.0;1;Gummersbach;51647;waltraud.gier@opitz-consulting.com;
Geiger GmbH & Co. KG;2;21;10;2025-08-18;15037156.0;372466.0;0;Aalen;73434;geiger_info@igepagroup.com;
MAINPOSTLOGISTIK;2;21;10;2026-04-28;12904517.0;627659.0;0;Würzburg;97084;ausschreibung@mainpostlogistik.de;
FRAUNHOFER;11;21;8;2025-12-22;10287452.0;507669.0;0;Karlsruhe;76131;projektverwaltung@iosb.fraunhofer.de;http://iese.fraunhofer.de
ERHARDTFISCHER;4;21;9;2026-03-02;7718690.0;234554.0;0;Karlsruhe;76135;projekt@erhardtfischer.de;
HEINEKINGMEDIA;1;21;8;2026-03-06;6062020.0;484578.0;1;Hannover;30161;tenderdesk@heinekingmedia.de;
TELEKOM-HEALTHCARE;3;21;5;2025-12-29;5794329.0;242567.0;1;Köln;50676;tender.dtcs@telekom-healthcare.com;https://www.telekom-healthcare.com/
MEDIAMARKT;6;21;6;2026-04-13;4931562.0;239019.0;0;Berlin-Spandau;13597;franz@mediamarkt.de;https://www.mediamarkt.de
SIGEL;1;21;10;2026-05-19;1632506.0;266211.0;0;Mertingen;86690;martin.kunz@sigel.de;https://www.sigel-office.com/
OFFICE-PARTNER;1;21;5;2026-06-15;354027.0;172800.0;0;Gescher;48712;ausschreibungen@office-partner.de;http://www.office-partner.de
Werner Bull e.K.;1;20;9;2025-12-02;187498842.0;5937280.0;0;Köln;51149;thomas.knebel@eviden.com;http://de.atos.net/bull
PASS-CONSULTING;3;20;8;2025-12-21;150867513.0;2180800.0;2;Aschaffenburg;63741;RESPOVVVV@rentenbank.de;https://www.pass-consulting.com/pass-system-management-ag/
EXXETA;1;20;7;2026-04-01;150666594.0;4652000.0;4;Karlsruhe;76137;info@exxeta.com;http://www.exxeta.com
INNOBIS;1;20;10;2026-03-25;71486000.0;2000000.0;9;Norderstedt;22848;info@innobis.de;https://www.innobis.de/
SAVECO;1;20;8;2025-12-02;24169901.0;1098000.0;0;Niederwürschnitz;09399;carolin.haug@saveco.de;http://www.saveco.de
HACON;2;20;8;2025-05-26;20882692.0;321000.0;0;Hannover;30163;info@hacon.de;https://www.hacon.de/
V-BC;1;20;4;2023-04-11;11573702.0;249322.0;0;Reinsdorf;08141;ausschreibungen@v-bc.de;
SCALTEL;1;20;10;2026-05-18;9076494.0;476966.0;0;Waltenhofen;87448;info@scaltel.de;https://www.scaltel.de/
WINDHOFF SOFTWARE SERVICES GmbH;1;20;8;2025-08-14;8905500.0;450000.0;0;Gescher;48712;j.weihmann@windhoff-group.de;https://windhoff-group.de/
MEDIATEC;3;20;10;2026-02-03;6371473.0;285103.0;0;Köln;50828;n.mau@mediatec.de;http://www.mediatec.de
SAVECOM;1;20;7;2025-09-15;6343371.0;222000.0;1;Korschenbroich;41352;r.gladitz@savecom.de;https://www.savecom.de/
RESSOURCENMANGEL;2;20;11;2026-04-13;6044524.0;504201.0;0;Berlin;10997;newbusiness@ressourcenmangel.de;http://www.ressourcenmangel.de
3PC;4;20;7;2026-05-21;5939545.0;264940.0;1;Berlin;10969;vergabe@3pc.de;http://3pc.de
LOYHUTZ;1;20;8;2026-06-15;5620223.0;359941.0;0;Freiburg;79110;zentrale@loyhutz.de;https://www.loyhutz.de/
MENTZ;1;20;9;2026-03-18;3403994.0;277734.0;0;München;81675;info@mentz.net;https://www.mentz.net
FRIENDSMOBILE;1;20;5;2026-06-19;21601.0;21601.0;0;Hürth;50354;info@friendsmobile.de;
CASSINI;1;19;9;2026-01-16;685428001.0;46500000.0;2;Düsseldorf;40474;PMO-RVSE9@IT4Transformation.de;http://www.cassini.de
Bureau van Dijk Electronic Publishing GmbH;1;19;8;2026-04-30;263495798.0;1250000.0;0;Frankfurt am Main;60314;Katharina.Saric@moodys.com;http://moodys.com
LIEBERGESELL;4;19;8;2026-05-18;115810200.0;2862585.0;0;Osnabrueck;49084;info@liebergesell.com;https://www.liebergesell.com/
EVOILA;3;19;7;2026-05-12;102540032.0;519384.0;1;Mainz;55129;bidbox@de.evoila.com;https://www.evoila.de/de/
NETKOM;1;19;9;2026-06-09;86357346.0;5632363.0;0;Erfurt;99087;info@netkom.de;https://www.netkom.de/Privatkunden
EXTREMENETWORKS;1;19;4;2025-04-23;81220750.0;40610375.0;0;Berlin;13509;alivert@extremenetworks.com;
PIN Mail GmbH;1;19;6;2022-12-29;40865900.0;709419.0;0;Eisenhüttenstadt;15890;frank.reymund@pin-woltersdorf.de;
IBSOLUTION;1;19;9;2025-09-30;20954475.0;2205000.0;2;Heilbronn;74076;info@ibsolution.com;http://www.ibsolution.de
NAGARRO;3;19;7;2026-04-28;17491005.0;647741.0;1;Kronberg im Taunus;61476;info@nagarro.com;https://www.nagarro.com/de/
CADENCE;1;19;7;2024-12-17;13300419.0;1017846.0;0;Feldkirchen;85622;falbert@cadence.com;
FISCHER;1;19;8;2026-04-06;9241538.0;293996.0;0;Grasbrunn;85630;info@fischer.biz;
DTS;2;19;9;2025-06-30;9200591.0;390186.0;0;Herford;32051;ausschreibungen@dts.de;http://www.dts.de
REITZNER;1;19;7;2025-12-22;7308249.0;215271.0;0;Dillingen;89407;vertriebsunterstuetzung@reitzner.de;
PROVIDEO;6;19;10;2026-03-23;7261130.0;372542.0;0;Berlin;13509;info@provideo.eu;https://provideo.eu/
AURA-IT;1;19;8;2026-06-25;4458480.0;329565.0;0;Rostock;18059;info@aura-it.de;
COMMUNARDO;1;19;8;2026-06-18;3978046.0;825040.0;0;Dresden;01129;info@communardo.de;https://www.communardo.de
EINRICH;3;19;8;2026-03-02;3813906.0;345750.0;5;Fulda;36043;a.wehner@weinrich.de;
Administration Intelligence AG;1;19;11;2026-06-09;3780631.0;325000.0;2;Würzburg;97082;info@ai-ag.de;https://ai-ag.de/
BridgingIT GmbH;1;19;7;2026-06-12;3460800.0;3460800.0;2;Mannheim;68161;detlef.schumann@bridging-it.de;http://bridging-it.de
ATOSS;1;19;9;2026-04-07;2715832.0;345000.0;0;München;81671;internet@atoss.com;https://www.atoss.com/de
FOURENERGY;1;19;5;2026-03-13;1346242.0;1346242.0;3;Schönefeld;12529;ausschreibungen@fourenergy.de;http://www.fourenergy.de
DH Healthcare GmbH;2;19;4;2025-03-10;755262.0;755262.0;0;Bonn;53227;healthcare.de@dedalus.com;https://www.dedalus.com/dach/de/
PUBLICPLAN;1;18;9;2026-02-18;830106399.0;11000000.0;1;Düsseldorf;40476;no@emailaddress.given;http://www.publicplan.de
THECLOUD;1;18;6;2024-12-18;773401047.0;2003428.0;0;München;81677;rfp@thecloud.eu;http://www.thecloud.eu
DEUTSCHE-GLASFASER;2;18;8;2025-04-15;629745449.0;30684907.0;0;Borken;46325;state-aid@deutsche-glasfaser.de;https://www.deutsche-glasfaser.de
Deutschlandradio;1;18;7;2025-08-15;102329726.0;498353.0;0;Kiel;24103;info@i-rz.de;
TIGERSOFT;1;18;5;2025-12-05;47024191.0;270541.0;0;Wolfenbüttel;38304;systemhaus@tigersoft.de;
Bundesdruckerei GmbH;1;18;9;2026-04-17;40299971.0;1170000.0;0;Berlin;10969;KAM-bid@bdr.de;http://www.bundesdruckerei.de
XIMA;1;18;10;2026-04-24;28101442.0;661400.0;3;Dresden;01099;vertrieb@xima.de;http://www.xima.de
TUV;6;18;7;2026-06-22;26406428.0;812500.0;0;Köln;51105;Ausschreibungen-trc-ncp@de.tuv.com;
LVZ;5;18;9;2025-08-11;16124561.0;3032988.0;0;Leipzig;04159;jana.boehm@lvz.de;https://www.lvz-post.de
ISO Software Systeme GmbH;1;18;9;2026-03-31;15434334.0;554157.0;1;Nürnberg;90491;iss.tenders.admin@iso-gruppe.com;
DMI;1;18;10;2026-04-10;11860372.0;1144000.0;1;Münster;48161;ausschreibungen@dmi.de;https://www.dmi.de/
NORCOM;1;18;7;2025-03-04;11153481.0;5125824.0;1;München;80333;info@norcom.de;https://www.norcom.de/
BENSEGGER;1;18;7;2024-08-21;8225723.0;442238.0;0;Rosenheim;83022;dithmar@bensegger.de;
FERCHAU;4;18;7;2025-04-24;5861657.0;5861657.0;2;Gummersbach;51643;info@ferchau.com;
FESTO;1;18;7;2025-04-17;5451182.0;265042.0;0;Denkendorf;73770;did@de.festo.com;http://www.festo-didactic.de
BISSINGER;1;18;7;2024-12-09;4943896.0;288353.0;1;Gundelfingen;89423;MPS-Vertrieb@bissinger.de;
Gesellschft für digitale Bildung mbH;2;18;8;2026-05-11;3434245.0;470564.0;0;Mainz;55129;ausschreibungen@convergetp.de;https://convergetp.de/impressum/
DETECON;2;18;7;2025-06-03;3226411.0;524480.0;2;Köln;50678;beispiel@beispiel.de;
ISAX;1;18;6;2025-11-14;1866590.0;423000.0;5;Dresden;01129;bidmanagement@isax.com;https://www.isax.com/
SIEMENS-HEALTHINEERS;2;18;7;2026-03-24;1261730.0;215001.0;0;Erlangen;91052;ausschreibungen.team@siemens-healthineers.com;www.siemens-healthineers.com
SAS;1;18;8;2025-12-01;;;0;Heidelberg;69118;licensing@sas.com;
PROACT;2;17;7;2025-06-17;1157637058.0;356000.0;0;Nürnberg;90449;info@proact.de;https://www.proact.se
alsterarbeit gemeinnützige GmbH;1;17;9;2026-06-12;94357013.0;1036135.0;0;Hamburg;22337;info@alsterarbeit.de;http://www.alsterarbeit.de
E. Michaelis & Co. (GmbH & Co.) KG Niederlassung Hamburg;1;17;10;2026-06-16;68599031.0;1557156.0;3;Reinbek;21465;alamp@igepagroup.com;http://www.igepagroup.de
DHL;2;17;9;2025-11-25;59714814.0;3337085.0;8;Bonn;53113;e-vergabe.ausschreibungen@deutschepost.de;https://www.dhl.de/de/geschaeftskunden/paket.html
Bürofachhandel & Datentechnik GmbH;2;17;6;2025-09-24;36674121.0;1159664.0;0;Erfurt;99091;karl.riethmueller@bdt-erfurt.de;
GRUNDIG-GBS;1;17;8;2025-09-10;16739225.0;424701.0;1;Bayreuth;95448;carsten.ring@grundig-gbs.com;https://www.grundig-gbs.com
TECSERVICE;2;17;8;2026-02-10;13062623.0;955233.0;0;Leipzig;04319;vertrieb@tecservice.de;http://www.tecservice.de
ACCSO;3;17;7;2025-08-12;12804135.0;261860.0;1;Darmstadt;64295;anfragen@accso.de;
WPS - Workplace Solutions GmbH;1;17;8;2025-06-20;11816556.0;400000.0;1;Hamburg;22301;info@wps.de;
ESG;3;17;9;2026-04-28;9711745.0;2966512.0;0;Fürstenfeldbruck;82256;michael.volk@hensoldt.net;
GDV;1;17;8;2025-06-04;6149709.0;229468.0;0;Ingelheim;55218;info@gdv.com;
Bechtle GmbH IT-Systemhaus Hamburg;1;17;6;2025-04-24;5308247.0;264980.0;0;Hamburg;20359;hamburg@bechtle.com;
K+B E-Tech GmbH & Co. KG;1;17;5;2026-06-09;5155850.0;274550.0;0;Cham;93413;info@k-b.de;
BITS-LINK;2;17;5;2025-10-13;5085885.0;307464.0;0;Sulzberg;87477;aust@bits-link.de;
SAFETEC;3;17;7;2025-12-16;5071372.0;363319.0;0;Stuttgart;70372;info@safetec.de;http://www.safetec.de
MSH-PRINT;1;17;6;2022-05-28;4829049.0;337096.0;1;Ried;86510;mbautze@msh-print.de;
mrg computer;2;17;7;2025-12-18;3956508.0;202342.0;0;Werder;14542;info@lapstars.de;https://lapstars.de
LIEBL;2;17;9;2025-12-23;3913926.0;231546.0;0;Regensburg;93053;mhingerl@liebl.de;http://www.papier-liebl.de
MH-SERVICE;1;17;8;2025-11-07;3331364.0;404420.0;0;Kandel;76870;info@mh-service.de;http://mh-service.de
KAENGURUH-PAPER;8;17;9;2025-08-18;2997534.0;305602.0;0;Kassel;34123;sonja.schellmann@kaenguruh-paper.de;
GOVERNIKUS;1;17;8;2026-02-27;2565950.0;500000.0;1;Bremen;28359;vergabe@governikus.com;http://governikus.de
NATUVION;1;17;8;2026-05-27;1707400.0;468600.0;2;Walldorf;69190;info@natuvion.com;http://www.natuvion.com
CYPROTECT;1;17;7;2026-05-12;902550.0;175840.0;1;München;81829;f.neumann@cyprotect.com;
Public Cloud Group GmbH;3;16;3;2026-02-09;3465000000.0;56000000.0;0;Ulm;89081;info@g.pcg.io;https://www.g.pcg.io
EntServ Deutschland GmbH;1;16;8;2026-05-12;82883471.0;812500.0;0;Böblingen;71034;vergabe@dxc.com;
PANDACOMDIREKT;1;16;7;2025-12-22;74833196.0;210561.0;0;Dreieich;63303;bieterportal-alt@deutschebahn.com;https://www.pandacomdirekt.de/
MINHOFF;1;16;8;2025-01-27;42666716.0;376400.0;0;Berlin;12207;adamowicz@minhoff.de;
VERTIGIS;4;16;5;2026-03-30;35762093.0;880154.0;0;Bonn;53177;info-de@vertigis.com;https://www.vertigis.com
SOHNIX;1;16;7;2025-02-18;25678374.0;759696.0;0;Lambrechtshagen;18069;vid@sohnix.ag;
Business Voice GmbH;1;16;5;2022-06-14;21411155.0;221000.0;0;Ulm;89079;;
GAF;1;16;9;2026-04-09;21332031.0;683461.0;0;München;80634;acqinfo-eu@gaf.de;https://www.gaf.de
BIZFACTORY;1;16;7;2025-07-14;15306675.0;665360.0;1;München;80335;hallo@bizfactory.tech;
Office Mix GmbH;1;16;7;2025-12-23;14721027.0;215000.0;0;Mannheim;68199;angebote@officemix.de;http://officemix.de
ABS-TEAM;1;16;10;2026-02-26;13476275.0;1568425.0;3;Bovenden;37120;ausschreibungen@abs-team.de;https://www.abs-team.de
BOSCH;5;16;9;2026-04-28;10736193.0;442205.0;0;Hamburg;20097;Info.Service@bosch.com;www.bosch.de
ERSTLING;4;16;4;2025-09-29;10269904.0;273466.0;0;Berlin;13053;ausschreibung@erstling.de;http://www.erstling.de
LOGODATA;1;16;7;2026-04-08;9095772.0;334733.0;0;Erfurt;99084;info@logodata.de;
ipoque GmbH;1;16;7;2025-10-10;6648570.0;320000.0;0;Leipzig;04109;info.ipoque@rohde-schwarz.com;
SPIE COMNET GmbH;1;16;5;2023-04-20;6203955.0;537800.0;0;Hamburg;14055;gwendt@com-net.de;
CELLEBRITE;1;16;8;2026-05-13;6120728.0;982782.0;0;München;81669;norbert.grund@cellebrite.com;https://cellebrite.com/
DYNASYS;1;16;6;2025-12-01;5980615.0;464415.0;0;Augsburg;86167;a.langmeier@dynasys.de;
NETZWERT;1;16;9;2025-12-23;5051045.0;303122.0;0;Leipzig;04103;info@netzwert.it;
National Instruments Germany GmbH;1;16;9;2026-06-09;4479730.0;299000.0;0;München;80687;info.germany@ni.com;http://www.ni.com/germany
KEYSIGHT;4;16;9;2026-06-10;4449157.0;420270.0;0;Böblingen;71034;matthias_kohler@keysight.com;http://www.keysight.de
RF-COMPUTER;1;16;5;2023-05-26;4256469.0;134963.0;0;Rheine;48431;info@rf-computer.de;
RITTAL;1;16;6;2025-10-30;3994790.0;289898.0;0;Herborn;35745;info@rittal.de;http://www.rittal.de
HISCOUT;1;16;8;2026-06-19;776800.0;388400.0;0;Berlin;12163;sales@hiscout.com;
PricewaterhouseCoopers AG;1;15;6;2024-12-02;504557036.0;8680000.0;0;Düsseldorf;40227;de_zentrale-pwc-wpg@pwc.com;
EPCAN;1;15;6;2025-05-15;366300750.0;11845034.0;4;Vreden;48691;bm@epcan.de;https://www.epcan.de/
PICTURE-GMBH;1;15;8;2025-12-08;243333605.0;674200.0;3;Münster;48147;vergabe@picture-gmbh.de;https://www.picture-gmbh.de
UDF;1;15;9;2025-12-22;213555036.0;2372200.0;2;Stuttgart;70184;stuttgart@udf.de;http://www.udf.de
ECONOCOM;1;15;7;2025-11-03;77073878.0;1125914.0;0;Frankfurt;60528;jaroslaw.schwinge@econocom.com;
RDS;1;15;8;2026-01-02;74574808.0;16200276.0;1;Düsseldorf;40470;vertrieb@rds.de;http://www.rds.de
NETFOX;1;15;7;2024-12-08;57462943.0;841800.0;0;Kleinmachnow;14532;jcaspers@netfox.de;
PAUL-IT-SERVICE;1;15;7;2025-12-17;57347231.0;6689441.0;1;Berlin;10789;kuemmel@paul-it-service.de;https://paul-it-service.de/de/home/
REGIOMAIL;1;15;7;2026-03-23;56656121.0;3927248.0;1;Heilbronn;74076;mirela.weber@regiomail.de;
ZALARIS;1;15;7;2024-10-14;52384457.0;6051270.0;0;Henstedt-Ulzburg (Schleswig-Holstein);24558;salessupport@zalaris.de;
INNOVAS;1;15;5;2025-12-23;29915163.0;698122.0;0;Köln;50668;kontakt@innovas.de;https://www.innovas.de
BWPOST-REMS-MURR;1;15;8;2026-05-11;29581015.0;4132555.0;1;Waiblingen;71332;info@bwpost-rems-murr.de;http://www.bwpost-rems-murr.de
U.N.P. - Software GmbH;1;15;8;2026-01-02;22779954.0;1300000.0;5;Düsseldorf;40213;rainer.goewe-servos@unp.de;
System Informations GmbH;1;15;5;2024-01-30;20713781.0;593368.0;0;Neu-Ulm;89231;musa.cosgun@sig-ulm.de;
SER Solutions Deutschland GmbH;1;15;6;2025-03-28;16895209.0;446140.0;0;Bonn;53227;info@sergroup.com;http://www.sergroup.com
ROM-TECHNIK;1;15;7;2026-06-19;16319504.0;389680.0;0;Aalen;73430;ROM-HNL-AA-Ausschreibungen@rom-technik.de;
MORGENSTERN;1;15;8;2026-01-26;14418289.0;712395.0;0;Reutlingen;72770;Projektmanagement@morgenstern.de;
REGIO Print-Vertrieb GmbH & Co. KG;1;15;8;2024-09-16;14355356.0;476937.0;0;Cottbus;03050;Enrico.Neubauer@lr-online.de;
PIT;1;15;8;2026-05-26;14255259.0;1371858.0;0;Heidelberg;69124;info@pit.de;
ISO Public Services GmbH;3;15;6;2025-08-29;13595864.0;6797932.0;0;Nürnberg;90491;info@iso-gruppe.com;https://www.iso-gruppe.com/de/iso-public-services/unternehmen.html
MENTIQ;1;15;8;2026-06-16;11884854.0;2863870.0;0;Dornach;85609;mathias.hofhus@mentiq.com;
ITEMDE;1;15;6;2022-03-23;10345385.0;356773.0;0;Meerbusch;40670;michael.thalhofer@itemde.de;
FNT GmbH;1;15;7;2024-12-09;10112251.0;1429469.0;0;Ellwangen;73479;bidmanagement@fntsoftware.com;
SPEICHERWERKE;1;15;10;2026-01-22;9023795.0;325301.0;0;München;81829;kontakt@speicherwerke.de;
COHRS-KURIER;2;15;8;2025-06-13;7574186.0;770000.0;0;Munster;29633;Ines.vormann@cohrs-kurier.de;
F-CONSULTING;1;15;6;2026-03-24;6804319.0;1013849.0;0;Ratingen;40882;sschillings@f-consulting.de;
ISERV;1;15;7;2026-01-09;5975795.0;477978.0;0;Braunschweig;38104;ausschreibungen@iserv.eu;
OSTERTAGDETEWE;3;15;7;2026-06-24;5544991.0;461892.0;0;Düsseldorf;40549;matthias.eger@ostertagdetewe.de;
MILCHUNDZUCKER;6;15;7;2025-10-06;5259649.0;545340.0;0;Gießen;35398;salesoffice@milchundzucker.de;http://www.milchundzucker
ISB GmbH;1;15;5;2022-11-07;5247519.0;798004.0;0;Schwerte;58239;ghi@isb-gmbh.biz;
HANSECOM;2;15;6;2025-12-02;4727378.0;184930.0;0;Hamburg;20097;hallo@hansecom.com;https://hansecom.com/
FRANKEN-LEHRMITTEL;4;15;7;2025-09-15;4037988.0;251110.0;0;Kammerstein;91126;vergabe@flmmedia.de;
OLTERSKLUWER;1;15;8;2026-05-18;3902870.0;1034100.0;0;Hürth;50354;ausschreibungen@wolterskluwer.com;
NEUSTA;4;15;7;2026-05-18;3706795.0;223460.0;0;Landsberg am Lech;86899;sales@destination.one;https://www.destination.one
BERLINUX-SOLUTIONS;2;15;6;2025-11-17;3635512.0;353115.0;0;Berlin;10367;info@berlinux-solutions.de;http://www.berlinux-solutions.de
MINDSQUARE;2;15;6;2026-04-27;3215387.0;622291.0;0;Bielefeld;33602;info@mindsquare.de;https://mindsquare.de
GE Healthcare GmbH;1;15;9;2025-11-11;2765893.0;501932.0;1;Düsseldorf;40468;InsideSales.HCIT@gehealthcare.com;
Lufthansa Industry Solutions AS GmbH;1;15;6;2026-02-25;2342476.0;1171238.0;1;Norderstedt;22844;frank.schuhmann@lhind.dlh.de;
MESALVO;10;15;3;2025-10-21;1649126.0;386265.0;0;Mannheim;68167;info@mesalvo.com;http://www.mesalvo.com
TEAMROADRUNNER;1;15;5;2025-12-09;269088.0;134544.0;0;Troisdorf;53840;todorovic@teamroadrunner.de;
EINS;1;14;5;2023-02-09;185376693.0;2496154.0;0;Chemnitz;09111;sven.liebscher@eins.de;
GM-PLAST;2;14;8;2026-05-18;79804630.0;1940000.0;0;Flensburg;24941;gm@gm-plast.de;https://www.gm-plast.com/
ITERATEC;1;14;7;2026-06-10;73545800.0;2700000.0;1;München;81669;sales-ops@iteratec.de;https://www.iteratec.com/de/
COSINEX;1;14;8;2026-03-12;50959786.0;632384.0;1;Bochum;44801;produktberatung@cosinex.de;http://www.cosinex.de
AVAYA;2;14;8;2025-06-18;34063769.0;1132299.0;0;Düsseldorf;40547;pristl@avaya.de;
PDV-SYSTEMHAUS;1;14;7;2026-04-08;21615378.0;235512.0;1;Erfurt;99099;sascha.pfeiffer@pdv-systemhaus.de;https://www.pdv-systemhaus.de/
M.S.E. GmbH;2;14;8;2024-10-07;14658373.0;523910.0;0;Unna;59427;malte.schwartz@msegmbh.de;
ADVITEC;2;14;7;2026-03-16;12258930.0;507600.0;1;Dresden;01069;jboche@advitec.de;
CYBERPORT;1;14;4;2024-08-20;10008177.0;281139.0;0;Dresden;01099;mlebherz@cyberport.de;
NAVUM;1;14;9;2025-04-30;9842775.0;774224.0;0;Wörthsee;82237;info@navum.de;www.navum.de
HAIILO;4;14;4;2026-02-24;9060181.0;486108.0;0;Hamburg;22761;jonas.rey@haiilo.com;https://www.haiilo.com/de
SCHWENDYGMBH;1;14;6;2025-10-14;8210800.0;207636.0;0;Zossen;15806;singer@schwendygmbh.de;http://www.schwendy1.de
GFA-GROUP;1;14;8;2025-11-14;8015876.0;668304.0;5;Hamburg;22359;info@gfa-group.de;http://www.gfa-group.de
AXIANS-INFOMA;1;14;7;2026-03-09;7643597.0;533467.0;0;Ulm;89081;florian.goestl@axians-infoma.de;http://www.axians-infoma.de
IKOR;2;14;7;2024-11-13;7635656.0;295828.0;4;Hamburg;22765;info@ikor.de;
TE-SCHMIDT;4;14;6;2025-08-29;7232408.0;1000000.0;0;Koblenz;56070;matthias.weske@te-schmidt.de;
Agile Software GmbH;1;14;8;2026-03-27;6755737.0;891157.0;0;Solingen;42697;ausschreibungen@codecentric.de;http://www.codecentric.de
THIEME-COMPLIANCE;2;14;3;2026-04-07;5924879.0;273871.0;0;Erlangen;91058;service@thieme-compliance.de;https://www.thieme-compliance.de
ETS-DIDACTIC;2;14;6;2024-09-12;4641701.0;447561.0;0;Kinding;85125;submission@ets-didactic.de;
IT-NOVUM;1;14;8;2026-05-08;4590102.0;603560.0;0;Fulda;36043;eim.sales@it-novum.com;https://it-novum.com/impressum/
AHLEMEYER;1;14;5;2023-11-21;4367848.0;93763.0;0;Duisburg;47249;ausschreibung@ahlemeyer.com;
HSH Soft- und Hardware Vertriebs GmbH;1;14;8;2024-12-12;4104758.0;534570.0;0;Ahrensfelde;16356;vertrieb@hsh-berlin.com;
COPRA-SYSTEM;1;14;7;2024-03-19;3992096.0;917376.0;1;Berlin;13189;vertrieb@copra-system.de;
DURAPLAN;2;14;6;2025-06-10;3862828.0;473950.0;0;München;80807;info@duraplan.net;https://www.duraplan.net/
MANIG-PALME;1;14;6;2023-09-15;3646124.0;372388.0;2;Radebeul;01445;info@manig-palme.de;
4VOICE;1;14;6;2026-02-09;3073990.0;644000.0;1;Hirschaid;96114;vertrieb@4voice.de;https://www.4voice.de
TELCAT;2;14;4;2024-09-18;2944081.0;393989.0;2;Magdeburg;39116;info@telcat.de;
HYDROTEC;5;14;8;2026-03-10;1924501.0;395340.0;0;Aachen;52066;mail@hydrotec.de;http://www.hydrotec.de
UHER;1;14;8;2025-12-05;1266755.0;302307.0;0;Braunschweig;38122;info@uher.com;https://uher.com
SEIBERT;5;14;3;2026-04-13;1067095.0;402176.0;0;Wiesbaden;65185;tender@seibert.group;https://de.seibert.group/
PLATE;1;14;9;2026-03-23;905144.0;219215.0;0;Lilienthal;28865;mloebel@plate.de;http://www.plate.de
VALID-DIGITAL;1;14;6;2026-05-13;599240.0;299620.0;0;Berlin;10997;info@valid-digital.com;https://www.valid-digital.com
Systempartner IT-Vertriebs GmbH & Co. KG;1;14;5;2026-06-08;460580.0;153527.0;0;Lüneburg;21339;s.rueter@it-system-partner.de;http://www.it-system-partner.de
PricewaterhouseCoopers GmbH WPG;3;14;4;2026-04-30;278400.0;278400.0;0;Frankfurt am Main;60327;de_zentrale-pwc-wpg@pwc.com;
SPREESYSTEMS;1;14;6;2026-06-15;111518.0;111518.0;0;Teltow;14513;vt-mw@spreesystems.DE;
ARS;1;14;5;2024-06-27;;;0;München;80339;michael.arbesmeier@ars.de;
ACADEMICSOFTWARE;3;13;2;2025-02-03;2605000000.0;412500000.0;0;Lokeren;9160 Lokeren;info@academicsoftware.com;https://www.academicsoftware.com
IT Professionals AG;1;13;6;2026-03-25;733452940.0;27000000.0;3;Frankfurt am Main;60313;RESPOVVVV@rentenbank.de;
DKV-EUROSERVICE;1;13;8;2025-04-22;641110653.0;23559404.0;0;Ratingen;40882;supplier-reg-dach@dkv-mobility.com;
NETAPP;1;13;8;2025-12-05;454989918.0;9500000.0;0;Kirchheim bei München;85551;florianu@netapp.com;http://www.netapp.com
GULP;2;13;5;2024-05-03;215589000.0;55269500.0;7;München;80687;bieterportal-alt@deutschebahn.com;
TELONIC;1;13;7;2026-04-07;151996398.0;820286.0;0;Köln, Deutschland;51147;mende-office@telonic.de;
CONVISTA;2;13;8;2026-02-27;97144050.0;5000000.0;1;Köln;50678;salesservices@ConVista.com;http://ConVista.com
südmail GmbH;1;13;9;2026-03-23;75678311.0;7487310.0;0;Weingarten;88250;t.gerlach@suedmail.de;
CONVOTIS;4;13;4;2025-08-26;31194764.0;3255450.0;0;Münster;48153;ausschreibung@convotis.com;http://www.convotis.com
TÜV Informationstechnik GmbH;2;13;8;2025-08-04;15812431.0;439089.0;2;Essen;45307;bidmanagement@tuvit.de;
KUCHEM;1;13;7;2025-10-21;11776008.0;305518.0;0;Königswinter;53639;Ausschreibung@kuchem.com;http://kuchem.com
AWA-COUVERT;1;13;6;2025-01-29;11324443.0;769207.0;0;Alfeld / Leine;31061;leonie.fennig@awa-couvert.de;
NEXTCLOUD;3;13;6;2026-05-28;7841578.0;958623.0;0;Stuttgart;70192;Fabian.liedtke@nextcloud.com;https://nextcloud.com/de/
SBSK;1;13;7;2024-06-19;7785754.0;509248.0;0;Schönebeck;39218;vertrieb@sbsk.de;
LÄMMERZAHL GmbH;1;13;7;2024-12-11;7490152.0;1922670.0;0;Dortmund;44225;vertrieb@laemmerzahl.de;
ACS alpha computer sales GmbH;1;13;3;2023-04-17;7437487.0;697099.0;0;Ottobrunn-Riemerling;85521;;
SEIBERT-MEDIA;1;13;6;2025-08-19;6589717.0;600000.0;0;Wiesbaden;65185;vertrieb@seibert-media.net;
BOA Business Solutions GmbH;1;13;3;2023-07-31;6564908.0;305730.0;0;Laupheim;88471;ausschreibung@boa-gmbh.de;
TRAPEZEGROUP;5;13;4;2025-10-28;6550921.0;251291.0;0;Neuhausen;8212 Neuhausen;info.ch@trapezegroup.com;https://www.trapezegroup.de/
IPDYNAMICS;1;13;8;2026-04-13;5858164.0;596592.0;1;Hamburg;20539;vertrieb@ipdynamics.de;http://www.ipdynamics.de
VST Mies GmbH;1;13;8;2024-09-06;5763544.0;327336.0;0;Saalfeld;07318;karina.klein@vst-pro.de;
DOCTOLIB;1;13;5;2025-12-30;5610002.0;215001.0;0;Berlin;10961;tenderoffice@doctolib.com;http://www.doctolib.com
VINTIN;3;13;8;2023-08-24;3975618.0;359700.0;0;Sennfeld;97526;sales.constructions@vintin.de;
IBA-HARTMANN;1;13;6;2024-12-30;3821258.0;254780.0;0;Augsburg;86165;info@iba-hartmann.de;
BRAINLAB;1;13;5;2026-06-01;3566235.0;886059.0;0;München;81829;dach_sales@brainlab.com;
AIXCONCEPT;2;13;7;2025-10-31;3416562.0;324720.0;0;Stolberg;52222;vertrieb@aixconcept.de;https://aixconcept.de
COMNETGMBH;2;13;7;2025-12-22;3411930.0;399931.0;0;Hannover;30163;mail@comnet-solutions.de;http://www.comnet-solutions.de
BIBLIOTHECA;1;13;8;2025-04-07;3163707.0;266863.0;0;Reutlingen;72762;Tenders-DE@bibliotheca.com;http://www.bibliotheca.com
SLD-MEDIATEC;1;13;6;2026-03-30;2622668.0;230228.0;0;Nürnberg;90425;info@sld-mediatec.de;http://www.sld-mediatec.de
m.Doc GmbH;1;13;2;2023-12-21;2609322.0;323102.0;0;Köln;50668;tender@mdoc.one;
COMPUTERTECHNIK-BERGER;1;13;5;2025-11-27;2471224.0;179815.0;0;Bad Bentheim;48455;t.berger@computertechnik-berger.de;http://www.computertechnik-berger.de
PLANORG;4;13;5;2026-02-09;2414257.0;562787.0;0;Jena;07743;sales@planorg.de;
DIALOGIKA;3;13;7;2025-09-08;2400259.0;191720.0;0;Saarbrücken;66125;info@dialogika.de;
Arvato Systems Digital GmbH;4;13;5;2026-04-23;2225200.0;562500.0;1;Leipzig;04317;sales.utilities@bertelsmann.de;https://www.utilities.arvato-systems.de
Interflex Datensysteme GmbH & Co. KG;1;13;6;2025-12-22;2134949.0;306000.0;0;Stuttgart;70567;selina.guelbey@allegion.com;
G-CO Automotive Folientechnik GmbH;1;13;6;2025-12-19;2009105.0;516340.0;0;Rostock;18057;info@gecko.de;
COM plan + service GmbH;2;13;6;2026-02-13;1753824.0;340321.0;0;Viernheim;68535;weinkoetz@cpls.de;https://www.complan-und-service.de
THOMANN;3;13;7;2026-04-27;1664669.0;563714.0;0;Burgebrach;96138;audioprof@thomann.de;http://www.audioprof.de
B & K Computersysteme GmbH;1;13;6;2024-02-19;1654350.0;413587.0;0;Anger;83454;info@bk-computer.de;
CONDAT;1;13;7;2026-03-16;1622206.0;139500.0;0;Berlin;10559;tse@condat.de;http://www.condat.de
C & P Consulting GmbH;1;13;4;2025-12-08;1597348.0;240692.0;0;Potsdam;14482;vergabe@notebooksbilliger.de;http://www.notebooksbilliger.de/
APPSFACTORY;1;13;7;2026-01-15;1032940.0;302940.0;0;Leipzig;04109;rene.hamann@appsfactory.de;www.appsfactory.de
SOLVVISION;1;13;5;2025-12-30;515259.0;257630.0;0;Frankfurt am Main;60325;info@solvvision.de;www.solvvision.de
IRESOFT;4;13;3;2026-02-24;410959.0;107029.0;0;Baar;6340;info@wiresoft.com;http://wiresoft.com
COMPUSAFE;1;13;7;2024-09-29;299200.0;299200.0;0;München;81373;michael.meinke@compusafe.de;
CLOUDOGU;1;13;6;2025-02-10;;;0;Braunschweig;38100;thomas.grosser@cloudogu.com;
UTIMACO;3;13;8;2025-01-09;;;0;Aachen;52080;info@utimaco.com;
BLUSYSTEMS;1;13;6;2023-02-06;;;0;OBERHACHING;82041;info@blusystems.de;
DACOSO;1;12;8;2025-11-24;534331730.0;20547364.0;0;Langen;63225;matthias.langendoerfer@dacoso.com;https://dacoso.com/
NETCOLOGNE;3;12;7;2023-09-01;290688304.0;243229.0;0;Köln;50829;fwilken@netcologne.de;
ALPHABIT;1;12;5;2022-03-02;150148524.0;6590733.0;23;Wiesbaden;65187;c.matrakou@alphabit.de;
SKS-Solutions GmbH;1;12;5;2024-05-30;105436433.0;4800000.0;0;Potsdam;14482;Accenture.direct.ela@accenture.com;
CQSE;1;12;5;2025-12-15;46650000.0;23325000.0;0;München;81249;info@cqse.eu;
KLAR-KABELSCHUTZ;1;12;7;2025-08-11;40417911.0;1355614.0;0;Wernberg-Köblitz;92533;michael.klar@klar-kabelschutz.de;https://klar-kabelschutz.de/
PSI;1;12;6;2025-07-18;39434395.0;4418720.0;0;Berlin;10719;info@psi.de;https://www.psienergy.de/de/home/
VOQUZ;4;12;8;2026-01-23;24904036.0;2271480.0;3;Ismaning;85737;bids@voquz.com;https://public.voquz.com/
Wolfgang Walter GmbH;1;12;7;2026-06-12;18771598.0;198652.0;1;Stockstadt am Rhein;64589;ausschreibungen@walter-buero.de;
KIWI-CONSULTING;1;12;7;2024-10-25;18589880.0;9294940.0;1;Weinsberg;74189;cornelia.baric@kiwi-consulting.de;
CUBESERV;1;12;7;2025-08-27;18400000.0;9200000.0;0;Raunheim;65479;vertrieb_de@cubeserv.com;
DYNACON;1;12;1;2026-06-15;18037725.0;842341.0;0;München;81675;max.ewert@dynacon.de;
IQUL;3;12;6;2026-06-23;18024763.0;1103927.0;0;Bergisch Gladbach;51429;sales@iqul.de;https://www.iqul.com/de/
OMNINET;3;12;5;2025-10-06;14666470.0;3316080.0;0;Eckental;90542;crm@omninet.de;
TELETECH-NET;1;12;5;2024-07-08;13079593.0;185965.0;0;Zossen;15806;info@teletech-net.de;
NECT;1;12;7;2026-05-18;11376200.0;3125000.0;0;Hamburg;20457;hello@nect.com;https://nect.com/
GEVAS;3;12;7;2025-12-18;9794866.0;781200.0;1;München;80335;kunde@gevas.de;https://www.gevas.eu
BENTS;1;12;9;2026-05-22;8774930.0;738597.0;1;Ihlow-Riepe;26632;pomausschreibung@bents.com;
IN4MD-SERVICE;1;12;7;2026-03-24;8314000.0;250200.0;0;Magdeburg;39104;vergabe@in4md-service.de;https://www.in4md-service.de
INDIBIT;1;12;4;2025-12-16;7675441.0;1164449.0;0;Bayreuth;95444;kontakt@indibit.eu;
CRONOS;3;12;7;2026-02-20;7300752.0;7300752.0;4;Münster;48155;d.kawczynski@cronos.de;http://cronos.de
DSLMOBIL;1;12;3;2026-06-02;6264097.0;1127789.0;0;Asbach-Bäumenheim;86663;matthias.korber@dslmobil.de;http://www.dslmobil.de
HAUPT-IT-SYSTEMS;1;12;5;2024-11-25;6219224.0;538475.0;0;Dresden;01109;webmaster@haupt-it-systems.de;
GBTEC;5;12;6;2026-06-02;6165474.0;495000.0;0;Bochum;44801;benedikt.siebrecht@gbtec.de;http://gbtec.de
SWARCO;2;12;6;2025-12-19;6088287.0;415396.0;0;Trier;54294;pv@swarco.de;
MCL;1;12;6;2023-01-05;5994822.0;180456.0;0;Böblingen;71034;grit.ludewig@mcl.de;
Vitos gGmbH für Vitos Haina gGmbH;1;12;4;2026-06-23;5828385.0;1600000.0;0;Berlin;10829;info@telecomputer.de;http://www.telecomputer.de
PRODATO;3;12;4;2025-09-08;5125620.0;953190.0;1;Nürnberg;90427;johannes.held@prodato.de;http://www.prodato.de
GREENIT;4;12;8;2025-10-27;4843488.0;2421744.0;0;Dortmund;44227;d.wessels@greenit.systems;http://www.greenit-dortmund.de
Seventythree Networks GmbH;1;12;6;2024-04-24;4752855.0;265500.0;0;Puchheim;82178;Vertrieb@73s.de;
CONSULTING4IT;1;12;8;2025-07-24;4611675.0;290447.0;0;Waldbronn;76337;patrick.hild@consulting4it.de;
Buscher GmbH;1;12;8;2025-04-08;3891353.0;328845.0;0;Bielefeld;33609;buescher@buescher.de;http://www.buescher.de
XANTARO;1;12;6;2025-10-23;3628178.0;411408.0;0;München;80687;omg@xantaro.net;
EOMI;3;12;2;2025-12-01;2858247.0;315010.0;0;Hamburg;20099;tender@eomi.com;https://www.eomi.com/
YUNEXTRAFFIC;4;12;3;2026-04-27;2810483.0;798885.0;0;Mannheim;68309;ausschreibungen.mitte.mo.de@yunextraffic.com;http://www.yunextraffic.com
UNITY;1;12;5;2026-06-02;2512329.0;630665.0;0;Büren;33142;sebastian.befeld@unity.de;http://www.unity.de
ITC (Europe) GmbH;1;12;6;2025-07-28;2504793.0;90491.0;0;Paderborn;33102;info@itc-germany.com;http://www.itc-germany.com
NETKAB;5;12;8;2025-09-09;2405189.0;274103.0;0;St. Ingbert;66386;dk@netkab.de;http://www.netkab.de
Strößner Büroservice GmbH;1;12;7;2025-07-08;2365951.0;143243.0;0;Hof;95028;info@stroessner.de;
REXX-SYSTEMS;1;12;7;2026-06-01;2149402.0;359633.0;0;Hamburg;20097;bernd.michaelis@rexx-systems.com;
LOWTEQ;4;12;4;2025-01-28;2021489.0;501233.0;2;Köln;50825;t.weigand@lowteq.de;
SHE;1;12;6;2025-10-24;1861848.0;215845.0;0;Ludwigshafen am Rhein;67059;info@she.net;
IA-MEDIA;1;12;4;2023-07-05;1734741.0;57450.0;0;Ingolstadt;85055;d.froehlich@ia-media.de;
BELL;1;12;6;2026-04-01;1678428.0;493917.0;1;Bonn;53175;info@bell.de;http://www.bell.de
TIPLU;1;12;7;2025-09-19;1535860.0;377000.0;0;Hamburg;21079;info@tiplu.de;http://tiplu.de
GEMELO;1;12;6;2025-09-29;1071131.0;127889.0;0;Hamburg;22761;ausschreibungen@gemelo.de;
XSUITE;4;12;4;2025-12-16;911313.0;455657.0;0;Ahrensburg;22926;info@xsuite.com;https://www.xsuite.com/
PRIMION;1;12;8;2026-03-26;890758.0;126447.0;0;Stetten a.k.M;72510;info@primion.eu;https://primion.io/
LWL - Bau- und Liegenschaftsbetrieb (LWL-BLB);1;12;3;2025-12-11;811756.0;405878.0;1;München;80686;ausschreibung@akdb.de;https://wideservices.gr/en/
BARAMUNDI;1;12;6;2026-02-20;806621.0;371525.0;0;Augsburg;86159;ausschreibung@baramundi.com;https://www.baramundi.com/
ALLGEIER-IT;6;12;6;2025-03-12;401470.0;401470.0;0;Bremen;28307;oliver.letzel@allgeier-cyris.de;
NUBEDIAN;1;12;5;2025-06-16;340365.0;170182.0;1;Karlsruhe;76227;ausschreibungen@nubedian.de;
IDPENDANT;1;12;7;2026-05-31;225000.0;225000.0;0;Unterschleißheim;85716;customer.service@idpendant.com;
Königstein Beratungsgesellschaft für EDV-Dienstleistungen mbH;1;12;5;2022-04-05;;;0;Köln;51063;Norbert.Koenigstein@EDV-Koenigstein.de;
European Dynamics Deutschland GmbH;1;11;8;2026-03-13;146992838.0;3255450.0;50;Berlin;10717;ibd-de@eurodyn.com;http://www.eurodyn.com
SCHMIDT + Partner GmbH;1;11;5;2026-01-02;126870456.0;9273704.0;0;Hürth;50354;gertud.schmidt@sp-consulting.com;
NETSERVICES;1;11;7;2026-02-17;110717598.0;6242240.0;0;Flensburg;24941;info@netservices.de;
ITUNLIMITED;1;11;6;2024-08-15;96766480.0;6747490.0;0;Böblingen;71034;klaus.neumann@itunlimited.de;
ETOMER;1;11;5;2025-08-12;80168568.0;4616348.0;0;Berlin;14193;Niclas.lehmann@etomer.com;
NETLUTION;1;11;8;2025-03-31;70660396.0;1265630.0;0;Ludwigshafen;67061;portale@netlution.de;
ALLGEIER-PUBLIC;6;11;4;2026-05-19;28523777.0;9642000.0;0;München;80807;biddesk@allgeier-public.eu;
BK-RENNEN;1;11;5;2025-04-28;24547227.0;366000.0;0;Düsseldorf;40225;ausschreibung@bk-rennen.de;http://www.bk-rennen.de
ADICCON;3;11;6;2025-07-10;20000000.0;20000000.0;3;Darmstadt;64293;ingo.beckert@adiccon.de;
SD & C Solutions Development & Consulting GmbH;1;11;8;2024-11-11;15000000.0;5000000.0;2;Berlin;10587;ausschreibungen@sd-c.de;
ARISTON;1;11;6;2025-12-02;13689380.0;3207445.0;0;Berlin;12169;Jane.Mattika@ariston.de;
EPLASS;2;11;7;2025-04-11;13600783.0;568195.0;0;Würzburg;97080;info@thinkproject.com;
SRC Security Research & Consulting GmbH;1;11;7;2026-04-28;12255670.0;1600000.0;0;Bonn;53113;sales@src-gmbh.de;
EBP;1;11;7;2025-12-16;9472000.0;2036000.0;0;Berlin;10557;info@ebp.de;
OBJEKTKULTUR;1;11;7;2026-06-22;9340000.0;2052000.0;0;Karlsruhe;76133;gw@objektkultur.de;http://www.objektkultur.de
ATRON;1;11;7;2026-02-04;8959666.0;1257901.0;0;Markt Schwaben;85570;vertrieb@atron.de;http://www.atron.de
CES IT-Systemhaus GmbH;1;11;5;2025-12-15;8259440.0;857235.0;0;Dresden;01139;vertrieb@ces-dresden.de;
HUMAN-ART;2;11;7;2024-11-05;7776300.0;409100.0;0;Berlin;13158;ausschreibung@human-art.de;
DEXTRADATA;1;11;6;2026-03-10;7228598.0;1491000.0;0;Essen;45131;inside_sales@dextradata.com;http://www.dextradata.com
XFT;1;11;6;2025-06-16;7160245.0;395044.0;0;Berlin;10117;ausschreibungen@xft.com;https://www.xft.com/
JUNGMANN;1;11;7;2026-01-14;6345869.0;809793.0;0;Buxtehude;21614;tender@jst.ag;
BLUE-TECHNOLOGIES;1;11;7;2025-12-12;6045328.0;664425.0;0;Münster;48153;dirk.webbeler@blue-technologies.de;http://www.blue-technologies.de
ISE UG (haftungsbeschränkt);1;11;7;2025-07-31;5338925.0;545498.0;0;Aachen;52068;ausschreibung@ise-online.com;
PTC;1;11;5;2022-12-01;5066205.0;317282.0;0;Wörthseee;82237;ausschreibung@ptc.de;
PROVENTA;1;11;5;2025-12-19;4753000.0;307000.0;0;Wiesbaden;65183;d.calvo@proventa.de;
VANDERMOST;5;11;6;2025-12-22;4730341.0;533400.0;0;Heerde;8181 BG;tenderdeskduitsland@vandermost.com;http://www.vandermost.com
SAUTER-BC;1;11;6;2026-04-15;4624338.0;447264.0;0;Saarlouis;66740;NL.Saarlouis@de.sauter-bc.com;
MDS GmbH;1;11;7;2026-04-15;4369976.0;398350.0;0;Hannover;30179;backoffice@mds-it.de;http://www.mds-it.de
CONTAC;1;11;6;2025-05-13;4210404.0;327731.0;1;Ilmenau;98693;info@contac.de;
PTA;3;11;6;2026-05-11;3995981.0;3995981.0;1;Mannheim;68165;vertriebskoordination@pta.de;http://www.pta.de
PPI;1;11;9;2026-03-02;2580075.0;641160.0;2;Hamburg;22301;salesoffice@ppi.de;
SECUVERA;1;11;7;2025-02-24;2544970.0;311055.0;3;Gäufelden;71126;rlorenz@secuvera.de;
kommIT Gesellschaft für Informationstechnik GmbH;2;11;7;2024-10-23;2514469.0;368128.0;0;Köln;50670;info@komm-it.de;
SOFTLINE-GROUP;2;11;7;2026-06-09;2501104.0;1250552.0;1;Leipzig;04103;sales-ausschreibung@softline-group.com;
PARADATEC;3;11;6;2025-10-14;2379051.0;470000.0;0;Braunschweig;38112;backoffice@paradatec.de;
DIGITECH;1;11;7;2026-06-09;2341247.0;361199.0;0;Patersdorf;94265;info@digitech.eu;http://digitech.eu
RAYNET;1;11;7;2025-09-17;2064175.0;415000.0;0;Paderborn;33100;bidmanagement@raynet.de;
ALOS;1;11;8;2025-08-18;2017201.0;632682.0;0;Köln;50859;ausschreibungen@alos.de;
CODA-ERFURT;2;11;6;2024-09-19;2014325.0;340000.0;0;Erfurt;99085;info@coda-erfurt.de;
REGLER;1;11;7;2025-12-23;1781612.0;129644.0;1;Beckingen;66701;Julian.Collmann@regler.de;
MATHPLAN;1;11;7;2026-06-02;1565023.0;271150.0;0;Berlin;13347;info@mathplan.de;http://www.mathplan.de
AIRBUS;2;11;6;2024-12-19;1541708.0;1541708.0;0;Immenstaad am Bodensee;88090;tsx.sost@airbus.com;
BETTERMARKS;1;11;6;2026-02-02;1355140.0;1355140.0;0;Berlin;10997;vergabe@bettermarks.com;www.bettermarks.de
MEDIA-BROADCAST;1;11;6;2023-10-11;1329888.0;212000.0;0;Köln;51103;petra.bredenbeck@media-broadcast.com;
EBIT;2;11;6;2025-10-01;1130303.0;280466.0;0;Dresden;01277;haubold@webit.de;www.webit.de
IPG-GROUP;2;11;6;2026-05-26;1087837.0;215000.0;0;Berlin;13158;no@emailaddress.given;http://www.ipg-group.com
SERVERHERO;2;11;4;2025-12-15;1054239.0;296668.0;0;Köln;50858;info@serverhero.de;http://www.serverhero.de
COMLINE-SE;2;11;7;2024-10-14;832800.0;416400.0;1;Hamburg;22761;Daniela.Ulscht@comline-se.de;https://www.comline-se.de
LANGER-ITS;1;11;3;2026-06-24;691367.0;167000.0;0;Unterhaching;82008;einkauf@langer-its.com;
MEGASOFT;1;11;6;2025-11-18;459365.0;229683.0;0;Monheim;40789;LUKAS.MAI@T-SYSTEMS.COM;
AXWAY;1;11;6;2024-08-29;402649.0;402649.0;0;Berlin;10711;esharp@axway.com;
BROADCAST-SOLUTIONS;1;11;7;2025-08-11;258618.0;258618.0;0;Bingen am Rhein;55411;a.normann@broadcast-solutions.de;
DEKOM;1;11;4;2026-06-22;216000.0;216000.0;0;Hamburg;22529;ausschreibungen@dekom.com;
VSH Medientechnik Furtner GmbH & Co. KG;1;11;4;2024-07-02;204861.0;102430.0;0;Thyrnau;94136;aschneider@vsh-online.com;
Picard & Birkenstock;1;11;7;2025-04-28;22522.0;22522.0;0;Remscheid;42899;Frank.Postleb@pb-pbs.de;
QUANTO-SOLUTIONS;1;11;7;2026-02-26;3000.0;3000.0;1;Stuttgart;70565;stephan.heldrich@quanto-solutions.de;http://www.quanto-solutions.de
LIGHTHOUSE-MCS;1;11;5;2025-10-10;;;0;Wedel;22880;l.henke@lighthouse-it.de;
MTO;1;11;3;2026-06-22;;;0;Tübingen;72070;info@mto.de;https://mto.de
SENACOR;2;10;8;2026-06-22;5464033000.0;227500000.0;1;Eschborn;65760;senacorsalesdesk@senacor.com;
ENDAVA;2;10;3;2025-02-03;1128000000.0;56000000.0;0;Chisinau;MD 2025 Chisinau;info@endava.com;https://www.endava.com
CIMT-AG;2;10;6;2025-06-17;650692000.0;650692000.0;0;Hamburg;20095;rouven.homann@cimt-ag.de;
DEVOTEAM;1;10;5;2025-02-03;536534400.0;154000000.0;1;Frankfurt;60311 Frankfurt;info@devoteam.com;https://www.devoteam.com
GREENFIBER;4;10;4;2024-07-26;399478207.0;10380109.0;3;Hamburg;22143;kontakt@greenfiber.de;
HHP GmbH;1;10;6;2026-04-24;255394751.0;2337420.0;0;Hannover;30539;f.wegener@htp.net;
ESTCONNECT;1;10;4;2026-03-31;196740728.0;17579629.0;0;Essen;45131;breitbandausschreibungen@westenergie.de;https://www.westconnect.de/
IBYKUS;1;10;6;2026-03-13;43224911.0;1105900.0;0;Erfurt;99099;VertriebStab@ibykus.de;https://www.ibykus.de/
EKU;1;10;6;2026-03-02;33963523.0;3151576.0;0;Bochum;44866;f.kalkowski@eku.de;
IDEMIA;5;10;4;2025-03-13;33747813.0;7232463.0;0;Courbevoie;92400;info@idemia.com;www.idemia.com.
OSSWALD-BUERO;4;10;6;2025-06-02;30495992.0;3874734.0;0;Hannover;30167;dtvp@osswald-buero.de;http://www.osswald-buero.de
UNIVATIV;1;10;8;2026-02-10;24755501.0;3808600.0;1;Darmstadt;64293;dominik.zovkic@univativ.de;
MGM Technology Partners GmbH;1;10;7;2026-06-19;20778200.0;5200000.0;0;München;80807;no@emailaddress.given;
ITSMGROUP;1;10;6;2026-01-01;18942906.0;3314966.0;0;Bodenheim;55294;sales@itsmgroup.com;http://www.itsmgroup.com
GIS-CONSULT;3;10;6;2024-12-20;17494007.0;460800.0;0;Haltern am See;45721;info@gis-consult.de;
INTEND;1;10;7;2025-12-09;14424540.0;6975936.0;2;Kassel;34131;nagel@intend.de;
NORDKURIER-MEDIENGRUPPE;1;10;8;2026-05-19;13430701.0;543248.0;0;Neubrandenburg;17033;info.briefdienst@nordkurier-logistik.de;
TRAFFICON;2;10;6;2026-01-01;11616196.0;382800.0;1;Salzburg;5020;sbg@trafficon.eu;
Yunex GmbH;1;10;4;2025-04-17;11585359.0;1428896.0;0;Essen;45141;ausschreibungen.west.mo.de@yunextraffic.com;
RZV;4;10;7;2026-05-21;10872613.0;5436306.0;0;Wetter;58300;info@rzv.de;https://www.rzv.de/
SMARTMOBILELABS;2;10;4;2023-08-08;10157233.0;1767690.0;0;München;81379;uwe.selbach@smartmobilelabs.com;
AAREON;1;10;5;2025-09-30;9532917.0;1301788.0;0;Hamburg;22303;matthias.finke@aareon.com;
AGFA;2;10;6;2024-12-13;8897994.0;1062908.0;0;Bonn;53227;waldemar.rempel@agfa.com;
AUDICON;1;10;7;2024-05-29;8589470.0;1300000.0;0;Düsseldorf;40211;sales@audicon.net;
ma-edv GmbH;1;10;4;2026-06-01;6707565.0;160272.0;0;Fürstenzell;94081;info@ma-edv.com;
BOEWE-SYSTEC;1;10;7;2024-06-17;6628223.0;560455.0;0;Isernhagen;30916;info@bowe.com;
therapeutenverbund.de GmbH;1;10;5;2023-05-02;5800721.0;284028.0;0;Ingolstadt;85051;;
PLANONSOFTWARE;2;10;6;2026-06-26;5446759.0;812000.0;0;Frankfurt am Main;60329;joshua.franke@planonsoftware.com;
AVELIOS;3;10;4;2026-06-09;5217988.0;2608994.0;0;München;80339;info@avelios.com;http://avelios.com
LSTELCOM;1;10;6;2025-10-13;5082881.0;353472.0;0;Lichtenau;77839;info@lstelcom.com;
PROMEDIAWEB;1;10;6;2024-09-02;4369454.0;323216.0;0;Hockenheim;68766;info@promediaweb.de;
LINKPROTECT;1;10;6;2025-06-25;4310024.0;518000.0;0;Kirchseeon;85614;wiest@linkprotect.de;
IN2CODE;1;10;6;2025-09-09;4181164.0;600000.0;1;Rosenheim;83026;stefan.busemann@in2code.de;
BASYS-BREMEN;2;10;7;2023-11-07;4000736.0;320870.0;0;Bremen;28357;thomas.renner@basys-bremen.de;
PULSATION-IT;1;10;6;2025-11-27;3933768.0;425225.0;0;Berlin;13407;vertrieb@pulsation-it.com;https://www.pulsation-it.com
BETASYSTEMS;1;10;7;2026-04-27;3382694.0;870000.0;0;Berlin;10587;Dummy-eMail-eVergabe@fb.hamburg.de;
OBS Büro Centrum GmbH;1;10;2;2023-09-01;3190545.0;257977.0;0;Plauen;08527;kontakt@obs-plauen.de;
VOLAVIS;1;10;6;2024-08-13;3030334.0;293513.0;0;Leopoldshöhe;33818;verwaltung@volavis.de;
AUXALIA;4;10;6;2025-12-19;2996615.0;344040.0;0;Hamburg;21079;info@auxalia.com;https://www.auxalia.com/
X-NRW GmbH;2;10;7;2025-03-19;2736483.0;609242.0;0;Neuss;41460;info@x-nrw.de;
SONOVTS;3;10;7;2025-11-10;2591765.0;543023.0;0;Kiel;24148;ruven.marsch@sonovts.com;http://hdqline.com
ChuInvest GmbH;1;10;6;2025-09-11;2500000.0;2500000.0;0;Berlin;10969;kontakt-ts@bdr.de;http://www.d-trust.net
STECKERFERTIG;3;10;3;2025-02-03;2441899.0;294380.0;0;Cappeln (Oldenburg);49692;info@steckerfertig.de;
GID GmbH & Co. KG;1;10;6;2026-01-19;2356833.0;320000.0;0;Köln;50679;info@gid-it.de;https://www.gid-it.de
Innovative Datensysteme GmbH;1;10;4;2023-07-14;2300680.0;1150340.0;0;Stuttgart;70499;vertrieb@indasys.de;
DSD-DATASERVICE;1;10;4;2022-07-04;2266378.0;262627.0;0;Maisach;82216;a.lang@dsd-dataservice.de;
Hyrican AG;1;10;3;2022-08-30;2122593.0;320645.0;0;Kindelbrück;99638;;
Freytag & Petersen GmbH & Co.KG;1;10;7;2025-11-10;2095137.0;252400.0;0;Köln;50739;jmarx@igepagroup.com;
ML Consulting Schulung, Service & Support GmbH;1;10;7;2025-04-01;2029225.0;275028.0;1;Köln;50858;vertrieb@mlgruppe.de;
IPSYSCON;1;10;6;2025-10-29;2019308.0;365304.0;0;Hannover;30159;ausschreibung@ipsyscon.de;http://www.ipsyscon.de
OFFITS;1;10;5;2026-03-02;1992121.0;349593.0;0;Regensburg;93053;office@offits.net;
JACOB;1;10;5;2025-12-15;1903460.0;277772.0;0;Karlsruhe;76229;vergabe@jacob.de;https://www.jacob.de/
First Data GmbH;1;10;5;2026-03-23;1806572.0;436418.0;0;Bad Homburg v.d. Höhe;61348;Dummy-eMail-eVergabe@fb.hamburg.de;
TUTTAS-JENSEN;2;10;5;2022-10-12;1789556.0;16828.0;0;Essen;45149;info@tuttas-jensen.de;
SPIE-OSMO;1;10;2;2023-07-18;1743897.0;131794.0;0;Georgsmarienhütte;49124;juliana.koch@spie-osmo.de;
INTECBERLIN;1;10;6;2025-04-08;1693135.0;211800.0;0;Berlin;10587;cy@intecberlin.de;
ORKSTATION-HANNOVER;1;10;7;2025-08-25;1677701.0;374318.0;0;Hannover;30165;info@workstation-hannover.de;
GODYO;1;10;4;2023-06-30;1657330.0;448106.0;1;Jena;07745;Martina.Hornhauer@godyo.com;
INSYNERGIE;1;10;6;2025-12-19;1559522.0;396747.0;0;Rheinbreitbach;53619;schulze@insynergie.de;http://www.insynergie.de
SET;1;10;7;2026-02-12;1444879.0;400293.0;0;Hannover;30163;ulrich.boehlen@set.de;http://set.de
ENTHUS;4;10;4;2026-05-22;1182237.0;228861.0;0;Böblingen;71034;michael.heimel@enthus.de;http://enthus.de
ETRANSFORM;1;10;6;2026-04-17;1086767.0;281389.0;1;Darmstadt;64283;info@wetransform.to;https://wetransform.to
HAMBURGNET;1;10;5;2023-12-06;1042740.0;521370.0;0;Hamburg;22041;tender@hamburgnet.de;
KAIROS;2;10;8;2025-12-01;1034204.0;221500.0;0;Bochum;44801;sales@kairos.de;https://www.kairos.de
VENITURE;1;10;3;2024-11-12;1019635.0;216000.0;0;Köln;50676;service@veniture.net;
ABEL-KAEUFL;1;10;5;2026-05-11;887166.0;887166.0;0;Landshut;84034;salessupport@abel-kaeufl.de;
PROTOSOFT;1;10;7;2024-04-26;859967.0;175000.0;0;Puchheim;82178;verkauf@protosoft.de;
BUERO-ALBERS;1;10;5;2024-06-25;832670.0;183213.0;0;Meppen;49716;info.meppen@buero-albers.de;
EMOVE;1;10;4;2025-11-28;667200.0;333600.0;0;Frankfurt am Main;60314;contact@wemove.com;
XITASO;2;10;4;2025-05-19;645003.0;215001.0;0;Augsburg;86153;info@xitaso.com;
C-TRACE;1;10;5;2025-11-21;566830.0;283415.0;0;Bielefeld;33605;info@c-trace.de;
KKS Kemmler Kopier Systeme GmbH;1;10;6;2025-05-06;564026.0;145353.0;0;Kaiserslautern;67657;guster@kks-kl.com;
-COMMERCE;1;10;5;2024-09-02;358040.0;36720.0;1;Offenburg;77656;info@w-commerce.de;
ILKEN;1;10;6;2026-01-01;342610.0;342610.0;0;Ulm;89081;w@wilken.de;
ENTONA;1;10;5;2024-01-17;;;3;Müschenbach;57629;info@entona.de;
BRODOS;1;10;4;2026-04-28;;;0;Baiersdorf;91083;alexander.klippenstein@brodos.de;
RÖWAPLAN AG;1;10;5;2023-04-03;;;0;Abtsgmünd;73453;vertrieb@roewaplan.de;
MT-THOMAS;1;10;5;2025-07-22;;;0;Siegen;57074;info@mt-thomas.de;http://www.mt-thomas.de
UNISYS;1;9;6;2024-04-02;3510665155.0;146201095.0;24;Hattersheim;65795;bianca.gallian@unisys.com;
OVH SAS;1;9;1;2025-02-03;934000000.0;380000000.0;0;Roubaix;59100 Roubaix;info@ovhcloud.com;https://www.ovhcloud.com
BRAINSPHERE;2;9;4;2022-07-04;507631590.0;100339000.0;5;München;80687;office@brainsphere.de;
INFORA;1;9;6;2024-12-02;200750000.0;100375000.0;0;Köln;50996;vertrieb-infora@materna.group;
SULZER;1;9;3;2025-12-21;152060670.0;5869835.0;1;Stuttgart;70193;RESPOVVVV@rentenbank.de;http://sulzer.de
AVESTONE;2;9;3;2026-05-22;140100000.0;140100000.0;0;München;D-90425;michael.hasinger@wavestone.com;
MUENET;2;9;7;2025-11-11;94675555.0;9686204.0;4;Rosendahl;48720;info@muenet.net;https://www.muenet.net
FREESORT;1;9;5;2022-02-04;81067660.0;9849585.0;0;Langenfeld;40764;fs-vergabe@freesort.de;
ITCOM;3;9;6;2026-03-20;76291188.0;1063145.0;0;Wiesbaden;65189;wholesale@witcom.de;
EBCONT;5;9;4;2026-06-03;53498206.0;3824960.0;1;Frankfurt am Main;60329;ausschreibungen-ger@ebcont.com;https://www.ebcont.com
SMAILGMBH;1;9;5;2023-09-01;50675377.0;6453496.0;0;Reutlingen;72770;schmid@smailgmbh.de;
REPLY;3;9;4;2026-03-02;37257000.0;8025000.0;0;Gütersloh;33334;info@reply.de;https://www.fincon.eu/
BREITBANDTECHNIK;2;9;3;2024-04-22;34567299.0;929582.0;0;Nürtingen;72622;rouven.korreik@breitbandtechnik.de;
BWPOST-BB;1;9;7;2026-03-23;29659193.0;276365.0;0;Sindelfingen;71065;m.rupp@bwpost-bb.de;
HBSN-GRUPPE;3;9;8;2026-01-27;24603730.0;2534400.0;6;Braunschweig;38104;ausschreibung@hbsn-gruppe.de;http://hbsn-gruppe.de
CALCON;1;9;4;2023-12-28;24581605.0;3557740.0;1;München;80336;Ausschreibung@calcon.de;
VERSATEL;2;9;6;2025-12-16;24317456.0;715212.0;0;Düsseldorf;40468;bidmanagement@1und1.net;
INTERFACE-AG;1;9;7;2026-04-27;21751016.0;2509516.0;1;Unterhaching;82008;info@interface-ag.de;http://www.interface-ag.de
CONVERGETP;5;9;2;2026-06-08;19187723.0;574304.0;0;Mainz;55129;ausschreibungen@convergetp.de;http://www.converge.com
QUEO-GROUP;1;9;6;2025-02-28;17921000.0;8960500.0;0;Dresden;01159;info@queo-group.com;
ORDIX;2;9;7;2025-06-05;17105196.0;345460.0;0;Paderborn;33100;rau@ordix.de;http://ordix.de
Ingenieurgruppe IVV GmbH;1;9;6;2025-11-04;16032777.0;1860000.0;0;Aachen;52066;ser@ivv-aachen.de;
ESTERNACHER;1;9;7;2026-04-28;15944516.0;2326000.0;0;Berlin;10965;evergabe@westernacher.com;https://westernacher-solutions.com/
NORIS;1;9;6;2026-05-05;15069791.0;15069791.0;1;Nürnberg;90471;vertrieb@noris.de;http://www.noris.de
Fsas Technologies GmbH;3;9;2;2026-06-12;14668490.0;2037700.0;0;Berlin;13629;fridolin.leupert@fujitsu.com;
ITCONSULTING;1;9;5;2023-03-13;11935000.0;11935000.0;0;Ober-Ramstadt;64372;joachim.groh@itconsulting.de;
VMT Düssel Video-Medien-Technik GmbH;1;9;5;2026-03-24;11343427.0;1609455.0;0;Essen;45356;info@vmt-duessel.de;http://www.vmt-duessel.de
EFTAS;3;9;5;2025-06-24;10574852.0;694926.0;0;Münster;48145;Soenke.Mueller@eftas.com;https://www.eftas.de
MIGHTYCARE;2;9;5;2025-06-18;8477291.0;503191.0;0;Frankfurt am Main;60388;ordermanagement@mightycare.de;http://mightycare.de
HORVATH-PARTNERS;1;9;4;2026-04-27;8342384.0;4171192.0;0;Stuttgart;70178;ausschreibungen@horvath-partners.com;https://www.horvath-partners.com/de/?hcc=de&r=1
BONATHERM - Exothermische Erzeugnisse Gesellschaft mit beschränkter Haftung;1;9;6;2024-10-25;7800723.0;383193.0;0;Solingen;42653;petra.figge@bong.com;
SECTRA;1;9;5;2025-06-16;7339318.0;2431251.0;0;Köln;50968;info@sectra.com;
Eos Media Gesellschaft für interaktive Medien mbH;1;9;5;2026-01-28;7030992.0;158428.0;1;Hamburg;20357;info@eos-uptrade.de;
CITY-MAIL;1;9;8;2026-01-19;6160179.0;767804.0;1;Regensburg;93055;betriebsmanagement@city-mail.de;
REGIOIT;1;9;6;2024-08-26;6036657.0;1489523.0;0;Aachen;52070;thomas.wucherer@regioit.de;
CRIMSON;2;9;6;2026-03-03;5101501.0;396768.0;0;Bad Soden-Salmünster;63628;martin.stoll@crimson.de;http://www.crimson.de
VISUS;2;9;5;2025-07-22;4829194.0;603499.0;0;Bochum;44801;tender@visus.com;
ROYSCHULZ;2;9;7;2025-12-23;4511842.0;624000.0;1;Berlin;12277;Ausschreibungen@royschulz.de;
TRADING-POINT;1;9;6;2024-06-27;4445727.0;183617.0;0;Bielefeld;33609;pascal.kemner@trading-point.net;
NTS;1;9;6;2026-02-18;4421155.0;865785.0;0;Augsburg;86167;andreas.joechl@nts.eu;https://www.nts.eu/de/
EWERK;5;9;5;2026-03-17;4408996.0;4408996.0;0;Leipzig;04109;bid@ewerk.com;http://ewerk.com
VST Vertriebsgesellschaft für Video-System- und Kommunikationstechnik mbH;1;9;4;2025-11-26;4316441.0;504480.0;0;Saalfeld/Saale;07318;info@vst-pro.de;https://www.vst-pro.de/
EFFEXX;2;9;6;2023-09-05;3843180.0;422179.0;0;Netphen;57250;vertrieb@effexx.com;
ITS-SERVICE;1;9;6;2025-07-04;3814753.0;591144.0;0;Dortmund;44263;sascha.rommel@lovion.de;
CRONN;1;9;6;2026-03-24;3483215.0;581350.0;1;Bonn;53227;tenders@cronn.de;http://www.cronn.de
FPI-INGENIEURE;1;9;4;2025-08-27;3363025.0;640000.0;0;Köln;50678;a.mueller@fpi-ingenieure.de;
KAISER-BUEROTECHNIK;4;9;8;2026-02-09;3092450.0;547891.0;0;Ansbach;91522;info@kaiser-buerotechnik.de;
SOENNECKEN;1;9;6;2025-10-17;3088058.0;1200000.0;0;Vilkerath;51491;info@soennecken.de;http://www.soennecken.de
NTA;1;9;7;2025-04-07;2880480.0;348613.0;0;Mainz;55129;info@nta.de;https://nta.de/
ACTICO;1;9;6;2026-01-12;2862440.0;455000.0;0;Friedrichshafen;88045;RESPOVVVV@rentenbank.de;http://www.actico.com
GRAITEC;1;9;4;2025-06-10;2824656.0;302463.0;0;Hannover;30159;info.germany@graitec.com;http://www.graitec.de
SYSTEMA e.V.;1;9;6;2025-02-14;2726608.0;575000.0;0;Potsdam;14482;nuremberg.vergabe.ps@roedl.com;
HEINLEIN-SUPPORT;5;9;7;2025-11-24;2607377.0;473579.0;0;Berlin;10119;consulting-vergabe@heinlein-support.de;http://www.heinlein-consulting.de
PSITRANSCOM;1;9;7;2026-01-23;2598000.0;2598000.0;0;Berlin;10178;info@psitranscom.de;www.psitranscom.de
CRISTIE;1;9;6;2024-10-21;2542885.0;389725.0;0;Niedernberg;63843;reinhard.tillmann@cristie.de;
BUEROMAYER;1;9;4;2023-08-24;2409694.0;285233.0;0;Hallstadt;96103;einkauf@bueromayer.de;
GENUA;1;9;5;2025-05-12;2287807.0;423922.0;1;Kirchheim bei München;85551;info@genua.de;
Haufe Service Center GmbH;1;9;6;2026-02-20;2163161.0;380000.0;0;Freiburg;79111;tender@rplusp.de;
SYSTEMTECHNIK-ONLINE;1;9;7;2026-02-19;1911059.0;500000.0;0;Sömmerda;99610;info@systemtechnik-online.de;
ADVANOVA;1;9;4;2025-06-10;1889000.0;475000.0;0;Schwaig b.Nürnberg;90571;bastian.bleisinger@advanova.de;
NETMON24;1;9;4;2024-05-02;1821019.0;546043.0;0;Limburg;65552;vertrieb@netmon24.eu;
WTG Communication GmbH;1;9;5;2026-06-09;1810028.0;280709.0;1;Münster;48155;pa@wtg.com;http://www.wtg.com
OUTERMEDIA;1;9;5;2024-01-28;1630906.0;217600.0;0;Berlin;10409;angenehm@outermedia.de;
DITCON;1;9;4;2023-02-24;1584408.0;218551.0;0;Köln;51149;info@ditcon.de;
ATACAMA-KV;1;9;6;2026-02-13;1555776.0;309286.0;0;Bremen;28359;info@atacama-kv.de;https://www.atacama-kv.de/
imsys GmbH & Co. KG;1;9;5;2023-07-04;1501186.0;47351.0;0;Leonberg;71229;;
TEDSOFT;1;9;4;2025-10-23;1408800.0;704400.0;0;Bonn;53225;thomas.frontzek@tedsoft.de;http://tedsoft.de
ATDATA;2;9;5;2025-12-01;1403857.0;144240.0;0;Aulendorf;88326;nathalie.hund@atdata.de;
H&G Hansen & Gieraths EDV Vertriebs GmbH;1;9;6;2025-10-27;1308239.0;194034.0;3;Bonn;53111;Ausschreibungen@hug.de;
CEOTRONICS;3;9;6;2026-04-21;1271710.0;277168.0;0;Rödermark;63322;kevin.galvez.rodriguez@ceotronics.com;
OPENSTORAGE;1;9;6;2022-11-15;1256000.0;628000.0;0;Mainz-Kastel;55252;h.hock@openstorage.de;
SAUERACKER;2;9;8;2026-04-07;1090430.0;279073.0;1;Nürnberg;90411;mdi@saueracker.de;
SHC;1;9;5;2025-12-10;870000.0;435000.0;0;Frankfurt am Main;60327;vertrieb@shc.eu;http://www.shc.eu
ITWATCH;3;9;6;2025-10-21;684357.0;342179.0;0;München;81549;Office.Muenchen@itWatch.de;http://www.itWatch.de/
UNISERV;1;9;6;2026-04-15;664198.0;332099.0;0;Pforzheim;75179;info@uniserv.com;
CONCEPTBOARD;3;9;4;2026-05-13;660240.0;330120.0;0;Halle (Saale);06108;ludwig.weyl@conceptboard.com;
RED COMMERCE GmbH;1;9;6;2026-03-10;660032.0;176120.0;1;Köln;50670;pbogedain@redglobal.com;https://www.redglobal.de/
MEDIAINTERFACE;1;9;5;2026-01-15;640325.0;320163.0;1;Dresden;01067;vertrieb@mediainterface.de;
GUIDECOM;1;9;4;2026-06-25;612700.0;612700.0;0;Münster;48155;ausschreibung@guidecom.de;http://guidecom.de
MEMORYSOLUTION;1;9;7;2025-12-18;555256.0;155383.0;0;Breisach;79206;Dummy-eMail-eVergabe@fb.hamburg.de;
BRISTOL;1;9;7;2026-02-23;530822.0;265411.0;0;Langen;63225;order@bristol.de;
GSA Gesellschaft für Straßenanalyse mbH;1;9;5;2026-04-28;360805.0;65675.0;0;Kaiserslautern;67657;f.fippinger@gsa-mbh.com;
PC-PRODUCTS;1;9;7;2026-06-22;343803.0;70307.0;0;Böblingen;71034;hille@pc-products.de;https://pc-products.de/
APPSPHERE;1;9;6;2025-09-22;214000.0;214000.0;0;Ettlingen;76275;sales@appsphere.com;
ERUM;1;9;7;2025-05-01;168500.0;168500.0;0;Lüneburg;21337;ralf.guenther@werum.de;
NETORIUM;1;9;6;2023-12-12;146072.0;146072.0;0;Wiesbaden;65205;info@netorium.de;
ZTM;1;9;2;2025-04-08;37590.0;11970.0;0;Bad Kissingen;97688;beratung@ztm.de;https://www.ztm.de/
BMC Software Distribution B.V.;2;9;5;2025-10-07;;;0;Schiphol-Rijk;1119 PN;;
CBRAIN;2;9;5;2025-02-13;;;0;Kopenhagen;DK-2100;rl@cbrain.com;
ISARNET;2;9;6;2025-09-09;;;0;München;85356;harald.weikert@isarnet.de;
Kühn & Weyh Software GmbH;1;9;7;2025-07-02;;;0;Freiburg Im Breisgau;79110;info@kwsoft.de;http://www.kwsoft.de
CONVIT;1;9;4;2026-02-25;;;0;Köln;51063;jochen.schon@convit.de;
TNG;1;8;4;2025-12-30;441756003.0;25265729.0;1;Kiel;24106;info@tng.de;
ZEB;1;8;6;2025-08-11;416106490.0;286345.0;0;Münster;48153;Information-Ausschreibungen@zeb.de;
MT GmbH;1;8;5;2023-03-13;192555384.0;16200276.0;0;Ratingen;40882;volker.mischke@mt-ag.com;
"""wilhelm.tel GmbH""";1;8;7;2023-03-30;109410288.0;10962500.0;0;Norderstedt;22846;;
DEUTSCHE-GIGANETZ;3;8;3;2025-12-19;99384023.0;5847388.0;0;Hamburg;20095;info@deutsche-giganetz.de;https://www.deutsche-giganetz.de
ITZ Informationstechnologie GmbH;1;8;6;2024-06-03;90128470.0;4348183.0;0;Essen;45133;info@itz-essen.de;
NOKIA;3;8;7;2025-09-26;58842029.0;11516017.0;0;Stuttgart;70435;press.services@nokia.com;
ENVIATEL;1;8;4;2022-12-23;44146305.0;850881.0;0;Markkleeberg;04416;maik.tannenberg@enviatel.de;
EXXONIT;1;8;6;2025-12-05;29779200.0;14889600.0;2;Hofheim;65719;gf@exxonit.de;
Heusch/Boesefeldt GmbH;1;8;6;2026-06-15;26001878.0;1240361.0;0;Aachen;52078;tenders@heuboe.de;
INFOFABRIK;1;8;6;2025-12-15;22014000.0;1800000.0;1;Wiesbaden;65189;info@infofabrik.de;
MORGENPOST-BRIEFSERVICE;1;8;7;2024-01-25;21875037.0;1629057.0;0;Mannheim;68167;t.janzer@morgenpost-briefservice.de;
HCL Technologies Germany GmbH;1;8;4;2025-12-10;20539450.0;5555099.0;0;Eschborn;65760;customercare@hcl.com;
SOGETI;1;8;5;2024-05-03;20151362.0;3861600.0;1;Ratingen;40882;jens.gruettemeier@sogeti.com;
QUADRIO;1;8;5;2022-09-26;19348000.0;2152000.0;3;Dresden;01309;info@quadrio.de;
MEONA;1;8;4;2022-07-04;16109453.0;6545387.0;4;Freiburg;79100;info@meona.de;
GELSEN-NET;3;8;4;2025-03-19;14120916.0;192234.0;0;Gelsenkirchen;45891;info@gelsen-net.de;https://www.gelsen-net.de/Privatkunden-0221284855.html
GFT;1;8;4;2026-04-01;13969003.0;13969003.0;0;Stuttgart;70567;achim.markert@gft.com;https://www.gft.com
HOB;1;8;6;2023-07-11;13329237.0;920887.0;0;Fürth;90765;therrmann@hob.de;
MCKINSEY;1;8;4;2026-04-08;13045467.0;3413000.0;0;Düsseldorf;40476;contact_us@mckinsey.com;https://www.mckinsey.de
SURESECURE;1;8;3;2024-12-12;12804195.0;930000.0;0;Düsseldorf;40211;info@surescure.de;https://www.suresecure.de/i
FUNKEMEDIEN;1;8;4;2023-03-01;11571217.0;357109.0;0;Essen;45127;roy.thelemann@funkemedien.de;
EXLIBRISGROUP;1;8;5;2026-03-25;10758093.0;183235.0;0;Hamburg;22761;ProposalsTeam-EMEA@exlibrisgroup.com;
DATA-EXPERTS;2;8;6;2025-08-12;10450644.0;1143940.0;0;Neubrandenburg;17033;office@data-experts.de;https://www.data-experts.de/
MHP;1;8;6;2025-09-12;9717216.0;643500.0;0;Ludwigsburg;71638;magnus.marzi@mhp.com;
Werkstatt Lebenshilfe Bergisches Land GmbH;1;8;7;2026-05-18;9656104.0;388202.0;0;Wermelskirchen;42929;info@lhbl.de;http://www.lhbl.de
ALTER-SOLUTIONS;1;8;7;2026-02-16;9023650.0;1000000.0;1;Düsseldorf;40219;digital@alter-solutions.com;
FUNKWERK;2;8;6;2024-07-30;8273805.0;8273805.0;1;Karlsfeld;85757;christoph.harm@funkwerk.com;
AXENTIA;3;8;7;2026-04-09;8141969.0;775582.0;0;Linköping;583 30;ms@axentia.se;http://axentia.se/de
ATSEC;1;8;5;2026-02-17;7018000.0;1250000.0;0;München;81667;office@atsec.com;
JOIN;1;8;7;2026-02-25;6447769.0;700000.0;0;Magdeburg;39104;sales@join.de;http://www.join.de
TRAFFGOROAD;1;8;6;2025-12-19;6383685.0;544008.0;0;Krefeld;47798;wahle@traffgoroad.com;
CP-CHEMNITZ;1;8;6;2024-01-29;6359612.0;1169054.0;0;Chemnitz;09128;jenny.kauf@cp-chemnitz.de;
INITSE;1;8;4;2024-11-25;6290869.0;1702919.0;0;Karlsruhe;76131;webmaster@initse.com;
LW-DATENTECHNIK;1;8;6;2026-03-20;5708254.0;2792502.0;0;Filderstadt;70794;info@lw-datentechnik.de;
LUCAS-NUELLE;2;8;5;2025-08-04;5561904.0;692694.0;0;Kerpen;50170;vergaben@lucas-nuelle.de;
DKSR;4;8;2;2025-11-03;5056387.0;584425.0;0;Berlin;10781;angebote@dksr.city;http://dksr.city
CompuStore GmbH;1;8;3;2022-11-17;4753715.0;350878.0;0;Regensburg;93053;d.reinartz@eduxpert.de;
SCHULTECH;1;8;3;2026-04-21;4663746.0;260275.0;0;Hüttisheim;89185;konto@schultech.de;
RATIODATA;1;8;4;2025-12-30;4375878.0;313080.0;0;Münster;48155;public-tender@ratiodata.de;http://www.ratiodata.de
FUNKTEL;1;8;7;2025-10-17;4352769.0;2176384.0;0;Salzgitter;38259;info@funktel.com;
FICHTNER;3;8;6;2026-03-23;4202353.0;599500.0;0;Stuttgart;70191;registrierung@fichtner.de;
BENSE;1;8;4;2023-01-05;3846430.0;314469.0;0;Düsseldorf;48143;harry.doepke@bense.net;
CCE-SYSTEME;2;8;5;2026-06-22;3824370.0;3824370.0;0;Dresden;01139;info@cce-systeme.de;
BE-ANTEC;3;8;5;2026-06-29;3818962.0;695641.0;0;Nürnberg;90475;vertrieb@be-antec.de;
PHYWE;1;8;4;2025-06-02;3796540.0;210769.0;0;Göttingen;37079;info@phywe.de;
OFFICE-PRODUCTS;1;8;6;2025-04-07;3692657.0;312080.0;0;Kirchheim;73230;g.mueller@office-products.de;http://www.office-products.de
PCO AG;1;8;4;2024-10-21;3637225.0;539300.0;0;Osnabrück;49090;ausschreibung@pco-online.de;https://www.pco-online.de
TELBA-GMBH;2;8;5;2023-07-07;3598671.0;346016.0;0;Löbichau;04626;kontakt@telba-gmbh.de;
ITMedia Consult AG;1;8;5;2022-12-12;3411757.0;705378.0;0;Züsch;54422;;
Unify Software and Solutions GmbH & Co. KG;1;8;5;2025-12-17;3402209.0;1701104.0;0;München;81739;eckard.langer@mitel.com;
HONEYWELL;2;8;8;2025-07-22;3399622.0;269885.0;0;Offenbach am Main;63067;michael.gerach@honeywell.com;
CAMPUSUNITY;2;8;4;2025-11-03;3326053.0;283523.0;0;Rödermark;63322;pmo@campusunity.de;
MABINSO;2;8;4;2025-12-17;3111398.0;267800.0;0;Hamburg;21079;support@mabinso.com;
GORDION;1;8;6;2026-04-28;3079422.0;330596.0;0;Troisdorf;53842;info@gordion.de;http://www.gordion.de
ISYDE;1;8;4;2023-07-24;2979527.0;256260.0;0;Balge;31609;info@isyde.de;
IBISONLINE;2;8;5;2026-05-04;2751872.0;69315.0;0;Bindlach;95463;vertrieb@ibisonline.de;
Alfred Horn Systemhaus GmbH;1;8;4;2023-04-17;2741645.0;68095.0;0;Kulmbach;95326;va@3d-drucker.org;
Airbus Secure Land Communications GmbH;1;8;6;2026-02-19;2630235.0;1315118.0;0;Ulm;890;christian.bienek@airbus.com;https://criticalcommunications.airbus.com/de
TUKOM;1;8;6;2026-02-25;2600546.0;500000.0;0;Schondorf am Ammersee;86938;info@tukom.de;www.tukom.de
LD-DIDACTIC;1;8;6;2025-02-03;2459495.0;145632.0;0;Hürth;50354;smanz@ld-didactic.de;
ABODIA;4;8;5;2026-05-18;2436976.0;405725.0;0;Schwanewede;28790;abodia@abodia.de;
ALTAIR;1;8;4;2023-02-07;2384277.0;241675.0;0;Böblingen;71034;information@altair.de;
FS Elektronik GmbH;1;8;5;2026-06-02;2343622.0;272021.0;0;Riegelsberg;66292;vergabe@kabelmeister.de;https://www.kabelmeister.de/
CHRISTIANI;6;8;4;2025-02-03;2317783.0;291829.0;0;Konstanz;78464;dennis.breder@christiani.de;
CAMPUSGENIUS;2;8;5;2026-06-11;2286137.0;264082.0;0;Dresden;01099;vergabe@campusgenius.com;
AVS;1;8;4;2024-01-26;2209460.0;293432.0;0;Bayreuth;95444;service@avs.de;
EUROBOS;1;8;7;2025-05-08;2117398.0;418532.0;0;Koblenz;56072;info@eurobos.de;
ISIMKO;1;8;4;2025-10-07;2032633.0;306781.0;0;Cottbus;03044;info@isimko.de;http://www.isimko.de
HAAI;3;8;5;2026-04-14;2004664.0;437665.0;0;Wien;1100;bieterportal-alt@deutschebahn.com;
PKE Deutschland GmbH;1;8;8;2026-01-29;1958865.0;472040.0;0;München;80687;Hannover@pke-de.com;
ERNW;1;8;6;2025-06-03;1813017.0;409575.0;0;Heidelberg;69124;beispiel@beispiel.de;
MVC;3;8;4;2025-10-06;1808700.0;904350.0;0;Kronberg;61476;markus.mattern@mvc.de;http://www.mvc.de
BMK Office Service GmbH & Co. KG;1;8;5;2024-10-01;1800444.0;421870.0;0;Achim;28832;awaliczek@bmk-online.de;
KREUZWERKER;1;8;3;2023-01-31;1783530.0;369942.0;0;Berlin;10969;info@kreuzwerker.de;
NUANCE;4;8;4;2025-01-08;1736336.0;868168.0;0;Dublin;D02 R296;dustin.classen@nuance.com;https://www.nuance.com/de-de/index.html
Handwerkskammer Heilbronn-Franken;1;8;3;2026-04-15;1586000.0;217000.0;0;Nürnberg;90489;mk@kasedorf.de;
SCHEIDT-BACHMANN;3;8;5;2024-08-12;1567196.0;264759.0;0;Mönchengladbach;41238;impressum@scheidt-bachmann.de;
ALBAKOM;1;8;4;2025-08-15;1477140.0;552935.0;0;Rostock;18069;auftrag@albakom.de;https://www.albakom.de/
CHRISTMANN;2;8;6;2026-01-26;1440796.0;370246.0;0;Ilsede;31241;mail@christmann.info;http://christmann.info
DOKSYSTEME;3;8;7;2025-07-25;1355600.0;677800.0;0;Planegg-Martinsried;82152;vertrieb@doksysteme.de;
CENIT;2;8;5;2025-12-18;1296380.0;648190.0;0;Berlin;12435;m.frihs@cenit.com;http://cenit.com
COMTEC-DO;1;8;5;2026-02-25;1287980.0;223680.0;0;Dortmund;44147;office@comtec-do.de;
CONCENTRADE;2;8;6;2025-12-09;1286322.0;292489.0;0;Dortmund;44227;info@concentrade.de;
DATEV;1;8;6;2026-03-10;1261390.0;220129.0;0;Nürnberg;90431;sabine.frenzel@datev.de;
EVENTIM;1;8;6;2025-11-04;1245854.0;206365.0;0;Bremen;28195;inhouse.vti@eventim.de;
MEDAVIS;3;8;5;2026-03-24;1229745.0;614873.0;0;Karlsruhe;76185;vertrieb@medavis.de;
UNIVENTION;1;8;5;2025-07-21;1205200.0;265200.0;0;Bremen;28359;vertrieb@univention.de;
BOC Information Technologies Consulting GmbH;1;8;4;2024-08-06;1082500.0;336000.0;0;Berlin;10245;vertrieb@boc-de.com;
WE are XR GmbH;2;8;4;2024-12-09;996212.0;498106.0;0;Moers;47445;m.dierking@we-are-xr.de;
RR Software GmbH;1;8;6;2025-03-20;977635.0;393961.0;0;Hasselfelde;38899;vertrieb@antrago.de;
GAI-NETCONSULT;1;8;4;2024-10-04;794854.0;397427.0;4;Berlin;13507;vertrieb@gai-netconsult.de;
DEMICON;1;8;6;2026-04-02;777024.0;388512.0;0;Stuttgart;70174;contact@demicon.com;
HP-SCHMITZ;1;8;6;2024-04-29;760760.0;239760.0;0;Berlin;12459;t.adam@HP-Schmitz.eu;
QUENTIC;1;8;5;2026-03-17;717957.0;227090.0;0;Berlin;10247;sales-am@quentic.com;www.quentic.de
Schönhofer Sales and Engineering GmbH;1;8;5;2026-05-26;702914.0;351457.0;0;Siegburg;53721;vertrieb@schoenhofer.de;
SPRINGER;3;8;6;2026-04-24;693237.0;346619.0;0;Berlin;14197;hendrik.pugge@springer.com;
MAXXYS;1;8;4;2025-06-16;491597.0;245799.0;0;Butzbach;35510;sales@maxxys.de;https://maxxys.de
Information Services Group Germany GmbH;1;8;5;2026-01-19;443300.0;443300.0;0;Frankfurt am Main;60311;heino.huettner@isg-one.com;
MEDIAKOM-ONLINE;1;8;7;2026-04-13;434256.0;217128.0;0;Aschau i. Ch.;83229;info@mediakom-online.de;http://www.mediakom-online.de
LIZENZDIREKT;2;8;4;2025-10-07;402545.0;201273.0;0;Fischerhude;28870;vergabe@lizenzdirekt.com;http://www.lizenzdirekt.com
m-com Daten u. Kommunikationssysteme GmbH;2;8;6;2025-02-27;378373.0;378373.0;0;Lübeck;23564;info@m-com.de;
DFCSYSTEMS;1;8;4;2025-12-23;354818.0;177409.0;1;München;81669;sales@dfcsystems.de;
OBJECTIVE-PARTNER;1;8;4;2025-08-26;353000.0;353000.0;0;Weinheim;69469;experten@objective-partner.de;
PAPENMEIER;1;8;4;2025-07-28;214000.0;214000.0;0;Schwerte;58239;info@papenmeier.de;
T60;3;8;3;2025-04-30;198980.0;198980.0;2;München;80331;sales@t60.com;https://www.t60.com
REALTECH;1;8;5;2025-11-25;198948.0;198948.0;0;Leimen;69181;service-team@realtech.com;http://www.realtech.com
Management Solutions Information Technology GmbH;2;8;4;2025-10-22;180000.0;180000.0;0;Wien;1020;josef.steindl@msit.at;
GORISCON;1;8;6;2026-02-03;29120.0;29120.0;0;Rosenheim;83022;info@goriscon.de;www.goriscon.de
EY GmbH & Co. KG Wirtschaftsprüfungsgesellschaft;2;8;2;2025-09-26;;;1;Eschborn;65760;marc.schuetz@de.ey.com;
KRONGAARD;1;8;4;2026-02-09;;;2;Hamburg;20355;ausschreibungen@krongaard.de;http://www.krongaard.de
ATIX;3;8;6;2026-05-04;;;0;Garching;85748;ausschreibung@atix.de;
ADVANCED-NEXUS;1;8;2;2025-08-29;;;0;Kleinmachnow;14532;marco.bellmann@advanced-nexus.com;
MICROSTRATEGY;1;8;8;2025-10-13;;;0;Köln;50968;info-de-germany@microstrategy.com;
HENSOLDT;2;8;7;2026-04-28;;;0;Taufkirchen;82024;info@hensoldt.net;https://www.hensoldt.net
STRIJBOSCH;1;8;5;2025-08-05;;;1;Essen;45138;info@strijbosch.de;
AMORIABOND;1;8;3;2024-10-08;;;0;Köln;50667;sven.schuette@amoriabond.de;
SOLIT;1;8;4;2026-01-20;;;0;Bergisch Gladbach;51429;r.lemmen@solit.de;
Keine Angabe – der Zuschlag ging an mehrere Bieter, die weiterhin im Wettbewerb stehen;1;8;6;2022-04-17;;;28;Keine Angabe;;;
Bechtle GmbH IT.Systemhaus Berlin;1;7;4;2023-05-02;980639000.0;29900000.0;0;Berlin;10553;;
FINBRIDGE;1;7;3;2025-12-21;555821000.0;140100000.0;1;Bad Homburg;61348;RESPOVVVV@rentenbank.de;https://www.finbridge.de/
CAMPANA-SCHOTT;3;7;5;2025-11-10;415500000.0;415500000.0;0;Hamburg;20095;ausschreibungen@campana-schott.com;https://www.campana-schott.com/
MTG Münchener Telefongesellschaft mbH;1;7;6;2025-11-24;319407569.0;120377.0;0;München;81825;jung@mtg-systemhaus.de;https://www.mtg-systemhaus.de
msg for banking ag;4;7;3;2026-04-08;140100000.0;140100000.0;1;Frankfurt am Main,;60549;RESPOVVVV@rentenbank.de;https://www.msgforbanking.de
CITIPOST-GOETTINGEN;1;7;5;2025-01-13;139505616.0;36570000.0;0;Göttingen;37079;d.borchert@citipost-goettingen.de;
ALMEX;1;7;6;2026-02-03;125454000.0;62727000.0;0;Hannover;30539;sales-office@almex.de;
PANDACOM;1;7;7;2026-04-10;68968149.0;7747528.0;0;Dreieich-Sprendlingen;63303;ehrenfeld@pandacom.de;
ADWEKO;1;7;5;2024-05-06;64799936.0;5070000.0;1;Walldorf;69190;info@adweko.de;
TELEXIOM;1;7;6;2022-03-10;58137156.0;1182720.0;0;Köln;50672;bid@telexiom.de;
ITSLEARNING;1;7;3;2025-07-07;36687171.0;4563140.0;0;Berlin;10243;info.de@itslearning.com;https://de.itslearning.com/index.aspx
SOPTIM AG;1;7;5;2024-09-01;36544918.0;18272459.0;0;Aachen;52072;bieterportal-alt@deutschebahn.com;
TCS Cards & Services GmbH;1;7;5;2026-01-05;33059507.0;318434.0;0;Bamberg;96052;mvdheijden@tc-s.eu;http://www.gnc-cardservices.de
KABELSAT;1;7;2;2026-02-24;30758466.0;1270962.0;3;Bergen auf Rügen;18528;info@kabelsat.net;
NETCOM-CS;1;7;4;2025-10-07;26139297.0;2250573.0;0;Berlin;10179;Ausschreibung@netcom-cs.de;
EXXCELLENT;1;7;5;2026-05-26;25041014.0;12520507.0;0;Ulm;89075;gerhard.gruber@exxcellent.de;
SIV;2;7;6;2026-05-13;23438140.0;3209616.0;0;Roggentin;18184;info@siv.de;
MGM Consulting Partners GmbH;1;7;5;2024-01-05;22464000.0;9642000.0;1;Hamburg;20457;info@mgm-cp.com;
AKGSOFTWARE;1;7;5;2025-12-19;20835937.0;315250.0;0;Heitersheim;79423;info@akgsoftware.de;http://www.akgsoftware.de
Softgate GmbH;1;7;6;2022-12-22;20016461.0;2033894.0;0;erlangen;91052;vertrieb@soft-gate.de;
Computercenter AG & Co. oHG;2;7;5;2026-06-01;18353271.0;1751253.0;0;Regensburg;93053;ausschreibung@eduxpert.de;http://www.glasfaserplus.de
SUEDWESTMAIL;1;7;5;2025-03-31;16863694.0;1047804.0;0;Langenau;89129;O.Handke@suedwestmail.de;www.suedwestmail.de
PROTIVITI;1;7;4;2025-11-14;14145650.0;4399250.0;1;Frankfurt am Main;60325;contact@protiviti.de;http://www.protiviti.de
NEUESHANDELN;1;7;5;2026-01-16;13937180.0;5293590.0;0;Köln;50674;akquise@neueshandeln.de;
4K-ANALYTICS;1;7;5;2026-05-18;13562980.0;6781490.0;4;Leipzig;04109;kontakt@4k-analytics.de;
LANGMATZ;1;7;4;2023-10-12;13555141.0;925110.0;0;Garmisch-Partenkirchen;82467;j.husel@langmatz.de;
THINKPROJECT;5;7;3;2025-06-30;13547014.0;6773507.0;0;München;81671;info@thinkproject.com;
BISPING;1;7;6;2025-10-10;13432835.0;2161642.0;0;Lauf a. d. Pegnitz;91207;ausschreibung@bisping.de;https://www.bisping.de/
UDG;2;7;5;2026-05-04;12419000.0;6209500.0;0;Mainz;55120;team.publicsector@udg.de;https://www.udg.de
PFLEGEPLATZMANAGER;1;7;2;2023-12-22;12406910.0;645420.0;0;Greiz;07973;vergabe@pflegeplatzmanager.de;http://www.pflegeplatzmanager.de
EBCSOFT;1;7;4;2025-06-27;12401069.0;2951882.0;0;Leipzig;04109;vergabe@EBCsoft.de;http://www.ebcsoft.de
MCL IT;1;7;2;2022-12-13;11502325.0;243095.0;0;Böblingen;04103;;
DOCCONSULT;1;7;5;2025-06-30;10493366.0;324863.0;0;Bonn;53177;info@docconsult.gmbh;
QUESTAX;5;7;4;2026-03-16;10200000.0;10200000.0;1;Heidelberg;69115;ausschreibungen@questax.com;
PCola IT-Service;1;7;5;2023-09-11;9513055.0;268698.0;0;Usingen;61250;;
COLOGNE-HUNTERS;2;7;5;2025-04-21;9430231.0;307297.0;14;Köln;50677;kontakt@cologne-hunters.de;
Breitenbach Software-Engineering GmbH;1;7;5;2023-08-12;8948753.0;945000.0;0;Möhnesee;59519;eb@bb-sw.de;
TASTEONE;2;7;3;2024-10-24;8929312.0;1200000.0;0;Leverkusen;51377;ausschreibung@tasteone.eu;
NAVIGA;2;7;5;2025-07-28;8878531.0;1454540.0;1;Achim;28832;info@naviga.de;
EBF;1;7;5;2026-05-20;8693426.0;599900.0;1;Köln;50988;sales@ebf.com;
BMS-CONSULTING;2;7;5;2025-12-17;8589589.0;1604912.0;1;Düsseldorf;40217;info@bms-consulting.de;
BRIDGEFIELD;1;7;6;2026-05-04;8323096.0;4161548.0;0;Magdeburg;369114;daniel.vogel@bridgefield.de;http://www.bridgefield.de
VATER-GRUPPE;2;7;5;2026-06-01;8277849.0;517946.0;1;Hamburg;22761;VBU-VI@vater-gruppe.de;
VMT Düssel GmbH;2;7;4;2025-12-10;7855144.0;360213.0;0;Essen;45356;denise.woelk@vmt-duessel.de;
PRISMA-SOLUTIONS;1;7;5;2024-12-20;6911834.0;686000.0;2;Berlin;10119;office@prisma-solutions.de;
IC-CONSULT;1;7;4;2025-10-13;6600708.0;3300354.0;0;München;80807;sales@ic-consult.com;
P&I UG (haftungsbeschränkt);1;7;6;2025-12-23;6270710.0;654710.0;0;Hamburg;20457;mwiemann@pi-ag.com;
ALPHA2000;1;7;5;2024-04-03;5629831.0;1375000.0;0;Leipzig;04347;leipzig@alpha2000.de;https://www.alpha2000.de
MAYER-NETWORK;2;7;6;2024-10-28;5401320.0;345000.0;0;Heilbronn;74078;ausschreibung@mayer-network.com;
Sys-it GmbH;1;7;3;2023-05-09;5230648.0;543723.0;0;Husum;25813;;
MAGNETFORENSICS;3;7;3;2024-12-11;5096393.0;373991.0;0;München;80333;sales@magnetforensics.com;
BALKE-HAMBURG;1;7;6;2025-12-23;4981841.0;426481.0;1;Oststeinbek;22113;extra-office@balke-hamburg.de;
GROUP24;3;7;5;2026-05-22;4870812.0;736441.0;0;Gescher;48712;el@group24.de;http://www.group24.de
ENTEGA;3;7;4;2026-03-02;4822521.0;570426.0;2;Darmstadt;64293;peter.zimmer@entega.de;
IB&T Software GmbH;1;7;4;2025-11-06;4790937.0;308916.0;0;Norderstedt;22848;vertrieb@card-1.com;
Max Müller;1;7;6;2024-12-17;4753771.0;1482992.0;0;Bremen;28279;info@mm-bremen.de;
CONRAD;1;7;4;2024-12-17;4603775.0;145632.0;0;Hirschau;92240;sarah.knab@conrad.de;
PTV Planung Transport Verkehr AG;1;7;5;2025-12-02;4343849.0;526877.0;0;Karlsruhe;76131;traffic.documentation@ptvgroup.com;
GB-MEDIENTECHNIK;1;7;7;2026-03-23;4161820.0;757640.0;0;Köln;51069;info@gb-medientechnik.de;https://www.gb-medientechnik.de
INSIDERS-TECHNOLOGIES;2;7;6;2025-11-28;4071245.0;472382.0;0;Kaiserslautern;67657;info@insiders-technologies.de;
DVHAUS;1;7;6;2026-06-08;3820592.0;1910296.0;3;Furth;82041;ausschreibung@dvhaus.de;
CIB;1;7;5;2025-01-28;3796600.0;436000.0;0;München;81925;info@cib.de;
LEHMANN-PARTNER;1;7;6;2023-08-28;3775235.0;417318.0;0;Erfurt;99086;info@lehmann-partner.de;
H & H Datenverarbeitungs- und Beratungsgesellschaft mbH;1;7;6;2026-04-01;3724157.0;367014.0;0;Berlin;10407;hh@hh-berlin.de;https://www.hh-berlin.de
ESELL;1;7;4;2023-07-20;3462550.0;450950.0;0;Holzkirchen;83607;Thomas.Rasshofer@esell.de;
SYNEXUS;1;7;4;2026-03-12;3240853.0;318828.0;0;Leipzig;04129;hotho@synexus.de;
PARITYQC;3;7;2;2025-10-27;3000000.0;1000000.0;2;Hamburg;20095;info@parityqc.com;https://parityqc.com/
SYNCWORK;1;7;5;2024-11-18;2928588.0;585000.0;0;Dresden;01069;ausschreibung@syncwork.de;
BBH Technische Anlagen GmbH;1;7;5;2023-08-21;2910772.0;440316.0;0;Hemer;58675;m.oschem@bbh-hemer.de;
ENDE-INTERAKTIV;2;7;6;2024-01-30;2899374.0;467757.0;0;Kalchreuth;90562;th@wende-interaktiv.de;
TURBO-POST;1;7;6;2023-12-12;2848521.0;37174.0;0;Neuruppin;16816;bartsch@turbo-post.de;
BOSTON-IT;1;7;5;2026-02-02;2825648.0;561985.0;0;Feldkirchen;85622;ausschreibungen@boston-it.de;https://www.bostondeutschland.de
TTS Knowledge Products GmbH;1;7;3;2025-12-18;2817879.0;140914.0;0;Köln;50667;info@tt-s.com;
HEUTINK-ICT;1;7;5;2024-06-18;2806994.0;490453.0;0;Georgsmarienhütte;49124;info@heutink-ict.de;
SCIENCE-COMPUTING;1;7;6;2025-04-29;2781483.0;303939.0;0;Tübingen;72070;hpc-sales@eviden.com;
HESSE-PARTNER;1;7;5;2024-10-08;2778410.0;309902.0;0;Rostock;18069;graumann@hesse-partner.com;
Anstalt für kommunale Datenverarbeitung in Bayern (AKDB), vertreten durch die KUBUS Kommunalberatung und Service GmbH;1;7;3;2023-07-24;2662885.0;287896.0;0;Augsburg;86179;;
BINECT;1;7;4;2026-06-22;2525635.0;594585.0;0;Hannover;30177;info@eventit.ag;https://www.binect.de/
INDEVIS;1;7;7;2025-06-04;2316665.0;164279.0;0;München;81379;sales@indevis.de;
SIRUP;1;7;5;2025-04-28;2308698.0;400000.0;0;Berlin;10119;hello@sirup.com;
CIT;1;7;5;2025-03-14;2286696.0;584452.0;0;Dettingen/Teck;73265;no@emailaddress.given;
HEREGROUP;1;7;5;2026-03-09;2182300.0;1091150.0;0;Bonn;53119;info@wheregroup.com;
CEYONIQ;1;7;6;2026-01-21;2177572.0;305113.0;0;Bielefeld;33613;info@ceyoniq.com;
Bücker IT-Security GmbH;4;7;3;2025-09-18;2117624.0;492153.0;0;Hille;32479;vertrieb@buecker-edv.de;
systemzwo GmbH;1;7;4;2024-03-13;2100878.0;275075.0;0;Ulm;89077;vertrieb@sz-group.de;
SUEDMAIL;3;7;4;2024-12-02;1920382.0;879570.0;0;Weingarten;88250;t.gerlach@suedmail.de;
MUGLER;1;7;4;2025-05-07;1898402.0;949201.0;0;Oberlungwitz;09353;mugler@mugler.de;http://www.mugler.de
TIMETOACT;2;7;5;2026-03-20;1873524.0;936762.0;0;Köln;50670;bieterportal-alt@deutschebahn.com;
SECCOMMERCE;2;7;6;2025-01-10;1799700.0;687200.0;0;Hamburg;22335;sales@seccommerce.com;
RAMBOLL;2;7;5;2024-07-10;1746250.0;495625.0;0;Hamburg;22763;ausschreibungen@ramboll.com;
BRITNET;1;7;6;2026-03-13;1707697.0;333670.0;0;Ebersberg;85560;info@britnet.de;
VIANOVA-TN;1;7;3;2023-12-14;1648675.0;824338.0;0;Kaufbeuren;87600;info@vianova-tn.de;
DEBORATE;1;7;5;2024-05-07;1577600.0;525504.0;0;Unterhaching;82008;vertrieb@deborate.de;
Mensch und Maschine acadGraph GmbH;1;7;5;2022-06-15;1472348.0;390134.0;0;Borken;46325;rupert.laukemper@mum.de;
GOEBEL-SYSTEMTECHNIK;1;7;5;2026-03-26;1466053.0;338212.0;0;Borken;34582;ausschreibung@goebel-systemtechnik.de;http://goebel-systemtechnik.de
AGINEO;1;7;5;2026-01-01;1426473.0;327233.0;0;Aachen;52076;sales@agineo.de;http://agineo.de
ACCELLONET;1;7;5;2026-05-20;1401328.0;700664.0;0;Neu-Ulm;89231;info@accellonet.com;http://accellonet.com
Druckerei Huwig GmbH;1;7;5;2025-06-13;1335973.0;667987.0;0;Düsseldorf;40470;f.liebert@printcom.de;https://www.printcom.de/
INVARIS;2;7;5;2026-06-03;1292633.0;1292633.0;0;Eisenstadt;A-7000;info@invaris.com;https://www.invaris.com/
VALIANTYS;3;7;3;2025-12-23;1194887.0;307177.0;0;Berlin;10115;salesportal.de@valiantys.com;https://valiantys.com
AVANTUM;1;7;5;2025-03-17;1164262.0;582131.0;0;Filderstadt-Bernhausen;70794;sales.management@avantum.de;
KLEIN-ITK;1;7;4;2025-12-29;1156676.0;204237.0;0;Altdorf;84032;Vertrieb@klein-itk.de;
EDUXPERT;3;7;2;2026-06-16;1097578.0;184174.0;0;Regensburg;93053;ausschreibung@eduxpert.de;http://www.eduxpert.de
BDO;1;7;5;2026-03-26;1063200.0;531600.0;0;Hamburg;20355;hamburg@bdo.de;https://www.bdo.de/
INTEVATION;1;7;5;2025-05-19;1041365.0;410500.0;1;Osnabrück;49074;intevation@intevation.de;
AVE Audio Visual Equipment GmbH;3;7;3;2025-10-15;1039202.0;519601.0;0;Bergisch Gladbach;51469;ausschreibung@avepro.net;https://avepro.net
Mario Reifschneider e.K.;3;7;4;2026-06-23;1031484.0;285245.0;0;Werder;14542;info@lapstars.de;http://www.lapstars.de
M2. technology & project consulting GmbH;1;7;4;2024-12-12;979021.0;489511.0;0;Berlin;10437;info@m2dot.com;
APENIO;1;7;3;2024-11-07;976618.0;488309.0;3;Bremen;28359;patrick.kesselhut@apenio.de;
ALOGO;1;7;5;2025-09-24;960000.0;960000.0;1;Berlin;10825;alogo@alogo.de;http://www.alogo.de
ALIGHT;1;7;5;2026-01-01;941570.0;214000.0;0;Ottobrunn;85521;info@alight.eu;http://alight.eu
NETDESCRIBE;1;7;4;2025-09-08;923390.0;461695.0;0;München;80687;sales@netdescribe.com;
CAMPUSWARE;1;7;4;2024-09-25;890946.0;272185.0;0;Magdeburg;39104;kontakt@campusware.info;
BARTSCH;1;7;7;2026-05-19;890000.0;890000.0;0;Ottobrunn;85521;petra.hossner@bartsch.de;http://www.bartsch.de
IQVIA;3;7;4;2026-01-29;858319.0;167470.0;0;Frankfurt am Main;60549;jesse.goering@iqvia.com;http://iqvia.com
HANSEVISION;1;7;6;2024-06-27;843271.0;340600.0;2;Hamburg;20359;sales@hansevision.de;
PWA-ELECTRONIC;3;7;3;2024-11-11;839376.0;419688.0;0;Seligenstadt;63500;mail@pwa-electronic.de;
ISAG;2;7;4;2025-08-20;752936.0;187968.0;0;Bochum;44805;rainer.hoettecke@wisag.de;
STARTEXT;1;7;5;2025-08-26;737000.0;368500.0;0;Bonn;53175;info@startext.de;https://www.startext.de
IT-CHOICE;1;7;5;2026-05-13;719450.0;151600.0;0;Karlsruhe;76137;jan.siebenbrock@it-choice.de;
VITAL-SERVICES;1;7;6;2026-01-12;703100.0;351550.0;0;Leipzig;04109;meissner@vital-services.de;http://vital-services.de
SQIOR;3;7;3;2026-04-30;694980.0;694980.0;0;München;80335;sales@sqior.com;https://sqior.com/
COSYLAB;4;7;5;2026-01-16;686000.0;343000.0;0;Ljubljana;1000;fusion@cosylab.com;http://www.cosylab.com
ARANEACONSULT;1;7;6;2025-07-22;663907.0;331954.0;0;Brandenburg - Potsdam;14482;nadine.neumann@araneaCONSULT.de;
AMCONGMBH;4;7;3;2024-12-10;598760.0;598760.0;0;Cloppenburg;49661;ausschreibung@amcongmbh.de;
N+P Informationssysteme GmbH;1;7;4;2025-11-17;580526.0;168014.0;0;Meerane;08393;ausschreibung@nupis.de;
TMK;1;7;4;2025-11-10;556000.0;556000.0;0;Münzenberg;35516;vertrieb@tmk.de;http://www.tmk.de
N-TREE;3;7;5;2025-06-30;532983.0;266491.0;0;Bregenz;6900;sales@n-tree.com;http://n-tree.com
IRONMOUNTAIN;2;7;4;2025-09-16;510462.0;255231.0;0;Hamburg;22525;tender.management@ironmountain.com;http://www.ironmountain.com
COREMEDIA;1;7;5;2026-02-27;496800.0;496800.0;0;Hamburg;20459;martin.schlueter@coremedia.com;
ALSTERTEXT;1;7;3;2025-12-22;493088.0;246544.0;0;Hamburg;20097;sales@alstertext.de;
ARINA;3;7;4;2025-11-10;462259.0;231129.0;0;München;80801;salesde@arina.ch;
maloon GmbH;1;7;7;2026-03-27;441149.0;220574.0;0;Ingolstadt;85053;ausschreibungen@socialhub.io;
CARENOBLE Gesellschaft für Gesundheitsökonomie mbH & Co. KG;1;7;5;2024-09-16;437757.0;437757.0;0;Leipzig;04109;;
VMZBERLIN;1;7;5;2026-05-12;428837.0;214419.0;0;Berlin;12109;office@vmzberlin.com;http://www.vmzberlin.com
SCALCOM;1;7;4;2025-09-01;415950.0;51465.0;0;Waltenhofen;87448;vertrieb@scalcom.de;
DOMEBA;2;7;6;2026-01-22;376446.0;118687.0;0;Chemnitz;09114;info@domeba.de;
SAARRIVA;1;7;5;2025-10-27;367846.0;367846.0;0;Saarbrücken;66117;i.schmidt@saarriva.de;
AUDIOONE;1;7;5;2026-05-08;363349.0;363349.0;0;Berlin;12489;vertrieb@audioone.de;http://audioone.de
XAPIO;1;7;4;2026-04-07;351000.0;351000.0;0;München;80636;u.guerster@xapio.de;
CECON;4;7;4;2026-05-05;266184.0;133092.0;2;Berlin;10115;halle@cecon.de;http://cecon.de
Fraunhofer-Gesellschaft zur Förderung der angewandten Forschung Einkauf und Gerätewirtschaft C2 - Vergabestelle Bau;1;7;3;2026-01-30;255000.0;255000.0;0;Karlsruhe;76131;atillier@opentext.com;
NEXUS-EUNDL;3;7;3;2025-11-28;250710.0;250710.0;0;Nürnberg;90411;marketing@nexus-eundl.com;http://www.nexus-eundl.com
THALESGROUP;2;7;6;2026-05-12;250000.0;250000.0;0;Wilhelmshaven;26382;info@thalesgroup.com;
MONDAY-CONSULTING;1;7;5;2026-05-06;244238.0;244238.0;0;Hamburg;20459;business@monday-consulting.com;http://www.monday-consulting.com
K-Businesscom GmbH;2;7;3;2024-05-27;243890.0;243890.0;0;Neuss;41468;kbc.de.info@k-business.com;
TECHNIA;1;7;4;2026-03-26;238156.0;238156.0;0;Karlsruhe;76149;info-center@technia.com;
HIGHQ;1;7;5;2024-12-21;221900.0;221900.0;1;Freiburg;79100;ausschreibung@highq.de;
SST-Schultafel Service Team;2;7;4;2025-07-25;209175.0;39350.0;0;Ganderkesee;27777;sst-schultafeln@ewetel.net;http://www.schultafelshop.de
AVI.DAT Software & Technology GmbH;1;7;4;2024-12-20;193664.0;193664.0;0;Leipzig;04275;m.buechel@avidat.com;
PIXIDA;1;7;2;2023-03-13;129200.0;129200.0;0;München;80805;public@pixida.com;
KURZBACH-VECHTA;1;7;3;2023-07-13;119421.0;119421.0;0;Vechta;49377;meyer@kurzbach-vechta.de;
"Amt Siek
Der Amtsvorsteher";1;7;3;2026-03-31;46400.0;46400.0;0;DE;45145;thomas.nadymacek@acp.at;http://bitmarck.de
NEROS-GBR;1;7;4;2026-03-19;;;0;Fürstenfeldbruck;82256;mail@neros-gbr.de;
ALPHA-TEST;1;7;5;2025-11-21;;;0;Mannheim;68165;ausschreibungen@alpha-test.com;
ANDRENA;1;7;5;2026-03-16;;;0;Karlsruhe;76131;karlsruhe@andrena.de;
PHSOFT;2;7;4;2024-04-19;;;0;Gersthofen;86368;philipps@phsoft.de;
SOLCOM;1;7;3;2025-11-14;;;2;Reutlingen;72766;ausschreibung@solcom.de;http://www.solcom.de
Westhouse Consulting GmbH;1;7;3;2024-10-08;;;3;Garching bei München;85748;bidmanagement@westhouse-group.com;
KOBIL Systems GmbH;1;7;4;2022-04-01;;;0;Worms;67591;;
SUBSHELL;1;7;7;2026-02-09;;;0;Hamburg;20457;info@subshell.com;
SCB;1;7;5;2026-06-09;;;0;Plauen;08527;sindy.schmidt@scb.de;
MID;1;7;5;2025-09-15;;;2;Nürnberg;90402;PMO-RVSE9@IT4Transformation.de;http://www.mid.de
AufGesat e.V.;1;7;4;2026-02-02;;;0;Frankfurt;60314;satcom@gesat.com;
PEB-BREITBAND;1;6;5;2026-02-26;193212938.0;21701370.0;0;Darmstadt;64293;udo.klenk@peb-breitband.de;www.peb-breitband.de
S&P Global Market Intelligence LLC;1;6;5;2023-02-09;167319096.0;3485815.0;0;NEW YORK NY 10041;;;
BUNGALSKI;1;6;3;2025-06-18;69818839.0;5515603.0;0;Verden;27283;marco@bungalski.de;
CITIPOST-OS;1;6;5;2023-06-05;68190000.0;1095000.0;0;Osnabrück;49084;m.ellenberger@citipost-os.de;
M-net Telekommunikations GmbH;1;6;4;2024-03-18;57046459.0;370464.0;1;Nrnberg;90443;hans.michel@m-net.de;
LüneCom Kommunikationslösungen GmbH;1;6;4;2025-02-26;38991116.0;1949981.0;0;Lüneburg;21337;eric.lueer@luenecom.de;
RHENUS;4;6;6;2025-03-04;34658503.0;5412930.0;0;Karlsfeld;85757;officelogistic@de.rhenus.com;
VITAGROUP;2;6;5;2025-09-30;33380509.0;9280509.0;0;Mannheim;68165;bid-office@vitagroup.ag;https://www.vitagroup.ag/
REGIOCOM;2;6;5;2023-08-07;28295809.0;3143125.0;0;Magdeburg;39112;Vertrieb@regiocom.com;
EXPLEOGROUP;3;6;4;2024-09-11;27000000.0;27000000.0;1;Köln;51149;tobias.amini@expleogroup.com;
BKK Gildemeister Seidensticker;1;6;3;2026-06-22;24857301.0;986763.0;0;Köln;51063;foerderung.tdg@glasfaserplus.de;http://www.glasfaserplus.de
G-SYSTEMS;1;6;6;2025-10-01;20872643.0;1508591.0;0;Berlin;10243;ausschreibung@wg-systems.de;
Digitas Pixelpark GmbH;2;6;5;2025-11-17;20329000.0;2925000.0;0;Hamburg;20099;;
ESKA-CONSULTING;2;6;3;2025-08-01;18886438.0;1686400.0;0;Schwabmünchen;86830;info@eska-consulting.com;
INTENSE;1;6;5;2026-06-24;18369000.0;18369000.0;2;Würzburg;97080;info@intense.de;
OFM;2;6;4;2024-02-27;14537082.0;429036.0;0;Burgkunstadt;96224;info@ofm.de;
ROMOLD;1;6;5;2025-08-11;11718330.0;2185831.0;0;Surheim;83416;weber@romold.de;
KOMMUNIX;3;6;5;2025-12-18;11700564.0;728032.0;1;Unna;59425;info@kommunix.de;https://www.kommunix.de
NAGARRO-ES;2;6;2;2023-12-12;9704162.0;1863516.0;0;Wiesbaden;65203;publicsector@nagarro-es.com;
AKDB – Anstalt des öffentlichen Rechts;1;6;5;2024-10-15;9688250.0;400000.0;0;München;80686;ausschreibung@akdb.de;
SCHNOOR-INS;1;6;6;2023-03-10;9450888.0;765990.0;0;Büdelsdorf;24782;vertriebsrecherche@schnoor-ins.com;
MATRIX;1;6;3;2024-09-24;9261920.0;4630960.0;0;München;80335;info@matrix.ag;
ISR;1;6;4;2026-01-26;8951000.0;8951000.0;0;Braunschweig;38100;salesoperations@isr.de;http://www.isr.de
Calließ Bürotechnik;1;6;4;2023-07-01;8871029.0;272000.0;0;Berlin;12489;calliess@officestar.com;
VSE NET GmbH;1;6;5;2025-08-18;8313192.0;1873192.0;0;Saarbrücken;66115;info@vsenet.de;
Mü. COMP Prenzlau;1;6;4;2022-04-21;7029457.0;503302.0;0;Prenzlau;17291;vertrieb@mc-pz.de;
KRAUTH-ONLINE;1;6;5;2025-04-01;6816220.0;3408110.0;0;Eberbach;69412;sandra.heid@krauth-online.de;http://www.krauth-technology.de
STEPIT;1;6;5;2025-06-10;6813402.0;388000.0;0;Hagen;58135;Dominik.Kruckenberg@stepIT.net;
BananaGlue GmbH;1;6;3;2026-05-11;6720470.0;1319408.0;0;Berlin;10997;jw@fireapp.io;
EXPERIS;2;6;3;2023-05-10;6565464.0;3282732.0;1;Eschborn;65760;info@de.experis.com;
SCHLEUPEN;1;6;4;2026-04-13;5671352.0;1609676.0;0;Ettlingen;12345;vertrieb@schleupen.de;https://www.schleupen.de/
NOVASIB;1;6;4;2023-08-01;5314254.0;1300780.0;0;Erfurt;99097;ausschreibung@novasib.de;
OWIG;1;6;3;2026-06-17;5043685.0;847770.0;0;Rottweil;78628;sales@owig.de;http://owig.de
ABCSYSTEMS;1;6;3;2023-10-16;4656719.0;858381.0;0;Schlieren;8952;ar@abcsystems.ch;
CTV GmbH;1;6;5;2024-10-29;4572487.0;332693.0;0;Wilkau-Haßlau;08112;vertrieb@ctv-zwickau.de;
PETERKENKEL;1;6;3;2023-06-18;4549522.0;408527.0;0;Holdorf;49451;info@peterkenkel.de;
NOVEDAS;1;6;3;2023-03-13;4549200.0;2274600.0;0;Schönefeld;12529;rainer.raupach@novedas.com;
BAUER-NETZ;1;6;5;2026-06-24;4448013.0;308668.0;0;Buchbach;84428;vertrieb.buchbach@bauer-netz.de;
WTG Leitstellentechnik GmbH;1;6;5;2026-06-09;4342086.0;253668.0;1;Coesfeld;48653;leitstellentechnik@wtg.com;http://www.wtg.com
PWP-SYSTEMS;1;6;5;2025-12-17;4191030.0;1025210.0;0;Bad Camberg;65520;info@pwp-systems.de;
GREENLIGHT-CONSULTING;1;6;5;2025-07-01;3826389.0;1913194.0;0;Oberhaching;82041;vertrieb@greenlight-consulting.com;
DIGIT4U-BS;3;6;4;2026-01-30;3767166.0;1883583.0;1;Ismaning;85737;bid@digit4u-bs.de;https://digit4u-bs.de
CNS GmbH;1;6;4;2025-09-08;3756866.0;328093.0;0;Gelsenkirchen;45894;vertrieb@cns-gmbh.de;http://www.cns-gmbh.de
SIMOVATIVE;1;6;6;2026-01-19;3564000.0;3564000.0;0;München;80339;assunta.steiner@simovative.com;
PAULY;1;6;5;2023-09-22;3527047.0;1065157.0;0;Limburg;65555;mfasel@pauly.de;
CONSODALIS;1;6;4;2024-11-11;3500000.0;3500000.0;2;Ahrensburg;22926;info@consodalis.de;
COSMOCONSULT;3;6;4;2025-11-13;3367409.0;708974.0;0;Berlin;10963;zuleyma.braecklein@cosmoconsult.com;https://de.cosmoconsult.com/impressum/
BVC Computerhandels GmbH;1;6;4;2025-01-24;3364309.0;1682155.0;0;Berlin;12353;boettcher@bvc-computer.de;
GESUNDHEITSFOREN;1;6;6;2024-05-24;3327000.0;1000000.0;0;Leipzig;04109;kontakt@gesundheitsforen.net;
MODULIPRINT;3;6;4;2024-10-28;3317120.0;1540000.0;0;Heerde;8181BG;info@vandermost.com;
G. Muth Partners GmbH;1;6;6;2023-05-23;3315040.0;221000.0;0;Wiesbaden;65205;;
HYPERTEGRITY;2;6;3;2026-02-10;3144068.0;1572034.0;0;Büren;33142;sales@hypertegrity.de;
CPRO-STRATEGY;1;6;4;2026-03-23;3133853.0;1566927.0;0;Hamburg;22083;vertrieb@cpro-strategy.com;
CITYBRIEFBOTE;1;6;5;2025-12-09;3107773.0;736453.0;0;Schwedt;16303;info@citybriefbote.de;http://www.citybriefbote.de
NETCONSULTGMBH;1;6;4;2023-04-28;3048160.0;462596.0;0;Chemnitz;09120;vergabe@netconsultgmbh.de;
CAMPUSNET;1;6;4;2023-08-29;2979334.0;456300.0;0;Troisdorf;53842;allis@campusnet.de;
EUROCOMMAND;1;6;5;2025-03-27;2829176.0;729600.0;0;Hamburg;22525;support@eurocommand.com;
INTERACTIVE-INSTRUMENTS;1;6;3;2024-08-14;2812688.0;740000.0;0;Bonn;53113;mail@interactive-instruments.de;
ESSENDI;1;6;5;2026-05-11;2701685.0;634125.0;0;Schwäbisch Hall;74523;info@essendi.de;http://www.essendi.de
GROTHCOMPANY;1;6;4;2026-06-08;2700000.0;1350000.0;0;Hamburg;20099;arne.schiemann@grothcompany.de;
MARIS-HEALTHCARE;2;6;4;2024-12-09;2639076.0;892076.0;1;Illingen;66557;vertrieb@maris-healthcare.de;
TSA Public Service GmbH;1;6;5;2025-12-18;2379103.0;1189552.0;0;Halle;06108;info@tsaps.de;https://tsaps.de
Be Shaping The Future - Performance, Transformation, Digital GmbH;2;6;3;2026-02-09;2363340.0;2363340.0;2;München;81541;tender@be-tse.de;
SWISIO;2;6;3;2026-05-05;2342346.0;568546.0;0;Berlin;10115;info@swisio.de;
B & DT Bürofachhandel und Datentechnik GmbH;1;6;5;2025-10-21;2295060.0;540058.0;0;Erfurt;99091;info@bdt-erfurt.de;https://www.interaktiv-displays.de
NSSLGlobal GmbH;1;6;4;2025-09-17;2286735.0;208571.0;0;Barsbüttel;22885;;
Elektroanlagen Seifriedsberger & Gruber GmbH;1;6;4;2024-04-08;2177315.0;508993.0;0;Dachau;85221;mail@lichtquelle.info;
S2-SOFTWARE;1;6;5;2025-06-30;2142741.0;538151.0;0;Cochem;56812;info@s2-software.de;
CONSIST;1;6;5;2024-10-08;2142000.0;1071000.0;0;Kiel;24159;info@consist.de;
BYON;1;6;5;2025-12-02;2058877.0;594951.0;0;Frankfurt am Main;60486;ausschreibungen@byon.de;https://www.byon.de
CO-TEC GmbH;1;6;3;2025-11-12;2052187.0;341387.0;0;Rosenheim;83026;ausschreibungen@cotec.de;http://www.cotec.de
METTENMEIER;1;6;5;2025-04-22;2021798.0;1010899.0;0;Paderborn;33100;robust-pc@mettenmeier.de;http://www.mettenmeier.de/
ACHELOS;1;6;5;2025-03-14;2012411.0;636111.0;1;Paderborn;33100;info@achelos.de;
RHEINMETALL;1;6;3;2025-12-02;1989000.0;1989000.0;0;Bremen;28309;info-rme@rheinmetall.com;
DELTAPROJECTS;1;6;5;2024-11-29;1911360.0;955680.0;0;Feldkirchen;85622;sh@deltaprojects.de;
HUBER-FENEBERG;1;6;4;2024-08-21;1845669.0;853442.0;1;München;81671;info@huber-feneberg.de;
IQDOQ;1;6;5;2024-03-25;1817260.0;908630.0;0;Bad Vilbel;61118;info@iqdoq.de;https://www.iqdoq.de/
SWISSPHONE;2;6;4;2025-07-08;1812354.0;515621.0;0;Gundelfingen;79194;info@swissphone.de;
BFW Kommunikationssysteme GmbH;1;6;4;2025-04-09;1790161.0;407227.0;0;Langenhagen;30855;a.fessler@bfwkom.de;
AVS-SYSTEME;1;6;5;2025-07-29;1663922.0;242367.0;0;Karlsruhe;76185;michael.stammen@avs-systeme.com;
INOBJEKT;2;6;3;2024-05-13;1662799.0;422489.0;0;Höpfingen;74746;info@inobjekt.com;
KROMEDIA;2;6;3;2022-06-27;1641894.0;350259.0;0;Haiger;35708;ausschreibung@kromedia.de;
SMART-CJM;2;6;5;2025-10-23;1623378.0;168780.0;1;Krefeld;47802;info@smart-cjm.com;
Steinmetz Briefumschläge GmbH & Co. KG;1;6;6;2024-10-25;1605386.0;421386.0;0;Schenefeld;22869;nludewig@stbu-kg.de;
BSA-SYSTEMHAUS;1;6;5;2026-05-18;1588782.0;322005.0;0;Memmingen;87700;info@bsa-systemhaus.de;
OGITIX;3;6;3;2024-08-01;1563061.0;320984.0;0;Langenfeld;40764;info@ogitix.de;
TRADEXSYSTEMS;2;6;4;2025-09-15;1550355.0;386603.0;0;Tallinn;10145;info@tradexsystems.eu;http://www.tradexsystems.eu
SCHROEDERSYSTEME;1;6;5;2023-12-19;1518673.0;335000.0;0;Dresden;01109;info@schroedersysteme.de;
Becton Dickinson Austria GmbH;3;6;5;2026-02-05;1515214.0;364518.0;0;Wien;1030;sarah.thelen@bd.com;
KROTUS-COMPUTER;1;6;4;2024-11-05;1488562.0;232087.0;0;Bochum;44805;chris@krotus-computer.de;
MG-INDUSTRIEELEKTRONIK;1;6;3;2024-12-02;1456721.0;1456721.0;0;Ettlingen;76275;info@mg-industrieelektronik.de;
CADFEM;2;6;6;2024-11-28;1440698.0;378996.0;0;Grafing b. München;85567;gpigasse@cadfem.de;
QO-JENA;2;6;4;2025-01-08;1396631.0;376066.0;0;Jena;07745;info@qo-jena.com;
LEITWERK;1;6;5;2025-09-22;1375497.0;319394.0;0;Appenweier-Urloffen;77767;info@leitwerk.de;
S. E. A. Datentechnik GmbH;1;6;4;2023-03-31;1350089.0;334918.0;0;Troisdorf;53840;;
OTRS;1;6;6;2026-06-03;1280636.0;460000.0;0;Oberursel;61440;sales@otrs.com;
ELSEVIER;3;6;5;2025-12-16;1273838.0;298233.0;0;Amsterdam;1043 NX;m.neuroth@elsevier.com;https://www.elsevier.com/de-de
SALZBRENNER;2;6;5;2025-01-20;1256984.0;628492.0;0;Buttenheim;96155;ausschreibungen@salzbrenner.com;
Heinr. Hünicke GmbH & Co. KG;1;6;4;2025-10-09;1242133.0;263654.0;0;Schwerin;19059;info@buerokompetenz.de;http://www.buerokompetenz.de
multi-media systeme aktiengesellschaft;1;6;5;2026-04-29;1238655.0;480923.0;0;Walzbachtal;75045;adrian.muenchinger@mmsag.de;http://mmsag.de
<<acceptIT>> GmbH;1;6;5;2025-12-30;1238140.0;248799.0;0;Paderborn;33100;info@accept-it.de;
TERRESTRIS;1;6;4;2024-11-14;1196860.0;460500.0;0;Bonn;53111;ausschreibungen@terrestris.de;
HMMDEUTSCHLAND;1;6;5;2026-04-07;1172882.0;398000.0;0;Moers;47445;ausschreibung@hmmdeutschland.de;https://www.hmmdeutschland.de/
solocode GmbH;1;6;3;2025-09-15;1158435.0;579217.0;0;Berlin;10961;lpetrenz@anton.app;
HM Informatik GmbH;1;6;4;2026-06-09;1140320.0;570160.0;0;Ilmenau;98693;ausschreibung@hm-ag.de;
AFI-SOLUTIONS;1;6;4;2026-04-28;1101450.0;550725.0;0;Stuttgart;70567;muamed.arifi@afi-solutions.com;https://www.doxis.com
MEDKONNEKT;1;6;4;2025-10-08;1064000.0;532000.0;0;Garching bei München;85748;kontakt@medkonnekt.de;https://medkonnekt.de/
INVENT-AG;1;6;4;2025-06-18;1037313.0;343040.0;0;Bielefeld;33604;info@invent-ag.de;
imc information multimedia communication GmbH;1;6;3;2025-09-15;1018800.0;509400.0;0;Saarbrücken;66123;tenders@im-c.de;
KITCONCEPT;1;6;4;2024-12-16;992200.0;251600.0;0;Bonn;53113;info@kitconcept.com;https://www.kitconcept.com
CALPANA;2;6;4;2025-10-23;968240.0;234240.0;0;Hamburg;22761;office@calpana.com;
SYSTHEMIS;1;6;5;2026-01-27;952450.0;952450.0;2;Würzburg;97082;info@systhemis.de;https://systhemis.de/
Taurus Europe B.V.;2;6;4;2025-04-14;934014.0;4004.0;0;Schiphol-Rijk;1119RB;tenders@clustervision.com;
Dierichsweiler Unternehmens- und Prozessberatung GmbH;1;6;4;2025-09-30;851487.0;425744.0;1;Mainz;55130;m.dierichsweiler@dup.de;
BRAINCON;1;6;4;2026-06-22;848683.0;424341.0;0;Dieburg;64807;info@braincon.de;http://www.braincon.de
AAGON;1;6;6;2026-05-27;838565.0;258724.0;0;Soest;59494;sales@aagon.com;http://www.aagon.de
ACL;1;6;5;2026-04-14;821036.0;410518.0;0;Markkleeberg;04416;no@emailaddress.given;
ASERVO;1;6;4;2026-05-19;799871.0;799871.0;0;München;81829;kontakt@aservo.com;http://aservo.com
DATAKOM;1;6;5;2025-02-21;737235.0;334956.0;0;Ismaning;85737;info@datakom.de;
3M Healthcare Germany GmbH;3;6;2;2025-12-10;730964.0;365482.0;0;Kamen;59174;his-customer-service@solventum.com;https://www.solventum.com/de-de/home/
Sonepar Deutschland / Region West GmbH;1;6;4;2023-12-13;710036.0;114550.0;0;Holzwickede;59439;guido.steinmann@sonepar.de;
HOTSPLOTS;1;6;5;2024-09-12;694472.0;347236.0;0;Berlin;10245;ausschreibungen@hotsplots.de;
HANSA-COMPUTER;1;6;4;2024-11-08;667023.0;333511.0;0;Leipzig;04129;thomas.wehle@hansa-computer.de;
ALSTOMGROUP;2;6;2;2025-11-27;622595.0;157546.0;0;Neuhausen;8212;info.ch@trapezgroup.com;
NEOCOSMO;1;6;3;2024-05-06;576840.0;288420.0;0;Saarbrücken;66123;volker@neocosmo.de;
KOMMIT;1;6;3;2025-06-18;548193.0;274097.0;0;Köln;51063;ausschreibungen@komm-it.de;
NETZWERK-GMBH;1;6;4;2025-10-27;530557.0;19471.0;0;Barleben;39179;shaasper@netzwerk-gmbh.de;
DWK;1;6;4;2024-07-23;487144.0;173368.0;0;Essen;45326;stefan.wiechers@dwk.de;
RIEDEL;3;6;5;2025-04-08;473275.0;473275.0;0;Wuppertal;42109;marketing@riedel.net;
SYNALIS;1;6;6;2026-05-27;461311.0;230656.0;0;Bonn;53229;info@synalis.de;http://www.synalis.de
Virtual Forge GmbH;1;6;6;2022-07-21;456000.0;228000.0;0;Heidelberg;69124;alexander.zellner@onapsis.com;
ATOS-WERKZEUGE;1;6;4;2022-07-05;450816.0;138554.0;0;München;81739;yann.spydevold@atos.net;
IGT;2;6;2;2024-12-12;450000.0;225000.0;0;Larnaca;6021;info@igt.com;
TT-CAMPUSONE;1;6;3;2026-05-12;438000.0;438000.0;0;Ludwigsburg;71638;info@wtt-campusone.com;
ECSEC;1;6;5;2025-03-14;434000.0;172500.0;1;Michelau;96247;info@ecsec.de;
FNTSOFTWARE;3;6;3;2026-05-21;387757.0;193879.0;0;Ellwangen/Jagst;73479;info@fntsoftware.com;https://www.fntsoftware.com/
DALUX;3;6;3;2025-05-09;375088.0;375088.0;0;Harrislee;24955;support@dalux.com;https://www.dalux.com/
U2D;2;6;5;2025-01-21;374804.0;187402.0;0;Nürnberg;90489;info@u2d.de;
Blickle & Scherer Kommunikationstechnik GmbH & Co KG;1;6;6;2026-03-11;308186.0;154093.0;0;Karlsruhe;76149;ausschreibungen@bsk-world.de;https://www.bsk-world.de
FJD;2;6;3;2024-12-09;299970.0;299970.0;0;Feldkirchen;85622;briefkasten@fjd.de;
SPGLOBAL;4;6;4;2026-04-13;293047.0;293047.0;0;LONDON;EC2Y 9LY;dpearcey@spglobal.com;
MBITS;1;6;3;2026-06-24;290000.0;290000.0;0;Heidelberg;69123;gergel@mbits.info;https://mbits.info/
TELTEC;1;6;5;2025-07-21;283466.0;141733.0;0;Mainz-Kastel;55252;j.ziegler@teltec.de;
SUNZINET;1;6;6;2025-07-18;259594.0;259594.0;0;Köln;51063;Sarah.Lampe@sunzinet.com;
Bundesagentur für Arbeit Regionales Einkaufszentrum Nord;1;6;3;2025-10-13;248840.0;124420.0;0;Deidesheim;67146;tender@basec.de;
r-tec IT Security GmbH;1;6;4;2025-02-03;227900.0;113950.0;0;Wuppertal;42281;p.schoepp@r-tec.net;https://www.r-tec.net
BITECH;2;6;5;2023-12-29;200000.0;200000.0;1;Leverkusen;51379;Thorsten.lehmann@bitech.ag;
Rhein-Main-Verkehrsverbund Servicegesellschaft mbH (rms GmbH);1;6;4;2026-01-05;197000.0;197000.0;0;Frankfurt;60329;auschreibungen@rms-consult.de;http://www.rms-consult.de
HEFTER;1;6;4;2023-07-10;179015.0;179015.0;0;Prien;83209;info@hefter-systemform.com;
MICROTOOL;3;6;4;2025-07-03;178000.0;178000.0;0;Berlin;10247;info@microtool.de;
ABAMEDICUS;2;6;4;2026-04-27;171099.0;85549.0;0;Halle;06120;info@abamedicus.de;http://www.abamedicus.de
OCLC;2;6;3;2025-09-29;152210.0;152210.0;0;Böhl-Iggelheim;67459;vertrieb@oclc.org;https://www.oclc.org/de/home.html
TÜV NORD IT Secure Communications GmbH & Co. KG;1;6;4;2025-06-19;149096.0;149096.0;1;Berlin;10713;secom-bid@tuvit.de;https://www.tuvit-consulting.de/de/startseite/
Jarosch & Haas GmbH;2;6;4;2025-04-01;136600.0;136600.0;0;Wien;1010;office@mobile.at;https://www.mobile.at/
ERGO-COMPUTER;1;6;3;2024-12-12;130800.0;130800.0;0;Essen;45127;m.dehler@ergo-computer.de;https://www.ergo-computer.de
Eviden Germany GmbH;5;6;3;2026-02-19;111836.0;111836.0;1;München;81739;Christina.stiesy@atos.net;http://de.atos.net
ZEISS;5;6;5;2026-04-07;109965.0;109965.0;0;Oberkochen;73447;tenders.optical.metrology@zeiss.com;
evolving systems consulting GmbH;1;6;3;2025-08-25;63600.0;31800.0;0;Hamburg;Alter Wall 34-36;tony.vonbornstaedt@evolvsys.com;
MOVINGIMAGE;1;6;4;2026-05-26;19003.0;19003.0;0;Berlin;10961;info@movingimage.com;
DAVASO;1;6;4;2025-04-15;100.0;100.0;0;Leipzig;04316;info@davaso.de;
FLEISCHHACKER;1;6;3;2024-07-29;100.0;100.0;0;Schwerte;58239;info@fleischhacker.biz;
FOBIZZ;3;6;2;2025-12-16;;;0;Hamburg;20099;kontakt@fobizz.com;www.fobizz.com
FRANCOTYP;1;6;3;2024-12-03;;;0;Berlin;13089;ausschreibung@francotyp.com;
ENERGY-NET;1;6;4;2025-06-03;;;0;Frankfurt am Main;60327;sales@energy-net.de;
ARANEANET;1;6;5;2026-02-11;;;0;Potsdam;14482;sales@araneanet.de;
GBS;1;6;5;2024-12-06;;;0;Karlsruhe;76227;sales@gbs.com;
BBT-TECHNIK;2;6;4;2026-04-16;;;0;Waghäusel;68753;jonas.toumanidis@bbt-technik.de;
entfällt;1;6;2;2025-10-31;;;0;Böblingen;71034;jkoehler3@dxc.com;
SCHERER-SAAR;1;6;4;2024-06-19;;;0;Völklingen;66333;info@scherer-saar.de;
X1F;4;6;3;2026-03-25;;;0;München;80335;ausschreibung_x1f@x1f.one;http://www.x1f.one
BISIMULATIONS;1;6;4;2024-12-11;;;0;Frankfurt am Main;60325;sven.lippmann@bisimulations.com;
Greenfiber Holding GmbH;1;6;1;2023-06-13;;;3;Hamburg;20095;;
UNTIS;2;6;2;2026-05-28;;;0;Stockerau;A-2000;office@untis.at;https://www.untis.at
DPD;2;6;5;2025-10-15;;;0;Aschaffenburg;63741;info@dpd.de;
DEUTSCHERVERSANDSERVICE;3;6;4;2025-04-25;;;0;Ratingen;40882;ausschreibungen@deutscherversandservice.de;https://www.deutscherversandservice.de/
ELIGO;1;6;4;2024-07-11;;;0;Berlin;10965;service@eligo.de;
Tata Consultancy Services Deutschland GmbH;1;5;4;2026-03-25;16656000000.0;54000000.0;0;Frankfurt am Main;60308;germany.info@tcs.com;http://www.tcs.com
TRIVADIS;1;5;4;2022-08-17;227358873.0;9600000.0;1;Glattbrugg;22761;Esther.Trapp@trivadis.com;
SN-INVENT;1;5;4;2025-12-21;222545134.0;111272567.0;1;Paderborn;33100;RESPOVVVV@rentenbank.de;
SmartyCon GmbH;1;5;3;2026-03-25;140346400.0;70173200.0;0;Frankfurt;60486;lukas.benedens@emagine.de;
HYAND;2;5;2;2026-01-02;73096896.0;73096896.0;0;Ratingen;40882;sascha.wefers@hyand.com;http://www.hyand.com
EDV-Compas GmbH & Co. KG;1;5;3;2023-09-28;52006674.0;2000000.0;3;Krummesse;87700;;
UNIQUE-PROJECTS;1;5;3;2026-05-22;45462125.0;551640.0;0;Duisburg;47059;sales@unique-projects.com;http://www.unique-projects.com
ZIS-SPEZIALBAUSTOFFE;1;5;4;2026-06-16;44458067.0;880902.0;0;Wackersdorf;92442;info@zis-spezialbaustoffe.de;https://www.zis-spezialbaustoffe.de/
BADENIT;1;5;4;2025-10-22;41692470.0;1420000.0;0;Freiburg;79108;info@badenit.de;
TELEMAXX;1;5;4;2024-03-01;41351878.0;791878.0;0;Karlsruhe;76227;brecht@telemaxx.de;
NGN-FIBERNETWORK;1;5;3;2023-07-24;31546308.0;5019588.0;0;Aubstadt;97633;info@ngn-fibernetwork.de;https://www.ngn-fibernetwork.de
BUCHER-SUTER;1;5;3;2024-08-01;26745953.0;4291500.0;0;Bensheim;64625;info@bucher-suter.de;
BOHNEN;1;5;3;2026-06-29;26516313.0;191329.0;0;Wuppertal;42349;pr@bohnen.it;https://www.bohnen.it
Sandstein Neue Medien GmbH;1;5;5;2023-09-05;22032800.0;2772000.0;2;Dresden;01309;;
CEITON;1;5;5;2025-01-31;21666871.0;10833435.0;1;Leipzig;04109;contact@ceiton.com;https://www.ceiton.com
DEBEX-POTSDAM;1;5;4;2022-12-29;21196702.0;2382207.0;0;Potsdam;14482;info@debex-potsdam.de;
UNION TANK Eckstein GmbH & Co. KG;1;5;4;2025-11-10;20053437.0;10026718.0;0;Kleinostheim;63801;offer@uta.com;http://www.uta.com
KASTLEDV;1;5;3;2023-05-23;19721373.0;9860687.0;0;Stein;90547;oliver.kastl@kastledv.de;
SMATESO;2;5;4;2025-01-21;18637425.0;4012360.0;0;Bruchsal;76646;vergabe@smateso.com;
PLANET;3;5;4;2026-04-24;17647059.0;17647059.0;1;MAROUSI;151 25;rcoum@planet.gr;
ORBIT;1;5;5;2025-06-06;12882593.0;2397496.0;0;Bonn;53175;info@orbit.de;
ARVATO;1;5;5;2025-04-14;12145816.0;6072908.0;0;Gütersloh;33333;sales.utilities@bertelsmann.de;
INNOVATIVE-NAVIGATION;1;5;1;2025-11-20;12024135.0;2664276.0;0;Kornwestheim;70806;sales@innovative-navigation.de;
Bayerische Kabelwerke Aktiengesellschaft;1;5;4;2026-06-10;10946170.0;2000000.0;0;Roth;91154;bieterportal-alt@deutschebahn.com;
SPINNCLOUD;2;5;3;2026-02-25;10346600.0;3360000.0;0;Dresden;01067;hector.gonzalez@spinncloud.com;
MD-CONSULTING;1;5;4;2025-05-25;9960000.0;9960000.0;0;Erfurt;99084;info@md-consulting.de;
Albert Schneider;1;5;2;2022-01-18;9915966.0;1008403.0;0;Engelskirchen;51766;info@albert-schneider.com;https://albert-schneider.com/
GLOBALSIDE;1;5;5;2026-04-02;9832484.0;3464585.0;0;München;81925;juergen.pfaff@globalside.com;
EUROKUVERT;1;5;5;2025-12-02;9311220.0;345000.0;0;Wuppertal;42107;info@eurokuvert.de;http://www.eurokuvert.de
civillent GmbH;3;5;4;2026-05-04;7102112.0;3551056.0;0;Reutlingen;72770;kundenmanagement@civillent.de;
HEES;2;5;4;2026-06-03;7101703.0;1358020.0;0;Siegen;57074;malte.feckler@hees.de;http://hees.de
OKADIS;1;5;2;2025-06-05;7067200.0;1766800.0;0;Eschborn;65760;info@okadis.de;
Mü. COMP Prenzlau Computersystemhaus GmbH;1;5;3;2023-05-15;7023515.0;465941.0;0;Prenzlau;17291;vertrieb@mc-pz.de;
Siemens Mobility GmbH;1;5;3;2026-02-11;6795984.0;1025210.0;0;Berlin;13629;ralf.molkenthin@siemens.com;
FBETA;1;5;4;2025-03-14;6523000.0;2123000.0;1;Berlin;10823;info@fbeta.de;
SECURE-SERVICE-PROVISION;2;5;5;2025-12-08;6351217.0;3175608.0;0;Leipzig;04129;office@secure-service-provision.de;
prokommunal Softwareentwicklungs- und Beratungsgesellschaft mbH;1;5;4;2025-06-30;6281826.0;338345.0;1;Berlin;13187;h.tamm@prokommunal.com;http://prokommunal.com
COSH;1;5;2;2022-12-02;6143411.0;962660.0;0;Nürnberg;90431;public@cosh.de;
BREDEX GmbH;1;5;3;2026-03-23;5984752.0;992376.0;1;Braunschweig;38100;Dummy-eMail-eVergabe@fb.hamburg.de;
Drees & Sommer Aktiengesellschaft;1;5;2;2025-05-27;5903764.0;2951882.0;1;Stuttgart;70190;info@dreso.com;
PRESORT;1;5;4;2025-08-29;5771807.0;961801.0;0;Baden-Baden;76534;axel.schneider@presort.de;
AKDB Anstalt für Kommunale Datenverarbeitung in Bayern;1;5;4;2023-02-23;5503072.0;1700000.0;0;München;80686;Ausschreibung@akdb.de;
PETER-CS;1;5;2;2022-08-23;5424670.0;1019858.0;0;Aschaffenburg;63741;vertrieb@peter-cs.de;
DALCO;3;5;4;2025-08-25;4976295.0;663782.0;0;Wilen;8832;sales@dalco.ch;http://www.dalco.ch
SHARP;1;5;3;2023-09-11;4797435.0;815666.0;0;Neu-Isenburg;63263;federico.mastroianni@sharp.eu;
Xero Point e.K.;1;5;4;2025-12-01;4768606.0;592264.0;0;Aschaffenburg;63741;;
SECULONIA;1;5;5;2025-05-14;4736529.0;2368265.0;0;Köln;50933;vertrieb@seculonia.net;
GREENBONE;2;5;2;2025-12-13;4724475.0;454868.0;0;Osnabrück;49074;sales@greenbone.net;http://greenbone.net
wabeko GmbH;1;5;3;2022-01-08;4613226.0;1208145.0;0;Neu-Ulm;89231;;
DATAGROUP Frankfurt GmbH;2;5;4;2026-01-23;4500000.0;4500000.0;0;Neu-Isenburg;63263;bidteam.frankfurt@datagroup.de;
Unternehmensberatung H & D GmbH;1;5;4;2026-03-27;4479437.0;2239718.0;0;München;81373;ausschreibungsteam@h-d-gmbh.de;
Blickle Leitstellen- und Kommunikationstechnik GmbH & Co. KG;1;5;3;2024-10-25;4107476.0;2053738.0;0;Ludwigsburg;71640;info@blk-world.de;
USD;1;5;4;2026-02-16;3854020.0;3854020.0;0;Neu-Isenburg;63263;ausschreibung@usd.de;
BALVI;1;5;4;2023-04-26;3747347.0;1420000.0;0;Lübeck;23562;info@balvi.de;
BLITZKURIER-RATHENOW;1;5;3;2022-04-19;3697327.0;842785.0;0;Rathenow;14712;;
ISB Institut für Software-Entwicklung und EDV-Beratung Gesellschaft mit beschränkter Haftung;1;5;4;2022-01-20;3606985.0;1803493.0;0;Karlsruhe;76227;ausschreibungen@isb-ag.de;
ALCERA;1;5;5;2026-02-02;3472341.0;569970.0;0;Hannover;30455;Einkauf@alcera.de;http://www.alcera.de
SCHWEERS;1;5;4;2025-12-22;3404269.0;847753.0;0;Meerbusch;40670;Vertrieb@schweers.de;
KAPPEL-DIEROLF;1;5;3;2026-05-04;3403920.0;878611.0;0;Wendlingen am Neckar;73240;;
MEDIA-4-CAST;1;5;3;2024-11-29;3350038.0;574888.0;0;Emden;26721;office@media-4-cast.de;
Mensch und Maschine Deutschland GmbH;1;5;3;2025-12-01;3103963.0;1551982.0;0;Weßling;82234;daniel.vollmer@mum.de;
APROO;1;5;3;2024-08-30;3100911.0;1550456.0;0;Saarlouis;66740;info@aproo.de;
GOVIRTUAL;1;5;5;2022-06-22;2848089.0;818679.0;0;Ratingen;40880;info@govirtual.eu;
Höchemer Büro GmbH;1;5;4;2024-05-03;2676352.0;606777.0;0;Bad Bocklet;97708;ck@hoechemer.de;
INFOR;1;5;2;2024-06-28;2673001.0;1336501.0;0;Berlin;10117;frank.clausnitzer@infor.com;
COSIFAN;1;5;4;2024-12-17;2522101.0;440000.0;0;Leipzig;04299;vertrieb@cosifan.de;
RANDSTAD;4;5;4;2026-04-15;2519020.0;2519020.0;0;Eschborn;65760;eportale-rpc@randstad.de;
DIGITAL-SERVICE;2;5;4;2024-11-18;2511327.0;363384.0;0;St. Ingbert;66386;info@digital-service.de;
SYNEDRA;2;5;4;2025-05-27;2496649.0;764805.0;0;Innsbruck;6020;sales@synedra.com;
PRODATIS;1;5;5;2026-01-07;2438855.0;616914.0;1;Dresden;01067;jens.schletter@prodatis.com;http://www.prodatis.com
HELMICH;1;5;5;2026-03-24;2304806.0;419738.0;0;Marl;45770;innendienst@helmich.de;
PROTONES;1;5;3;2025-03-10;2291361.0;231295.0;0;Lüneburg;21339;sales@protones.de;
Schwäbisch Hall Facility Management GmbH;2;5;4;2024-08-01;2227847.0;400378.0;0;Schwäbisch Hall;74523;michael.leibig@shfm.de;
MECSWARE;1;5;3;2023-12-22;2193175.0;197008.0;0;Ratingen;40880;torsten.musiol@mecsware.com;
ALP-MEDIA;1;5;3;2024-10-25;2126262.0;475912.0;0;Leverkusen;51375;Info@alp-Media.de;
EDV und Büro 2000;1;5;2;2022-07-04;2077887.0;501681.0;0;Beeskow;15848;;
THIES-BUEROTECHNIK;1;5;2;2022-11-18;2069958.0;175318.0;0;Stadtlohn;48703;sthies@thies-buerotechnik.de;
IRIS e. V.;1;5;5;2026-03-05;2050859.0;56670.0;0;Berlin;12439;mail@iris-sensing.com;
TRMLABS;2;5;4;2026-05-20;2047720.0;503360.0;0;San Francisco;94107;nicole.carles@trmlabs.com;
ACTEMIUM;2;5;4;2024-03-15;1985522.0;800000.0;0;Hamburg;22415;carsten.reinholdt@actemium.de;
ORGA-SOFT;2;5;4;2024-10-29;1975268.0;597479.0;0;Backnang;71522;h.baumstark@orga-soft.net;
PLANISWARE;1;5;4;2024-10-01;1919080.0;265685.0;0;München;80636;de_sales@planisware.com;
FUTURUM-ACTIV;1;5;5;2025-04-30;1907867.0;469821.0;0;Stadtlohn;48703;info@futurum-activ.de;http://furtum-activ.,de
BETZOLD;1;5;3;2025-05-07;1901886.0;950943.0;0;Ellwangen;73479;ausschreibung@betzold.de;
INDUCIO;1;5;3;2024-10-22;1892420.0;946210.0;0;Traunstein;83278;vertrieb@inducio.de;
Micro Focus Deutschland GmbH;2;5;2;2025-12-11;1843375.0;642103.0;0;Böblingen;71034;jreisewitz@opentext.com;http://opentext.com
BSI Business Systems Integration AG;2;5;4;2025-10-17;1811000.0;905500.0;1;Baden;5405;lifesciences-support@bsi-software.com;
TWL-Kom GmbH;1;5;3;2026-02-02;1794758.0;383990.0;0;Ludwigshafen;67059;sales@twl-kom.de;http://www.twl-kom.de
INFOTRAY;2;5;4;2026-03-26;1765166.0;882583.0;0;Winterthur;8400;koebi.ehrensberger@infotray.com;
ZETCOM;2;5;5;2026-04-29;1696997.0;617079.0;0;Berlin;10997;sales@zetcom.com;
IMESO;1;5;3;2025-12-22;1665836.0;832918.0;0;Gießen;35398;imeso@imeso.de;http://www.imeso.de
q.beyond AG;2;5;4;2025-11-14;1660965.0;233585.0;0;Hamburg;22303;;
TEUTO;1;5;4;2025-12-15;1629799.0;164900.0;0;Bielefeld;33602;info@teuto.net;
LOGIWAY;1;5;3;2025-03-21;1623538.0;811769.0;0;Berlin;13507;info@logiway.de;
NETLIGHT;1;5;2;2025-12-30;1600000.0;1600000.0;1;Frankfurt am Main;60329;info@netlight.de;https://www.netlight.com
SEMICO;1;5;4;2024-05-16;1581958.0;411700.0;0;Wiesbaden;65205;info@semico.de;
HELPLINE;1;5;5;2025-02-14;1564232.0;417950.0;0;Bad Camberg;65520;info@helpline.de;
ACTONIC;1;5;3;2023-06-05;1554606.0;348933.0;0;Vaihingen an der Enz;71665;manzo@actonic.de;
ABE GmbH;1;5;4;2025-09-24;1552716.0;1552716.0;0;Willich;47877;birgit.knoebel@abe-brands.de;https://www.abe-brands.de
QFM;1;5;4;2025-08-15;1540900.0;1540900.0;1;Berlin;12277;maren.juehrendt@qfm.eu;
NORDWEST-MAIL;1;5;4;2025-08-11;1529660.0;1529660.0;0;Bremen;28199;frank.rosebrock@nordwest-mail.de;http://www.citipost.de/Bremen
TDG (Deutschland) GmbH;1;5;2;2022-12-06;1515061.0;310041.0;0;Bonn;53227;bildung@telekom.de;
ANSYS;1;5;5;2024-12-12;1505372.0;400192.0;0;Darmstadt;64295;info-germany@ansys.com;
ID Information und Dokumentation im Gesundheitswesen GmbH & Co. KGaA;2;5;3;2025-12-29;1504710.0;752355.0;0;Berlin;10115;vertrieb@id-berlin.de;https://www.id-berlin.de/
DEROVIS;1;5;3;2025-10-20;1502775.0;751388.0;0;Berlin;12681;ausschreibung@derovis.de;http://derovis.de
Nachrichtentechnik Bielefeld GmbH;1;5;4;2026-05-27;1497488.0;385514.0;1;Bielefeld;33719;info@ntb.de;http://www.ntb.de
AH Computerbusiness GmbH;1;5;3;2023-07-30;1483534.0;249473.0;0;Euerdorf;97717;bjoern.mirbach@ahgmbh.de;
R2P;1;5;3;2023-08-15;1456721.0;1456721.0;0;Flensburg;24941;paul.christiansen@r2p.com;
IGT Global Services Limited;1;5;5;2022-07-20;1448000.0;293750.0;0;Larnaca 6021;6021;;
AMPADA;1;5;3;2025-08-25;1439160.0;342460.0;0;Köln;50672;vertrieb@ampada.de;
Christian Ruppert IT-Consulting;2;5;4;2025-03-12;1428197.0;522689.0;0;Ingelheim;55218;c.ruppert@critcon.de;
DRACOON;1;5;4;2025-12-02;1422000.0;711000.0;0;Regensburg;93053;a.sommer@dracoon.com;
BRUKER;2;5;3;2026-04-23;1332377.0;466613.0;0;Ettlingen;76275;customersupport.bbio.eimea@bruker.com;
the i-engineers AG;1;5;4;2024-03-19;1330176.0;665088.0;0;Münster;48153;ausschreibungen@tie.ch;
MTG GmbH & Co.KG;1;5;4;2025-12-23;1323067.0;420000.0;0;Darmstadt;64293;jruf@mtg.de;
AVEO;2;5;4;2025-07-15;1311537.0;302008.0;0;Wolfegg;88364;info@aveo.de;
Königsteiner Büroservice;2;5;4;2025-09-09;1304647.0;299307.0;0;Königstein;61462;info@koebue.de;
LM IT-Services Aktiengesellschaft;1;5;4;2024-12-23;1300000.0;1300000.0;0;Osnabrück;49078;alexander.plato@lm-ag.de;
MEDIA-TEK;1;5;4;2024-05-10;1298357.0;392641.0;0;Bodenkirchen;84155;info@media-tek.com;
Circle Unlimited AG;1;5;2;2022-12-27;1293756.0;646878.0;0;Norderstedt;22848;sales@cuag.de;
NCS;1;5;3;2024-08-29;1258678.0;333853.0;0;Friedberg;86316;tom.brumme@ncs.de;
ITR AG;1;5;4;2025-03-17;1246059.0;426956.0;0;Sindelfingen;71065;m.reuss@itr-ag.de;
HCD-CONSULTING;1;5;3;2024-05-06;1220154.0;331354.0;0;Inning am Ammersee;82266;j.seifert@hcd-consulting.de;
BETASYSTERMS;1;5;4;2025-12-17;1214000.0;607000.0;0;Berlin;10587;info@betasysterms.com;http://www.betasystems.com
APFELWERK;1;5;3;2023-08-04;1208047.0;604024.0;0;Kornwestheim;70806;jamfschool@apfelwerk.de;
GISCON;2;5;5;2024-10-08;1207280.0;1207280.0;1;Dortmund;44147;achim.steudle@giscon.de;
PROSOZIAL e.V.;1;5;4;2024-03-28;1194650.0;597325.0;0;Koblenz;56076;info@prosozial.de;
HCSPARTNERS;3;5;3;2025-09-09;1151500.0;405000.0;0;München;81541;denzler@hcspartners.com;http://hcspartners.com
NTEAM;3;5;3;2024-03-01;1135887.0;567943.0;0;Berlin;10785;ilona.huebner@nteam.de;
MAIBORNWOLFF;1;5;4;2024-10-29;1124600.0;562300.0;0;München;80339;info@maibornwolff.de;
RISOPRINTER;2;5;5;2025-12-03;1116000.0;558000.0;0;Hamburg;22309;M.Frings@risoprinter.de;
BITE GmbH;1;5;4;2025-05-07;1096154.0;548077.0;0;Ulm;89077;hubert.ketterer@b-ite.de;http://www.b-ite.de
QGROUP;1;5;5;2025-12-09;1089710.0;1089710.0;0;Wehrheim;61273;info@qgroup.de;http://qgroup.de
Gesundheitszentrum Wetterau gGmbH;1;5;1;2024-10-25;1082191.0;541096.0;0;Solna;17173;tobias.schulz@keyfactor.com;
IBRO;2;5;4;2026-01-26;1082129.0;358214.0;0;Roggentin;18184;;
EKA;2;5;4;2026-03-16;1080000.0;1080000.0;0;Kissing;86438;service@weka.de;https://www.weka.de/
ICT;1;5;4;2025-04-15;1076552.0;99537.0;0;Kohlberg;72664;info@ict.de;
MIT-SYSTEMHAUS;1;5;3;2023-04-20;1076140.0;242244.0;0;Burghausen;84489;vertrieb@mit-systemhaus.com;
FORCONT;1;5;2;2024-11-14;1057806.0;528903.0;0;Leipzig;04229;office@forcont.de;
"""Studio-Elektroakustik GmbH""";1;5;4;2024-03-14;1052850.0;285103.0;0;Leipzig;04249;service@sea-leipzig.de;
ISGUS;2;5;5;2026-06-03;1040291.0;520145.0;0;Warngau;83627;okappe@isgus.de;
GRIT;1;5;5;2025-12-09;999999.0;999999.0;0;Werne;59368;schnegelsberg@grit.de;
LA2;1;5;2;2024-10-28;999885.0;499943.0;0;Erlangen;91054;info@la2.de;https://www.la2.de/
MSU-SOLUTIONS;1;5;3;2025-10-02;990580.0;495290.0;0;Halle;06120;info@msu-solutions.de;https://msu-solutions.de/
ECADIA;1;5;4;2025-12-18;971508.0;237000.0;0;Kornwestheim;70806;info@ecadia.de;http://ecadia.de
ITIS  AG;1;5;4;2025-10-13;948898.0;474449.0;0;Neubiberg;85579;itis@unibw.de;https://unibw.de/itis
EGESRAND;1;5;3;2022-10-10;947575.0;473788.0;0;Mönchengladbach;41061;ausschreibungen@wegesrand.net;
REINMEDICAL;1;5;5;2025-04-14;946596.0;234165.0;0;Mönchengladbach;41238;vertriebde@reinmedical.com;http://www.reinmedical.com
JS-SOFT;1;5;4;2024-04-30;910000.0;455000.0;0;Heidelberg;69115;info@js-soft.com;
TELESTE;3;5;4;2024-11-12;901011.0;450506.0;0;Hannover;30163;sales@teleste.systems;
IDENTA;1;5;5;2025-10-02;892804.0;446402.0;0;VS-Schwenningen;78056;info@identa.com;
CP-ZWICKAU;1;5;5;2022-02-22;873648.0;436824.0;0;Zwickau;08058;walter.backofen@cp-zwickau.de;
K & P COMPUTER-Service- und Vertriebs-GmbH;1;5;3;2023-02-13;859040.0;212527.0;0;Wiesbaden;65205;adzijevic@kpc.de;
BRETTINGHAM;1;5;4;2026-04-28;841600.0;230800.0;0;Berlin;10399;anfrage@brettingham.de;
IF-TECH;1;5;5;2026-04-26;836673.0;418337.0;0;München;81829;Dummy-eMail-eVergabe@fb.hamburg.de;http://www.if-tech.de
Johnson Controls Systems & Service GmbH;1;5;5;2026-02-26;819361.0;153000.0;0;Berlin;12489;serviceberlin.eur-de@jci.com;
SPOTGROUP;1;5;4;2023-08-22;812240.0;812240.0;0;Mühltal;64367;gabriel.hemmerich@spotgroup.de;
JESSENLENZ;2;5;4;2023-02-24;801481.0;260718.0;0;Halle;06112;frank.bartschinski@jessenlenz.com;
trinovis GmbH;1;5;3;2025-12-19;801000.0;400500.0;0;Hannover;30659;no@emailaddress.given;
FORML;1;5;3;2026-03-27;798000.0;798000.0;0;München;80538;yasin@forml.eu;
OCTO-IT;1;5;4;2024-06-24;797551.0;797551.0;0;Mannheim;68307;reinert.hirt@octo-it.de;
MALTEGO;1;5;5;2025-12-18;791310.0;395655.0;0;München;80336;contact@maltego.com;
TORGAU-KUVERT;1;5;4;2023-06-19;784090.0;74940.0;0;Süptitz;04860;Corinna.Koeppe@Torgau-Kuvert.com;
SIGMA-AV;1;5;2;2023-12-22;779920.0;779920.0;0;Düsseldorf;40549;info@sigma-av.tv;
Frings & Kuschnerus Computersysteme Gesellschaft mit beschränkter Haftung;1;5;5;2025-12-22;769327.0;384663.0;0;Hannover;30159;ah@fundk.com;
Roboyo GmbH;1;5;4;2023-07-28;746656.0;221000.0;0;Nürnberg;90443;;
KAPSCH;2;5;4;2026-04-22;730585.0;730585.0;0;Neuss;41468;kbc.de.info@kapsch.net;https://www.cancom.de
SIEMPELKAMP-NIS;1;5;4;2024-09-20;700000.0;700000.0;0;Rheinsberg;16831;nis.rheinsberg@siempelkamp-nis.com;https://www.siempelkamp-nis.com/
EXPERTPLACE;1;5;4;2026-03-20;695040.0;695040.0;0;Köln;50968;sales@expertplace.de;
B.I.N.S.S. Medientechnik GmbH;1;5;4;2025-06-23;688750.0;129391.0;0;Berlin;13088;vertrieb@binss.media;
STRABAG;1;5;4;2023-05-02;683116.0;341558.0;0;Köln;50679;siss-lsi@strabag.com;
B.I.N.S.S. GmbH;3;5;4;2025-11-03;680439.0;224457.0;0;Erfurt;99092;info@binss.net;https://www.binss.net/
SKOOL;1;5;3;2024-02-19;669640.0;154945.0;0;Übersee;83236;tender@skool.de;
ITAVERO;1;5;5;2022-07-13;659950.0;75000.0;0;Bad Vilbel;61118;info@itavero.de;
Seven Principles Mobility GmbH;1;5;3;2023-09-29;656800.0;656800.0;0;Köln;51149;sinaida.champion@7p-group.com;
DORNER;1;5;3;2024-06-10;625525.0;312763.0;0;Müllheim;79379;j.reiche@dorner.de;
HF-MEDIADIGITAL;2;5;3;2025-06-13;622402.0;261985.0;0;Hausham;83734;info@hf-mediadigital.de;
GENERAL-OVERNIGHT;3;5;5;2026-05-28;616918.0;308459.0;0;Viernheim;68519;mhg.sales@general-overnight.com;
PFLEGEHILFE;3;5;2;2025-10-27;606339.0;303170.0;0;Mainz;55120;ausschreibungen@pflegehilfe.de;
UIPATH;3;5;5;2026-06-22;602517.0;602517.0;0;München;81671;info@uipath.com;
MAINTAL-BUEROFACHMARKT;1;5;4;2023-07-20;594928.0;214869.0;0;Würzburg;97080;info@maintal-buerofachmarkt.de;
E4IT;1;5;4;2024-11-01;561200.0;561200.0;0;Bremen;28357;info@we4it.com;
SDUI;1;5;3;2024-12-12;549144.0;274572.0;0;Koblenz;56070;info@sdui.de;
iengineers;1;5;2;2025-12-15;495672.0;495672.0;0;Münster;48155;ausschreibungen@tie.ch;
MAWOH-IT;1;5;3;2024-07-26;490158.0;490158.0;0;Karlsfeld;85757;vertrieb@mawoh-it.de;
G&L Geißendörfer & Leschinsky GmbH;1;5;4;2024-11-20;483000.0;241500.0;0;Köln;50825;pm@gl-systemhaus.de;
Grant Thornton AG;3;5;2;2024-10-10;472554.0;140000.0;0;Düsseldorf;40476;ausschreibungen@de.gt.com;
TÜV Informationstechnik GmbH Unternehmensgruppe TÜV NORD;1;5;3;2025-09-16;454266.0;227133.0;0;Essen;45307;ausschreibung@tuvit.de;
FP Digital Business Solutions GmbH;3;5;4;2025-10-15;450000.0;225000.0;0;Berlin;12489;innendienst@fp-dbs.com;
ITEBS Informationstechnologie Braunschweig GmbH;1;5;4;2023-12-04;448781.0;73850.0;0;Braunschweig;38122;info@itebs.de;
ALLMODUL;2;5;3;2026-06-08;435177.0;435177.0;0;LEVERKUSEN;51379;m.wohlfahrt@allmodul.de;https://www.allmodul.de
DUSSMANN;2;5;4;2024-10-11;431085.0;215543.0;0;Berlin;10117;melanie.slawik@dussmann.de;
ARGUMENTUM;1;5;3;2025-12-11;420000.0;420000.0;0;Oberhaching;82041;evergabe@argumentum.de;
INGENTIS;1;5;3;2026-06-05;399600.0;399600.0;0;Nürnberg;90475;mail@ingentis.com;https://www.ingentis.com
NEXUSGROUP;1;5;4;2026-06-09;395000.0;395000.0;0;Karlsruhe;76137;nexus.customerservice.de@ingroupe.com;
INTECSOFT;2;5;2;2025-07-29;360000.0;360000.0;1;Dresden;01307;dirk.nadoll@intecsoft.de;http://intecsoft.de
MIFCOM;1;5;3;2025-01-15;354566.0;134400.0;0;München;81673;info@mifcom.de;
COMPLION;1;5;4;2023-03-13;333800.0;333800.0;0;Leipheim;89340;christian.grabner@complion.de;
Pitney Bowes Deutschland GmbH;1;5;3;2025-11-06;330104.0;165052.0;0;Darmstadt;64293;ce-tender@pb.com;
DESK7;3;5;3;2025-12-22;295418.0;295418.0;0;Hamburg;22529;solutions@desk7.com;https://desk7.com
CIDEON;1;5;5;2026-01-19;291891.0;291891.0;0;Gräfelfing;82166;tender@cideon.com;
SOLVIN;1;5;4;2026-06-02;265000.0;132500.0;0;Hamburg;20099;vertrieb@solvin.com;
DAASI;1;5;4;2025-03-13;250000.0;250000.0;0;Tübingen;72072;info@daasi.de;
QUADIENT;1;5;4;2024-11-19;249134.0;249134.0;0;München;80339;info.de@quadient.com;
ABB;1;5;4;2026-01-06;246345.0;246345.0;0;Ratingen;40472;testing@de.abb.com;
ADDITIVE-NET;2;5;3;2025-11-10;240000.0;240000.0;0;Bad Nauheim;61231;ralf.rosenberger@additive-net.de;
ALLGEIER-ITS;1;5;3;2025-09-19;238226.0;119113.0;0;München;80807;vertrieb@allgeier-its.com;https://www.allgeier-its.com
PSYCOTEK;2;5;3;2024-10-23;233958.0;233958.0;0;Coburg;96450;vertrieb@psycotek.de;
PLUSWERK;1;5;5;2026-01-05;227000.0;227000.0;0;München;81829;tender@pluswerk.digital;
The Boston Consulting Group GmbH;1;5;3;2026-05-11;221000.0;221000.0;1;Düsseldorf;40212;bid.management@bcg.com;
LECOS;1;5;4;2025-11-24;219913.0;219913.0;0;Leipzig;04103;Sebastian.Rauer@lecos.de;
CLOUD-IONOS;1;5;4;2025-07-30;214001.0;214001.0;0;Montabaur;56410;Bid-public@cloud-ionos.com;
ACONSO;1;5;4;2024-10-09;195542.0;195542.0;0;München;80339;Julian.Baecker@aconso.com;
CYCLOMEDIA;1;5;5;2024-12-18;158123.0;158123.0;0;Wetzlar;35578;info-de@cyclomedia.com;
ATS Elektronik GmbH;1;5;4;2024-09-23;136000.0;136000.0;0;Wunstorf;31515;Dummy-eMail-eVergabe@fb.hamburg.de;
CRYPTOVISION;1;5;5;2025-12-12;130950.0;130950.0;0;Gelsenkirchen;45886;cv-business.administration@eviden.com;
EMENTO;3;5;3;2025-03-21;125364.0;125364.0;0;Ratingen;40885;tender@emento.de;
JOBNET;1;5;5;2023-12-14;108000.0;108000.0;0;Berlin;10117;ac@jobnet.ag;
IOKI;1;5;3;2025-10-13;99706.0;99706.0;0;Frankfurt am Main;60322;sales@ioki.com;
CENTRIC;2;5;2;2023-06-13;95835.0;95835.0;0;Essen;45128;philipp.robbes@centric.eu;
arf GmbH;2;5;3;2025-12-05;93350.0;46675.0;0;Nürnberg;90411;arf@arf-gmbh.de;http://arf-gmbh.de
HAMANN-MEDIA-TEC;1;5;2;2026-03-23;61076.0;61076.0;0;Mülheim a.d. Ruhr;45472;info@hamann-media-tec.de;http://hamann-media-tec.de
ERGOSIGN;1;5;4;2026-02-24;54320.0;54320.0;0;Saarbrücken;66113;bd@ergosign.de;https://www.ergosign.de/de/
Smart Enterprise Solutions GmbH;1;5;5;2025-07-01;28800.0;28800.0;0;Pforzheim;75172;marco.detullio@smenso.de;
CONSCIA;5;5;2;2025-10-13;2000.0;2000.0;0;Ettlingen;76275;stefan.bingel@conscia.com;
PINUTS;2;5;4;2025-07-11;820.0;820.0;0;Berlin;10117;andreas.gromadecki@pinuts.de;http://www.pinuts.de/
AUCTORES;1;5;3;2026-01-27;160.0;160.0;0;Neumarkt;92318;daniel.hausner@auctores.de;https://auctores.de/
UHB-SOFTWARE;4;5;3;2026-03-16;;;0;St.Wolfgang;84427;kontakt@uhb-software.com;
AICGROUP;1;5;5;2024-01-09;;;0;Lüneburg;21337;Joerg.heydorn@aicgroup.de;
INTRAFIND;1;5;4;2023-08-31;;;0;München;80687;franz.koegl@intrafind.de;
GAUSS-LVS;2;5;3;2026-03-31;;;0;Paderborn;33100;info@gauss-lvs.de;
MEDER-COMMTECH;1;5;4;2024-11-18;;;0;Singen;78224;info@meder-commtech.com;
CISCO;2;5;4;2026-02-25;;;0;Garching;85748;aschoepp@cisco.com;
Entsorgungsbetriebe der Stadt Heilbronn;2;5;3;2026-02-19;;;0;München;80335;robert.papajewski@telekom.de;
MEDIA-LOGISTIK;2;5;2;2025-01-03;;;0;Chemnitz;09128;info@media-logistik.de;
WGC Consulting GmbH;1;5;2;2025-06-17;;;1;Darmstadt;64297;w.gerlach@wgconline.eu;
RECOM;2;5;3;2025-06-26;;;3;Kassel;34125;datenbank@recom.eu;
ETC Solutions GmbH;2;5;5;2026-04-30;;;0;Berlin;12435;info@etc-consult.de;
STAHLGMBH;1;5;3;2024-07-08;;;0;Pfaffenhofen;85276;fabian.stahl@stahlgmbh.de;https://stahlgmbh.de/
RETHINK;1;5;3;2025-04-25;;;0;Braunschweig;38118;v.afonichev@rethink.de;
BOSCH-DATA;1;5;2;2026-05-05;;;0;Wees;24999;jan.moldenhauer@bosch-data.de;http://www.bosch-data.de
WPS GmbH & Co. KG;1;5;4;2026-04-09;;;1;Hamburg;22301;ausschreibungen@wps.de;
SERRALA;1;5;3;2026-04-30;;;0;Norderstedt;22848;office@serrala.com;http://www.serrala.de
NETZINT;1;5;2;2025-11-18;;;0;Gütenbach;78148;info@netzint.de;
DIGOTEX GmbH;1;5;3;2026-05-15;;;0;Niederfischbach;57572;;
SYSTEM-LOGISTIK;2;5;5;2026-06-22;;;0;München;81829;info@system-logistik.de;
DATABAY;1;5;2;2025-12-02;;;0;Würselen;52146;info@databay.de;
AKI GmbH;1;5;4;2025-12-03;;;0;Meerbusch;40670;sales@aki-gmbh.com;
EQUINIX;1;5;4;2026-05-21;;;0;Frankfurt am Main;60326;Christopher.Kosak@eu.equinix.com;
LTG GmbH;1;5;5;2025-05-14;;;0;Horn-Bad Meinberg;32805;mld@forensik.company;
SCHEIDT-BACHMANN-ST;1;5;4;2025-10-30;;;0;Melsdorf;24109;office.kiel@scheidt-bachmann-st.de;
DMK-EBUSINESS;1;5;5;2025-09-10;;;0;Köln;50858;ausschreibung@dmk-ebusiness.com;https://www.dmk-ebusiness.de/
ALTEN;1;5;3;2025-12-19;;;0;Coburg;96450;nemro.isler@alten.com;http://de.alten.com
SI PRO GmbH;3;5;5;2026-03-25;;;0;Mannheim;68163;info@si-pro.de;
EXPERIENCEONE;3;5;3;2025-11-04;;;0;Stuttgart;70174;business@experienceone.com;
ADVANTICS;1;5;3;2025-03-24;;;0;Düsseldorf;40210;info@advantics.de;http://advantics.de
PROSOFT-KRIPPNER;1;5;4;2025-05-02;;;0;Delitzsch;04509;richard.wohlfeld@prosoft-krippner.com;
APERTO;1;5;4;2022-08-12;;;0;Berlin;10115;anfrage@aperto.com;
NURSIT-INSTITUTE;1;5;3;2024-06-08;;;2;Berlin;10719;tender@nursit-institute.de;
Plisch GmbH;1;5;4;2023-01-30;;;0;Viernheim;68519;;
AKKODIS;5;5;4;2026-04-01;;;0;Sindelfingen;71063;kontakt@akkodis.com;http://www.akkodis.com
KOGIT;1;5;4;2024-12-02;;;0;Darmstadt;64283;info@kogit.de;
ESG-CONSULTING;1;5;4;2024-05-27;;;1;Fürstenfeldbruck;82256;ulrich.bethaeuser@esg-consulting.com;
MEGA;1;5;5;2026-03-03;;;0;Berlin;10178;pmatho@mega.com;
EODA;1;5;3;2026-03-04;;;0;Kassel;34127;sales@eoda.de;
P3 group GmbH;1;5;2;2026-02-20;;;0;Stuttgart;70191;mail@p3-group.com;
DIGNUM;1;5;3;2024-08-23;;;0;Kissing;86438;info@dignum.de;
Coforge GmbH;1;4;3;2025-11-23;30000000000.0;598000000.0;0;Frankfurt am Main;60325;bieterportal-alt@deutschebahn.com;
BT (Germany) GmbH & Co. OHG;1;4;4;2024-10-11;8360645984.0;116000000.0;0;München;80807;andreas.schlieper@bt.com;
Sword Technologies SA;3;4;3;2023-09-11;755971248.0;3770868.0;50;Windhof;8399;;
Industrieanlagen-Betriebsgesellschaft mbH (IABG);1;4;3;2022-07-02;652355145.0;108666340.0;2;Ottobrunn;85521;;
SPAN;1;4;1;2025-02-03;593000000.0;67000000.0;0;Zagreb;10000 Zagreb;info@span.eu;https://www.span.eu
Ribbon Communications Germany GmbH;2;4;3;2025-11-24;253238399.0;126619199.0;0;Oberursel;61440;ulrich.hildeband@rbbn.com;https://ribboncommunications.com
SRH;1;4;3;2025-09-01;232887425.0;22957843.0;0;Heidelberg;69123;matthias.amann@srh.de;https://www.srh-it-solutions.de/
Trivadis Germany GmbH;1;4;3;2022-08-17;214959129.0;107479565.0;2;Stuttgart;70565;;
AVANADE;1;4;3;2026-02-18;209702019.0;1520000.0;1;Kronberg;61476;christina.scheiper@avanade.com;http://www.avanade.de
MAGH-BOPPERT;1;4;3;2025-09-23;144734624.0;72367312.0;0;Paderborn;33100;vertrieb@magh-boppert.de;http://magh-boppert.de
BONPAGO;1;4;3;2025-12-21;141080571.0;70540286.0;1;Frankfurt am Main;60487;RESPOVVVV@rentenbank.de;
Randstad Digital Germany AG;2;4;2;2026-06-01;140100000.0;140100000.0;0;80639;München;RESPOVVVV@rentenbank.de;https://www.randstaddigital.com
PROVECTUS;1;4;3;2026-02-24;111401492.0;10243090.0;0;München;80807;sales@provectus.de;
topdev GmbH;1;4;3;2023-09-29;105738400.0;46500000.0;4;Erfurt;99099;;
NEAM;1;4;3;2026-06-09;104578524.0;20704520.0;0;Paderborn;33100;einkauf@neam.de;http://www.neam.de
MATRIX-SC;1;4;2;2023-03-13;81198400.0;27000000.0;3;Walldorf;69190;backoffice@matrix-sc.de;
FRASCH;1;4;3;2023-11-20;56561742.0;3094984.0;3;Erlangen;91058;raphael.frasch@frasch.de;
BWPOST-ZAK;1;4;4;2023-05-23;40532893.0;7487310.0;0;Balingen;72336;f.grund@bwpost-zak.de;
TELEPARK-PASSAU;1;4;4;2025-02-18;37675172.0;4623281.0;0;Passau;94036;contact@telepark-passau.dee;https://www.telepark-passau.de/
UHB-CONSULTING;1;4;3;2023-03-22;34972002.0;1928951.0;0;Sankt Wolfgang;84427;cf@uhb-consulting.de;
OSTALBMAIL;2;4;4;2023-05-23;34003400.0;7487310.0;0;Aalen;73430;info@ostalbmail.de;
TV1;1;4;3;2024-08-13;26881055.0;4522198.0;1;Unterföhring;85774;m.westphal@tv1.eu;
PRO VIDEO Handelsges. mbH Berlin;1;4;3;2023-08-21;26629979.0;4825776.0;0;Berlin;13509;;
EMPOLIS;2;4;4;2026-02-10;25738084.0;12869042.0;0;Kaiserslautern;67657;info@empolis.com;www.empolis.com
PRODYNA;1;4;3;2023-12-11;25695980.0;9273704.0;1;Neu-Isenburg;63263;info@prodyna.com;
Raycap GmbH;1;4;2;2022-03-28;23233538.0;1098998.0;0;Garching;85748;;
Giesecke+Devrient Mobile Security GmbH;1;4;3;2022-07-05;22703384.0;22703384.0;0;München;81677;birgit.blauschies@gi-de.com;
INTERONE;1;4;2;2024-06-28;22500000.0;11250000.0;0;Düsseldorf;40212;andreas.erkens@interone.de;
PROXIMITY;1;4;4;2022-05-17;20972700.0;2864520.0;0;Düsseldorf;40212;ulrich.maier@proximity.de;
ALERI;1;4;4;2025-03-26;20564000.0;3861600.0;5;Köln;50733;ausschreibungen@aleri.de;
R-S-GROUP;2;4;3;2026-01-02;18786768.0;9273704.0;0;Düsseldorf;40549;info@r-s-group.de;http://www.r-s-group.de
t.e.a.m. Unternehmensberatung GmbH;1;4;4;2024-10-21;16988240.0;256600.0;0;Eschborn;65760;andreas.sturm@team-ag.de;
NETCOMPANY;3;4;3;2026-04-24;16830000.0;16830000.0;1;LUXEMBOURG;1253;antonis.ramfos@intrasoft-intl.com;
LEONET;1;4;1;2022-11-04;16404048.0;3486575.0;0;Teisnach;94244;Josef.Bauer@teisnach.de;
ELEQTRON;2;4;1;2023-11-22;15215000.0;7607500.0;2;Siegen;57072;klaus.schoof@eleqtron.com;https://eleqtron.com/
Dr. Wiescher und Partner;2;4;4;2024-10-28;14901760.0;2534400.0;0;Aarbergen;65326;manuel.leonhardt@drwup.de;
Friedrich Karl Schroeder GmbH & Co. KG;1;4;3;2025-03-18;14557504.0;790314.0;0;Hamburg;22309;ingo.habermann@fks.de;
KEIL-BS;1;4;4;2025-12-19;14540376.0;4652000.0;0;München;80339;j.kreiler@keil-bs.com;
AMS Alpha Media Solutions GmbH;1;4;4;2024-07-04;13587967.0;355000.0;0;Hechingen;72379;office@ams-de.com;
VE-KASS;1;4;2;2024-12-16;12601930.0;5270000.0;0;Köln;51149;info@ve-kass.de;
PROMATIS;1;4;4;2025-06-11;11129320.0;3476440.0;0;Ettlingen;76275;info@promatis.de;
Q.ant GmbH;1;4;1;2025-10-21;10638999.0;3213000.0;0;Stuttgart;70565;info@qant.gmbh;https://qant.de
HEXATRONIC;1;4;3;2025-08-11;10399060.0;3118112.0;0;Bargteheide;22941;kundenservice@hexatronic.com;http://www.hexatronic.com
RMDATAGROUP;1;4;4;2026-02-26;10000000.0;10000000.0;0;Würselen;52146;rusche@rmdatagroup.com;https://www.rmdatagroup.com/
LUNDM;2;4;3;2025-11-07;9689917.0;601208.0;0;Rostock;18059;frank.ristow@lundm.de;http://www.lundm.de
SOFTED;3;4;4;2026-03-27;9572000.0;9572000.0;0;Dresden;01067;friedrich@softed.de;
vitagroup health intelligence GmbH;1;4;2;2023-12-01;9465000.0;1750000.0;0;Braunschweig;38114;;
LBW-OPTIMIZATION;1;4;4;2023-06-24;9334292.0;1725450.0;0;Berlin;12205;office@lbw-optimization.de;
VP-SYSTEME;1;4;3;2026-01-02;9108250.0;9108250.0;0;Bochum;44866;buero@vp-systeme.de;https://www.vp-systeme.de
EBERO-FAB;2;4;3;2026-06-16;8563239.0;4281619.0;0;Norderstedt;22844;info@ebero-fab.com;https://ebero-fab.com/
almato GmbH;1;4;3;2025-11-14;8288000.0;8288000.0;1;Stuttgart;70178;VL.ALM.Presales@datagroup.de;https://www.almato.com
VIRTUALCITYSYSTEMS;1;4;4;2023-01-11;8020657.0;1720000.0;1;Berlin;10789;lross@virtualcitysystems.de;
DRESEARCH;1;4;2;2023-05-30;7858815.0;3354415.0;1;Berlin;12681;peters@dresearch.de;
INTERSYSTEMS;1;4;3;2024-08-09;7652000.0;7652000.0;0;Darmstadt;64293;info@InterSystems.de;
PHI-CONSULTING;1;4;3;2026-03-27;7498470.0;7498470.0;0;Bochum;44801;phi-verwaltung@phi-consulting.de;
TRIOLOGY;1;4;3;2026-06-01;6975936.0;6975936.0;1;Braunschweig;38100;sales@triology.de;https://www.triology.de/
IGES;1;4;4;2024-08-12;6258111.0;2000000.0;0;Berlin;10117;iges@iges.com;
NETAACHEN;1;4;3;2025-11-20;6033877.0;618302.0;0;Aachen;52070;keyaccount@netaachen.com;
ITEC-AG;1;4;4;2026-04-20;6000000.0;3000000.0;0;Düsseldorf;40211;ausschreibungen@itec-ag.com;
IOK;2;4;4;2025-07-14;5978814.0;1989145.0;0;Verl;33415;e.steinhoff@iok.net;http://www.iok.net
NEXENIO;1;4;2;2024-07-16;5400000.0;5400000.0;0;Berlin;10117;tender@nexenio.com;
KOENIG;2;4;3;2026-02-26;5088400.0;5088400.0;0;Walldorf;69190;info@koenig.solutions;
MODIS;2;4;3;2022-07-05;4652000.0;4652000.0;0;Düsseldorf;40547;niklas.kohlenberg@modis.com;
MELUX;1;4;2;2022-03-29;4645068.0;329488.0;0;Meerbusch;40670;andreas.poetzsch@melux.de;
TECHTALK;1;4;2;2025-12-22;4065033.0;1747251.0;1;Wien;1220;ausschreibungen@techtalk.at;
SCDSOFT;1;4;3;2025-11-14;3809200.0;1904600.0;1;Karlsruhe;76131;u.temmer@scdsoft.de;https://www.scdsoft.de
ASTEC;1;4;4;2025-09-30;3481645.0;1740823.0;0;Berlin;10999;walter.weiss@astec.de;
COLOGNE-DATA;1;4;4;2024-09-04;3450000.0;300000.0;0;Köln;50999;info@cologne-data.de;
ID GmbH;1;4;3;2024-07-09;3437233.0;1568433.0;1;Berlin;10115;vertrieb@id-berlin.de;
POSTDIREKT;1;4;3;2025-07-15;3420000.0;1140000.0;0;Troisdorf;53844;info@postdirekt.de;
DIaLOGIKa Gesellschaft für angewandte Informatik mbH;1;4;4;2023-01-13;3415182.0;579292.0;0;Saarbrücken;66125;;
FOXITSOFTWARE;1;4;4;2026-04-10;3405001.0;3405001.0;0;Berlin;10785;s_stadler@foxitsoftware.com;https://www.foxit.com
ABAKUSITSOLUTIONS;3;4;4;2025-01-27;3359820.0;847350.0;0;Würselen;52146;sales@abakusitsolutions.eu;
DATACENTER-GROUP;2;4;3;2026-05-08;3296569.0;1057653.0;0;Wallmenroth;57584;ausschreibung@datacenter-group.com;
NTT Germany AG & Co KG;2;4;3;2026-06-25;3180371.0;3180371.0;0;Bad Homburg;61352;stefan.driller@global.ntt;http://global.ntt
ParTec Aktiengesellschaft;1;4;2;2024-12-09;3129118.0;401435.0;0;München;81679;schmitz@par-tec.com;
syslink software AG;2;4;3;2024-12-17;3089016.0;1544508.0;0;Basel;4052;tim.deckmann@avantra.com;
RIWA;1;4;3;2025-07-08;3054768.0;449937.0;0;Kempten;87435;info@riwa.de;
AXON;1;4;4;2023-11-27;3023250.0;1511625.0;0;Frankfurt;60386;tenders@axon.com;
HFP;1;4;3;2024-07-15;2880000.0;2880000.0;0;Hattersheim;65795;hfp@hfp.de;
ACS GmbH;1;4;3;2023-09-25;2831723.0;353000.0;0;Ottobrunn;85521;vertrieb@acsgroup.de;
HEIDELBERG-IT;1;4;2;2025-03-25;2800000.0;2800000.0;0;Heidelberg;69123;s.siehl@heidelberg-it.de;https://www.heidelberg-it.de
RIB IMS GmbH;3;4;2;2025-12-02;2798998.0;2798998.0;0;Dinslaken;46539;info@rib-ims.com;
FT-CONSULT;1;4;2;2022-07-08;2786340.0;214000.0;3;Ottobrunn;85521;andre.koehler@ft-consult.com;
COMPERI;1;4;3;2025-08-19;2750000.0;1375000.0;0;Karlsfeld;85757;vertrieb@copmeri.de;
Gesellschaft für innovative Personalwirtschaftssysteme mbH;1;4;3;2024-11-27;2750000.0;670000.0;0;Offenbach/Main;63067;gip@gipmbh.de;
COMSOL;1;4;2;2025-07-29;2680547.0;1000000.0;0;Göttingen;37073;info@comsol.de;www.comsol.de
UMLAUT;2;4;3;2023-03-13;2674680.0;1337340.0;0;Aachen;52070;vasco.steltenkamp@umlaut.com;
PKN;1;4;3;2022-12-22;2657317.0;528547.0;0;Berlin;10247;d.sturm@pkn.de;
G+S EDV-Zubehör Josef Nieder;1;4;4;2022-05-23;2594871.0;928378.0;0;Allershausen;85391;;
ATENEKOM;1;4;4;2023-02-20;2585044.0;774000.0;0;Berlin;10115;info@atenekom.eu;
Comline Aktiengesellschaft;1;4;3;2022-03-11;2540805.0;800000.0;0;Dortmund;442227;;
CONNECT-GMBH;1;4;2;2025-11-14;2504602.0;626150.0;0;Wuppertal;42119;kontakt@connect-gmbh.de;
Solid Officetechnik Service GmbH;1;4;4;2025-08-25;2500000.0;2500000.0;0;Leipzig;04177;sos@sos-buerotechnik.de;
ahd GmbH & Co. KG;1;4;3;2023-09-15;2417450.0;1208725.0;0;Ense;59469;;
INNOCON-SYSTEMS;1;4;2;2024-12-31;2400000.0;2400000.0;0;Tangermünde;39590;kontakt@innocon-systems.de;
Zech Sicherheitstechnik GmbH;1;4;4;2023-08-08;2314134.0;267000.0;0;Langenhagen;30853;ausschreibungen.langenhagen@zech-sicherheitstechnik.de;
TG-SERVICES;1;4;2;2025-11-14;2225836.0;1112918.0;0;Crailsheim;74564;kontakt@tg-services.de;http://www.blb.nrw.de
FMS - Computer GmbH;1;4;3;2022-09-30;2217401.0;592264.0;0;Aschaffenburg;63739;;
NDS Netzwerksysteme GmbH;1;4;4;2024-11-13;2197326.0;790799.0;0;Metzingen;72555;ausschreibung@nds-gmbh.de;
ALPHA-COM;1;4;4;2023-03-14;2192541.0;470239.0;0;Schwerte;28207;;
CITY-POST-SERVICE;2;4;3;2023-03-10;2184565.0;348586.0;0;Chemnitz;09128;anne.hampel@city-post-service.de;
SYBORG;2;4;3;2023-12-13;2179785.0;406418.0;0;Bexbach;66450;m.koenig@Syborg.de;
TECHNOLOGY-EXPERTS;1;4;3;2024-12-11;2110294.0;449888.0;0;Oldenburg;26135;info@technology-experts.de;
TKD Solutions GmbH;1;4;4;2026-01-29;2076093.0;804700.0;0;Langenfeld;40764;info@tkdeutschland.de;
DATAPORT;1;4;3;2026-06-11;2028040.0;1014020.0;1;Altenholz;24161;poststelle@dataport.de;
POOLARSERVER;1;4;4;2026-01-16;2022655.0;348840.0;0;Stuttgart;70191;office@poolarserver.com;
PICTURESAFE-MANAGEMENT;1;4;4;2022-03-17;2006534.0;169018.0;0;Hannover;30659;vertrieb@picturesafe-management.de;
EWETEL GmbH;1;4;4;2026-05-19;2000000.0;2000000.0;0;Oldenburg;26133;Dummy-eMail-eVergabe@fb.hamburg.de;
TPRONETH;2;4;2;2025-12-05;1983922.0;492090.0;0;Puchheim;82178;info@tproneth.de;
GIRO;2;4;2;2025-05-07;1971030.0;985515.0;0;Montréal (Québec);H2S 3L5;info@giro.ca;
KREUTZPOINTNER;1;4;3;2024-04-30;1913038.0;956519.0;0;Burghausen;84489;it.sales@kreutzpointner.de;
zeta software GmbH;1;4;3;2026-04-23;1900000.0;950000.0;0;Göppingen;73037;;
DANNER-VERPACKUNGEN;1;4;4;2026-04-27;1829172.0;386540.0;0;Nürnberg;90425;info@danner-verpackungen.de;
PROUNIX;3;4;3;2025-10-28;1786290.0;657000.0;0;Bonn;53175;ausschreibung@prounix.de;http://www.prounix.de
BV-COMOFFICE;1;4;3;2022-12-10;1767151.0;461803.0;0;Regensburg;93055;info@bv-comoffice.de;
Derbiebau Fachhandel für Bildungseinrichtungen;1;4;3;2022-09-30;1748954.0;397593.0;0;Berkheim;88450;;
ibR Ges. für Geoinformation mbH;1;4;2;2025-06-12;1732209.0;429184.0;0;Bonn;53177;info-ibR@vertigis.com;https://www.ibr-bonn.de
SCHENKER-TECH;1;4;2;2025-03-17;1726652.0;1726652.0;0;Leipzig;04356;office@schenker-tech.de;
COS GmbH;1;4;4;2026-04-10;1701658.0;601510.0;0;Oberkirch;77704;COS@COSonline.de;
GOPA;2;4;3;2025-04-28;1669236.0;431195.0;0;Bad Homburg;61348;info@gopa-group.org;
infomax websolutions GmbH;1;4;4;2025-06-19;1658114.0;415126.0;0;Grassau;83224;;
ZENNER;1;4;2;2022-04-28;1656375.0;192221.0;0;Saarbrücken;66121;;
SITEPARK;3;4;4;2023-10-18;1636880.0;818440.0;0;Münster;48143;info@sitepark.com;
abl solutions GmbH;1;4;2;2023-05-25;1597053.0;97745.0;0;Nürnberg;90411;;
SCHLOSSEREI-SCHWAN;1;4;4;2022-11-30;1584495.0;792248.0;0;Gladbeck;45966;info@schlosserei-schwan.de;
CJT;1;4;4;2025-06-23;1562747.0;92860.0;0;Karlsruhe;76187;info@cjt.de;
INNEREBNER;1;4;4;2022-10-17;1556115.0;778058.0;0;Stuttgart;70563;office@free-key.eu;
Ralf Ibe Datentechnik e.K.;1;4;4;2025-05-13;1531241.0;425276.0;0;Hamburg;22457;ri@backup24.com;
PROMOS-CONSULT;1;4;3;2026-05-15;1519452.0;1519452.0;0;Berlin;10179;vertrieb@promos-consult.de;
AV-FERSTL;2;4;4;2025-11-17;1509691.0;326359.0;0;Oberviechtach;92526;a.ferstl@av-ferstl.de;
OrgaKonzept GmbH EDV gestützte Organisationslösungen;1;4;4;2023-06-21;1508522.0;526762.0;3;Zwickau;04720;info@haus-der-edv.de;
Polytex Technologies GmbH;1;4;3;2024-12-04;1507272.0;318459.0;0;Bielefeld;33739;info@textilautomaten.com;
IMP Computersysteme AG;1;4;3;2023-05-24;1476931.0;738466.0;0;Berlin;12103;h.mueller@imp-ag.de;
M.O.S.S. Computer Grafik-Systeme GmbH;1;4;4;2024-06-18;1428770.0;390625.0;0;Taufkirchen;82024;info@moss.de;
NC-PLAN;1;4;3;2025-04-28;1423875.0;1423875.0;0;Berlin;10829;thorsten.sievers@nc-plan.de;
M.S.E. Microcomputer Systeme Equipment Gesellschaft mit beschränkter Haftung;1;4;4;2025-11-26;1417881.0;585635.0;0;Unna;59427;info@msegmbh.de;
Fox GmbH & Co.KG;1;4;2;2026-04-28;1410592.0;612000.0;0;Celle;29227;info@co-fox.de;
MATRIX42;1;4;4;2025-03-06;1409994.0;333512.0;0;Frankfurt am Main;60487;info@matrix42.com;
STUDIOPRESENT;2;4;4;2025-01-27;1386368.0;693184.0;0;Karlsruhe;76137;csilla@studiopresent.com;
ANYPLACE-IT;1;4;4;2025-12-16;1370005.0;685003.0;0;Wurmlingen;78573;info@anyplace-it.de;https://anyplace-it.de/
DPS;1;4;3;2026-02-09;1364104.0;556352.0;0;DE;70771;florian.kuehne@dps.de;
FLUXGUIDE;2;4;2;2022-07-05;1346991.0;343219.0;0;Wien;1070;office@fluxguide.com;https://www.fluxguide.com
CABS-CHEMNITZ;1;4;4;2025-09-01;1343056.0;671528.0;0;Chemnitz;09126;info@cabs-chemnitz.de;http://www.cabs-chemnitz.de
OMREX;1;4;3;2025-06-02;1339846.0;669923.0;1;Moers;47447;leni.renner@omrex.de;
GUROBI;1;4;3;2025-12-01;1320045.0;660023.0;0;Monheim am Rhein;40789;bieterportal-alt@deutschebahn.com;
Probiotec GmbH;1;4;4;2022-02-01;1308670.0;461270.0;0;Düren;52355;probiotec@weyer-gruppe.com;
LOGIBALL;1;4;4;2024-10-22;1286500.0;1286500.0;0;Herne;44629;info@logiball.de;
MEDIANETICS;1;4;3;2024-09-05;1280071.0;1280071.0;0;Weilerswist;53919;es@medianetics.de;
UNIT4;1;4;4;2025-01-20;1244724.0;1244724.0;0;München;80339;Jacqueline.Bayer@unit4.com;
MATEC-DRESDEN;2;4;3;2024-10-01;1230599.0;153373.0;0;Dresden;01067;matec@matec-dresden.de;
DICOS;2;4;3;2025-12-04;1176547.0;588274.0;0;Darmstadt;64289;info@dicos.de;
"""Systemhaus SAR GmbH""";1;4;4;2023-04-27;1156099.0;295080.0;0;Baesweiler;52499;;
VISUCOM;1;4;2;2023-02-21;1150417.0;575208.0;0;Walzbachtal;75045;n.scheidt@visucom.de;
Quality Systems International GmbH;1;4;3;2023-07-31;1136890.0;1136890.0;0;Rödermark;63322;info@qsi.de;
NVISO;1;4;3;2024-05-15;1105900.0;1105900.0;0;Frankfurt am Main;60313;bieterportal-alt@deutschebahn.com;
SIEMENS-ENERGY;3;4;3;2026-02-09;1092775.0;546388.0;0;Würzburg;97080;holger.reimers@siemens-energy.com;http://www.siemens-energy.com
Nord West Business Consult GmbH;1;4;4;2024-12-02;1080000.0;540000.0;0;Jever;26441;bdg@nwbc.de;
KODAKALARIS;1;4;3;2024-04-05;1060955.0;380000.0;0;Stuttgart;70329;sebastian.zeilinger@kodakalaris.com;
BRUNNER-GROUP;1;4;4;2025-10-09;1055042.0;527521.0;0;Rheinau;77866;mas@brunner-stuehle.de;http://www.brunner-group.com
ST-VITRINEN;1;4;3;2023-09-19;1051890.0;525945.0;0;Bielefeld;33729;info@st-vitrinen.de;
Lifestyle Webconsulting GmbH;1;4;2;2025-12-20;1024000.0;1024000.0;0;Aschaffenburg;63743;t.kalkowski@life-style.de;http://life-style.de
TECOWIN;1;4;3;2022-10-31;1018424.0;1018424.0;0;Magdeburg;39116;info@tecowin.de;
CATWORKX;2;4;4;2026-01-20;1000000.0;1000000.0;0;Hamburg;21079;sales@catworkx.com;
D-SYSTEMS;2;4;4;2024-11-19;971913.0;304770.0;0;Aschheim;85609;muenchen@d-systems.com;
HLkomm Telekommunikations GmbH;1;4;3;2026-06-15;955952.0;477976.0;0;Leipzig;04107;b2b-bidmanagement@business.pyur.com;
SCIDOC AG.;1;4;4;2026-01-01;955815.0;477908.0;1;Berlin;10963;info@ibykus.de;
LOGIC;1;4;3;2026-02-16;944217.0;472108.0;0;Bickenbach;64404;ausschreibung@logic.tv;https://logic.tv/
GIANTMONKEY;1;4;4;2023-03-27;943459.0;240947.0;0;Berlin;10115;;
KUNZE-RITTER;1;4;3;2025-10-31;938658.0;938658.0;0;Freiburg;79114;o.rombach@kunze-ritter.de;
INFOLYTICS;1;4;3;2023-12-18;915300.0;457650.0;0;Köln;50968;info@infolytics.com;
INFRAFORCE;1;4;4;2026-03-10;914046.0;336414.0;0;Marburg;35037;adg@infraforce.de;
SIX;2;4;4;2025-01-29;909145.0;454573.0;0;Stuttgart;70565;dirk.knaepper@six.de;
BIZCON;1;4;3;2023-03-10;897000.0;448500.0;0;München;80335;Peter.Hansel@bizcon.de;
REHAGMBH;1;4;4;2024-11-19;884000.0;884000.0;0;Saarbrücken;66111;ausschreibungen@rehagmbh.de;
L und M Büroinformationssysteme GmbH;1;4;4;2025-06-16;864642.0;282032.0;0;Flintbek;24220;info@lundm.de;
INITIONS;1;4;3;2024-09-24;843362.0;208999.0;0;Hamburg;22083;info@initions.com;
SASKIA;1;4;3;2025-10-08;833603.0;270000.0;0;Chemnitz;09224;info@saskia.de;
KOMRE;1;4;3;2022-11-08;832035.0;239200.0;0;Berlin;10119;thomas.leitert@komre.de;
OHB;2;4;1;2023-12-29;826851.0;826851.0;0;Bremen;28359;info@ohb.de;
Die2 Medientechnik GmbH;1;4;3;2022-01-20;823854.0;212860.0;0;Speikern;91233;;
GLAGLA;1;4;4;2023-03-02;820584.0;208144.0;0;Schwerin;19061;c.krause@glagla.de;
SAXESS-AG;1;4;3;2025-04-08;818059.0;264559.0;0;Leipzig;04107;daniel.huebner@saxess-ag.de;https://www.saxess-ag.de/
PLAZZ;1;4;3;2024-09-18;805927.0;402964.0;0;Erfurt;99084;info@plazz.ag;https://plazz.ag/kontakt/
AUTICON;3;4;4;2026-01-15;800000.0;800000.0;0;Berlin;10623;info@auticon.de;https://auticon.com/de/
mm-lab GmbH;1;4;3;2025-02-05;798970.0;399485.0;0;Kornwestheim;70806;evergabe@mmlab.de;
ONECONSULT;1;4;3;2026-01-26;793620.0;793620.0;3;München;80687;info@oneconsult.com;
GVS Gesellschaft für Verkehrsberatung und Systemplanung mbH;1;4;3;2024-05-13;775200.0;387600.0;0;Hannover;30159;bernhard.keppeler@gvs-hannover.de;
INFINITT Europe GmbH;1;4;3;2023-02-22;770530.0;385265.0;0;Frankfurt am Main;60489;;
Erich Schmidt Verlag;1;4;2;2025-12-15;769208.0;256403.0;0;Berlin;10785;m.jerzak@ESVmedien.de;
Unify Communications und Collaboration GmbH & Co. KG;1;4;3;2025-07-17;764337.0;764337.0;0;München;81739;legal@mitel.com;
STACKFIELD;1;4;4;2026-06-04;759350.0;379675.0;0;München;80333;info@stackfield.com;
INTERCARD;1;4;3;2023-08-30;750952.0;375476.0;0;Villingen-Schwenningen;78054;info@secanda.com;
COMNET-SOLUTIONS;1;4;3;2024-06-26;749496.0;374748.0;0;Hannover;30163;kontakt@comnet-solutions.de;https://www.comnet-solutions.de
linkFISH Consulting GmbH;1;4;3;2022-11-03;748480.0;110930.0;0;Hamburg;22761;;
EBSCO;1;4;3;2026-02-26;746144.0;373072.0;0;Berlin;12099;info-berlin@ebsco.com;http://www.ebsco.de
EPI-USE GmbH;2;4;4;2026-03-20;742940.0;742940.0;0;Hanau;63452;sales.frankfurt@epiuse.com;
Hyrican Informationssystem;1;4;4;2022-03-29;740509.0;323192.0;0;Kindelbrück;99638;;
IS4IT-KRITIS;1;4;4;2025-08-19;711339.0;711339.0;0;Obrigheim;74847;pmo@is4it-kritis.de;
OFFICE360;2;4;3;2023-09-20;704520.0;110820.0;0;Hannover;30167;t.sell@office360.de;
LILTEC;1;4;4;2023-10-30;699654.0;699654.0;0;Darmstadt;64293;lv@liltec.com;
ALIDA;2;4;4;2026-01-26;683752.0;236975.0;0;München;81677;zuzana.svabova@alida.com;https://www.alida.com
PROCOMP;1;4;3;2024-06-03;680193.0;297705.0;0;Marktredwitz;95615;info@procomp.de;
VAV-MEDIENTECHNIK;1;4;4;2025-08-23;674770.0;337385.0;0;Igling;86859;info@vav-medientechnik.de;http://www.vav-medientechnik.de
Flexera Software GmbH;1;4;4;2026-01-16;664636.0;664636.0;0;Hamburg;22765;;
Datenlotsen Informationssysteme GmbH;1;4;4;2025-08-26;661770.0;661770.0;0;Hamburg;20097;Dummy-eMail-eVergabe@fb.hamburg.de;
KAULQUAPPE;1;4;4;2026-02-04;656685.0;328343.0;0;Berlin;10179;info@kaulquappe.com;
PROJEKTIONISTEN;1;4;4;2024-05-28;631488.0;214500.0;0;Hannover;30167;info@projektionisten.de;
INOVOO;1;4;4;2025-10-14;626000.0;313000.0;0;Inning am Ammersee;82266;info@inovoo.com;http://www.inovoo.com
TCC-PRODUCTS;1;4;4;2024-07-23;623121.0;623121.0;1;Möglingen;71696;info@technidata-tcc.de;
Ambient Information Processing GmbH;2;4;4;2025-03-24;622459.0;311230.0;0;Wien;1160;vergabestelle@hzd.hessen.de;
CHOIN GmbH;1;4;3;2023-09-28;619624.0;164776.0;0;Weinheim;69469;;
Dirk Hallen Datensysteme e.K.;1;4;3;2026-06-09;613529.0;306764.0;0;Velbert;42553;DHallen@dhds.de;
RAYSEARCHLABS;2;4;4;2025-02-04;600000.0;600000.0;0;Berlin;10969;markus.wenke@raysearchlabs.com;
C.H.T. Heinemann GmbH;1;4;3;2023-08-11;552334.0;276167.0;0;Netphen;57250;a.schneider@cht-gmbh.de;
TKS GmbH & Co. KG (1);1;4;4;2023-08-10;551291.0;551291.0;0;Mönchengladbach;41238;info@tks-service.de;
BLUEEND;1;4;4;2025-11-12;540637.0;540637.0;0;Wiesbaden;65187;info@blueend.com;
Freicon GmbH & Co. KG;1;4;3;2022-12-13;533000.0;266500.0;0;Freiburg;79111;;
ONWAY;3;4;4;2026-01-05;496160.0;248080.0;0;Zürich;8004;info@onway.ch;www.onway.ch
LS-IT-MEDIA;1;4;4;2023-07-30;492354.0;246177.0;0;Leer;26789;info@ls-it-media.de;
EFKON;1;4;3;2022-05-24;459780.0;459780.0;0;Raaba;8074;office@efkon.com;
ANDERSENLAB;2;4;2;2026-03-31;458550.0;458550.0;0;Berlin;10629;n.redzkovich@andersenlab.com;
CONSOL;2;4;3;2026-06-09;454395.0;454395.0;0;München;81669;backoffice@consol.de;
DELPHI-IMM;3;4;3;2024-11-08;439480.0;439480.0;0;Potsdam;14467;rolf.lessing@delphi-imm.de;
SIMPLYTEST;1;4;2;2025-10-27;431616.0;215808.0;0;Nürnberg;90409;projekte@simplytest.de;http://simplytest.de
XDEV-SOFTWARE;1;4;2;2025-09-08;416872.0;1852.0;0;Weiden;92637;a.grasmueck@xdev-software.de;
ZIUZ;1;4;3;2023-12-22;414466.0;414466.0;0;Gorredijk;8401DK;c.mulder@ziuz.com;
NEXBIB;2;4;4;2026-05-04;403368.0;403368.0;1;Reutlingen;72764;Tenders-DE@nexbib.com;
OLYMPUS;1;4;4;2026-06-09;390762.0;390762.0;0;Hamburg;20097;ODE-ausschreibungen@Olympus.com;http://www.olympus.de
HOSCH-GA;2;4;3;2022-02-01;388529.0;83387.0;0;Nürnberg;14513;;
ASSECOR;1;4;4;2025-11-07;356000.0;356000.0;0;Berlin;10369;anfragen@assecor.de;https://www.assecor.de
HÜCO Leiterplatten GmbH;1;4;3;2023-12-15;355300.0;355300.0;0;Maisach-Gernlinden;82216;bieterportal-alt@deutschebahn.com;
ZAUBAR;1;4;2;2025-11-10;350000.0;350000.0;0;Berlin;10777;stefan@zaubar.com;
LVIDEUTSCHLAND;1;4;3;2024-05-20;343680.0;343680.0;0;Winsen;21423;info@lvideutschland.de;
DATA-PLAN;1;4;3;2024-12-02;338250.0;169125.0;0;Stuttgart;70597;Stephan.Rudolf@data-plan.de;
CERTITUDE;2;4;3;2025-09-30;330000.0;330000.0;2;Wien;1030;office@certitude.consulting;
NEWERKLA;1;4;3;2025-08-13;317736.0;317736.0;0;Aalen;73431;christian.mangold@newerkla.de;
SOLVENTUM;3;4;2;2025-02-24;309290.0;309290.0;0;Kamen;59174;akassner@solventum.com;
TITANOM;2;4;1;2026-05-26;301000.0;301000.0;0;Germering;82110;tender@titanom.com;https://titanom.com
MEDIASYSTEM;1;4;3;2025-12-11;299119.0;299119.0;0;Reinbek;21465;info@mediasystem.com;
HEAVENS-ABOVE;1;4;4;2025-02-19;298750.0;298750.0;0;München;81377;Chris.Peat@heavens-above.com;https://heavens-above.com/
CORNELSEN;1;4;3;2024-12-03;261682.0;261682.0;0;Berlin;14197;ausschreibungen@cornelsen.de;
DAK-Gesundheit;1;4;3;2026-01-29;257380.0;257380.0;0;Pilsen;301 00;transportation@skodagroup.com;
KIENBAUM;1;4;3;2025-11-14;247950.0;247950.0;0;Köln;51149;bidco@kienbaum.de;
SBE;1;4;3;2024-04-26;246893.0;246893.0;0;Bad Friedrichshall;74177;info@sbe.de;
INTECKG;1;4;4;2026-03-06;244314.0;244314.0;1;München;80807;gmatheis@inteckg.de;
INSIDE-PARTNER;1;4;3;2026-06-10;236190.0;118095.0;1;Legden;48739;f.roters@inside-partner.de;
Institutional Shareholder Services Germany AG;3;4;3;2026-03-03;232000.0;232000.0;1;München;80636;philipp.ruehle@iss-esg.com;
HORUS-NET;1;4;4;2022-05-20;231445.0;231445.0;0;Remagen;53424;c.faber@horus-net.de;
PERBILITY;1;4;3;2026-06-02;224398.0;224398.0;0;Bamberg;96050;christian.mueller@perbility.de;http://www.perbility.de
DVZ Datenverarbeitungszentrum Mecklenburg-Vorpommern GmbH;1;4;3;2025-02-11;222219.0;222219.0;0;Schwerin;19059;vertrieb@dvz-mv.de;
Mittelstadt St. Ingbert;1;4;2;2026-03-16;219000.0;219000.0;0;Wiesbaden;65203;infrastruktur-sued@telekom.de;
HUMANIT;1;4;4;2022-11-11;217313.0;217313.0;0;Bonn;53119;ab@humanit.de;
DOKUFORM;1;4;4;2026-01-30;210686.0;210686.0;0;Lübeck;23554;vertrieb@dokuform.de;
Ruhl Consulting AG;1;4;3;2026-06-08;205000.0;205000.0;0;Mannheim;68163;info@zeq.de;
DEEPL;1;4;3;2025-09-08;204161.0;204161.0;0;Köln;50825;info@deepl.com;https://www.deepl.com/de/
PIRACON;1;4;3;2025-01-31;176488.0;176488.0;0;Murr;71711;gadelhelm@piracon.de;https://www.piracon.de/
EZCON;1;4;3;2023-07-03;172368.0;172368.0;0;Aalen;73431;;
MTI;1;4;3;2026-02-09;147750.0;147750.0;0;Wiesbaden;65205;tbauerecker@mti.com;
JKDEFENCE;1;4;4;2025-01-29;133547.0;133547.0;0;Kempen;47906;wehrtechnik@jkdefence.de;
INSIDE-MM;1;4;2;2024-11-26;38817.0;38817.0;0;Kassel;34117;Dummy-eMail-eVergabe@fb.hamburg.de;
TAFMOBILE;1;4;3;2025-10-15;4000.0;4000.0;0;Jena;07743;einkauf@tafmobile.de;
Health Information Management GmbH;1;4;4;2026-06-26;1000.0;1000.0;1;Bad Homburg;61348;ausschreibungen@him-info.com;
INOVIS-MEDICAL;3;4;3;2026-06-08;1000.0;1000.0;0;Sachsenheim;74343;thum@inovis-medical.de;http://www.inovis-medical.de
HauptwegNebenwege GmbH;1;4;3;2022-01-10;100.0;100.0;0;Köln;50667;sh@hauptweg-nebenwege.de;
LEP;2;4;3;2024-12-20;100.0;100.0;2;St. Gallen;9000;info@lep.ch;https://www.lep.ch/de
DATATRAIN;1;4;4;2024-08-23;;;0;Berlin;10585;m.finley@datatrain.de;
C-OMS GmbH;1;4;3;2023-03-13;;;0;Ascheberg;59387;info@c-oms.de;
ISA;1;4;4;2025-05-12;;;0;Leinfelden-Echterdingen;70771;velioglu@isa.de;
S.I.T. Secure Internet Traffic GmbH;1;4;4;2023-11-06;;;0;Hannover;30559;zscheppank@companycrypt.com;
Verlag für Standesamtswesen Gesellschaft mit beschränkter Haftung;1;4;3;2024-04-16;;;0;Berlin;10629;vertrieb@vfst.de;
3M Deutschland GmbH;1;4;4;2025-06-20;;;1;Neuss;41453;spelzer@mmm.com;
SUSE;3;4;4;2024-10-11;;;0;Dublin;1;Jens.Scharnhorst@suse.com;
SOFTWAREALLIANZ;2;4;4;2026-05-11;;;1;Hamburg;20539;ausschreibungen@softwareallianz.de;https://softwareallianz.de
UNITEPLUS;1;4;4;2023-03-13;;;0;Köln;50968;nils.hubert@uniteplus.de;
RBI-RITTERSHOFER;2;4;2;2023-11-22;;;0;Rheinstetten;76287;info@rbi-rittershofer.de;
Ludwig Mack Produktions- und Vertriebs GmbH;1;4;4;2025-11-25;;;0;Bremen;28307;;
energy4u GmbH & Co. KG;1;4;4;2023-06-28;;;0;Karlsruhe;76131;manuela.murr@atos.net;
HEALTH-COMM;2;4;3;2024-12-30;;;0;Münster;48161;ausschreibungen@health-comm.de;http://www.health-comm.de
MACHTFIT;1;4;3;2026-01-12;;;0;Berlin;10178;info@machtfit.de;
UNIVERSUM;2;4;3;2025-06-25;;;0;Berlin;10117;info@universum.com;https://www.universum.com/
SKATEC;1;4;3;2024-08-06;;;0;Magdeburg;39124;info@skatec.biz;
Kalinowski Consulting GmbH;1;4;3;2025-03-10;;;4;Bad Soden;65812;info@ka-con.de;
Björnsen Beratende Ingenieure GmbH.;1;4;4;2023-09-06;;;0;Koblenz;;;
LEICA-GEOSYSTEMS;1;4;2;2023-04-04;;;0;München;80993;alexander.georg@leica-geosystems.com;
STAFFBASE;1;4;2;2025-03-14;;;0;Chemnitz;09111;hi@staffbase.com;
GUH-SYSTEMS;1;4;3;2024-08-13;;;0;Offenbach am Main;63067;vertrieb@guh-systems.de;
SAASCOM;1;4;4;2025-02-11;;;0;Darmstadt;64283;ausschreibung@saascom.de;
BSS Bohnenberg GmbH;1;4;2;2022-05-09;;;0;Solingen;42697;;
OPTIVATION;1;4;4;2024-04-30;;;1;Mainz;55122;simone.maeser@optivation.de;
PRIORITYID;1;4;2;2024-12-09;;;0;Dieburg;64807;info@priorityid.de;
GLUTH-BUERO;1;4;4;2024-05-14;;;0;Wismar;23966;info@gluth-buero.de;
SCOOP-SOFTWARE;1;4;2;2025-12-16;;;1;Köln;51107;christel.katzenberger@scoop-software.de;http://www.scoop-software.de
ORANGECYBERDEFENSE;3;4;3;2026-03-11;;;0;München;81245;sales@de.orangecyberdefense.com;https://www.orangecyberdefense.com
SCOLUTION;1;4;3;2024-11-29;;;0;Schwäbisch Hall;74523;muster@mustermann.de;
Wavestone Germany AG;4;4;3;2026-02-09;;;1;München;80802;Angela.Rupp@q-perior.com;
Domstift Brandenburg KdöR;1;4;3;2025-06-30;;;0;Neubrandenburg;17217;office@data-experts.de;http://www.cybertronixx.de/
QBEYOND;4;4;3;2026-03-16;;;2;Köln;50829;info@qbeyond.de;http://qbeyond.de
Thinking Objects GmbH;1;4;3;2022-11-07;;;0;Korntal-Münchingen;70825;vertriebsinnendienst@to.com;
Dataciders SD&C GmbH;1;4;1;2025-05-16;;;0;Berlin;10717;ausschreibungen@sd-c.de;
SAPITE;1;4;3;2023-11-10;;;0;Bubenheim;55270;info@sapite.de;
Dönges GmbH;1;4;3;2026-06-24;;;0;Wermelskirchen;42929;mak@doenges-rs.de;
TEL;1;4;3;2024-07-03;;;0;Hamburg;22765;marcel.kaiser@tel.io;
STRANGE-CONSULT;1;4;3;2023-11-23;;;0;Tutzing;82327;michael.rohde@strange-consult.de;
LOGPAY;1;4;3;2026-05-11;;;1;ESCHBORN;65760;ausschreibungen-mobility@logpay.de;
SAH-HAMBURG;1;4;4;2025-04-30;;;4;Hamburg;20095;christian.janssen@sah-hamburg.de;http://www.sah-hamburg.de
HEMMINGER;1;4;2;2025-01-02;;;0;Esslingen;73730;christoph.wintrup@hemminger.info;
PROMOTION-SOFTWARE;1;4;3;2025-07-31;;;0;Tübingen;72072;ralph.stock@promotion-software.de;
CAS Unternehmergesellschaft (haftungsbeschränkt);1;4;4;2026-03-25;;;0;Hamburg;22339;gheimgartner@acs-i.org;
E-PIXLER;1;4;3;2025-06-04;;;0;Berlin;12459;no@emailaddress.given;
HOFMANN-BS;1;4;3;2026-06-03;;;0;Jemgum;26844;kkrebs@hofmann-bs.de;
SRLABS;1;4;3;2025-02-24;;;3;Berlin;10245;nohl@srlabs.de;
EOS;2;4;3;2025-09-15;;;0;Krailling;82152;info@eos.info;https://eos.info/
SAPFIONEER;1;4;3;2026-03-30;;;1;Walldorf;69190;juri.tonollo@sapfioneer.com;http://www.sapfioneer.com
HSM;1;4;4;2025-02-03;;;0;Frickingen;88699;info@hsm.eu;
TTS Training GmbH;1;4;4;2025-08-22;;;0;Heidelberg;69115;uwe.kinkel@tt-s-partner.com;
BREDEX;3;4;2;2026-01-02;;;1;Braunschweig;38100;info@bredex.de;http://www.bredex.de
CLOUDANDHEAT;1;4;3;2025-10-31;;;0;Dresden;01099;tender@cloudandheat.com;
HSBN GmbH;1;4;3;2026-04-24;;;1;Braunschweig;38104;ausschreibung@hbsn-gruppe.de;http://hbsn-gruppe.de
RMK UG (haftungsbeschränkt);1;4;4;2026-04-27;;;0;Celle;29221;info-ausschreibungen@rmkconsult.de;
HENRICHSEN;1;4;3;2025-03-11;;;0;Straubing;94315;karl.eidenschink@henrichsen.de;
IMTRADEX;3;4;2;2026-04-15;;;0;Dreieich;63303;laura.stumpf@imtradex.de;
DIGITAS;1;4;3;2025-11-18;;;0;Hamburg;20099;info@digitas.de;
ASSURE;1;4;4;2023-03-13;;;0;Wehrheim;61273;va@assure.de;
PUBLICISSAPIENT;1;4;2;2024-12-09;;;1;München;80335;InfoWebsite@publicissapient.com;
EASY;2;4;4;2026-04-21;;;0;Essen;45127;robert.drouve@easy.de;
MEDLOG24;4;4;3;2024-07-23;;;0;Bochum;44809;T.Kruip@Medlog24.de;
ZOTT;2;4;4;2022-06-24;;;1;Murnau;82418;b2b@zott.net;
PROTEANETWORKS;1;4;4;2024-10-18;;;0;Unterhaching;82008;hannes.kuffner@proteanetworks.de;
Interregional Alliance for the Rhine-Alpine Corridor EGTC;1;4;2;2025-02-17;;;0;Dresden;03514640801;info@ivi.fraunhofer.de;
EPAM;1;4;4;2026-03-02;;;0;Frankfurt am Main;60308;info@epam.com;
COMCONSULT;1;4;2;2023-03-13;;;0;Aachen;52076;kundenservice@comconsult.com;
DYNATRACE;1;4;3;2023-04-21;;;0;München;81829;contact.germany@dynatrace.com;
Kreislaufwirtschaft Neckar-Odenwald – AöR (KWiN);1;4;2;2026-06-03;;;0;Tel Aviv;7402550;de-kpmgausschreibung@kpmg.com;
LEXISNEXIS;1;4;3;2024-03-22;;;0;Düsseldorf;40549;kontakt@lexisnexis.de;
SENNHEISER;1;4;4;2025-12-09;;;0;Wedemark;30900;inside_Sales_Support_DACH@sennheiser.com;https://www.sennheiser.com/de-de
TRICENTIS;3;4;4;2026-06-29;;;0;Vienna;1220;office@tricentis.com;
vitual7 GmbH;2;4;4;2025-05-12;;;0;Karlsruhe;76227;tenders@virtual7.de;
valantic NXT GmbH;2;4;1;2025-11-04;;;0;Stuttgart;70173;no@emailaddress.given;
Giesecke+Devrient Currency Technology GmbH;1;4;3;2025-10-30;;;0;München;81677;info@gi-de.com;
INTRASOFT International S.A.;1;3;3;2023-09-11;6080220000.0;227500000.0;26;Luxembourg;L-1253;;
SAFESPRING;1;3;1;2025-02-03;2005000000.0;840000000.0;0;Solna;169 68 Solna;info@safespring.com;https://www.safespring.com
SEWIKOM;1;3;2;2022-06-10;417587679.0;4988708.0;0;Beverungen;37688;info@sewikom.de;
E2NET;1;3;3;2022-04-20;259193330.0;36929555.0;0;Marienberg;09496;info@e2net.de;
SWN Stadtwerke Neumünster GmbH;1;3;3;2025-01-30;210528300.0;52976100.0;0;Neumünster;24534;swn@swn.net;
TET;1;3;1;2025-02-03;190000000.0;54000000.0;0;Riga;LV-1011;info@tet.lv;https://www.tet.lv
Bilbomatica S.A.;1;3;3;2023-10-04;189600000.0;1900000.0;24;Bilbao;48003;;
FFW Deutschland GmbH;1;3;3;2023-10-12;144720000.0;1030000.0;24;Berlin;10243;;
KONTRON;2;3;3;2024-09-18;127282128.0;63641064.0;0;Immenstaad;88090;Hans-Josef.schneider@kontron.com;
umlaut communications GmbH;1;3;2;2023-03-28;116133148.0;7134035.0;0;Aachen;52070;;
MITTELDEUTSCHE-IT;3;3;1;2025-10-16;88845355.0;44422677.0;0;Leipzig;04329;info@mitteldeutsche-it.de;https://www.mittdeutsche-it.de
Lenovo Global Technology Germany GmbH;1;3;3;2022-09-06;84705882.0;42352941.0;1;Stuttgart;70563;;
Gesellschaft für Angewandte Hydrologie und Kartographie mbH;1;3;3;2025-01-21;64849920.0;7356240.0;0;Freiburg;79100;erich.mattes@ahk-freiburg.de;
MYRASECURITY;1;3;2;2024-09-09;53306190.0;2195000.0;0;München;80687;rebecca.roche@myrasecurity.com;
Stadtwerke Schneverdingen-Neuenkirchen GmbH;1;3;3;2026-01-20;47831059.0;8331580.0;0;Schneverdingen;29640;info@heidjers-stadtwerke.de;www.heidjers-stadtwerke.de
CGI Deutschland B.V. & Co. KG;2;3;3;2024-01-05;45582700.0;22791350.0;0;Darmstadt;64293;beispiel@beispiel.de;
HTI Eisen-Rieg KG;1;3;2;2023-02-21;44394050.0;554162.0;0;Groß-Zimmern;64846;hti.grosszimmern@hti-handel.de;
RHAINBLICK;1;3;3;2024-02-23;42598720.0;7800320.0;0;Herxheim;76863;info@rhainblick.de;
CLC xinteg GmbH;1;3;3;2026-06-11;40180000.0;10800000.0;3;Bexbach;66450;;
DECON-NETWORK;1;3;3;2023-11-10;32681425.0;7356240.0;4;Rohrbach;76865;peter.feser@decon-network.de;
eHealth.Business GmbH;1;3;3;2023-12-01;29200000.0;14600000.0;2;Berlin;12489;;
Refinitiv Germany GmbH;1;3;2;2023-04-20;28318320.0;1170000.0;0;Frankfurt am Main;60327;;
Bechtle GmbH  Co. KG Systemhaus München;1;3;1;2022-03-24;24426117.0;7086512.0;0;Garching;;;
BRAIN-SCC;1;3;2;2024-01-22;23720000.0;1000000.0;1;Merseburg;06217;sekretariat@brain-scc.de;
Finanz Informatik GmbH & Co. KG;1;3;3;2026-05-29;22000000.0;22000000.0;0;Frankfurt a. M.;60486;fi-bieter@f-i.de;
Sal.A IT Services GmbH;1;3;3;2025-12-31;21941478.0;21941478.0;0;Berlin;10827;info@sal-a.de;
INTIVE;1;3;1;2023-11-07;18830000.0;9415000.0;0;Regensburg;93053;sebastian.ghanbari@intive.com;
edatasystems GmbH;1;3;3;2025-03-17;17013866.0;543590.0;0;Gelsenkirchen;45899;contact@edatasystems.de;
PR-DVSYSTEME;2;3;3;2022-08-29;14609008.0;14609008.0;0;Rostock;18069;info@pr-dvsysteme.de;
KALISCH;2;3;3;2024-07-19;14480208.0;2726470.0;0;Reutlingen;72770;einkauf@kalisch.com;
SPHEOS;1;3;2;2026-05-22;13397815.0;13397815.0;0;München;81543;info@spheos.com;
MYCONSULT;1;3;3;2024-07-02;12977666.0;12977666.0;0;Salzkotten;33154;vertrieb@myconsult.de;
HTI Cordes & Graefe KG;1;3;3;2023-01-04;12270538.0;1318904.0;0;Stuhr;28816;heino.hildebrand@hti-handel.de;
QUATTEC;1;3;3;2024-05-24;11856000.0;11856000.0;0;Wiesbaden;65203;ausschreibungen@quattec.de;
Landratsamt Mittelsachsen, Abteilung Interner Service, Referat Liegenschaften und Gebäude;2;3;2;2025-08-28;11563808.0;1437408.0;0;Freiberg;09599;Ausschreibungsmanagement@media-logistik.de;https://hzd.hessen.de
STIEGELER;1;3;2;2026-06-26;10802159.0;5401080.0;0;Schönau;79677;info@stiegeler.com;
CIVITALIS;2;3;3;2025-07-16;10765484.0;5382742.0;0;Berlin;14195;christoph.andersen@civitalis.eu;
coding.powerful.systems. CPS GmbH;1;3;2;2023-03-20;10106000.0;2928500.0;0;Berlin;13355;info@cps-it.de;
microCAT GmbH;1;3;2;2022-10-24;9344670.0;4672335.0;0;Martinsried;82152;;
Datavision GmbH;1;3;2;2023-02-06;8932012.0;1714522.0;0;Düsseldorf;40589;;
NWC-SERVICES;1;3;3;2022-02-14;8728361.0;1575000.0;1;Pforzheim;75179;Sebastian.Schmitt@nwc-services.de;
BusinessPilot GmbH;1;3;2;2024-04-10;8280000.0;8280000.0;0;Berlin;10997;fbasner@individee.com;
Mühlbauer ID Services GmbH;1;3;3;2024-07-23;7989589.0;3994795.0;0;Roding;93426;robert.aich@muehlbauer.de;
Wied GmbH & Co. KG;1;3;2;2022-10-10;7740289.0;1500000.0;0;Bühlerzell;74426;;
BBD Baden-Baden Development UG (haftungsbeschränkt);1;3;2;2022-03-11;7674249.0;1355635.0;0;Nordhackstedt;24980;m.fischer@bvs-sh.de;
FECHER;1;3;2;2025-07-04;7507936.0;3753968.0;1;Rödermark;63322;guenter.hofmann@fecher.eu;
DREGER IT GmbH;1;3;2;2025-09-19;7432663.0;3716331.0;0;Frankfurt;60314;peter.breiter@teccle-group.de;
Medialine Eurotrade AG;1;3;3;2022-03-18;7243001.0;3621500.0;0;Bad Sobernheim;55566;;
MEINTEST;2;3;3;2024-11-26;7214985.0;7214985.0;0;Bern;3011;sales@meinTest.software;
SNAPCONSULT;2;3;3;2026-04-23;7182600.0;7182600.0;0;Hallbergmoos;85399;office@snapconsult.de;http://www.snapconsult.de
DATAMART;1;3;3;2022-12-12;6975936.0;6975936.0;1;Neu-Isenburg;63263;a.lohse@datamart.de;
ESC;1;3;3;2022-06-07;6878374.0;634384.0;0;Halle;06108;vertrieb@esc.de;
KELLER-AACHEN;2;3;3;2026-05-07;6810422.0;701158.0;0;Aachen;52068;info@keller-aachen.de;http://www.keller-aachen.de
ASIOSO;1;3;3;2026-05-06;6700913.0;3350457.0;0;München;80935;nico.rehmann@asioso.com;
fleeture GmbH;1;3;3;2025-12-16;6620772.0;3310386.0;0;Bern;3018;markus.huebscher@telematix.ch;
SALFER;1;3;2;2022-05-23;6474233.0;1632593.0;0;Mühldorf am Inn;84453;hsalfer@salfer.de;
ACHTER-KARBON;1;3;3;2024-08-21;6336000.0;3168000.0;0;Brühl;50321;awachter@wachter-karbon.com;
ENZEL-ELEKTRONIK;1;3;2;2024-05-30;6133372.0;6133372.0;0;Pinneberg;25421;mail@wenzel-elektronik.de;
GEONETSOLUTION;1;3;3;2023-03-31;6024880.0;1476596.0;0;Leipzig;04299;info@geonetsolution.de;
System Vertrieb Alexander GmbH;1;3;2;2023-09-15;5983411.0;2000000.0;0;Wiesbaden;65205;;
ITQ;2;3;2;2026-04-24;5756850.0;2878425.0;0;Kempen;47906;grau@itq.eu;http://www.itq.eu
ADHOC Computer GmbH;1;3;2;2022-12-08;5735000.0;1180000.0;0;Aachen;52070;;
KYLSOFTWARE;1;3;2;2026-05-26;5662500.0;1492500.0;0;Bamberg;96052;info@kylsoftware.com;
drewello consulting gmbh;1;3;3;2023-03-24;5646390.0;1074390.0;0;Geretsried;82538;;
COSMONAUTSANDKINGS;1;3;2;2022-11-01;5521000.0;2760500.0;0;Berlin;10559;office@cosmonautsandkings.com;
CODESENSE;1;3;3;2023-05-31;5416920.0;5416920.0;0;Stuttgart;70619;info@codesense.de;
JUPITEC;1;3;2;2022-06-16;5279951.0;1204000.0;0;Darmstadt;64409;gf@jupitec.de;
COPYDATA;1;3;3;2024-07-15;5017700.0;1416971.0;0;Bad Hersfeld;36251;info@copydata.de;
NEOSAT;1;3;2;2025-10-27;4875000.0;2437500.0;0;Neubiberg;85579;contact@neosat.de;https://www.neosat.de/
AUSY Technologies Germany AG;1;3;3;2023-07-28;4854600.0;4854600.0;0;München;80639;;
INFAS;1;3;3;2024-04-29;4643630.0;4643630.0;0;Bonn;53113;ausschreibungen@infas.de;
INTREXX;2;3;3;2026-01-30;4467541.0;4467541.0;0;Freiburg;79106;thomas.friedrich@intrexx.com;
ERK21;1;3;3;2023-04-06;4390000.0;2195000.0;0;Berlin;10115;info@werk21.de;
SYNIOS;1;3;3;2025-07-22;4325592.0;4325592.0;0;Hamburg;20097;m.dutkiewicz@synios.de;http://www.synios.de
CONSOLUT;1;3;3;2024-07-25;4312800.0;2156400.0;1;Mannheim;68163;info@consolut.com;
POSCIMUR;1;3;3;2026-03-09;4295344.0;4295344.0;0;Schwabach;91126;stefan.opel@poscimur.de;
INNEO;1;3;3;2025-05-30;4248117.0;1815243.0;0;Ellwangen;73479;inneo@inneo.de;https://www.inneo.de/de/
Staples Nederland B.V.;1;3;1;2022-11-28;4247200.0;1408000.0;0;Almere;1329BH;;
CAMPTOCAMP;1;3;3;2025-05-30;4203713.0;2101857.0;0;München;81739;verkauf@camptocamp.de;
ANACISION;1;3;2;2026-03-23;4145250.0;2072625.0;0;Karlsruhe;76137;frank.oechsle@anacision.de;
BARAL-GEOHAUS;1;3;2;2024-12-20;4012360.0;4012360.0;0;Reutlingen;72760;info@baral-geohaus.de;
FME;1;3;3;2026-04-13;4000000.0;4000000.0;1;Braunschweig;38102;ausschreibung@fme.de;
Unify Communication and Collaboration GmbH & Co. KG;1;3;3;2025-12-11;3931177.0;700000.0;0;Hannover;30519;eckard.langer@mitel.com;
KONTEXT-E;1;3;3;2025-12-19;3861600.0;3861600.0;1;Dresden;01069;info@kontext-e.de;
B3 IT Systeme GmbH;1;3;3;2023-02-20;3833455.0;1916727.0;1;Dresden;01187;kontakt@b3-it.de;
PARAGON-CC;2;3;3;2022-04-12;3815198.0;1907599.0;0;Schwandorf;92421;sales@paragon-cc.de;
MSG Service UG (haftungsbeschränkt);1;3;3;2022-11-14;3786455.0;451252.0;0;Ismaning;85737;;
LMIS;2;3;3;2024-12-19;3750000.0;3750000.0;0;Osnabrück;49074;info@lmis.de;
IBM iX Berlin GmbH;1;3;2;2023-03-13;3690780.0;1845390.0;0;Berlin;10115;bwi.ausschreibungen@aperto.com;
ibR Ingenieurbüro Riemer Gesellschaft für Geoinformation mbH;1;3;3;2025-03-17;3467460.0;1733730.0;0;Bonn;53177;info-ibr@vertigis.com;
FLS GmbH;1;3;3;2022-04-25;3407817.0;1703909.0;0;Heikendorf;24226;;
Ergosign GmbH;1;3;2;2023-10-04;3302000.0;1651000.0;0;Saarbrücken;66113;;
Q-SOFT;1;3;3;2022-03-24;3300851.0;1650425.0;0;Erfurt;99087;q-soft@q-soft.de;
USU Solutions GmbH;1;3;2;2022-11-08;3264000.0;3264000.0;0;Leinfelden-Echterdingen;70771;;
DOKOM21;1;3;3;2024-10-29;3249855.0;217056.0;0;Dortmund;44269;info@dokom21.de;
Gossler Elektrounternehmen GmbH;1;3;2;2022-03-11;3240416.0;328361.0;0;Diespeck;91456;;
LINET-SERVICES;1;3;3;2025-07-23;3237454.0;543723.0;0;Braunschweig;38114;info@linet.de;
AZRI;1;3;3;2025-01-28;3215840.0;668160.0;1;Frankfurt am Main;60439;denis.roy@azri.de;
PRO-CLIENT;1;3;3;2023-03-14;3213631.0;1016976.0;0;Erlangen;91058;info@pro-client.de;
CONET-ISB;1;3;2;2024-10-08;3041000.0;3041000.0;0;Karlsruhe;76227;ausschreibungen@conet-isb.de;
SBS seebauer business solutions GmbH;1;3;1;2022-11-08;3037139.0;1278845.0;0;Weyarn;;vertrieb@sbsgmbh.com;
VD-MEDIA;1;3;3;2025-09-16;3000000.0;3000000.0;0;Isernhagen;30916;ausschreibung@vd-media.de;http://vd-media.de
PAVE;1;3;2;2024-12-19;2963950.0;2963950.0;0;Nürnberg;90427;info@pave.de;
COMBACK;1;3;3;2023-10-16;2885292.0;1442646.0;0;Obereichenbach;75394;info@comback.de;
NOTEBOOKKONTOR;2;3;3;2024-05-08;2870716.0;2870716.0;0;Aachen;52074;mail@notebookkontor.de;
EoK GmbH;1;3;3;2024-07-15;2806977.0;1403489.0;0;Stuttgart;70499;mail@indasys.de;
Microsoft;2;3;3;2026-01-23;2778745.0;500000.0;0;München;80807;;
V-BC.de Inh. Heiko Protze;1;3;3;2023-10-16;2757905.0;331466.0;0;Reinsdorf;08141;info@v-bc.de;
TIEKINETIX;1;3;3;2024-11-25;2719040.0;1359520.0;0;Grafrath;82284;christian.seidl@tiekinetix.com;
SECUSTAFF;1;3;1;2022-12-27;2688000.0;2688000.0;2;Lüneburg;21339;info@secustaff.com;
Customized Business Services GmbH (vormals: Canon Business Services GmbH);1;3;3;2023-10-17;2619806.0;471181.0;0;Willich;47877;bidsupport@cbs-group.de;
itgain Consulting Gesellschaft für IT Beratung mbH;1;3;3;2023-10-04;2616400.0;1308200.0;0;Hannover;30173;;
PLANOPUNKT;1;3;3;2023-03-20;2560346.0;916000.0;0;Ilmenau;98693;vertrieb@planopunkt.de;
Jochen Blöcher GmbH;1;3;3;2022-10-28;2544607.0;600000.0;0;Dillenburg;35685;;
CSNEOVIAS;1;3;2;2024-10-15;2474500.0;2474500.0;0;Passau;94032;banko.bantchev@csneovias.com;
DILAX;1;3;3;2024-08-20;2469058.0;2469058.0;0;Berlin;10559;tenders@dilax.com;
ASSECO-BERIT;1;3;2;2024-07-23;2438720.0;2438720.0;0;Mannheim;68219;info@asseco-berit.de;
FZI;1;3;2;2023-12-18;2397825.0;382325.0;0;Karlsruhe;76131;;
Breuer Nachrichtentechnik GmbH;1;3;3;2025-08-29;2355658.0;1177829.0;0;Bonn;53229;Dummy-eMail-eVergabe@fb.hamburg.de;
ITESYS;1;3;3;2025-08-27;2345436.0;2345436.0;0;München;80331;sales@itesys.ch;
WABCOWÜRTH Workshop Services GmbH;1;3;2;2024-11-29;2344800.0;720000.0;0;Künzelsau;74653;daniel.elle@wabcowuerth.com;
SCANFABRIK;1;3;3;2024-04-09;2318590.0;672770.0;0;Gütersloh;33415;mike.markovski@scanfabrik.de;
BORMANN;1;3;3;2025-07-21;2307501.0;286488.0;0;Neusäß;86356;vertrieb@bormann.de;
Global Information Distribution GmbH;1;3;2;2025-02-18;2305887.0;1152944.0;0;Köln;50679;info@gid-it.de;
QCENTRIS;1;3;3;2024-05-03;2304000.0;2304000.0;1;Görlitz;02826;sales.de@qcentris.com;
GREIMEL;1;3;3;2025-06-06;2272625.0;1136312.0;0;Dorfen;84405;info@greimel.net;
netlogix GmbH & Co. KG;1;3;2;2026-03-23;2223156.0;413623.0;0;Nürnberg;90411;;
VIVASECUR;2;3;2;2024-08-01;2151917.0;1075959.0;0;Frankfurt (Oder);15234;info@vivasecur.de;https://www.vivasecur.de/
IBH;1;3;3;2022-08-26;2135433.0;363533.0;0;Dresden;01189;;
MODOX;1;3;3;2025-08-25;2102070.0;424101.0;0;Achern;77855;hschalk@modox.net;
THEINFORMATIONLAB;3;3;3;2024-09-03;2097400.0;2097400.0;0;Hamburg;20355;info@theinformationlab.de;
ESKO-SYSTEMS;1;3;2;2025-11-21;2065631.0;1032816.0;0;Kötz;89359;patrick.hartmann@esko-systems.de;https://esko-systems.de
REESE-IT;1;3;3;2023-07-17;2022083.0;580127.0;0;Schwentinental;24222;melina.sell@reese-it.de;
EDVPARTNER;1;3;3;2025-04-14;2017489.0;692694.0;0;Hamburg;-22525;vertrieb@edvpartner.de;
BUO-SECURITY;1;3;3;2023-04-21;2001001.0;1000000.0;0;Metzingen;72555;markus.brodbeck@buo-security.de;
HHS Beteiligungsgesellschaft mbH;1;3;3;2024-03-08;2000000.0;2000000.0;0;Pliezhausen;72124;kontakt@datagroup.de;
Siemens Mobility GmbH SMO RI D 1 O;1;3;2;2023-04-20;1957994.0;449293.0;0;Berlin;12435;;
SCHREINER-DIDAKTIK;1;3;2;2022-07-08;1920753.0;541621.0;0;Remscheid;42857;;
plano solutions gmbh;2;3;3;2026-03-27;1886333.0;627948.0;0;Ilmenau;98693;plano.vertrieb@allegion.com;
SyncPilot GmbH;1;3;3;2022-09-14;1883005.0;941503.0;0;Puchheim;82718;;
HIT-SOLUTIONS;1;3;3;2022-10-05;1861620.0;930810.0;0;Aachen;52074;;
LANTANA;2;3;2;2025-09-18;1850454.0;925227.0;0;Ahrensburg;22926;okohmann@lantana.de;
B.I.N.S.S. - Datennetze und Software GmbH Erfurt;1;3;3;2024-09-18;1849601.0;924801.0;0;Erfurt;99092;info@binss.net;
the i-engineers GmbH;2;3;2;2025-11-03;1828233.0;914117.0;0;Münster;48155;info@tie.ch;https://www.tie.ch
ICA;1;3;2;2026-06-15;1824712.0;912356.0;0;Dortmund;44149;vertrieb.traffic@ica.de;
PLUSLINE;1;3;3;2024-01-10;1824151.0;600000.0;0;Frankfurt;60325;hzd@plusline.net;
SOLMERA;1;3;3;2024-09-10;1774964.0;887482.0;1;Nersingen;89278;petra.jung@solmera.de;
ELECT-IT;1;3;2;2023-09-26;1773200.0;1773200.0;0;Berlin;12099;info@elect-it.com;
SCIENITEC;1;3;2;2022-02-19;1768000.0;1768000.0;0;München;80999;info@scienitec.de;
PROSOFT-DRESDEN;1;3;3;2022-09-20;1761917.0;880959.0;0;Dresden;01069;philipp.rabe@prosoft-dresden.com;
BENEERING;1;3;2;2026-03-10;1752305.0;1752305.0;0;Hünxe;46569;info@beneering.com;https://www.beneering.com/
Anstalt für Kommunale Datenverarbeitung in Bayern (AKDB) A. ö. R.;1;3;3;2024-10-18;1699494.0;849747.0;0;München;80686;Ausschreibung@akdb.de;
Televic Rail GmbH;1;3;2;2025-12-29;1693720.0;1693720.0;0;Berlin;12247;bieterportal-alt@deutschebahn.com;
MANGOLD-INTERNATIONAL;1;3;2;2024-01-30;1688842.0;844421.0;0;Arnstorf;94424;sales@mangold-international.com;
INTEGRA-SH;1;3;3;2025-03-31;1660000.0;830000.0;0;Mülheim a.d. Ruhr;45479;j.serfort@integra-mc.de;http://www.integra-mc.de
FAIRTIQ AG;1;3;2;2023-08-11;1652400.0;826200.0;0;Bern;3011;;
AMEXUS;3;3;3;2026-06-10;1651396.0;825698.0;0;Ahaus;48683;info@amexus.com;http://www.amexus.com
concat AG – GS Hamburg;1;3;3;2023-09-15;1648928.0;824464.0;0;Hamburg;22761;;
PMCS GmbH & Co. KG;3;3;3;2026-06-24;1639797.0;819898.0;0;Idstein;65510;l.haertling@serviceware-se.com;https://serviceware-se.com/de/
BUSCHMANN;3;3;3;2024-04-26;1626926.0;462000.0;0;Münster;48147;isfort@buschmann.de;
Reval Austria GmbH;2;3;2;2025-04-14;1596880.0;798440.0;0;Graz;8020;office-graz@iongroup.com;
OBBO;1;3;3;2022-04-21;1596319.0;798160.0;0;Saarbrücken;66121;bestellung@obbo.de;
AWERONET-MEDICAL;1;3;3;2023-11-17;1576753.0;788377.0;0;Bad Oeynhasuen;32547;mail@aweronet-medical.de;
HAMCOS;1;3;3;2023-04-18;1570375.0;363458.0;0;Sigmaringen;72488;vertrieb@hamcos.de;
Speedy Transport Gesellschaft mit beschränkter Haftung;1;3;3;2025-05-19;1557000.0;519000.0;0;Kiel;24109;Dummy-eMail-eVergabe@fb.hamburg.de;
JOBROUTER;1;3;2;2024-01-29;1553741.0;776870.0;1;Mannheim;68219;marcus.nagel@jobrouter.com;https://www.jobrouter.com/
JUNGVORNWEG;1;3;3;2022-09-19;1541140.0;386877.0;0;Dresden;01309;info@jungvornweg.de;
VIAMO;1;3;2;2024-12-03;1540500.0;770250.0;1;Saskatoon, SK;S7N 3R2;nii.lante@viamo.io;
DB Vertrieb GmbH;1;3;2;2025-11-25;1500000.0;1500000.0;0;Frankfurt am Main;60486;sales.dbvertrieb@deutschebahn.com;
SST-ITSERVICES;1;3;3;2024-10-21;1493160.0;1493160.0;0;St. Ingbert;66386;info@sst-itservices.de;
Priority Dispatch Corp.;1;3;2;2022-03-16;1484921.0;524130.0;0;Salt Lake City;84111;;
DEZEM;1;3;3;2026-05-04;1472921.0;429300.0;0;Berlin;10627;ausschreibung@dezem.de;http://www.dezem.de
DIALOG-EDV;1;3;3;2022-05-17;1472161.0;453194.0;0;Hannover;30559;bjoern.rudolph@dialog-edv.de;
VOXTRONIC;1;3;3;2022-11-22;1469554.0;734777.0;1;Sulzbach/Taunus;65843;sascha.terek@voxtronic.com;
DOCTRA;1;3;3;2022-12-23;1460240.0;528400.0;1;Grasbrunn;85630;info@doctra.de;
TONWELT;1;3;2;2022-11-28;1459314.0;501268.0;0;Berlin;10623;info@tonwelt.com;https://www.tonwelt.com
KRUMPHOLZ;1;3;3;2024-07-10;1456818.0;728409.0;0;Braunschweig;38104;breitenfeld@krumpholz.de;
BKS-RABE;1;3;3;2025-04-03;1451854.0;537601.0;0;Chemnitz;09111;info@bks-rabe.de;
STAUSBERG-VOSDING;1;3;3;2024-07-08;1433000.0;716500.0;0;Aachen;52068;ausschreibung@stausberg-vosding.de;
FIT e.V.;1;3;3;2026-01-19;1406104.0;1406104.0;0;Haan;42781;Haan@fitgmbh.eu;
EPLAN;1;3;2;2025-05-26;1364953.0;682477.0;0;Gräfelfing;82166;info@eplan.de;
Datenlotsen Education Systems GmbH;1;3;2;2026-06-16;1363740.0;681870.0;0;Hamburg;20097;;
GID Global Information Distribution GmbH;1;3;2;2022-06-30;1351715.0;675858.0;0;Köln;50679;info@gid-it.de;
LEAN;1;3;3;2024-06-04;1349714.0;337429.0;0;Wuppertal;42285;info@lean.de;
INKLUSION-DIGITAL;2;3;2;2025-07-10;1344160.0;336000.0;0;Berlin;10997;friedo.scharf@inklusion-digital.de;https://www.inklusion-digital.de
IB-BURG;1;3;2;2024-11-08;1338750.0;397200.0;0;Eltville am Rhein;65343;mail@ib-burg.de;https://www.ib-burg.de/
AGIS Anwender-Geo-Informations-Systeme GmbH;1;3;3;2024-11-11;1333087.0;614000.0;0;Bad Homburg vor der Höhe;61352;info@geoas.de;https://www.geoas.de/
KKS Kölner Kommunikations Systeme GmbH;1;3;3;2024-09-27;1328126.0;664063.0;0;Köln;50827;info@koeln-ks.de;
E-INFRA;1;3;3;2025-07-22;1305740.0;652870.0;0;Dresden;01189;kai-uwe.helget@e-infra.com;
IPRO;1;3;2;2022-02-22;1302400.0;1302400.0;0;Frankfurt am Main;60486;sebastian.meyer@wipro.com;
PREMIER-EXPERTS;1;3;2;2024-10-22;1298220.0;1298220.0;0;Schwaig;90571;info@premier-experts.de;
OSCAR;1;3;3;2025-04-01;1296400.0;648200.0;0;Köln;50670;fritz.glatt@oscar.de;
GECKO Gesellschaft für Computer und Kommunikationssysteme m.b.H.;1;3;3;2023-11-02;1281050.0;551250.0;0;Rostock;;;
KONZEPTPARK;1;3;2;2024-11-04;1278160.0;1278160.0;0;Lahnau;35584;info@konzeptpark.de;
MEVIS;1;3;2;2023-03-17;1277972.0;354139.0;0;Stuttgart;70182;info@mevis.tv;
UNIWISE;1;3;3;2023-04-28;1259983.0;629992.0;0;Aarhus N;8200;leyla.doerflinger@uniwise.eu;
AWARE7;1;3;3;2026-06-02;1242800.0;621400.0;0;Gelsenkirchen;45886;ausschreibungen@aware7.de;
SST GmbH;1;3;1;2022-12-28;1238804.0;398152.0;0;Ganderkesee-Bookhorn;27777;sst-stefanstueve@ewetel.net;
ZF Friedrichshafen AG;1;3;3;2023-06-20;1238360.0;214343.0;0;Friedrichshafen;88046;;
Deutsche Telekom Business Solutions GmbH LK NWR Kommunal;2;3;3;2025-08-25;1237317.0;1237317.0;0;Bonn;53227;dirk.diestel@telekom.de;
RUBICON;3;3;2;2024-11-11;1189937.0;1189937.0;0;Wien;1010;ausschreibungen@rubicon.eu;
TROTECLASER;1;3;2;2023-06-29;1188582.0;491784.0;0;Ismaning;85737;;
PERAS;1;3;2;2026-06-19;1186120.0;593060.0;0;Karlsruhe;76227;mark.manthei@peras.de;
KROEPELIN-PROJEKTE;1;3;2;2025-01-08;1185632.0;182144.0;0;Berlin;12101;philipp@kroepelin-projekte.de;
OTTENBACHER;1;3;3;2024-07-29;1182814.0;1182814.0;0;Künzelsau;74653;info@ottenbacher.com;
cryptosolutions UG (haftungsbeschränkt;1;3;2;2023-07-25;1180818.0;402200.0;0;Essen;45133;;
SPEEDIKONFM;1;3;2;2024-06-26;1176800.0;588400.0;0;Bensheim;64625;information@speedikonfm.com;
ALPHATRONMEDICAL;1;3;2;2023-11-27;1173926.0;1173926.0;0;Everswinkel;48351;ausschreibungen@alphatronmedical.de;
Komm.ONE (ehemals ITEOS) Anstalt des öffentlichen Rechts;1;3;3;2024-01-09;1172570.0;407480.0;0;Stuttgart;;;
ENVINET;1;3;3;2025-06-17;1170200.0;450000.0;0;Haar;85540;johannes.grossmann@envinet.com;
DAKOSERV;1;3;3;2024-10-02;1167222.0;583611.0;0;Wiesbaden;65205;vertrieb@dakoserv.de;
TELECASH;1;3;3;2023-10-10;1166599.0;583299.0;0;Bad Vilbel;61118;Juergen.Krueger@telecash.de;
PERSONAGRATA;1;3;3;2025-06-06;1156000.0;221000.0;0;Neuhausen auf den Fildern;73765;info@personagrata.de;
DBH;1;3;3;2025-07-04;1146750.0;1146750.0;0;Bremen;28195;holger.huebner@dbh.de;
AKUSTIK+DECKENSYSTEME GmbH;1;3;3;2024-04-16;1146508.0;573254.0;0;Paderborn;33100;arne.stieler@hks-systeme.de;
VIABOXX;1;3;3;2025-03-20;1138489.0;85110.0;0;Königswinter;53639;info@viaboxx.de;
ERGOTRADING;1;3;3;2025-04-22;1133860.0;300117.0;0;Haselau;24589;mail@ergotrading.com;https://ergotrading.com
applied technologies GmbH;2;3;2;2024-12-09;1130000.0;565000.0;0;Essen;45145;info@apptech.de;
INWORKS;1;3;2;2026-02-26;1114749.0;557375.0;0;Ulm;89081;info@inworks.de;
Xerox Gesellschaft mit beschränkter Haftung;1;3;3;2023-12-13;1108770.0;554385.0;0;Neuss;41460;bieterportal-alt@deutschebahn.com;
PM Computer Services GmbH & Co. KG;1;3;2;2025-09-01;1107850.0;553925.0;0;Idstein;65510;;https://serviceware-se.com/de/impressum
eduXpert by compustore KG;1;3;2;2022-08-22;1083096.0;443438.0;0;Regensburg;93053;;
sysGen GmbH;2;3;2;2026-05-08;1074990.0;537495.0;0;Bremen;28327;;
Workplace Solutions GmbH;1;3;2;2024-12-27;1071452.0;446400.0;0;Hamburg;22085;ausschreibungen@wps.de;
INTERACTIVE-TOOLS;1;3;3;2025-09-08;1071320.0;1071320.0;0;Berlin;10119;vertrieb@interactive-tools.de;
BLUECHIP;1;3;1;2022-11-14;1066023.0;327731.0;0;Meuselwitz;04607;sleikauff@bluechip.de;
TELEMARK-ROSTOCK;1;3;3;2024-06-18;1060000.0;530000.0;0;Rostock;18147;karsten.hecht@telemark-rostock.de;
EasyCheck GmbH & Co. KG;1;3;3;2025-12-02;1054329.0;286178.0;0;Göppingen;73037;;
NOVACAPTA;1;3;2;2022-05-17;1014000.0;137000.0;0;Köln;50670;vertrieb@novacapta.de;
PROTOS-TEC;1;3;3;2026-02-02;1011600.0;1011600.0;0;Berlin;10117;info@protos-tec.de;http://protos-tec.de
NEOFONIE;1;3;3;2022-05-30;1002586.0;1002586.0;0;Berlin;10115;conrad.bakker@neofonie.de;
SECANDA;2;3;2;2026-01-14;1002041.0;501020.0;0;Dresden;01219;vertrieb@secanda.com;http://www.secanda.com
Heinrich-Heine-Universität, Zentraler Einkauf;1;3;2;2025-04-25;1001176.0;1001176.0;0;Düsseldorf;40547;georg.schweihofen@telekom.de;
NETATWORK;1;3;3;2023-03-28;992900.0;301200.0;0;Paderborn;33104;salesoffice@netatwork.de;
3M Medica Zweigniederlassung der 3M Deutschland GmbH;1;3;2;2023-08-28;991095.0;495548.0;0;Berlin;14059;;
PERSONIO;2;3;2;2025-04-04;977435.0;488717.0;0;München;80335;florian.schwarz@personio.de;
PAINTBUCKET;1;3;2;2025-06-20;977004.0;336134.0;0;Berlin;10367;info@paintbucket.de;http://paintbucket.de
ERGODATA;1;3;3;2022-11-14;974655.0;328633.0;0;Dresden;01465;info@ergodata.de;
INELO;3;3;3;2025-02-27;973621.0;486810.0;0;Bielsko-Biała;43-300;jharmening@inelo.pl;
MESTUS;1;3;2;2024-09-30;972808.0;356784.0;0;Kempen;47906;kontakt@mestus.de;
ABZ-REPORTING;1;3;3;2024-09-16;961973.0;480987.0;0;Darmstadt;64293;thomas.klement@abz-reporting.com;
X-IMPULS;1;3;1;2023-08-10;961963.0;480982.0;1;Frankfurt am Main;60322;info@x-impuls.de;
ARE Nr. 1 GmbH;1;3;3;2025-01-20;934034.0;467017.0;0;Gummersbach;51643;markus.kunze@rdm.com;
TELEMATRIK;1;3;2;2023-06-14;930530.0;930530.0;0;Lauterach;6923;linus.gebhardt@telematrik.com;
PRINTVISION;1;3;3;2026-06-15;928378.0;928378.0;0;Freising;85356;t.buchner@printvision.de;
INGSOFT;1;3;3;2024-08-19;927420.0;927420.0;0;Nürnberg;90403;vertrieb@ingsoft.de;
G.I.P. S.a r.l.;1;3;2;2025-03-18;887433.0;887433.0;0;Schuttrange;5365;info@g-i-p.tech;
JDA Systems e.K.;1;3;1;2022-11-21;871139.0;241390.0;0;Ihlow-Riepe;26632;sale@jda-tele.com;
ETK;1;3;3;2023-07-24;863660.0;431830.0;0;Aschheim;85609;info@etk.de;
GAHRENS + BATTERMANN GmbH & Co. KG;1;3;3;2025-05-09;860000.0;860000.0;0;Berlin;10589;;
TFA-IT-SERVICE;1;3;2;2022-01-25;827062.0;274575.0;0;Neubrandenburg;17033;info@tfa-it-service.de;
Elements of Art GmbH;1;3;3;2023-03-27;823483.0;411742.0;0;Mönchengladbach;41238;hello@eoa.de;
Serve-u Buchholz und Sünderhauf GbR;1;3;3;2023-10-09;787460.0;283000.0;0;Berlin;10589;;
MOOVIT;1;3;3;2025-12-01;782328.0;782328.0;0;Köln;51063;j.hardenacke@moovit.de;
PIXEL-SYSTEME;1;3;2;2022-01-25;765896.0;213409.0;0;Altentreptow;17087;info@pixel-systeme.de;
GABO;2;3;3;2022-09-30;760280.0;380140.0;0;München;81379;dialog@gabo.de;
DATAONE;1;3;2;2022-10-17;756560.0;378280.0;0;Saabrücken;66113;box@dataone.de;
MEDIENTECHNIK;1;3;2;2022-03-29;750417.0;172555.0;0;Günzburg;89312;holder@medientechnik.info;
Sciforma GmbH;1;3;3;2023-03-31;736150.0;368075.0;0;Taunusstein;65232;;
ORORATECH;3;3;1;2024-12-16;719873.0;359937.0;0;München;81669;info@ororatech.com;
SIDEBYSITE;1;3;2;2024-12-05;700000.0;700000.0;0;Köln;50735;no@emailaddress.given;
Bezirksamt Pankow von Berlin;1;3;2;2025-11-19;698760.0;698760.0;0;Nabburg;92507;info@pluxee.com;https://www.shd-online.de/
THINK-MODULAR;2;3;2;2023-11-03;698400.0;349200.0;0;Wien;1010;info@think-modular.com;
SOFTANDCLOUD;1;3;3;2026-03-24;696422.0;348211.0;0;Münster;48147;nf@softandcloud.com;
Softwarebüro Zauner GmbH & Co. KG;1;3;3;2022-04-28;691200.0;691200.0;0;Heusenstamm;63150;sylvie.sudhoff@zamik.de;
Moody's Analytics UK Limited;3;3;3;2026-01-02;690562.0;345281.0;0;Frankfurt am Main;60314;;https://www.moodys.com/
ERICSSON;1;3;3;2022-06-29;657794.0;328897.0;0;Düsseldorf;40549;S.Joest@ericsson.com;
RENSCH;1;3;2;2022-03-14;652000.0;652000.0;0;Gelsenkirchen;45892;;
Coextant Systems GmbH;1;3;3;2024-09-27;649802.0;324901.0;0;Künzell;36093;vertrieb@css.de;
BERLINLASTMILE;2;3;3;2025-03-31;641821.0;320911.0;0;Berli;12103;Sebastian.Kiesel@berlinlastmile.de;
m com GmbH;1;3;3;2025-08-15;637916.0;318958.0;0;Lübeck;23564;t.spiegel@m-com.de;http://www.m-com.de
EPI-USE Labs GmbH;1;3;3;2024-10-08;630160.0;630160.0;0;Walldorf;69190;salesoffice.walldorf@epiuse.com;
BTC GmbH;1;3;3;2024-11-13;630150.0;315075.0;0;Oldenburg;26121;timo.bureck@btc-ag.com;
AUDIUS;1;3;3;2023-10-06;628740.0;628740.0;0;Weinstadt;71384;Ausschreibung@audius.de;
DCONNECT;1;3;3;2024-04-02;625885.0;298542.0;0;Marktleuthen;95168;patrick.fritsch@dconnect.de;
BINDER-SYSTEMHAUS;1;3;3;2023-02-21;615379.0;307690.0;0;Balingen;72336;thomas.koch@binder-systemhaus.de;
AVT-STOYE;1;3;3;2026-04-27;612294.0;612294.0;0;Hanau;63456;info.hanau@avt-stoye.de;
ScannBI Technology Europe GmbH;1;3;3;2022-08-24;612000.0;306000.0;0;Lübeck;23552;scannbi_europe@evofinder.com;
OBS Büro-Centrum GmbH;1;3;1;2024-12-09;607755.0;303878.0;0;Plauen;08527;kontakt@obs-plauen.de;
IMITO;2;3;2;2025-10-21;606159.0;303080.0;0;Zurich;08047;tenders@imito.io;
GRÜN Software Group GmbH;2;3;2;2026-05-11;602130.0;602130.0;0;Aachen;52076;kontakt@gruen.net;https://www.gruen.net
BECKERBILLETT;2;3;2;2023-05-05;602087.0;199819.0;0;Hamburg;22547;angebote@beckerbillett.de;
SCOMPLER;1;3;3;2025-05-30;600000.0;600000.0;0;München;81541;consulting@scompler.com;
INFORMATICA;1;3;2;2025-12-15;600000.0;300000.0;0;Stuttgart;70499;de_reception@informatica.com;http://www.informatica.com
SECULUTION;1;3;2;2025-08-01;599328.0;599328.0;0;Werl;59457;info@seculution.com;
SOFTWARESCHNEIDEREI;1;3;3;2022-09-30;586000.0;293000.0;0;76131 Karlsruhe;76131;;
Becton Dickinson Rowa Germany GmbH;1;3;2;2022-11-18;581017.0;290508.0;1;Kelberg;53539;GMB-INTL-TenderManagement@bd.com;
SKAYLINK;2;3;1;2025-08-25;576600.0;576600.0;0;Hamburg;20457;lars.schnurbusch@skaylink.com;
14A IT Services GmbH;2;3;2;2025-02-11;576000.0;214000.0;0;Rosenheim;83022;roas.guenter@14a-it.de;
TRUMPF;3;3;2;2023-02-01;569442.0;284721.0;0;Ditzingen;71254;Laser.Deutschland@trumpf.com;
GENIOS;1;3;3;2025-11-18;562689.0;562689.0;0;München;81541;info@genios.de;http://gbi-genios.de
SINELL;2;3;3;2026-03-09;562161.0;281081.0;0;Monheim;40789;Thomas.Saigge@sinell.de;
SYSS;1;3;3;2025-02-24;550000.0;550000.0;1;Tübingen;72072;orders@syss.de;
NEUSTA-WEBSERVICES;1;3;3;2024-11-25;544040.0;544040.0;0;Köln;50668;j.scholtz@neusta.de;https://www.neusta-webservices.de/
PPAPPS;1;3;2;2024-12-05;540182.0;540182.0;0;Leipzig;04109;info@ppapps.de;
Deutsches Forschungszentrum für Künstliche Intelligenz GmbH;1;3;2;2026-02-17;538593.0;269296.0;0;Kaiserslautern;67663;fpo@dfki.de;http://www.dfki.de
Heinrich Hünicke GmbH & Co. KG;2;3;3;2026-03-31;538406.0;538406.0;0;Kiel;24105;info@buerokompetenz.de;
VERTEXANT;2;3;3;2025-12-19;533437.0;266718.0;0;Duisburg;47198;vertrieb@vertexant.de;
L und M Business IT;1;3;3;2025-05-05;533355.0;266678.0;0;Kiel;24159;info@lmbit.de;
Meier Copiersysteme;1;3;2;2022-11-29;530024.0;265012.0;0;Veitshöchheim;97209;;
Mader - Schuler Datentechnik GmbH;1;3;2;2022-05-31;528661.0;73017.0;0;Füth;90765;;
Südwestfalen-IT;2;3;3;2025-08-19;526096.0;526096.0;0;Hemer;58675;kundenmanagement@sit.nrw;
g.on experience gmbh;1;3;3;2025-08-08;520000.0;520000.0;0;Münster;48155;info@gon.de;https://www.gon.de
IT-SERVICE-SCHATZ;2;3;3;2026-06-25;518784.0;518784.0;0;Schkeuditz;04435;mario.schatz@it-service-schatz.de;
BRINOVA;1;3;3;2022-11-14;518550.0;518550.0;0;Oldenburg;26135;vertrieb@brinova.de;
URIOT;1;3;3;2025-02-04;515000.0;515000.0;0;Offenburg;77652;a.boersig@uriot.de;
SW-MEDIA;1;3;3;2026-03-16;514198.0;49325.0;0;Oberhausen;46117;a-s@sw-media.de;
The Quality Group Holding GmbH;1;3;2;2025-09-10;511950.0;511950.0;0;Böblingen;71034;info@tqg.de;http://tqg.de
EASY-SOFT;2;3;2;2025-05-21;505803.0;252902.0;0;Dresden;01307;info@easy-soft.de;https://www.easy-soft.de/
TOSHIBATEC-TGIS;2;3;3;2024-11-20;500277.0;500277.0;0;Magdeburg;39116;info@toshibatec-tgis.com;
COMMA-SOFT;1;3;3;2024-12-23;500000.0;500000.0;1;Bonn;53229;info@comma-soft.com;
ROCOCOM;1;3;2;2023-11-10;494644.0;171985.0;0;Porta Westfalica;32457;m.weidlich@rococom.de;
SIGMA-TBL;1;3;2;2024-12-13;490358.0;490358.0;0;Chemnitz,OT Röhrsdorf;09247;info@sigma-tbl.de;
COOR;1;3;3;2024-02-23;488280.0;244140.0;0;Höhenkirchen-Siegertsbrunn;85635;office@coor.info;
EUROSTOR;1;3;3;2025-11-17;486258.0;486258.0;0;Filderstadt;70794;sales@eurostor.com;
W.A.M. Frank Markowski;1;3;2;2022-10-25;485201.0;242600.0;0;Holle;31188;;
THAX;1;3;3;2025-04-04;478500.0;478500.0;0;Berlin;10711;ausschreibungen@thax.de;https://www.thax.de
THORSIS;1;3;2;2022-09-28;475050.0;209650.0;0;Magdeburg;39114;sales@thorsis.com;
CAP3;1;3;3;2024-11-18;472500.0;472500.0;0;Kiel;24114;info@cap3.de;
PTA GmbH;1;3;2;2022-10-17;469377.0;469377.0;0;Mannheim;68165;;
HR4YOU GmbH;1;3;3;2022-02-17;469136.0;234568.0;0;Ebermannstadt;91320;;
interface projects GmbH;1;3;3;2025-10-30;467200.0;233600.0;0;Dresden;01159;insidesales@intergator.de;
Titanom Solutions GmbH;3;3;2;2026-03-16;456957.0;155332.0;0;Germering;82110;;
PROGNOS;1;3;3;2025-08-19;452800.0;226400.0;0;Berlin;10623;ausschreibungen@prognos.com;
IBAK;1;3;3;2025-10-10;450250.0;225125.0;0;Kiel;24148;info@ibak.de;http://ibak.de
SQL Projekt AG;1;3;2;2022-09-29;450000.0;450000.0;0;Dresden;01069;ausschreibung@sql-ag.de;
SQLXPERT;1;3;3;2022-08-15;450000.0;450000.0;0;Berlin;10179;jeanette.buechner@sqlxpert.de;
Ubique Innovation AG;2;3;3;2025-10-17;450000.0;450000.0;0;Zürich;8001;;
DRIVELOCK;1;3;3;2025-08-26;449160.0;449160.0;0;München;81241;peter.siegmann@Drivelock.com;
SYRACOM;1;3;1;2022-12-22;447325.0;223663.0;1;Wiesbaden;65205;philip.tauschek@syracom.de;
BEROLINA;1;3;2;2024-09-13;443095.0;443095.0;0;Zossen;15806;s.heyl@berolina.de;
VIADEE;1;3;3;2026-06-29;439660.0;439660.0;0;Münster;48147;ausschreibungen@viadee.de;
Grüninger GmbH;1;3;3;2024-06-27;435177.0;435177.0;0;Dortmnund;44135;hj.asche@grueninger.com;
ACCSO GmbH;1;3;3;2022-02-23;429000.0;214500.0;0;Darmstadt;64295;;
MAINTAINET;1;3;3;2025-10-28;424400.0;424400.0;0;Gelnhausen;63571;office@maintainet.de;
CALL-DATA;1;3;3;2026-02-11;423656.0;173111.0;0;Niederalteich;94557;f.blahetek@call-data.de;https://www.call-data.de
MOODYS;3;3;2;2026-05-12;420000.0;420000.0;0;LONDON;E14 5FA;clientservices@moodys.com;
AON;1;3;2;2022-04-11;413900.0;413900.0;0;Hamburg;20457;;
SER eGovernment Europe GmbH;1;3;3;2023-08-31;406002.0;406002.0;0;Bonn;53227;;
OPTADATA-GRUPPE;2;3;2;2025-08-08;403895.0;403895.0;0;Essen;45141;i.feldhaus@optadata-gruppe.de;
Dr. Lippke und Dr. Wagner GmbH;1;3;3;2023-03-15;403361.0;403361.0;0;Berlin;;;
NECO-GMBH;1;3;2;2024-11-06;398470.0;398470.0;0;Bochum;44787;info@neco-gmbh.de;https://www.neco-gmbh.de
CALPLUS;1;3;3;2025-09-11;395163.0;395163.0;0;Berlin;14052;office@calplus.de;http://www.calplus.de
Walter Nagel;1;3;3;2023-11-14;393950.0;196975.0;0;Bielefeld;33729;t.haak@walternagel.de;
BPC (Best Price Company Handels) GmbH;1;3;2;2026-06-12;390790.0;195395.0;0;Münster;48155;;
SOFTEXPRESS;1;3;2;2024-05-28;390587.0;195293.0;0;Greimerath;54533;nschermann@softexpress.de;
VIVAVIS;2;3;2;2026-04-14;380000.0;380000.0;0;Ettlingen;76275;info@vivavis.de;https://www.vivavis.com
BUIT-SERVICES;1;3;2;2025-10-14;376879.0;376879.0;0;Berlin;10719;marketing@buit-services.com;
TANTZKY;1;3;3;2025-05-23;376296.0;188148.0;0;Karlsruhe;76149;ute.gernandt@tantzky.de;
JUSTRELATE;2;3;3;2026-06-19;374640.0;374640.0;0;Berlin;12277;stefan.fischer@justrelate.com;
Innoloft GmbH;1;3;3;2026-03-10;372600.0;186300.0;0;Aachen;52070;s.pietsch@innoloft.com;
SoftwareONE AG;1;3;3;2022-10-28;363312.0;363312.0;0;Leipzig;;;
SVA Vertrieb Alexander GmbH;1;3;3;2023-03-29;357143.0;357143.0;1;Wiesbaden;65205;;
Dubrau GmbH NL Dresden;1;3;3;2022-05-13;357125.0;178563.0;0;Dresden;01159;;
BFD;1;3;3;2024-10-07;352998.0;352998.0;0;Bexbach;66450;torsten.bruenig@bfd.de;
LEIFOS;1;3;2;2025-12-12;351456.0;351456.0;0;Köln;50668;toedt@leifos.com;
Eislebener Tele-Funk GmbH;2;3;3;2025-12-18;345241.0;345241.0;0;Lutherstadt Eisleben;06295;;
NEXT Consulting-Informations- und Kommunikationsmanagement GmbH;1;3;3;2022-11-22;345000.0;345000.0;0;Föhren;54343;;
ATLASSIAN;1;3;2;2026-04-09;338970.0;338970.0;0;Sydney;NSW 2000;eudatarep@atlassian.com;
FRONTIFY;2;3;2;2023-11-21;327600.0;327600.0;0;St. Gallen;9000;sabrina.matthaei@frontify.com;
SCIONICS;1;3;3;2025-04-02;327000.0;327000.0;0;Dresden;01309;info@scionics.de;
DEVAGENCY;1;3;2;2025-12-16;317540.0;317540.0;0;Roth;91154;gustav.kratochvil@devagency.de;https://r23.technology/
KOST Software GmbH;1;3;3;2022-07-15;301048.0;301048.0;0;Graz;8020;;
BROCKHAUS;1;3;2;2025-11-28;299978.0;299978.0;0;München;80331;schule@brockhaus.de;
THERMOFISHER;2;3;3;2026-03-06;296846.0;148423.0;0;Dreieich;63303;tender.dreieich@thermofisher.com;http://www.thermofisher.com
DANTRONIK;1;3;3;2025-12-23;280572.0;280572.0;0;Flensburg;24944;tenders@dantronik.de;
SECOPTENA;1;3;2;2024-12-10;277200.0;277200.0;0;Starnberg;82319;info@secoptena.com;https://secoptena.com
CONVERNEO;1;3;3;2023-03-23;277098.0;277098.0;0;Leipzig;04109;f.baars@converneo.de;
AMBER;2;3;2;2025-11-28;275050.0;275050.0;0;Oberhaching;82041;kitzler@amber.eu;
dreistrom.land AG;2;3;3;2025-09-26;267472.0;267472.0;0;Jena;07745;tender@dreistrom.land;
MESSENGER;1;3;3;2026-05-22;255981.0;255981.0;0;Berlin;10777;ausschreibungen@messenger.de;http://www.messenger.de
HMPARTNER;2;3;3;2025-03-31;254750.0;254750.0;0;Düsseldorf;40233;infopool@hmpartner.de;http://hmpartner.de
NETRESEARCH;1;3;2;2024-10-23;252100.0;252100.0;0;Leipzig;04229;consulting@netresearch.de;
IPM Ingenieurbüro Peter Müller OHG;1;3;3;2024-06-28;252000.0;252000.0;0;Annaberg-Buchholz;09456;mueller@ipm-gis.de;
52NORTH;2;3;2;2025-08-25;250000.0;250000.0;0;Münster;48155;jirka@52north.org;
ARTEMEON;1;3;3;2026-03-12;250000.0;250000.0;0;Ratingen;40882;ulrich.bongartz@artemeon.de;https://artemeon.de/
B&W IT und Consulting GmbH;1;3;2;2023-09-18;249700.0;249700.0;0;Darmstadt;64291;info@bundw.de;
DIAL-GMBH;1;3;2;2025-01-27;248689.0;248689.0;0;Eichenzell;36124;ausschreibung@dial-gmbh.de;
LUNATEC;1;3;3;2026-05-15;245294.0;245294.0;0;Frankfurt am Main;60325;jannik.sauber@lunatec.de;
Geo++ GmbH;1;3;2;2022-08-05;240115.0;240115.0;0;Garbsen;30827;sales@geopp.de;
TAXI-RUF ROSTOCK e.K.;1;3;3;2024-06-10;238854.0;238854.0;0;Rostock;18146;a-t-w@t-online.de;
Mercateo Deutschland AG;1;3;1;2024-09-30;233178.0;233178.0;0;Leipzig;04103;Heike.Kleine@unite.eu;
CISS;2;3;2;2024-09-20;233069.0;233069.0;0;Sinzig;53489;vertrieb@ciss.de;
ADP;1;3;2;2023-04-06;227547.0;227547.0;0;Bremen;28359;adp@de.adp.com;
NEW-COMMUNICATION;1;3;3;2022-11-08;227326.0;227326.0;0;Kiel;24103;;
SITICOM;1;3;3;2024-11-14;221000.0;221000.0;0;Köln;50829;oliver.preissler@siticom.de;
FACELIFT-BBT;2;3;3;2024-02-06;221000.0;221000.0;0;Hamburg;20354;business@facelift-bbt.com;
DRVIS;1;3;3;2026-01-27;218880.0;109440.0;0;Garching;85748;peter.vogl@drvis.de;https://www.drvis.de
GESIM;1;3;3;2024-11-04;217200.0;217200.0;0;Radeberg;01454;fiehn@gesim.de;
OPASCA;1;3;2;2023-12-05;215001.0;215001.0;0;Mannheim;68167;contact@opasca.com;
PERBIT;1;3;3;2022-11-09;215000.0;215000.0;0;Altenberge;48341;hkellermeyer@perbit.de;
GIP S.a.r.L.;1;3;2;2024-02-13;215000.0;215000.0;0;Munsbach;L-5365;georg.kramb@g-i-p.tech;
TENFOLD-SECURITY;1;3;3;2025-01-27;215000.0;215000.0;0;Wien;1070;helmut.semmelmayer@tenfold-security.com;
TERAVOLT;1;3;3;2024-03-05;214000.0;214000.0;0;Hamburg;20357;o.koch@teravolt.tv;
ARREBA Consulting GmbH;1;3;1;2023-08-14;214000.0;214000.0;1;Germering;;;
INFOTECH-GMBH;2;3;2;2022-02-09;213227.0;106613.0;0;Görlitz;02826;info@infotech-gmbh.de;
BASIS Computer- & Systemintegration GmbH;1;3;3;2023-08-31;210058.0;105029.0;0;Wismar;23966;;
VIDEOPROJECTS-ASS;1;3;2;2025-04-24;210000.0;210000.0;0;Hamburg;22113;Dummy-eMail-eVergabe@fb.hamburg.de;www.videoprojects-ass.de
AMPEG GmbH;1;3;3;2024-12-10;209000.0;209000.0;0;Bremen;28195;Dummy-eMail-eVergabe@fb.hamburg.de;
CORNING;1;3;3;2023-08-10;209000.0;209000.0;0;Berlin;10117;dddistemea@corning.com;
SYNOPSYS;1;3;2;2025-07-02;208320.0;208320.0;0;Aschheim;85609;kschmitt@synopsys.com;
COMPUTERZENTRUM;1;3;2;2026-01-26;205890.0;205890.0;0;Strausberg;15344;vergabe@computerzentrum.de;http://computerzentrum.de
ATVANTAGE;1;3;2;2026-02-10;205711.0;205711.0;0;Köln;50670;info@atvantage.com;
KESSLERSOLUTIONS;1;3;3;2023-04-14;200000.0;200000.0;0;Leipzig;04105;kerdmann@kesslersolutions.de;
DYNATECH;1;3;3;2023-07-14;199326.0;199326.0;0;Rückersdorf;07580;antje.kuhlmann@dynatech.de;
XALTBC;1;3;2;2025-12-19;198409.0;198409.0;0;München;81673;info@xalt.de;
MEDIENTECHNIK-KEUK;1;3;2;2023-09-15;195365.0;97683.0;0;Swisttal;53913;info@medientechnik-keuk.de;
ERBE-IT;1;3;2;2023-07-26;195233.0;195233.0;0;Runkel;65594;aerbe@erbe-it.de;
XITING;1;3;3;2025-11-18;193793.0;193793.0;0;Schluchsee;79859;info@xiting.com;http://www.xiting.com
QUINTRA;1;3;3;2025-08-29;183000.0;183000.0;0;Berlin;12489;ausschreibung@quintra.de;
BiGe VTUS GmbH/VTP GmbH;1;3;2;2026-06-12;180113.0;180113.0;0;Mainz;55116;Schudu@gmx.de;http://haai.at
APIA;1;3;2;2024-12-06;165371.0;165371.0;0;Thermalbad Wiesenbad OT Schönfeld;09488;vergabe@apia.de;
BAREMOS;2;3;2;2024-02-09;162680.0;162680.0;0;Berlin;10407;kontakt@baremos.de;
GINGCO;1;3;2;2023-06-16;161556.0;161556.0;0;Braunschweig;38104;info-systems@gingco.net;
WMS UG (haftungsbeschränkt);1;3;2;2023-07-18;160848.0;160848.0;0;Neuss;41472;c.raudenkolb@webmad.de;
AKRYL;2;3;2;2025-02-21;141440.0;141440.0;0;Hamburg;20253;luc@akryl.net;
GLOBALLOGIC;1;3;2;2022-12-02;137360.0;137360.0;0;Berlin;10245;atlassian-business@globallogic.com;
Sim – Storck interaktive medien;1;3;3;2023-07-19;119780.0;119780.0;0;Borken;46325;;
ASSONO;1;3;1;2024-11-18;117282.0;117282.0;0;Schwentinental;24223;kwarthun@assono.de;
EASYSOFT;1;3;3;2024-05-07;116869.0;116869.0;0;Metzingen;72555;vertrieb@easysoft.de;
SECOVA;1;3;3;2024-05-13;112000.0;56000.0;0;Rheine;48431;info@secova.de;
SWABIANINSTRUMENTS;1;3;1;2026-06-01;110707.0;33319.0;0;Stuttgart;70435;joseph@swabianinstruments.com;https://www.swabianinstruments.com/
ENTERVO-ACCESS;2;3;3;2025-12-09;102806.0;102806.0;0;Willich;47877;info@entervo-access.de;http://entervo-access.de
BRANDUNG;1;3;3;2022-08-26;100000.0;100000.0;0;Köln;50823;info@brandung.de;
IBS Schreiber GmbH;1;3;3;2025-12-16;98101.0;98101.0;0;Hamburg;20359;;
COMRAMO;2;3;2;2026-05-29;76917.0;38458.0;0;Hannover;30173;;
MICADO AUTOMATION GmbH;1;3;2;2025-07-21;69363.0;69363.0;0;Lienz;9900;office@46nord.at;
MARIADB;1;3;3;2023-06-26;56500.0;56500.0;0;Espoo;02150;hana.huetter@mariadb.com;
Karl Gröner GmbH;1;3;2;2023-01-24;44545.0;22273.0;0;Ulm-Söflingen;89081;daniel.strehle@groener.de;
KELLNER;1;3;2;2026-05-26;37212.0;37212.0;0;Korntal-Münchingen;70825;kundenanfrage@kellner.de;
DATAWIN GmbH;2;3;2;2026-04-09;35864.0;35864.0;0;Ergolding;84030;info@inotec.eu;
Applied Security GmbH;1;3;3;2023-01-27;34500.0;34500.0;0;Großwallstadt;63868;;
SBRS;1;3;2;2025-03-07;31000.0;31000.0;0;Neuhausen;8212;info.ch@trapezegroup.com;
SOSAFE;2;3;3;2024-02-23;25254.0;25254.0;0;Köln;50825;nils.veltrup@sosafe.de;
S-IT-SYSTEME;1;3;3;2024-05-10;23967.0;23967.0;0;Vohburg;85088;ausschreibungen@ws-it-systeme.de;
LAMBERT-ILSFELD;1;3;2;2023-05-09;23945.0;23945.0;0;Ilsfeld;74360;tassone@lambert-ilsfeld.de;
OPENCAMPUS;2;3;3;2025-05-23;16125.0;16125.0;0;München;81829;info@opencampus.net;
MAKE-STUDIO;1;3;3;2026-01-19;7800.0;3900.0;0;Hamburg;20357;hello@make.studio;http://make.studio/de/
MOYSIES;2;3;2;2026-04-15;2240.0;2240.0;0;Hamburg;20459;ausschreibung@moysies.de;
AV-ZENTRUM;1;3;3;2025-12-22;2002.0;2002.0;0;Bielefeld;33619;info@av-zentrum.de;
ITSOLUTIONS24;1;3;2;2025-11-04;2000.0;1000.0;0;Rosbach v. d. H.;61191;info@itsolutions24.de;
ADVISORI;1;3;3;2024-07-01;1463.0;1463.0;0;Frankfurt am Main;60329;vergabe@advisori.de;
AGOR-AG;1;3;1;2024-02-26;1104.0;1104.0;0;Frankfurt am Main;60329;abrueckner@agor-ag.com;
Stichting IEA Secretariaat Nederland;2;3;3;2025-10-30;1001.0;1001.0;0;Amsterdam;1016EE;contracts@iea-hamburg.de;
PARIS UG (haftungsbeschränkt);1;3;3;2025-07-10;1001.0;1001.0;0;Kaarst;41564;info@datango.com;
BAXTER;1;3;2;2023-10-04;100.0;100.0;1;Unterschleißheim;85716;operatives_pricing_de@baxter.com;
GEVA-GROUP;1;3;3;2025-06-24;;;0;Aachen;52076;Vertrieb@geva-group.com;
EST Engineering Systems Technologies GmbH & Co. KG;1;3;2;2024-02-05;;;0;Kaiserslautern;67605;sales@est-kl.com;
QUISTOR;1;3;1;2025-02-03;;;0;Bergen op Zoom;4611 TD;info@quistor.com;https://www.quistor.com
Bayerisches Rotes Kreuz, Körperschaft des öffentlichen Rechts;1;3;2;2024-10-02;;;0;Dublin;D01 YC43;zv.i.3@unibw.de;
TAGUERI;1;3;2;2026-04-09;;;0;Hamburg;20359;info@tagueri.com;
UPLINK-NETWORK;1;3;3;2025-03-14;;;0;Düsseldorf;40549;ausschreibungen@uplink-network.de;
ROOS-IT;1;3;3;2023-03-13;;;0;Aachen;52070;info@roos-it.de;
Gesellschaft für digitale Bilbung mbH;1;3;3;2023-08-11;;;0;Hamburg;22763;ausschreibung@gfdb.de;
ITARICON;2;3;3;2026-05-27;;;0;Dresden;01069;martin.muehlbach@itaricon.de;
TWENTY20;3;3;2;2025-12-15;;;0;Langenfeld;40764;projects@twenty20.de;
SPACEDATISTS;1;3;3;2023-03-28;;;0;Dortmund;44227;kopec@spacedatists.de;
mobivention GmbH;1;3;3;2023-08-11;;;1;Köln;50668;;
AUREX;1;3;3;2026-01-09;;;0;Frankfurt am Main;60314;bk@aurex.de;
SW-PARTNER;3;3;2;2026-04-27;;;0;Kaiserslautern;67657;mdommes@wsw-partner.de;
TDE;2;3;1;2024-06-26;;;0;Bippen/Ohrte;49626;info@tde.de;
FWU;1;3;2;2025-11-28;;;0;Grünwald;82031;info@fwu.de;
GLOBALCONNECT;1;3;2;2025-04-23;;;0;Hamburg;20537;Dummy-eMail-eVergabe@fb.hamburg.de;
Visart GmbH;2;3;3;2023-03-06;;;1;Bielefeld;33615;;
CODEMATIX;1;3;2;2024-04-05;;;0;Jena;97745;cbusch@codematix.de;
CP-INSTITUTE;1;3;3;2024-10-24;;;0;Bochum;44799;mail@cp-institute.de;
THEPROJECTGROUP;1;3;2;2023-03-13;;;0;München;80796;info@theprojectgroup.com;
Harald Friedrich EDV-Organisations-Beratung;1;3;3;2024-10-08;;;0;Stuttgart;70569;h.b.friedrich@mail.de;
HBSN Consulting GmbH;1;3;2;2023-08-11;;;0;Hornburg;38315;;
ESN;1;3;2;2026-05-19;;;0;Schwentinental;24223;vertrieb@esn.de;
INTEGRATEDSERVICES;1;3;3;2023-03-13;;;0;Köln;50858;rachid.amalhaf@integratedservices.de;
ILLACH;1;3;3;2024-05-27;;;1;Ruppichteroth;53809;info@willach.com;
SCALEHUB;1;3;2;2025-12-19;;;0;Norderstedt;22846;contact@scalehub.com;
KURIER-SERVICE;1;3;2;2023-09-01;;;0;Hofheim/ Wallau;65719;mike.votava@kurier-service.com;
KENOXA;1;3;3;2025-08-27;;;0;Berlin;10437;info@kenoxa.de;
ATLAS-ELEKTRONIK;1;3;3;2026-02-13;;;0;Bremen;28309;julia.schoenfelder@atlas-elektronik.com;
Power Plus Communications AG;1;3;2;2026-01-26;;;0;Mannheim;68167;sales@ppc-ag.de;http://www.ppc-ag.de
Health Vision GmbH;1;3;1;2022-12-20;;;0;Heidelberg;69123;;
Allgeier Public SE;2;3;2;2026-02-26;;;0;München;80807;;
REGIOMED;2;3;3;2025-02-26;;;0;Hannover;30559;info@Regiomed.org;
MEDIALINE;3;3;2;2026-01-08;;;0;Stuttgart;70499;customercare.sec@medialine.com;http://medialine.com
EXORBYTE;1;3;3;2025-02-26;;;0;Konstanz;78467;thilo.torkler@exorbyte.com;
MetaComp GmbH Computer + Netzwerke;1;3;3;2026-05-22;;;0;Stuttgart;70565;team@ariston.de;
LIVINGDATA;1;3;3;2025-01-27;;;0;München;80339;info@livingdata.de;
Levi, Ray & Shoup Inc.;2;3;3;2026-03-24;;;0;Hallbergmoos;85399;DE_Support@lrs.com;
INGENTIVE;1;3;3;2024-04-16;;;0;Düsseldorf;40599;michael.breuer@ingentive.net;
STADLER-SCHAAF;1;3;2;2025-11-26;;;0;Offenbach;76877;nadine.steigelmann@stadler-schaaf.de;
Hochfrequenz Unternehmensberatung GmbH;1;3;3;2022-12-19;;;0;Grünwald;82031;;
GREYBEE;1;3;2;2024-12-17;;;0;Frankfurt am Main;60311;anfrage@greybee.de;
MicroStor AG;1;3;2;2025-11-21;;;5;Rüsselsheim;65428;info@ip-systems.de;
COSMOBLONDE;1;3;2;2024-03-10;;;0;Berlin;10997;info@cosmoblonde.de;
TESAT;1;3;3;2024-12-16;;;0;Backnang;71522;stefan.seel@tesat.de;
GO ON IT;1;3;2;2023-07-14;;;0;Essen (Oldenburg);49632;info@goon-it.de;
GEMAKOM;1;3;3;2022-09-14;;;0;Ketsch;68775;info@gemakom.de;
STINGEL-CONSULTING;1;3;2;2024-07-29;;;1;Stuttgart;70174;ab@stingel-consulting.de;
HLAUDIO;1;3;3;2024-03-26;;;0;Berlin;10967;info@hlaudio.de;
TIFFINGER-THIEL;1;3;3;2023-04-03;;;0;Landshut;84036;info@tiffinger-thiel.de;
FIS-ASP Application Service Providing und IT-Outsourcing GmbH;1;3;3;2025-03-06;;;0;Grafenrheinfeld;97506;asp_vertrieb@fis-asp.de;
SNP Deutschland GmbH;2;3;3;2025-12-23;;;0;Heidelberg;69115;no@emailaddress.given;
BIWTO GmbH;1;3;2;2026-01-05;;;0;Bremen;28217;hans.schmill@abat.de;http://www.abat.de
Greenfiber Netzprojekt GmbH;1;3;1;2023-06-13;;;3;Lüneburg;21335;;
IOP Publishing Limited;2;3;3;2025-07-08;;;0;Bristol;BS2 0GR;;
CRETIS;1;3;2;2024-12-09;;;0;Löhne;32584;info@cretis.de;
NETCOLOGNE-ITS;2;3;3;2025-09-22;;;0;Köln;50829;vertrieb@netcologne-its.de;https://www.netcologne-its.de/
INFAS360;1;3;2;2025-11-11;;;0;Bonn;53113;;
SPINNER-GMBH;1;3;3;2023-01-25;;;0;München;;;
IT Service Omikron GmbH;1;3;3;2025-08-26;;;0;Berlin;10829;drooff@itso-berlin.de;
FORTIS-IT;1;3;3;2026-02-26;;;0;Hamburg;22335;ordermail@fortis-it.de;
mgm security partners GmbH;1;3;2;2026-03-27;;;0;München;80807;pmo@mgm-sp.com;
PROJODIS;1;3;1;2024-08-28;;;0;Butzbach;35510;mail@projodis.com;https://www.projodis.net/
IfV - Ingenieurbüro für Verkehrstechnik - Müller & Lange GmbH;1;3;2;2024-11-29;;;0;Frankfurt (Oder);15236;info@ifv-ffo.de;
CraftingIT GmbH;1;3;2;2026-03-16;;;0;Magdeburg;39104;sourcing@crafting-it.de;
SECODIS;1;3;3;2024-09-11;;;0;Hamburg;22765;info@secodis.com;
GENIUS-TMC;1;3;2;2024-02-09;;;0;Raisting;82399;ulrich.matern@genius-tmc.com;
ONE Business & Technology GmbH;1;3;3;2023-05-10;;;0;Frankfurt;6035;vertrieb@one-bt.de;
BMG Production Music Germany GmbH;2;3;2;2025-11-13;;;0;Berlin;10117;;
ENTERPRISE-IMAGING;1;3;1;2024-12-11;;;0;Freiburg;79111;r.pickelmann@enterprise-imaging.de;https://enterprise-imaging.de/
Frankfurt Economics GmbH;1;3;3;2025-02-03;;;0;Langen;63225;kai.forst@frankfurt-economics.com;
INFRASIS;1;3;1;2024-12-06;;;0;Hoppegarten;15366;stefanie.foerster@infrasis.de;
COLIBO;3;3;1;2024-12-23;;;0;Aarhus C;80000;cb@colibo.com;
CONTACT-SOFTWARE;1;3;2;2025-11-10;;;0;Bremen;28359;info@contact-software.com;
EPOSTBOX;2;3;2;2025-05-12;;;0;Berlin;14057;stephan.wagner@epostbox.de;
CSS-CONNECT;1;3;2;2025-09-05;;;0;Künzelsau;74653;ausschreibungen@css-connect.de;
DOUBLESLASH;1;3;2;2025-11-14;;;1;Friedrichshafen;88046;sales@doubleslash.de;http://www.doubleSlash.de
Aqua-Institut GmbH;1;3;2;2022-09-05;;;0;Göttingen;37441;;
SIMUSERV;1;3;3;2025-11-05;;;0;Würzburg;97076;demming-janssen@simuserv.de;
coding. powerful. systems. CPS GmbH;2;3;2;2025-10-28;;;0;Berlin;13355;info@cps-it.de;https://www.cps-it.de/
United Parcel Service Deutschland S.à r.l. & Co.OHG;1;3;3;2024-10-24;;;0;Neuss;41460;philipkrause@ups.com;
NETOPTIC;1;3;2;2025-08-13;;;0;Fichtenau;74579;post@netoptic.de;
PLENUM;1;3;3;2022-07-08;;;0;Frankfurt;60549;volker.elders@plenum.de;
ADITO;1;3;3;2023-08-07;;;0;Geisenhausen;84144;info@adito.de;
EVIA;1;3;2;2025-11-14;;;0;Stuttgart;70565;jan.lindenmair@evia.de;http://www.evia.de
EXTRACOMPUTER;1;3;1;2024-09-03;;;0;Giengen-Sachsenhausen;89537;info@extracomputer.de;
GRULER-CLEVE;2;3;2;2025-08-14;;;0;Flintbek;24220;holger.cleve@gruler-cleve.de;
KODEKONZEPT;1;3;3;2023-07-11;;;0;Herrsching;82211;sc@kodekonzept.de;
evia solutions GmbH;1;3;2;2022-05-31;;;0;Leonberg;71229;;
Chronicle Security Ireland Limited;1;3;2;2023-08-01;;;0;Dublin;4;;
LEADCONSULT;2;3;2;2026-02-09;;;0;Plovdiv;4000;office@leadconsult.eu;
INFOLOGISTIX;1;3;2;2024-04-22;;;0;Garching;85748;info@infologistix.de;
EY Strategy & Transactions GmbH;3;3;3;2026-05-18;;;0;Stuttgart;70629;koeln@unity.de;
TRICISE;2;3;2;2026-04-10;;;0;Neu-Isenburg;63263;frank.kunzelmann@capture.eu;https://tricise.com/de/
SPIRIT-TESTING;1;3;2;2025-07-21;;;0;München;81379;juergen.volles@spirit-testing.com;
DATENNA;2;3;2;2024-09-03;;;0;Eindhoven;5611GD;accounting@datenna.com;http://datenna.com
BISSANTZ;1;3;2;2025-04-01;;;0;Nürnberg;90409;julia.michel@bissantz.de;
HYDRON-GMBH;2;3;3;2023-03-17;;;0;Karlsruhe;76131;;
INIT-SOFTWARE;1;3;2;2026-02-26;;;0;Stuttgart;70178;Alexander.Weinschenk@init-software.de;
FORRS;2;3;2;2026-02-09;;;0;München;80335;mailbox@forrs.de;
K2 Projektpartner GmbH;1;3;3;2023-06-02;;;0;Eltville am Rhein;65343;;
Adobe Systems Software Ireland Ltd.;1;3;3;2022-05-31;;;0;Dublin 24;00;;
APM-Software GmbH;1;3;2;2025-09-29;;;0;Hamburg;22587;christel.diers@apmsoft.de;
PRADTKE;1;3;3;2025-01-02;;;0;Bochum;44805;vertrieb@pradtke.de;
HITACHIVANTARA;2;3;2;2024-11-04;;;0;Dreieich;63303;herbert.thome@hitachivantara.com;
Hörn Software und Beratung;1;3;3;2024-10-08;;;0;Kürnbach;75057;axel.hoern@online.de;
DI-UNIT;2;3;2;2024-06-27;;;0;Bielefeld;33609;vergabe@di-unit.de;
PROSEGUR;1;3;3;2025-10-10;;;0;Ratingen;40882;;
STASHCAT;1;3;3;2025-09-29;;;0;Hannover;30175;hello@stashcat.com;
VOIGTMANN;2;3;2;2022-08-08;;;0;Nürnberg;90491;peter.voigtmann@voigtmann.de;
TRONTEQ;3;3;2;2023-12-19;;;0;Reutlingen;72768;info@tronteq.com;
MTRIX;1;3;3;2026-05-23;;;0;Lüneburg;21337;info@mtrix.de;
SIMPLETHINGS;1;3;3;2026-02-17;;;0;Bonn;53111;info@simplethings.de;
CC e-gov GmbH;1;3;3;2023-06-14;;;0;Hamburg;21079;office@cc-egov.de;
QualityMinds GmbH;1;3;3;2024-09-04;;;0;Nürnberg;90429;;
DEVNET;1;3;2;2023-12-04;;;0;Grünwald;82031;Distribution-AccountKfW@devnet.de;
GS Elektromedizinische Geräte G. Stemple GmbH;1;3;2;2025-02-18;;;0;Kaufering;86916;no@emailaddress.given;
Freie und Hansestadt Hamburg - Senatskanzlei;1;3;1;2025-12-08;;;0;Hamburg;20095;bidmanagement@deutsche-giganetz.de;https://deutsche-giganetz.de
CCVOSSEL;1;3;2;2024-11-25;;;0;Berlin;10435;vertrieb@ccvossel.de;
SAMAS;1;3;3;2024-03-11;;;0;Paderborn;33100;info@samas.de;
HITABIS;1;3;3;2024-10-01;;;0;Berlin;10243;michael.hagedorn@hitabis.de;
ARCHIBUS;1;3;3;2024-12-10;;;0;Saarbrücken;66113;info@archibus.de;
DSE GmbH & Co. KG;1;3;3;2025-02-03;;;0;Düren;52353;Birgit.Eschweiler@dse-deutschland.de;
IBO;1;3;3;2025-04-08;;;0;Wettenberg;35435;tamara.bernecker@ibo.de;
BAYOO;1;3;3;2022-10-26;;;0;Darmstadt;64293;christian.tilly@bayoo.net;
Verlag für Standesamtwesen Gesellschaft mit beschränkter Haftung;1;3;2;2024-01-09;;;0;Frankfurt am Main;60314;info@vfst.de;
DOCYET;1;3;3;2024-08-05;;;0;Leipzig;04307;info@docyet.com;
DPA;1;3;2;2024-07-25;;;0;Hamburg;20148;hagge.tina@dpa.com;
GICON;1;3;3;2025-09-29;;;1;Dresden;01219;info@gicon.de;
NEXUS Enterprise Imaging GmbH;1;3;2;2024-12-24;;;0;Freiburg;79111;t.schmidt@rvc-medical-it.de;
ASQA Software Quality Assurance GmbH;2;3;2;2025-04-30;;;1;Berlin;12681;n.handke@a-sqa.de;https://www.a-sqa.de/
OMEGASOFT;1;3;3;2025-10-21;;;0;Obersulm;74182;vertrieb@omegasoft.de;
MULTI-RAK;2;3;3;2024-05-28;;;0;Bochum;44789;led@multi-rak.de;
TEAMPROJEKT-OUTSOURCING;1;3;3;2026-05-04;;;0;Raunheim;65479;kontakt@teamprojekt-outsourcing.de;
TALOS-SPACE;2;3;1;2024-12-13;;;0;München;80992;info@talos-space.de;
Gröger MV GmbH & Co. KG;1;3;2;2024-12-27;;;0;Gilching;82205;welcome-DEU@gmv.com;
COMDOK;1;3;2;2025-04-30;;;0;Sankt Augustin;53757;info@comdok.de;
GAI NOVACON GmbH;2;3;3;2026-06-16;;;0;Berlin;13507;;
TIME4YOU;1;3;2;2025-12-19;;;0;Karlsruhe;76133;sales@time4you.de;
Urban Software Institute GmbH;1;3;3;2025-08-29;;;0;Chemnitz;09116;ausschreibungen@ui.city;
Collaboration Betters The World GmbH;3;3;3;2025-12-20;;;0;Berlin;10117;DE_sales@cbtw.tech;https://cbtw.tech/
EMH-METERING;1;3;3;2026-01-26;;;0;Gallin;19258;info@emh-metering.com;
CEGEKA;1;3;3;2024-06-19;;;0;München;81739;de.contact@cegeka.com;
Engineering Software Labs GmbH;1;3;3;2026-04-15;;;0;Stuttgart;70176;thomas.ayerle@sidion.de;
UNITE;1;3;1;2026-06-08;;;0;Köthen;06366;service.de@unite.eu;http://unite.eu
CLATUM;3;3;3;2025-03-04;;;1;Eschborn;65760;info@clatum.com;http://www.clatum.com
DINMEDIA;3;3;1;2025-11-07;;;0;Berlin;10787;kristin.weichelt@dinmedia.de;
AQUANTEC-GMBH;1;3;2;2024-12-11;;;0;Karlsruhe;76227;info@aquantec-gmbh.de;
CVS Copiergeräte Vertrieb Service GmbH;1;3;3;2026-06-08;;;0;Quierschied;66287;info@cvs-digital.de;
TOPDESK;1;3;3;2026-01-12;;;0;Kaiserslautern;67657;info@topdesk.de;
NXP;1;3;1;2023-02-03;;;3;Hamburg;22529;info@nxp.com;
Senatsverwaltung für Stadtentwicklung und Wohnen;1;3;1;2026-03-20;;;0;Berlin;13581;ausschreibungen@arktis.net;http://www.arktis-gmbh.de
DIGIVOD;1;3;2;2025-12-15;;;0;Meerbusch;40670;info@digivod.de;http://www.digivod.de
BUERO-SCHMAUS;1;3;3;2025-08-04;;;0;Hartmannsdorf;09232;info@buero-schmaus.de;http://www.buero-schmaus.de
ePA- CC GmbH;1;3;2;2024-12-20;;;1;Wiesbaden;65203;mail@epa-cc.de;https://www.epa-cc.de
RVSE Mittelstandsallianz GmbH & Co. OHG;1;3;2;2023-09-01;;;0;Nürnberg;90402;petr.roda@senacor.com;
MVKSYSTEM;1;3;3;2025-05-20;;;0;Berlin;13053;vertrieb@mvksystem.com;
Stadtwerke Schorndorf Bäderbetriebe;1;3;1;2023-11-15;;;0;Schorndorf;73614;glasfaser@stadtwerke-schorndorf.de;
HighCoordination GmbH;1;3;1;2024-08-12;;;0;Singen;78224;leads@hico-group.com;
Imtradex Hör-/Sprechsysteme GmbH;2;3;3;2023-03-13;;;0;Dreieich;63303;;
F-M-COMPUTER;1;3;3;2024-09-23;;;0;Berlin;13127;info@f-m-computer.de;
INVITEC;1;3;3;2026-02-19;;;0;Essen;45143;info@invitec.com;
BEAK;1;3;3;2025-12-22;;;1;Freiberg;09599;postmaster@beak.de;
CUKOO;2;3;2;2026-04-21;;;0;Leipzig;04177;vertrieb@cukoo.de;
BERNARD-GRUPPE;1;3;2;2025-02-14;;;0;München;80687;sales-tec@bernard-gruppe.com;
ACG Automation Consulting Group GmbH;1;3;2;2023-12-11;;;0;Frankfurt am Main;60325;info@acg-gmbh.de;
QESTIT;1;3;2;2025-02-11;;;0;Görlitz;02826;joern.greschner@qestit.com;
OLIVERWYMAN;1;2;2;2026-05-19;5460000000.0;227500000.0;0;München;80469;;
Amazon Web Services EMEA SARL;1;2;2;2023-05-16;710000000.0;710000000.0;0;Luxembourg;80807;;
Altia Consultores S.A.;2;2;2;2025-01-08;674400000.0;28100000.0;1;A Coruna;15172;;
EVERIS Belgique SPRL (Polaris Consortium — first contractor in cascade);1;2;2;2023-09-11;620220000.0;310110000.0;2;Brussels;1000;;
AUSY IT Consulting NV (Inline consortium — second contractor in cascade);1;2;2;2023-09-11;620220000.0;310110000.0;2;Heverlee;3012;;
Cronos International SA (Cronos and Sword Consortium — Third contractor in cascade);2;2;2;2023-09-11;620220000.0;310110000.0;2;Capellen;8308;;
С-Dev SA;1;2;2;2023-09-11;620220000.0;310110000.0;2;Capellen;8308;;
ICFNEXT;1;2;2;2023-09-11;620220000.0;310110000.0;2;Brussels;1000;;
Palantir Technologies UK Ltd;1;2;2;2022-04-25;367200000.0;7650000.0;0;London;W1D 3QW;;
Nennung unterbleibt gem. § 39 Abs. 6 VgV;1;2;1;2022-10-18;357473188.0;89368297.0;0;s. o.;s. o.;;
enviaTEL GmbH;1;2;1;2022-12-23;174898724.0;43724681.0;0;Markkleeberg;04416;;
BRAIN4KOM;1;2;2;2023-12-19;150587586.0;75293793.0;1;Gaggenau;76571;a.siebnich@brain4kom.de;
S-IT Informationstechnologie GmbH & Co. KG;2;2;2;2024-03-01;148394351.0;148394351.0;1;Calw;75365;hoeschele@sparkassen-it.de;
moysies & partners GmbH;1;2;1;2023-07-03;141400000.0;70700000.0;0;Hamburg;20459;;
Finanz Informatik Solutions Plus GmbH;1;2;2;2026-02-09;140100000.0;140100000.0;0;Frankfurt am Main;60486;RESPOVVVV@rentenbank.de;
ITinera projects & experts GmbH & Co. KG;1;2;2;2026-03-25;140100000.0;140100000.0;0;Eschborn;65760;RESPOVVVV@rentenbank.de;
UCG;1;2;2;2025-12-21;140100000.0;140100000.0;0;Frankfurt am Main;60486;RESPOVVVV@rentenbank.de;
VITRONET;1;2;2;2022-01-13;126961775.0;63380047.0;0;Essen;45307;vertrieb@vitronet.de;
TQ-Systems GmbH;1;2;2;2023-12-29;125000000.0;125000000.0;0;Seefeld;82229;info@tq-group.com;
MICROTRONIX;1;2;2;2026-01-02;105497448.0;16200276.0;0;Bornheim;53332;info@microtronix.de;http://www.microtronix.de
COMMOTRON;1;2;2;2026-01-30;102611000.0;51305500.0;0;Fürstenfeldbruck;82256;andreas.brandmair@commotron.com;
SynTAGit GmbH;1;2;2;2023-09-29;96500000.0;48250000.0;0;Berlin;10551;;
RGE-PARTNER;1;2;1;2026-02-24;76595200.0;38297600.0;0;München;80333;jonas.krieger@rge-partner.de;
ABANTE;1;2;1;2026-02-24;76595200.0;38297600.0;0;Leipzig;04109;akquise@abante.de;
GMV Soluciones Globales Internet S.A.U.;2;2;2;2024-08-08;64800000.0;2700000.0;24;Tres Cantos;28760;;https://www.gmv.com/
movisco GmbH;1;2;2;2023-12-14;54000000.0;27000000.0;3;Hamburg;;;
CANZLER;1;2;2;2023-10-16;49008000.0;316000.0;0;Dresden;01099;;
SCHOLZ & FRIENDS Berlin GmbH;1;2;2;2023-11-30;45099008.0;22549504.0;1;Berlin;10178;matthias.peplow@s-f.com;
SCIGAMES;2;2;2;2025-12-01;44521007.0;22260504.0;0;Wien;1130;kometer@scigames.at;http://www.scientificgames.com
METAFINANZ;2;2;1;2024-08-15;43438400.0;43438400.0;0;München;80804;BusinessServices@metafinanz.de;
8COM;1;2;1;2026-03-27;40000000.0;20000000.0;0;Neustadt an der Weinstraße;67433;info@8com.de;https://www.8com.de
Stadtwerke Soltau Gesellschaft mit beschränkter Haftung;1;2;2;2025-02-26;37823268.0;18911634.0;1;Soltau;29614;frank.wesseloh@sw-soltau.de;
Artelys SAS;1;2;1;2022-07-01;36544918.0;18272459.0;2;Paris;75009;;
Unicorn Systems a.s.;1;2;1;2022-07-01;36544918.0;18272459.0;2;Praha 3;13000;;
STACKIT;1;2;2;2026-05-27;35294556.0;35294556.0;0;Neckarsulm;74172;info@stackit.cloud;https://www.stackit.de
IQM Germany GmbH;2;2;2;2024-08-12;25210084.0;25210084.0;0;München;80992;info@meetiqm.com;https://www.meetiqm.com
TELKODATA;2;2;1;2024-07-02;23012560.0;23012560.0;0;Stadtlohn;48703;rlaurich@telkodata.de;
Pix Software GmbH;1;2;2;2024-12-18;22943118.0;22943118.0;0;Niederkrüchten;41372;;
BBCONSULT;1;2;2;2024-08-24;22800000.0;22800000.0;0;Bad Nauheim;61231;robert.binder@bbconsult.de;
AEQUITAS-AFFINITY;1;2;2;2024-09-20;21709000.0;21709000.0;0;Hamburg;20251;info@aequitas-affinity.de;
HORN-COSIFAN;1;2;2;2024-12-03;21008403.0;21008403.0;0;Frankfurt;60388;info@horn-cosifan.de;
GWN Gemeindewerke Nümbrecht GmbH;1;2;2;2022-03-17;20996878.0;10498439.0;0;Nümbrecht;51588;;
TECM Mobilfunkservice GmbH;1;2;2;2022-11-21;20991017.0;10495509.0;0;Berlin;12355;;
LEITWERK-CONSULTING;1;2;1;2023-11-28;20187000.0;10093500.0;0;München;80992;vertrieb@leitwerk-consulting.com;
GETFLIP;1;2;2;2025-12-23;20048164.0;10024082.0;0;Stuttgart;70178;contact@getflip.com;
FLOWCONCEPT;1;2;2;2025-04-11;20000000.0;10000000.0;0;Detmold;32760;ausschreibung@flowconcept.de;http://www.flowconcept.de
HEALTH-IT-SERVICES;1;2;2;2023-05-03;19534930.0;19534930.0;1;Hornburg;38315;ausschreibung@health-it-services.de;
HOFFMANN-GROUP;1;2;2;2025-06-09;18532811.0;9266406.0;0;München;81241;bieterportal-alt@deutschebahn.com;
SNOOPMEDIA;1;2;2;2025-02-28;17200000.0;17200000.0;0;Grafschaft;53501;info@snoopmedia.com;
DWAVESYS;1;2;1;2024-12-24;16000000.0;16000000.0;0;Drinagh Wexford;Y35 AH68;msoares@dwavesys.com;
GUC Gesellschaft für Umweltplanung und Computergrafik mbH;1;2;2;2022-05-02;14618860.0;7309430.0;0;Aßling;85617;;
Pegasystems Ltd;1;2;2;2022-11-29;13843500.0;13843500.0;0;Reading;RG1 3JH;;
Swiss IT Security Deutschland GmbH/SINC GmbH;1;2;2;2025-09-22;13445378.0;13445378.0;0;Wiesbaden;65187;;
QUNIS;1;2;2;2026-04-13;13397815.0;13397815.0;0;Brannenburg;83098;vertrieb@qunis.de;
AMAZON;1;2;2;2025-10-17;12000000.0;12000000.0;0;Luxembourg;L-1855;rfp-dach-watch@amazon.com;
ZTT Europe GmbH;1;2;2;2024-03-15;11838558.0;11838558.0;0;Herzberg am Harz;37412;mirko.wojtasik@zttcable.com;
Der Cuxhavener Fahrradkurier GmbH;1;2;2;2024-04-11;11782652.0;11782652.0;0;Cuxhaven;27474;info@fahrrad-kurier.com;
EM Software GmbH;1;2;2;2022-07-26;10858650.0;5429325.0;0;Ismaning;85373;;
HORIZON;1;2;2;2023-05-12;10469139.0;3388820.0;0;Quickborn;25451;info@horizon.de;
Energienetze Bayern GmbH & Co. KG;1;2;2;2022-11-11;10085127.0;10085127.0;0;München;81539;franz.frei@energienetze-bayern.de;
CONATEX;1;2;2;2025-02-03;9972203.0;1588058.0;0;Saarbrücken;66117;info@conatex.com;
SACHSENENERGIE;1;2;1;2023-04-18;9787396.0;9787396.0;0;Dresden;01069;Service@SachsenEnergie.de;
SachsenEnergieAG;1;2;2;2025-01-06;9342791.0;4671395.0;0;Hannover;30167;info@osswald360.de;https://www.osswald360.de
arxio GmbH;1;2;2;2025-10-01;9228000.0;2500000.0;0;Karlsruhe;76131;;
Stadtwerke Rhede GmbH;1;2;2;2024-01-19;8726826.0;2908942.0;0;Rhede;46414;mail@stadtwerke-rhede.de;
E-PROJECTA;1;2;2;2023-01-10;8613445.0;4306723.0;0;Balingen;72336;marc.eberhart@e-projecta.com;
SATZWEISS;1;2;2;2026-04-13;8400000.0;8400000.0;1;Saarbrücken;66121;mail@satzweiss.com;https://satzweiss.com/
MORE-HOLDING;1;2;1;2023-08-28;8285232.0;8285232.0;0;Hamburg;22083;stefan.holdt@more-holding.de;
Finanz Informatik Technologie Service GmbH & Co. KG;1;2;2;2025-04-01;8267221.0;4133611.0;0;Frankfurt;60486;xx@xxxxxx.de;
Frachtwerk GmbH;1;2;2;2025-07-08;7900000.0;7900000.0;0;Berlin;10178;;
ZOLITRON;2;2;2;2026-06-24;7448252.0;7448252.0;0;Bochum;44799;rammann@zolitron.com;
HEIDELBERG;1;2;2;2023-05-12;7257640.0;3388820.0;0;Wiesloch;69168;;
european Dynamics Luxembourg S.A.;1;2;2;2023-11-10;7202100.0;3255450.0;3;Luxemburg;L-1466;;
MEDILOX;1;2;2;2025-01-07;7040000.0;352000.0;0;Korschenbroich;41352;fengler@medilox.de;http://www.medilox.de
GIS Consult GmbH;2;2;2;2026-06-08;6807663.0;3403832.0;0;Haltern am See;45721;vergabestelle@hzd.hessen.de;
711MEDIA;1;2;2;2022-09-20;6600285.0;3300143.0;0;Stuttgart;70178;info@711media.de;
ZAFACO;1;2;2;2024-02-26;6370561.0;3185281.0;0;Ismaning;85737;sudhues@zafaco.de;
tec.direct IT Systems GmbH;1;2;2;2023-02-08;6112000.0;3056000.0;0;· D-54533 Laufeld;54533;;
Nagravision SA Kudelski Security;1;2;2;2022-09-14;6000000.0;3000000.0;0;Cheseaux-sur-Lausanne;1033;;
Fujitsu Solutions GmbH;1;2;2;2022-07-12;6000000.0;6000000.0;0;Laatzen;30880;;
GRASSAU;1;2;2;2024-11-12;5986741.0;1529537.0;0;Hamburg;22559;info@grassau.com;
KDO Service GmbH;1;2;2;2023-03-01;5830831.0;2915415.0;1;Oldenburg;26121;;
Biometric Solutions Aktiengesellschaft;1;2;2;2025-12-18;5680831.0;5680831.0;1;Hamburg;20354;;
ADDIX;2;2;1;2024-08-07;5425373.0;2712686.0;0;Kiel;24103;office@addix.net;
H2F GmbH & Co. KG;1;2;1;2023-02-10;5265675.0;2632838.0;0;Rostock;18055;ausschreibung@h-2-f.de;
Seven Principles Solutions & Consulting GmbH;1;2;2;2024-12-02;4700000.0;4700000.0;0;Köln;51149;bid.management@7p-group.com;
ZIEGER-ONLINE;1;2;2;2024-07-12;4579031.0;2289516.0;0;Rellingen;25462;info@zieger-online.de;
Telekom Deutschland GmbH, 53227 Bonn;1;2;1;2022-11-04;4450610.0;2225305.0;0;Bonn;53227;;
German Edge Cloud GmbH & Co. KG;1;2;2;2022-08-19;4080000.0;4080000.0;0;Eschborn;65760;supriyo.bhattacharya@gec.io;
SCHAFFRATH;2;2;2;2025-05-07;3965000.0;3965000.0;0;Bonn;53119;info@schaffrath.de;
LEWTELNET;1;2;2;2025-06-16;3929183.0;1964591.0;0;Neusäß bei Augsburg;86356;bernd.scherer@lewtelnet.de;
VS Vereinigte Spezialmöbelfabriken GmbH & Co. KG - Niederlassung Süd;1;2;2;2024-10-23;3767050.0;1883525.0;0;Tauberbischofsheim;97941;ausschreibung.vit@vs-moebel.de;
Stadtwerke Flensburg GmbH;1;2;2;2023-03-10;3661054.0;1830527.0;0;Flensburg;24939;;
LINDEMANN;1;2;2;2023-11-24;3516000.0;1656000.0;0;Berlin;12107;ausschreibung@lindemann.de;
POINT-EDV;2;2;1;2025-07-01;3500000.0;3500000.0;0;Nieheim;33039;j.teske@point-edv.de;
Stadtwerke Ludwigsburg - Kornwestheim GmbH;1;2;2;2025-06-13;3489594.0;1744797.0;0;Ludwigsburg;71636;;
tsf Computertechnik GmbH;1;2;2;2022-08-23;3447444.0;1019858.0;0;Röllbach;63934;info@tsfct.de;
TCSERV;1;2;2;2023-02-07;3389100.0;3389100.0;1;Hünstetten;65510;ausschreibung@TCserV.de;
CONSTRUKTIV;1;2;2;2022-02-25;3350000.0;3350000.0;0;Bremen;28357;info@construktiv.de;
Kunert Business Software GmbH & Co. KG;1;2;2;2023-05-02;3312605.0;1656303.0;0;Leipzig;04275;info@kbs-leipzig.de;
EUROTECH SPA;1;2;2;2025-11-04;3274000.0;1637000.0;0;AMARO;33020;bieterportal-alt@deutschebahn.com;
innovative software applications & consulting AG;1;2;1;2024-05-06;3250000.0;1625000.0;2;Weinheim;69469;info@isacon.com;
HOFER-KG;1;2;2;2024-11-14;3205273.0;1602636.0;0;Schenefeld;22869;info@hofer-kg.de;
C5 Group AG;1;2;2;2022-12-14;3152000.0;1576000.0;0;München;81541;;
HAMAMATSU;1;2;2;2024-01-22;3142860.0;3142860.0;0;Herrsching;82211;info@hamamatsu.eu;
SCHWACKE;1;2;2;2022-02-16;3122955.0;3122955.0;0;Frankfurt am Main;60314;cs-kam@schwacke.de;
Stadtwerke Emsdetten GmbH;1;2;2;2022-12-08;3075306.0;1537653.0;0;Emsdetten;48282;;
Target Group GmbH;1;2;2;2022-09-30;3022010.0;1511005.0;0;Dormitz;91077;;
IDNOW;1;2;1;2023-12-19;3000000.0;3000000.0;0;München;80469;neele.schuemann@idnow.de;
COMPUTER-KONKRET;1;2;2;2023-02-20;2988508.0;1494254.0;0;Falkenstein;08223;info@computer-konkret.de;
Mitteldeutsche Gesellschaft für Kommunikation mbH;1;2;1;2025-02-24;2979510.0;2979510.0;0;Barleben;39179;lriedel@mddsl.eu;
JUNGHANS-DNT;1;2;2;2022-08-15;2969708.0;2969708.0;0;Kriftel;65830;holger.junghans@junghans-dnt.de;
SAP Fioneer GmbH;2;2;2;2025-12-17;2947663.0;1473832.0;0;Walldorf;69190;;https://www.sapfioneer.com/
P3 - Digital Services GmbH;1;2;2;2025-03-04;2946364.0;2946364.0;1;Stuttgart;70191;ausschreibungen-ds@p3-group.com;https://www.p3-group.com/expertisen/digital-services/
BüroPartner Würzburg GmbH & Co. KG;1;2;2;2022-10-05;2909218.0;1454609.0;0;Veitshöchheim;97209;;
Werner Scholtes – IT-Beratung;1;2;2;2022-11-29;2871040.0;1435520.0;1;Aachen;52066;;
HEISYS Heidrich Informationssysteme und Beratungs GmbH;1;2;2;2022-02-24;2848000.0;1424000.0;0;Salzgitter;38226;;
QUALITYPE;1;2;2;2023-11-30;2808086.0;2808086.0;0;Dresden;01109;sales@qualitype.de;
zweiB GmbH;1;2;2;2023-09-20;2731165.0;1365583.0;0;München;81371;;
Open Reply GmbH;1;2;1;2025-11-28;2692663.0;1346332.0;0;Gütersloh;33334;;
NETZLINK;1;2;2;2022-11-25;2648800.0;2648800.0;0;Braunschweig;38118;inside-sales@netzlink.com;
Dr. Netik & Partner GmbH;1;2;2;2025-12-30;2643626.0;296000.0;0;Güstrow;18273;;www.netik.de
STP Informationstechnologie AG;1;2;2;2022-09-27;2600000.0;1300000.0;0;Karlsruhe;76135;;
CarMedialab GmbH;1;2;2;2026-01-23;2598000.0;2598000.0;0;Bruchsal;76646;;
PREVOLUTION;1;2;2;2024-06-12;2596000.0;2596000.0;0;Hamburg;20457;k.andresen@prevolution.de;
GEOFLY;1;2;2;2022-11-15;2572241.0;428707.0;0;Magdeburg;39120;;
IXENSO;1;2;2;2024-06-07;2548000.0;2548000.0;0;Freiburg;79111;sales@ixenso.com;
Adalbert Zajadacz;1;2;1;2022-07-04;2513385.0;298897.0;0;Neu Wulmstorf;21629;;
ARQUE;1;2;1;2024-12-05;2490000.0;2490000.0;0;Aachen;52074;contact@arque.systems;https://www.arque.systems
CINE-PROJECT;1;2;1;2024-02-20;2474300.0;1237150.0;0;Landshut;84032;info@cine-project.de;
Anstalt für Kommunale Datenverarbeitung (AKDB);1;2;2;2023-06-22;2470290.0;1235145.0;0;Landshut;;;
ARCHE;1;2;2;2026-01-23;2461540.0;1230770.0;0;Wilhelmshaven;26382;joachim.ristau@arche.de;
SATSERVICEGMBH;1;2;2;2025-11-01;2422478.0;1211239.0;0;Steißlingen;78256;sales@satservicegmbh.de;https://www.satservicegmbh.de/
ICONATE;2;2;2;2025-12-01;2420000.0;900000.0;0;Berlin;10715;info@iconate.de;http://iconate.de
VRVIS;2;2;2;2025-11-24;2410000.0;2410000.0;0;Wien;1220;hesina@vrvis.at;
INTERMED;1;2;2;2025-09-12;2377905.0;1188953.0;0;Geesthacht;21502;;
Haupt IT System GmbH;1;2;2;2022-08-11;2370975.0;395163.0;0;Dresden;01109;;
DELTA-SYSTEMTECHNIK;1;2;2;2024-10-21;2332000.0;2332000.0;0;Waghäusel;68753;kai.kamberg@delta-systemtechnik.com;
VerbaVoice GmbH;1;2;2;2023-05-22;2275836.0;1137918.0;1;München;81929;;
MIKROPLUS;2;2;2;2025-11-07;2263392.0;2263392.0;0;Ibbenbüren;49479;louiswichmann@mikroplus.de;https://www.mikroplus.de/
EHMIG;1;2;2;2024-07-22;2224320.0;2224320.0;0;Bad Homburg;61352;stefan.ehmig@ehmig.de;
CDMSMITH;1;2;1;2022-11-17;2211069.0;1105534.0;1;Berlin;44793;;
ServTec GmbH;1;2;2;2025-06-30;2202427.0;2202427.0;0;Hamburg;20539;xxx@xxx.de;
GLAMUS;1;2;2;2025-09-24;2160000.0;2160000.0;0;Bonn;53229;santo@glamus.de;
Tandberg Data GmbH;1;2;2;2026-02-17;2126234.0;2126234.0;0;Dortmund;44623;bidman@materna.group;http://www.materna.de
BUILDLINX;1;2;2;2025-03-07;2105322.0;1052661.0;0;Hamburg;21035;ake.roth@buildlinx.de;
EDUTECH;1;2;2;2023-06-14;2099178.0;1049589.0;0;Berlin;;;
FairNetz GmbH;1;2;2;2026-01-07;2074560.0;1037280.0;0;Reutlingen;72762;info@fairnetzgmbh.de;
LÜTH & DÜMCHEN Automatisierungsprojekt GmbG;2;2;2;2025-03-05;2053588.0;1026794.0;0;Berlin;13189;ausschreibung@simago.eu;
ideenmanufaktur GmbH;1;2;2;2022-05-16;2047920.0;920000.0;0;Berlin;;;
BACHER-MOEBEL;2;2;2;2026-03-23;2017194.0;1008597.0;0;München;80802;info@bacher-moebel.de;
PRESENSE Technologies GmbH;1;2;2;2023-06-23;1950000.0;975000.0;0;Hamburg;20097;;
V-BC.de, Service & Vertrieb von EDV-Lösungen, Büro- und Präsentations-Technik, Inh. Heiko Protze;1;2;2;2022-02-24;1945300.0;972650.0;0;Reinsdorf bei Zwickau;08141;Info@V-BC.de;
PAXLIFE;1;2;1;2025-09-19;1938727.0;969364.0;0;Potsdam;14467;ralf@paxlife.aero;
Ei forrbibbch... Werbemittelveredlung & -vertrieb Heike Fieberg;2;2;2;2025-09-24;1911862.0;955931.0;0;Leipzig;04179;info@werbemittel-werbeartikel.de;http://www.werbemittel-werbeartikel.de
1XINTERNET;1;2;2;2024-08-19;1900000.0;1900000.0;1;Frankfurt am Main;60489;sales@1xinternet.de;
ATSP;2;2;1;2025-06-07;1893000.0;1893000.0;0;Innsbruck;6020;info@atsp.at;https://atsp.com/de-de/
FORMFOLLOWSYOU;1;2;2;2026-06-24;1855350.0;1855350.0;0;Berlin;10823;jana.helder@formfollowsyou.com;
TRAVELPING;1;2;1;2025-07-15;1834488.0;1834488.0;0;Barleben;39179;sales@travelping.com;
FKS GmbH & Co. KG;1;2;2;2025-01-09;1822689.0;607563.0;0;Großdubrau;02694;info@fks-bautzen.de;
ARETO;1;2;2;2026-02-26;1818750.0;1818750.0;0;Köln;51063;sales@areto.de;
DITCONS;2;2;1;2025-04-22;1798120.0;899060.0;0;Zornheim;55270;durst@ditcons.de;
061SATCOM communication GmbH;1;2;2;2022-03-11;1789000.0;894500.0;0;Heusenstamm;63150;info@satcom-tv.de;
EXPEER;1;2;2;2025-05-16;1787904.0;1787904.0;0;Bonn;53111;vertrieb@expeer.de;
REISSWOLF Digital Services GmbH;1;2;1;2023-03-14;1785067.0;391200.0;0;Glinde;21509;;
J4HR;1;2;2;2023-04-25;1769130.0;884565.0;1;Bad Vilbel;61118;volker.mueller@j4hr.de;
EMPIC;1;2;2;2023-01-02;1768890.0;884445.0;0;Erlangen;91052;joerg.kottenbrink@empic.eu;
SYS-TEC GmbH;1;2;2;2025-06-02;1756670.0;878335.0;0;Schwandorf;92421;marting@sys-tec-gmbh.de;
DNWS;1;2;1;2024-12-23;1752466.0;1752466.0;0;Oberschleißheim;85764;c.hann@dnws.de;
SAP Fioneer Solutions;1;2;2;2023-02-16;1746600.0;1746600.0;0;Walldorf;69190;;
Löbner Datensysteme;1;2;1;2022-07-08;1745379.0;723241.0;0;Frankfurt;15230;;
TROXGROUP;2;2;2;2024-04-24;1735201.0;867600.0;0;Neukirchen-Vluyn;47504;luftreiniger-de@troxgroup.com;
FUNDUINO;1;2;2;2025-03-17;1726652.0;1726652.0;0;Nordhorn;48529;folke.hosefelder@phywe.de;
AVT;1;2;2;2022-11-15;1714828.0;428707.0;0;Greven;48268;;
PRIMIS;1;2;2;2022-11-15;1714828.0;428707.0;0;Brno;638 00;;
MGGPAERO;1;2;2;2022-11-15;1714828.0;428707.0;0;Tarnów;33-100;;
Philips GmbH Market Dach Health Systems;1;2;2;2023-03-28;1700000.0;1700000.0;0;Ansbach;22335;;
netqa GmbH;1;2;2;2025-12-23;1700000.0;1700000.0;0;Berlin;13355;;
LMBIT;2;2;2;2025-09-23;1692342.0;846171.0;0;Kiel;24159;info@lmbit.de;http://www.lmbit.de
Modis IT Outsourcing GmbH;1;2;2;2023-01-23;1688115.0;1688115.0;0;Erfurt;99092;;
EDV-Beratung Nüssler Gesellschaft mit beschränkter Haftung;1;2;2;2023-11-28;1676428.0;838214.0;0;Wiesbaden;65205;nuessler@ebnwiesbaden.de;
GUSELUX;1;2;2;2023-11-10;1672660.0;1672660.0;0;Ravensburg;88214;info@guselux.de;https://www.guselux.de
Westmünsterland Glasfasergesellschaft mbH;1;2;2;2024-01-19;1657461.0;1657461.0;0;Borken;46325;info@stadtwerke-borken.de;
MEDIA-SATURN;2;2;2;2026-01-27;1639700.0;819850.0;0;Heidelberg;69126;seyrich@media-saturn.com;
M IT Systemahus;1;2;1;2024-04-30;1612569.0;1612569.0;0;Mühldorf;84453;vertrieb@m-itsysteme.de;
EIKO-OFFICELINE;1;2;1;2025-09-09;1607604.0;803802.0;0;Königstein;61462;ak@weiko-officeline.de;
INNOVIT;1;2;2;2024-03-26;1600000.0;1600000.0;0;Seeheim-Jugenheim;64342;sales@innovit.ag;
VMRAY;1;2;2;2024-11-20;1597500.0;798750.0;0;Bochum;44803;dkrusevljanin@vmray.com;
GRAU;1;2;2;2025-07-22;1589950.0;794975.0;0;Schwäbisch Gmünd;73529;herbert.grau@grau.de;
Lehrmittelvertrieb Tilo Baerwolf;2;2;2;2024-02-27;1569849.0;315754.0;0;Neuenhagen;15366;kontakt@lehrmittel-vertrieb.de;
IG2;1;2;2;2024-04-30;1563415.0;781708.0;0;Leipzig;4109;angebot@wig2.de;
HOLOGATE;1;2;2;2025-04-01;1554333.0;777167.0;0;Munich;81379;Mail@hgxr.com;
BUERO-ZELLER;1;2;2;2024-11-05;1551412.0;775706.0;0;Cottbus;03044;cottbus@buero-zeller.de;
KREISWERKE-MAIN-KINZIG;1;2;2;2022-07-18;1549684.0;774842.0;0;Gelnhausen;63571;sascha.kling@kreiswerke-main-kinzig.de;
CURSOR Software Aktiengesellschaft;1;2;1;2023-06-20;1545000.0;772500.0;0;Gießen;35398;;
OAS;1;2;2;2025-06-17;1540930.0;770465.0;0;Augsburg;86154;info@oas.de;
LABOR3;1;2;2;2025-12-01;1520000.0;760000.0;0;Kleinmachnow;14532;w.schneider@labor3.de;http://labor3.com
HAUG-UND-WOLF;1;2;1;2024-02-14;1505030.0;1505030.0;0;Gaggenau;76571;bid-desk@haug-und-wolf.de;
ITSENSE;1;2;2;2023-09-04;1499955.0;1499955.0;0;Aarau;5000;info@itsense.ch;
ETHA;2;2;2;2023-04-18;1495238.0;747619.0;0;Urspringen;97857;info@etha.de;
H&L Software GmbH;1;2;2;2023-05-12;1486468.0;743234.0;0;Konstanz;78462;;
POLYAS GmbH;1;2;2;2023-01-31;1477798.0;738899.0;0;Kassel;34131;;
SAMSUNG;1;2;1;2024-06-26;1477080.0;1477080.0;0;Schwalbach;65824;m.widekind@samsung.com;
ZERTIFICON;1;2;2;2025-06-03;1466139.0;733069.0;0;Berlin;12347;sales@zertificon.com;
NORATEC-GMBH;1;2;2;2022-06-30;1462300.0;1462300.0;0;Bayern - Schwabmünchen;86830;speer@noratec-gmbh.com;
VOSSELER;1;2;1;2022-09-20;1461195.0;730598.0;0;Ingersheim;74379;vosseler@vosseler.de;
TMR;1;2;2;2022-02-10;1460964.0;730482.0;0;Bochum;44793;a.buddenborg@tmr.net;
NORMANN-ENGINEERING;2;2;2;2025-02-13;1447163.0;723582.0;0;Wels;4600;office@normann-engineering.com;
ESTERMO;1;2;2;2024-09-16;1400000.0;350000.0;0;Waghäusel;68753;info@westermo.de;
Engineering ITS AG;1;2;2;2023-03-13;1390000.0;695000.0;0;Stuttgart;70567;claudia.schneider@eng-its.de;
PHALANX-IT;1;2;2;2025-02-20;1384441.0;1384441.0;1;Heilbronn;74076;info@phalanx-it.de;
Thryve - mHealth pioneers GmbH;2;2;2;2026-05-08;1353400.0;1353400.0;0;Berlin;10961;;https://www.thryve.de
PHATCONSULTING;1;2;2;2023-06-06;1343280.0;671640.0;0;Hamburg;22767;info@phatconsulting.de;
One Identity Software International DAC;1;2;2;2023-04-04;1342506.0;671253.0;0;Berlin;10719;;
GIRITECH;1;2;2;2025-03-03;1328000.0;664000.0;0;Eriskirch;88097;joachim.seibold@giritech.de;
MOSTRON;1;2;2;2025-04-30;1323000.0;661500.0;0;Viersen;41747;gk@mostron.de;
ISD FENIQS GmbH;1;2;1;2022-09-16;1319909.0;1319909.0;1;Ludwigshafen am Rhein;67063;;
MILLER-ANLAGEN;1;2;2;2026-06-24;1319327.0;1319327.0;0;Bad Homburg;61348;remarketing@miller-anlagen.de;http://www.miller-anlagen.de
Dimitar Kuzumski ProperIT Consulting;1;2;2;2022-10-01;1312000.0;656000.0;0;Bad Schwalbach;65307;;
AFC Elektronic;1;2;1;2022-07-01;1311722.0;284501.0;0;Ochsenfurt;97199;info@afcnet.de;
e-Spirit AG;1;2;2;2022-07-28;1311150.0;1311150.0;0;Dortmund;44269;;
KAAW – Kommunale ADV-Anwendergemeinschaft West!;1;2;2;2022-03-15;1306787.0;653394.0;0;Steinfurt;40477;;
MEIXNER;1;2;2;2022-11-15;1301441.0;444027.0;0;Wien;1060;;
BIEDERMANN-LUBER;1;2;2;2024-06-03;1300000.0;650000.0;0;Fürth;90766;matuschka@biedermann-luber.de;
ARCHIKART Software AG;1;2;2;2023-03-15;1295415.0;647708.0;1;Lauchhammer;01979;;
HAMELBERG;1;2;2;2024-06-12;1291397.0;322849.0;0;Rotenburg;27356;alexander.bahr@hamelberg.de;
DMGMORI;1;2;2;2023-06-16;1287750.0;643875.0;0;Bielefeld;33619;;
Vescon Aqua GmbH;1;2;2;2023-05-02;1284066.0;642033.0;0;Hamburg;20097;;
FLOWCHIEF;1;2;1;2025-12-15;1277396.0;1277396.0;0;Wendelstein;90530;info@flowchief.de;
Booker GmbH;1;2;2;2025-12-02;1275000.0;637500.0;0;Hürth;50354;pascal.nolden@vr-ticket.de;
PANAGENDA;1;2;2;2025-12-10;1268801.0;1268801.0;0;Heppenheim;64646;gabriela.bobrowski@panagenda.com;
BPV GmbH;1;2;2;2022-01-21;1252172.0;1252172.0;1;Unna;59423;frank.liever@bpvgmbh.de;
modernX GmbH & Co. KG;1;2;2;2026-02-23;1249400.0;312350.0;0;Sinzheim;76547;;
ICS Reliable Solutions Distributor SRL;1;2;2;2024-12-16;1247328.0;1247328.0;0;Chisinau;MD-2012;office@rsd.md;
VS Vereinigte Spezialmöbelfabriken GmbH & Co.KG - Vertrieb IT-Lösungen;1;2;2;2023-09-08;1245187.0;622593.0;0;Tauberbischofsheim;97941;ausschreibung.vit@vs-moebel.de;
M.i.B. GmbH;1;2;2;2024-06-18;1241200.0;620600.0;0;Solingen;42653;info@mib-terminal.de;
b+m Informatik GmbH;1;2;2;2022-02-28;1222000.0;611000.0;0;Melsdorf;24109;;
Media Markt TV-HiFi-Elektro GmbH Donauwörth;1;2;2;2022-05-10;1215527.0;274959.0;0;Donauwörth;86609;;
ESER-EILBOTEN;1;2;2;2026-03-17;1212717.0;1212717.0;0;Bremerhaven;27574;info@weser-eilboten.de;
GISCON Geoinformatik GmbH;1;2;2;2026-02-12;1207280.0;1207280.0;1;44147;Dortmund;;
IDU;1;2;2;2023-03-22;1205100.0;602550.0;0;Zittau;02763;info@idu.de;
IT-P GmbH;1;2;2;2023-07-17;1200000.0;1200000.0;0;Hannover;30173;;
MSH GmbH;1;2;2;2022-02-14;1199409.0;599704.0;0;Ried;86510;ausschreibung@msh-print.de;
SERVICEWARE;1;2;2;2024-12-03;1196529.0;598265.0;0;Idstein;65510;damian.metzler@serviceware.de;
DEPENBROCK;1;2;1;2024-02-28;1196268.0;598134.0;0;Bielefeld;33605;info@depenbrock.de;https://www.depenbrock.de
BOCHTLER;1;2;2;2025-10-27;1194875.0;1194875.0;0;Schemmerberg;88433;vertrieb@bochtler.media;http://www.bochtler-medientechnik.de
Mahr & Müller Informationssyteme GmbH;1;2;1;2024-09-05;1179449.0;589724.0;0;Darmstadt;64297;kevin.krofl@m-m.de;
PROJECT-SYNTROPY;1;2;1;2022-07-26;1165009.0;1165009.0;0;Magdeburg;39106;syntropians@project-syntropy.de;
ALD-CORBE;2;2;2;2022-11-21;1142860.0;571430.0;0;Hügelsheim;76549;c.schaefer@wald-corbe.de;
COMMUNICATE-CONSULT;1;2;2;2026-03-09;1132792.0;1132792.0;0;Markt Indersdorf;85229;f.wolf@communicate-consult.de;
BPS Bildungsportal Sachsen GmbH;1;2;2;2025-12-11;1118495.0;1118495.0;0;Chemnitz;09111;ausschreibungen@bps-system.de;
Trapeze Switzerland GmbH;1;2;2;2025-01-09;1109661.0;554831.0;0;Neuhausen;8212;vergabekammer@mw.niedersachsen.de;
EDV-DR-HALLER;1;2;2;2023-11-16;1106492.0;553246.0;0;Plauen;08523;info@edv-dr-haller.de;
IFS;1;2;2;2023-06-28;1104526.0;1104526.0;0;Erlangen;91058;ingolf.bienert@ifs.com;
Elita GmbH;2;2;2;2025-11-30;1100000.0;550000.0;0;Berlin;12277;;
MATRICA;1;2;2;2022-04-26;1098159.0;549079.0;0;Frankfurt am Main;60327;info@matrica.de;
INTRANETZ;2;2;2;2024-03-18;1096720.0;548360.0;0;Berlin;10115;klostermeier@intranetz.de;
ASSECOSOL;1;2;2;2025-12-12;1096337.0;1096337.0;0;Karlsruhe;76227;Tobias.Brauweiler@assecosol.com;https://www.assecosolutions.com/
CADFEM Germany GmbH;1;2;1;2023-06-20;1092221.0;546110.0;1;Grafing;85567;;
Synavision GmbH & Energydesign Braunschweig GmbH Vertreten durch Synavision GmbH;1;2;2;2026-03-10;1076608.0;538304.0;0;Minden;32425;xxx@xxx.de;
ARTEC;1;2;1;2024-11-04;1074000.0;537000.0;0;Diepholz;49356;order@artec.de;
Decodio GmbH;1;2;2;2023-02-02;1072600.0;536300.0;0;Forchheim;;;
COMPUTERMIETE;1;2;2;2025-03-20;1067333.0;1067333.0;0;Karlsruhe;76185;info@computermiete.de;https://www.computermiete.de
DMP DataManagement Professionals GmbH;1;2;2;2024-05-06;1056211.0;528105.0;0;Frankfurt / Main;60323;pgoletz@dm-p.com;
Kraftwerk Living Technologies GmbH;1;2;2;2022-11-22;1042508.0;1042508.0;0;Wels;4600;;
KISA – Kommunale Informationsverarbeitung Sachsen;1;2;2;2022-09-29;1022412.0;511206.0;0;Leipzig;04317;claudia.muehle@kisa.it;
ISS Software GmbH;1;2;2;2023-02-02;1020000.0;510000.0;0;Hamburg;22085;;
wabeko GmbH Büro- & Medientechnik;1;2;1;2023-08-07;1015054.0;507527.0;0;Neu-Ulm;;;
Thaltegos GmbH;1;2;1;2022-11-01;1012020.0;506010.0;0;München;80336;;
INDUSTRIAL-ARTS;2;2;1;2025-08-01;1007804.0;503902.0;0;Glinde;21509;evergabe@industrial-arts.de;http://www.industrual-arts.de
Axians GA Netztechnik GmbH;1;2;2;2024-02-22;1000523.0;1000523.0;0;Bietigheim-Bissingen;74321;bieterportal-alt@deutschebahn.com;
IQM Finland Oy;1;2;2;2023-12-12;1000000.0;1000000.0;0;Espoo;02150;Ulrich.Meier@meetiqm.com;https://www.meetiqm.com/
RITTERBACH;1;2;2;2024-12-05;1000000.0;1000000.0;0;Erftstadt;50374;service@ritterbach.de;
BLUMENBECKER;1;2;2;2024-07-15;985920.0;492960.0;0;Bad Lauchstädt OT Schafstädt;06246;technik.schafstaedt@blumenbecker.com;
Mönninghoff Gesellschaft mit beschränkter Haftung;1;2;2;2023-01-04;976194.0;488097.0;0;Senden;;;
HANFT-BUEROTECHNIK;1;2;2;2024-10-11;967593.0;483797.0;0;Kulmbach;95326;j.wolfrum@hanft-buerotechnik.de;
Bareos GmbH & Co. KG;1;2;1;2023-05-30;960300.0;480150.0;0;Köln;50672;;
Reichle & De-Massari GmbH;1;2;2;2024-06-03;958361.0;187171.0;0;Gummersbach;51643;markus.kunze@rdm.com;
S-TEC Unternehmergesellschaft (haftungsbeschränkt);1;2;2;2025-12-12;955043.0;955043.0;0;Hamburg;21035;c.wiemuth@scanmedia.net;
tms technisch-mathematische studiengesellschaft;2;2;1;2023-12-01;948400.0;948400.0;0;Bonn;53229;r.juelich@tms-bonn.de;
DIGIFORS;1;2;2;2025-05-15;946152.0;473076.0;1;Leipzig;04347;nico.mueller@digifors.de;http://digifors.de
SOFTWARE-FACTORY;1;2;2;2022-03-14;940000.0;940000.0;0;Nürtingen;72622;info@software-factory.net;
BEIHILFE-SERVICE;1;2;2;2026-03-16;938279.0;938279.0;0;München;81925;info@beihilfe-service.com;
Fa. Scharr Tec GmbH & Co.KG;1;2;1;2024-08-19;937119.0;937119.0;0;Oer-Erkenschwick;45739;systems@ahensch.de;
Dr. Pape & Co. Consulting GmbH;1;2;2;2026-06-18;936000.0;936000.0;0;Berlin;10719;no@emailaddress.given;
HALDEMANN;1;2;2;2023-07-31;931802.0;318731.0;0;Fredersdorf;15370;vertrieb@haldemann.de;
TKUC GmbH;2;2;2;2025-01-13;927507.0;463754.0;0;Haibach;63808;hallo@theunified.de;
VEENION;1;2;2;2023-08-14;925633.0;462816.0;0;Kaiserslautern;67657;info@veenion.de;
VILLADATA;2;2;1;2025-11-26;918743.0;459372.0;0;Berlin;13627;kontakt@villadata.de;https://www.villadata.de
CUBOS-INTERNET;1;2;2;2022-03-09;918400.0;918400.0;0;Aachen;52064;hanno.heeskens@cubos-internet.de;
BGM-SOLUTIONS;1;2;1;2023-06-05;912000.0;912000.0;1;Jülich;52428;info@bgm-solutions.de;
Freihafen IT GmbH;1;2;2;2023-07-24;906000.0;453000.0;0;Brunsbüttel;25541;;
thinkarella ag;1;2;2;2024-06-11;900900.0;900900.0;0;Mainz;55129;info@built.de;
UB-PIETSCH;1;2;2;2024-07-11;899459.0;449730.0;0;Weilrod;61276;pietsch@ub-pietsch.de;
ZEDAS;1;2;2;2025-05-27;898850.0;898850.0;0;Senftenberg;01968;info@zedas.com;
Miller Leasing Miete Gesellschaft mit beschränkter Haftung;1;2;2;2022-01-13;897206.0;448603.0;0;Bad Homburg;61348;;
DGN Deutsches Gesundheitsnetz Service GmbH;1;2;2;2022-11-07;892148.0;446074.0;0;Düsseldorf;;;
SMARTIFY-IT;1;2;2;2025-11-10;890644.0;445322.0;0;München;80802;ausschreibungen@smartify-it.de;
s.i.g. System Informations Gesellschaft mbH;1;2;2;2023-05-02;886147.0;443073.0;0;Neu-Ulm;89231;;
BUSINESS-TRADING;1;2;1;2022-12-05;885205.0;442602.0;0;Wedel;22880;sgr@business-trading.com;
Headhunter Systems Ltd.;1;2;2;2023-10-12;880000.0;440000.0;0;London;E4 7ES;;
DATA2TYPE;1;2;2;2023-05-04;877900.0;438950.0;0;Heidelberg;69120;kontakt@data2type.de;
Enthus GmbH;1;2;1;2023-09-07;867525.0;90373.0;0;Böblingen;71034;;
TEAMSOFT;1;2;2;2024-05-06;863424.0;143904.0;0;Bielefeld;33739;vertrieb@teamsoft.de;
DOCTRONIC;1;2;2;2022-10-27;862510.0;862510.0;0;Bonn;53229;fuhrmann@doctronic.de;
Forest Mapping Management G.m.b.H.;1;2;2;2022-11-15;857414.0;428707.0;0;Salzburg;5020;;
RECORNECT;1;2;1;2022-07-04;856434.0;428217.0;0;AL Eindhoven;5652;info@recornect.com;
Procomp GmbH;1;2;2;2022-02-24;842385.0;298542.0;0;Marktredwitz;95615;;
Videocation GmbH;1;2;2;2022-12-28;840375.0;420188.0;0;München;81829;;
AVISOGMBH;1;2;2;2023-05-25;840336.0;420168.0;0;Aachen;52074;info@avisogmbh.de;
Sven Schilling Design & Authority;1;2;2;2023-09-26;840000.0;840000.0;0;Rümmelsheim;55452;;
THOMAS-KRENN;1;2;2;2023-12-04;839816.0;419908.0;0;Freyung;94078;info@thomas-krenn.com;
NET-SELECT;1;2;2;2024-10-07;836309.0;418154.0;0;Pforzheim;75179;info@net-select.de;
COJAMA;1;2;2;2023-08-30;836255.0;418128.0;0;Fulda;36041;ausschreibung@cojama.com;
RIDEBEE;1;2;2;2024-03-12;832780.0;416390.0;1;München;80799;lukas@ridebee.com;
KryStone GmbH;1;2;2;2023-04-03;830000.0;415000.0;1;Wintrich;54487;;
UNGERBOECK;1;2;2;2025-06-20;822438.0;822438.0;0;Düsseldorf;40474;legal@gomomentus.com;https://gomomentus.com/
IfmB Institut für moderne Bildung GmbH, 82327 Tutzing;1;2;2;2022-05-24;820584.0;410292.0;1;82327 Tutzing;;;
Höchemer Büro GmbH & Co. KG, 97708 Bad Bocklet;1;2;2;2022-05-24;820584.0;410292.0;0;97708 Bad Bocklet;;;
Twitter Inc.;1;2;2;2024-08-26;820000.0;410000.0;0;San Francisco;CA 94103;;
ULTRAFAST-INNOVATIONS;1;2;2;2022-10-14;816997.0;408498.0;0;Garching;85748;info@ultrafast-innovations.com;
INNOWERK-IT;1;2;2;2024-01-26;810880.0;810880.0;0;Passau;94036;info@innowerk-it.de;
webxells GmbH;1;2;2;2023-10-19;808320.0;404160.0;0;Potsdam;14471;;
BASE4IT;1;2;2;2025-09-08;806795.0;403398.0;0;Unterschleissheim;85716;info@base4it.com;
INSCOPUS;1;2;2;2022-07-08;797943.0;797943.0;0;Haar;85540;info@inscopus.de;
MEDIATEC Video- u. Audio-Service GmbH;1;2;1;2022-07-01;797498.0;99687.0;0;Köln;50825;;
MOVIETECH;1;2;2;2026-06-16;795348.0;397674.0;0;München;81829;info@movietech.de;
NSSL Global GmbH;1;2;2;2023-08-28;793950.0;793950.0;0;Barsbüttel;22885;;
ATRIKOM;2;2;2;2024-12-20;792545.0;396273.0;0;Ginsheim-Gustavsburg;65462;vertrieb@atrikom.de;http://www.atrikom.de
SACHSENKABEL;1;2;2;2025-11-17;783000.0;783000.0;0;Gornsdorf;09390;ausschreibung@sachsenkabel.de;
HRC Gebäudedienste GmbH;1;2;2;2026-04-20;780000.0;390000.0;0;Hamburg;22089;Dummy-eMail-eVergabe@fb.hamburg.de;
TELENOT;1;2;2;2022-07-04;779019.0;389509.0;0;Aalen;73434;;
B & I Kopiersysteme Vertriebs GmbH;1;2;2;2025-02-21;778434.0;389217.0;0;Augsburg;86167;info@bui.de;
GeoData Services Ltd;1;2;2;2025-01-20;777993.0;777993.0;0;Mainz;55130;geodata-services@geodata-services.de;
CMS ITConsulting GmbH;1;2;2;2023-01-02;773340.0;386670.0;0;Grasbrunn;;;
GREENIT-SOLUTION;1;2;2;2022-09-22;768980.0;384490.0;0;Inning am Ammersee;82266;info@greenit-solution.de;
TRICAT;1;2;2;2023-03-13;765700.0;765700.0;0;Ulm;89081;info@tricat.net;
DIPF;2;2;2;2026-01-07;760392.0;760392.0;0;Frankfurt am Main;60323;info@dipf.de;
IF-BLUEPRINT;1;2;2;2025-12-05;758213.0;758213.0;0;München;81825;info@IF-Blueprint.de;
KEYENCE;1;2;1;2023-06-16;754939.0;754939.0;0;Neu-Isenburg;63263;;
Wiresoft AG;2;2;1;2025-11-10;750268.0;323784.0;0;Baar;CH-6340;;
M3 Management Consulting GmbH;1;2;2;2023-06-23;750000.0;750000.0;0;Ismaning;;;
ERDFISCH;1;2;2;2024-12-09;747799.0;747799.0;0;Heidelberg;69123;projektmanagement@erdfisch.de;
LMT Lichtmesstechnik;1;2;1;2022-03-09;740000.0;370000.0;0;Berlin;10587;;
MULTRA;1;2;1;2025-05-05;737000.0;737000.0;0;Frankfurt am Main;60326;info@multra.de;
Telko GmbH;1;2;2;2022-01-03;735575.0;735575.0;0;Saalfeld;07318;;
GDATA;2;2;2;2026-02-26;730389.0;365194.0;0;Bochum;44799;markus.pielot@gdata.de;www.gdata.de
vitaservices GmbH & Co. KG;1;2;2;2025-10-24;729860.0;729860.0;0;Chemnitz;09126;bid-office@vitagroup.ag;
BLUEPARTNER;1;2;2;2026-05-18;726840.0;363420.0;0;Berlin;10367;frank.destino@bluepartner.de;
ANDRES-INDUSTRIES;1;2;1;2025-08-18;724886.0;362443.0;0;Berlin;13055;info@andres-industries.de;
MAINLEVEL;1;2;2;2023-03-31;722000.0;361000.0;1;Eschborn;65760;;
Forschungszentrum Jülich GmbH;1;2;2;2023-12-21;721631.0;360815.0;0;Jülich;52428;info@fz-juelich.de;
Möller Bürotechnik GmbH;1;2;2;2023-07-03;720121.0;360060.0;0;Iserlohn;58640;;
L2R;1;2;1;2025-12-18;719770.0;719770.0;0;Kürten-Herweg;51515;info@l2r.de;http://l2r.de
OPAL-RT;1;2;2;2026-03-30;719566.0;719566.0;0;Nürnberg;90425;marketing@opal-rt.com;https://www.opal-rt.com/de/
PARADISESERVER;1;2;2;2022-06-20;719440.0;179860.0;0;Reichshof;51580;info@paradiseserver.net;
"2. Preis: WeAreArchitects GmBH, Dachau mit SUPER1000, Eching am Ammersee mit OTTL.LA Landschaftsarchitekten 
Schöberl Hövelmann PartG mbB, München";1;2;1;2024-09-02;718953.0;359476.0;0;Nürnberg;90411;ausschreibung@degen.dolutions;
SBS GmbH;1;2;1;2023-12-22;718823.0;359411.0;0;Borkheide;14822;info@sbs-germany.de;
SVA System VertriebAlexander GmbH;1;2;2;2022-12-13;716481.0;716481.0;0;Wiesbaden;65205;;
BOXITLASTMILE;2;2;2;2025-03-05;715539.0;715539.0;0;Frankfurt am Main;60329;info@boxitlastmile.de;
VIADA;1;2;2;2025-05-06;713685.0;713685.0;0;Dortmund;44269;kontakt@viada.de;
LINDNER-GROUP;1;2;2;2022-02-15;709677.0;354839.0;0;Cottbus;03044;info@lindner-gmbh.net;
Hochschulbibliothekszentrum NRW;2;2;2;2023-12-20;708700.0;354350.0;0;Köln;50674;info-hbz@hbz-nrw.de;
E&L medical systems GmbH;1;2;2;2022-02-28;706898.0;706898.0;0;Erlangen;91058;;
b.i.g. sicherheit Gesellschaft mit beschränkter Haftung OBJEKT- UND PERSONENSCHUTZ;1;2;2;2023-03-01;702150.0;351075.0;0;Halle (Saale);06116;;
PARADIGMA-TECH;1;2;1;2025-11-12;700000.0;700000.0;0;Sezana;6210;info@paradigma-tech.com;https://paradigma-tech.com
QUALITESTGROUP;1;2;2;2023-03-01;686606.0;686606.0;0;Köln;50672;bid@qualitestgroup.com;
Data Modul AG;1;2;2;2023-04-25;686000.0;686000.0;0;München;80687;;
THIEME;1;2;1;2026-04-24;682523.0;341261.0;0;Stuttgart;70451;simone.hehl@thieme.de;
Wedow Bürotechnik;2;2;2;2026-03-31;682458.0;682458.0;0;Grimmen;18507;;
StoryDOCKS GmbH;1;2;2;2023-08-15;678492.0;678492.0;0;Hamburg;20249;;
M&C Systemhaus AG;1;2;2;2022-05-24;675541.0;675541.0;0;Straubing;94315;;
BPS International GmbH;1;2;2;2022-01-10;675000.0;225000.0;0;München;80935;info@bpsint.de;
MSE - Team GmbH;1;2;1;2022-10-28;672000.0;336000.0;0;Freudenstadt;72250;;
ECO-COUNTER;1;2;2;2026-06-17;667440.0;333720.0;0;Düsseldorf;40215;vertrieb@eco-counter.com;
VertiGIS GmbH;1;2;1;2025-10-27;661878.0;661878.0;0;Bonn;53177;;
AVISTA-ERP;1;2;1;2025-08-27;661500.0;661500.0;0;Stuttgart;70376;braun@avista-erp.de;
DCSO;1;2;2;2024-07-03;660000.0;660000.0;0;Berlin;10829;info@dcso.de;
MHAE-S Vertriebs GmbH;1;2;2;2023-12-05;650000.0;325000.0;0;Oldenburg;26125;;
SOFTWAREAG;1;2;2;2022-12-21;650000.0;650000.0;0;Nürnberg;90429;christopher.hetz@softwareag.com;
LYNXMEDIA;1;2;2;2025-04-18;650000.0;650000.0;0;Hamburg;22765;ausschreibung@lynxmedia.de;http://www.lynxmedia.de
mergner baustoffe GmbH;1;2;2;2023-10-06;644162.0;322081.0;0;Mainz;55131;;
HHK Datentechnik GmbH;1;2;2;2022-12-05;642757.0;321379.0;0;Braunschweig;38114;;
NAXCON;2;2;1;2025-12-23;640341.0;640341.0;0;Freiburg im Breisgau;79098;robin.delipalta@naxcon.com;http://www.naxcon.com
LISt Gesellschaft für Verkehrswesen und ingenieurtechnische Dienstleistungen mbH;1;2;1;2024-10-30;627207.0;313603.0;0;Hainichen;09661;LISt.Vertrag@list.smwa.sachsen.de;
VIAMEDIEN;1;2;2;2024-04-29;626248.0;313124.0;0;Rosdorf;37124;aerdmann@viamedien.de;
EVACO;1;2;2;2026-03-23;625944.0;625944.0;0;Duisburg;47119;ausschreibungen@evaco.de;
ONAPSIS;2;2;2;2024-08-23;625200.0;625200.0;0;Heidelberg;69124;simon.urbanek@onapsis.com;
AKMEDIA;1;2;2;2022-01-25;624896.0;312448.0;0;Stolberg;52222;a.helmel@akmedia.de;
DUALUTIONS;1;2;1;2022-11-11;622080.0;311040.0;0;Köln;58027;info@dualutions.de;
TE2 GmbH;1;2;2;2023-06-19;621183.0;310592.0;0;Rastatt;76437;;
ö-Konzept Agentur für Werbung und Kommunikation GmbH & Co. KG;1;2;2;2023-07-31;616956.0;308478.0;0;Zwickau;08058;;
GEOMER;1;2;2;2022-01-14;615680.0;307840.0;0;Heidelberg;69126;info@geomer.de;
PEGO-CONSULTING;1;2;2;2023-03-16;607900.0;303950.0;0;Stuttgart;70192;pehse@pego-consulting.de;
UNDERBYTE;2;2;2;2025-01-28;605000.0;302500.0;0;Wien;1020;info@wunderbyte.at;
MAGNET FORENSICS GmbH c/o Eversheds Sutherland (Services);1;2;2;2023-10-19;604613.0;302306.0;0;München;80333;;
AXXIOME;1;2;2;2024-04-29;600000.0;600000.0;0;Unterhaching;82008;arnd.geldermann@axxiome.com;
PRICE Systems Limited Zweigniederlassung Rüsselsheim;1;2;2;2026-03-23;600000.0;600000.0;0;Rüsselsheim;65428;;
NIKON;1;2;2;2025-02-03;599928.0;599928.0;0;Langen;63225;Joachim.Schulz@nikon.com;http://www.nikonprecision.com
USER2000;1;2;1;2024-10-18;599844.0;599844.0;0;Ratingen;40878;info@user2000.de;
SINOS GmbH;1;2;2;2025-03-25;593646.0;593646.0;0;Regenburg;93049;info@phishingvermeidungsmail.de;
LUCKY-LOOK-MEDIA;1;2;2;2023-07-04;588740.0;294370.0;0;Hamm;59065;info@lucky-look-media.de;
Serviceplan Public Relations & Content GmbH & Co. KG;1;2;2;2025-10-02;586130.0;293065.0;0;München;81671;;
OKM2000;1;2;2;2023-11-13;580374.0;580374.0;0;Bayreuth;95448;g.may@okm2000.de;
strichpunkt Agentur für visuelle Kommunikation GmbH;1;2;2;2026-04-13;575000.0;575000.0;0;Stuttgart;70376;info@sp.design;
SPREUER;1;2;2;2024-07-08;569557.0;284779.0;0;Taufkirchen;82024;info@spreuer.de;
CHRISTIANI e.V.;1;2;2;2022-07-04;563939.0;281970.0;0;Konstanz;78464;;
Schroff GmbH;1;2;2;2023-05-22;561985.0;561985.0;0;Straubenhardt;75334;schroff.germany@nvent.com;
CUBEOFFICE;2;2;2;2025-09-15;560000.0;560000.0;1;Magdeburg;39112;sales@cubeoffice.de;
CALPANA business consulting Deutschland GmbH;2;2;2;2025-10-22;556800.0;278400.0;0;Hamburg;22761;;
HIEMER;1;2;2;2023-07-11;554723.0;277362.0;0;Peiting;86971;info@hiemer.de;
ELBFORMAT;1;2;2;2023-03-13;553694.0;276847.0;0;Hamburg;20457;sebastian.henne@elbformat.de;
DSV IT - SYSTEME GMBH & CO. KG;1;2;1;2022-01-25;552487.0;276244.0;0;Viernheim;68519;info@dsvnet.com;
ASA Handelskontor GmbH;1;2;1;2022-01-25;552487.0;276244.0;0;Hamburg;22767;asa@hamburg.de;
Dan-IT e.K.;1;2;2;2024-04-02;551988.0;551988.0;0;Anger;83454;daniel.schweickhardt@dan-it.de;
TEAM-HARANT;1;2;2;2024-11-29;551836.0;551836.0;0;Villingen-Schwenningen;78050;Gerold.Harant@team-harant.de;
IT-POINT-MV;1;2;2;2022-09-20;551637.0;159483.0;0;Schwerin;;info@it-point-mv.de;
Computer Service Eimansberger GmbH;1;2;2;2022-12-20;550285.0;275142.0;0;Burghausen;84489;;
BYRON;2;2;2;2025-01-21;548788.0;548788.0;0;Basel;CH-4054;byron@byron.ch;
BOCKGMBH;1;2;2;2023-08-10;547971.0;273986.0;0;Hallstadt;96103;info@bockgmbh.de;
Dräger Safety AG & Co. KGaA;1;2;2;2023-12-08;546000.0;546000.0;0;Lübeck;23560;safety-ausschreibungen@draeger.com;
IMAGEPRO;1;2;2;2023-05-08;540498.0;270249.0;0;Karben;61184;service@imagepro.de;
FRANKENNE;1;2;2;2025-02-05;538862.0;538862.0;0;Aachen;52074;unger@frankenne.de;
FGH GmbH;1;2;2;2025-01-27;533911.0;266956.0;0;Mannheim;52072;info@fgh-ma.de;
Systemhaus for you GmbH;1;2;2;2026-01-23;533083.0;533083.0;0;Hamburg;20537;tc@sh4u.de;
Wiley-VCH GmbH;1;2;2;2025-12-08;531619.0;531619.0;0;Gescher;48712;service@wiley-vch.de;
HMP-SOLUTIONS;2;2;2;2023-02-28;530000.0;265000.0;4;Böblingenn;71034;o.elser@hmp-solutions.com;
BSW Testsystems & Consulting GmbH;1;2;1;2022-11-08;529677.0;146390.0;0;Sindelfingen;71065;;
HBITS;1;2;2;2023-03-31;524880.0;262440.0;0;Etterbeek - Belgium;1040;Joeri.Minnen@hbits.io;
ALLOCATESOFTWARE;1;2;2;2023-04-28;521550.0;521550.0;0;Frankfurt am Main;60329;info@allocatesoftware.de;
RAAB-IT;1;2;2;2023-11-07;519489.0;259745.0;0;Gerstetten;89547;k.raab@raab-it.de;
Wertschöpfer IT GmbH;2;2;2;2024-04-12;517914.0;517914.0;1;Mannheim;68163;kontakt@wertschoepfer.it;
M3CONNECT;1;2;1;2025-12-16;513552.0;256776.0;0;Aachen;52064;info@m3connect.de;http://www.m3connect.de
Compra GmbH;1;2;2;2022-05-13;511000.0;511000.0;0;Gröbenzell;82194;;
OVOL Papier Deutschland GmbH;2;2;1;2026-05-28;511000.0;511000.0;0;Hamburg;22083;info@liebergesell.com;http://www.liebergesell.com
ADN;2;2;2;2023-09-15;509061.0;509061.0;0;Bochum;44866;henrik.haase@adn.de;
Vereinigte Papierwarenfabriken GmbH;1;2;2;2025-10-07;506162.0;253081.0;0;Feuchtwangen;91555;peter.haberzettl@vp-group.de;
DATA-QUEST;2;2;1;2022-08-18;505153.0;252576.0;0;Göttingen;37085;info@data-quest.de;
BAU;2;2;2;2024-05-24;502647.0;502647.0;0;Berlin;14165;info@wwbau.de;
PUW-NETZWERK;2;2;2;2025-12-22;500000.0;500000.0;0;Haltern am See;45721;vertrieb@puw-netzwerk.de;
junidas GmbH;1;2;2;2026-02-16;500000.0;500000.0;0;Stuttgart;80331;;http://empacta.de
PIXELPOINT;2;2;2;2026-01-28;500000.0;500000.0;0;Klagenfurt;9020;winkler@pixelpoint.at;
GANTNER;2;2;2;2026-05-11;497426.0;248713.0;0;Bochum;44809;ausschreibungen@gantner.de;
Cybeport GmbH;1;2;2;2023-01-11;497379.0;248689.0;0;dresden;01099;;
neusta mobile solutions GmbH;1;2;2;2023-09-08;494807.0;494807.0;0;Bremen;28217;;
INOTEC;1;2;2;2022-01-05;494729.0;494729.0;0;Wölfersheim;61200;info@inotec.eu;
ML Consulting Schulung, Service & Support GnmbH;1;2;2;2022-01-03;483960.0;483960.0;0;Köln;50858;;
DATATEC;1;2;2;2025-04-24;483724.0;229144.0;0;Reutlingen;72770;anja.weber@datatec.eu;
TRIO-GROUP;2;2;2;2025-09-03;480000.0;480000.0;0;Mannheim;68305;info@trio-group.de;
LLS BriefLogistik GmbH;1;2;2;2023-06-29;478962.0;478962.0;0;Suhl;98527;;
ASKLEPIOS;2;2;2;2024-11-07;478455.0;478455.0;0;Hamburg;20099;info.proresearch@asklepios.com;
Erler-Zimmer GmbH & Co. KG;1;2;2;2022-05-31;477593.0;96702.0;0;Lauf;77886;;
MACARTNEY;1;2;2;2025-09-03;474480.0;474480.0;0;Kiel;24148;info@m-b-t.com;
CONTIDATA;1;2;2;2022-07-15;472580.0;472580.0;0;Dortmund;44141;info@contidata.de;
DATENBANKGESELLSCHAFT;1;2;1;2025-12-16;471982.0;235991.0;0;Falkensee;14612;ausschreibung@datenbankgesellschaft.de;
TecFox GmbH;2;2;2;2025-08-12;471600.0;235800.0;0;Braunschweig;38118;;
Bonamic GmbH;1;2;2;2022-09-01;471066.0;471066.0;1;Bochum;44789;;
DIGITALFABRIX;1;2;1;2023-06-06;470000.0;235000.0;0;München;80686;katja.koehler@digitalfabrix.de;
B2M Software AG;1;2;2;2022-10-08;469065.0;234533.0;0;München;64293;;
Witte Vertriebs GmbH;1;2;2;2022-02-25;468837.0;234419.0;0;Dresden;01159;info@witte-dresden.de;
LEITEK;1;2;2;2026-04-20;467820.0;467820.0;0;Schwerin;19061;info@leitek.de;http://leitek.de
STAFFTASTIC;2;2;2;2024-11-25;460000.0;460000.0;0;Fulda;36037;jan@stafftastic.de;
TAUW;1;2;2;2024-03-13;458600.0;458600.0;0;Moers;47441;info.moers@tauw.de;
IBM Deutschland GBS GmbH;1;2;2;2022-12-21;451534.0;225767.0;0;Flensburg;;;
PROCILON;1;2;2;2023-08-17;450000.0;450000.0;0;Taucha;04425;info@procilon.de;
Allgäuer Überlandwerk Gesellschaft mit beschränkter Haftung;1;2;2;2023-03-29;450000.0;450000.0;0;Kempten (Allgäu);87435;michael.vollkomm@auew.de;
mHealth Pioneers GmbH;1;2;2;2023-04-14;450000.0;450000.0;0;Berlin;10967;;
OEDIV SecuSys GmbH;2;2;2;2026-06-01;448640.0;448640.0;0;Rostock;18146;;
Crämer IT-Solutions GmbH;1;2;1;2022-10-11;444090.0;222045.0;0;Menden;58710;;
PAN Planungsbüro für angewandten Naturschutz GmbH;1;2;2;2022-02-21;440092.0;220046.0;0;München;81925;;
PROMIO;1;2;2;2023-07-17;439620.0;439620.0;0;Bonn;53113;business@promio.net;
IAV;1;2;2;2024-08-23;436786.0;436786.0;0;Berlin;10587;public_tenders@iav.de;
Axians Networks Solutions GmbH;1;2;2;2023-04-24;433563.0;433563.0;0;Dortmund;44227;;
SoftwareONE;2;2;2;2026-04-27;432419.0;216209.0;0;Stans;6370;vergabestelle@polizei.berlin.de;
ENVITE;1;2;2;2026-02-03;431382.0;431382.0;0;Stuttgart;70567;holger.hagen@envite.de;
COMMUNISYSTEMS;1;2;2;2023-12-19;431285.0;431285.0;0;Leipzig;04229;info@communisystems.com;
ADECCO;1;2;2;2025-04-07;427748.0;427748.0;0;Berlin;10178;ariane.numrich@adecco.de;
itsc GmbH;1;2;1;2024-05-24;426589.0;426589.0;0;Hannover;30659;ausschreibungen@itsc.de;
ASB Systembau Horst Babinsky GmbH;1;2;1;2025-09-29;425000.0;425000.0;0;Stein an der Traun;83371;schmidl@asbglassfloor.com;http://asbglassfloor.com
Böttcher Datentechnik GmbH;1;2;2;2025-10-17;423177.0;423177.0;0;Lübeck;23556;info@taschenrechner.de;
ASPICON GmbH;1;2;2;2022-06-03;420000.0;420000.0;0;Chemnitz;09111;;
KTF-BERLIN;1;2;2;2024-04-05;415163.0;415163.0;0;Berlin;10365;info@ktf-berlin.de;
LOGIC-WORKS;1;2;2;2025-12-09;414000.0;414000.0;0;Niederkassel;53859;contact@logic-works.de;https://www.logic-works.biz/startseite
epias GmbH;1;2;2;2024-12-05;413000.0;413000.0;0;Idstein;65510;susanne.buechner@epias.de;http://www.erpath.com
Lenovo (Deutschland) GmbH;1;2;2;2026-04-14;411177.0;411177.0;0;Stuttgart;70597;bieterportal-alt@deutschebahn.com;
SOFTBOX;1;2;2;2026-05-08;411120.0;411120.0;0;München;81737;ok@softbox.de;http://www.softbox.de
HECOSYS;1;2;2;2022-10-19;407220.0;407220.0;0;Gräfelfing;82166;;
Heinrich + Ellermann GmbH + Co. KG;1;2;2;2023-09-26;406681.0;203340.0;0;Bissendorf;49143;;
DIGSILENT;1;2;2;2025-12-09;406044.0;203022.0;0;Gomaringen;72810;mail@digsilent.de;http://www.digsilent.de
STATWORX;2;2;2;2025-02-17;404370.0;404370.0;0;Frankfurt am Main;60314;projects@statworx.com;
MIPS;1;2;2;2022-09-07;400444.0;400444.0;0;Walluf;65343;vertrieb@mips.be;
SAM-CONSULTING;1;2;2;2025-10-06;400000.0;400000.0;0;Bad Honnef;53604;info@sam-consulting.de;http://www.sam-consulting.de
BORNHOLDTLEE;1;2;1;2022-03-31;400000.0;400000.0;0;Hamburg;20459;kontakt@bornholdtlee.de;
trustsec IT solutions GmbH;1;2;1;2026-04-09;399360.0;399360.0;0;Stuttgart-Möhringen;70567;;
Matec GmbH Handelsgesellschaft für Meß- und Audiovisionstechnik Dresden;1;2;2;2023-08-01;396723.0;396723.0;0;Dresden;01067;;
P&M Software + Consulting GmbH;1;2;1;2023-08-11;395000.0;395000.0;0;Hamburg;22765;;
DSP IT Service GmbH;1;2;2;2024-09-02;395000.0;395000.0;0;Bad Homburg;61348;ausschreibungen@dsp-eu.de;
DT-DIGITALTECHNIK;1;2;2;2025-01-22;394797.0;197398.0;0;Dahlewitz;15827;service@dt-digitaltechnik.de;
CLS-COMPUTER;1;2;1;2024-11-25;393979.0;179023.0;0;Mannheim;68309;info@cls-computer.de;
EVAKON;1;2;1;2025-07-30;393600.0;393600.0;0;Lübeck;23558;info@evakon.de;
LOOM;1;2;1;2023-10-23;384000.0;384000.0;0;Berlin;10623;s.vassilevski@loom.de;
DOCUSERVE-PS;1;2;2;2024-11-25;383518.0;191759.0;0;Augsburg;86165;info@docuserve-ps.de;
SPEEDY-CONSULTING;2;2;2;2025-08-05;380610.0;380610.0;0;Erlangen;91052;info@speedy-consulting.de;
MGRP;1;2;2;2023-08-07;379220.0;379220.0;0;Crailsheim;;;
CAIGOS;1;2;2;2022-07-12;378620.0;378620.0;0;Kirkel;;vertrieb@caigos.de;
QUANTUMSIMULATIONS;2;2;2;2024-10-14;378151.0;378151.0;0;Karlsruhe;76131;info@quantumsimulations.de;https://www.quantumsimulations.de
KUHNT;1;2;2;2026-05-20;377636.0;377636.0;0;Oldenburg;26125;funktechnik@kuhnt.de;
4PROCESS;1;2;2;2023-02-07;374600.0;374600.0;0;Passau;94034;michael.oeller@4process.de;
Communardo GmbH;1;2;2;2026-06-01;367966.0;367966.0;0;Dresden;01129;;
CHARGECLOUD;1;2;2;2024-06-22;367134.0;367134.0;0;Köln;50672;c.nebeling@chargecloud.de;
VAIKINGMULTIMEDIA;1;2;2;2022-09-20;364940.0;182470.0;0;Berglen;73663;info@vaikingmultimedia.de;
tectonika GmbH;1;2;1;2023-08-29;364018.0;182009.0;0;Essen;45145;;
SYSERSO;1;2;2;2025-09-15;363680.0;363680.0;0;Hannover;30659;sales@syserso.com;
BFW GmbH;2;2;2;2025-07-10;362611.0;362611.0;0;Langenhagen;30855;d.adomat@bfwkom.de;
b.telligent Deutschland GmbH;1;2;1;2023-09-11;361500.0;361500.0;0;München;80807;;
AUTOMATICS;1;2;1;2025-11-26;359616.0;359616.0;0;Wiener Neustadt;2700;office@automatics.ai;https://www.automatics.ai/en
KOPFARBYTE;1;2;2;2023-08-17;355018.0;177509.0;0;Berlin;10245;info@kopfarbyte.com;
IMPLEMENTUS;1;2;2;2026-02-09;350000.0;350000.0;1;Miltenberg;63897;info@implementus.de;
PROCOM-DATA;1;2;2;2024-04-08;343671.0;343671.0;0;Germering;82110;vertrieb@procom-data.de;
AMASOL;1;2;2;2025-08-06;342761.0;171380.0;0;München;81669;fabian.fink@amasol.de;
FAMILIE-REDLICH;2;2;2;2022-01-31;342000.0;342000.0;0;Berlin;13355;s.boettcher@familie-redlich.de;
TANOL Systems GmbH;1;2;2;2022-04-08;340920.0;170460.0;0;Mönchengladbach;;;
ZECH-SICHERHEITSTECHNIK;1;2;1;2026-06-17;339539.0;339539.0;0;Langenhagen;30853;ausschreibungen.langenhagen@zech-sicherheitstechnik.de;
Logistik-Service-Gesellschaft Mecklenburg-Vorpommern mbH;1;2;2;2023-06-05;339302.0;339302.0;0;Schwerin;19061;andreas.mueller@lsg-mv.de;
SONEPAR;2;2;2;2025-08-11;339206.0;339206.0;0;Holzwickede;59439;solution@sonepar.de;http://www.sonepar.de
COS Gesellschaft für Computersysteme Organisation und Softwareentwicklung mbH;1;2;2;2022-09-27;336134.0;336134.0;0;Oberkirch;77704;melanie.lauterfeld@cosonline.de;
Bücker e. Kfm.;1;2;1;2022-12-19;334841.0;334841.0;0;Neuss;41460;schridde@BueckerGmbH.de;
TU München;1;2;2;2023-06-08;327731.0;327731.0;0;München;80333;sekretariat.enpb.bgu@tum.de;
S.E.A. Datentechnik GmbH;1;2;2;2026-02-13;327000.0;327000.0;0;Troisdorf;53840;info@sea-gmbh.com;https://www.sea-gmbh.com
ADVENS;2;2;1;2025-05-26;325045.0;325045.0;1;Munich;81673;matthias.helfricht@advens.com;
Bechtle IT GmbH;1;2;2;2022-05-02;322229.0;161114.0;0;Dortmund;44263;;
Bare.ID GmbH;2;2;1;2023-04-11;322000.0;322000.0;0;Wiesbaden;65185;;
EVERGABE;1;2;2;2023-08-11;321360.0;321360.0;0;Dresden;01067;holm.gemeiner@evergabe.de;
Zinal Consulting GmbH;1;2;1;2022-05-10;320456.0;320456.0;0;Frankfurt am Main;60439;;
Concept International GmbH;1;2;2;2023-04-25;316622.0;316622.0;0;München;;;
RESCUETRACK;1;2;2;2026-06-12;314566.0;314566.0;0;Reutlingen;72770;tenders@rescuetrack.com;
FINK-ITS;1;2;2;2023-12-19;313356.0;313356.0;0;Würzburg;97080;ausschreibung@fink-its.de;
RECORD-CONSULT;1;2;2;2022-05-30;306935.0;153468.0;0;Köln;50829;sales@record-consult.com;
VUB;1;2;2;2024-12-18;304570.0;304570.0;0;Köln;50668;gvonwestarp@vub.de;
TNG Technology Consulting GmbH;1;2;2;2024-11-19;302720.0;302720.0;0;Unterföhring;85774;info@tngtech.com;
247GRAD Labs GmbH;1;2;1;2023-05-26;300000.0;300000.0;0;Koblenz;56073;sascha.boehr@dirico.io;
HDC-BLUEPRINTS;1;2;1;2025-04-30;300000.0;300000.0;0;Ingolstadt;85055;contact@hdc-solutions.de;http://hdc-solutions.de
M-Privacy GmbH;1;2;2;2023-03-20;299666.0;299666.0;0;Berlin;12101;;
Opternus GmbH;1;2;2;2022-07-04;298897.0;298897.0;0;Bargteheide;22941;;
VERIMI;1;2;2;2025-03-14;298150.0;298150.0;1;Berlin;10969;office@verimi.com;
TECHNOLOGYWISDOM;2;2;2;2025-07-25;297060.0;297060.0;0;Lahore;54570;faisal@technologywisdom.com;http://technologywisdom.com
Schön Bürosysteme GmbH;1;2;2;2025-10-21;293375.0;293375.0;0;Magdeburg;39116;schultze@schoen-buerosysteme.de;
Marmeladenbaum GmbH;1;2;2;2023-08-28;292766.0;292766.0;0;Chemnitz;09111;;
LUNZ;1;2;2;2023-05-08;292358.0;146179.0;0;Bamberg;96052;vertrieb@lunz.de;
isp-insoft GmbH;2;2;2;2024-09-10;291799.0;291799.0;0;Hannover;30519;vertrieb@isp-kommunal.de;
Adensio GmbH;1;2;1;2026-06-05;290000.0;290000.0;0;Breisach am Rhein;79206;;
ORK-MICROWAVE;1;2;2;2023-08-04;287710.0;143855.0;0;Holzkirchen;83607;;
ALLTERRA-DNO;1;2;1;2023-05-31;287460.0;287460.0;0;Wunstorf;31515;;
CALLIESS-BUEROTECHNIK;2;2;2;2024-04-30;285548.0;285548.0;0;Berlin;12489;info@calliess-buerotechnik.de;
IT-CONFIG;1;2;2;2022-05-31;283820.0;120398.0;0;Hochstadt am Main;;ausschreibung@it-config.de;
EDATAPROCESSING;1;2;1;2025-12-01;280932.0;280932.0;0;Gelsenkirchen;45899;Gregor.Grabosch@edatasystems.de;
LOSCH;1;2;2;2025-11-10;279713.0;279713.0;0;Howald;1818;contact@savvy.mobi;https://www.savvy.mobi/de
MD Hardware & Service GmbH;1;2;2;2024-11-19;278935.0;278935.0;0;Emden;26723;info@md-systemhaus.de;
CUREVISION;1;2;1;2025-10-23;277288.0;277288.0;0;München;80992;fobo@curevision.de;https://curevision.de/
BECON;1;2;2;2022-08-16;277218.0;277218.0;1;Unterhaching;82008;Andreas.Geist@becon.de;
IDAMA;1;2;2;2025-05-05;276651.0;138326.0;0;Freiburg;79102;kayser@idama.de;
Wolfgang Walter GmbH Büro komplett;1;2;2;2025-04-02;276104.0;276104.0;0;Darmstadt;64289;ausschreibungen@walter-buero.de;https://www.walter-buero.de
DOCUMENTUS;1;2;2;2024-07-01;275000.0;275000.0;0;Hamburg;20537;info@documentus.de;
UBITEC;1;2;2;2024-01-26;270920.0;270920.0;0;Linz;4020;hello@ubitec.at;
SOOBR;1;2;1;2024-12-10;270785.0;270785.0;0;Hamburg;22765;info@soobr.com;
EMIS-GRUPPE;1;2;1;2024-11-08;269935.0;269935.0;0;Lübbenau/Spreewald;03222;www.info@emis-gruppe.de;www.info@emis-gruppe.de
NOVODOC;1;2;2;2024-08-14;265000.0;265000.0;0;Erkelenz;41812;info@novodoc.de;
Kolibri software & systems GmbH;1;2;2;2025-04-07;261900.0;261900.0;0;Gilching;82205;max@muster.de;
FEHA Büro-Technik GmbH;1;2;2;2022-07-21;261196.0;261196.0;0;Günzburg;89312;;
SAINT-ELMOS;2;2;2;2025-02-17;260000.0;260000.0;0;München;81671;ausschreibungen@saint-elmos.com;
TELECOMPUTER;2;2;2;2026-03-16;258720.0;258720.0;0;Berlin;12489;pm@telecomputer.de;http://telecomputer.de
SIKOM;1;2;2;2023-03-28;255000.0;255000.0;0;Heidelberg;;bid-management@sikom.de;
Innovationszentrum für Telekommunikationstechnik GmbH IZT;1;2;2;2025-11-10;254972.0;254972.0;0;Erlangen;91058;pth@izt-labs.de;
OpenAI Ireland Ltd;2;2;1;2025-11-26;253500.0;253500.0;0;Dublin;D01 YC43;;
GRAPHMASTERS;1;2;2;2025-11-19;253000.0;253000.0;0;Hannover;30419;alexander.meister@graphmasters.net;https://www.graphmasters.net/
EMCHUNDBERGER;1;2;2;2025-06-17;252451.0;126226.0;0;Hannover;30159;ebhannover@emchundberger.de;
TDSoftware GmbH;1;2;2;2023-04-07;252101.0;252101.0;0;Jena;07743;;
Geoinformatikbüro Dassau GmbH;1;2;1;2023-11-13;252000.0;252000.0;0;Düsseldorf;40237;dassau@gbd-consult.de;
GEOSMBH;1;2;2;2024-06-21;250000.0;250000.0;0;Nürnberg;90461;erich-bauer@geosmbh.de;
ITB-CONSULTING;1;2;2;2026-02-09;249848.0;249848.0;0;Bonn;53177;alexander.zimmerhofer@itb-consulting.de;http://itb-consulting.de
PulmoKard GmbH;1;2;2;2023-10-13;249305.0;249305.0;0;Herdecke;58313;;
DSP-SOLUTIONS;1;2;2;2025-05-15;247574.0;247574.0;0;Regensburg;93047;info@dsp-solutions.de;
DEUTSCHEAIRCRAFT;1;2;2;2023-10-24;247200.0;247200.0;0;Wessling;82231;info@deutscheaircraft.com;
SDWORX;1;2;2;2025-12-12;247000.0;247000.0;0;Dreieich;63303;salespublic_support@sdworx.com;
Ocilion IPTV Technologies GmbH;1;2;2;2022-04-05;246050.0;246050.0;0;Ried im Innkreis;4910;;
THUMMAHR;1;2;2;2022-07-06;244847.0;244847.0;0;Monheim;40789;bsteinhoff@thummahr.de;
BASYS Brinova GmbH;2;2;2;2026-05-13;243635.0;243635.0;0;Bremen;28357;;
Computer Service und Vertriebs Gesellschaft mit beschränkter Haftung;1;2;2;2024-08-22;242741.0;121370.0;0;Lutherstadt Wittenberg;06886;ssommer@csv-wittenberg.de;
MICROSEC;2;2;2;2025-09-17;241638.0;241638.0;0;Budapest;1033;gyorgypal.laszlo@microsec.com;http://microsec.com
RBI Rittershofer GmbH;1;2;2;2026-01-05;241292.0;241292.0;0;Rheinstetten;76287;;
ASANUS;1;2;2;2026-06-25;240000.0;240000.0;0;Neuhausen ob Eck / Tuttlingen;78579;alexander.maerzendorfer@asanus.de;
Vertinex GmbH;1;2;2;2026-06-02;240000.0;240000.0;0;Liederbach AM tAUNUS;65835;;
BIGREP;1;2;2;2024-10-10;236504.0;236504.0;0;Berlin;10961;office@bigrep.com;
STUDIOBORABORA;1;2;2;2023-01-23;235410.0;117705.0;0;Köln;50674;info@studioborabora.com;
S4Campus AG;1;2;1;2023-12-15;235000.0;235000.0;0;Magdeburg;39104;;
HIONIC;1;2;2;2024-11-26;232712.0;232712.0;0;Dresden;01307;katrin.morawitz@hionic.de;
N. & S. Bürocenter GmbH;1;2;2;2024-09-24;232678.0;232678.0;0;Espelkamp;32339;info@nunds-buero-center.de;
KLOSEBROTHERS;1;2;2;2026-02-10;232660.0;232660.0;0;Bielefeld;33602;lina.muehlenweg@klosebrothers.de;http://klosebrothers.de
softgate gmbh;2;2;2;2026-02-03;232028.0;232028.0;0;Erlangen;91052;vertrieb@soft-gate.de;
F24;1;2;1;2025-10-13;230928.0;230928.0;0;München;80339;office@f24.com;https://f24.com/de/
ACAPELA-GROUP;1;2;1;2024-12-17;230000.0;115000.0;0;Frankfurt am Main;60487;Jan.Ruemmer@Acapela-Group.com;
CASEWARE;1;2;2;2025-07-31;229500.0;229500.0;0;Düsseldorf;40211;sales.de@caseware.com;
apsolut GmbH;1;2;2;2026-06-01;229488.0;229488.0;0;Bielefeld;33604;;
UNISOFT;2;2;2;2024-02-05;228252.0;228252.0;0;Roth;91154;company@unisoft.de;
GRAPHODATA;1;2;2;2025-05-12;225920.0;225920.0;0;Aachen;52072;pauly@graphodata.de;
Fernseh-Berlet GmbH & Co. KG;1;2;1;2022-11-14;225916.0;225916.0;0;Hagen;58119;b2b@euronics.de;
BENTLEY;1;2;2;2026-04-08;225838.0;225838.0;0;Dublin;D02;europe.orders@bentley.com;
Max-Planck-Institut für Infektionsbiologie;1;2;2;2025-10-15;225200.0;225200.0;0;München;80992;steffi@everywow.ch;https://www.everywow.ch
NFT Umweltdatensysteme GmbH;1;2;2;2024-02-14;222700.0;222700.0;0;Wuppertal;42389;info@nftumwelt.de;
JUSTADD;1;2;1;2024-11-12;221000.0;221000.0;0;Bremen;28217;info@justadd.ai;https://justadd.ai/de/
SNTL-PUBLISHING;1;2;1;2025-06-17;221000.0;221000.0;0;Berlin;10117;info@sntl-publishing.com;https://www.sntl-publishing.com/
Holmberg GmbH & Co. KG.;1;2;2;2023-11-24;221000.0;221000.0;0;Berlin;10999;info@holmco.de;
Research Industrial Systems Engineering Forschungs-, Entwicklungs- und Großprojektberatung GmbH;1;2;2;2025-02-06;221000.0;221000.0;0;Schwechat;2320;www.welcome@rise-world.com;www.rise-world.com
Mario Reifschneider e.K. MRG Computer;1;2;2;2025-12-01;220548.0;220548.0;0;Potsdam;14469;info@lapstars.de;
Curamatik UG (haftungsbeschränkt);1;2;2;2022-01-19;220000.0;220000.0;0;Berlin;10625;;
KOHLSMANN;1;2;2;2023-04-27;219625.0;109813.0;0;Essen;45145;;
ENERGIELENKER;1;2;2;2022-04-28;218937.0;109469.0;0;Münster;48268;;
VIVAVIS AG;1;2;2;2022-08-09;218574.0;218574.0;0;Ettlingen;76275;info@vivavis.com;
SYSTEMATIK;1;2;1;2025-11-17;218460.0;109230.0;0;Paderborn;33104;info@systematik.de;
AMEDTEC;1;2;2;2024-12-13;215001.0;215001.0;0;Aue;08280;info@amedtec.de;
GE Medical Systems Information Technologies GmbH;1;2;2;2024-12-03;215001.0;215001.0;0;Freiburg im Breisgau;79111;cstenderteam@ge.com;https://www.gehealthcare.de
NETEC;1;2;1;2022-08-22;215000.0;215000.0;0;Stuttgart;70180;info@netec.de;
DAVIDSYSTEMS;1;2;2;2022-09-21;215000.0;215000.0;0;Berlin;80636;sales@davidsystems.com;
KYNDRYL;1;2;2;2023-12-11;215000.0;215000.0;0;Kelsterbach;65451;kontakt@kyndryl.com;
GO! Express & Logistics Hamburg AG;1;2;2;2023-11-13;215000.0;215000.0;0;Hamburg;20457;Dummy-eMail-eVergabe@fb.hamburg.de;
NETUSE;1;2;2;2025-10-22;215000.0;215000.0;0;Kiel;24107;rst@netuse.de;www.netuse.de
ACQUIFER;1;2;2;2022-07-05;214360.0;214360.0;0;Heidelberg;69123;b.trauernicht@acquifer.de;
ELEMENT44;1;2;1;2024-11-06;214001.0;214001.0;0;Niebüll;25899;info@element44.de;
INTEGRION;1;2;2;2023-03-01;214001.0;214001.0;0;Altenberge;48341;info@integrion.de;
Lüth & Dümchen-Automatisierungsprojekt GmbH;1;2;2;2023-07-28;214000.0;214000.0;0;Berlin;13189;;
Communication Systems Ges. für Netzwerktechnik mbH;1;2;2;2022-10-06;214000.0;214000.0;0;Neu-Isenburg;63263;;
HLSOFTWARE;2;2;2;2025-08-25;213600.0;213600.0;0;Konstanz;78462;lohs@hlsoftware.com;
EXONE;1;2;2;2022-10-18;208000.0;208000.0;0;Gersthofen;86368;project@exone.com;
DIGITRONIC;1;2;2;2025-12-30;200120.0;200120.0;0;Chemnitz;09117;info@digitronic.net;
THINKPARQ;1;2;2;2024-12-17;200000.0;200000.0;0;Kaiserslautern;67663;info@thinkparq.com;
PROSPITALIA;1;2;1;2024-03-04;200000.0;200000.0;0;Ulm;89077;N.vonBothmer@prospitalia.de;http://www.prospitalia-htrak.com
Gesellschaft für wissenschaftliche Datenverarbeitung mbH, Göttingen;1;2;2;2025-04-15;200000.0;200000.0;0;Göttingen;37077;gwdg@gwdg.de;
PROBIS MEDIA SOLUTIONS GmbH;1;2;1;2022-07-01;199375.0;99687.0;0;Hamburg;22761;;
EGOTEC;1;2;2;2024-03-22;197400.0;197400.0;0;Mosbach;74821;sales@egotec.com;
Westermann Bildungsmedien Verlag GmbH;1;2;1;2024-09-17;197340.0;197340.0;0;Braunschweig;38104;daniel.rieger@westermanngruppe.de;
ADMOVA;1;2;2;2025-03-19;197240.0;197240.0;0;Bad Camberg;65520;jens.rittscher@admova.com;
Mikrofilm-System-Vertrieb Joachim Künzel KG;1;2;2;2023-05-15;194170.0;194170.0;0;Peine;31226;info@msvpeine.de;
BPM-MEDIA;1;2;2;2025-08-11;192235.0;192235.0;0;Hamburg;22335;c.dietrichs@bpm-media.de;
ZEDAL;1;2;2;2022-09-26;191040.0;191040.0;0;Recklinghausen;45659;nemack@zedal.de;
TESTFABRIK;1;2;2;2024-06-17;189000.0;189000.0;0;Saarbrücken;66121;ausschreibungen@testfabrik.com;
BEVERUNGEN;1;2;2;2024-04-08;188839.0;188839.0;0;Paderborn;33102;bcs@beverungen.com;
Medienhaus Krause Logistik GmbH & Co. KG;1;2;2;2024-03-08;186782.0;186782.0;0;Goslar;38640;service@citipost-harz.de;
BAYOOMED GmbH;1;2;1;2023-09-15;183165.0;183165.0;2;Darmstadt;64293;;
MOC-SIMULATION;2;2;1;2024-08-13;180000.0;180000.0;0;Berlin;12487;lankes@moc-simulation.de;
AVS-MEDIENTECHNIK;1;2;2;2026-06-15;179093.0;179093.0;0;Berlin;10587;f.strucken@avs-medientechnik.de;
Shodan LLC.;1;2;2;2025-08-22;178500.0;178500.0;0;Issaquah;WA 98027;;
Hermann Lümmen GmbH;1;2;2;2024-10-08;177907.0;177907.0;0;Troisdorf-Spich;53831;info@luematic.de;
Tra­peze Switz­er­land GmbH;1;2;2;2026-03-05;174200.0;87100.0;0;Neuhausen;8212;info.ch@trapezgroup.com;
UNICEPTA GmbH;1;2;2;2022-04-19;173224.0;86612.0;0;Köln;50677;;
MIKROPROJEKT;2;2;2;2025-05-06;172340.0;172340.0;0;Kaiserslautern;67663;software@mikroprojekt.de;
MIK-CENTER;1;2;2;2022-11-28;168153.0;168153.0;0;Berlin;13129;;
CTL Computertechnik Lang;1;2;2;2023-12-19;167078.0;167078.0;0;Böhmenkirch;89558;;
FOXXAV;2;2;2;2024-04-25;155879.0;155879.0;0;Roermond;6042 KN;christian.degenhardt@foxxav.com;
GALIAS;1;2;1;2023-09-18;155863.0;77931.0;0;Bonn;53175;vertrieb@galias.de;
GRAD-GON;1;2;1;2022-10-12;153527.0;153527.0;0;Hoppegarten;15366;ackermann@grad-gon.de;
BFI Innovation GmbH;1;2;1;2022-10-12;153527.0;153527.0;0;Nürnberg;90411;alexander.kist@bfi-it.de;
ITENOS;1;2;2;2023-08-28;152424.0;152424.0;0;Bonn;53113;h.guergan@itenos.de;
PROWARE-SOLUTIONS;1;2;2;2026-06-17;151267.0;151267.0;0;Nürnberg;90409;info@proware-solutions.de;
KIENZLER;1;2;1;2026-01-16;150000.0;150000.0;0;Hausach;77756;ausschreibungen@kienzler.com;
BITCARE;1;2;2;2023-01-31;149760.0;149760.0;0;München;80469;mail@bitcare.de;
ASTENDO;1;2;2;2025-02-11;143516.0;143516.0;0;Berlin;13509;vertrieb@astendo.de;
VIIND;2;2;2;2026-02-06;142200.0;142200.0;0;Würzburg;97074;info@viind.com;
cosmico GmbH;1;2;1;2023-07-10;138850.0;54435.0;0;Ehingen;;;
KISTLER;1;2;2;2024-10-23;136537.0;136537.0;0;Sindelfingen;71063;info@kistler.de;
SMARTIFY;1;2;1;2025-12-22;130001.0;65000.0;0;London;N80QS;christopher@smartify.org;
SDFE e. K.;1;2;2;2023-07-25;128760.0;128760.0;0;Hürtgenwald;52393;rene.anstoetz@timeflex.de;
IMAGEACCESS;1;2;2;2026-03-02;126075.0;126075.0;0;Wuppertal;42281;;
HSD GmbH;1;2;2;2025-01-10;125520.0;125520.0;0;Bremen;28199;info@haendschke.de;
Intex Solutions, Inc.;1;2;2;2022-11-16;124800.0;124800.0;0;Boston;MA 02494-2807;;
MEZGER-SIKOM;1;2;2;2025-05-09;120671.0;120671.0;0;Schweinfurt;97424;benjamin.simm@mezger-sikom.de;
EVOSPARK;2;2;1;2026-06-24;113556.0;113556.0;0;Lippstadt;59555;oel@evospark.de;https://evospark.de
KL-ELECTRONICS;1;2;2;2026-02-11;110520.0;55260.0;0;Weidenberg;95466;vertrieb@kl-electronics.de;
A & O Fischer GmbH & Co.KG;1;2;1;2024-12-02;108790.0;54395.0;0;Winsen;21423;info@aof.de;
SINTEC;1;2;2;2024-05-15;107366.0;107366.0;0;Fürth;90762;sergej.peter@sintec.de;
MOLITOR-BERLIN;1;2;2;2025-06-02;105350.0;105350.0;0;Berlin;10997;info@molitor-berlin.de;
OPSCON-IT;1;2;2;2025-05-05;102816.0;102816.0;0;Dillingen;89407;info@opscon-it.de;
ForceNet GmbH;1;2;1;2023-04-24;101712.0;101712.0;0;Regensburg;;;
BAVALOG GmbH;2;2;1;2025-08-25;100647.0;100647.0;0;MarktSchwaben;85570;st.schaefer@email.de;
SOFTSOLUTION;2;2;2;2025-07-31;100260.0;100260.0;0;Lahti;15830;uschalles@softsolution.de;
HVS-CONSULTING;1;2;2;2024-03-18;99298.0;99298.0;0;Garching;85748;accounting@hvs-consulting.de;
EXOMIUM;1;2;2;2025-01-17;99067.0;99067.0;0;Ilmenau;98693;kontakt@exomium.de;
s.i.g. mbH;2;2;2;2024-08-29;83987.0;83987.0;0;Neu-Ulm;89231;tolgahan.keles@sig-ulm.de;
SPARELABS;1;2;1;2024-12-12;79454.0;79454.0;0;Vancouver;BC V6C 1B4;info@sparelabs.com;
STEPITUP;1;2;2;2026-01-27;73600.0;73600.0;0;Berlin;10315;swesner@stepitup.eu;
NOVA;1;2;1;2026-04-09;67100.0;67100.0;0;Karlsruhe;76137;m.boehm@nova.digital;
BKN GmbH;1;2;2;2025-01-06;66888.0;66888.0;0;Drensteinfurt;48317;m.knicker@bk-netzwerk.de;
MYPRINTOO;2;2;2;2024-05-03;64565.0;64565.0;0;Hamburg;22547;sale@myprintoo.de;
Netscrapers UG & Co.KG;1;2;2;2023-06-29;60700.0;30350.0;0;Jena;07743;;
TOPTRANSLATION;1;2;2;2025-09-03;58803.0;58803.0;0;Hamburg;20095;ug@toptranslation.com;http://www.toptranslation.com
AKGCIVIL;1;2;2;2023-12-18;55650.0;55650.0;0;Heitersheim;79423;cbf@akgcivil.com;
ZEUSWARE;1;2;1;2022-09-30;55462.0;55462.0;0;Berlin;12527;kaisch@zeusware.de;
BAUER-SOFTWARE;1;2;2;2023-11-07;51350.0;51350.0;0;Heppenheim;64646;info@bauer-software.de;
MIXED;1;2;1;2025-06-01;50000.0;25000.0;0;Berlin;12459;fabian.quosdorf@mixed.world;https://mixed.world
SPIE Information & Communication Service GmbH;2;2;2;2024-07-25;46614.0;46614.0;0;Düsseldorf;40599;jhaehnel@telba.de;
mrg computer Inh. Mario Reifschneider;1;2;2;2024-07-15;46588.0;46588.0;0;Potsdam;14469;info@lapstars.de;
V-BC.de Heiko Protze;1;2;2;2022-11-22;44263.0;22132.0;0;Reinsdorf;08141;ausschreibungen@v-bc.de;
ZETVISIONS;1;2;2;2022-12-19;44216.0;44216.0;0;Heidelberg;69115;bianca.mueller@zetvisions.com;
BLIC;1;2;2;2022-10-21;37706.0;37706.0;0;Berlin;12161;postmaster@blic.de;
GeT IT GmbH;1;2;2;2025-09-09;31600.0;31600.0;0;Kulmbach;95326;accmanager@get-it.gmbh;
KD Service & Consulting GmbH & Co. KG;1;2;2;2022-05-20;29642.0;14821.0;0;Lübeck;23568;info@kd-sc.de;
BACHBAER;1;2;2;2026-02-16;22799.0;22799.0;0;Berlin;10827;europa@bachbaer.com;
IRIS-SENSING;1;2;2;2026-05-08;18150.0;18150.0;0;Berlin;12439;sales-dach@iris-sensing.com;
CREDEO;1;2;1;2024-06-10;16800.0;16800.0;0;Köln;50674;info@credeo.de;https://www.credeo.io/
Han­se­Com Public Trans­port Ticke­ting Solu­ti­ons GmbH;1;2;1;2025-08-28;12000.0;12000.0;0;Hamburg;20097;hallo@hansecom.com;
EFFICOM;1;2;2;2025-05-27;10450.0;10450.0;0;Reutlingen;72766;a.effenberger@efficom.de;
3dmensionals;1;2;1;2023-11-20;10000.0;10000.0;0;Köln;50859;Dummy-eMail-eVergabe@fb.hamburg.de;
TUTOOL;2;2;1;2025-04-28;9900.0;9900.0;0;Bonn;53111;Stefan.deges@tutool.io;https://tutool.io/
ProductionToGo UG (haftungsbeschränkt);1;2;2;2025-10-07;4497.0;4497.0;0;Karlsbad;76307;mneck@production-to-go.com;
GPI-CONSULTING;1;2;1;2025-09-08;2684.0;1342.0;0;Hamburg;22335;vertrieb@gpi-consulting.de;
Hasselmann GmbH;1;2;1;2025-10-01;1764.0;882.0;0;Werra-Suhl-Tal;99837;bieterportal-alt@deutschebahn.com;
DRIVE;1;2;2;2025-07-15;1000.0;1000.0;0;Hannover;30175;pole-position@drive.eu;
ARF Gesellschaft für Organisationsentwicklung mbH;1;2;2;2024-12-23;887.0;887.0;0;Nürnberg;90411;arf@arf-gmbh.de;
INTERA;1;2;2;2023-10-26;833.0;833.0;0;Hanau;63452;bkoschier@intera.de;
BENZ-SPORT;1;2;1;2025-12-02;622.0;622.0;0;Winnenden;71364;info@benz-sport.de;
Pegasus Werbeagentur GmbH;1;2;2;2025-02-19;246.0;246.0;0;Magdeburg;39112;mahr@pega-sus.de;
CompuGroup Medical Deutschland GmbH;1;2;1;2022-12-16;200.0;100.0;2;Koblenz;56070;;
FAIRKOM;2;2;2;2026-01-27;160.0;160.0;0;Dornbirn;6850;info@fairkom.eu;http://fairkom.eu
INFRA;2;2;1;2026-05-04;160.0;160.0;0;Berlin;10243;leonie@infra.run;http://infra.run
Webworker GmbH;1;2;2;2024-04-15;100.0;100.0;0;Köln;50667;wwenzel@webworker-gmbh.de;
ADESSO-MOBILE;1;2;2;2023-04-24;;;0;Dortmund;44269;ausschreibungen@adesso-mobile.de;
3-DIGITALBRANDS;1;2;2;2024-04-25;;;0;Konstanz;78467;julia.hochfeldt@w3-digitalbrands.com;
TOOLS4EVER;1;2;2;2023-01-27;;;0;Bergisch Gladbach;51469;s.schlemmer@tools4ever.de;
Wonderwerk Consulting GmbH;1;2;2;2022-12-05;;;0;Wien;1010;;
UBS-HAINER;2;2;2;2024-07-22;;;0;Lauterbach;36341;info@ubs-hainer.com;
AIP Publishing LLC;1;2;2;2023-03-15;;;0;Melville;NY 11747-4300;;
Wisercat Software OÜ;1;2;2;2023-01-30;;;0;Tallinn;11318;;
CRYPTSHARE;1;2;2;2022-03-22;;;0;Freiburg;79102;sales@cryptshare.com;
RANDSTADDIGITAL;1;2;2;2025-04-30;;;1;München;80639;bdm.de@randstaddigital.com;https://www.randstaddigital.com
CAS, a division of the American Chemical Society;2;2;2;2025-05-30;;;0;Columbus;Ohio 43202;;
PLANET-IC;1;2;2;2023-10-30;;;0;Schwerin;19061;info@planet-ic.de;
Bechtle GmbH Bremen;1;2;2;2023-10-12;;;0;Bremen;28199 Bremen;;
Unternehmensberatung Triestram und Partner GmbH;1;2;2;2022-12-27;;;0;Bochum;44795;m.hunold@t-p.com;
EDB Software GmbH;2;2;2;2024-07-30;;;0;Frankfurt am Main;60322;benedikt.breiling@enterprisedb.com;
IT-PROFILER;1;2;1;2022-07-05;;;0;Griesheim;64347;susanne.stosch@it-profiler.com;
BRIEFLOGISTIK;1;2;2;2025-02-13;;;0;Bamberg;96050;kontakt@brieflogistik.de;
INTERCEPT;1;2;2;2026-04-28;;;0;Hamburg;22529;procurement@intercept.de;
MCD Medical Computers Deutschland GmbH;1;2;1;2024-07-17;;;0;Mönchengladbach;41179;info@mcd.de.com;
URBETHO;1;2;2;2026-01-08;;;0;Alling;82239;tender@urbetho.com;
SERVICEOCEAN;1;2;2;2025-12-01;;;0;Köln;50674;yvan.kesler@serviceocean.com;
OPTM;1;2;2;2023-05-10;;;0;Hamburg;22083;angebote@optm.de;
Royal Society of Chemistry;2;2;2;2024-02-22;;;0;CB4 0WF;Cambridge;heidrich@rsc.org;
M.IT Connect GmbH & Co. KG;1;2;1;2024-12-04;;;0;Hallstadt;96103;einkauf@m-it-conect.de;
EITCO GmbH;1;2;1;2025-10-14;;;0;Berlin;10785;;
COLLOGIA;1;2;2;2023-03-13;;;0;Köln;50678;sales@collogia.de;
AMOS-STEMPEL;1;2;2;2024-01-09;;;0;Frankfurt am Main;60325;info@amos-stempel.de;
IntelliMagic GmbH;1;2;2;2022-10-21;;;0;Augsburg;86159;;
DTV-VERKEHRSCONSULT;1;2;2;2024-04-10;;;0;Aachen;52076;info@dtv-verkehrsconsult.de;
SEMANTICS;1;2;1;2024-03-11;;;0;Aachen;52066;info@semantics.de;
INRIX;1;2;1;2024-12-05;;;0;Muenchen;80939;info@inrix.com;https://inrix.com/
PLATOMO;1;2;2;2026-05-21;;;0;Karlsruhe;76137;geschaeftsfuehrung@platomo.de;
Raum Für Führung GmbH;1;2;2;2026-01-26;;;0;Frankfurt am Main;60486;kontakt@rf-f.com;
JG Fuhrunternehmen;1;2;1;2025-12-20;;;0;Berlin;12209;tender@service-health.de;https://www.service-health.de/
FACTS-FIGURES;1;2;2;2023-05-17;;;0;Düren;52349;Ausschreibung@facts-figures.de;
RWP-SOFTWARE;1;2;2;2025-08-27;;;0;Ansbach;91522;serviceleitung@rwp-software.de;
TTS CS GmbH;1;2;2;2022-06-21;;;0;Heidelberg;69115;salessupport@tt-s.com;
Recare Deutschland GmbH;1;2;2;2025-01-31;;;0;Berlin;10559;alina.annen@recaresolutions.com;
VENUZLE;1;2;2;2025-02-11;;;0;Graz;8010;hallo@venuzle.at;
ENBW;2;2;2;2025-06-24;;;0;KArlsruhe;76131;cybersecurity@enbw.com;
EAB-RHEIN-MAIN;2;2;2;2023-06-30;;;0;Dietzenbach;63128;mail@eab-rhein-main.de;
QURASOFT;1;2;1;2024-04-29;;;0;Koblenz;56072;kontakt@qurasoft.de;https://www.qurasoft.de
N3K;1;2;2;2024-04-12;;;0;Heilbronn;74074;info@n3k.de;
Siemens AG München;1;2;1;2023-08-21;;;0;München;;;
medisite Service GmbH;1;2;1;2025-03-04;;;0;Hannover;30625;no@emailaddress.given;
C.B.C. Computer Business Center GmbH;1;2;2;2025-11-03;;;1;Frankfurt am Main;60528;;
PARKEFFICIENT;1;2;2;2026-03-12;;;0;Düsseldorf;40213;ausschreibung@parkefficient.de;
BIORENDER;1;2;2;2026-04-02;;;0;Toronto;M5V 2J1;philip@biorender.com;www.biorender.com
ALEXANDERTHAMM;1;2;2;2026-03-13;;;0;München;80637;info@alexanderthamm.com;
Infora GmbH;1;2;1;2024-07-01;;;0;München;81671;vertrieb-infora@materna.group;
Peter Brahl Schweisstechnik;1;2;2;2026-03-26;;;0;Berlin;12489;info@eviden.com;
DIGITEVO;1;2;1;2025-04-19;;;0;Wettenberg;35435;einkauf@digitevo.de;
Sopra Financial Technology GmbH;1;2;1;2026-05-05;;;1;Nürnberg;20539;;
VDE-VERLAG;1;2;1;2025-12-03;;;0;Berlin;10625;kundenservice@vde-verlag.de;
Deichtec GmbH & Co. KG;1;2;2;2022-03-29;;;0;Emden;26725;;
PRICESYSTEMS;2;2;2;2025-09-04;;;0;Rüsselsheim;65428;fabian.eilingsfeld@pricesystems.com;
KAT-DELIVERY;1;2;2;2023-05-08;;;0;Hemmingen;30966;t.schwabe@kat-delivery.de;
handz.on GmbH;1;2;1;2023-06-12;;;0;München;80999;info@scienitec.de;
GOVIRTUAL-GERMANY;1;2;2;2024-11-18;;;0;Ratingen;40880;thomas.geissler@govirtual.eu;
Universitätsklinikum Aachen AöR;2;2;1;2023-12-29;;;0;Esbjerg N;6715;glaser@valueadders.dk;
TRUST-HALLE;2;2;2;2025-12-18;;;0;Halle;06116;r.blume@trust-halle.de;
Dataciders GmbH;1;2;1;2026-02-23;;;0;Dortmund;44139;andreas.brenner@prodato.de;
CAMBRIDGE;1;2;2;2025-07-16;;;0;Cambridge;CB2 8EA;directcs@cambridge.org;
AFL Telecommunications GmbH;1;2;2;2022-09-13;;;0;Mönchengladbach;41238;EMEAsales@AFLglobal.com;
DIGITAL-H;2;2;2;2026-04-08;;;0;Grevenbroich;41516;l.hoefer@digital-h.de;https://digital-h.de
THIES-FOR-WORK;2;2;1;2024-09-28;;;0;Stadtlohn;48703;info@thies-for-work.de;
BAKDATA;1;2;2;2025-08-19;;;0;Berlin;10623;alexander.albrecht@bakdata.com;
berolina bürotechnik- vertrieb Findeisen & Partner GmbH;1;2;2;2023-01-23;;;0;Berlin;12681;;
LEHMANNS;1;2;2;2024-12-17;;;0;Berlin;10587;thurner@lehmanns.de;https://www.lehmanns.de
STORDIS GmbH;1;2;2;2023-02-21;;;0;Stuttgart;70567;;
VALUZE;1;2;2;2024-01-08;;;0;Fürth;90762;info@valuze.de;
BUEROWALTHER;1;2;2;2025-06-16;;;0;Oelsnitz;08606;info@buerowalther.de;
BenHur GmbH;1;2;1;2022-11-28;;;0;Köln;50670;;
up2date solutions GmbH;1;2;1;2024-08-06;;;0;Nürnberg;90489;info@u2d.de;
ACTAGO;1;2;2;2023-12-19;;;0;Landau a.d. Isar;94405;info@actago.de;
Giesecke+Devrient Gesellschaft mit beschränkter Haftung;1;2;2;2025-11-07;;;0;München;81677;info@gi-de.com;
EBICORNS;1;2;1;2024-07-04;;;0;Köln;50667;philipp.thiele@webicorns.com;
SEMPER-PROSPERA;2;2;1;2026-01-02;;;0;Weilburg;35781;christian.sibus@semper-prospera.de;
H&G Hansen & Gieraths EDV Vetriebsgesellschaft mbH;1;2;2;2026-02-02;;;0;Bonn;53111;Ausschreibungen@hug.de;https://www.hug.de
EVISCO;1;2;2;2022-10-21;;;0;München;91679;contact@evisco.com;
TRIGONOVA;2;2;2;2026-03-30;;;0;Haigerloch;72401;marc.luippold@trigonova.de;
HBT;1;2;1;2024-10-29;;;0;Hamburg;20355;info@hbt.de;
DOUBLE-SKILL;1;2;1;2024-06-14;;;0;Berlin;10117;Vicki.Thiel@double-skill.com;
IDICOS;1;2;2;2025-09-05;;;0;Schriesheim;69198;info@idicos.de;
ITACS;1;2;2;2023-05-10;;;0;Berlin;10115;vertrieb@itacs.de;
AMC - Advanced Medical Communication Holding GmbH;1;2;1;2024-12-20;;;0;Hamburg;20095;info@amc-gmbh.com;
MAIKS;1;2;2;2023-05-26;;;0;Mannheim;68307;team-vertrieb@maiks.de;
LOCAL-BRAND-X;1;2;1;2024-02-07;;;0;Mainz;55122;info@local-brand-x.com;
DEED-CONSULTING;1;2;1;2025-11-21;;;1;Langenfeld (Rheinland);40764;consulting@deed-consulting.de;https://www.deed-consulting.de/
TIXELTEC;1;2;2;2024-07-29;;;0;Hannover;30625;office@tixeltec.com;
voestalpine Signaling GmbH;1;2;2;2023-07-18;;;0;Siershahn;56427;;
AMCM;1;2;2;2025-05-07;;;0;Starnberg;82319;sina.trik@amcm.com;
Hytera Mobilfunk GmbH;1;2;2;2024-05-29;;;0;Bad Münder;31848;info@hmf-germany.com;
CALUMETPHOTO;1;2;1;2022-11-30;;;0;Essen;22765;b2b@calumetphoto.de;
VISTAFON;1;2;2;2023-07-24;;;0;Mainz;55120;service-mainz@vistafon.de;
KNIME;1;2;2;2024-01-29;;;0;Zürich;8001;herbert.heiss@knime.com;
CONIGON;1;2;2;2022-08-23;;;0;Dillingen;66763;p.rheinert@conigon.com;
LOGOBJECT;1;2;2;2024-10-28;;;0;Opfikon;8152;bieterportal-alt@deutschebahn.com;
SYNFLOW;1;2;2;2023-11-23;;;0;Altenberge;48341;info@synflow.de;
SSM-RHEIN-RUHR;1;2;2;2026-05-29;;;0;Köln;50829;;
Der Lünebote GmbH;1;2;2;2024-01-29;;;0;Lüneburg;21337;cn@luenebote.de;
Resch¿s Dienstleistungen;2;2;2;2024-06-26;;;0;Chemnitz;09120;resch.transporte@web.de;
4N IT-Solutions GmbH;1;2;1;2025-08-25;;;0;Flein;74223;info@4n.de;
AVENTEM;2;2;2;2025-04-21;;;0;Hilden;40721;info@aventem.de;
MDPI;2;2;2;2024-03-19;;;0;Basel;4052;ioap@mdpi.com;
LIGHTPOWER;1;2;2;2025-09-26;;;0;Paderborn;33102;;
MEDATIXX;1;2;2;2025-04-23;;;0;Eltville am Rhein;65343;petra.gebenroth-mueller@medatixx.de;https://medatixx.de/impressum/
Aeron Deutschland GmbH;1;2;1;2025-07-01;;;0;Mainz;55124;info@aareon.com;https://www.aareon.de
BLITZHANDEL24;2;2;2;2026-05-18;;;0;31135;Senator-Braun-Allee;ausschreibung@blitzhandel24.de;
CELONIS;2;2;2;2024-03-06;;;0;München;80333;info@celonis.de;
FOCHLER;1;2;2;2025-12-08;;;0;Wiesbaden;65203;k.fochler@fochler.com;
STANDARDSANDMORE;1;2;2;2024-10-29;;;0;Neuried;82061;timo.kandler@standardsandmore.com;
SCHUFA;1;2;2;2022-03-28;;;0;Wiesbaden;65203;vp-anbindung@schufa.de;
Mesalvo Freiburg GmbH;1;2;2;2023-01-02;;;0;Freiburg;79100;;
PricewaterhouseCoopers GmbH;1;2;2;2025-06-12;;;0;Köln;50668;DE_Kontakt@pwc.com;
SECUINFRA;1;2;2;2026-03-30;;;0;Berlin;10365;info@secuinfra.com;
ACONITY3D;1;2;2;2022-12-08;;;0;Herzogenrath;52134;machines@aconity3d.com;
FUJIFILM;2;2;2;2024-07-03;;;0;Kleve;47533;marcus.diessner@fujifilm.com;
TREVEDI;1;2;2;2025-05-12;;;0;Köln;51105;info@trevedi.de;
PLS;1;2;2;2025-02-24;;;0;Leinfelden-Echterdingen;70711;erik.reuss@pls.ag;
OPTOPRECISION;1;2;2;2025-05-23;;;0;Bremen;28357;info@optoprecision.de;
The Royal Society of Chemistry;2;2;2;2024-12-20;;;0;Cambridge;CB4 0WF;jnl_licences@rsc.org;
Codesphere GmbH;2;2;1;2026-04-27;;;0;Karlsruhe;76227;;
USERLUTIONS;1;2;2;2025-03-10;;;0;Berlin;10245;anne.rauhut@userlutions.com;
AXES4;1;2;2;2025-05-05;;;0;Zürich;8045;office@axes4.com;
NEMO-AI;1;2;1;2025-04-22;;;0;Weilerbach;67685;info@nemo-ai.com;https://www.nemo-ai.com/
IDM GmbH;1;2;2;2026-04-16;;;0;Hamburg;20251;hallo@idmedizin.de;
BORISGLOGER;1;2;2;2023-09-01;;;1;Frankfurt;60327;sales@borisgloger.com;
Schröter Bürobedarf + EDV-Zubehör GmbH;1;2;2;2025-12-23;;;1;Tönisvorst;47918;ifrank@schroeter.gmbh;
NEXIS-SECURE;1;2;2;2024-03-14;;;0;Regensburg;93053;contact@nexis-secure.com;
EVASYS;2;2;2;2026-02-20;;;0;Lüneburg;21337;tc@evasys.de;https://evasys.de/
cortility gmbh;1;2;2;2025-11-14;;;0;Ettlingen;76275;;http://www.cortility.de
HERZOGKOMMUNIKATION;1;2;2;2023-11-27;;;1;Stuttgart;70197;info@herzogkommunikation.de;
SYNCPILOT;1;2;1;2024-04-12;;;0;Augsburg;86156;info@syncpilot.com;https://www.syncpilot.com
CONSTAFF;1;2;1;2025-12-20;;;1;Heidelberg;69115;fabian.goetz@constaff.com;https://www.constaff.com/unternehmen/
EFFECTIVE-WEBWORK;1;2;2;2025-05-05;;;0;Hamburg;20354;info@effective-webwork.de;
BESTSOLUTION;1;2;2;2025-04-22;;;0;Innsbruck;6020;bernd.reitmair@BestSolution.at;
BridginglT GmbH;1;2;1;2025-08-11;;;0;Mannheim;68161;info@bridgir19-it.de;https://www.bridging-it.de
Technocrane s.r.o.;2;2;2;2025-05-14;;;0;Pilsen;30100;info@supertechno.com;
GO!Express & Logistics Frankfurt GmbH;1;2;2;2023-10-23;;;1;Frankfurt am Main;60489;;
ALPHASTRIKE;1;2;2;2025-10-06;;;0;Berlin;12489;tobias.zillner@alphastrike.io;
BBM Beratung Beteiligung Management GmbH;1;2;2;2024-03-22;;;0;Bonn;53115;dwe@bbm-koeln.de;
APPBASE;1;2;2;2026-04-07;;;0;Hamburg;20354;info@appbase.hamburg;
NOVOMIND;1;2;2;2024-10-18;;;0;Hamburg;22177;cbalu@novomind.com;
OTTO-THEOBALD;1;2;2;2025-05-13;;;0;Stuhr;28816;ot@otto-theobald.de;http://otto-theobald.de
m box bewegtbild GmbH;1;2;1;2025-05-26;;;0;Berlin;10115;michaela.goellner@m-box.de;
Visible Solutions AG;1;2;1;2025-12-17;;;0;Zürich;8005;no@emailaddress.given;
THREEMA;1;2;2;2022-04-29;;;0;Pfäffikon;8808;info@threema.ch;
CROWNPEAK;1;2;2;2026-03-16;;;0;Dortmund;44269;info-dach@crownpeak.com;
CANCOM GmbH Nord/Ost;1;2;1;2025-09-29;;;0;Jettingen-Scheppach;89343;Dummy-eMail-eVergabe@fb.hamburg.de;
NEXUS-MARABU;2;2;1;2024-10-21;;;0;Berlin;10829;info@nexus-marabu.de;https://www.nexus-marabu.de/
Exactag GmbH;1;2;2;2023-11-03;;;0;Düsseldorf;40468;bieterportal-alt@deutschebahn.com;
SKLM;1;2;2;2025-11-03;;;0;Dresden;01219;sende@sklm.de;
INTUITIVE-AI;1;2;2;2025-07-11;;;0;Hamburg;20354;pajam.hassan@intuitive-ai.com;https://www.intuitive-ai.de
SECLOUS;1;2;2;2026-05-04;;;0;München;81379;info@seclous.com;
CAPITA-EUROPE;1;2;1;2023-08-18;;;0;Berlin;12489;info.europe@capita-europe.com;
Petschow & Thiel GmbH;1;2;2;2025-04-23;;;0;Walddorfhäslach;72141;info@ostertagdetewe.de;
TRIBE29;1;2;2;2023-07-14;;;0;München;81667;sales@tribe29.com;
TRAFI;1;2;2;2025-08-12;;;0;Berlin;10719;info@trafi.com;
HITERABBITSECURITY;1;2;2;2025-12-18;;;0;Sulzemoos;85254;office@whiterabbitsecurity.com;
MPS-SOLUTIONS;1;2;2;2022-12-12;;;0;Koblenz;56070;vertrieb@mps-solutions.de;
INROS-LACKNER;1;2;2;2022-11-16;;;0;Dresden;01069;;
ROCOM;1;2;2;2024-03-27;;;0;Riedering;83083;info@rocom.de;
T-Systems Road User Services GmbH;2;2;1;2025-09-30;;;0;Bonn;53113;SalesSupportCircle@mg.telekom.de;
QUANTCO;1;2;1;2025-03-14;;;0;Karlsruhe;76131;info@quantco.com;
Dresdner Wach- und Sicherungsinstitut GmbH;1;2;2;2025-08-18;;;0;Dresden;01109;tatjana.kumpe@dwsi.de;
KERNBLICK;1;2;1;2025-10-17;;;0;Paderborn;33104;linneweber@kernblick.de;
MOBILFUNK-KALTOFEN;1;2;2;2025-11-24;;;0;Dresden;01257;info@mobilfunk-kaltofen.de;
HUCON;2;2;2;2023-10-31;;;0;Heubach;73540;christian.burr@hucon.com;
TLN;1;2;2;2024-06-21;;;0;Mainz;55129;info@tln-werbemittel.de;https://www.tln-werbemittel.de/
CARSYNC;2;2;2;2026-01-27;;;0;München;80807;flottenmanagement@carsync.de;
UNITY3D;2;2;2;2026-03-27;;;0;San Francisco;94105;mathias.wochnig@unity3d.com;
Klett MINT GmbH;1;2;1;2022-02-14;;;0;Stuttgart;;;
DSC Unternehmensberatung und Software GmbH;1;2;2;2026-02-26;;;1;Schriesheim;69198;tender@dsc-gmbh.com;
INNOQ;1;2;2;2025-06-30;;;0;Monheim am Rhein;40789;info@innoq.com;
CONACTIVE;1;2;1;2024-12-31;;;0;Deggendorf;94469;deggendorf@conactive.de;
SOORCE;1;2;2;2023-05-10;;;0;Mannheim;68163;Bid-Management@soorce.de;
POENICKE-CONSULTING;2;2;2;2026-03-24;;;0;Kritzmow;18198;info@poenicke-consulting.de;
BSCD;1;2;2;2023-03-13;;;0;Brühl;50321;info@bscd.de;
DOCSINCLOUDS;1;2;2;2025-01-29;;;0;Aachen;52074;info@docsinclouds.com;
CONCUR;1;2;1;2024-12-27;;;0;s'-Hertogenbosch;5232;privacy-request@concur.com;
Wagner TransportSystem GmbH & Co. KG;1;2;1;2024-01-19;;;0;Potsdam;14478;vergabestelle@Landeslabor-bbb.de;
HYPE;1;2;2;2025-02-18;;;0;Bonn;53115;kevin.jahn@hype.de;
ASSIMA;1;2;2;2024-09-27;;;0;Walldorf;69190;Sven.Semet@assima.net;
UDATA GmbH;1;2;2;2023-02-03;;;0;Neustadt/Weinstraße;;;
Brandperform UG (haftungsbeschränkt);1;2;2;2023-01-03;;;0;Wien;1040;ausschreibungen-eduwerk@acp.de;
lindgrün  GmbH;1;2;1;2024-11-05;;;0;Berlin;10555;r.hanke@lindgruen-gmbh.com;
ASSEMBLE;1;2;2;2025-06-17;;;0;Munich;80636;mam@assemble.de;
aLIVE-Service GmbH;1;2;2;2024-08-22;;;0;Magdeburg;39120;martin.behmann@alive-service.de;
Schoppa Institut GmbH;1;2;2;2022-12-05;;;0;Berlin;12207;;
Media Markt TV-HiFi-Elektro GmbH Neuburg a.d. Donau;1;2;1;2023-07-24;;;0;Neuburg a.d. Donau;;;
s.i.g. System Informations GmbH;2;2;1;2023-11-06;;;0;Neu-Ulm;89231;info@sig-ulm.de;
GPSOVERIP;1;2;2;2022-10-18;;;0;Schweinfurt;97424;d.jurleit@gpsoverip.de;
KRAMM-LEIPZIG;1;2;2;2024-05-14;;;0;Leipzig;04129;info@kramm-leipzig.de;
AT-CRIS;1;2;2;2024-12-11;;;0;Karlsruhe;76149;andreas.engfer@at-cris.com;
REDWOOD;2;2;2;2024-05-21;;;0;Düsseldorf;40472;mark.robinson@redwood.com;
CONETISB;1;2;2;2025-03-10;;;0;Karlsruhe;76227;info@conetisb.de;
iRZ GmbH;1;2;1;2025-11-04;;;0;Feucht;90537;info@i-rz.de;
H&H CommunicationLab GmbH;1;2;2;2022-11-11;;;0;Ulm;89077;;
Alfabet BD GmbH;1;2;1;2025-12-10;;;0;Berlin;10629;c.reich@bizzdesign.com;
ECOSPEED Deutschland GmbH;1;2;2;2025-11-18;;;0;Brühl;50321;Dummy-eMail-eVergabe@fb.hamburg.de;
ATINO;1;2;2;2025-09-02;;;0;Bochum;44795;info@atino.de;https://www.atino.de
BYTE5;2;2;2;2023-11-07;;;0;Frankfurt am Main;60327;ckoehler@byte5.de;
JacPer UG (haftungsbeschränkt);1;2;2;2024-06-18;;;0;Kiel;24118;ausschreibungen@northdocks.com;
PLUS-IT;1;2;2;2022-03-07;;;0;Murnau;82418;support@plus-it.de;
NEXTRON-SYSTEMS;1;2;2;2026-05-08;;;0;Dietzenbach - Hesse;63128;stephan.kaiser@nextron-systems.com;https://www.nextron-systems.com
Braincourt GmbH;1;2;2;2022-09-30;;;0;Leinfelden-Echterdingen;70711;;
CANCOM Austria AG;1;2;1;2024-09-16;;;0;Wien;1120;martin.unterberger@cancom.com;
MODUSCONSULT;1;2;1;2024-12-16;;;0;Karlsruhe;76227;Karlsruhe@modusconsult.net;
Vilua Healthcare GmbH;1;2;2;2023-04-27;;;0;Berlin;10245;;
ViMP GmbH;1;2;2;2022-06-03;;;0;München;80992;Dummy-eMail-eVergabe@fb.hamburg.de;
Scheupen AG;2;2;2;2024-06-07;;;0;Ettlingen;76275;info@schleupen.de;
vph GmbH & Co. KG;1;2;2;2025-12-22;;;0;Hemmingen;30966;htepp@igepagroup.com;
UZUNER-CONSULTING;1;2;2;2025-01-06;;;0;Bremen;28359;info@uzuner-consulting.com;
MOCIETY;1;2;2;2024-03-12;;;0;Wiesbaden;65207;ernst@mociety.de;
GJHANDEL;1;2;2;2023-09-28;;;0;Bentwisch;18182;i.robatteux@gjhandel.de;
Comsysto Reply GmbH;1;2;2;2022-12-27;;;0;München;80992;;
ITROXX;1;2;2;2022-12-13;;;0;München;80336;sweigelt@itroxx.de;
INFOSYS;1;2;1;2026-03-02;;;0;Frankfurt am Main;60306;Sofia.trojanowska@infosys.com;
inline Kurierdienst GmbH;1;2;2;2023-08-02;;;0;Hamburg;20097;;
CLOUDETEER;1;2;1;2025-11-10;;;0;Hamburg;20539;ms@cloudeteer.de;https://www.cloudeteer.de
MEDICALVALUES;2;2;2;2025-11-24;;;0;Karlsruhe;76131;carmen.diker@medicalvalues.de;http://medicalvalues.de/de
Dedalus Healtcare GmbH;1;2;2;2023-06-02;;;0;Stuttgart;53227;;
BDE Business Datawarehouse Engineering GmbH;1;2;2;2025-11-24;;;0;Berlin;12623;;http://www.bde-gmbh.de
Nagarro ES GmbH;2;2;1;2025-11-26;;;0;Leverkusen;51379;;http://www.nagarro-es.com
DIALOGGROUP;2;2;2;2025-12-17;;;0;Kleeve;47533;achim.schuch@dialoggroup.eu;
NEWI-PROAV;1;2;2;2026-03-26;;;0;Münster;48157;t.hildebrandt@pro-av.de;https://www.newi-proav.de/
STRATASYS;1;2;2;2022-01-25;;;0;Rheinmünster;77836;Miodrag.Slepcevic@stratasys.com;
ceterion AG;1;2;2;2026-06-08;;;0;Bad Vilbel;61118;;
Lexmark Deutschland GmbH;1;2;1;2026-03-02;;;0;Neu-Isenburg;63263;bieterportal-alt@deutschebahn.com;
ONVENTIS;1;2;2;2024-07-16;;;0;Stuttgart;70563;info@onventis.de;
Database Service Provider Global Limited;1;2;1;2025-02-03;;;0;London;EC3V 0HR;info@dsp.co.uk;https://www.dsp.co.uk
VITERO;1;2;2;2022-03-11;;;1;Stuttgart;70569;info@vitero.de;
National Academy of Sciences;2;2;2;2026-05-04;;;0;Washington;DC 20001;;
HSH Hard,- und Software GmbH;1;2;1;2026-05-20;;;0;Ahrensfelde;16351;;
AVS-DESSAU;1;2;2;2024-09-18;;;0;Dessau-Rosslau;06842;stefan.heubner@avs-dessau.de;
limes datentechnik gmbh;1;2;2;2026-06-09;;;0;Bad Homburg v. d. H.;61348;;
COBRA;1;2;2;2024-11-28;;;0;Konstanz;78467;info@cobra.de;
Satz-Rechen-Zentrum Hartmann + Heenemann GmbH & Co. KG.;1;2;2;2022-03-29;;;1;Berlin;12103;;
LOHMANN-BIRKNER;1;2;2;2022-07-28;;;0;Berlin;13407;ausschreibungen@lohmann-birkner.de;
ITOMIG;1;2;2;2025-07-23;;;0;Kehl;77694;info@itomig.de;
CENTERCON;2;2;2;2025-05-26;;;0;Darmstadt;64295;Info@centercon.de;
VAISALA;1;2;2;2024-12-20;;;0;Hamburg;22607;helpdesk@vaisala.com;
HDP-MANAGEMENT;1;2;2;2025-03-24;;;0;Frankfurt am Main;60486;axel.albert@hdp-management.com;http://www.hdp-management.com
Pan Dacom AG;1;2;2;2022-12-20;;;0;Dreieich;63303;;
STORTREC;1;2;2;2024-10-21;;;0;Niedernberg;63843;webmaster@stortrec.com;
AQUA-INSTITUT;2;2;2;2025-05-26;;;0;Göttingen;37441;ausschreibungen@aqua-institut.de;https://www.aqua-institut.de/
METAVENTIS;1;2;2;2025-06-10;;;0;Weimar;99425;management@metaventis.com;https://edu-sharing.com
Rücker + Schindele Beratende Ingenieure GmbH;1;2;2;2022-01-19;;;0;München;81371;Akquise@RundS.de;
Blumenhandel Rostock GmbH;1;2;2;2023-08-08;;;0;Kerpen;50170;;
DINKEL-FOTO;1;2;2;2022-07-26;;;0;München;;;
ADITUS;1;2;2;2025-12-19;;;0;Hannover;30539;s.grein@aditus.de;http://www.aditus.de
EVATECNET;1;2;1;2025-12-16;;;0;Aschheim;85609;andre.schenk@evatecnet.com;
Atos Holding Germany 1 GmbH;1;2;1;2023-08-24;;;0;München;81739;Caroline.Lange@eviden.com;
P.S.I. Speditions GmbH;1;2;2;2025-03-24;;;0;Oberschleißheim;85764;info@psi-spedition.de;
INSIDERTECH;1;2;2;2022-02-07;;;0;Manchester;M30 0BL;hello@insidertech.co.uk;
ACCOMPIO;2;2;1;2025-11-14;;;0;Einbeck;37574;info@accompio.com;http://accompio.com
NEXUS-EPS;1;2;1;2025-07-24;;;0;Donaueschingen;78166;info@nexus-eps.de;
American Chemical Society (ACS);1;2;2;2022-12-22;;;0;Washington, DC;20036;;
IBM iX Berlin;1;2;2;2025-08-22;;;0;Berlin;10115;tender@ibmix.de;
DMS Consulting GmbH;1;2;2;2024-07-08;;;0;Köln;50968;nrwinvest@dmsweb.de;
Integrity Next GmbH;1;2;1;2025-08-13;;;0;München;80336;bieterportal-alt@deutschebahn.com;http://www.integritynext.com
GTS Deutschland GmbH;1;2;2;2024-09-30;;;0;Ditzingen;71254;DE-Thales.SalesDomestic@thalesgroup.com;
ILMCAD;1;2;2;2023-03-29;;;0;Ilmenau;98693;joerg.lemcke@ilmcad.de;
DATACIDERS;2;2;2;2026-05-11;;;0;Dortmund;44139;andreas.brenner@dataciders.com;
Aumio GmbH;1;2;2;2023-09-27;;;0;Berlin;14167;;
NACHTBLAU;1;2;2;2025-07-07;;;0;Hamburg;20251;m.jonas@nachtblau.tv;http://nachtblau.tv
KALISCH-GMBH;1;2;2;2025-10-22;;;0;Herten;45699;info@kalisch-gmbh.de;
IRIAN;1;2;1;2024-02-06;;;0;Oldenburg;26135;marcus.kroeger@irian.eu;
Martin Heigermoser - IT Consulting;1;2;2;2025-09-30;;;0;München;81543;martin.heigermoser@higrow.me;
Software2 GmbH;1;2;1;2025-12-19;;;0;München;80538;;https://www.software2eu.de/
Dietz Automation & Umwelttechnik GmbH;1;2;2;2023-04-20;;;0;Neukirchen;34626;;
THOR-EDV Gmbh & Co. KG;1;2;2;2022-06-27;;;0;Neumünster;24536;;
MESSTECHNIK-MEHL;1;2;2;2025-02-14;;;0;Wolfhagen;34466;INFO@MESSTECHNIK-MEHL.DE;
BLOOMBERG;2;2;2;2026-01-27;;;0;New York;10022;germany@bloomberg.net;https://www.bloomberg.com/
E.W. NEU GMBH  Großhandel;1;2;1;2025-05-19;;;0;Berlin;10559;info@pin-logistik.de;
HYBRIDHEROES;1;2;2;2025-05-12;;;0;Berlin;10999;hello@hybridheroes.de;
LKV Service GmbH;1;2;1;2026-06-18;;;0;München;80319;vvvo@lkv.bayern.de;www.lkv.bayern.de
FRENTIX;1;2;2;2025-05-05;;;0;Zürich;8037;contact@frentix.com;
SECONDRED;1;2;2;2026-06-01;;;0;Erfurt;99084;post@secondred.de;
Decadis AG;1;2;2;2023-06-23;;;0;Koblenz;56068;;
B.S.M. Bürosysteme Vertriebs GmbH;1;2;2;2024-10-07;;;0;Dachau;85221;marcus.gottfried@bsm-office.de;
G & W Software AG;1;2;2;2025-09-02;;;0;München;81671;as@gw-software.de;
HORN-GOERWITZ;1;2;2;2023-02-27;;;0;Berlin;10553;info@horn-goerwitz.de;
ITEXTPDF;1;2;2;2022-12-05;;;0;Gent- Zwijnaarde;9050;juergen.zeller@itextpdf.com;
MEHRKANAL;1;2;2;2025-06-16;;;0;Essen;45130;brueggemann@mehrkanal.com;
Zimmermann Electronic Vertriebs GmbH;1;2;2;2025-06-24;;;0;Darmstadt;64283;michael.zimmermann@zeg-shop.de;
PRESSRELATIONS;1;2;2;2026-02-26;;;0;Düsseldorf;40211;rolf.frison@pressrelations.com;
BN-AUTOMATION;1;2;1;2024-12-13;;;0;Ilmenau;98693;vertrieb@bn-automation.de;
LUP-UMWELT;1;2;2;2024-12-13;;;0;Potsdam;14469;info@lup-umwelt.de;
ONEDATA;1;2;1;2025-01-21;;;0;München;80538;contact@onedata.de;
INTEGRATION-EXPERTS;2;2;2;2025-05-19;;;0;Dresden;01277;info@integration-experts.de;
SCANDIO;1;2;2;2024-01-29;;;0;München;81737;sales@scandio.de;
DFS Deutsche Forstservice GmbH;1;2;1;2024-07-22;;;0;Wiesbaden;65205;mail@sva.de;
Biebl M. Netzwerksysteme;1;2;2;2024-02-01;;;0;Waldkirchen;94065;info@netz-systeme.de;
American Physical Society (APS);2;2;2;2026-01-07;;;0;College Park;MD 20740;;
GOODHABITZ;1;2;1;2025-12-12;;;0;Frankfurt am Main;60329;germany@goodhabitz.com;http://www.goodhabitz.com
Kontron Transportation Deutschland GmbH;1;2;2;2026-02-23;;;0;Immenstaad am Bodensee;88090;bieterportal-alt@deutschebahn.com;
Die Software Objektway Group GmbH;1;2;1;2022-01-18;;;0;85560 Ebersberg;;;
ORIANDA;1;2;2;2023-03-13;;;1;Tägerwilen;8274;contact@orianda.com;
Voit& Partner GbR;1;2;1;2026-03-20;;;0;Augsburg;86165;marco.plut@acp.de;http://www.acp.de
IPS Projects GmbH;1;2;2;2023-08-11;;;0;Mainz;55116;;
Martens & Augustin Bürodienst GmbH;1;2;2;2023-07-11;;;0;Hamburg;22113;;
P3 automotive GmbH;1;2;2;2025-12-23;;;0;Stuttgart;70191;kristina.yasmut@p3-group.com;http://www.p3-group.com
PHOENIX-PACS;1;2;2;2024-02-29;;;0;Freiburg im Breisgau;79114;info@phoenix-pacs.de;
Object Vision Software AG;1;2;2;2024-08-20;;;0;Unterhaching;82008;jacob.rosendorfer@ovsag.de;
DB Services GmbH;1;2;2;2023-09-04;;;0;Berlin;10115;marius.hiegler@deutschebahn.com;
CLIMATEVIEW;1;2;2;2025-07-18;;;0;Stockholm;11120;michael@climateview.global;http://de.climateview.global
DATRONIC;2;2;1;2024-12-19;;;0;Augsburg;86157;s.fendt@datronic.de;http://www.datronic.de
Telekom Deutschland GmbH - Region Sued;1;2;2;2023-03-27;;;0;Nürnberg;90441;infrastruktur-sued@telekom.de;
IMSYS-VR;1;2;2;2022-05-17;;;0;Leonberg;71229;tankred.magg@imsys-vr.com;
Global Media Services Gesellschaft mit beschränkter Haftung;1;2;1;2023-06-26;;;0;Schwalbach;65824;o.kuhlmann@gms-gmbh.eu;
PHIPARTNERS;1;2;1;2023-12-04;;;0;Frankfurt am Main;60598;KfW@phipartners.com;
in-factory GmbH;1;2;2;2023-09-04;;;0;Tagelswangen;8317;;
EWV Elektronik - Wartung - Vertrieb GmbH;1;2;2;2026-05-20;;;0;Giengen;89537;vertrieb@ewv-kontrollsysteme.de;
MVST;1;2;2;2022-05-31;;;0;München;80802;niklas@mvst.co;
Global Network e. V.;1;2;2;2025-03-04;;;1;Berlin;10557;info@global-network.ag;http://www.global-network.ag
NTS Netzwerk Telekom Service AG;1;2;1;2022-10-11;;;0;Raaba - Grambach;8074;;
MINDBOX;1;2;2;2024-11-12;;;0;Dresden;01099;willkommen@mindbox.de;
Technologieberatung Helge Haug;1;2;2;2024-10-08;;;0;Ludwigsburg;71640;helge.haug@swtech.de;
ERKRAUM;1;2;2;2025-06-02;;;1;Karlsruhe;76131;info@werkraum.net;
MAINSTORCONCEPT;1;2;2;2024-11-18;;;0;Ettlingen;76275;info@mainstorconcept.com;
Production Resource Group AG;1;2;1;2025-04-21;;;0;Hamburg;22763;Ausschreibungen@prg.com;
MINDDISTRICT;1;2;2;2026-04-20;;;0;Berlin;10117;t.meier@minddistrict.com;https://www.minddistrict.com/de-de
PYRAMID;1;2;1;2023-12-29;;;0;Freiburg;79111;sales@pyramid.de;
Veeam Software GmbH;1;2;2;2022-09-29;;;0;München;81829;;
BE-TERNA;2;2;1;2025-11-24;;;0;Sindelfingen;71069;office@be-terna.com;
conscia Deutschland GmbH;1;2;1;2024-07-26;;;0;Ettlingen;76275;kontakt@xevit.com;
Thönnes Datensysteme GmbH;1;2;2;2023-03-27;;;1;München;81245;m.kenda@thoennes.com;
COKUNA;1;2;1;2025-07-10;;;0;Dresden;01069;ausschreibung@cokuna.com;
OHNUNGSHELDEN;1;2;2;2022-12-03;;;0;München;80335;martin@wohnungshelden.de;
SPECTRUMK;1;2;2;2024-11-29;;;0;Berlin;10249;zentralereinkauf@kkh.de;
CLASSTIME;1;2;2;2025-11-11;;;0;Zürich;8005;support@classtime.com;
Testmandant LDI;1;2;1;2025-08-18;;;0;Kopenhagen;1717;beispiel@queue-it.de;
EUROGROUP;1;2;2;2025-07-29;;;0;Frankfurt am Main;60313;joerg.schnabel@eurogroup.de;https://www.eurogroupconsulting.de/
NETCOM;1;2;2;2022-09-30;;;0;Mainz;55120;loreen.lulay@netcom.eu;
ASDIS Solutions GmbH;1;2;2;2025-12-01;;;0;Berlin;10555;info@infraray.com;
B & W Kopiertechnik Service- und Vertriebs-GmbH;1;2;2;2023-04-11;;;0;Mainz;55129;;
BAYOOMED;2;2;1;2025-04-30;;;2;Darmstadt;64293;ausschreibungen@bayoomed.com;https://www.bayoomed.com/
PREO-AG;1;2;1;2024-05-31;;;0;Salzhausen;21376;info@preo-ag.com;
PROSIS;1;2;1;2025-12-19;;;0;Gaimersheim;85080;tender@prosis.de;
FLYINGEYE;1;2;2;2022-04-01;;;0;Darmstadt;64295;;
CIVILLENT;1;2;1;2024-11-15;;;0;Reutlingen;72770;kundenmanagement@civillent.de;
BMAnetworks GmbH;1;2;2;2025-12-19;;;0;Hamburg-Bahrenfeld;22761;info@bma-networks.com;
ADVANTIC;1;2;1;2023-12-19;;;0;Lübeck;23556;info@advantic.de;
Wey Technology GmbH;1;2;2;2024-12-17;;;0;Frankfurt am Main;60528;marco.schwarz@weytec.com;
Schuhfried GmbH;1;2;2;2023-09-07;;;0;Moedling;2340;;
KOESTER-SYSTEMTECHNIK;1;2;1;2022-12-27;;;0;Iserlohn;58642;info@koester-systemtechnik.de;
SERVIEW;1;2;2;2026-02-16;;;1;Bad Homburg;61352;;
OVHcloud;2;2;2;2026-03-10;;;0;Köln;50670;;http://www.ovhcloud.com
ISP Media e. K.;1;2;2;2022-10-24;;;0;Altenburg;04600;;
JOB4YOU;1;2;1;2025-07-08;;;0;Hameln;31785;info@job4you.de;
IDERI;1;2;2;2026-04-13;;;0;Ostfildern;73760;backoffice@ideri.com;
GSP Sprachtechnologie GmbH;1;2;1;2022-08-08;;;0;Berin;12247;;
GEOLOCK;1;2;2;2025-12-17;;;0;Magdeburg;39124;niklas.brauleke@geolock.de;
SERTRONICS;1;2;2;2022-09-30;;;0;DE;22039;;
ti&m GmbH;1;2;2;2026-02-09;;;0;Frankfurt am Main;60596;bidoffice@ti8m.ch;
GOSERVER;1;2;2;2022-09-12;;;0;München;80335;info@goserver.de;
CELSIUS37;1;2;1;2023-06-30;;;0;Mannheim;68167;anfrage@celsius37.com;http://www.celsius37.com
BBHT Beratungsgesellschaft mbH & Co. KG;1;2;2;2025-11-14;;;1;Münster;48155;;
WINDHOFF Staffing Services GmbH;1;2;2;2023-03-13;;;0;Gescher;48712;n.dresemann@windhoff-group.de;
encee GmbH;1;2;2;2022-11-16;;;0;Ursensollen;92289;;
Bloomberg Finance L.P.;1;2;2;2022-07-08;;;0;New York;;;
MCX;1;2;1;2025-02-03;;;0;Apeldoorn;7231 AP;info@mcx.nl;https://www.mcx.nl
liveonline coaching - Dr. Jürgen Theissing;1;2;2;2023-11-22;;;0;Hamburg;;;
EUROKEY;1;2;2;2023-01-31;;;0;Saarbrücken;66125;l.kuhn@eurokey.de;
KUM-KIEL;1;2;2;2025-03-11;;;0;Kiel;24148;kum@kum-kiel.de;
GOVIT;1;2;1;2025-06-13;;;0;Darmstadt;64283;info@govit.de;
MOUVER;2;2;2;2024-03-12;;;0;Hannover;30177;contact@mouver.de;
DIEPLUSBRINGER;1;2;2;2025-01-20;;;0;Dettlingen;72581;Frank.Reichert@dieplusbringer.de;
Ratiotec GmbH & Co. KG;1;2;2;2025-04-23;;;0;Essen;45136;info@ratio-tec.de;
SYSCON GmbH;1;2;2;2023-07-03;;;0;Hannover;64546;;
Frerichs Bürotechnik GmbH & Co. KG;1;2;1;2025-01-22;;;0;Bad Zwischenahn;26160;info@f-bt.de;
LINKMOBILITY;1;2;2;2025-04-28;;;0;Hamburg;20095;ingo.cada@linkmobility.com;
ORBITEAM;1;2;2;2025-03-10;;;0;Bonn;53121;info@orbiteam.de;
ICB GmbH;1;2;2;2022-05-31;;;0;München;81541;info@icb-gmbh.de;
PAYONE;1;2;2;2024-10-01;;;0;Frankfurt am Main;60528;bd-projekte@payone.com;
Urban Lighting Innovations GmbH;1;2;1;2025-12-03;;;0;Berlin;10623;ausschreibungen@uli.city;
OpenTalk GmbH;2;2;1;2025-10-22;;;0;Berlin;10119;Dummy-eMail-eVergabe@fb.hamburg.de;
ACTUM;1;2;2;2024-04-29;;;0;Hamburg;20457;info@actum.de;
MULTIKURIER;1;2;2;2026-02-16;;;0;Hamburg;20537;info@multikurier.de;
SRP GmbH;1;2;2;2025-09-08;;;0;Berlin;13189;p.desjardins@srp-gmbh.de;
FORM-SOLUTIONS;1;2;1;2024-05-28;;;0;Karlsruhe;76137;info@form-solutions.de;https://www.form-solutions.de
i:FAO Group GmbH;1;2;2;2022-07-05;;;0;Frankfurt;60487;;
Webtrekk GmbH;1;2;2;2025-10-10;;;0;Berlin;10435;;
Softwareallianz Deutschland GmbH;1;2;1;2025-07-25;;;0;Hamburg;20539;no@emailaddress.given;
AFFINIS;2;2;2;2025-01-06;;;0;Bremen;28217;tendermanagement@affinis.de;
EMPALIS;1;2;2;2023-05-02;;;0;Stuttgart;70563;andreas.gutesa@empalis.com;
LOG4IT;1;2;1;2023-11-20;;;0;Markranstädt;04420;Dummy-eMail-eVergabe@fb.hamburg.de;
HIFIBOEHM;1;2;2;2024-05-29;;;0;Plauen;08523;m.rabenstein@hifiboehm.de;
LIMEBIT;1;2;2;2025-12-20;;;0;Moabit;10559;info@limebit.de;https://www.limebit.de/
NEULAND-SOFTWARE;1;2;1;2024-05-14;;;0;Augsburg;86165;holger.kannler@neuland-software.de;
DREICAD GmbH;1;2;1;2023-10-24;;;0;Ulm;89073;;
HH-SOFTWARE;1;2;2;2024-12-23;;;0;Göttingen;37073;info@hh-software.com;
enmore consulting ag;1;2;1;2023-06-28;;;2;Griesheim;64347;;
SEEBURGER;2;2;2;2024-08-09;;;0;Bretten;75015;info@seeburger.de;
DFT-FILM;1;2;2;2025-02-13;;;0;Darmstadt;64291;norbert.hinckers@dft-film.com;
X-ROOT;1;2;2;2022-10-28;;;0;Rosenheim;83026;naujoks@x-root.de;
PENTESTFACTORY;1;2;2;2023-06-12;;;1;Geldern;47608;info@pentestfactory.de;
LAWO;1;2;2;2024-02-26;;;0;Rastatt;76437;ulrich.schnabl@lawo.com;
NEIGHBOURHOOD;1;2;1;2023-10-05;;;0;Berlin;12059;hi@neighbourhood.ie;
HR-DIAGNOSTICS;1;2;2;2024-09-16;;;0;Stuttgart;70173;mallwitz@hr-diagnostics.de;
Pirobase Imperia GmbH;1;2;1;2023-08-29;;;0;Köln;50968;;
WCC Services BV;1;2;2;2023-06-13;;;0;Utrecht;3511BK;tkamp@wcc-group.com;
ADVANCED-QUANTUM;2;2;2;2024-03-08;;;0;Allmersbach im Tal;71573;mailto@advanced-quantum.de;https://www.advanced-quantum.de
PIN-LOGISTIK;1;2;2;2025-10-27;;;0;Berlin;10559;ausschreibungen@pin-logistik.de;
LUNZER-PARTNER;1;2;2;2024-09-13;;;1;Alzenau;63755;matthias.gerbert@lunzer-partner.com;
BEEMO;1;2;1;2025-03-07;;;0;Münster;48143;info@beemo.eu;
LUMASERV;2;2;2;2026-05-29;;;0;Koblenz;56070;info@lumaserv.com;
ALTIA;1;2;1;2026-04-24;;;2;OLEIROS - A CORUNA;15172;gcosentino@kpmg.it;
VERMEG SYSTEM Ltd;1;2;2;2026-01-13;;;0;London;WC1B 4HP;;
GeT IT Consulting GmbH;1;2;1;2024-05-07;;;0;Kulmbach;95326;order@get-it.gmbh;
LIMBUS-MEDTEC;1;2;1;2024-12-18;;;0;Rostock;18055;info@limbus-medtec.com;
FASTAHEAD;1;2;2;2026-04-09;;;0;Berlin;12159;EnBW@fastahead.com;
POLYGRAN;1;2;1;2025-04-17;;;0;Ulm;89077;jonathan.rhymer@polygran.de;
KOBALTBLAU;2;2;2;2025-09-01;;;0;München;81669;info@kobaltblau.com;http://www.kobaltblau.com
EXELATECH;1;2;2;2023-03-25;;;1;Langen;63225;;
consider it GmbH;1;2;1;2023-08-22;;;0;Hamburg;22765;;
FACTORIAL;1;2;2;2025-08-26;;;0;Hamburg;22769;hello@factorial.io;
Müller Verwaltungs GmbH;1;2;2;2022-06-28;;;0;Kranzberg;85402;INFO@MUELLER-PHS.COM;
PRONUX;1;2;2;2024-07-02;;;0;München;81671;info@pronux.de;
NOISOLATION;2;2;2;2024-05-06;;;0;München;80331;contact@noisolation.com;
RDF(Revenue Development Foundation);1;2;2;2025-03-19;;;0;Oslo;0352;info@revenuedevelopment.org;
FAZIT-COMMUNICATION;1;2;2;2022-09-06;;;0;Frankfurt am Main;60327;andreas.fiebiger@fazit-communication.de;
MaxMind Inc.;1;2;1;2025-10-17;;;0;Malden;MA 02148;;
dainox GmbH;1;2;2;2026-02-12;;;0;Bad Wörishofen;86825;;
CHECKMK;2;2;1;2024-10-02;;;0;München;81667;sales@checkmk.com;https://www.checkmk.com
ATVANTAGE GmbH;2;2;2;2026-01-26;;;0;Köln;50670;joachim.muenzenmaier@timetoact.de;
HEIGIT;1;2;2;2025-12-09;;;0;Heidelberg;69118;stefan.gumbrich@heigit.org;
Computertechnik Falk Gründling;2;2;2;2024-11-08;;;0;Naundorf OT Zeicha;04769;falk@cfg-gruendling.de;
EY GmbH WPG;1;2;1;2025-02-24;;;1;Berlin;10117;pursuits.gps@de.ey.com;
Mister Systems GmbH;1;2;2;2023-01-13;;;0;Herzogenrath;52134;;
APTEAN;2;2;2;2026-03-31;;;0;Bergheim;5101;austria@aptean.com;
MB-KARTON;1;2;2;2023-11-21;;;0;Berlin;12277;a.behrend@mb-karton.de;
artegic AG;1;2;2;2022-10-14;;;0;Bonn;53177;;
BUSCHMAIS;2;2;2;2024-10-28;;;0;Dresden;01127;info@buschmais.com;
FAMEDLY;2;2;2;2025-03-14;;;1;Berlin;10405;info@famedly.com;
a/c/t Beratungs & System GmbH;1;2;2;2023-12-20;;;0;Oberhaching;82041;vergabe@actsys.de;
Deutscher Brief Express GmbH;2;2;2;2025-10-28;;;0;Potsdam;14482;;http://debex-potsdam.de
Wall Street Systems Sweden AB;2;2;2;2024-10-04;;;0;Stockholm;11446;corporatesales@iongroup.com;
NAVVIS;1;2;1;2025-11-17;;;0;München;80636;t.klaus@navvis.com;
Supercomputing Systems AG;2;2;2;2026-02-06;;;0;Zürich;8005;info@scs.ch;
Lufthansa Technik Aktiengesellschaft;1;2;2;2025-08-22;;;0;Hamburg;22335;thomas.dages@lht.dlh.de;
GLADOS;1;2;1;2024-08-08;;;0;Diekholzen;31199;mail@glados.de;
THEUM;1;2;2;2024-07-22;;;0;Ostfildern;73760;pcaspers@theum.com;
SENSIS;1;2;2;2026-01-07;;;0;Viersen;41747;info@sensis.de;https://sensis.de/
CESTRON international GmbH;1;2;2;2026-05-18;;;0;Teltow;14513;;
ISERCAT;1;2;1;2024-04-30;;;0;Tallinn;11318;contact@wisercat.eu;
TRUSTED-ADVISOR;1;2;2;2026-01-19;;;0;Bad Saarow;15526;office@trusted-advisor.com;
OTRIS;1;2;1;2025-12-01;;;0;Dortmund;44137;vertrieb@otris.de;
PBS-CONNECT;2;2;1;2025-12-23;;;0;Lehrte/Ahlten;31275;Kundenservice@pbs-connect.com;http://www.pbs-connect.com/
Exody E-Business Intelligence GmbH;1;2;2;2022-12-05;;;0;Eschborn;65769;kevin.jahn@hype.de;
CAYSOLUTIONS;1;2;2;2024-02-07;;;0;Braunschweig;38102;steven@caysolutions.de;
ADOBE;1;2;1;2024-09-02;;;0;Dublin;24;contact.de@adobe.com;
PLASTICARD;1;2;2;2024-08-08;;;0;Dresden;01159;service@plasticard.de;
InnoCube GmbH;1;2;1;2025-04-24;;;0;Gelsenkirchen;45891;info@inno-cube.de;
fgn GmbH;1;2;1;2022-12-30;;;0;Kaiserslautern;67663;ausschreibung@fg-networking.de;
DATENSCHUTZ-CERT;1;2;2;2025-06-24;;;0;Bremen;28217;smaseberg@datenschutz-cert.de;
LINKEDIN;2;2;2;2024-08-30;;;0;Dublin 2;D02 AD98;dtokarski@linkedin.com;
ILIMS;1;2;2;2022-02-22;;;0;Dresden;01159;info@ilims.de;
SAG ARIS GmbH;1;2;2;2026-01-28;;;0;Saarbrücken;66115;contractmanagementteamDACH@softwareag.com;
sMAIL | GEA Post-Service GmbH;2;2;1;2026-03-23;;;0;Reutlingen;72770;;
JO-SOFT;1;2;2;2023-10-31;;;0;Solingen;42719;info@jo-soft.de;
SHODAN;2;2;2;2024-10-31;;;0;Issaquah;WA 98027;enterprise@shodan.io;
MIECOM;1;2;1;2022-04-08;;;0;Binswangen;86637;breitband@miecom.de;
Rödl & Partner GmbH;2;2;2;2025-09-30;;;0;Köln;50678;eVergabe@roedl.com;
EVOLUTIONID;1;2;1;2024-02-19;;;0;München;80638;info@evolutionid.com;
FIBERCOM;1;2;2;2026-02-17;;;0;Mörfelden-Walldorf;64546;jens.egert@fibercom.de;http://www.fibercom.de
ITERACON;1;2;2;2024-09-07;;;0;Übach-Palenberg;52531;david.schwalen@iteracon.de;
"VMware International Unlimited Company (""Broadcom"")";1;2;1;2025-12-17;;;0;München;81677;;
IVPNETWORKS;1;2;2;2023-02-15;;;0;Hamburg;22089;kontakt@ivpnetworks.de;
ORLDLINE;1;2;2;2024-04-01;;;0;Frankfurt am Main;60528;michael.franken@worldline.com;
ARKTIS Gesellschaft für Telekommunikation und Datentechnik mbH;1;2;2;2022-05-03;;;0;Berlin;30855;;
Deutsche Telekom MMS GmbH;2;2;2;2025-08-27;;;0;Dresden;01129;ausschreibungen@t-systems-mms.com;
CPRO-IPS;1;2;2;2022-11-28;;;1;Hamburg;22083;martin.meuser@cpro-ips.com;
iKomm GmbH;1;2;2;2023-07-03;;;0;Fürth;90763;;
SITS-D;2;2;2;2025-04-30;;;1;Wiesbaden;65187;ausschreibungen@sits-d.de;http://www.sits-d.de
SECUSMART;1;2;2;2025-04-09;;;0;Düsseldorf;40239;info@secusmart.de;
F - H Fröhlich-Handelsgesellschaft mbH;1;2;2;2023-12-20;;;0;Felsberg-Gensungen;34587;t.eckhardt@f-h-froehlich.de;
Wagenknecht GmbH;1;2;2;2023-11-20;;;0;Söhrewald;34320;dennis.wagenknecht@der-hoerspezialist.de;
VOXELGRID;1;2;2;2025-05-13;;;0;München;80799;m.sumic@voxelgrid.com;
IKOM;1;2;2;2025-08-18;;;0;Saarlouis;66740;infos@wikom.de;http://www.wikom.de
VALIDATIS;1;2;1;2024-08-06;;;0;Köln;50735;info@validatis.de;
COMMUNITY4YOU;1;2;2;2024-10-01;;;0;Chemnitz;09120;info@community4you.de;https://www.community4you.de/de/index.html
KYOTUTECHNOLOGY;2;2;1;2024-07-17;;;0;Warschau;00-116;seb@kyotutechnology.com;
KARB;1;2;2;2024-10-08;;;0;Stuttgart;70599;karb@karb.de;
Kling&Schrievers Ingenieure AG;2;2;2;2025-05-13;;;0;Gütersloh;33332;n.hanswillemenke@daedalusgmbh.de;
blu Professionals GmbH;1;2;2;2024-11-11;;;0;München;80687;sz@bluprof.com;
ZELOS;2;2;2;2026-02-16;;;1;Hamburg;20149;jan.bartenschlager@zelos.consulting;
kommIT - Gesellschaft für Informationstechnik mbH;1;2;2;2024-02-20;;;0;Köln;51063;info@komm-it.de;
tacticx Consulting GmbH;1;2;2;2023-06-12;;;0;Geldern;;;
IRS Integrated Realization Services GmbH;1;2;2;2022-10-07;;;0;Nürnberg;90449;cfo@irs-nbg.de;
APSWARE;1;2;2;2026-03-12;;;0;Mönchengladbach;41179;norbert.hermanns@apsware.com;
THIELEUNDKLOSE;1;2;2;2023-06-01;;;1;Daxweiler;55442;info@thieleundklose.de;
FS.COM GmbH;1;2;2;2026-06-05;;;0;Karlsfeld;85757;DE@fs.com;https://www.fs.com/de
CBTL;2;2;2;2025-02-03;;;0;München;80807;kontakt@cbtl.de;
UNIVERSALQUANTUM;1;2;1;2022-12-12;;;0;Düsseldorf;40599;info@universalquantum.com;
kumi health GmbH;1;2;1;2025-08-07;;;0;Hamburg;22769;;
EMV-SERVICE;1;2;2;2026-01-07;;;0;Holzkirchen;83607;sales@emv-service.com;
GESBRO;1;2;2;2025-01-29;;;0;Berlin;10365;projekte@gesbro.de;
bitbone Aktiengesellschaft;1;2;2;2022-09-30;;;0;Würzburg;97070;;
